Photon Energy / eV,3s,3p,4s,3d,4p,5s,4d,5p,6s,4f,Unnamed: 11,Unnamed: 12,Unnamed: 13,Unnamed: 14,Unnamed: 15,Unnamed: 16,Unnamed: 17,Unnamed: 18
10.2,,,,,,,,,0.033,,,,,,,,,
10.21362017100584,,,,,,,,,0.033086699032926964,,,,,,,,,
10.22725852917425,,,,,,,,,0.03317362584531786,,,,,,,,,
10.24091509879075,,,,,,,,,0.03326078103560483,,,,,,,,,
10.25458990417328,,,,,,,,,0.033348165203792156,,,,,,,,,
10.26828296967226,,,,,,,,,0.03343577895146056,,,,,,,,,
10.281994319670622,,,,,,,,,0.033523622881771194,,,,,,,,,
10.29572397858386,,,,,,,,,0.03361169759946994,,,,,,,,,
10.30947197086006,,,,,,,,,0.033700003710891366,,,,,,,,,
10.323238320979964,,,,,,,,,0.03378854182396317,,,,,,,,,
10.337023053457003,,,,,,,,,0.03387731254821011,,,,,,,,,
10.350826192837335,,,,,,,,,0.033966316494758425,,,,,,,,,
10.3646477636999,,,,,,,,,0.03405555427633982,,,,,,,,,
10.378487790656457,,,,,,,,,0.03414502650729589,,,,,,,,,
10.39234629835163,,,,,,,,,0.034234733803582176,,,,,,,,,
10.406223311462949,,,,,,,,,0.034324676782772554,,,,,,,,,
10.420118854700899,,,,,,,,,0.03441485606406337,,,,,,,,,
10.434032952808957,,,,,,,,,0.034505272268277744,,,,,,,,,
10.447965630563646,,,,,,,,,0.0345959260178699,,,,,,,,,
10.461916912774575,,,,,,,,,0.034686817936929376,,,,,,,,,
10.475886824284464,,,,,,,,,0.034777948651185296,,,,,,,,,
10.489875389969226,,,,,,,,,0.03486931878801077,,,,,,,,,
10.503882634737984,,,,,,,,,0.03496092897642721,,,,,,,,,
10.51790858353312,,,,,,,,,0.03505277984710854,,,,,,,,,
10.531953261330328,,,,,,,,,0.03514487203238569,,,,,,,,,
10.546016693138645,,,,,,,,,0.03523720616625082,,,,,,,,,
10.560098904000506,,,,,,,,,0.03532978288436178,,,,,,,,,
10.574199918991788,,,,,,,,,0.03542260282404642,,,,,,,,,
10.588319763221847,,,,,,,,,0.03551566662430705,,,,,,,,,
10.602458461833573,,,,,,,,,0.03560897492582474,,,,,,,,,
10.616616040003423,,,,,,,,,0.0357025283709638,,,,,,,,,
10.630792522941482,,,,,,,,,0.03579632760377622,,,,,,,,,
10.644987935891493,,,,,,,,,0.03589037327000606,,,,,,,,,
10.659202304130899,,,,,,,,,0.03598466601709385,,,,,,,,,
10.673435652970909,,,,,,,,,0.036079206494181164,,,,,,,,,
10.687688007756526,,,,,,,,,0.03617399535211503,,,,,,,,,
10.701959393866595,,,,,,,,,0.03626903324345237,,,,,,,,,
10.716249836713851,,,,,,,,,0.03636432082246459,,,,,,,,,
10.730559361744964,,,,,,,,,0.036459858745141946,,,,,,,,,
10.74488799444058,,,,,,,,,0.03655564766919823,,,,,,,,,
10.75923576031537,,,,,,,,,0.03665168825407513,,,,,,,,,
10.77360268491808,,,,,,,,,0.03674798116094691,,,,,,,,,
10.787988793831566,,,,,,,,,0.03684452705272484,,,,,,,,,
10.802394112672848,,,,,,,,,0.036941326594061887,,,,,,,,,
10.816818667093155,,,,,,,,,0.037038380451357204,,,,,,,,,
10.831262482777957,,,,,,,,,0.03713568929276063,,,,,,,,,
10.845725585447031,,,,,,,,,0.03723325378817755,,,,,,,,,
10.860208000854502,,,,,,,,,0.03733107460927326,,,,,,,,,
10.874709754788878,,,,,,,,,0.03742915242947775,,,,,,,,,
10.889230873073103,,,,,,,,,0.03752748792399021,,,,,,,,,
10.903771381564605,,,,,,,,,0.03762608176978379,,,,,,,,,
10.91833130615534,,,,,,,,,0.037724934645610164,,,,,,,,,
10.932910672771834,,,,,,,,,0.037824047232004325,,,,,,,,,
10.947509507375239,,,,,,,,,0.037923420211289104,,,,,,,,,
10.962127835961367,,,,,,,,,0.03802305426758006,,,,,,,,,
10.976765684560746,,,,,,,,,0.03812295008679,,,,,,,,,
10.991423079238663,,,,,,,,,0.03822310835663387,,,,,,,,,
11.006100046095213,,,,,,,,,0.038323529766633356,,,,,,,,,
11.02079661126533,,,,,,,,,0.03842421500812168,,,,,,,,,
11.035512800918863,,,,,,,,,0.0385251647742484,,,,,,,,,
11.050248641260591,,,,,,,,,0.03862637975998412,,,,,,,,,
11.0650041585303,,,,,,,,,0.03872786066212534,,,,,,,,,
11.079779379002801,,,,,,,,,0.03882960817929915,,,,,,,,,
11.094574328987996,,,,,,,,,0.03893162301196818,,,,,,,,,
11.109389034830919,,,,,,,,,0.03903390586243527,,,,,,,,,
11.124223522911782,,,,,,,,,0.03913645743484846,,,,,,,,,
11.13907781964602,,,,,,,,,0.03923927843520567,,,,,,,,,
11.153951951484348,,,,,,,,,0.03934236957135973,,,,,,,,,
11.168845944912793,,,,,,,,,0.03944573155302311,,,,,,,,,
11.183759826452752,,,,,,,,,0.03954936509177292,,,,,,,,,
11.198693622661045,,,,,,,,,0.03965327090105573,,,,,,,,,
11.213647360129933,,,,,,,,,0.039757449696192465,,,,,,,,,
11.228621065487202,,,,,,,,,0.039861902194383424,,,,,,,,,
11.243614765396194,,,,,,,,,0.03996662911471319,,,,,,,,,
11.258628486555848,,,,,,,,,0.040071631178155494,,,,,,,,,
11.273662255700762,,,,,,,,,0.040176909107578256,,,,,,,,,
11.288716099601224,,,,,,,,,0.04028246362774861,,,,,,,,,
11.303790045063277,,,,,,,,,0.04038829546533772,,,,,,,,,
11.318884118928755,,,,,,,,,0.040494405348925996,,,,,,,,,
11.333998348075333,,,,,,,,,0.04060079400900792,,,,,,,,,
11.349132759416577,,,,,,,,,0.04070746217799725,,,,,,,,,
11.364287379901992,,,,,,,,,0.04081441059023187,,,,,,,,,
11.379462236517073,,,,,,,,,0.0409216399819791,,,,,,,,,
11.394657356283334,,,,,,,,,0.041029151091440376,,,,,,,,,
11.409872766258385,,,,,,,,,0.0411369446587568,,,,,,,,,
11.425108493535966,,,,,,,,,0.04124502142601388,,,,,,,,,
11.440364565245988,,,,,,,,,0.041353382137246826,,,,,,,,,
11.455641008554595,,,,,,,,,0.041462027538445564,,,,,,,,,
11.470937850664205,,,,,,,,,0.04157095837755991,,,,,,,,,
11.48625511881356,,,,,,,,,0.041680175404504805,,,,,,,,,
11.50159284027777,,,,,,,,,0.04178967937116529,,,,,,,,,
11.516951042368369,,,,,,,,,0.041899471031401896,,,,,,,,,
11.532329752433364,,,,,,,,,0.042009551141055625,,,,,,,,,
11.547728997857273,,,,,,,,,0.04211992045795336,,,,,,,,,
11.563148806061186,,,,,,,,,0.04223057974191288,,,,,,,,,
11.578589204502812,,,,,,,,,0.04234152975474834,,,,,,,,,
11.594050220676507,,,,,,,,,0.04245277126027514,,,,,,,,,
11.60953188211336,,,,,,,,,0.0425643050243156,,,,,,,,,
11.625034216381218,,,,,,,,,0.042676131814703956,,,,,,,,,
11.640557251084733,,,,,,,,,0.04278825240129179,,,,,,,,,
11.656101013865422,,,,,,,,,0.04290066755595318,,,,,,,,,
11.671665532401715,,,,,,,,,0.04301337805259022,,,,,,,,,
11.687250834408998,,,,,,,,,0.04312638466713814,,,,,,,,,
11.702856947639663,,,,,,,,,0.043239688177570755,,,,,,,,,
11.718483899883166,,,,,,,,,0.04335328936390587,,,,,,,,,
11.734131718966067,,,,,,,,,0.0434671890082105,,,,,,,,,
11.749800432752084,,,,,,,,,0.043581387894606416,,,,,,,,,
11.765490069142146,,,,,,,,,0.04369588680927544,,,,,,,,,
11.781200656074423,,,,,,,,,0.04381068654046484,,,,,,,,,
11.796932221524408,,,,,,,,,0.043925787878492835,,,,,,,,,
11.812684793504943,,,,,,,,,0.04404119161575405,,,,,,,,,
11.828458400066278,,,,,,,,,0.044156898546724846,,,,,,,,,
11.844253069296117,,,,,,,,,0.04427290946796894,,,,,,,,,
11.860068829319673,,,,,,,,,0.04438922517814273,,,,,,,,,
11.875905708299708,,,,,,,,,0.044505846478000974,,,,,,,,,
11.891763734436596,,,,,,,,,0.04462277417040212,,,,,,,,,
11.907642935968369,,,,,,,,,0.044740009060314,,,,,,,,,
11.923543341170758,,,,,,,,,0.04485755195481923,,,,,,,,,
11.939464978357256,,,,,,,,,0.04497540366312084,,,,,,,,,
11.955407875879164,,,,,,,,,0.04509356499654788,,,,,,,,,
11.971372062125644,,,,,,,,,0.04521203676856093,,,,,,,,,
11.98735756552375,,,,,,,,,0.04533081979475767,,,,,,,,,
12.003364414538513,,,,,,,,,0.04544991489287861,,,,,,,,,
12.019392637672967,,,,,,,,,0.045569322882812714,,,,,,,,,
12.035442263468205,,,,,,,,,0.04568904458660288,,,,,,,,,
12.051513320503435,,,,,,,,,0.04580908082845183,,,,,,,,,
12.067605837396025,,,,,,,,,0.04592943243472756,,,,,,,,,
12.083719842801555,,,,,,,,,0.04605010023396923,,,,,,,,,
12.09985536541387,,,,,,,,,0.046171085056892686,,,,,,,,,
12.116012433965132,,,,,,,,,0.04629238773639635,,,,,,,,,
12.132191077225865,,,,,,,,,0.04641400910756682,,,,,,,,,
12.148391324005015,,,,,,,,,0.04653595000768466,,,,,,,,,
12.164613203149997,,,,,,,,,0.046658211276230224,,,,,,,,,
12.180856743546748,,,,,,,,,0.04678079375488937,,,,,,,,,
12.197121974119762,,,,,,,,,0.046903698287559206,,,,,,,,,
12.213408923832173,,,,,,,,,0.04702692572035401,,,,,,,,,
12.229717621685785,,,,,,,,,0.04715047690161106,,,,,,,,,
12.246048096721127,,,,,,,,,0.04727435268189634,,,,,,,,,
12.262400378017508,,,,,,,,,0.04739855391401053,,,,,,,,,
12.278774494693064,,,,,,,,,0.04752308145299479,,,,,,,,,
12.295170475904815,,,,,,,,,0.04764793615613672,,,,,,,,,
12.311588350848714,,,,,,,,,0.047773118882976175,,,,,,,,,
12.328028148759701,,,,,,,,,0.04789863049531129,,,,,,,,,
12.344489898911752,,,,,,,,,0.04802447185720427,,,,,,,,,
12.360973630617933,,,,,,,,,0.04815064383498754,,,,,,,,,
12.377479373230457,,,,,,,,,0.04827714729726953,,,,,,,,,
12.394007156140717,,,,,,,,,0.04840398311494059,,,,,,,,,
12.410557008779367,,,,,,,,,0.04853115216117932,,,,,,,,,
12.427128960616358,,,,,,,,,0.04865865531145825,,,,,,,,,
12.443723041160986,,,,,,,,,0.048786493443550065,,,,,,,,,
12.460339279961959,,,,,,,,,0.04891466743753348,,,,,,,,,
12.476977706607435,,,,,,,,,0.04904317817579948,,,,,,,,,
12.493638350725087,,,,,,,,,0.049172026543057225,,,,,,,,,
12.510321241982146,,,,,,,,,0.049301213426340314,,,,,,,,,
12.527026410085458,,,,,,,,,0.049430739715012696,,,,,,,,,
12.54375388478154,,,,,,,,,0.049560606300775,,,,,,,,,
12.560503695856626,,,,,,,,,0.04969081407767046,,,,,,,,,
12.577275873136736,,,,,,,,,0.04982136394209135,,,,,,,,,
12.594070446487692,,,,,,,,,0.0499522567927847,,,,,,,,,
12.610887445815216,,,,,,,,,0.05008349353085906,,,,,,,,,
12.627726901064962,,,,,,,,,0.05021507505979025,,,,,,,,,
12.644588842222564,,,,,,,,,0.05034700228542775,,,,,,,,,
12.661473299313702,,,,,,,,,0.05047927611600103,,,,,,,,,
12.678380302404145,,,,,,,,,0.05061189746212556,,,,,,,,,
12.695309881599814,,,,,,,,,0.05074486723680934,,,,,,,,,
12.712262067046824,,,,,,,,,0.05087818635545897,,,,,,,,,
12.729236888931553,,,,,,,,,0.05101185573588612,,,,,,,,,
12.746234377480679,,,,,,,,,0.0511458762983137,,,,,,,,,
12.763254562961247,,,,,,,,,0.051280248965382365,,,,,,,,,
12.780297475680719,,,,,,,,,0.05141497466215665,,,,,,,,,
12.797363145987026,,,,,,,,,0.051550054316131654,,,,,,,,,
12.814451604268612,,,,,,,,,0.05168548885723893,,,,,,,,,
12.831562880954513,,,,,,,,,0.05182127921785347,,,,,,,,,
12.848697006514394,,,,,,,,,0.051957426332799685,,,,,,,,,
12.865854011458604,,,,,,,,,0.0520939311393581,,,,,,,,,
12.883033926338236,,,,,,,,,0.052230794577271616,,,,,,,,,
12.900236781745173,,,,,,,,,0.05236801758875208,,,,,,,,,
12.917462608312153,,,,,,,,,0.05250560111848684,,,,,,,,,
12.934711436712814,,,,,,,,,0.05264354611364504,,,,,,,,,
12.951983297661757,,,,,,,,,0.052781853523884405,,,,,,,,,
12.969278221914594,,,,,,,,,0.052920524301357505,,,,,,,,,
12.986596240268005,,,,,,,,,0.05305955940071858,,,,,,,,,
13.003937383559792,,,,,,,,,0.053198959779129855,,,,,,,,,
13.021301682668948,,,,,,,,,0.053338726396268424,,,,,,,,,
13.038689168515672,,,,,,,,,0.0534788602143324,,,,,,,,,
13.056099872061473,,,,,,,,,0.05361936219804812,,,,,,,,,
13.073533824309198,,,,,,,,,0.05376023331467632,,,,,,,,,
13.090991056303093,,,,,,,,,0.053901474534019056,,,,,,,,,
13.108471599128855,,,,,,,,,0.05404308682842623,,,,,,,,,
13.12597548391369,,,,,,,,,0.054185071172802336,,,,,,,,,
13.143502741826373,,,,,,,,,0.05432742854461326,,,,,,,,,
13.161053404077295,,,,,,,,,0.05447015992389283,,,,,,,,,
13.178627501918522,,,,,,,,,0.05461326629324975,,,,,,,,,
13.196225066643855,,,,,,,,,0.054756748637874185,,,,,,,,,
13.213846129588878,,,,,,,,,0.054900607945544744,,,,,,,,,
13.23149072213102,,,,,,,,,0.05504484520663505,,,,,,,,,
13.249158875689616,,,,,,,,,0.05518946141412085,,,,,,,,,
13.266850621725933,,,,,,,,,0.0553344575635864,,,,,,,,,
13.28456599174327,,,,,,,,,0.05547983465323189,,,,,,,,,
13.302305017286987,,,,,,,,,0.05562559368387983,,,,,,,,,
13.320067729944563,,,,,,,,,0.05577173565898227,,,,,,,,,
13.337854161345662,,,,,,,,,0.05591826158462745,,,,,,,,,
13.35566434316218,,,,,,,,,0.05606517246954697,,,,,,,,,
13.373498307108303,,,,,,,,,0.05621246932512251,,,,,,,,,
13.39135608494057,,,,,,,,,0.056360153165392925,,,,,,,,,
13.409237708457923,,,,,,,,,0.056508225007061264,,,,,,,,,
13.42714320950176,,,,,,,,,0.05665668586950157,,,,,,,,,
13.445072619956013,,,,,,,,,0.056805536774766255,,,,,,,,,
13.463025971747165,,,,,,,,,0.05695477874759256,,,,,,,,,
13.481003296844346,,,,,,,,,0.0571044128154103,,,,,,,,,
13.499004627259376,,,,,,,,,0.057254440008348395,,,,,,,,,
13.517029995046817,,,,,,,,,0.05740486135924229,,,,,,,,,
13.535079432304032,,,,,,,,,0.05755567790364083,,,,,,,,,
13.553152971171249,,,,,,,,,0.0577068906798136,,,,,,,,,
13.571250643831608,,,,,,,,,0.05785850072875786,,,,,,,,,
13.589372482511225,,,,,,,,,0.05801050909420596,,,,,,,,,
13.60751851947925,,,,,,,,,0.05816291682263225,,,,,,,,,
13.62568878704792,,,,,,,,,0.05831572496326053,,,,,,,,,
13.643883317572621,,,,,,,,,0.058468934568071125,,,,,,,,,
13.662102143451941,,,,,,,,,0.05862254669180811,,,,,,,,,
13.680345297127738,,,,,,,,,0.05877656239198682,,,,,,,,,
13.698612811085171,,,,,,,,,0.05893098272890062,,,,,,,,,
13.716904717852795,,,,,,,,,0.05908580876562884,,,,,,,,,
13.735221050002595,,,,,,,,,0.05924104156804358,,,,,,,,,
13.75356184015005,,,,,,,,,0.05939668220481738,,,,,,,,,
13.771927120954192,,,,,,,,,0.05955273174743031,,,,,,,,,
13.790316925117658,,,,,,,,,0.05970919127017761,,,,,,,,,
13.80873128538676,,,,,,,,,0.05986606185017684,,,,,,,,,
13.827170234551529,,,,,,,,,0.0600233445673755,,,,,,,,,
13.845633805445788,,,,,,,,,0.060181040504558296,,,,,,,,,
13.8641220309472,,,,,,,,,0.06033915074735477,,,,,,,,,
13.882634943977331,,,,,,,,,0.06049767638424658,,,,,,,,,
13.901172577501706,,,,,,,,,0.06065661850657511,,,,,,,,,
13.919734964529876,,,,,,,,,0.0608159782085491,,,,,,,,,
13.938322138115451,,,,,,,,,0.06097575658725175,,,,,,,,,
13.956934131356197,,,,,,,,,0.06113595474264886,,,,,,,,,
13.97557097739407,,,,,,,,,0.061296573777595925,,,,,,,,,
13.994232709415282,,,,,,,,,0.06145761479784604,,,,,,,,,
14.012919360650356,,,,,,,,,0.06161907891205725,,,,,,,,,
14.03163096437419,,,,,,,,,0.061780967231800446,,,,,,,,,
14.050367553906112,,,,,,,,,0.06194328087156676,,,,,,,,,
14.069129162609945,,,,,,,,,0.06210602094877549,,,,,,,,,
14.087915823894063,,,,,,,,,0.06226918858378153,,,,,,,,,
14.106727571211445,,,,,,,,,0.06243278489988336,,,,,,,,,
14.12556443805975,,,,,,,,,0.0625968110233305,,,,,,,,,
14.144426457981355,,,,,,,,,0.06276126808333156,,,,,,,,,
14.163313664563443,,,,,,,,,0.06292615721206177,,,,,,,,,
14.182226091438022,,,,,,,,,0.06309147954467069,,,,,,,,,
14.201163772282028,,,,,,,,,0.06325723621929051,,,,,,,,,
14.220126740817363,,,,,,,,,0.06342342837704336,,,,,,,,,
14.239115030810957,,,,,,,,,0.06359005716204948,,,,,,,,,
14.258128676074826,,,,,,,,,0.0637571237214349,,,,,,,,,
14.27716771046614,,,,,,,,,0.06392462920533953,,,,,,,,,
14.296232167887277,,,,,,,,,0.06409257476692488,,,,,,,,,
14.315322082285887,,,,,,,,,0.0642609615623822,,,,,,,,,
14.334437487654945,,,,,,,,,0.0644297907509402,,,,,,,,,
14.353578418032827,,,,,,,,,0.06459906349487332,,,,,,,,,
14.372744907503357,,,,,,,,,0.06476878095950951,,,,,,,,,
14.39193699019585,,,,,,,,,0.06493894431323816,,,,,,,,,
14.411154700285243,,,,,,,,,0.06510955472751867,,,,,,,,,
14.430398071992057,,,,,,,,,0.06528061337688779,,,,,,,,,
14.449667139582534,,,,,,,,,0.06545212143896824,,,,,,,,,
14.46896193736867,,,,,,,,,0.0656240800944766,,,,,,,,,
14.488282499708271,,,,,,,,,0.06579649052723152,,,,,,,,,
14.507628861005031,,,,,,,,,0.06596935392416176,,,,,,,,,
14.527001055708574,,,,,,,,,0.06614267147531452,,,,,,,,,
14.546399118314532,,,,,,,,,0.06631644437386344,,,,,,,,,
14.565823083364595,,,,,,,,,0.06649067381611704,,,,,,,,,
14.585272985446577,,,,,,,,,0.06666536100152669,,,,,,,,,
14.604748859194483,,,,,,,,,0.06684050713269514,,,,,,,,,
14.624250739288566,,,,,,,,,0.06701611341538465,,,,,,,,,
14.64377866045537,,,,,,,,,0.06719218105852517,,,,,,,,,
14.663332657467826,,,,,,,,,0.06736871127422295,,,,,,,,,
14.6829127651453,,,,,,,,,0.06754570527776872,,,,,,,,,
14.702519018353644,,,,,,,,,0.06772316428764602,,,,,,,,,
14.72215145200527,,,,,,,,,0.06790108952553975,,,,,,,,,
14.74181010105921,,,,,,,,,0.06807948221634433,,,,,,,,,
14.761495000521174,,,,,,,,,0.06825834358817234,,,,,,,,,
14.78120618544362,,,,,,,,,0.06843767487236296,,,,,,,,,
14.800943690925807,,,,,,,,,0.06861747730349031,,,,,,,,,
14.820707552113868,,,,,,,,,0.06879775211937215,,,,,,,,,
14.840497804200862,,,,,,,,,0.06897850056107813,,,,,,,,,
14.860314482426842,,,,,,,,,0.06915972387293866,,,,,,,,,
14.88015762207893,,,,,,,,,0.06934142330255322,,,,,,,,,
14.900027258491336,,,,,,,,,0.06952360010079899,,,,,,,,,
14.919923427045486,,,,,,,,,0.06970625552183957,,,,,,,,,
14.939846163170035,,,,,,,,,0.0698893908231336,,,,,,,,,
14.959795502340949,,,,,,,,,0.07007300726544327,,,,,,,,,
14.979771480081563,,,,,,,,,0.0702571061128432,,,,,,,,,
14.999774131962653,,,,,,,,,0.07044168863272897,,,,,,,,,
15.019803493602486,,,,,,,,,0.0706267560958259,,,,,,,,,
15.039859600666896,,,,,,,,,0.07081230977619792,,,,,,,,,
15.059942488869337,,,,,,,,,0.07099835095125609,,,,,,,,,
15.080052193970955,,,,,,,,,0.0711848809017677,,,,,,,,,
15.10018875178065,,,,,,,,,0.07137190091186475,,,,,,,,,
15.12035219815513,,,,,,,,,0.07155941226905316,,,,,,,,,
15.140542568999,,,,,,,,,0.07174741626422135,,,,,,,,,
15.16075990026478,,,,,,,,,0.0719359141916491,,,,,,,,,
15.181004227953025,,,,,,,,,0.07212490734901673,,,,,,,,,
15.201275588112347,,,,,,,,,0.0723143970374139,,,,,,,,,
15.221574016839503,,,,,,,,,0.0725043845613484,,,,,,,,,
15.241899550279445,,,,,,,,,0.07269487122875548,,,,,,,,,
15.262252224625389,,,,,,,,,0.07288585835100644,,,,,,,,,
15.282632076118885,,,,,,,,,0.07307734724291808,,,,,,,,,
15.303039141049872,,,,,,,,,0.07326933922276138,,,,,,,,,
15.32347345575675,,,,,,,,,0.07346183561227076,,,,,,,,,
15.343935056626442,,,,,,,,,0.07365483773665328,,,,,,,,,
15.364423980094456,,,,,,,,,0.07384834692459749,,,,,,,,,
15.384940262644957,,,,,,,,,0.07404236450828287,,,,,,,,,
15.405483940810834,,,,,,,,,0.07423689182338877,,,,,,,,,
15.426055051173732,,,,,,,,,0.07443193020910367,,,,,,,,,
15.446653630364171,,,,,,,,,0.07462748100813443,,,,,,,,,
15.467279715061576,,,,,,,,,0.07482354556671565,,,,,,,,,
15.48793334199435,,,,,,,,,0.07502012523461866,,,,,,,,,
15.508614547939938,,,,,,,,,0.07521722136516112,,,,,,,,,
15.5293233697249,,,,,,,,,0.07541483531521602,,,,,,,,,
15.550059844224961,,,,,,,,,0.07561296844522132,,,,,,,,,
15.570824008365097,,,,,,,,,0.0758116221191891,,,,,,,,,
15.591615899119585,,,,,,,,,0.0760107977047151,,,,,,,,,
15.612435553512073,,,,,,,,,0.07621049657298799,,,,,,,,,
15.633283008615658,,,,,,,,,0.07641072009879898,,,,,,,,,
15.654158301552908,,,,,,,,,0.07661146966055099,,,,,,,,,
15.675061469496017,,,,,,,,,0.0768127466402687,,,,,,,,,
15.69599254966676,,,,,,,,,0.07701455242360734,,,,,,,,,
15.716951579336648,,,,,,,,,0.07721688839986274,,,,,,,,,
15.737938595826948,,,,,,,,,0.07741975596198084,,,,,,,,,
15.75895363650877,,,,,,,,,0.07762315650656701,,,,,,,,,
15.779996738803117,,,,,,,,,0.07782709143389603,,,,,,,,,
15.80106794018097,,,,,,,,,0.07803156214792135,,,,,,,,,
15.822167278163336,,,,,,,,,0.07823657005628513,,,,,,,,,
15.843294790321336,,,,,,,,,0.0784421165703276,,,,,,,,,
15.864450514276248,,,,,,,,,0.07864820310509704,,,,,,,,,
15.885634487699594,,,,,,,,,0.07885483107935931,,,,,,,,,
15.906846748313203,,,,,,,,,0.07906200191560782,,,,,,,,,
15.928087333889254,,,,,,,,,0.07926971704007306,,,,,,,,,
15.949356282250383,,,,,,,,,0.07947797788273266,,,,,,,,,
15.970653631269727,,,,,,,,,0.07968678587732125,,,,,,,,,
15.991979418870994,,,,,,,,,0.07989614246134004,,,,,,,,,
16.013333683028534,,,,,,,,,0.08010604907606711,,,,,,,,,
16.0347164617674,,,,,,,,,0.08031650716656691,,,,,,,,,
16.05612779316342,,,,,,,,,0.08052751818170062,,,,,,,,,
16.07756771534327,,,,,,,,,0.08073908357413578,,,,,,,,,
16.099036266484543,,,,,,,,,0.0809512048003566,,,,,,,,,
16.12053348481579,,,,,,,,,0.08116388332067363,,,,,,,,,
16.14205940861663,,,,,,,,,0.08137712059923422,,,,,,,,,
16.163614076217783,,,,,,,,,0.08159091810403218,,,,,,,,,
16.185197526001172,,,,,,,,,0.0818052773069184,,,,,,,,,
16.20680979639994,,,,,,,,,0.08202019968361027,,,,,,,,,
16.228450925898578,,,,,,,,,0.08223568671370252,,,,,,,,,
16.25012095303295,,,,,,,,,0.08245173988067714,,,,,,,,,
16.271819916390392,,,,,,,,,0.08266836067191347,,,,,,,,,
16.29354785460975,,,,,,,,,0.08288555057869867,,,,,,,,,
16.315304806381477,,,,,,,,,0.08310331109623778,,,,,,,,,
16.337090810447684,,,,,,,,,0.08332164372366423,,,,,,,,,
16.358905905602217,,,,,,,,,0.08354054996404983,,,,,,,,,
16.38075013069072,,,,,,,,,0.08376003132441558,,,,,,,,,
16.402623524610714,,,,,,,,,0.08398008931574157,,,,,,,,,
16.424526126311658,,,,,,,,,0.08420072545297776,,,,,,,,,
16.446457974795013,,,,,,,,,0.08442194125505414,,,,,,,,,
16.468419109114343,,,,,,,,,0.08464373824489149,,,,,,,,,
16.49040956837532,,,,,,,,,0.0848661179494113,,,,,,,,,
16.51242939173587,,,,,,,,,0.08508908189954704,,,,,,,,,
16.534478618406194,,,,,,,,,0.08531263163025413,,,,,,,,,
16.55655728764885,,,,,,,,,0.08553676868052067,,,,,,,,,
16.578665438778824,,,,,,,,,0.08576149459337819,,,,,,,,,
16.600803111163607,,,,,,,,,0.08598681091591198,,,,,,,,,
16.622970344223248,,,,,,,,,0.08621271919927208,,,,,,,,,
16.645167177430434,,,,,,,,,0.08643922099868358,,,,,,,,,
16.667393650310572,,,,,,,,,0.08666631787345769,,,,,,,,,
16.689649802441835,,,,,,,,,0.08689401138700217,,,,,,,,,
16.711935673455258,,,,,,,,,0.08703102264353911,0.37317374339536724,,,,,,,,
16.734251303034764,,,,,,,,,0.0870889946197318,0.37443538864846354,,,,,,,,
16.756596730917327,,,,,,,,,0.08714700521146551,0.37570129933762875,,,,,,,,
16.778971996892913,,,,,,,,,0.08720505444446229,0.37697148988366996,,,,,,,,
16.801377140804664,,,,,,,,,0.0872631423444614,0.3782459747561511,,,,,,,,
16.823812202548915,,,,,,,,,0.08732126893721916,0.379524768473555,,,,,,,,
16.846277222075273,,,,,,,,,0.0873794342485091,0.38080788560344914,,,,,,,,
16.86877223938669,,,,,,,,,0.08743763830412189,0.382095340762652,,,,,,,,
16.891297294539534,,,,,,,,,0.08749588112986549,0.38338714861739936,,,,,,,,
16.91385242764366,,,,,,,,,0.08755416275156483,0.38468332388351123,,,,,,,,
16.93643767886249,,,,,,,,,0.08761248319506224,0.3859838813265598,,,,,,,,
16.959053088413064,,,,,,,,,0.0876708424862172,0.3872888357620373,,,,,,,,
16.98169869656613,,,,,,,,,0.08772924065090636,0.38859820205552514,,,,,,,,
17.004374543646225,,,,,,,,,0.08778767771502372,0.3899119951228634,,,,,,,,
17.02708067003169,,,,,,,,,0.08784615370448037,0.3912302299303184,,,,,,,,
17.04981711615484,,,,,,,,,0.08790466864520481,0.39255292149475896,,,,,,,,
17.07258392250193,,,,,,,,,0.08796322256314279,0.39388008488381987,,,,,,,,
17.09538112961331,,,,,,,,,0.08802181548425723,0.39521173521607955,,,,,,,,
17.11820877808344,,,,,,,,,0.08808044743452845,0.39654788766122956,,,,,,,,
17.141066908561005,,,,,,,,,0.0881391184399541,0.39788855744024804,,,,,,,,
17.163955561748956,,,,,,,,,0.08819782852654899,0.3992337598255728,,,,,,,,
17.18687477840461,,,,,,,,,0.08825657772034542,0.4005835101412757,,,,,,,,
17.20982459933969,,,,,,,,,0.08831536604739301,0.4019378237632369,,,,,,,,
17.23280506542043,,,,,,,,,0.08837419353375861,0.40329671611932016,,,,,,,,
17.255816217567617,,,,,,,,,0.08843306020552656,0.4046602026895486,,,,,,,,
17.278858096756696,,,,,,,,,0.08849196608879853,0.40602829900628107,,,,,,,,
17.301930744017827,,,,,,,,,0.08855091120969362,0.4074010206543894,,,,,,,,
17.32503420043594,,,,,,,,,0.08860989559434825,0.40877838327143406,,,,,,,,
17.348168507150838,,,,,,,,,0.08866891926891622,0.4101604025478454,,,,,,,,
17.37133370535726,,,,,,,,,0.08872798225956889,0.41154709422710034,,,,,,,,
17.394529836304955,,,,,,,,,0.08878708459249499,0.412938474105902,,,,,,,,
17.41775694129874,,,,,,,,,0.08884622629390068,0.4143345580343599,,,,,,,,
17.44101506169861,,,,,,,,,0.08890540739000953,0.41573536191617044,,,,,,,,
17.464304238919762,,,,,,,,,0.08896462790706268,0.41714090170879814,,,,,,,,
17.487624514432714,,,,,,,,,0.08902388787131871,0.4185511934236572,,,,,,,,
17.51097592976335,,,,,,,,,0.08908318730905361,0.41996625312629415,,,,,,,,
17.53435852649301,,,,,,,,,0.089142526246561,0.42138609693657064,,,,,,,,
17.557772346258552,,,,,,,,,0.08920190471015196,0.4228107410288474,,,,,,,,
17.58121743075244,,,,,,,,,0.08926132272615504,0.42424020163216813,,,,,,,,
17.604693821722808,,,,,,,,,0.08932078032091646,0.425674495030445,,,,,,,,
17.628201560973526,,,,,,,,,0.08938027752079981,0.4271136375626423,,,,,,,,
17.6517406903643,,,,,,,,,0.0894398143521864,0.4285576456229653,,,,,,,,
17.67531125181072,,,,,,,,,0.08949939084147508,0.43000653566104524,,,,,,,,
17.698913287284356,,,,,,,,,0.0895590070150822,0.43146032418212715,,,,,,,,
17.72254683881282,,,,,,,,,0.08961866289944176,0.4329190277472579,,,,,,,,
17.746211948479846,,,,,,,,,0.0896783585210054,0.4343826629734746,,,,,,,,
17.76990865842535,,,,,,,,,0.0897380939062424,0.43585124653399426,,,,,,,,
17.79363701084554,,,,,,,,,0.08979786908163953,0.4373247951584036,,,,,,,,
17.817397047992944,,,,,,,,,0.08985768407370133,0.43880332563284963,,,,,,,,
17.841188812176537,,,,,,,,,0.08991753890895002,0.4402868548002306,,,,,,,,
17.865012345761762,,,,,,,,,0.08997743361392532,0.4417753995603883,,,,,,,,
17.888867691170656,,,,,,,,,0.0900373682151848,0.4432689768703005,,,,,,,,
17.9127548908819,,,,,,,,,0.09009734273930367,0.4447676037442743,,,,,,,,
17.93667398743087,,,,,,,,,0.09015735721287477,0.44627129725413817,,,,,,,,
17.960625023409772,,,,,,,,,0.09021741166250878,0.4477800745294394,,,,,,,,
17.984608041467673,,,,,,,,,0.09027750611483397,0.4492939527576374,,,,,,,,
18.008623084310596,,,,,,,,,0.09033764059649643,0.45081294918429976,,,,,,,,
18.032670194701577,,,,,,,,,0.09039781513416004,0.45233708111329873,,,,,,,,
18.056749415460768,,,,,,,,,0.0904580297545063,0.4538663659070084,,,,,,,,
18.08086078946549,,,,,,,,,0.0905182844842346,0.4554008209865026,,,,,,,,
18.105004359650323,,,,,,,,,0.09057857935006215,0.456940463831753,,,,,,,,
18.129180169007178,,,,,,,,,0.09063891437872378,0.4584853119818288,,,,,,,,
18.15338826058537,,,,,,,,,0.09069928959697227,0.4600353830350959,,,,,,,,
18.17762867749171,,,,,,,,,0.09075970503157825,0.4615906946494184,,,,,,,,
18.201901462890532,,,,,,,,,0.09082016070933001,0.4631512645423566,,,,,,,,
18.22620666000388,,,,,,,,,0.09088065665703392,0.46471711049137554,,,,,,,,
18.25054431211143,,,,,,,,,0.09094119290151394,0.4662882503340389,,,,,,,,
18.274914462550704,,,,,,,,,0.09100176946961211,0.4678647019682191,,,,,,,,
18.29931715471708,,,,,,,,,0.09106238638818828,0.4694464833522978,,,,,,,,
18.323752432063877,,,,,,,,,0.09112304368412022,0.47103361250537146,,,,,,,,
18.348220338102447,,,,,,,,,0.09118374138430348,0.47262610750745637,,,,,,,,
18.372720916402226,,,,,,,,,0.09124447951565166,0.4742239864996947,,,,,,,,
18.39725421059085,,,,,,,,,0.09130525810509629,0.4758272676845612,,,,,,,,
18.4218202643542,,,,,,,,,0.09136607717958671,0.4774359693260703,,,,,,,,
18.446419121436488,,,,,,,,,0.09142693676609033,0.4790501097499847,,,,,,,,
18.471050825640347,,,,,,,,,0.09148783689159254,0.4806697073440235,,,,,,,,
18.495715420826905,,,,,,,,,0.09154877758309655,0.48229478055807257,,,,,,,,
18.520412950915816,,,,,,,,,0.09160975886762372,0.4839253479043919,,,,,,,,
18.54514345988546,,,,,,,,,0.09167078077221338,0.48556142795783275,,,,,,,,
18.569906991772857,,,,,,,,,0.09173184332392276,0.4872030393560411,,,,,,,,
18.594703590673884,,,,,,,,,0.09179294654982727,0.48885020079967634,,,,,,,,
18.619533300743285,,,,,,,,,0.09185409047702019,0.49050293105262155,,,,,,,,
18.64439616619476,,,,,,,,,0.09191527513261298,0.4921612489421976,,,,,,,,
18.669292231301053,,,,,,,,,0.09197650054373513,0.49382517335937787,,,,,,,,
18.694221540394025,,,,,,,,,0.09203776673753421,0.49549472325900323,,,,,,,,
18.719184137864733,,,,,,,,,0.09209907374117575,0.4971699176599982,,,,,,,,
18.74418006816351,,,,,,,,,0.09216042158184355,0.4988507756455872,,,,,,,,
18.769209375800042,,,,,,,,,0.09222181028673945,0.5005373163635125,,,,,,,,
18.794272105343456,,,,,,,,,0.09228323988308335,0.502229559026252,,,,,,,,
18.819368301422394,,,,,,,,,0.09234471039811339,0.5039275229112387,,,,,,,,
18.844498008725054,,,,,,,,,0.0924062218590857,0.5056312273610771,,,,,,,,
18.86966127199938,,,,,,,,,0.09246777429327473,0.507340691783771,,,,,,,,
18.894858136053,,,,,,,,,0.09252936772797306,0.5090559356529348,,,,,,,,
18.920088645753403,,,,,,,,,0.09259100219049132,0.5107769785080235,,,,,,,,
18.945352846027994,,,,,,,,,0.09265267770815848,0.512503839954551,,,,,,,,
18.97065078186416,,,,,,,,,0.09271439430832172,0.5142365396643145,,,,,,,,
18.99598249830936,,,,,,,,,0.09277615201834628,0.515975097375619,,,,,,,,
19.021348040471214,,,,,,,,,0.09283795086561578,0.5177195328935017,,,,,,,,
19.04674745351757,,,,,,,,,0.09289979087753204,0.5194698660899575,,,,,,,,
19.072180782676583,,,,,,,,,0.09296167208151508,0.5212261169041656,,,,,,,,
19.097648073236822,,,,,,,,,0.09302359450500329,0.5229883053427177,,,,,,,,
19.123149370547285,,,,,,,,,0.09308555817545314,0.5247564514798413,,,,,,,,
19.148684720017595,,,,,,,,,0.09314756312033969,0.5265305754576376,,,,,,,,
19.174254167117944,,,,,,,,,0.09320960936715605,0.5283106974862999,,,,,,,,
19.199857757379274,,,,,,,,,0.0932716969434137,0.530096837844352,,,,,,,,
19.225495536393325,,,,,,,,,0.09333382587664249,0.5318890168788759,,,,,,,,
19.251167549812706,,,,,,,,,0.09339599619439061,0.5336872550057437,,,,,,,,
19.27687384335099,,,,,,,,,0.0934582079242246,0.535491572709851,,,,,,,,
19.3026144627828,,,,,,,,,0.09352046109372927,0.5373019905453496,,,,,,,,
19.328389453943867,,,,,,,,,0.09358275573050794,0.5391185291358817,,,,,,,,
19.354198862731142,,,,,,,,,0.09364509186218224,0.540941209174815,,,,,,,,
19.380042735102847,,,,,,,,,0.09370746951639218,0.542770051425479,,,,,,,,
19.40592111707859,,,,,,,,,0.09376988872079622,0.5446050767214001,,,,,,,,
19.43183405473943,,,,,,,,,0.0938323495030713,0.546446305966541,,,,,,,,
19.457781594227914,,,,,,,,,0.09389485189091265,0.5482937601355345,,,,,,,,
19.483763781748284,,,,,,,,,0.0939573959120341,0.5501474602739308,,,,,,,,
19.509780663566403,,,,,,,,,0.09401998159416779,0.5520074274984268,,,,,,,,
19.53583228600995,,,,,,,,,0.09408260896506444,0.5538736829971147,,,,,,,,
19.561918695468467,,,,,,,,,0.09414527805249331,0.55574624802972,,,,,,,,
19.58803993839343,,,,,,,,,0.09420798888424196,0.5576251439278438,,,,,,,,
19.614196061298344,,,,,,,,,0.09427074148811664,0.5595103920952064,,,,,,,,
19.64038711075883,,,,,,,,,0.09433353589194202,0.561402014007891,,,,,,,,
19.666613133412696,,,,,,,,,0.09439637212356142,0.5633000312145884,,,,,,,,
19.692874175960025,,,,,,,,,0.09445925021083652,0.5652044653368418,,,,,,,,
19.719170285163266,,,,,,,,,0.09452217018164773,0.567115338069294,,,,,,,,
19.745501507847305,,,,,,,,,0.09458513206389399,0.5690326711799343,,,,,,,,
19.771867890899564,,,,,,,,,0.09464813588549273,0.5709564865103468,,,,,,,,
19.798269481270037,,,,,,,,,0.09471118167438008,0.572886805975956,,,,,,,,
19.82470632597148,,,,,,,,,0.09477426945851081,0.5748236515662842,,,,,,,,
19.85117847207935,,,,,,,,,0.09483739926585813,0.5767670453451923,,,,,,,,
19.877685966732013,,,,,,,,,0.09490057112441411,0.5787170094511381,,,,,,,,
19.904228857130764,,,,,,,,,0.09496378506218925,0.5806735660974263,,,,,,,,
19.93080719053993,,,,,,,,,0.09502704110721287,0.5826367375724607,,,,,,,,
19.957421014286947,,,,,,,,,0.09509033928753295,0.5846065462399995,,,,,,,,
19.98407037576245,,,,,,,,,0.09515367963121601,0.5865830145394093,,,,,,,,
20.010755322420355,,,,,,,,,0.09521706216634743,0.5885661649859207,,,,,,,,
20.03747590177794,,,,,,,,,0.0952804869210312,0.5905560201708852,,,,,,,,
20.06423216141594,,,,,,,,,0.09534395392339011,0.5925526027620321,,,,,,,,
20.091024148978622,,,,,,,,,0.09540746320156555,0.5945559355037272,,,,,,,,
20.117851912173883,,,,,,,,,0.09547101478371785,0.5965660412172322,,,,,,,,
20.14471549877328,,,,,,,,,0.09553460869802587,0.5985829428009612,,,,,,,,
20.17161495661224,,,,,,,,,0.09559824497268746,0.6006066632307497,,,,,,,,
20.198550333589985,,,,,,,,,0.09566192363591904,0.6026372255601057,,,,,,,,
20.225521677669747,,,,,,,,,0.09572564471595599,0.6046746529204808,,,,,,,,
20.252529036878784,,,,,,,,,0.09578940824105245,0.60671896852153,,,,,,,,
20.27957245930849,,,,,,,,,0.09585321423948141,0.6087701956513766,,,,,,,,
20.30665199311448,,,,,,,,,0.09591706273953458,0.6108283576768775,,,,,,,,
20.333767686516666,,,,,,,,,0.0959809537695226,0.6128934780438897,,,,,,,,
20.36091958779935,,,,,,,,,0.09604488735777506,0.6149655802775369,,,,,,,,
20.38810774531131,,,,,,,,,0.09610886353264017,0.6170446879824782,,,,,,,,
20.41533220746589,,,,,,,,,0.0961728823224853,0.6191308248431769,,,,,,,,
20.44259302274105,,,,,,,,,0.09623694375569648,0.621224014624167,,,,,,,,
20.46989023967954,,,,,,,,,0.09630104786067882,0.6233242811703325,,,,,,,,
20.497223906888873,,,,,,,,,0.09636519466585632,0.6254316484071676,,,,,,,,
20.524594073041502,,,,,,,,,0.09642938419967177,0.6275461403410586,,,,,,,,
20.552000786874864,,,,,,,,,0.0964936164905871,0.6296677810595528,,,,,,,,
20.57944409719147,,,,,,,,,0.09655789156708314,0.631796594731634,,,,,,,,
20.606924052859007,,,,,,,,,0.09662220945765956,0.6339326056079978,,,,,,,,
20.63444070281041,,,,,,,,,0.0966865701908352,0.6360758380213277,,,,,,,,
20.66199409604395,,,,,,,,,0.09675097379514778,0.6382263163865726,,,,,,,,
20.68958428162334,,,,,,,,,0.09681542029915415,0.6403840652012245,,,,,,,,
20.717211308677793,,,,,,,,,0.09687990973142997,0.642549109045598,,,,,,,,
20.744875226402137,,,,,,,,,0.09694444212057013,0.64472147258311,,,,,,,,
20.772576084056894,,,,,,,,,0.09700901749518855,0.6469011805605616,,,,,,,,
20.800313930968322,,,,,,,,,0.09707363588391804,0.649088257808416,,,,,,,,
20.82808881652862,,,,,,,,,0.09713829731541072,0.65128272924109,,,,,,,,
20.855900790195868,,,,,,,,,0.09720300181833758,0.653484619857227,,,,,,,,
20.88374990149423,,,,,,,,,0.09726774942138884,0.6556939547399899,,,,,,,,
20.91163620001399,,,,,,,,,0.09733254015327386,0.6579107590573439,,,,,,,,
20.939559735411645,,,,,,,,,0.09739737404272095,0.6601350580623427,,,,,,,,
20.96752055741001,,,,,,,,,0.09746225111847771,0.6623668770934173,,,,,,,,
20.995518715798283,,,,,,,,,0.09752717140931091,0.6646062415746641,,,,,,,,
21.023554260432153,,,,,,,,,0.09759213494400631,0.6668531770161343,,,,,,,,
21.05162724123388,,,,,,,,,0.097657141751369,0.6691077090141253,,,,,,,,
21.079737708192393,,,,,,,,,0.0977221918602232,0.6713698632514714,,,,,,,,
21.107885711363355,,,,,,,,,0.0977872852994124,0.673639665497837,,,,,,,,
21.136071300869297,,,,,,,,,0.0978524220977992,0.6759171416100107,,,,,,,,
21.164294526899624,,,,,,,,,0.09791760228426534,0.6782023175321956,,,,,,,,
21.192555439710844,,,,,,,,,0.09798282588771214,0.6804952192963144,,,,,,,,
21.220854089626492,,,,,,,,,0.0979415164393239,0.6828254066630289,,,,,,,,
21.249190527037342,,,,,,,,,0.097862197118446,0.6851741596677309,,,,,,,,
21.277564802401454,,,,,,,,,0.09778294203544079,0.6875309918104135,,,,,,,,
21.305976966244252,,,,,,,,,0.09770375113828426,0.6898959308813427,,,,,,,,
21.334427069158636,,,,,,,,,0.09762462437499472,0.692269004766376,,,,,,,,
21.362915161805063,,,,,,,,,0.09754556169363239,0.6946502414472916,,,,,,,,
21.391441294911633,,,,,,,,,0.09746656304229961,0.6970396690021182,,,,,,,,
21.42000551927419,,,,,,,,,0.09738762836914072,0.6994373156054661,,,,,,,,
21.448607885756402,,,,,,,,,0.09730875762234219,0.7018432095288593,,,,,,,,
21.477248445289852,,,,,,,,,0.0972299507501323,0.7042573791410689,,,,,,,,
21.505927248874155,,,,,,,,,0.09715120770078124,0.706679852908449,,,,,,,,
21.534644347576968,,,,,,,,,0.0970725284226013,0.7091106593952667,,,,,,,,
21.563399792534227,,,,,,,,,0.09699391286394644,0.7115498272640502,,,,,,,,
21.59219363495007,,,,,,,,,0.09691536097321243,0.7139973852759132,,,,,,,,
21.621025926097055,,,,,,,,,0.09683687269883703,0.7164533622909041,,,,,,,,
21.649896717316185,,,,,,,,,0.09675844798929957,0.7189177872683421,,,,,,,,
21.678806060017028,,,,,,,,,0.09668008679312118,0.7213906892671594,,,,,,,,
21.7077540056778,,,,,,,,,0.09660178905886459,0.7238720974462438,,,,,,,,
21.73674060584545,,,,,,,,,0.0965235547351344,0.7263620410647827,,,,,,,,
21.765765912135763,,,,,,,,,0.09644538377057663,0.7288605494826078,,,,,,,,
21.794829976233444,,,,,,,,,0.09636727611387896,0.7313676521605416,,,,,,,,
21.82393284989222,,,,,,,,,0.09628923171377059,0.7338833786607443,,,,,,,,
21.853074584934916,,,,,,,,,0.09621125051902235,0.7364077586470633,,,,,,,,
21.882255233253574,,,,,,,,,0.09613333247844641,0.7389408218853831,,,,,,,,
21.911474846809476,,,,,,,,,0.09605547754089662,0.7414825982439714,,,,,,,,
21.94073347763338,,,,,,,,,0.09597768565526789,0.744033117693843,,,,,,,,
21.970031177825433,,,,,,,,,0.09589995677049688,0.7465924103090981,,,,,,,,
21.999367999555393,,,,,,,,,0.09582229083556137,0.7491605062672888,,,,,,,,
22.028743995062683,,,,,,,,,0.09574468779948064,0.7517374358497695,,,,,,,,
22.058159216656467,,,,,,,,,0.09566714761131512,0.7543232294420552,,,,,,,,
22.087613716715772,,,,,,,,,0.09558967022016653,0.7569179175341796,,,,,,,,
22.117107547689557,,,,,,,,,0.09551225557517776,0.7595215307210547,,,,,,,,
22.14664076209682,,,,,,,,,0.09543490362553306,0.7621340997028315,,,,,,,,
22.17621341252669,,,,,,,,,0.09535761432045765,0.7647556552852621,,,,,,,,
22.205825551638522,,,,,,,,,0.09528038760921792,0.7673862283800639,,,,,,,,
22.23547723216196,,,,,,,,,0.09520322344112145,0.7700258500052788,,,,,,,,
22.26516850689712,,,,,,,,,0.09512612176551674,0.7726745512856507,,,,,,,,
22.294899428714547,,,,,,,,,0.09504908253179332,0.7753323634529776,,,,,,,,
22.324670050555437,,,,,,,,,0.09497210568938186,0.7779993178464916,,,,,,,,
22.354480425431664,,,,,,,,,0.0948951911877538,0.7806754459132228,,,,,,,,
22.384330606425888,,,,,,,,,0.09481833897642158,0.7833607792083717,,,,,,,,
22.41422064669165,,,,,,,,,0.0947415490049385,0.7860553493956807,,,,,,,,
22.44415059945347,,,,,,,,,0.0946648212228988,0.7887591882478081,,,,,,,,
22.474120518006938,,,,,,,,,0.09458815557993748,0.7914723276467023,,,,,,,,
22.504130455718812,,,,,,,,,0.09451155202573028,0.7941947995839775,,,,,,,,
22.534180466027106,,,,,,,,,0.09443501050999371,0.7969266361612919,,,,,,,,
22.564270602441198,,,,,,,,,0.09435853098248516,0.799667869590725,,,,,,,,
22.594400918541925,,,,,,,,,0.09428211339300246,0.8024185321951592,,,,,,,,
22.624571467981625,,,,,,,,,0.0942057576913844,0.8051786564086557,,,,,,,,
22.654782304484357,,,,,,,,,0.09412946382751,0.8079482747768484,,,,,,,,
22.685033481845842,,,,,,,,,0.09405323175129923,0.8107274199573123,,,,,,,,
22.71532505393368,,,,,,,,,0.0939770614127124,0.8135161247199616,,,,,,,,
22.745657074687383,,,,,,,,,0.09390095276175053,0.8163144219474291,,,,,,,,
22.776029598118505,,,,,,,,,0.09382490574845495,0.8191223446354565,,,,,,,,
22.806442678310706,,,,,,,,,0.09374892032290753,0.8219399258932824,,,,,,,,
22.83689636941987,,,,,,,,,0.09367299643523053,0.8247671989440333,,,,,,,,
22.867390725674195,,,,,,,,,0.0935971340355867,0.8276041971251151,,,,,,,,
22.8979258013743,,,,,,,,,0.09352133307417908,0.8304509538886063,,,,,,,,
22.928501650893292,,,,,,,,,0.09344559350125102,0.8333075028016524,,,,,,,,
22.959118328676904,,,,,,,,,0.09336991526708616,0.8361738775468617,,,,,,,,
22.98977588924357,,,,,,,,,0.09329429832200851,0.8390501119227034,,,,,,,,
23.020474387184485,,,,,,,,,0.09321874261638222,0.841936239843901,,,,,,,,
23.05121387716381,,,,,,,,,0.09314324810061157,0.844832295341844,,,,,,,,
23.08199441391863,,,,,,,,,0.09306781472514122,0.847738312564974,,,,,,,,
23.11281605225916,,,,,,,,,0.09299244244045578,0.8506543257791991,,,,,,,,
23.143678847068795,,,,,,,,,0.09291713119707995,0.8535803693682927,,,,,,,,
23.17458285330422,,,,,,,,,0.09284188094557866,0.8565164778343004,,,,,,,,
23.205528125995492,,,,,,,,,0.09276669163655675,0.8594626857979459,,,,,,,,
23.23651472024617,,,,,,,,,0.09269156322065908,0.8624190279990401,,,,,,,,
23.26754269123337,,,,,,,,,0.09261649564857044,0.8653855392968902,,,,,,,,
23.298612094207908,,,,,,,,,0.09254148887101572,0.868362254670711,,,,,,,,
23.32972298449436,,,,,,,,,0.09246654283875955,0.8713492092200372,,,,,,,,
23.360875417491194,,,,,,,,,0.0923916575026065,0.8743464381651375,,,,,,,,
23.392069448670846,,,,,,,,,0.09231683281340092,0.8773539768474308,,,,,,,,
23.42330513357979,,,,,,,,,0.09224206872202712,0.8803718607298971,,,,,,,,
23.45458252783876,,,,,,,,,0.09216736517940897,0.8834001253975088,,,,,,,,
23.485901687142654,,,,,,,,,0.09209272213651035,0.8864388065576337,,,,,,,,
23.517262667260812,,,,,,,,,0.09201813954433463,0.8894879400404688,,,,,,,,
23.548665524037023,,,,,,,,,0.09194361735392494,0.8925475617994572,,,,,,,,
23.580110313389643,,,,,,,,,0.091869155516364,0.8956177079117129,,,,,,,,
23.611597091311694,,,,,,,,,0.09179475398277431,0.8986984145784467,,,,,,,,
23.643125913870975,,,,,,,,,0.09172041270431781,0.9017897181253923,,,,,,,,
23.674696837210142,,,,,,,,,0.09164613163219601,0.9048916550032357,,,,,,,,
23.70630991754683,,,,,,,,,0.09157191071764992,0.9080042617880437,,,,,,,,
23.737965211173748,,,,,,,,,0.09149774991196011,0.9111275751816975,,,,,,,,
23.76966277445872,,,,,,,,,0.09142364916644669,0.9142616320123188,,,,,,,,
23.801402663844936,,,,,,,,,0.09134960843246888,0.9174064692347177,,,,,,,,
23.833184935850845,,,,,,,,,0.09127562766142562,0.9205621239308099,,,,,,,,
23.865009647070476,,,,,,,,,0.091201706804755,0.9237286333100739,,,,,,,,
23.89687685417333,,,,,,,,,0.09112784581393463,0.9269060347099709,,,,,,,,
23.928786613904638,,,,,,,,,0.09105404464048122,0.9300943655963989,,,,,,,,
23.960738983085385,,,,,,,,,0.09098030323595085,0.9332936635641282,,,,,,,,
23.992734018612435,,,,,,,,,0.09090662155193882,0.936503966337246,,,,,,,,
24.024771777458625,,,,,,,,,0.09083299954007956,0.9397253117696012,,,,,,,,
24.056852316672867,,,,,,,,,0.09075943715204683,0.9429577378452504,,,,,,,,
24.08897569338025,,,,,,,,,0.09068593433955341,0.9462012826789067,,,,,,,,
24.121141964782147,,,,,,,,,0.09061249105435118,0.9494559845163878,,,,,,,,
24.15335118815632,,,,,,,,,0.09053910724823108,0.9527218817350696,,,,,,,,
24.185603420856975,,,,,,,,,0.09046578287302325,0.9559990128443314,,,,,,,,
24.217898720314977,,,,,,,,,0.0903925178805966,0.9592874164860243,,,,,,,,
24.2502371440378,,,,,,,,,0.09031931222285926,0.9625871314349093,,,,,,,,
24.282618749609757,,,,,,,,,0.09024616585175814,0.9658981965991277,,,,,,,,
24.315043594692042,,,,,,,,,0.09017307871927907,0.9692206510206546,,,,,,,,
24.34751173702284,,,,,,,,,0.09010005077744693,0.9725545338757596,,,,,,,,
24.380023234417443,,,,,,,,,0.09002708197832526,0.9758998844754695,,,,,,,,
24.412578144768336,,,,,,,,,0.08995417227401652,0.979256742266031,,,,,,,,
24.445176526045312,,,,,,,,,0.08988132161666189,0.9826251468293766,,,,,,,,
24.477818436295575,,,,,,,,,0.08980852995844145,0.9860051378835909,,,,,,,,
24.510503933643836,,,,,,,,,0.08973579725157388,0.989396755283379,,,,,,,,
24.543233076292417,,,,,,,,,0.08966312344831658,0.9928000390205366,,,,,,,,
24.57600592252138,,,,,,,,,0.08959050850096559,0.9962150292244225,,,,,,,,
24.60882253068855,,,,,,,,,0.08951795236185572,0.9996417661624257,,,,,,,,
24.641682959229772,,,,,,,,,0.08944545498336019,1.0030802902404543,,,,,,,,
24.67458726665883,,,,,,,,,0.08937301631789098,1.006530642003394,,,,,,,,
24.70753551156769,,,,,,,,,0.08930063631789846,1.0099928621355994,,,,,,,,
24.740527752626555,,,,,,,,,0.08922831493587156,1.013466991461369,,,,,,,,
24.773564048583957,,,,,,,,,0.08915605212433768,1.0169530709454264,,,,,,,,
24.806644458266884,,,,,,,,,0.08908384783586275,1.0204511416934043,,,,,,,,
24.83976904058087,,,,,,,,,0.08901170202305098,1.0239612449523283,,,,,,,,
24.872937854510113,,,,,,,,,0.08893961463854505,1.027483422111104,,,,,,,,
24.906150959117568,,,,,,,,,0.08886758563502592,1.0310177147010047,,,,,,,,
24.939408413545063,,,,,,,,,0.08879561496521302,1.0345641643961607,,,,,,,,
24.97271027701339,,,,,,,,,0.0887237025818639,1.038122813014052,,,,,,,,
25.006056608822444,,,,,,,,,0.08865184843777445,1.0416937025160018,,,,,,,,
25.03944746835124,,,,,,,,,0.08858005248577888,1.0452768750076635,,,,,,,,
25.072882915058184,,,,,,,,,0.08850831467874933,1.0488723727395344,,,,,,,,
25.10636300848098,,,,,,,,,0.08843663496959636,1.0524802381074332,,,,,,,,
25.13988780823688,,,,,,,,,0.08836501331126864,1.0561005136530153,,,,,,,,
25.173457374022743,,,,,,,,,0.08829344965675284,1.0597332420642678,,,,,,,,
25.207071765615137,,,,,,,,,0.08822194395907375,1.0633784661760142,,,,,,,,
25.240731042870447,,,,,,,,,0.08815049617129417,1.067036228970419,,,,,,,,
25.274435265724986,,,,,,,,,0.08807910624651503,1.070706573577495,,,,,,,,
25.308184494195103,,,,,,,,,0.08800777413787512,1.074389543275612,,,,,,,,
25.341978788377286,,,,,,,,,0.08793649979855124,1.0780851814920065,,,,,,,,
25.375818208448273,,,,,,,,,0.08786528318175801,1.0817935318032945,,,,,,,,
25.409702814665152,,,,,,,,,0.08779412424074816,1.0855146379359841,,,,,,,,
25.44363266736549,,,,,,,,,0.08772302292881201,1.0892485437669948,,,,,,,,
25.47760782696737,,,,,,,,,0.087651979199278,1.0929952933241645,,,,,,,,
25.511628353969638,,,,,,,,,0.08758099300551202,1.0967549307867879,,,,,,,,
25.54569430895184,,,,,,,,,0.08751006430091805,1.1005275004861144,,,,,,,,
25.579805752574472,,,,,,,,,0.08743919303893759,1.1043130469058884,,,,,,,,
25.613962745579006,,,,,,,,,0.08736837917305,1.108111614682866,,,,,,,,
25.648165348788023,,,,,,,,,0.08729762265677221,1.111923248607343,,,,,,,,
25.682413623105333,,,,,,,,,0.08722692344365883,1.1157479936236827,,,,,,,,
25.71670762951606,,,,,,,,,0.08715628148730203,1.1195858948308461,,,,,,,,
25.75104742908676,,,,,,,,,0.08708569674133172,1.1234369974829237,,,,,,,,
25.78543308296555,,,,,,,,,0.08701516915941522,1.127301346989669,,,,,,,,
25.819864652382194,,,,,,,,,0.08694469869525734,1.1311789889170356,,,,,,,,
25.85434219864817,,,,,,,,,0.08687428530260057,1.1350699689877066,,,,,,,,
25.888865783156916,,,,,,,,,0.08680392893522468,1.1389743330816506,,,,,,,,
25.92343546738376,,,,,,,,,0.08673362954694691,1.1428921272366421,,,,,,,,
25.958051312886177,,,,,,,,,0.08666338709162204,1.1468233976488196,,,,,,,,
25.992713381303812,,,,,,,,,0.08659320152314204,1.1507681906732237,,,,,,,,
26.02742173435863,,,,,,,,,0.0865230727954363,1.1547265528243453,,,,,,,,
26.062176433855008,,,,,,,,,0.0864530008624715,1.1586985307766742,,,,,,,,
26.09697754167986,,,,,,,,,0.08638298567825167,1.1626841713652478,,,,,,,,
26.131825119802723,,,,,,,,,0.086313027196818,1.166683521586206,,,,,,,,
26.166719230275902,,,,,,,,,0.08624312537224896,1.170696628597343,,,,,,,,
26.201659935234545,,,,,,,,,0.08617328015866012,1.174723539718665,,,,,,,,
26.236647296896773,,,,,,,,,0.08610349151020437,1.178764302432947,,,,,,,,
26.271681377563812,,,,,,,,,0.08603375938107155,1.182818964386295,,,,,,,,
26.30676223962001,,,,,,,,,0.08596408372548883,1.1868875733886997,,,,,,,,
26.34188994553312,,,,,,,,,0.08589446449772012,1.190970177414617,,,,,,,,
26.377064557854215,,,,,,,,,0.0858249016520667,1.1950668246035134,,,,,,,,
26.412286139217944,,,,,,,,,0.08575539514286662,1.1991775632604487,,,,,,,,
26.447554752342583,,,,,,,,,0.0856859449244951,1.203302441856639,,,,,,,,
26.482870460030153,,,,,,,,,0.08561655095136417,1.2074415090300297,,,,,,,,
26.518233325166538,,,,,,,,,0.08554721317792283,1.2115948135858687,,,,,,,,
26.553643410721588,,,,,,,,,0.08547793155865692,1.2157624044972823,,,,,,,,
26.58910077974925,,,,,,,,,0.08540870604808928,1.2199443309058526,,,,,,,,
26.624605495387648,,,,,,,,,0.08533953660077943,1.224140642122196,,,,,,,,
26.660157620859238,,,,,,,,,0.08527042317132379,1.2283513876265462,,,,,,,,
26.695757219470877,,,,,,,,,0.08520136571435541,1.2325766170693362,,,,,,,,
26.731404354613986,,,,,,,,,0.0851323641845443,1.2368163802717866,,,,,,,,
26.76709908976457,,,,,,,,,0.08506341853659702,1.2410707272264843,,,,,,,,
26.80284148848349,,,,,,,,,0.0849945753869399,1.2452244512114978,,,,,,,,
26.83863161441639,,,,,,,,,0.08492632816238127,1.2480529655570112,,,,,,,,
26.874469531293947,,,,,,,,,0.08485813573759828,1.2508879048433412,,,,,,,,
26.910355302931933,,,,,,,,,0.08478999806858883,1.253729283664674,,,,,,,,
26.946288993231327,,,,,,,,,0.08472191511138635,1.2565771166483466,,,,,,,,
26.982270666178444,,,,,,,,,0.0846538868220594,1.259431418454921,,,,,,,,
27.01830038584503,,,,,,,,,0.0845859131567119,1.2622922037782607,,,,,,,,
27.0543782163884,,,,,,,,,0.08451799407148297,1.265159487345607,,,,,,,,
27.090504222051525,,,,,,,,,0.08445012952254695,1.2680332839176527,,,,,,,,
27.126678467163167,,,,,,,,,0.08438231946611344,1.2709136082886203,,,,,,,,
27.16290101613799,,,,,,,,,0.08431456385842714,1.2738004752863368,,,,,,,,
27.19917193347668,,,,,,,,,0.08424686265576785,1.276693899772312,,,,,,,,
27.235491283766,,,,,,,,,0.08417921581445059,1.2795938966418086,,,,,,,,
27.271859131679047,,,,,,,,,0.08411162329082537,1.2825004808239313,,,,,,,,
27.30827554197519,,,,,,,,,0.08404408504127722,1.285413667281689,,,,,,,,
27.344740579500314,,,,,,,,,0.08397660102222632,1.2883334710120828,,,,,,,,
27.381254309186897,,,,,,,,,0.08390917119012771,1.2912599070461785,,,,,,,,
27.4178167960541,,,,,,,,,0.08384179550147146,1.294192990449185,,,,,,,,
27.45442810520793,,,,,,,,,0.08377447391278252,1.297132736320531,,,,,,,,
27.49108830184131,,,,,,,,,0.08370720638062089,1.300079159793944,,,,,,,,
27.52779745123422,,,,,,,,,0.08363999286158127,1.3030322760375275,,,,,,,,
27.564555618753822,,,,,,,,,0.08357283331229336,1.3059921002538388,,,,,,,,
27.601362869854547,,,,,,,,,0.08350572768942152,1.3089586476799684,,,,,,,,
27.638219270078242,,,,,,,,,0.08343867594966511,1.3119319335876167,,,,,,,,
27.67512488505427,,,,,,,,,0.08337167804975809,1.3149119732831756,,,,,,,,
27.71207978049959,,,,,,,,,0.08330473394646934,1.3178987821078005,,,,,,,,
27.749084022219005,,,,,,,,,0.08323784359660216,1.3208923754375017,,,,,,,,
27.786137676105085,,,,,,,,,0.08317100695699485,1.3238927686832085,,,,,,,,
27.823240808138454,,,,,,,,,0.0831042239845202,1.3268999772908603,,,,,,,,
27.860393484387817,,,,,,,,,0.08303749463608562,1.3299140167414805,,,,,,,,
27.897595771010106,,,,,,,,,0.08297081886863322,1.3329349025512576,,,,,,,,
27.934847734250592,,,,,,,,,0.08290419663913962,1.335962650271625,,,,,,,,
27.972149440443,,,,,,,,,0.08283762790461598,1.3389972754893413,,,,,,,,
28.009500956009642,,,,,,,,,0.08277111262210793,1.3420387938265694,,,,,,,,
28.04690234746151,,,,,,,,,0.08270465074869576,1.3450872209409588,,,,,,,,
28.08435368139844,,,,,,,,,0.08263824224149402,1.3481425725257257,,,,,,,,
28.121855024509124,,,,,,,,,0.08257188705765192,1.3512048643097285,,,,,,,,
28.15940644357142,,,,,,,,,0.08250558515435279,1.3542741120575625,,,,,,,,
28.19700800545224,,,,,,,,,0.0824393364888146,1.3573503315696234,,,,,,,,
28.234659777107858,,,,,,,,,0.0823731410182895,1.3604335386822017,,,,,,,,
28.27236182558393,,,,,,,,,0.08230699870006412,1.3635237492675594,,,,,,,,
28.310114218015634,,,,,,,,,0.08224090949145926,1.3666209792340116,,,,,,,,
28.347917021627815,,,,,,,,,0.08217487334983002,1.3697252445260093,,,,,,,,
28.38577030373506,,,,,,,,,0.08210889023256576,1.372836561124221,,,,,,,,
28.423674131741862,,,,,,,,,0.08204296009709001,1.3759549450456152,,,,,,,,
28.461628573142704,,,,,,,,,0.08197708290086062,1.3790804123435427,,,,,,,,
28.499633695522203,,,,,,,,,0.08191125860136944,1.3822129791078195,,,,,,,,
28.537689566555223,,,,,,,,,0.08184548715614252,1.3853526614648093,,,,,,,,
28.575796254007006,,,,,,,,,0.08177976852273999,1.3884994755775077,,,,,,,,
28.61395382573323,,,,,,,,,0.08171410265875614,1.3916534376456202,,,,,,,,
28.65216234968027,,,,,,,,,0.08164848952181919,1.3948145639056573,,,,,,,,
28.690421893885148,,,,,,,,,0.0815829290695915,1.3979828706310025,,,,,,,,
28.728732526475774,,,,,,,,,0.08151742125976935,1.4011583741320095,,,,,,,,
28.76709431567103,,,,,,,,,0.081451966050083,1.4043410907560787,,,,,,,,
28.80550732978089,,,,,,,,,0.0813865633982966,1.407531036887744,,,,,,,,
28.843971637206536,,,,,,,,,0.08132121326220836,1.4107282289487566,,,,,,,,
28.882487306440492,,,,,,,,,0.08125591559965026,1.4139326833981691,,,,,,,,
28.921054406066737,,,,,,,,,0.08119067036848816,1.4171444167324212,,,,,,,,
28.959673004760838,,,,,,,,,0.08112547752662175,1.4203634454854237,,,,,,,,
28.99834317129006,,,,,,,,,0.08106033703198451,1.4235897862286442,,,,,,,,
29.037064974513488,,,,,,,,,0.08099524884254378,1.4268234555711923,,,,,,,,
29.075838483382185,,,,,,,,,0.08093021291630052,1.430064470159906,,,,,,,,
29.114663766939213,,,,,,,,,0.08086522921128961,1.4333128466794314,,,,,,,,
29.15354089431994,,,,,,,,,0.08080029768557934,1.4365686018523227,,,,,,,,
29.192469934751937,,,,,,,,,0.08073541829727195,1.4398317524391104,,,,,,,,
29.231450957555285,,,,,,,,,0.08067059100450312,1.443102315238401,,,,,,,,
29.27048403214261,,,,,,,,,0.0806058157654423,1.446380307086958,,,,,,,,
29.309569228019225,,,,,,,,,0.08054109253829245,1.4496657448597892,,,,,,,,
29.348706614783257,,,,,,,,,0.08047642128129007,1.452958645470234,,,,,,,,
29.387896262125764,,,,,,,,,0.08041180195270517,1.4562590258700499,,,,,,,,
29.427138239830864,,,,,,,,,0.08034723451084143,1.4595669030495004,,,,,,,,
29.46643261777586,,,,,,,,,0.08028271891403585,1.4628822940374426,,,,,,,,
29.50577946593137,,,,,,,,,0.08021825512065893,1.4662052159014138,,,,,,,,
29.545178854361424,,,,,,,,,0.0801538430891146,1.4695356857477202,,,,,,,,
29.584630853223647,,,,,,,,,0.08008948277784016,1.4728737207215263,,,,,,,,
29.624135532769277,,,,,,,,,0.08002517414530638,1.4762193380069366,,,,,,,,
29.663692963343454,,,,,,,,,0.07996091715001724,1.4795725548270977,,,,,,,,
29.70330321538517,,,,,,,,,0.07989671175051019,1.4829333884442697,,,,,,,,
29.742966359427506,,,,,,,,,0.07983255790535586,1.4863018561599286,,,,,,,,
29.782682466097736,,,,,,,,,0.07976845557315816,1.4896779753148497,,,,,,,,
29.82245160611743,,,,,,,,,0.07970440471255423,1.4930617632891974,,,,,,,,
29.862273850302596,,,,,,,,,0.07964040528221453,1.496453237502615,,,,,,,,
29.902149269563804,,,,,,,,,0.07957645724084259,1.499852415414314,,,,,,,,
29.942077934906315,,,,,,,,,0.07951256054717512,1.503259314523165,,,,,,,,
29.9820599174302,,,,,,,,,0.07944871515998196,1.5066739523677868,,,,,,,,
30.02209528833048,,,,,,,,,0.07938492103806614,1.510096346526638,,,,,,,,
30.0621841188972,,,,,,,,,0.07932117814026368,1.5135265146181016,,,,,,,,
30.102326480515686,,,,,,,,,0.07925748642544364,1.5169644743005897,,,,,,,,
30.142522444666493,,,,,,,,,0.0791938458525082,1.520410243272616,,,,,,,,
30.18277208292568,,,,,,,,,0.07913025638039246,1.5238638392729018,,,,,,,,
30.223075466964872,,,,,,,,,0.07906671796806447,1.5273252800804595,,,,,,,,
30.26343266855139,,,,,,,,,0.07900323057452537,1.5307945835146872,,,,,,,,
30.303843759548386,,,,,,,,,0.07893979415880907,1.5342717674354598,,,,,,,,
30.344308811914985,,,,,,,,,0.07887640867998244,1.5377568497432195,,,,,,,,
30.384827897706383,,,,,,,,,0.0788130740971452,1.5412498483790704,,,,,,,,
30.425401089074008,,,,,,,,,0.07874979036942988,1.5447507813248689,,,,,,,,
30.466028458265622,,,,,,,,,0.07868655745600193,1.5482596666033173,,,,,,,,
30.50671007762546,,,,,,,,,0.07862337531605952,1.5517765222780564,,,,,,,,
30.547446019594382,,,,,,,,,0.0785602439088335,1.5553013664537594,,,,,,,,
30.588236356709906,,,,,,,,,0.07849716319358764,1.5588342172762186,,,,,,,,
30.629081161606535,,,,,,,,,0.07843413312961828,1.5623750929324545,,,,,,,,
30.669980507015634,,,,,,,,,0.07837115367625444,1.5659240116507886,,,,,,,,
30.710934465765764,,,,,,,,,0.07830822479285791,1.5694809917009545,,,,,,,,
30.75194311078271,,,,,,,,,0.07824534643882303,1.5730460513941826,,,,,,,,
30.793006515089644,,,,,,,,,0.07818251857357672,1.5766192090832984,,,,,,,,
30.834124751807238,,,,,,,,,0.0781197411565785,1.580200483162815,,,,,,,,
30.875297894153807,,,,,,,,,0.07805701414732052,1.5837898920690279,,,,,,,,
30.916526015445438,,,,,,,,,0.07799433750532737,1.5873874542801116,,,,,,,,
30.95780918909611,,,,,,,,,0.07793171119015614,1.5909931883162132,,,,,,,,
30.99914748861784,,,,,,,,,0.07786913516139644,1.5946071127395474,,,,,,,,
31.0405409876208,,,,,,,,,0.07780660937867025,1.5982292461544936,,,,,,,,
31.08198975981348,,,,,,,,,0.07774413380163206,1.6018596072076918,,,,,,,,
31.123493879002723,,,,,,,,,0.07768170838996882,1.6054982145881325,,,,,,,,
31.165053419094036,,,,,,,,,0.0776193331033996,1.6091450870272674,,,,,,,,
31.206668454091506,,,,,,,,,0.07755700790167605,1.6128002432990869,,,,,,,,
31.2483390580981,,,,,,,,,0.07749473274458203,1.616463702220232,,,,,,,,
31.29006530531572,,,,,,,,,0.0774325075919337,1.6201354826500838,,,,,,,,
31.33184727004536,,,,,,,,,0.07737033240357954,1.6238156034908624,,,,,,,,
31.37368502668721,,,,,,,,,0.07730820713940023,1.6275040836877246,,,,,,,,
31.41557864974082,,,,,,,,,0.07724613175930865,1.6312009422288603,,,,,,,,
31.45752821380522,,,,,,,,,0.07718410622324984,1.6349061981455908,,,,,,,,
31.499533793579047,,,,,,,,,0.07712213049120113,1.6386198705124673,,,,,,,,
31.54159546386069,,,,,,,,,0.07706020452317187,1.6423419784473687,,,,,,,,
31.583713299548418,,,,,,,,,0.07699832827920355,1.6460725411115995,,,,,,,,
31.62588737564052,,,,,,,,,0.07693650171936972,1.6498115777099907,,,,,,,,
31.66811776723537,,,,,,,,,0.07687472480377606,1.6535591074909908,,,,,,,,
31.71040454953174,,,,,,,,,0.07681299749256022,1.6573151497467815,,,,,,,,
31.7527477978287,,,,,,,,,0.07675131974589192,1.661079723813356,,,,,,,,
31.79514758752593,,,,,,,,,0.07668969152397279,1.6648528490706345,,,,,,,,
31.83760399412377,,,,,,,,,0.07662811278703646,1.6686345449425581,,,,,,,,
31.880117093223397,,,,,,,,,0.07656658349534846,1.6724248308971883,,,,,,,,
31.922686960526917,,,,,,,,,0.07650510360920623,1.676223726446808,,,,,,,,
31.96531367183753,,,,,,,,,0.07644367308893917,1.6800312511480229,,,,,,,,
32.00799730305966,,,,,,,,,0.07638229189490842,1.6838474246018602,,,,,,,,
32.050737930199084,,,,,,,,,0.076320959987507,1.6876722664538717,,,,,,,,
32.093535629363075,,,,,,,,,0.07625967732715971,1.6915057963942335,,,,,,,,
32.13639047676052,,,,,,,,,0.07619844387432322,1.695348034157847,,,,,,,,
32.1793025487021,,,,,,,,,0.07613725958948578,1.6991989995244436,,,,,,,,
32.22227192160031,,,,,,,,,0.0760761244331676,1.7030587123186782,,,,,,,,
32.26529867196982,,,,,,,,,0.07601503836592027,1.7069271924102472,,,,,,,,
32.308382876427345,,,,,,,,,0.0759540013483274,1.7108044597139702,,,,,,,,
32.35152461169196,,,,,,,,,0.075893013341004,1.71469053418991,,,,,,,,
32.39472395458518,,,,,,,,,0.07583207430459686,1.7185854358434658,,,,,,,,
32.43798098203111,,,,,,,,,0.07577118419978428,1.7224891847254797,,,,,,,,
32.481295771056544,,,,,,,,,0.07571034298727615,1.7264018009323387,,,,,,,,
32.52466839879116,,,,,,,,,0.07564955062781392,1.7303233046060789,,,,,,,,
32.5680989424676,,,,,,,,,0.07558880708217051,1.7342537159344884,,,,,,,,
32.61158747942167,,,,,,,,,0.07552811231115047,1.7381930551512117,,,,,,,,
32.655134087092435,,,,,,,,,0.07546746627558969,1.7421413425358556,,,,,,,,
32.698738843022305,,,,,,,,,0.07540686893635562,1.7460985984140855,,,,,,,,
32.742401824857346,,,,,,,,,0.07534632025434697,1.7500648431577472,,,,,,,,
32.786123110347184,,,,,,,,,0.07528582019049401,1.7540400971849488,,,,,,,,
32.829902777345374,,,,,,,,,0.07522536870575829,1.7580243809601892,,,,,,,,
32.87374090380935,,,,,,,,,0.07516496576113275,1.7620177149944432,,,,,,,,
32.91763756780068,,,,,,,,,0.07510461131764166,1.7660201198452805,,,,,,,,
32.96159284748516,,,,,,,,,0.07504430533634052,1.7700316161169665,,,,,,,,
33.005606821132965,,,,,,,,,0.07498404777831612,1.774052224460569,,,,,,,,
33.04967956711878,,,,,,,,,0.07492383860468659,1.778081965574064,,,,,,,,
33.093811163921956,,,,,,,,,0.07486367777660115,1.7821208602024432,,,,,,,,
33.138001690126636,,,,,,,,,0.07480356525524026,1.7861689291378218,,,,,,,,
33.18225122442185,,,,,,,,,0.07474350100181566,1.7902261932195374,,,,,,,,
33.226559845601805,,,,,,,,,0.07468348497757002,1.794292673334275,,,,,,,,
33.270927632565794,,,,,,,,,0.07462351714377732,1.7983683904161518,,,,,,,,
33.3153546643186,,,,,,,,,0.07456359746174251,1.802453365446848,,,,,,,,
33.35984101997037,,,,,,,,,0.0745037258928018,1.8065476194556918,,,,,,,,
33.40438677873701,,,,,,,,,0.07444390239832212,1.8106511735197914,,,,,,,,
33.448992019940114,,,,,,,,,0.07438412693970174,1.8147640487641206,,,,,,,,
33.49365682300723,,,,,,,,,0.07432439947836973,1.8188862663616443,,,,,,,,
33.53838126747196,,,,,,,,,0.07426471997578626,1.8230178475334204,,,,,,,,
33.58316543297412,,,,,,,,,0.07420508839344238,1.8271588135487105,,,,,,,,
33.62800939925985,,,,,,,,,0.07414550469286002,1.831309185725088,,,,,,,,
33.67291324618181,,,,,,,,,0.07408596883559204,1.8354689854285504,,,,,,,,
33.717877053699254,,,,,,,,,0.07402648078322227,1.8396382340736281,,,,,,,,
33.76290090187818,,,,,,,,,0.07396704049736523,1.8438169531234887,,,,,,,,
33.807984870891616,,,,,,,,,0.07390764793966632,1.8480051640900648,,,,,,,,
33.85312904101948,,,,,,,,,0.07384830307180185,1.8522028885341388,,,,,,,,
33.898333492649044,,,,,,,,,0.07378900585547865,1.8564101480654824,,,,,,,,
33.9435983062748,,,,,,,,,0.07372975625243458,1.8606269643429405,,,,,,,,
33.98892356249884,,,,,,,,,0.073670554224438,1.8648533590745684,,,,,,,,
34.03430934203077,,,,,,,,,0.07361139973328812,1.8690893540177205,,,,,,,,
34.07975572568803,,,,,,,,,0.07355229274081476,1.8733349709791778,,,,,,,,
34.12526279439598,,,,,,,,,0.07349323320887839,1.877590231815255,,,,,,,,
34.17083062918803,,,,,,,,,0.07343422109937006,1.881855158431913,,,,,,,,
34.21645931120579,,,,,,,,,0.07337525637421154,1.8861297727848705,,,,,,,,
34.262148921699215,,,,,,,,,0.07331633899535506,1.8904140968797205,,,,,,,,
34.30789954202679,,,,,,,,,0.07325746892478344,1.8947081527720413,,,,,,,,
34.353711253655554,,,,,,,,,0.07319864612451006,1.8990119625675046,,,,,,,,
34.39958413816146,,,,,,,,,0.07313987055657876,1.903325548422006,,,,,,,,
34.44551827722924,,,,,,,,,0.07308114218306389,1.9076489325417554,,,,,,,,
34.49151375265285,,,,,,,,,0.07302246096607015,1.9119821371834165,,,,,,,,
34.53757064633532,,,,,,,,,0.0729638268677329,1.9163251846541953,,,,,,,,
34.583689040289194,,,,,,,,,0.07290523985021757,1.9206780973119826,,,,,,,,
34.629869016636405,,,,,,,,,0.07284669987572026,1.9250408975654423,,,,,,,,
34.676110657608604,,,,,,,,,0.07278820690646735,1.929413607874147,,,,,,,,
34.72241404554723,,,,,,,,,0.07272976090471547,1.9337962507486834,,,,,,,,
34.7687792629037,,,,,,,,,0.07267136183275162,1.9381888487507708,,,,,,,,
34.81520639223949,,,,,,,,,0.07261300965289307,1.9425914244933782,,,,,,,,
34.86169551622634,,,,,,,,,0.07255470432748728,1.9470040006408387,,,,,,,,
34.908246717646406,,,,,,,,,0.07249644581891213,1.9514265999089693,,,,,,,,
34.95486007939231,,,,,,,,,0.0724382340895755,1.955859245065179,,,,,,,,
35.00153568446748,,,,,,,,,0.07238006910191555,1.9603019589286044,,,,,,,,
35.048273615986034,,,,,,,,,0.07232195081840065,1.9647547643702021,,,,,,,,
35.09507395717323,,,,,,,,,0.07226387920152921,1.9692176843128932,,,,,,,,
35.14193679136531,,,,,,,,,0.07220585421382977,1.973690741731657,,,,,,,,
35.1888622020099,,,,,,,,,0.07214787581786104,1.9781739596536654,,,,,,,,
35.23585027266601,,,,,,,,,0.0720899439762117,1.9826673611583958,,,,,,,,
35.282901087004234,,,,,,,,,0.0720320586515005,1.9871709693777504,,,,,,,,
35.330014728806894,,,,,,,,,0.0719742198063762,1.9916848074961746,,,,,,,,
35.37719128196819,,,,,,,,,0.0719164274035176,1.9962088987507776,,,,,,,,
35.42443083049435,,,,,,,,,0.07185868140563338,2.0007432664314524,,,,,,,,
35.471733458503735,,,,,,,,,0.0718009817754623,2.0052879338809895,,,,,,,,
35.51909925022712,,,,,,,,,0.07174332847577283,2.0098429244952123,,,,,,,,
35.56652829000764,,,,,,,,,0.07168572146936357,2.0144082617230747,,,,,,,,
35.614020662301186,,,,,,,,,0.07162816071906276,2.0189839690668094,,,,,,,,
35.66157645167627,,,,,,,,,0.07157064618772878,2.0235700700820187,,,,,,,,
35.70919574281449,,,,,,,,,0.07151317783824947,2.028166588377826,,,,,,,,
35.756878620510385,,,,,,,,,0.07145575563354277,2.0327735476169706,,,,,,,,
35.804625169671795,,,,,,,,,0.07139837953655626,2.037390971515947,,,,,,,,
35.85243547531992,,,,,,,,,0.07134104951026725,2.042018883845122,,,,,,,,
35.9003096225895,,,,,,,,,0.07128376551768291,2.046657308428855,,,,,,,,
35.94824769672894,,,,,,,,,0.07122652752183997,2.0513062691456225,,,,,,,,
35.99624978310048,,,,,,,,,0.07116933548580492,2.0559657899281407,,,,,,,,
36.04431596718038,,,,,,,,,0.07111218937267384,2.06063589476349,,,,,,,,
36.092446334558936,,,,,,,,,0.07105508914557254,2.0653166076932314,,,,,,,,
36.1406409709409,,,,,,,,,0.07099803476765634,2.0700079528135475,,,,,,,,
36.18889996214528,,,,,,,,,0.07094102620211029,2.074709954275341,,,,,,,,
36.23722339410585,,,,,,,,,0.07088406341214873,2.0794226362843875,,,,,,,,
36.28561135287098,,,,,,,,,0.07082714636101585,2.084146023101431,,,,,,,,
36.334063924604095,,,,,,,,,0.07077027501198511,2.088880139042339,,,,,,,,
36.382581195583526,,,,,,,,,0.07071344932835966,2.093625008478199,,,,,,,,
36.43116325220291,,,,,,,,,0.07065666927347196,2.0983806558354643,,,,,,,,
36.47981018097121,,,,,,,,,0.07059993481068397,2.1031471055960704,,,,,,,,
36.52852206851291,,,,,,,,,0.07054324590338708,2.107924382297564,,,,,,,,
36.577299001568186,,,,,,,,,0.07048660251500202,2.1127125105332287,,,,,,,,
36.62614106699299,,,,,,,,,0.07043000460897902,2.1175115149522106,,,,,,,,
36.67504835175933,,,,,,,,,0.07037345214879748,2.1223214202596488,,,,,,,,
36.724020942955235,,,,,,,,,0.07031694509796634,2.1271422512167923,,,,,,,,
36.773058927785165,,,,,,,,,0.07026048342002356,2.131974032641147,,,,,,,,
36.822162393569876,,,,,,,,,0.07020406707853666,2.1368167894065784,,,,,,,,
36.87133142774688,,,,,,,,,0.07014769603710222,2.1416705464434656,,,,,,,,
36.92056611787028,,,,,,,,,0.07009137025934621,2.1465353287388043,,,,,,,,
36.96986655161126,,,,,,,,,0.07003508970892358,2.1514111613363602,,,,,,,,
37.01923281675793,,,,,,,,,0.06997885434951873,2.1562980693367746,,,,,,,,
37.0686650012157,,,,,,,,,0.06992266414484499,2.1611960778977113,,,,,,,,
37.11816319300734,,,,,,,,,0.06986651905864501,2.166105212233977,,,,,,,,
37.167727480273165,,,,,,,,,0.06981041905469045,2.1710254976176557,,,,,,,,
37.21735795127118,,,,,,,,,0.06975436409678204,2.1759569593782335,,,,,,,,
37.267054694377244,,,,,,,,,0.06969835414874966,2.1808996229027353,,,,,,,,
37.316817798085246,,,,,,,,,0.06964238917445213,2.185853513635852,,,,,,,,
37.36664735100716,,,,,,,,,0.06958646913777744,2.1908186570800656,,,,,,,,
37.416543441873415,,,,,,,,,0.0695305940026424,2.195795078795799,,,,,,,,
37.466506159532784,,,,,,,,,0.069474763732993,2.200782804401521,,,,,,,,
37.51653559295282,,,,,,,,,0.06941897829280391,2.2057818595739076,,,,,,,,
37.566631831219745,,,,,,,,,0.06936323764607898,2.210792270047945,,,,,,,,
37.61679496353883,,,,,,,,,0.06930754175685079,2.2158140616170847,,,,,,,,
37.66702507923442,,,,,,,,,0.06925189058918094,2.220847260133365,,,,,,,,
37.71732226775015,,,,,,,,,0.06919628410715979,2.2258918915075476,,,,,,,,
37.76768661864908,,,,,,,,,0.06914072227490657,2.23094798170925,,,,,,,,
37.81811822161388,,,,,,,,,0.06908520505656926,2.236015556767079,,,,,,,,
37.86861716644696,,,,,,,,,0.06902973241632475,2.2410946427687657,,,,,,,,
37.91918354307066,,,,,,,,,0.0689743043183786,2.246185265861299,,,,,,,,
37.96981744152739,,,,,,,,,0.06891892072696511,2.251287452251062,,,,,,,,
38.02051895197973,,,,,,,,,0.06886358160634741,2.2564012282039583,,,,,,,,
38.0712881647108,,,,,,,,,0.06880828692081711,2.261526620045567,,,,,,,,
38.122125170124114,,,,,,,,,0.06875303663469473,2.26666365416125,,,,,,,,
38.17303005874405,,,,,,,,,0.06869783071232925,2.27181235699632,,,,,,,,
38.22400292121573,,,,,,,,,0.06864266911809844,2.2769727550561445,,,,,,,,
38.2750438483054,,,,,,,,,0.06858755181640855,2.2821448749063076,,,,,,,,
38.32615293090049,,,,,,,,,0.06853247877169445,2.2873287431727323,,,,,,,,
38.37733026000979,,,,,,,,,0.06847744994841955,2.292524386541825,,,,,,,,
38.42857592676361,,,,,,,,,0.06842246531107586,2.2977318317606077,,,,,,,,
38.47989002241394,,,,,,,,,0.06836752482418383,2.3029511056368586,,,,,,,,
38.53127263833466,,,,,,,,,0.0683126284522924,2.308182235039252,,,,,,,,
38.58272386602158,,,,,,,,,0.06825777615997905,2.3134252468974856,,,,,,,,
38.63424379709281,,,,,,,,,0.06820296791184963,2.3186801682024427,,,,,,,,
38.68583252328864,,,,,,,,,0.06814820367253843,2.3239470260062984,,,,,,,,
38.73749013647204,,,,,,,,,0.06809348340670811,2.3292258474226935,,,,,,,,
38.78921672862847,,,,,,,,,0.06803880707904982,2.334516659626841,,,,,,,,
38.84101239186638,,,,,,,,,0.06798417465428284,2.339819489855698,,,,,,,,
38.892877218417084,,,,,,,,,0.067929586097155,2.345134365408077,,,,,,,,
38.944811300635116,,,,,,,,,0.0678750413724424,2.350461313644806,,,,,,,,
38.99681473099834,,,,,,,,,0.06782054044494928,2.3558003619888614,,,,,,,,
39.04888760210807,,,,,,,,,0.0677660832795083,2.361151537925511,,,,,,,,
39.10103000668929,,,,,,,,,0.06771166984098025,2.3665148690024544,,,,,,,,
39.15324203759082,,,,,,,,,0.06765730009425415,2.371890382829967,,,,,,,,
39.20552378778545,,,,,,,,,0.06760297400424733,2.3772781070810405,,,,,,,,
39.25787535037005,,,,,,,,,0.06754869153590515,2.3826780694915186,,,,,,,,
39.31029681856595,,,,,,,,,0.06749445265420115,2.388090297860262,,,,,,,,
39.36278828571879,,,,,,,,,0.06744025732413705,2.3935148200492566,,,,,,,,
39.415349845299026,,,,,,,,,0.06738610551074263,2.398951663983797,,,,,,,,
39.46798159090175,,,,,,,,,0.06733199717907574,2.40440085765259,,,,,,,,
39.5206836162472,,,,,,,,,0.06727793229422228,2.4098624291079376,,,,,,,,
39.57345601518063,,,,,,,,,0.06722391082129628,2.4153364064658454,,,,,,,,
39.626298881672675,,,,,,,,,0.06716993272543964,2.420822817906194,,,,,,,,
39.67921230981943,,,,,,,,,0.06711599797182233,2.4263216916728725,,,,,,,,
39.732196393842635,,,,,,,,,0.0670621065256423,2.4318330560739243,,,,,,,,
39.78525122808987,,,,,,,,,0.06700825835212543,2.437356939481696,,,,,,,,
39.83837690703466,,,,,,,,,0.06695445341652548,2.4428933703329796,,,,,,,,
39.89157352527673,,,,,,,,,0.0669006916841241,2.448442377129165,,,,,,,,
39.94484117754203,,,,,,,,,0.06684697312023097,2.454003988436373,,,,,,,,
39.99817995868315,,,,,,,,,0.06679329769018345,2.459578232885627,,,,,,,,
40.05158996367918,,,,,,,,,0.0667396653593468,2.46516513917297,,,,,,,,
40.105071287636164,,,,,,,,,0.06668607609311406,2.4707647360596425,,,,,,,,
40.15862402578703,,,,,,,,,0.06663252985690615,2.4763770523722,,,,,,,,
40.212248273491994,,,,,,,,,0.06657902661617165,2.482002117002695,,,,,,,,
40.26594412623849,,,,,,,,,0.06652556633638691,2.487639958908791,,,,,,,,
40.31971167964152,,,,,,,,,0.06647214898305608,2.49329060711394,,,,,,,,
40.37355102944376,,,,,,,,,0.0664187745217109,2.4989540907075156,,,,,,,,
40.42746227151572,,,,,,,,,0.06636544291791083,2.504630438844968,,,,,,,,
40.48144550185594,,,,,,,,,0.06631215413724295,2.5103196807479757,,,,,,,,
40.53550081659112,,,,,,,,,0.06625890814532208,2.5160218457045915,,,,,,,,
40.58962831197637,,,,,,,,,0.06620570490779051,2.5217369630694004,,,,,,,,
40.64382808439523,,,,,,,,,0.0661525443903183,2.527465062263654,,,,,,,,
40.6981002303601,,,,,,,,,0.06609942655860282,2.533206172775453,,,,,,,,
40.75244484651206,,,,,,,,,0.0660463513783692,2.538960324159859,,,,,,,,
40.806862029621456,,,,,,0.1907096237383182,,2.5698279359776066,0.06598754475501316,2.544129885672465,,,,,,,,
40.86135187658764,,,,,,0.19078600351799374,,2.5605467480047266,0.06588879800225327,2.545160739264132,,,,,,,,
40.9159144844395,,,,,,0.19086241388800151,,2.551299079960936,0.06579019901860976,2.5461920105463958,,,,,,,,
40.97054995033542,,,,,,0.19093885486059298,,2.542084810785694,0.0656917475829542,2.547223699688498,,,,,,,,
41.02525837156354,,,,,,0.19101532644802455,,2.53290381985568,0.06559344347448913,2.548255806859752,,,,,,,,
41.08003984554192,,,,,,0.19109182866255767,,2.523755986983218,0.06549528647274748,2.5492883322295388,,,,,,,,
41.13489446981868,,,,,,0.19116836151645847,,2.5146411924147,0.06539727635759206,2.550321275967307,,,,,,,,
41.18982234207224,,,,,,0.1912449250219982,,2.5055593168290184,0.06529941290921508,2.551354638242576,,,,,,,,
41.24482356011136,,,,,,0.19132151919145285,,2.4965102413360176,0.06520169590813783,2.552388419224931,,,,,,,,
41.29989822187554,,,,,,0.19139814403710348,,2.487493847474903,0.06510412513520981,2.553422619084029,,,,,,,,
41.3550464254349,,,,,,0.19147479957123592,,2.478510017212739,0.06500670037160873,2.5544572379895927,,,,,,,,
41.41026826899069,,,,,,0.19155148580614112,,2.4695586329428516,0.06490942139883946,2.5554922761114174,,,,,,,,
41.465563850875114,,,,,,0.19162820275411466,,2.460639577483341,0.06481228799873413,2.556527733619362,,,,,,,,
41.520933269551854,,,,,,0.1917049504274574,,2.451752734075495,0.06471529995345106,2.5575636106833604,,,,,,,,
41.57637662361591,,,,,,0.19178172883847486,,2.442897986382311,0.06461845704547484,2.5585999074734094,,,,,,,,
41.631894011794024,,,,,,0.19185853799947752,,2.434075218486934,0.0645217590576154,2.559636624159579,,,,,,,,
41.68748553294478,,,,,,0.19193537792278095,,2.4252843148911594,0.06442520577300767,2.560673760912006,,,,,,,,
41.74315128605871,,,,,,0.19201224862070546,,2.4165251605139146,0.06432879697511117,2.5617113179008966,,,,,,,,
41.798891370258595,,,,,,0.1920891501055764,,2.407797640689755,0.06423253244770942,2.562749295296526,,,,,,,,
41.854705884799515,,,,,,0.19216608238972407,,2.399101641167359,0.06413641197490953,2.5637876932692385,,,,,,,,
41.910594929069156,,,,,,0.19224304548548365,,2.3904370481080353,0.06404043534114162,2.5648265119894478,,,,,,,,
41.9665586025878,,,,,,0.19232003940519518,,2.381803748084242,0.06394460233115856,2.565865751627635,,,,,,,,
42.022597005008784,,,,,,0.19239706416120395,,2.3732016280780712,0.06384891273003505,2.566905412354353,,,,,,,,
42.07871023611835,,,,,,0.19247411976585982,,2.364630575479816,0.06375336632316772,2.5679454943402207,,,,,,,,
42.134898395836125,,,,,,0.1925512062315179,,2.3560904780864433,0.06365796289627403,2.568985997755929,,,,,,,,
42.19116158421502,,,,,,0.192628323570538,,2.3475812241001814,0.06356270223539247,2.5700269227722354,,,,,,,,
42.24749990144171,,,,,,0.19270547179528505,,2.3391027021269974,0.06346758412688132,2.571068269559969,,,,,,,,
42.3039134478365,,,,,,0.19278265091812885,,2.3306548011751955,0.06337260835741888,2.5721100382900266,,,,,,,,
42.36040232385373,,,,,,0.19285986095144425,,2.322237410653921,0.06327777471400249,2.5731522291333744,,,,,,,,
42.41696663008187,,,,,,0.19293710190761088,,2.313850420371735,0.06318308298394831,2.5741948422610483,,,,,,,,
42.473606467243705,,,,,,0.19301437379901348,,2.305493720535164,0.06308853295489075,2.575237877844153,,,,,,,,
42.53032193619651,,,,,,0.19309167663804175,,2.2971672017472664,0.06299412441478201,2.5762813360538632,,,,,,,,
42.587113137932235,,,,,,0.19316901043709025,,2.2888707550061964,0.06289985715189161,2.5773252170614223,,,,,,,,
42.64398017357772,,,,,,0.1932463752085586,,2.280604271703777,0.0628057309548059,2.578369521038144,,,,,,,,
42.70092314439473,,,,,,0.19332377096485134,,2.2723676436240936,0.0627117456124277,2.5794142481554094,,,,,,,,
42.757942151780426,,,,,,0.193401197718378,,2.26416076294204,0.0626179009139755,2.5804593985846718,,,,,,,,
42.815037297267175,,,,,,0.19347865548155296,,2.2559835222219595,0.06252419664898352,2.5815049724974517,,,,,,,,
42.872208682523095,,,,,,0.19355614426679585,,2.2478358144161814,0.062430632607300626,2.5825509700653404,,,,,,,,
42.9294564093519,,,,,,0.1936336640865309,,2.2397175328636756,0.06233720857909041,2.5835973914599983,,,,,,,,
42.9867805796934,,,,,,0.19371121495318772,,2.2316285712886024,0.06224392435483026,2.5846442368531553,,,,,,,,
43.044181295623396,,,,,,0.19378879687920061,,2.223568823798971,0.0621507797253113,2.5856915064166115,,,,,,,,
43.10165865935406,,,,,,0.1938664098770089,,2.2155381848852165,0.06205777448163759,2.5867392003222345,,,,,,,,
43.15921277323403,,,,,,0.193944053959057,,2.207536549418836,0.06196490841522584,2.587787318741965,,,,,,,,
43.216843739748626,,,,,,0.19402172913779417,,2.1995638126510078,0.06187218131780488,2.58883586184781,,,,,,,,
43.27455166152,,,,,,0.19409943542567476,,2.191619870211222,0.06177959298141523,2.5898848298118486,,,,,,,,
43.33233664130735,,,,,,0.19417717283515815,,2.1837046181059123,0.061687143198408574,2.5909342228062284,,,,,,,,
43.3901987820071,,,,,,0.19425494137870858,,2.1758179527170927,0.061594831761447304,2.5919840410031676,,,,,,,,
43.44813818665299,,,,,,0.19433274106879525,,2.167959770801016,0.06150265846350427,2.5930342845749514,,,,,,,,
43.5061549584165,,,,,,0.19441057191789254,,2.160129969486789,0.06141062309786184,2.59408495369394,,,,,,,,
43.564249200606696,,,,,,0.1944884339384797,,2.152328446275071,0.06131872545811199,2.5951360485325585,,,,,,,,
43.62242101667076,,,,,,0.19456632714304106,,2.1445550990366824,0.061226965338155324,2.596187569263305,,,,,,,,
43.68067051019388,,,,,,0.19464425154406584,,2.1368098260113166,0.061135342532201084,2.5972395160587456,,,,,,,,
43.738997784899624,,,,,,0.1947222071540483,,2.129092525806171,0.06104385683476634,2.598291889091517,,,,,,,,
43.79740294465005,,,,,,0.19480019398548773,,2.1214030973946363,0.060952508040675694,2.5993446885343268,,,,,,,,
43.85588609344592,,,,,,0.1948782120508885,,2.113741440114971,0.060861295945060775,2.60039791455995,,,,,,,,
43.91444733542683,,,,,,0.1949562613627598,,2.1061074536689826,0.06077022034335979,2.601451567341235,,,,,,,,
43.97308677487148,,,,,,0.19503434193361602,,2.0985010381207174,0.060679281031317055,2.602505647051098,,,,,,,,
44.031804516197795,,,,,,0.19511245377597639,,2.0909220938951485,0.06058847780498253,2.6035601538625253,,,,,,,,
44.09060066396312,,,,,,0.19519059690236526,,2.0833705217768745,0.06049781046071143,2.604615087948574,,,,,,,,
44.149475322864454,,,,,,0.1952687713253121,,2.075846222908818,0.06040727879516364,2.6056704494823717,,,,,,,,
44.208428597738504,,,,,,0.1953469770573511,,2.0683490987909443,0.06031688260530345,2.6067262386371146,,,,,,,,
44.26746059356212,,,,,,0.1954252141110218,,2.060879051278942,0.06022662168839878,2.607782455586071,,,,,,,,
44.32657141545215,,,,,,0.19550348249886845,,2.0534359825829793,0.06013649584202117,2.6088391005025775,,,,,,,,
44.385761168666,,,,,,0.19558178223344064,,2.0460197952663814,0.06004650486404484,2.6098961735600428,,,,,,,,
44.44502995860145,,,,,,0.1956601133272927,,2.0386303922443934,0.0599566485526467,2.610953674931944,,,,,,,,
44.504377890797116,,,,,,0.19573847579298423,,2.0312676767828814,0.059866926706305536,2.61201160479183,,,,,,,,
44.56380507093253,,,,,,0.19581686964307962,,2.0239315524970793,0.059777339123801745,2.6130699633133188,,,,,,,,
44.62331160482831,,,,,,0.1958952948901485,,2.0166219233503235,0.05968788560421684,2.6141287506701008,,,,,,,,
44.68289759844642,,,,,,0.1959737515467655,,2.0093386936527966,0.05959856594693296,2.6151879670359337,,,,,,,,
44.74256315789027,,,,,,0.1960522396255101,,2.002081768060275,0.05950937995163256,2.6162476125846483,,,,,,,,
44.802308389405,,,,,,0.1961307591389671,,1.9948510515728757,0.05942032741829771,2.617307687490145,,,,,,,,
44.86213339937753,,,,,,0.1962093100997261,,1.9876464495338309,0.05933140814720998,2.6183681919263933,,,,,,,,
44.92203829433699,,,,,,0.1962878925203819,,1.9804678676282135,0.05924262193894959,2.6194291260674354,,,,,,,,
44.98202318095459,,,,,,0.1963665064135342,,1.973315211881747,0.059153968594395395,2.620490490087382,,,,,,,,
45.04208816604415,,,,,,0.19644515179178795,,1.9661883886595304,0.05906544791472402,2.6215522841604173,,,,,,,,
45.10223335656193,,,,,,0.19652382866775284,,1.959087304664856,0.05897705970140983,2.6226145084607917,,,,,,,,
45.16245885960722,,,,,,0.19660253705404404,,1.9520118669379454,0.05888880375622405,2.62367716316283,,,,,,,,
45.222764782422125,,,,,,0.19668127696328142,,1.9449619828547713,0.05880067988123475,2.624740248440926,,,,,,,,
45.28315123239207,,,,,,0.19676004840808994,,1.9379375601258175,0.05871268787880604,2.625803764469545,,,,,,,,
45.343618317045845,,,,,,0.19683885140109977,,1.9309385067948825,0.0586248275515979,2.6268677114232206,,,,,,,,
45.404166144055814,,,,,,0.19691768595494608,,1.923964731237875,0.058537098702565536,2.6279320894765608,,,,,,,,
45.46479482123813,,,,,,0.19699655208226902,,1.9170161421616112,0.05844950113495904,2.628996898804241,,,,,,,,
45.5255044565529,,,,,,0.19707544979571393,,1.9100926486026233,0.058362034652322946,2.6300621395810104,,,,,,,,
45.58629515810443,,,,,,0.1971543791079311,,1.9031941599259639,0.05827469905849573,2.6311278119816865,,,,,,,,
45.647167034141276,,,,,,0.19723334003157586,,1.8963205858240326,0.05818749415760953,2.632193916181158,,,,,,,,
45.7081201930567,,,,,,0.19731233257930886,,1.8894718363153669,0.058100419754089395,2.6332604523543868,,,,,,,,
45.76915474338853,,,,,,0.19739135676379546,,1.8826478217435005,0.05801347565265326,2.634327420676402,,,,,,,,
45.8302707938197,,,,,,0.19747041259770645,,1.875848452775751,0.05792666165831108,2.6353948213223073,,,,,,,,
45.891468453178085,,,,,,0.19754950009371738,,1.8690736404020893,0.0578399775763648,2.6364626544672736,,,,,,,,
45.95274783043707,,,,,,0.19762861926450911,,1.8623232959339353,0.05775342321240748,2.6375309202865473,,,,,,,,
46.01410903471538,,,,,,0.19770777012276738,,1.8555973310030334,0.057666998372323405,2.638599618955441,,,,,,,,
46.07555217527756,,,,,,0.19778695268118326,,1.8488956575602693,0.0575807028622871,2.639668750649342,,,,,,,,
46.137077361534004,,,,,,0.19786616695245263,,1.8422181878745287,0.05749453648876324,2.6407383155437065,,,,,,,,
46.19868470304124,,,,,,0.1979454129492766,,1.8355648345315478,0.057408499058506084,2.6418083138140633,,,,,,,,
46.26037430950205,,,,,,0.19802469068436146,,1.8289355104327667,0.05732259037855908,2.6428787456360108,,,,,,,,
46.32214629076573,,,,,,0.19810400017041832,,1.8223301287941922,0.05723681025625443,2.6439496111852203,,,,,,,,
46.38400075682828,,,,,,0.1981833414201637,,1.8157486031452563,0.05715115849921264,2.645020910637433,,,,,,,,
46.44593781783247,,,,,,0.1982627144463189,,1.8091908473276983,0.057065634915342174,2.6460926441684607,,,,,,,,
46.50795758406833,,,,,,0.1983421192616106,,1.8026567754944096,0.05698023931283879,2.6471648119541893,,,,,,,,
46.57006016597295,,,,,,0.19842155587877036,,1.7961463021083464,0.05689497150018548,2.648237414170572,,,,,,,,
46.632245674131084,,,,,,0.19850102431053498,,1.7896593419413707,0.05680983128615157,2.6493104509936374,,,,,,,,
46.694514219274986,,,,,,0.1985805245696462,,1.783195810073174,0.05672481847979289,2.650383922599481,,,,,,,,
46.75686591228492,,,,,,0.19866005666885111,,1.7767556218901266,0.05663993289045066,2.6514578291642743,,,,,,,,
46.81930086418908,,,,,,0.19873962062090172,,1.7703386930842058,0.056555174327751666,2.6525321708642564,,,,,,,,
46.881819186163995,,,,,,0.19881921643855513,,1.7639449396518665,0.05647054260160746,2.6536069478757405,,,,,,,,
46.94442098953462,,,,,,0.19889884413457368,,1.757574277892953,0.05638603752221406,2.6546821603751085,,,,,,,,
47.007106385774584,,,,,,0.19897850372172468,,1.7512266244096006,0.05630165890005153,2.6557578085388163,,,,,,,,
47.06987548650634,,,,,,0.19905819521278068,,1.744901896105145,0.056217406545883544,2.6568338925433905,,,,,,,,
47.132728403501424,,,,,,0.1991379186205193,,1.738600010183033,0.05613328027075695,2.6579104125654287,,,,,,,,
47.19566524868061,,,,,,0.19921767395772325,,1.7323208841457374,0.05604927988600132,2.658987368781601,,,,,,,,
47.25868613411406,,,,,,0.19929746123718026,,1.726064435793688,0.0559654052032287,2.660064761368647,,,,,,,,
47.321791172021726,,,,,,0.19937728047168354,,1.719830583224171,0.05588165603433279,2.6611425905033816,,,,,,,,
47.38498047477322,,,,,,0.19945713167403098,,1.7136192448302896,0.0557980321914891,2.6622208563626866,,,,,,,,
47.448254154888424,,,,,,0.19953701485702593,,1.707430339299861,0.05571453348715392,2.6632995591235207,,,,,,,,
47.51161232503726,,,,,,0.19961693003347666,,1.7012637856143853,0.05563115973406439,2.6643786989629095,,,,,,,,
47.57505509804022,,,,,,0.19969687721619664,,1.6951195030479596,0.05554791074523778,2.6654582760579535,,,,,,,,
47.63858258686841,,,,,,0.19977685641800447,,1.6889974111662325,0.05546478633397118,2.666538290585823,,,,,,,,
47.7021949046438,,,,,,0.19985686765172397,,1.6828974298253496,0.055381786313841094,2.6676187427237616,,,,,,,,
47.765892164639396,,,,,,0.19993691093018395,,1.6768194791709046,0.05529891049870299,2.668699632649085,,,,,,,,
47.829674480279486,,,,,,0.20001698626621842,,1.670763479636892,0.05521615870269088,2.6697809605391782,,,,,,,,
47.89354196513979,,,,,,0.20009709367266662,,1.6647293519446678,0.05513353074021692,2.6708627265715013,,,,,,,,
47.95749473294769,,,,,,0.2001772331623727,,1.6587170171019103,0.055051026425971004,2.671944930923583,,,,,,,,
48.02153289758245,,,,,,0.2002574047481863,,1.652726396401584,0.05496864557492026,2.673027573773028,,,,,,,,
48.08565657307533,,,,,,0.20033760844296178,,1.646757411420921,0.0548863880023089,2.6741106552975076,,,,,,,,
48.149865873610004,,,,,,0.20041784425955908,,1.6408099840203687,0.05480425352365734,2.675194175674771,,,,,,,,
48.21416091352241,,,,,,0.20049811221084293,,1.634884036342602,0.054722241954762316,2.6762781350826343,,,,,,,,
48.27854180730138,,,,,,0.2005784123096835,,1.6289794908114668,0.05464035311169598,2.6773625336989904,,,,,,,,
48.34300866958844,,,,,,0.20065874456895585,,1.6230962701309986,0.054558586810805935,2.678447371701799,,,,,,,,
48.4075616151783,,,,,,0.20073910900154043,,1.617234297284386,0.054476942868714476,2.6795326492690963,,,,,,,,
48.47220075901894,,,,,,0.20081950562032275,,1.6113934955329738,0.054395421102318355,2.680618366578989,,,,,,,,
48.5369262162118,,,,,,0.2008999344381934,,1.605573788415256,0.05431402132878832,2.6817045238096555,,,,,,,,
48.60173810201206,,,,,,0.2009803954680483,,1.5997750997458753,0.05423274336556873,2.682791121139347,,,,,,,,
48.66663653182877,,,,,,0.20106088872278838,,1.5939973536146244,0.05415158703037707,2.6838781587463867,,,,,,,,
48.73162162122512,,,,,,0.20114141421531986,,1.5882404743854517,0.05407055214120368,2.684965636809171,,,,,,,,
48.796693485918524,,,,,,0.201221971958554,,1.5825043866954815,0.0539896385163113,2.6860535555061666,,,,,,,,
48.86185224178107,,,,,,0.2013025619654074,,1.5767890154540032,0.05390884597423444,2.6871419150159146,,,,,,,,
48.927098004839394,,,,,,0.20138318424880158,,1.5710942858415207,0.053828174333779406,2.6882307155170264,,,,,,,,
48.99243089127524,,,,,,0.2014638388216636,,1.5654201233087393,0.053747623414023414,2.689319957188188,,,,,,,,
49.057851017425314,,,,,,0.20154452569692533,,1.5597664535756233,0.05366719303431465,2.6904096402081557,,,,,,,,
49.123358499781844,,,,,,0.2016252448875241,,1.5541332026303893,0.05358688301427142,2.6914997647557604,,,,,,,,
49.18895345499245,,,,,,0.2017059964064022,,1.5485202967285705,0.05350669317378214,2.6925903310099035,,,,,,,,
49.25463599986061,,,,,,0.2017867802665072,,1.5429276623920265,0.05342662333300466,2.6936813391495593,,,,,,,,
49.32040625134576,,,,,,0.20186759648079192,,1.5373552264079926,0.053346673312365964,2.6947727893537756,,,,,,,,
49.386264326563484,,,,,,0.2019484450622143,,1.531802915828119,0.053266842932561745,2.695864681801672,,,,,,,,
49.45221034278578,,,,,,0.2020293260237374,,1.526270657967517,0.053187132014556084,2.6969570166724406,,,,,,,,
49.518244417441224,,,,,,0.20211023937832964,,1.5207583804038052,0.0531075403795809,2.6980497941453465,,,,,,,,
49.584366668115216,,,,,,0.20219118513896456,,1.5152660109761622,0.053028067849135656,2.699143014399728,,,,,,,,
49.6505772125501,,,,,,0.20227216331862077,,1.50979347778439,0.05294871424498699,2.700236677614993,,,,,,,,
49.71687616864557,,,,,,0.2023531739302823,,1.5043407091879504,0.052869479389168104,2.701330783970627,,,,,,,,
49.783263654458594,,,,,,0.20243421698693811,,1.49890763380506,0.05279036310397872,2.702425333646184,,,,,,,,
49.84973978820396,,,,,,0.2025152925015827,,1.4934941805117197,0.052711365211984273,2.7035203268212933,,,,,,,,
49.91630468825413,,,,,,0.20259640048721547,,1.4881002784408195,0.052632485536015926,2.704615763675655,,,,,,,,
49.9829584731398,,,,,,0.20267754095684123,,1.4827258569811756,0.05255372389916974,2.7057116443890448,,,,,,,,
50.0497012615498,,,,,,0.20275871392346984,,1.4773708457766384,0.05247508012480669,2.706807969141308,,,,,,,,
50.116533172331515,,,,,,0.20283991940011645,,1.4720351747251483,0.052396554036552044,2.7079047381123647,,,,,,,,
50.183454324491024,,,,,,0.20292115739980152,,1.4667187739778278,0.05231814545829494,2.7090019514822075,,,,,,,,
50.25046483719331,,,,,,0.2030024279355505,,1.4614215739380663,0.052239854214188086,2.710099609430902,,,,,,,,
50.317564829762475,,,,,,0.20308373102039431,,1.4561435052606073,0.05216168012864736,2.7111977121385866,,,,,,,,
50.38475442168197,,,,,,0.20316506666736883,,1.4508844988506426,0.052083623026351354,2.712296259785473,,,,,,,,
50.45203373259479,,,,,,0.20324643488951538,,1.4456444858629038,0.05200568273224102,2.713395252551846,,,,,,,,
50.51940288230362,,,,,,0.20332783569988036,,1.4404233977007725,0.05192785907151938,2.7144946906180616,,,,,,,,
50.58686199077128,,,,,,0.20340926911151552,,1.43522116601536,0.051850151869650835,2.7155945741645526,,,,,,,,
50.65441117812058,,,,,,0.20349073513747767,,1.4300377227046417,0.05177256095236118,2.716694903371821,,,,,,,,
50.722050564634934,,,,,,0.20357223379082906,,1.4248729999125347,0.051695086145636795,2.7177956784204444,,,,,,,,
50.78978027075816,,,,,,0.2036537650846369,,1.4197269300280408,0.05161772727572469,2.7188968994910727,,,,,,,,
50.85760041709512,,,,,,0.20373532903197397,,1.41459944568433,0.05154048416913161,2.71999856676443,,,,,,,,
50.92551112441154,,,,,,0.20381692564591805,,1.4094904797578878,0.05146335665262421,2.721100680421311,,,,,,,,
50.99351251363451,,,,,,0.2038985549395521,,1.4043999653676154,0.05138634455322822,2.7222032406425867,,,,,,,,
51.06160470585257,,,,,,0.20398021692596457,,1.399327835873963,0.05130944769822822,2.7233062476092,,,,,,,,
51.129787822315926,,,,,,0.204061911618249,,1.3942740248780567,0.05123266591516728,2.7244097015021667,,,,,,,,
51.198061984436734,,,,,,0.2041436390295041,,1.389238466220829,0.05115599903184653,2.725513602502577,,,,,,,,
51.266427313789244,,,,,,0.20422539917283405,,1.3842210939821515,0.0510794468763248,2.7266179507915935,,,,,,,,
51.33488393211008,,,,,,0.20430719206134806,,1.3792218424799718,0.05100300927691818,2.7277227465504534,,,,,,,,
51.40343196129832,,,,,,0.2043890177081606,,1.3742406462694619,0.05092668606219978,2.7288279899604655,,,,,,,,
51.472071523415984,,,,,,0.20447087612639164,,1.3692774401421408,0.050850477060999044,2.729933681203014,,,,,,,,
51.540802740687894,,,,,,0.2045527673291661,,1.3643321591250503,0.05077438210240188,2.731039820459555,,,,,,,,
51.60962573550227,,,,,,0.2046346913296144,,1.3594047384798726,0.05069840101574954,2.73214640791162,,,,,,,,
51.6785406304106,,,,,,0.204716648140872,,1.3544951137021124,0.05062253363063905,2.733253443740812,,,,,,,,
51.74754754812809,,,,,,0.20479863777607982,,1.3496032205202309,0.05054677977692222,2.734360928128808,,,,,,,,
51.81664661153381,,,,,,0.20488066024838383,,1.3447289948948145,0.05047113928470552,2.7354688612573606,,,,,,,,
51.88583794367089,,,,,,0.2049627155709355,,1.339872373017734,0.05039561198434967,2.736577243308294,,,,,,,,
51.95512166774678,,,,,,0.20504480375689138,,1.3350332913113097,0.05032019770646924,2.7376860744635056,,,,,,,,
52.024497907133444,,,,,,0.2051269248194134,,1.3302116864274793,0.050244896281932266,2.7387953549049695,,,,,,,,
52.0939667853676,,,,,,0.20520907877166877,,1.3254074952469659,0.05016970754185988,2.7399050848147297,,,,,,,,
52.163528426150826,,,,,,0.2052912656268298,,1.3206206548784618,0.050094631317625996,2.741015264374907,,,,,,,,
52.23318295335009,,,,,,0.20537348539807435,,1.3158511026577846,0.0500196674408567,2.7421258937676942,,,,,,,,
52.302930490997504,,,,,,0.20545573809858528,,1.3110987761470845,0.049944815743430314,2.743236973175359,,,,,,,,
52.372771163291056,,,,,,0.20553802374155097,,1.3063636131339973,0.049870076057476447,2.7443485027802423,,,,,,,,
52.44270509459434,,,,,,0.20562034234016488,,1.3016455516308596,0.049795448215376154,2.7454604827647584,,,,,,,,
52.51273240943723,,,,,,0.20570269390762594,,1.2969445298738684,0.04972093204976113,2.7465729133113976,,,,,,,,
52.582853232515696,,,,,,0.20578507845713817,,1.2922604863222993,0.04964652739351369,2.747685794602722,,,,,,,,
52.653067688692346,,,,,,0.20586749600191104,,1.2875933596576805,0.049572234079766145,2.7487991268213685,,,,,,,,
52.72337590299647,,,,,,0.20594994655515927,,1.2829430887830005,0.049498051941900524,2.7499129101500475,,,,,,,,
52.793778000624314,,,,,,0.2060324301301028,,1.2783096128219054,0.0494239808135482,2.751027144771544,,,,,,,,
52.8642741069393,,,,,,0.20611494673996694,,1.273692871117902,0.04935002052858951,2.7521418308687178,,,,,,,,
52.93486434747225,,,,,,0.20619749639798232,,1.2690928032335649,0.04927617092115337,2.753256968624501,,,,,,,,
53.00554884792164,,,,,,0.2062800791173848,,1.2645093489497417,0.04920243182561688,2.7543725582219007,,,,,,,,
53.07632773415368,,,,,,0.2063626949114155,,1.259942448264775,0.04912880307660513,2.7554885998439986,,,,,,,,
53.14720113220284,,,,,,0.20644534379332102,,1.2553920413936968,0.04905528450899047,2.75660509367395,,,,,,,,
53.21816916827167,,,,,,0.20652802577635299,,1.2508580687674726,0.048981875957892565,2.757722039894984,,,,,,,,
53.28923196873146,,,,,,0.2066107408737687,,1.2463404710321935,0.04890857725867761,2.758839438690406,,,,,,,,
53.36038966012202,,,,,,0.20669348909883042,,1.2418391890483265,0.04883538824695836,2.7599572902435923,,,,,,,,
53.43164236915235,,,,,,0.206776270464806,,1.237354163889914,0.04876230875859338,2.7610755947379975,,,,,,,,
53.50299022270046,,,,,,0.20685908498496836,,1.232885336843826,0.04868933862968704,2.7621943523571466,,,,,,,,
53.57443334781389,,,,,,0.20694193267259592,,1.2284326494089755,0.048616477696588854,2.7633135632846417,,,,,,,,
53.64597187170978,,,,,,0.2070248135409723,,1.2239960432955583,0.04854372579589327,2.7644332277041577,,,,,,,,
53.71760592177519,,,,,,0.20710772760338653,,1.2195754604242905,0.04847108276443927,2.7655533457994457,,,,,,,,
53.78933562556724,,,,,,0.2071906748731329,,1.215170842925647,0.04839854843930997,2.766673917754329,,,,,,,,
53.86116111081339,,,,,,0.207273655363511,,1.2107821331391038,0.048326122657832274,2.7677949437527074,,,,,,,,
53.93308250541169,,,,,,0.20735666908782593,,1.2064092736123828,0.04825380525757658,2.768916423978554,,,,,,,,
54.005099937430856,,,,,,0.20743971605938785,,1.2020522071007065,0.04818159607635636,2.770038358615916,,,,,,,,
54.07721353511081,,,,,,0.2075227962915125,,1.197710876566031,0.04810949495222764,2.771160747848918,,,,,,,,
54.1494234268625,,,,,,0.2076059097975207,,1.1933852251763242,0.048037501723488994,2.772283591861755,,,,,,,,
54.221729741268554,,,,,,0.20768905659073886,,1.1890751963047956,0.04796561622868077,2.7734068908387006,,,,,,,,
54.294132607083085,,,,,,0.20777223668449848,,1.1847807335291811,0.04789383830658513,2.7745306449640994,,,,,,,,
54.36663215323235,,,,,,0.20785545009213668,,1.1805017806309774,0.04782216779622529,2.775654854422375,,,,,,,,
54.439228508814566,,,,,,0.20793869682699564,,1.1762382815947323,0.04775060453686555,2.776779519398021,,,,,,,,
54.51192180310045,,,,,,0.20802197690242308,,1.1719901806072919,0.047679148368010606,2.7779046400756093,,,,,,,,
54.58471216553331,,,,,,0.20810529033177202,,1.1677574220570786,0.04760779912940536,2.779030216639785,,,,,,,,
54.657599725729305,,,,,,0.20818863712840072,,1.1635399505333615,0.04753655666103459,2.7801562492752683,,,,,,,,
54.73058461347765,,,,,,0.20827201730567296,,1.1593377108255312,0.047465420803122445,2.7812827381668543,,,,,,,,
54.803666958740905,,,,,,0.20835543087695774,,1.1551506479223772,0.047394391396132204,2.782409683499413,,,,,,,,
54.87684689165516,,,,,,0.2084388778556295,,1.1509787070113653,0.04732346828076587,2.78353708545789,,,,,,,,
54.9501245425302,,,,,,0.20852235825506793,,1.1468218334779285,0.0472526512979639,2.7846649442273037,,,,,,,,
55.02350004184997,,,,,,0.20860587208865825,,1.1426799729047354,0.04718194028890463,2.7857932599927504,,,,,,,,
55.09697352027248,,,,,,0.20868941936979077,,1.138553071071,0.04711133509500423,2.7869220329393984,,,,,,,,
55.17054510863038,,,,,,0.20877300011186156,,1.1344410739517474,0.047040835557916015,2.7880512632524943,,,,,,,,
55.24421493793086,,,,,,0.2088566143282717,,1.130343927717131,0.046970441519530406,2.789180951117356,,,,,,,,
55.31798313935616,,,,,,0.20894026203242774,,1.1262615787317092,0.04690015282197434,2.79031109671938,,,,,,,,
55.391849844263625,,,,,,0.2090239432377417,,1.1221939735537518,0.04682996930761102,2.7914417002440355,,,,,,,,
55.46581518418604,,,,,,0.2091076579576308,,1.1181410589345386,0.04675989081903957,2.792572761876868,,,,,,,,
55.53987929083182,,,,,,0.2091914062055178,,1.1141027818176625,0.04668991719909463,2.7937042818034983,,,,,,,,
55.61404229608523,,,,,,0.20927518799483077,,1.110079089338335,0.04662004829084602,2.794836260209621,,,,,,,,
55.68830433200667,,,,,,0.2093590033390031,,1.1060699288226938,0.04655028393759842,2.7959686972810087,,,,,,,,
55.76266553083287,,,,,,0.2094428522514736,,1.1020752477871136,0.04648062398289099,2.797101593203506,,,,,,,,
55.837126024977145,,,,,,0.20952673474568662,,1.0980949939375173,0.04641106827049699,2.7982349481630355,,,,,,,,
55.911685947029554,,,,,,0.20961065083509156,,1.0941291151686992,0.04634161664442358,2.7993687623455923,,,,,,,,
55.98634542975736,,,,,,0.20969460053314354,,1.090177559563626,0.04627226894891117,2.8005030359372505,,,,,,,,
56.06110460610491,,,,,,0.20977858385330284,,1.08624027539278,0.04620302502843345,2.801637769124156,,,,,,,,
56.13596360919429,,,,,,0.20986260080903524,,1.082317211113458,0.04613388472769665,2.8027729620925332,,,,,,,,
56.21092257232516,,,,,,0.20994665141381189,,1.0784083153691184,0.046064847891639595,2.80390861502868,,,,,,,,
56.285981628975264,,,,,,0.21003073568110933,,1.0745135369886933,0.045995914365433016,2.8050447281189697,,,,,,,,
56.36114091280058,,,,,,0.2101148536244095,,1.0706328249859254,0.045927083994479354,2.806181301549852,,,,,,,,
56.43640055763554,,,,,,0.21019900525719973,,1.0667661285586991,0.04585835662441243,2.8073183355078517,,,,,,,,
56.51176069749329,,,,,,0.21028319059297282,,1.0629133970883764,0.04578973210109704,2.808455830179571,,,,,,,,
56.58722146656593,,,,,,0.21036740964522682,,1.059074580139133,0.04572121027062864,2.8095937857516833,,,,,,,,
56.662782999224774,,,,,,0.21045166242746538,,1.0552496274572971,0.04565279097933298,2.8107322024109433,,,,,,,,
56.738445430020455,,,,,,0.21053594895319738,,1.051438488970699,0.045584474073765875,2.8118710803441758,,,,,,,,
56.814208893683464,,,,,,0.2106202692359373,,1.047641114787999,0.04551625940071257,2.813010419738286,,,,,,,,
56.890073525123974,,,,,,0.21070462328920475,,1.0438574551980573,0.0454481468071878,2.814150220780251,,,,,,,,
56.96603945943253,,,,,,0.21078901112652512,,1.0400874606692585,0.04538013614043501,2.8152904836571278,,,,,,,,
57.04210683187984,,,,,,0.2108734327614288,,1.0363310818488878,0.04531222724792651,2.816431208556044,,,,,,,,
57.118275777917475,,,,,,0.2109578882074521,,1.0325882695624602,0.04524441997736258,2.8175723956642087,,,,,,,,
57.19454643317766,,,,,,0.21104237747813628,,1.0288589748130998,0.04517671417667161,2.818714045168902,,,,,,,,
57.27091893347387,,,,,,0.21112690058702827,,1.0251431487808822,0.04510910969400946,2.8198561572574827,,,,,,,,
57.347393414800884,,,,,,0.2112114575476804,,1.021440742822202,0.04504160637775924,2.820998732117385,,,,,,,,
57.42397001333507,,,,,,0.21129604837365032,,1.0177517084691357,0.044974204076530945,2.8221417699361178,,,,,,,,
57.50064886543466,,,,,,0.21138067307850128,,1.0140759974288052,0.04490690263916112,2.823285270901268,,,,,,,,
57.577430107639955,,,,,,0.21146533167580187,,1.0104135615827483,0.04483970191471251,2.8244292352004967,,,,,,,,
57.6543138766736,,,,,,0.2115500241791261,,1.006764352986285,0.04477260175247372,2.825573663021543,,,,,,,,
57.73130030944069,,,,,,0.2116347506020534,,1.0031283238678985,0.044705602001958965,2.8267185545522184,,,,,,,,
57.80838954302936,,,,,,0.21171951095816868,,0.9995054266285935,0.044638702512907476,2.827863909980416,,,,,,,,
57.885581714710526,,,,,,0.21180430526106228,,0.9958956138412944,0.04457190313528359,2.8290097294940995,,,,,,,,
57.962876961938676,,,,,,0.21188913352433011,,0.9922988382502019,0.044505203719275924,2.8301560132813135,,,,,,,,
58.0402754223516,,,,,,0.21197399576157322,,0.988715052770197,0.044438604115297466,2.8313027615301745,,,,,,,,
58.11777723377108,,,,,,0.21205889198639843,,0.9851442104862022,0.044372104173984885,2.8324499744288785,,,,,,,,
58.19538253420277,,,,,,0.2121438222124178,,0.9815862646525877,0.04430570374619852,2.8335976521656963,,,,,,,,
58.27309146183671,,,,,,0.21222878645324894,,0.9780411686925453,0.0442394026830218,2.8347457949289745,,,,,,,,
58.35090415504741,,,,,,0.2123137847225148,,0.9745088761974845,0.04417320083576101,2.835894402907138,,,,,,,,
58.42882075239418,,,,,,0.21239881703384403,,0.9709893409264242,0.04410709805594497,2.837043476288686,,,,,,,,
58.506841392621354,,,,,,0.2124838834008704,,0.967482516805387,0.044041094195324655,2.8381930152621946,,,,,,,,
58.584966214658515,,,,,,0.21256898383723344,,0.9639883579267964,0.0439751891058729,2.839343020016317,,,,,,,,
58.6631953576208,,,,,,0.21265411835657802,,0.9605068185488742,0.04390938263978401,2.840493490739783,,,,,,,,
58.741528960808985,,,,,,0.21273928697255443,,0.9570378530950486,0.04384367464947361,2.841644427621397,,,,,,,,
58.81996716371006,,,,,,0.2128244896988185,,0.9535814161533428,0.043778064987578,2.842795830850042,,,,,,,,
58.898510105997055,,,,,,0.21290972654903148,,0.9501374624758004,0.043712553506954153,2.8439477006146765,,,,,,,,
58.97715792752972,,,,,,0.21299499753686016,,0.9467059469778718,0.043647140060679074,2.845100037104336,,,,,,,,
59.05591076835433,,,,,,0.21308030267597666,,0.9432868247378454,0.04358182450204982,2.8462528405081318,,,,,,,,
59.13476876870442,,,,,,0.21316564198005883,,0.9398800509962383,0.04351660668458278,2.847406111015253,,,,,,,,
59.21373206900055,,,,,,0.21325101546278966,,0.9364855811552301,0.04345148646201372,2.848559848814965,,,,,,,,
59.29280080985092,,,,,,0.21333642313785792,,0.9331033707780643,0.0433864636882972,2.849714054096608,,,,,,,,
59.371975132051446,,,,,,0.21342186501895777,,0.9297333755884738,0.04332153821760632,2.850868727049603,,,,,,,,
59.45125517658605,,,,,,0.21350734111978872,,0.9263755514700996,0.04325670990433244,2.8520238678634433,,,,,,,,
59.53064108462693,,,,,,0.21359285145405593,,0.9230298544659132,0.04319197860308477,2.8531794767277017,,,,,,,,
59.610132997534755,,,,,,0.21367839603547004,,0.9196962407776412,0.04312734416869016,2.8543355538320276,,,,,,,,
59.68973105685903,,,,,,0.21376397487774712,,0.9163746667651909,0.043062806456192614,2.8554920993661463,,,,,,,,
59.76943540433812,,,,,,0.21384958799460865,,0.913065088946085,0.042998365320853174,2.85664911351986,,,,,,,,
59.84924618189987,,,,,,0.21393523539978185,,0.9097674639948786,0.042934020618149306,2.8578065964830492,,,,,,,,
59.929163531661416,,,,,,0.21402091710699908,,0.9064817487426114,0.04286977220377494,2.8589645484456696,,,,,,,,
60.009187595929895,,,,,,0.21410663312999867,,0.9032079001762215,0.042805619933639766,2.860122969597755,,,,,,,,
60.08931851720225,,,,,,0.2141923834825241,,0.8999458754380022,0.042741563663869254,2.861281860129416,,,,,,,,
60.16955643816585,,,,,,0.21427816817832435,,0.8966956318250262,0.04267760325080408,2.862441220230839,,,,,,,,
60.24990150169853,,,,,,0.21436398723115407,,0.8934571267885935,0.042613738550999924,2.86360105009229,,,,,,,,
60.33035385086893,,,,,,0.21444984065477343,,0.8902303179336729,0.04254996942122711,2.8647613499041094,,,,,,,,
60.41091362893675,,,,,,0.2145357284629479,,0.8870151630183473,0.04248629571847035,2.865922119856717,,,,,,,,
60.49158097935293,,,,,,0.21462165066944874,,0.8838116199532601,0.04242271729992832,2.8670833601406076,,,,,,,,
60.57235604576006,,,,,,0.21470760728805252,,0.8806196468010634,0.042359234023013365,2.8682450709463554,,,,,,,,
60.653238971992366,,,,,,0.21479359833254125,,0.8774392017758754,0.04229584574535132,2.86940725246461,,,,,,,,
60.73422990207638,,,,,,0.21487962381670284,,0.8742702432427193,0.0422325523247809,2.870569904886099,,,,,,,,
60.81532898023069,,,,,,0.2149656837543303,,0.8711127297169968,0.042169353619353755,2.8717330284016276,,,,,,,,
60.89653635086671,,,,,,0.21505177815922252,,0.8679666198639261,0.04210624948733375,2.872896623202078,,,,,,,,
60.97785215858846,,,,,,0.21513790704518357,,0.8648318724980192,0.04204323978719705,2.874060689478408,,,,,,,,
61.059276548193274,,,,,,0.21522407042602335,,0.8617084465825242,0.041980324377631405,2.875225227421658,,,,,,,,
61.140809664671636,,,,,,0.21531026831555705,,0.8585963012289058,0.04191750311753621,2.8763902372229393,,,,,,,,
61.22245165320774,,,,,,0.21539650072760563,,0.8554953956962972,0.04185477586602188,2.877555719073444,,,,,,,,
61.30420265917965,,,,,,0.21548276767599536,,0.8524056893909718,0.04179214248240976,2.878721673164442,,,,,,,,
61.38606282815952,,,,,,0.21556906917455818,,0.849327141865812,0.04172960282623164,2.87988809968728,,,,,,,,
61.46803230591391,,,,,,0.21565540523713156,,0.8462597128197786,0.04166715675722955,2.8810549988333816,,,,,,,,
61.55011123840401,,,,,,0.21574177587755847,,0.8432033620973834,0.04160480413535538,2.882222370794249,,,,,,,,
61.63229977178595,,,,,,0.21582818110968746,,0.8401580496881632,0.04154254482077061,2.883390215761462,,,,,,,,
61.71459805241091,,,,,,0.21591462094737257,,0.8371237357261604,0.04148037867384603,2.8845585339266764,,,,,,,,
61.797006226825694,,,,,,0.21600109540447351,,0.8341003804893897,0.04141830555516127,2.885727325481628,,,,,,,,
61.87952444177256,,,,,,0.21608760449485537,,0.8310879443993349,0.04135632532550471,2.886896590618128,,,,,,,,
61.96215284418994,,,,,,0.21617414823238898,,0.8280863880204119,0.04129443784587294,2.888066329528068,,,,,,,,
62.04489158121225,,,,,,0.21626072663095045,,0.8250956720594718,0.04123264297747069,2.889236542403414,,,,,,,,
62.1277408001706,,,,,,0.21634733970442185,,0.8221157573652671,0.04117094058171021,2.8904072294362138,,,,,,,,
62.21070064859264,,,,,,0.21643398746669051,,0.8191466049279575,0.04110933052021136,2.891578390818589,,,,,,,,
62.293771274203124,,,,,,0.2165206699316493,,0.8161881758785858,0.041047812654800925,2.8927500267427413,,,,,,,,
62.37695282492404,,,,,,0.2166073871131969,,0.8132404314885747,0.0409863868475125,2.89392213740095,,,,,,,,
62.460245448874886,,,,,,0.21669413902523726,,0.8103033331692195,0.04092505296058613,2.895094722985572,,,,,,,,
62.54364929437296,,,,,,0.21678092568168014,,0.8073768424711821,0.04086381085646802,2.8962677836890425,,,,,,,,
62.627164509933614,,,,,,0.2168677470964408,,0.8044609210839881,0.040802660397810234,2.8974413197038746,,,,,,,,
62.710791244270524,,,,,,0.21695460328344002,,0.801555530835524,0.040741601447470306,2.898615331222659,,,,,,,,
62.794529646295835,,,,,,0.21704149425660407,,0.7986606336915432,0.040680633868511125,2.899789818438064,,,,,,,,
62.87837986512075,,,,,,0.21712842002986513,,0.7957761917551557,0.040619757524200314,2.9009647815428385,,,,,,,,
62.962342050055334,,,,,,0.21721538061716056,,0.7929021672663488,0.04055897227801031,2.9021402207298053,,,,,,,,
63.04641635060928,,,,,,0.21730237603243363,,0.7900385226014749,0.04049827799361764,2.9033161361918705,,,,,,,,
63.13060291649167,,,,,,0.21738940628963294,,0.7871852202727768,0.04043767453490307,2.904492528122012,,,,,,,,
63.21490189761173,,,,,,0.21747647140271287,,0.7843422229278793,0.04037716176595085,2.9056693967132934,,,,,,,,
63.299313444078685,,,,,,0.2175635713856332,,0.7815094933493165,0.040316739551048766,2.9068467421588498,,,,,,,,
63.38383770620227,,,,,,0.21765070625235952,,0.778686994454033,0.040256407754687605,2.908024564651898,,,,,,,,
63.468474834492945,,,,,,0.2177378760168628,,0.7758746892929033,0.04019616624156097,2.9092028643857324,,,,,,,,
63.55322497966212,,,,,,0.21782508069311976,,0.7730725410502474,0.040136014876564936,2.9103816415537267,,,,,,,,
63.63808829262248,,,,,,0.2179123202951127,,0.7702805130433488,0.04007595352479775,2.9115608963493305,,,,,,,,
63.723064924488185,,,,,,0.2179995948368294,,0.7674985687219744,0.04001598205155955,2.912740628966074,,,,,,,,
63.80815502657525,,,,,,0.2180869043322634,,0.7647266716678947,0.03995610032235197,2.9139208395975658,,,,,,,,
63.8933587504016,,,,,,0.2181742487954137,,0.7619647855944124,0.039896308202878115,2.9151015284374906,,,,,,,,
63.9786762476877,,,,,,0.21826162824028505,,0.7592128743458759,0.039836605559041754,2.9162826956796155,,,,,,,,
64.06410767035638,,,,,,0.21834904268088765,,0.7564709018972218,0.03977699225694762,2.917464341517781,,,,,,,,
64.14965317053354,,,,,,0.21843649213123748,,0.7537388323534862,0.03971746816290059,2.918646466145912,,,,,,,,
64.23531290054805,,,,,,0.21852397660535594,,0.7510166299493509,0.03965803314340574,2.9198290697580065,,,,,,,,
64.32108701293227,,,,,,0.21861149611727027,,0.7483042590486636,0.03959868706516788,2.9210121525481445,,,,,,,,
64.40697566042223,,,,,,0.21869905068101317,,0.7456016841439762,0.039539429795091265,2.922195714710484,,,,,,,,
64.49297899595791,,,,,,0.21878664031062298,,0.7429088698560795,0.039480261200279344,2.9233797564392607,,,,,,,,
64.5790971726835,,,,,,0.21887426502014376,,0.7402257809335399,0.039421181148034425,2.9245642779287904,,,,,,,,
64.66533034394769,,,,,,0.218961924823625,,0.7375523822522374,0.0393621895058574,2.9257492793734663,,,,,,,,
64.75167866330393,,,,,,0.219049619735122,,0.734888638814907,0.039303286141447444,2.9269347609677614,,,,,,,,
64.83814228451072,,,,,,0.21913734976869567,,0.732234515750679,0.03924447092270168,2.9281207229062267,,,,,,,,
64.92472136153194,,,,,,0.21922511493841249,,0.7295899783146228,0.03918574371771496,2.9293071653834937,,,,,,,,
65.01141604853686,,,,,,0.21931291525834445,,0.7269549918872964,0.039127104394779545,2.9304940885942687,,,,,,,,
65.0982264999009,,,,,,0.21940075074256957,,0.7243295219742824,0.03906855282238467,2.9316814927333428,,,,,,,,
65.18515287020533,,,,,,0.21948862140517103,,0.721713534205751,0.03901008886921653,2.93286937799558,,,,,,,,
65.27219531423812,,,,,,0.21957652726023805,,0.7191069943359951,0.038951712404157665,2.934057744575929,,,,,,,,
65.35935398699365,,,,,,0.2196644683218652,,0.716509868242996,0.038893423296286964,2.935246592669412,,,,,,,,
65.44662904367345,,,,,,0.21975244460415283,,0.7139221219279661,0.03883522141487915,2.936435922471135,,,,,,,,
65.53402063968626,,,,,,0.2198404561212069,,0.7113437215149087,0.03877710662940458,2.937625734176279,,,,,,,,
65.6215289306483,,,,,,0.21992850288713917,,0.7087746332501736,0.03871907880952897,2.938816027980107,,,,,,,,
65.7091540723836,,,,,,0.22001658491606677,,0.7062148235020156,0.038661137825113046,2.940006804077961,,,,,,,,
65.79689622092428,,,,,,0.22010470222211267,,0.7036642587601535,0.03860328354621227,2.9411980626652596,,,,,,,,
65.88475553251084,,,,,,0.2201928548194056,,0.7011229056353309,0.038545515843076604,2.9423898039375036,,,,,,,,
65.97273216359224,,,,,,0.2202810427220796,,0.6985907308588839,0.03848783458615018,2.94358202809027,,,,,,,,
66.06082627082665,,,,,,0.22036926594427475,,0.6960677012822951,0.0384302396460709,2.9447747353192186,,,,,,,,
66.1490380110811,,,,,,0.2204575245001365,,0.6935537838767736,0.03837273089367041,2.945967925820085,,,,,,,,
66.23736754143238,,,,,,0.2205458184038162,,0.691048945732808,0.03831530819997347,2.947161599788687,,,,,,,,
66.32581501916675,,,,,,0.22063414766947065,,0.6885531540597499,0.03825797143619801,2.948355757420919,,,,,,,,
66.41438060178078,,,,,,0.22072251231126255,,0.6860663761853707,0.03820072047375453,2.9495503989127583,,,,,,,,
66.50306444698109,,,,,,0.22081091234336003,,0.6835885795554469,0.038143555184246086,2.9507455244602574,,,,,,,,
66.59186671268503,,,,,,0.22089934777993706,,0.6811197317333242,0.0380864754394678,2.951941134259551,,,,,,,,
66.6807875570208,,,,,,0.22098781863517328,,0.6786598003994972,0.03802948111140665,2.953137228506854,,,,,,,,
66.76982713832774,,,,,,0.2210763249232539,,0.6762087533511862,0.03797257207224118,2.954333807398457,,,,,,,,
66.8589856151566,,,,,,0.22116486665836999,,0.6737665585019142,0.03791574819434126,2.9555308711307346,,,,,,,,
66.94826314626988,,,,,,0.22125344385471804,,0.6713331838810885,0.037859009350267675,2.956728419900138,,,,,,,,
67.03765989064208,,,,,,0.22134205652650055,,0.6689085976335798,0.03780235541277195,2.9579264539031995,,,,,,,,
67.12717600745988,,,,,,0.2214307046879254,,0.6664927680193107,0.0377457862547961,2.959124973336529,,,,,,,,
67.21681165612273,,,,,,0.22151938835320636,,0.6640856634128297,0.03768930174947211,2.96032397839682,,,,,,,,
67.30656699624267,,,,,,0.2216081075365628,,0.6616872523029114,0.037632901770122004,2.96152346928084,,,,,,,,
67.39644218764514,,,,,,0.22169686225221988,,0.6592975032921286,0.03757658619025721,2.9627234461854433,,,,,,,,
67.48643739036872,,,,,,0.22178565251440827,,0.6569163850964566,0.03752035488357858,2.9639239093075567,,,,,,,,
67.57655276466598,,,,,,0.22187447833736462,,0.6545438665448483,0.03746420772397583,2.9651248588441925,,,,,,,,
67.66678847100322,,,,,,0.22196333973533106,,0.6521799165788411,0.03740814458552749,2.9663262949924394,,,,,,,,
67.75714467006117,,,,,,0.22205223672255545,,0.6498245042521387,0.03735216534250053,2.9675282179494675,,,,,,,,
67.84762152273505,,,,,,0.2221411693132914,,0.6474775987302117,0.03729626986935001,2.9687306279125263,,,,,,,,
67.93821919013497,,,,,,0.2222301375217983,,0.6451391692898927,0.0372404580407189,2.969933525078945,,,,,,,,
68.02893783358613,,,,,,0.22231914136234107,,0.6428091853189738,0.03718472973143773,2.9711369096461335,,,,,,,,
68.11977761462919,,,,,,0.22240818084919056,,0.6404876163158063,0.037129084816524376,2.9723407818115812,,,,,,,,
68.2107386950205,,,,,,0.22249725599662318,,0.6381744318889002,0.03707352317118371,2.973545141772858,,,,,,,,
68.3018212367323,,,,,,0.22258636681892094,,0.6358696017565313,0.03701804467080741,2.974749989727612,,,,,,,,
68.39302540195338,,,,,,0.22267551333037203,,0.633573095746334,0.03696264919097352,2.9759553258735747,,,,,,,,
68.48435135308877,,,,,,0.22276469554526981,,0.6312848837949209,0.03690733660744642,2.977161150408554,,,,,,,,
68.57579925276067,,,,,,0.2228539134779138,,0.629004935947474,0.03685210679617622,2.9783674635304407,,,,,,,,
68.66736926380815,,,,,,0.22294316714260892,,0.6267332223573674,0.03679695963329886,2.979574265437205,,,,,,,,
68.75906154928802,,,,,,0.2230324565536661,,0.6244697132857621,0.036741894995135436,2.9807815563268973,,,,,,,,
68.85087627247452,,,,,,0.22312178172540173,,0.62221437910123,0.03668691275819232,2.981989336397648,,,,,,,,
68.94281359686012,,,,,,0.22321114267213818,,0.6199671902793563,0.036632012799160556,2.9831976058476677,,,,,,,,
69.0348736861555,,,,,,0.22330053940820332,,0.6177281174023574,0.03657719499491574,2.9844063648752472,,,,,,,,
69.12705670429001,,,,,,0.223389971947931,,0.6154971311586952,0.03652245922251774,2.9856156136787586,,,,,,,,
69.21936281541186,,,,,,0.22347944030566072,,0.6132742023426928,0.036467805359210376,2.9868253524566533,,,,,,,,
69.31179218388844,,,,,,0.22356894449573755,,0.6110593018541527,0.036413233282421166,2.9880355814074644,,,,,,,,
69.40434497430668,,,,,,0.2236584845325126,,0.6088524006979746,0.03635874286976105,2.9892463007298042,,,,,,,,
69.49702135147315,,,,,,0.22374806043034248,,0.6066534699837804,0.03630433399902417,2.9904575106223645,,,,,,,,
69.58982148041471,,,,,,0.22383767220358974,,0.6044624809255267,0.036250006548187406,2.9916692112839205,,,,,,,,
69.68274552637833,,,,,,0.22392731986662248,,0.6022794048411401,0.03619576039541046,2.9928814029133264,,,,,,,,
69.77579365483186,,,,,,0.22401700343381478,,0.6001042131521288,0.03614159541903508,2.9940940857095164,,,,,,,,
69.86896603146391,,,,,,0.22410672291954628,,0.5979368773832212,0.036087511497585344,2.9953072598715065,,,,,,,,
69.96226282218447,,,,,,0.22419647833820247,,0.5957773691619831,0.03603350850976693,2.996520925598392,,,,,,,,
70.05568419312503,,,,,,0.2242862697041747,,0.5936256602184514,0.035979586334467094,2.9977350830893505,,,,,,,,
70.1492303106389,,,,,,0.22437609703185984,,0.5914817223847626,0.035925744850754324,2.9989497325436387,,,,,,,,
70.24290134130153,,,,,,0.2244659603356607,,0.5893455275947843,0.03587198393787806,3.000164874160595,,,,,,,,
70.33669745191084,,,,,,0.22455585962998595,,0.5872170478837476,0.03581830347526847,3.001380508139638,,,,,,,,
70.43061880948741,,,,,,0.22464579492924974,,0.5850962553878812,0.03576470334253611,3.0025966346802684,,,,,,,,
70.52466558127489,,,,,,0.22473576624787225,,0.5829831223440467,0.03571118341947172,3.003813253982066,,,,,,,,
70.61883793474028,,,,,,0.22482577360027933,,0.5808776210893739,0.03565774358604588,3.0050303662446924,,,,,,,,
70.71313603757406,,,,,,0.22491581700090246,,0.5787797240609034,0.035604383722408914,3.0062479716678894,,,,,,,,
70.80756005769085,,,,,,0.22500589646417934,,0.5766894037952162,0.035551103708890315,3.0074660704514815,,,,,,,,
70.90211016322925,,,,,,0.22509601200455298,,0.5746066329280866,0.03549790342599882,3.008684662795371,,,,,,,,
70.99678652255263,,,,,,0.22518616363647245,,0.5725313841941114,0.03544478275442183,3.009903748899546,,,,,,,,
71.09158930424893,,,,,,0.22527635137439245,,0.5704636304263645,0.03539174157502543,3.0111233289640706,,,,,,,,
71.18651867713136,,,,,,0.22536657523277362,,0.5684033445560326,0.035338779768853884,3.012343403189092,,,,,,,,
71.28157481023851,,,,,,0.22545683522608223,,0.5663504996120649,0.03528589721712951,3.0135639717748393,,,,,,,,
71.37675787283469,,,,,,0.22554713136879054,,0.5643050687208193,0.03523309380125236,3.0147850349216228,,,,,,,,
71.47206803441021,,,,,,0.22563746367537635,,0.5622670251057106,0.03518036940279997,3.0160065928298314,,,,,,,,
71.56750546468176,,,,,,0.2257278321603235,,0.5602363420868597,0.03512772390352708,3.017228645699939,,,,,,,,
71.6630703335926,,,,,,0.22581823683812155,,0.5582129930807438,0.035075157185365344,3.018451193732498,,,,,,,,
71.75876281131286,,,,,,0.22590867772326576,,0.5561969515998523,0.03502266913042323,3.0196742371281413,,,,,,,,
71.85458306824012,,,,,,0.2259991548302574,,0.5541881912523313,0.03497025962098543,3.020897776087587,,,,,,,,
71.95053127499918,,,,,,0.22608966817360326,,0.5521866857416502,0.034917928539512984,3.02212181081163,,,,,,,,
72.04660760244299,,,,,,0.2261802177678163,,0.5501924088662443,0.03486567576864264,3.023346341501151,,,,,,,,
72.14281222165235,,,,,,0.22627080362741495,,0.548205334519185,0.034813501191186945,3.0245713683571074,,,,,,,,
72.23914530393681,,,,,,0.22636142576692372,,0.546225436687825,0.034761404690133654,3.0257968915805424,,,,,,,,
72.33560702083439,,,,,,0.2264520842008727,,0.5442526894534698,0.03470938614864576,3.027022911372577,,,,,,,,
72.43219754411233,,,,,,0.226542778943798,,0.5422870669910299,0.034657445450061004,3.028249427934417,,,,,,,,
72.52891704576719,,,,,,0.22663351001024154,,0.540328543568686,0.03460558247789175,3.0294764414673465,,,,,,,,
72.6257656980252,,,,,,0.22672427741475085,,0.5383770935475521,0.034553797115824667,3.0307039521727344,,,,,,,,
72.72274367334256,,,,,,0.22681508117187957,,0.5364326913813398,0.034502089247720455,3.031931960252028,,,,,,,,
72.81985114440577,,,,,,0.2269059212961869,,0.5344953116160231,0.03445045875761367,3.033160465906758,,,,,,,,
72.91708828413195,,,,,,0.22699679780223816,,0.5325649288895056,0.034398905529712344,3.034389469338538,,,,,,,,
73.01445526566896,,,,,,0.2270877107046042,,0.530641517931291,0.03434742944839786,3.0356189707490593,,,,,,,,
73.11195226239612,,,,,,0.22717866001786197,,0.528725053562145,0.0342960303982245,3.0368489703401003,,,,,,,,
73.20957944792399,,,,,,0.227269645756594,,0.5268155106937767,0.034244708263919434,3.0380794683135157,,,,,,,,
73.30733699609523,,,,,,0.22736066793538898,,0.5249128643284979,0.03419346293038222,3.039310464871247,,,,,,,,
73.40522508098437,,,,,,0.22745172656884113,,0.5230170895589078,0.03414229428268475,3.0405419602153123,,,,,,,,
73.50324387689862,,,,,,0.22754282167155077,,0.5211281615675556,0.03409120220607081,3.0417739545478173,,,,,,,,
73.60139355837778,,,,,,0.22763395325812388,,0.5192460556266261,0.034040186585956006,3.043006448070945,,,,,,,,
73.69967430019476,,,,,,0.2277251213431723,,0.5173707470976081,0.03398924730792735,3.0442394409869618,,,,,,,,
73.79808627735586,,,,,,0.22781632594131382,,0.5155022114309756,0.033938384257743065,3.0454729334982167,,,,,,,,
73.89662966510109,,,,,,0.22790756706717213,,0.5136404241658659,0.03388759732133239,3.0467069258071406,,,,,,,,
73.99530463890441,,,,,,0.22799884473537654,,0.5117853609297586,0.0338368863847952,3.0479414181162454,,,,,,,,
74.09411137447412,,,,,,0.22809015896056248,,0.5099369974381576,0.03378625133440184,3.049176410628126,,,,,,,,
74.19305004775319,,,,,,0.22818150975737114,,0.5080953094942714,0.03373569205659284,3.0504119035454598,,,,,,,,
74.29212083491936,,,,,,0.22827289714044946,,0.506260272988701,0.0336852084379787,3.0516478970710037,,,,,,,,
74.39132391238587,,,,,,0.2283643211244505,,0.5044318638991158,0.03363480036533953,3.0528843914076007,,,,,,,,
74.49065945680128,,,,,,0.22845578172403289,,0.5026100582899494,0.03358446772562495,3.054121386758172,,,,,,,,
74.59012764505027,,,,,,0.2285472789538614,,0.500794832312076,0.03353421040595367,3.0553588833257255,,,,,,,,
74.68972865425347,,,,,,0.22863881282860643,,0.4989861622025087,0.03348402829361341,3.056596881313346,,,,,,,,
74.78946266176828,,,,,,0.22873038336294452,,0.4971840242840773,0.03343392127606044,3.0578353809242063,,,,,,,,
74.8893298451887,,,,,,0.22882199057155783,,0.49538839496512904,0.03338388924091959,3.0590743823615565,,,,,,,,
74.98933038234597,,,,,,0.22891363446913457,,0.4935992507392119,0.03333393207598376,3.060313885828732,,,,,,,,
75.0894644513088,,,,,,0.22900531507036884,,0.4918165681847704,0.03328404966921378,3.061553891529149,,,,,,,,
75.18973223038368,,,,,,0.22909703238996043,,0.4900403239648385,0.033234241908738124,3.0627943996663083,,,,,,,,
75.29013389811516,,,,,,0.22918878644261528,,0.4882704948267336,0.03318450868285271,3.064035410443791,,,,,,,,
75.39066963328624,,,,,,0.229280577243045,,0.48650705760175295,0.033134849880020606,3.0652769240652615,,,,,,,,
75.49133961491863,,,,,,0.22937240480596727,,0.48474998920486867,0.03308526538887175,3.066518940734467,,,,,,,,
75.59214402227302,,,,,,0.2294642691461055,,0.4829992666344297,0.03303575509820283,3.0677614606552357,,,,,,,,
75.69308303484966,,,,,,0.22955617027818911,,0.4812548669718531,0.03298631889697681,3.069004484031482,,,,,,,,
75.79415683238824,,,,,,0.2296481082169533,,0.4795167673813338,0.03293695667432296,3.0702480110671977,,,,,,,,
75.89536559486874,,,,,,0.22974008297713946,,0.4777849451095354,0.032887668319536316,3.071492041966463,,,,,,,,
75.99670950251117,,,,,,0.22983209457349457,,0.47605937748530175,0.03283845372207773,3.072736576933435,,,,,,,,
76.09818873577639,,,,,,0.22992414302077155,,0.4743400419193536,0.032789312771573355,3.0739816161723588,,,,,,,,
76.1998034753662,,,,,,0.23001622833372945,,0.4726269159039953,0.03274024535781456,3.0752271598875582,,,,,,,,
76.30155390222363,,,,,,0.2301083505271329,,0.4709199770128205,0.03269125137075762,3.0764732082834425,,,,,,,,
76.4034401975334,,,,,,0.23020050961575278,,0.4692192029004175,0.03264233070052349,3.0777197615645027,,,,,,,,
76.5054625427221,,,,,,0.23029270561436577,,0.4675245713020778,0.03259348323739756,3.078966819935312,,,,,,,,
76.60762111945868,,,,,,0.23038493853775432,,0.465836060033503,0.03254470887182937,3.080214383600529,,,,,,,,
76.70991610965449,,,,,,0.2304772084007069,,0.4641536469905182,0.03249600749443248,3.0814624527648906,,,,,,,,
76.81234769546406,,,,,,0.230569515218018,,0.4624773101487756,0.03244737899598401,3.0827110276332226,,,,,,,,
76.91491605928482,,,,,,0.23066185900448788,,0.46080702756347536,0.032398823267424666,3.083960108410428,,,,,,,,
77.01762138375811,,,,,,0.23075423977492293,,0.45914277736906867,0.03235034019985821,3.085209695301498,,,,,,,,
77.12046385176885,,,,,,0.2308466575441352,,0.457484537778981,0.032301929684551534,3.086459788511502,,,,,,,,
77.22344364644641,,,,,,0.2309391123269429,,0.4558322870853176,0.032253591612934056,3.0877103882455974,,,,,,,,
77.3265609511645,,,,,,0.23103160413816998,,0.4541860036585879,0.03220532587659782,3.08896149470902,,,,,,,,
77.42981594954178,,,,,,0.23112413299264659,,0.4525456659474162,0.03215713236729702,3.090213108107092,,,,,,,,
77.53320882544212,,,,,,0.2312166989052085,,0.450911252478262,0.03210901097694783,3.0914652286452178,,,,,,,,
77.63673976297487,,,,,,0.2313093018906977,,0.44928274185513906,0.03206096159762819,3.0927178565288846,,,,,,,,
77.74040894649521,,,,,,0.23140194196396194,,0.4476601127593345,0.03201298412157753,3.093970991963664,,,,,,,,
77.84421656060455,,,,,,0.231494619139855,,0.44604334394913014,0.03196507844119654,3.0952246351552097,,,,,,,,
77.94816279015076,,,,,,0.2315873334332367,,0.444432414259524,0.031917244449046915,3.0964787863092598,,,,,,,,
78.05224782022846,,,,,,0.23168008485897254,,0.44282730260195574,0.03186948203785118,3.0977334456316328,,,,,,,,
78.15647183617965,,,,,,0.23177287343193426,,0.4412279879640244,0.03182179110049226,3.0989886133282365,,,,,,,,
78.26083502359351,,,,,,0.23186569916699937,,0.43963444940922203,0.031774171530013585,3.100244289605055,,,,,,,,
78.3653375683074,,,,,,0.23195856207905144,,0.4380466660766504,0.03172662321961843,3.1015004746681627,,,,,,,,
78.46997965640644,,,,,,0.23205146218297992,,0.4364646171807569,0.031679146062670034,3.1027571687237114,,,,,,,,
78.57476147422462,,,,,,0.23214439949368038,,0.4348882820110537,0.0316317399526911,3.1040143719779416,,,,,,,,
78.67968320834443,,,,,,0.23223737402605407,,0.4333176399318546,0.031584404783363766,3.105272084637174,,,,,,,,
78.78474504559766,,,,,,0.2323303857950085,,0.43175267038199927,0.03153714044852921,3.1065303069078136,,,,,,,,
78.88994717306555,,,,,,0.23242343481545708,,0.4301933528745865,0.031489946842187484,3.10778903899635,,,,,,,,
78.99528977807915,,,,,,0.232516521102319,,0.42863966699670536,0.031442823858497275,3.1090482811093554,,,,,,,,
79.10077304821968,,,,,,0.23260964467051964,,0.4270915924091685,0.031395771391775636,3.110308033453486,,,,,,,,
79.20639717131878,,,,,,0.23270280553499037,,0.4255491088462452,0.03134878933649778,3.1115682962354825,,,,,,,,
79.312162335459,,,,,,0.2327960037106684,,0.42401219611539626,0.03130187758729681,3.112829069662169,,,,,,,,
79.41806872897385,,,,,,0.23288923921249688,,0.4224808340970118,0.031255036038963596,3.114090353940451,,,,,,,,
79.52411654044862,,,,,,0.2329825120554252,,0.42095500274414205,0.031208264586446297,3.115352149277323,,,,,,,,
79.63030595872006,,,,,,0.2330758222544084,,0.4194346820822433,0.031161563124850425,3.116614455879858,,,,,,,,
79.73663717287747,,,,,,0.23316916982440794,,0.41791985220890737,0.03111493154943833,3.1178772739552163,,,,,,,,
79.84311037226225,,,,,,0.23326255478039082,,0.4164104932936101,0.031068369755629217,3.119140603710641,,,,,,,,
79.94972574646899,,,,,,0.23335597713733036,,0.41490658557744264,0.031021877638998677,3.120404445353459,,,,,,,,
80.05648348534515,,,,,,0.23324281270632516,,0.41387739540300766,0.030968441925694295,3.1193603243381665,,,,,,,,
80.16338377899189,,,,,,0.2329459135654767,,0.4132681449527951,0.030908863972596675,3.1162626021710844,,,,,,,,
80.2704268177641,,,,,,0.23264939235310034,,0.4126597913529909,0.03084940063722841,3.1131679562381103,,,,,,,,
80.37761279227092,,,,,,0.23235324858812387,,0.4120523332833817,0.03079005169908472,3.110076383484349,,,,,,,,
80.48494189337602,,,,,,0.23205748179008742,,0.41144576942569727,0.030730816938085024,3.106987880857939,,,,,,,,
80.59241431219786,,,,,,0.23176209147914276,,0.41084009846360814,0.030671696134572164,3.10390244531005,,,,,,,,
80.70003024011022,,,,,,0.23146707717605222,,0.4102353190827224,0.030612689069311482,3.100820073794877,,,,,,,,
80.80778986874222,,,,,,0.23117243840218882,,0.4096314299705839,0.030553795523490267,3.0977407632696456,,,,,,,,
80.91569338997914,,,,,,0.23087817467953384,,0.4090284298166666,0.030495015278716536,3.0946645106945945,,,,,,,,
81.0237409959622,,,,,,0.23058428553067806,,0.40842631731237583,0.03043634811701867,3.0915913130329904,,,,,,,,
81.13193287908948,,,,,,0.23029077047881902,,0.40782509115104126,0.03037779382084418,3.0885211672511064,,,,,,,,
81.2402692320157,,,,,,0.22999762904776203,,0.4072247500279176,0.03031935217305933,3.0854540703182356,,,,,,,,
81.34875024765302,,,,,,0.22970486076191804,,0.4066252926401793,0.030261022956947943,3.0823900192066778,,,,,,,,
81.45737611917109,,,,,,0.2294124651463035,,0.406026717686919,0.03020280595621084,3.0793290108917395,,,,,,,,
81.56614703999757,,,,,,0.22912044172653953,,0.4054290238691443,0.030144700954964947,3.0762710423517303,,,,,,,,
81.67506320381838,,,,,,0.2288287900288511,,0.40483220988977486,0.030086707737742528,3.0732161105679627,,,,,,,,
81.78412480457806,,,,,,0.22853750958006616,,0.40423627445363997,0.03002882608949036,3.0701642125247446,,,,,,,,
81.89333203648015,,,,,,0.22824659990761506,,0.4036412162674751,0.029971055795568927,3.06711534520938,,,,,,,,
82.0026850939875,,,,,,0.22795606053952966,,0.4030470340399199,0.02991339664175166,3.0640695056121645,,,,,,,,
82.11218417182265,,,,,,0.2276658910044425,,0.4024537264815145,0.029855848414224118,3.061026690726381,,,,,,,,
82.22182946496801,,,,,,0.2273760908315866,,0.40186129230469814,0.029798410899583266,3.0579868975483038,,,,,,,,
82.33162116866667,,,,,,0.22708665955079338,,0.4012697302238038,0.02974108388483646,3.0549501230771803,,,,,,,,
82.44155947842204,,,,,,0.2267975966924937,,0.4006790389550589,0.029683867157401032,3.051916364315249,,,,,,,,
82.55164458999897,,,,,,0.22650890178771516,,0.40008921721657886,0.029626760505103072,3.048885618267715,,,,,,,,
82.66187669942339,,,,,,0.22622057436808327,,0.3995002637283676,0.02956976371617702,3.0458578819427653,,,,,,,,
82.77225600298317,,,,,,0.22593261396581915,,0.3989121772123124,0.029512876579264637,3.0428331523515544,,,,,,,,
82.88278269722825,,,,,,0.22564502011373952,,0.39832495639218235,0.029456098883414317,3.039811426508205,,,,,,,,
82.993456978971,,,,,,0.2253577923452558,,0.3977385999936249,0.029399430418080307,3.036792701429806,,,,,,,,
83.10427904528663,,,,,,0.22507093019437333,,0.39715310674416376,0.029342870973121857,3.033776974136407,,,,,,,,
83.21524909351348,,,,,,0.22478443319569055,,0.39656847537319556,0.029286420338802546,3.0307642416510188,,,,,,,,
83.32636732125344,,,,,,0.2244983008843985,,0.3959847046119873,0.029230078305789407,3.0277545009996056,,,,,,,,
83.43763392637211,,,,,,0.22421253279627984,,0.3954017931936743,0.02917384466515228,3.0247477492110915,,,,,,,,
83.54904910699959,,,,,,0.22392712846770788,,0.3948197398532554,0.029117719208362782,3.0217439833173407,,,,,,,,
83.6606130615302,,,,,,0.22364208743564648,,0.39423854332759334,0.029061701727293922,3.018743200353176,,,,,,,,
83.7723259886235,,,,,,0.22335740923764846,,0.3936582023554083,0.029005792014218892,3.0157453973563553,,,,,,,,
83.88418808720407,,,,,,0.22307309341185594,,0.39307871567727926,0.028949989861810695,3.012750571367586,,,,,,,,
83.99619955646232,,,,,,0.22278913949699808,,0.39250008203563697,0.028894295063141052,3.0097587194305073,,,,,,,,
84.10836059585444,,,,,,0.22250554703239206,,0.39192230017476526,0.028838707411679893,3.0067698385917008,,,,,,,,
84.2206714051031,,,,,,0.22222231555794097,,0.39134536884079546,0.028783226701294424,3.0037839259006764,,,,,,,,
84.33313218419762,,,,,,0.22193944461413367,,0.3907692867817048,0.02872785272624839,3.000800978409876,,,,,,,,
84.44574313339437,,,,,,0.22165693374204395,,0.39019405274731356,0.02867258528120138,2.997820993174668,,,,,,,,
84.55850445321713,,,,,,0.2213747824833298,,0.38961966548928256,0.028617424161208008,2.9948439672533453,,,,,,,,
84.6714163444574,,,,,,0.22109299038023264,,0.3890461237611099,0.028562369161717182,2.991869897707122,,,,,,,,
84.78447900817491,,,,,,0.2208115569755764,,0.3884734263181288,0.02850742007857126,2.988898781600129,,,,,,,,
84.89769264569765,,,,,,0.22053048181276752,,0.3879015719175052,0.02845257670800552,2.985930615999418,,,,,,,,
85.01105745862276,,,,,,0.22024976443579275,,0.3873305593182332,0.02839783884664705,2.9829653979749446,,,,,,,,
85.12457364881621,,,,,,0.2199694043892203,,0.3867603872811355,0.02834320629151436,2.980003124599585,,,,,,,,
85.2382414184139,,,,,,0.21968940121819713,,0.38619105456885716,0.028288678840016342,2.97704379294911,,,,,,,,
85.3520609698213,,,,,,0.21940975446845012,,0.3856225599458663,0.028234256289951756,2.9740874001022064,,,,,,,,
85.46603250571447,,,,,,0.21913046368628356,,0.3850549021784484,0.028179938439508213,2.971133943140451,,,,,,,,
85.5801562290398,,,,,,0.21885152841857994,,0.3844880800347062,0.028125725087261712,2.9681834191483283,,,,,,,,
85.69443234301491,,,,,,0.21857294821279816,,0.3839220922845552,0.028071616032175697,2.9652358252132123,,,,,,,,
85.80886105112866,,,,,,0.21829472261697325,,0.3833569376997218,0.028017611073600374,2.962291158425371,,,,,,,,
85.92344255714167,,,,,,0.21801685117971556,,0.3827926150537405,0.027963710011271986,2.9593494158779623,,,,,,,,
86.03817706508663,,,,,,0.21773933345021002,,0.3822291231219513,0.027909912645312,2.95641059466703,,,,,,,,
86.15306477926872,,,,,,0.2174621689782154,,0.38166646068149684,0.02785621877622647,2.9534746918915022,,,,,,,,
86.2681059042659,,,,,,0.21718535731406355,,0.38110462651131966,0.0278026282049052,2.9505417046531868,,,,,,,,
86.38330064492918,,,,,,0.21690889800865903,,0.3805436193921608,0.027749140732621108,2.947611630056774,,,,,,,,
86.49864920638342,,,,,,0.21663279061347737,,0.3799834381065544,0.027695756161029338,2.9446844652098223,,,,,,,,
86.61415179402701,,,,,,0.21635703468056594,,0.37942408143882866,0.02764247429216673,2.9417602072227704,,,,,,,,
86.72980861353298,,,,,,0.21608162976254136,,0.37886554817509943,0.027589294928450823,2.9388388532089182,,,,,,,,
86.84561987084864,,,,,,0.21580657541259068,,0.37830783710327137,0.02753621787267943,2.935920400284441,,,,,,,,
86.96158577219663,,,,,,0.2155318711844688,,0.3777509470130316,0.02748324292802961,2.9330048455683686,,,,,,,,
87.0777065240747,,,,,,0.21525751663249937,,0.37719487669585033,0.027430369898057177,2.9300921861826006,,,,,,,,
87.19398233325649,,,,,,0.214983511311573,,0.376639624944976,0.027377598586695837,2.92718241925189,,,,,,,,
87.3104134067917,,,,,,0.21470985477714696,,0.3760851905554337,0.027324928798256452,2.9242755419038446,,,,,,,,
87.4269999520065,,,,,,0.21443654658524441,,0.37553157232402234,0.027272360337426405,2.921371551268927,,,,,,,,
87.54374217650394,,,,,,0.2141635862924536,,0.3749787690493118,0.027219893009268817,2.9184704444804486,,,,,,,,
87.66064028816425,,,,,,0.21389097345592725,,0.37442677953164083,0.027167526619221824,2.915572218674567,,,,,,,,
87.77769449514528,,,,,,0.21361870763338167,,0.37387560257311364,0.02711526097309786,2.912676870990283,,,,,,,,
87.89490500588272,,,,,,0.2133467883830966,,0.3733252369775989,0.027063095877083013,2.909784398569443,,,,,,,,
88.01227202909082,,,,,,0.2130752152639133,,0.3727756815507244,0.027011031137736084,2.9068947985567246,,,,,,,,
88.12979577376221,,,,,,0.2128039878352354,,0.3722269350998779,0.02695906656198819,2.9040080680996487,,,,,,,,
88.24747644916896,,,,,,0.21253310565702663,,0.37167899643420105,0.026907201957141743,2.901124204348561,,,,,,,,
88.36531426486225,,,,,,0.21226256828981147,,0.37113186436459,0.026855437130869977,2.898243204456644,,,,,,,,
88.48330943067324,,,,,,0.21199237529467346,,0.3705855377036904,0.02680377189121607,2.8953650655799033,,,,,,,,
88.60146215671328,,,,,,0.21172252623325497,,0.370040015265896,0.02675220604659252,2.89248978487717,,,,,,,,
88.71977265337425,,,,,,0.2114530206677563,,0.3694952958673459,0.026700739405780365,2.8896173595100962,,,,,,,,
88.83824113132897,,,,,,0.21118385816093502,,0.36895137832592184,0.026649371777928556,2.8867477866431535,,,,,,,,
88.95686780153159,,,,,,0.21091503827610542,,0.36840826146124567,0.026598102972553196,2.883881063443628,,,,,,,,
89.07565287521798,,,,,,0.21064656057713746,,0.3678659440946767,0.026546932799536835,2.881017187081619,,,,,,,,
89.1945965639059,,,,,,0.21037842462845652,,0.36732442504931007,0.026495861069127838,2.87815615473004,,,,,,,,
89.31369907939589,,,,,,0.21011062999504196,,0.36678370314997194,0.02644488759193949,2.8752979635646043,,,,,,,,
89.43296063377089,,,,,,0.20984317624242763,,0.36624377722321994,0.026394012178949572,2.872442610763839,,,,,,,,
89.55238143939745,,,,,,0.20957606293669948,,0.36570464609733766,0.02634323464149938,2.8695900935090637,,,,,,,,
89.67196170892532,,,,,,0.20930928964449677,,0.36516630860233484,0.026292554791293297,2.8667404089844055,,,,,,,,
89.79170165528858,,,,,,0.2090428559330095,,0.3646287635699421,0.02624197244039777,2.863893554376781,,,,,,,,
89.91160149170527,,,,,,0.20877676136997933,,0.3640920098336113,0.026191487401241005,2.861049526875906,,,,,,,,
90.0316614316784,,,,,,0.20851100552369772,,0.3635560462285105,0.026141099486611905,2.8582083236742837,,,,,,,,
90.15188168899599,,,,,,0.2082455879630058,,0.3630208715915228,0.02609080850965961,2.8553699419672065,,,,,,,,
90.27226247773152,,,,,,0.2079805082572935,,0.36248648476124345,0.026040614283892705,2.8525343789527517,,,,,,,,
90.39280401224433,,,,,,0.2077157659764989,,0.3619528845779773,0.025990516623178576,2.849701631831779,,,,,,,,
90.51350650718003,,,,,,0.20745136069110753,,0.36142006988373643,0.025940515341742652,2.8468716978079285,,,,,,,,
90.63437017747086,,,,,,0.20718729197215152,,0.36088803952223725,0.02589061025416779,2.844044574087615,,,,,,,,
90.75539523833588,,,,,,0.20692355939120943,,0.3603567923388991,0.025840801175393585,2.8412202578800327,,,,,,,,
90.87658190528188,,,,,,0.20666016252040453,,0.3598263271808396,0.02579108792071558,2.83839874639714,,,,,,,,
90.99793039410302,,,,,,0.20639710093240551,,0.359296642896875,0.02574147030578477,2.8355800368536714,,,,,,,,
91.11944092088201,,,,,,0.20613437420042416,,0.3587677383375146,0.02569194814660665,2.8327641264671204,,,,,,,,
91.2411137019897,,,,,,0.20587198189821643,,0.3582396123549613,0.025642521259540876,2.8299510124577503,,,,,,,,
91.36294895408625,,,,,,0.20560992360008,,0.3577122638031063,0.025593189461300212,2.827140692048578,,,,,,,,
91.48494689412081,,,,,,0.20534819888085512,,0.357185691537529,0.02554395256895017,2.824333162465385,,,,,,,,
91.60710773933238,,,,,,0.20508680731592288,,0.35665989441549284,0.025494810399908138,2.821528420936703,,,,,,,,
91.72943170725004,,,,,,0.20482574848120494,,0.3561348712959436,0.025445762771942784,2.8187264646938184,,,,,,,,
91.8519190156933,,,,,,0.20456502195316276,,0.35561062103950675,0.025396809503173322,2.8159272909707647,,,,,,,,
91.97456988277254,,,,,,0.20430462730879695,,0.35508714250848494,0.025347950412068904,2.813130897004325,,,,,,,,
92.0973845268894,,,,,,0.2040445641256466,,0.3545644345668557,0.025299185317447917,2.8103372800340245,,,,,,,,
92.22036316673717,,,,,,0.2037848319817884,,0.3540424960802685,0.025250514038477282,2.807546437302129,,,,,,,,
92.343506021301,,,,,,0.20352543045583657,,0.3535213259160435,0.025201936394671887,2.8047583660536484,,,,,,,,
92.46681330985878,,,,,,0.203266359126941,,0.3530009229431669,0.025153452205893694,2.801973063536319,,,,,,,,
92.59028525198083,,,,,,0.203007617574788,,0.3524812860322912,0.025105061292351422,2.7991905270006203,,,,,,,,
92.71392206753102,,,,,,0.20274920537959826,,0.35196241405573,0.02505676347459947,2.7964107536997536,,,,,,,,
92.83772397666645,,,,,,0.20249112212212753,,0.3514443058874584,0.02500855857353764,2.7936337408896557,,,,,,,,
92.96169119983857,,,,,,0.20223336738366438,,0.3509269604031075,0.02496044641041012,2.79085948582898,,,,,,,,
93.08582395779287,,,,,,0.20197594074603117,,0.3504103764799649,0.02491242680680517,2.788087985779111,,,,,,,,
93.21012247156979,,,,,,0.2017188417915821,,0.34989455299697014,0.02486449958465415,2.785319238004147,,,,,,,,
93.3345869625049,,,,,,0.2014620701032031,,0.34937948883471326,0.024816664566231047,2.782553239770905,,,,,,,,
93.45921765222928,,,,,,0.2012056252643111,,0.34886518287543195,0.024768921574151757,2.7797899883489157,,,,,,,,
93.58401476267001,,,,,,0.20094950685885324,,0.34835163400300956,0.024721270431373434,2.7770294810104224,,,,,,,,
93.70897851605045,,,,,,0.20069371447130627,,0.3478388411029722,0.024673710961193838,2.774271715030376,,,,,,,,
93.83410913489081,,,,,,0.20043824768667584,,0.34732680306248653,0.024626242987250614,2.7715166876864332,,,,,,,,
93.95940684200819,,,,,,0.20018310609049622,,0.346815518770358,0.024578866333520837,2.768764396258959,,,,,,,,
94.0848718605176,,,,,,0.19992828926882847,,0.3463049871170265,0.024531580824320044,2.7660148380310097,,,,,,,,
94.21050441383154,,,,,,0.1996737968082615,,0.3457952069945669,0.024484386284301923,2.7632680102883502,,,,,,,,
94.33630472566128,,,,,,0.19941962829590956,,0.3452861772966832,0.02443728253845733,2.760523910319432,,,,,,,,
94.46227302001643,,,,,,0.19916578331941323,,0.3447778969187096,0.024390269412113984,2.7577825354154055,,,,,,,,
94.58840952120593,,,,,,0.19891226146693755,,0.3442703647576054,0.024343346730935515,2.7550438828701083,,,,,,,,
94.71471445383821,,,,,,0.19865906232717193,,0.3437635797119539,0.024296514320921,2.7523079499800662,,,,,,,,
94.8411880428216,,,,,,0.19840618548932923,,0.34325754068195996,0.024249772008404252,2.7495747340444887,,,,,,,,
94.96783051336476,,,,,,0.19815363054314544,,0.342752246569447,0.02420311962005319,2.7468442323652686,,,,,,,,
95.09464209097708,,,,,,0.19790139707887858,,0.3422476962778553,0.024156556982869212,2.7441164422469773,,,,,,,,
95.22162300146906,,,,,,0.19764948468730828,,0.34174388871223926,0.024110083924186485,2.7413913609968636,,,,,,,,
95.34877347095275,,,,,,0.19739789295973514,,0.3412408227792651,0.0240637002716714,2.73866898592485,,,,,,,,
95.47609372584215,,,,,,0.19714662148797985,,0.3407384973872083,0.02401740585332187,2.735949314343529,,,,,,,,
95.60358399285343,,,,,,0.19689566986438303,,0.34023691144595225,0.02397120049746676,2.733232343568167,,,,,,,,
95.73124449900581,,,,,,0.19664503768180366,,0.3397360638669836,0.02392508403276507,2.730518070916688,,,,,,,,
95.85907547162128,,,,,,0.19639472453361964,,0.33923595356339287,0.023879056288205622,2.727806493709689,,,,,,,,
95.98707713832576,,,,,,0.1961447300137257,,0.33873657944986924,0.02383311709310604,2.725097609270418,,,,,,,,
96.11524972704878,,,,,,0.1958950537165343,,0.3382379404427006,0.02378726627711245,2.7223914149247905,,,,,,,,
96.24359346602441,,,,,,0.19564569523697362,,0.33774003545976955,0.023741503670198647,2.719687908001372,,,,,,,,
96.37210858379144,,,,,,0.19539665417048768,,0.3372428634205517,0.023695829102665544,2.7169870858313816,,,,,,,,
96.50079530919385,,,,,,0.1951479301130355,,0.3367464232461134,0.023650242405140534,2.71428894574869,,,,,,,,
96.62965387138118,,,,,,0.19489952266109026,,0.3362507138591091,0.023604743408576816,2.7115934850898142,,,,,,,,
96.75868449980895,,,,,,0.19465143141163893,,0.33575573418377924,0.023559331944252845,2.708900701193917,,,,,,,,
96.88788742423915,,,,,,0.19440365596218134,,0.3352614831459476,0.023514007843771646,2.706210591402803,,,,,,,,
97.01726287474034,,,,,,0.19415619591073005,,0.33476795967302003,0.02346877093906025,2.7035231530609196,,,,,,,,
97.14681108168867,,,,,,0.19390905085580867,,0.3342751626939799,0.02342362106236896,2.700838383515344,,,,,,,,
97.27653227576751,,,,,,0.1936622203964526,,0.3337830911393887,0.023378558046270894,2.6981562801157977,,,,,,,,
97.40642668796863,,,,,,0.19341570413220682,,0.3332917439413807,0.02333358172366115,2.6954768402146243,,,,,,,,
97.53649454959191,,,,,,0.19316950166312696,,0.3328011200336638,0.023288691927756434,2.6928000611668055,,,,,,,,
97.66673609224644,,,,,,0.19292361258977686,,0.3323112183515137,0.02324388849209421,2.6901259403299416,,,,,,,,
97.79715154785022,,,,,,0.1926780365132295,,0.33182203783177505,0.023199171250532263,2.6874544750642637,,,,,,,,
97.92774114863117,,,,,,0.19243277303506534,,0.33133357741285646,0.02315454003724798,2.6847856627326214,,,,,,,,
98.05850512712725,,,,,,0.19218782175737203,,0.3308458360347299,0.023109994686737738,2.6821195007004826,,,,,,,,
98.1894437161869,,,,,,0.19194318228274374,,0.33035881263892725,0.023065535033816344,2.6794559863359324,,,,,,,,
98.32055714896953,,,,,,0.1916988542142805,,0.32987250616853897,0.02302116091361638,2.6767951170096693,,,,,,,,
98.45184565894584,,,,,,0.19145483715558761,,0.329386915568211,0.022976872161587617,2.6741368900950033,,,,,,,,
98.58330947989838,,,,,,0.1912111307107748,,0.3289020397841428,0.022932668613496368,2.6714813029678512,,,,,,,,
98.71494884592164,,,,,,0.19096773448445614,,0.3284178777640858,0.022888550105424964,2.66882835300674,,,,,,,,
98.84676399142309,,,,,,0.1907246480817483,,0.32793442845733917,0.022844516473770976,2.6661780375927924,,,,,,,,
98.97875515112274,,,,,,0.19048187110827144,,0.32745169081475006,0.02280056755524684,2.6635303541097413,,,,,,,,
99.1109225600545,,,,,,0.19023940317014687,,0.3269696637887088,0.022756703186879022,2.6608852999439083,,,,,,,,
99.24326645356568,,,,,,0.18999724387399813,,0.3264883463331491,0.02271292320600763,2.6582428724842195,,,,,,,,
99.37578706731824,,,,,,0.18975539282694864,,0.3260077374035432,0.022669227450285576,2.655603069122185,,,,,,,,
99.50848463728852,,,,,,0.1895138496366227,,0.32552783595690227,0.02262561575767821,2.652965887251913,,,,,,,,
99.6413593997681,,,,,,0.18927261391114358,,0.325048640951772,0.022582087966462557,2.650331324270095,,,,,,,,
99.77441159136411,,,,,,0.18903168525913358,,0.3245701513482313,0.02253864391522677,2.64769937757601,,,,,,,,
99.90764144899954,,,,,,0.18879106328971307,,0.32409236610788994,0.022495283442869544,2.6450700445715176,,,,,,,,
100.04104920991385,,,,,,0.18855074761249999,,0.3236152841938862,0.02245200638859949,2.642443322661058,,,,,,,,
100.17463511166308,,,,,,0.18831073783760952,,0.3231389045708852,0.022408812591934602,2.639819209251653,,,,,,,,
100.30839939212082,,,,,,0.1880710335756525,,0.322663226205075,0.02236570189270151,2.637197701752892,,,,,,,,
100.4423422894779,,,,,,0.18783163443773618,,0.3221882480641669,0.022322674131035117,2.6345787975769444,,,,,,,,
100.57646404224361,,,,,,0.18759254003546208,,0.32171396911739036,0.02227972914737776,2.631962494138542,,,,,,,,
100.71076488924534,,,,,,0.18735374998092688,,0.32124038833549357,0.02223686678247886,2.6293487888549927,,,,,,,,
100.84524506962974,,,,,,0.18711526388672026,,0.32076750469073845,0.022194086877394076,2.626737679146159,,,,,,,,
100.97990482286245,,,,,,0.18687708136592576,,0.32029531715690124,0.022151389273484964,2.6241291624344765,,,,,,,,
101.11474438872925,,,,,,0.1866392020321189,,0.3198238247092674,0.022108773812418187,2.621523236144929,,,,,,,,
101.2497640073358,,,,,,0.18640162549936728,,0.31935302632463186,0.02206624033616507,2.6189198977050676,,,,,,,,
101.38496391910839,,,,,,0.18616435138223,,0.31888292098129584,0.022023788687000962,2.616319144544994,,,,,,,,
101.52034436479452,,,,,,0.18592737929575648,,0.3184135076590638,0.02198141870750462,2.6137209740973613,,,,,,,,
101.65590558546322,,,,,,0.18569070885548597,,0.3179447853392419,0.021939130240557606,2.6111253837973694,,,,,,,,
101.79164782250518,,,,,,0.18545433967744757,,0.31747675300463685,0.021896923129343836,2.608532371082771,,,,,,,,
101.92757131763344,,,,,,0.18521827137815913,,0.31700940963955243,0.021854797217348905,2.6059419333938627,,,,,,,,
102.06367631288398,,,,,,0.18498250357462628,,0.316542754229787,0.021812752348359474,2.603354068173479,,,,,,,,
102.199963050616,,,,,,0.1847470358843422,,0.3160767857626319,0.021770788366462707,2.600768772866994,,,,,,,,
102.33643177351213,,,,,,0.18451186792528723,,0.31561150322686987,0.021728905116045787,2.5981860449223224,,,,,,,,
102.47308272457911,,,,,,0.18427699931592795,,0.3151469056127719,0.02168710244179523,2.5956058817899117,,,,,,,,
102.60991614714811,,,,,,0.18404242967521667,,0.31468299191209576,0.021645380188696408,2.593028280922743,,,,,,,,
102.74693228487541,,,,,,0.18380815862259042,,0.3142197611180827,0.021603738202032825,2.590453239776323,,,,,,,,
102.88413138174266,,,,,,0.1835741857779707,,0.31375721222545583,0.021562176327385628,2.5878807558086843,,,,,,,,
103.02151368205709,,,,,,0.18334051076176308,,0.313295344230419,0.02152069441063314,2.5853108264803897,,,,,,,,
103.15907943045215,,,,,,0.18310713319485644,,0.3128341561306534,0.021479292297950148,2.5827434492545214,,,,,,,,
103.29682887188815,,,,,,0.1828740526986218,,0.3123736469253155,0.021437969835807324,2.580178621596679,,,,,,,,
103.43476225165253,,,,,,0.18264126889491214,,0.31191381561503445,0.021396726870970693,2.5776163409749784,,,,,,,,
103.57287981536001,,,,,,0.18240878140606218,,0.3114546612019117,0.021355563250501173,2.575056604860053,,,,,,,,
103.71118180895334,,,,,,0.18217658985488738,,0.3109961826895174,0.021314478821753875,2.5724994107250487,,,,,,,,
103.84966847870385,,,,,,0.18194469386468295,,0.31053837908288795,0.021273473432377513,2.569944756045617,,,,,,,,
103.98834007121171,,,,,,0.18171309305922365,,0.3100812493885243,0.021232546930313925,2.567392638299915,,,,,,,,
104.1271968334062,,,,,,0.1814817870627634,,0.30962479261439063,0.02119169916379752,2.56484305496861,,,,,,,,
104.26623901254644,,,,,,0.1812507755000344,,0.3091690077699111,0.02115092998135465,2.562296003534867,,,,,,,,
104.40546685622154,,,,,,0.18102005799624657,,0.30871389386596837,0.021110239231803107,2.5597514814843545,,,,,,,,
104.5448806123515,,,,,,0.1807896341770866,,0.3082594499149004,0.021069626764251496,2.557209486305233,,,,,,,,
104.68448052918738,,,,,,0.18055950366871767,,0.30780567493049926,0.02102909242809867,2.5546700154881563,,,,,,,,
104.82426685531145,,,,,,0.18032966609777915,,0.30735256792800913,0.0209886360730333,2.552133066526276,,,,,,,,
104.96423983963798,,,,,,0.1801001210913857,,0.3069001279241242,0.020948257549033216,2.549598636915232,,,,,,,,
105.10439973141379,,,,,,0.17987086827712626,,0.306448353936985,0.020907956706364826,2.547066724153148,,,,,,,,
105.24474678021855,,,,,,0.17964190728306378,,0.30599724498617775,0.020867733395582577,2.5445373257406314,,,,,,,,
105.38528123596497,,,,,,0.17941323773773507,,0.3055468000927325,0.020827587467528493,2.5420104391807756,,,,,,,,
105.52600334889945,,,,,,0.1791848592701498,,0.3050970182791204,0.02078751877333154,2.5394860619791544,,,,,,,,
105.66691336960282,,,,,,0.17895677150978942,,0.30464789856925073,0.02074752716440706,2.5369641916438144,,,,,,,,
105.80801154899045,,,,,,0.17872897408660712,,0.30419943998846993,0.02070761249245621,2.5344448256852763,,,,,,,,
105.94929813831257,,,,,,0.17850146663102745,,0.3037516415635596,0.020667774609465516,2.531927961616538,,,,,,,,
106.09077338915502,,,,,,0.1782742487739452,,0.30330450232273376,0.02062801336770625,2.5294135969530647,,,,,,,,
106.23243755343948,,,,,,0.17804732014672525,,0.3028580212956373,0.020588328619733896,2.52690172921279,,,,,,,,
106.37429088342424,,,,,,0.17782068038120127,,0.30241219751334275,0.020548720218387537,2.5243923559161106,,,,,,,,
106.51633363170441,,,,,,0.17759432910967565,,0.30196703000834907,0.020509188016789363,2.5218854745858827,,,,,,,,
106.6585660512122,,,,,,0.17736826596491917,,0.30152251781458,0.02046973186834422,2.5193810827474286,,,,,,,,
106.80098839521756,,,,,,0.17714249058017,,0.3010786599673816,0.020430351626738955,2.5168791779285273,,,,,,,,
106.94360091732882,,,,,,0.17691700258913293,,0.30063545550351894,0.020391047145941827,2.51437975765941,,,,,,,,
107.08640387149303,,,,,,0.1766918016259789,,0.3001929034611754,0.020351818280202067,2.5118828194727576,,,,,,,,
107.22939751199604,,,,,,0.17646688732534493,,0.29975100287995055,0.020312664884049335,2.509388360903709,,,,,,,,
107.3725820934633,,,,,,0.17624225932233314,,0.299309752800858,0.02027358681229317,2.5068963794898482,,,,,,,,
107.51595787086045,,,,,,0.17601791725250968,,0.29886915226632216,0.020234583920022347,2.5044068727712014,,,,,,,,
107.65952509949362,,,,,,0.17579386075190476,,0.29842920032017717,0.02019565606260447,2.5019198382902377,,,,,,,,
107.80328403500961,,,,,,0.17557008945701216,,0.29798989600766534,0.020156803095685405,2.499435273591871,,,,,,,,
107.94723493339671,,,,,,0.1753466030047881,,0.29755123837543407,0.020118024875188732,2.4969531762234505,,,,,,,,
108.09137805098494,,,,,,0.17512340103265123,,0.29711322647153443,0.020079321257315208,2.4944735437347636,,,,,,,,
108.23571364444678,,,,,,0.17490048317848136,,0.2966758593454184,0.02004069209854222,2.4919963736780266,,,,,,,,
108.38024197079747,,,,,,0.17467784908061926,,0.2962391360479369,0.020002137255623224,2.489521663607887,,,,,,,,
108.52496328739522,,,,,,0.17445549837786636,,0.29580305563133885,0.01996365658558733,2.4870494110814247,,,,,,,,
108.6698778519419,,,,,,0.1742334307094839,,0.2953676171492683,0.019925249945738726,2.484579613658145,,,,,,,,
108.81498592248373,,,,,,0.17401164571519198,,0.2949328196567619,0.01988691719365603,2.482112268899973,,,,,,,,
108.96028775741146,,,,,,0.17379014303516926,,0.29449866221024695,0.019848658187191864,2.479647374371255,,,,,,,,
109.10578361546068,,,,,,0.1735689223100528,,0.2940651438675408,0.01981047278447237,2.4771849276387607,,,,,,,,
109.25147375571245,,,,,,0.17334798318093714,,0.29363226368784745,0.01977236084389666,2.474724926271675,,,,,,,,
109.39735843759416,,,,,,0.17312732528937305,,0.29320002073175505,0.019734322224136142,2.472267367841592,,,,,,,,
109.54343792087913,,,,,,0.17290694827736836,,0.2927684140612358,0.019696356784134228,2.4698122499225237,,,,,,,,
109.689712465688,,,,,,0.17268685178738588,,0.29233744273964135,0.019658464383105624,2.467359570090885,,,,,,,,
109.83618233248845,,,,,,0.17246703546234407,,0.2919071058317033,0.01962064488053593,2.464909325925502,,,,,,,,
109.98284778209594,,,,,,0.1722474989456159,,0.29147740240353,0.01958289813618108,2.4624615150076075,,,,,,,,
110.12970907567446,,,,,,0.17202824188102792,,0.2910483315226036,0.019545224010066763,2.460016134920829,,,,,,,,
110.27676647473668,,,,,,0.17180926391286014,,0.2906198922577794,0.01950762236248796,2.457573183251197,,,,,,,,
110.42402024114428,,,,,,0.17159056468584566,,0.29019208367928373,0.019470093054008465,2.4551326575871406,,,,,,,,
110.5714706371086,,,,,,0.17137214384516983,,0.2897649048587118,0.019432635945460325,2.4526945555194852,,,,,,,,
110.71911792519136,,,,,,0.1711540010364693,,0.2893383548690246,0.01939525089794326,2.450258874641444,,,,,,,,
110.86696236830483,,,,,,0.1709361359058318,,0.28891243278454803,0.01935793777282424,2.4478256125486206,,,,,,,,
111.01500422971218,,,,,,0.17071854809979586,,0.2884871376809711,0.019320696431736964,2.4453947668390104,,,,,,,,
111.16324377302806,,,,,,0.17050123726535002,,0.2880624686353436,0.019283526736581326,2.442966335112994,,,,,,,,
111.31168126221954,,,,,,0.1702842030499316,,0.28763842472607287,0.019246428549522847,2.4405403149733287,,,,,,,,
111.46031696160566,,,,,,0.1700674451014274,,0.28721500503292413,0.0192094017329923,2.4381167040251603,,,,,,,,
111.60915113585887,,,,,,0.1698509630681718,,0.28679220863701615,0.01917244614968501,2.4356954998760063,,,,,,,,
111.7581840500047,,,,,,0.1696347565989472,,0.2863700346208211,0.019135561662560537,2.4332767001357642,,,,,,,,
111.9074159694226,,,,,,0.16941882534298325,,0.28594848206816204,0.01909874813484211,2.430860302416706,,,,,,,,
112.05684715984658,,,,,,0.1692031689499556,,0.28552755006420966,0.019062005430016,2.4284463043334705,,,,,,,,
112.2064778873655,,,,,,0.16898778706998593,,0.2851072376954818,0.01902533341183112,2.426034703503066,,,,,,,,
112.3563084184233,,,,,,0.16877267935364162,,0.28468754404984126,0.01898873194429856,2.4236254975448706,,,,,,,,
112.50633901981969,,,,,,0.1685578454519348,,0.28426846821649376,0.01895220089169105,2.4212186840806265,,,,,,,,
112.65656995871089,,,,,,0.16834328501632156,,0.2838500092859851,0.018915740118542357,2.4188142607344334,,,,,,,,
112.80700150260988,,,,,,0.1681289976987016,,0.28343216635019974,0.01887934948964685,2.416412225132752,,,,,,,,
112.95763391938655,,,,,,0.1679149831514181,,0.28301493850235965,0.018843028870059113,2.4140125749044015,,,,,,,,
113.10846747726868,,,,,,0.16770124102725656,,0.28259832483702135,0.018806778125093272,2.4116153076805564,,,,,,,,
113.25950244484204,,,,,,0.1674877709794447,,0.2821823244500745,0.018770597120322606,2.409220421094744,,,,,,,,
113.4107390910513,,,,,,0.16727457266165124,,0.28176693643873907,0.018734485721578945,2.406827912782838,,,,,,,,
113.56217768520025,,,,,,0.16706164572798582,,0.28135215990156376,0.018698443794952262,2.40443778038306,,,,,,,,
113.71381849695209,,,,,,0.16684898983299865,,0.28093799393842517,0.018662471206790175,2.402050021535982,,,,,,,,
113.86566179633002,,,,,,0.1666366046316797,,0.2805244376505248,0.01862656782369744,2.399664633884516,,,,,,,,
114.01770785371811,,,,,,0.16642448977945776,,0.28011149014038667,0.018590733512535377,2.397281615073914,,,,,,,,
114.16995693986145,,,,,,0.16621264493220023,,0.2796991505118558,0.018554968140421464,2.394900962751765,,,,,,,,
114.32240932586643,,,,,,0.16600106974621295,,0.2792874178700971,0.01851927157472886,2.392522674567998,,,,,,,,
114.47506528320146,,,,,,0.16578976387823915,,0.27887629132159275,0.018483643683085863,2.390146748174876,,,,,,,,
114.62792508369766,,,,,,0.16557872698545872,,0.2784657699741397,0.018448084333375418,2.3877731812269896,,,,,,,,
114.78098899954915,,,,,,0.16536795872548807,,0.27805585293684804,0.018412593393734595,2.3854019713812584,,,,,,,,
114.93425730331326,,,,,,0.1651574587563795,,0.27764653932014005,0.018377170732554224,2.383033116296933,,,,,,,,
115.08773026791138,,,,,,0.16494722673662054,,0.2772378282357473,0.01834181621847829,2.380666613635586,,,,,,,,
115.24140816662926,,,,,,0.16473726232513372,,0.2768297187967091,0.018306529720403537,2.3783024610611148,,,,,,,,
115.39529127311775,,,,,,0.16452756518127518,,0.27642221011736984,0.018271311107478847,2.3759406562397323,,,,,,,,
115.54937986139316,,,,,,0.16431813496483486,,0.27601530131337765,0.01823616024910484,2.373581196839969,,,,,,,,
115.70367420583743,,,,,,0.16410897133603608,,0.27560899150168316,0.018201077014933443,2.3712240805326754,,,,,,,,
115.85817458119888,,,,,,0.16390007395553444,,0.2752032798005369,0.01816606127486737,2.3688693049910134,,,,,,,,
116.01288126259297,,,,,,0.1636914424844175,,0.27479816532948653,0.018131112899059543,2.3665168678904536,,,,,,,,
116.16779452550252,,,,,,0.16348307658420397,,0.27439364720937603,0.018096231757912685,2.364166766908774,,,,,,,,
116.32291464577793,,,,,,0.16327497591684387,,0.27398972456234416,0.018061417722078924,2.361818999726062,,,,,,,,
116.47824189963798,,,,,,0.1630671401447175,,0.27358639651182187,0.0180266706624592,2.3594735640247095,,,,,,,,
116.63377656367054,,,,,,0.16285956893063458,,0.2731836621825297,0.01799199045020278,2.357130457489407,,,,,,,,
116.78951891483275,,,,,,0.1626522619378341,,0.272781520700477,0.0179573769567068,2.354789677807143,,,,,,,,
116.94546923045142,,,,,,0.16244521882998397,,0.27237997119296,0.017922830053615897,2.3524512226672067,,,,,,,,
117.10162778822372,,,,,,0.16223843927118012,,0.2719790127885594,0.017888349612821576,2.350115089761181,,,,,,,,
117.25799486621757,,,,,,0.1620319229259462,,0.27157864461713904,0.017853935506461836,2.347781276782942,,,,,,,,
117.41457074287239,,,,,,0.16182566945923257,,0.2711788658098429,0.01781958760692063,2.3454497814286532,,,,,,,,
117.57135569699943,,,,,,0.16161967853641607,,0.2707796754990941,0.017785305786827396,2.343120601396765,,,,,,,,
117.728350007782,,,,,,0.16141394982329982,,0.2703810728185934,0.01775108991905668,2.3407937343880185,,,,,,,,
117.88555395477619,,,,,,0.16120848298611237,,0.2699830569033168,0.01771693987672757,2.3384691781054365,,,,,,,,
118.04296781791163,,,,,,0.16100327769150677,,0.26958562688951315,0.017682855533203246,2.33614693025432,,,,,,,,
118.20059187749176,,,,,,0.1607983336065604,,0.2691887819147027,0.017648836762090468,2.3338269885422487,,,,,,,,
118.35842641419407,,,,,,0.16059365039877477,,0.2687925211176759,0.017614883437239236,2.331509350679083,,,,,,,,
118.51647170907081,,,,,,0.16038922773607464,,0.26839684363849103,0.017580995432742212,2.3291940143769563,,,,,,,,
118.6747280435498,,,,,,0.16018506528680712,,0.26800174861847165,0.017547172622934277,2.326880977350271,,,,,,,,
118.83319569943464,,,,,,0.15998116271974147,,0.2676072352002053,0.017513414882392025,2.3245702373156996,,,,,,,,
118.99187495890496,,,,,,0.159777519704069,,0.2672133025275423,0.01747972208593341,2.322261791992185,,,,,,,,
119.15076610451736,,,,,,0.15957413590940184,,0.2668199497455928,0.017446094108617204,2.3199556391009346,,,,,,,,
119.30986941920557,,,,,,0.1593710110057729,,0.2664271760007261,0.01741253082574255,2.3176517763654196,,,,,,,,
119.46918518628138,,,,,,0.15916814466363471,,0.26603498044056706,0.017379032112848452,2.3153502015113685,,,,,,,,
119.62871368943492,,,,,,0.15896553655385945,,0.26564336221399554,0.017345597845713337,2.313050912266769,,,,,,,,
119.78845521273486,,,,,,0.15876318634773842,,0.26525232047114483,0.017312227900354707,2.310753906361867,,,,,,,,
119.9484100406292,,,,,,0.1585610937169814,,0.26486185436339915,0.017278922153028543,2.3084591815291646,,,,,,,,
120.108578457946,,,,,,0.15835925833371572,,0.2644719630433916,0.017245680480228846,2.306166735503411,,,,,,,,
120.26896074989365,,,,,,0.1581576798704861,,0.26408264566500245,0.017212502758687246,2.3038765660216036,,,,,,,,
120.42955720206118,,,,,,0.15795635800025432,,0.263693901383358,0.01717938886537254,2.3015886708229933,,,,,,,,
120.59036810041893,,,,,,0.15775529239639857,,0.26330572935482865,0.017146338677490238,2.2993030476490746,,,,,,,,
120.75139373131934,,,,,,0.15755448273271244,,0.2629181287370256,0.01711335207248201,2.297019694243581,,,,,,,,
120.91263438149726,,,,,,0.15735392868340467,,0.2625310986888004,0.017080428928025335,2.2947386083524877,,,,,,,,
121.0740903380701,,,,,,0.15715362992309914,,0.2621446383702434,0.017047569122033056,2.2924597877240105,,,,,,,,
121.2357618885389,,,,,,0.1569535861268337,,0.2617587469426808,0.017014772532652867,2.2901832301086005,,,,,,,,
121.39764932078836,,,,,,0.15675379697005998,,0.261373423568674,0.0169820390382669,2.2879089332589446,,,,,,,,
121.55975292308791,,,,,,0.15655426212864249,,0.2609886674120163,0.016949368517491237,2.2856368949299575,,,,,,,,
121.72207298409191,,,,,,0.15635498127885827,,0.2606044776377321,0.016916760849175455,2.2833671128787834,,,,,,,,
121.88460979283988,,,,,,0.1561559540973968,,0.2602208534120755,0.016884215912402255,2.2810995848647972,,,,,,,,
122.04736363875732,,,,,,0.15595718026135905,,0.25983779390252787,0.01685173358648697,2.2788343086496,,,,,,,,
122.21033481165645,,,,,,0.1557586594482567,,0.2594552982777954,0.016819313750977075,2.2765712819970103,,,,,,,,
122.37352360173648,,,,,,0.1555603913360121,,0.2590733657078083,0.016786956285651744,2.274310502673069,,,,,,,,
122.53693029958387,,,,,,0.1553623756029576,,0.258691995363719,0.016754661070521495,2.272051968446038,,,,,,,,
122.70055519617313,,,,,,0.15516461192783523,,0.2583111864179002,0.016722427985827706,2.2697956770863956,,,,,,,,
122.86439858286751,,,,,,0.1549670999897956,,0.2579309380439421,0.016690256912042078,2.2675416263668313,,,,,,,,
123.02846075141937,,,,,,0.15476983946839767,,0.25755124941665175,0.016658147729866266,2.265289814062246,,,,,,,,
123.19274199397037,,,,,,0.15457283004360867,,0.2571721197120513,0.01662610032023148,2.263040237949754,,,,,,,,
123.35724260305241,,,,,,0.1543760713958031,,0.25679354810737554,0.016594114564298004,2.260792895808674,,,,,,,,
123.52196287158787,,,,,,0.15417956320576218,,0.25641553378107074,0.016562190343454734,2.258547785420533,,,,,,,,
123.68690309289056,,,,,,0.1539833051546736,,0.2560380759127921,0.01653032753931872,2.2563049045690584,,,,,,,,
123.85206356066591,,,,,,0.15378729692413057,,0.2556611736834022,0.01649852603373477,2.2540642510401767,,,,,,,,
124.0174445690113,,,,,,0.153591538196132,,0.2552848262749701,0.016466785708775043,2.2518258226220174,,,,,,,,
124.18304641241684,,,,,,0.15339602865308158,,0.25490903287076894,0.016435106446738568,2.249589617104907,,,,,,,,
124.34886938576612,,,,,,0.15320076797778698,,0.25453379265527354,0.016403488130150752,2.2473556322813617,,,,,,,,
124.51491378433647,,,,,,0.15300575585345963,,0.25415910481415915,0.016371930641763035,2.245123865946091,,,,,,,,
124.68117990379929,,,,,,0.15281099196371448,,0.25378496853430044,0.01634043386455244,2.242894315895997,,,,,,,,
124.84766804022075,,,,,,0.15261647599256928,,0.25341138300376886,0.016308997681721144,2.240666979930171,,,,,,,,
125.01437849006267,,,,,,0.1524222076244436,,0.25303834741183073,0.016277621976695945,2.238441855849884,,,,,,,,
125.18131155018267,,,,,,0.15222818654415884,,0.25266586094894566,0.016246306633127948,2.2362189414585933,,,,,,,,
125.34846751783458,,,,,,0.15203441243693777,,0.25229392280676555,0.016215051534892114,2.2339982345619394,,,,,,,,
125.51584669066924,,,,,,0.15184088498840378,,0.2519225321781319,0.01618385656608679,2.23177973296774,,,,,,,,
125.68344936673482,,,,,,0.15164760388458057,,0.25155168825707475,0.01615272161103331,2.229563434485992,,,,,,,,
125.85127584447777,,,,,,0.15145456881189118,,0.2511813902388101,0.016121646554275542,2.2273493369288633,,,,,,,,
126.01932642274302,,,,,,0.15126177945715785,,0.2508116373197383,0.01609063128057944,2.225137438110696,,,,,,,,
126.18760140077431,,,,,,0.1510692355076017,,0.25044242869744365,0.01605967567493269,2.2229277358480037,,,,,,,,
126.35610107821496,,,,,,0.1508769366508421,,0.2500737635706913,0.01602877962254428,2.22072022795947,,,,,,,,
126.52482575510867,,,,,,0.15068488257489565,,0.24970564113942542,0.015997943008843957,2.2185149122659413,,,,,,,,
126.69377573189978,,,,,,0.15049307296817613,,0.24933806060476799,0.015967165719481886,2.2163117865904267,,,,,,,,
126.86295130943356,,,,,,0.15030150751949423,,0.2489710211690174,0.015936447640328266,2.214110848758102,,,,,,,,
127.03235278895703,,,,,,0.15011018591805678,,0.24860452203564645,0.015905788657472886,2.211912096596302,,,,,,,,
127.20198047211981,,,,,,0.14991910785346574,,0.24823856240929945,0.015875188657224582,2.209715527934514,,,,,,,,
127.37183466097383,,,,,,0.14972827301571884,,0.24787314149579273,0.015844647526111005,2.207521140604388,,,,,,,,
127.54191565797488,,,,,,0.14953768109520774,,0.24750825850211072,0.01581416515087804,2.2053289324397203,,,,,,,,
127.7122237659822,,,,,,0.1493473317827187,,0.2471439126364058,0.015783741418489504,2.2031389012764633,,,,,,,,
127.88275928825946,,,,,,0.1491572247694316,,0.24678010310799625,0.01575337621612667,2.2009510449527183,,,,,,,,
128.05352252847555,,,,,,0.1489673597469191,,0.2464168291273634,0.01572306943118782,2.198765361308731,,,,,,,,
128.22451379070483,,,,,,0.14877773640714645,,0.2460540899061511,0.015692820951287868,2.1965818481868906,,,,,,,,
128.39573337942744,,,,,,0.14858835444247132,,0.24569188465716416,0.01566263066425797,2.1944005034317335,,,,,,,,
128.56718159953013,,,,,,0.14839921354564295,,0.24533021259436613,0.015632498458145072,2.1922213248899354,,,,,,,,
128.73885875630697,,,,,,0.14821031340980148,,0.24496907293287706,0.01560242422121148,2.1900443104103084,,,,,,,,
128.91076515545973,,,,,,0.1480216537284776,,0.24460846488897256,0.015572407841934435,2.1878694578438,,,,,,,,
129.08290110309812,,,,,,0.1478332341955923,,0.24424838768008236,0.015542449209005786,2.185696765043495,,,,,,,,
129.25526690574063,,,,,,0.1476450545054564,,0.24388884052478818,0.015512548211331512,2.1835262298646105,,,,,,,,
129.42786287031535,,,,,,0.14745711435276923,,0.2435298226428212,0.01548270473803127,2.181357850164489,,,,,,,,
129.6006893041598,,,,,,0.1472694134326194,,0.24317133325506235,0.015452918678438102,2.179191623802607,,,,,,,,
129.77374651502237,,,,,,0.14708195144048303,,0.24281337158353825,0.01542318992209787,2.17702754864056,,,,,,,,
129.94703481106194,,,,,,0.1468947280722243,,0.24245593685142172,0.01539351835876899,2.174865622542072,,,,,,,,
130.12055450084898,,,,,,0.14670774302409462,,0.242099028283029,0.015363903878421993,2.172705843372989,,,,,,,,
130.29430589336621,,,,,,0.14652099599273163,,0.2417426451038178,0.015334346371239009,2.1705482090012715,,,,,,,,
130.4682892980089,,,,,,0.14633448667515928,,0.2413867865403857,0.015304845727613446,2.168392717297,,,,,,,,
130.64250502458526,,,,,,0.14614821476878728,,0.24103145182046953,0.015275401838149643,2.1662393661323702,,,,,,,,
130.81695338331716,,,,,,0.14596217997141067,,0.24067664017294293,0.015246014593662375,2.1640881533816936,,,,,,,,
130.991634684841,,,,,,0.1457763819812088,,0.24032235082781414,0.015216683885176432,2.1619390769213878,,,,,,,,
131.16654924020793,,,,,,0.14559082049674524,,0.23996858301622473,0.015187409603926245,2.1597921346299795,,,,,,,,
131.3416973608842,,,,,,0.14540549521696763,,0.2396153359704488,0.01515819164135556,2.157647324388106,,,,,,,,
131.51707935875206,,,,,,0.14522040584120663,,0.23926260892389037,0.015129029889116947,2.1555046440785084,,,,,,,,
131.69269554611043,,,,,,0.14503555206917543,,0.23891040111108142,0.015099924239071354,2.1533640915860257,,,,,,,,
131.86854623567487,,,,,,0.14485093360096982,,0.23855871176768156,0.015070874583287852,2.151225664797605,,,,,,,,
132.044631740579,,,,,,0.14466655013706695,,0.23820754013047457,0.015041880814043085,2.149089361602284,,,,,,,,
132.22095237437415,,,,,,0.14448240137832555,,0.23785688543736852,0.015012942823820988,2.1469551798912017,,,,,,,,
132.39750845103035,,,,,,0.14426448902902403,1.9903660903653422,0.23753046948175055,0.014981724391898453,2.1440947664101877,,,,,,,,
132.57430028493715,,,,,,0.14401937310499577,1.9766136129692085,0.23722372091101093,0.014948679992545007,2.1406482826770845,,,,,,,,
132.75132819090393,,,,,,0.14377467365085964,1.9629561586120152,0.23691736847759962,0.014915708477480428,2.137207338927709,,,,,,,,
132.9285924841601,,,,,,0.143530389959003,1.9493930707300373,0.23661141166994235,0.014882809685947705,2.1337719262569244,,,,,,,,
133.10609348035612,,,,,,0.14328652132301548,1.9359236972960912,0.23630584997712537,0.01484998345754441,2.130342035773907,,,,,,,,
133.28383149556404,,,,,,0.14304306703768666,1.9225473907881676,0.23600068288889434,0.014817229632221837,2.126917658602121,,,,,,,,
133.46180684627817,,,,,,0.14280002639900427,1.9092635081583258,0.23569590989565364,0.014784548050284316,2.1234987858792977,,,,,,,,
133.64001984941495,,,,,,0.1425573987041525,1.8960714108017984,0.2353915304884665,0.014751938552388445,2.12008540875742,,,,,,,,
133.8184708223143,,,,,,0.14231518325150957,1.8829704645262613,0.23508754415905306,0.014719400979542253,2.116677518402689,,,,,,,,
133.99716008273973,,,,,,0.142073379340646,1.869960039521366,0.23478395039978997,0.014686935173104477,2.1132751059955104,,,,,,,,
134.17608794887926,,,,,,0.14183198627232207,1.8570395103284323,0.23448074870370908,0.014654540974783716,2.109878162730461,,,,,,,,
134.3552547393458,,,,,,0.141591003348486,1.8442082558104,0.23417793856449695,0.01462221822663769,2.10648667981627,,,,,,,,
134.53466077317756,,,,,,0.14135042987227248,1.831465659121989,0.2338755194764945,0.014589966771072544,2.1031006484758055,,,,,,,,
134.7143063698386,,,,,,0.14111026514800018,1.8188111076800242,0.23357349093469543,0.014557786450842014,2.0997200599460424,,,,,,,,
134.89419184921994,,,,,,0.1408705084811695,1.8062439931339687,0.23327185243474544,0.014525677109046623,2.0963449054780376,,,,,,,,
135.0743175316397,,,,,,0.1406311591784608,1.7937637113366955,0.23297060347294132,0.014493638589132966,2.0929751763369113,,,,,,,,
135.2546837378435,,,,,,0.14039221654773285,1.7813696623154658,0.23266974354623107,0.01446167073489296,2.0896108638018283,,,,,,,,
135.43529078900522,,,,,,0.14015367989802033,1.769061250243064,0.23236927215221206,0.014429773390463085,2.0862519591659727,,,,,,,,
135.61613900672788,,,,,,0.13991554853953156,1.7568378834091374,0.23206918878913013,0.01439794640032355,2.0828984537365183,,,,,,,,
135.79722871304395,,,,,,0.13967782178364696,1.7446989741917687,0.2317694929558791,0.014366189609297584,2.0795503388346135,,,,,,,,
135.97856023041567,,,,,,0.1394404989429173,1.7326439390292454,0.23147018415200044,0.014334502862550728,2.0762076057953607,,,,,,,,
136.16013388173596,,,,,,0.13920357933106112,1.720672198391978,0.23117126187768147,0.01430288600559001,2.072870245967789,,,,,,,,
136.34194999032874,,,,,,0.13896706226296332,1.708783176754658,0.23087272563375544,0.014271338884263242,2.069538250714835,,,,,,,,
136.52400887995006,,,,,,0.13873094705467232,1.6969763025685638,0.23057457492169964,0.014239861344758178,2.0662116114133147,,,,,,,,
136.70631087478813,,,,,,0.13849523302339875,1.6852510082341015,0.23027680924363525,0.01420845323360185,2.062890319453905,,,,,,,,
136.8888562994639,,,,,,0.13825991948751373,1.673606730073537,0.22997942810232672,0.014177114397659833,2.0595743662411263,,,,,,,,
137.0716454790317,,,,,,0.1380250057665464,1.6620429083038804,0.22968243100118074,0.014145844684135468,2.0562637431933166,,,,,,,,
137.2546787389803,,,,,,0.13779049118118183,1.650558987009955,0.22938581744424485,0.01411464394056905,2.0529584417426014,,,,,,,,
137.43795640523297,,,,,,0.13755637505325918,1.6391544141176935,0.22908958693620712,0.014083512014837162,2.0496584533348807,,,,,,,,
137.62147880414798,,,,,,0.13732265670577035,1.6278286413676133,0.22879373898239555,0.014052448755151962,2.0463637694298082,,,,,,,,
137.80524626251938,,,,,,0.1370893354628574,1.6165811242884423,0.22849827308877707,0.014021454010060391,2.0430743815007664,,,,,,,,
137.98925910757788,,,,,,0.1368564106498104,1.605411322170927,0.2282031887619562,0.013990527628443408,2.0397902810348376,,,,,,,,
138.1735176669911,,,,,,0.1366238815930659,1.5943186980418569,0.22790848550917459,0.013959669459515269,2.0365114595327896,,,,,,,,
138.358022268864,,,,,,0.13639174762020514,1.5833027186382658,0.22761416283831062,0.013928879352822872,2.033237908509056,,,,,,,,
138.54277324173975,,,,,,0.13616000805995163,1.5723628543817714,0.22732022025787807,0.013898157158244932,2.0299696194917085,,,,,,,,
138.72777091460003,,,,,,0.13592866224216968,1.5614985793531326,0.22702665727702573,0.013867502725991304,2.026706584022439,,,,,,,,
138.91301561686623,,,,,,0.13569770949786186,1.5507093712669422,0.22673347340553557,0.013836915906602177,2.0234487936565304,,,,,,,,
139.0985076783995,,,,,,0.13546714915916738,1.5399947114465353,0.22644066815382283,0.013806396550947413,2.0201962399628397,,,,,,,,
139.28424742950122,,,,,,0.1352369805593606,1.5293540847990714,0.2261482410329354,0.013775944510225813,2.016948914523782,,,,,,,,
139.47023520091383,,,,,,0.13500720303284866,1.5187869797907545,0.22585619155455275,0.013745559635964412,2.013706808935303,,,,,,,,
139.65647132382173,,,,,,0.13477781591516919,1.508292888422226,0.22556451923098422,0.013715241780017666,2.010469914806853,,,,,,,,
139.84295612985147,,,,,,0.13454881854298884,1.4978713062041606,0.22527322357516916,0.013684990794566795,2.0072382237613673,,,,,,,,
140.02968995107219,,,,,,0.13432021025410168,1.4875217321330285,0.22498230410067635,0.013654806532119094,2.0040117274352536,,,,,,,,
140.21667311999647,,,,,,0.13409199038742692,1.4772436686669945,0.2246917603217028,0.013624688845507178,2.000790417478363,,,,,,,,
140.40390596958113,,,,,,0.13386415828300663,1.4670366217019835,0.22440159175307223,0.013594637587888207,1.9975742855539642,,,,,,,,
140.59138883322763,,,,,,0.1336367132820041,1.4569001005479434,0.2241117979102351,0.013564652612743236,1.9943633233387261,,,,,,,,
140.7791220447823,,,,,,0.13340965472670258,1.4468336179052714,0.22382237830926807,0.013534733773876534,1.9911575225227025,,,,,,,,
140.9671059385375,,,,,,0.13318298196050243,1.4368366898413636,0.2235333324668725,0.013504880925414797,1.9879568748093015,,,,,,,,
141.15534084923164,,,,,,0.13295669432792,1.4269088357673665,0.22324465990037398,0.013475093921806498,1.98476137191527,,,,,,,,
141.3438271120506,,,,,,0.13273079117458494,1.417049578415051,0.22295636012772116,0.01344537261782108,1.9815710055706655,,,,,,,,
141.53256506262773,,,,,,0.13250527184723862,1.4072584438138824,0.2226684326674851,0.013415716868548337,1.978385767518838,,,,,,,,
141.72155503704428,,,,,,0.13228013569373276,1.3975349612682513,0.22238087703885917,0.013386126529397718,1.9752056495164152,,,,,,,,
141.91079737183028,,,,,,0.1320553820630272,1.3878786633348292,0.2220936927616574,0.013356601456097586,1.9720306433332742,,,,,,,,
142.10029240396545,,,,,,0.1318310103051875,1.378289085800083,0.22180687935631377,0.013327141504694483,1.9688607407525183,,,,,,,,
142.29004047087943,,,,,,0.13160701977138356,1.3687657676579723,0.2215204363438814,0.013297746531552442,1.9656959335704571,,,,,,,,
142.48004191045217,,,,,,0.13138340981388807,1.3593082510878036,0.2212343632460324,0.013268416393352368,1.9625362135965934,,,,,,,,
142.6702970610148,,,,,,0.13116017978607408,1.3499160814322042,0.22094865958505666,0.013239150947091265,1.9593815726535946,,,,,,,,
142.86080626135052,,,,,,0.13093732904241318,1.3405888071752528,0.22066332488386048,0.013209950050081519,1.9562320025772684,,,,,,,,
143.05156985069488,,,,,,0.13071485693847362,1.3313259799207866,0.22037835866596633,0.013180813559950228,1.9530874952165458,,,,,,,,
143.24258816873615,,,,,,0.130492762830919,1.32212715437086,0.22009376045551238,0.013151741334638565,1.9499480424334645,,,,,,,,
143.43386155561635,,,,,,0.1302710460775058,1.3129918883043163,0.21980952977725113,0.013122733232400994,1.9468136361031414,,,,,,,,
143.62539035193151,,,,,,0.13004970603708194,1.3039197425555422,0.21952566615654914,0.013093789111804656,1.9436842681137558,,,,,,,,
143.8171748987328,,,,,,0.1298287420695842,1.2949102809933348,0.2192421691193854,0.013064908831728603,1.9405599303665215,,,,,,,,
144.00921553752673,,,,,,0.12960815353603705,1.2859630704999492,0.21895903819235096,0.013036092251363143,1.9374406147756704,,,,,,,,
144.2015126102756,,,,,,0.1293879397985509,1.2770776809502908,0.21867627290264882,0.013007339230209207,1.9343263132684367,,,,,,,,
144.39406645939837,,,,,,0.12916810022032,1.2682536851912232,0.2183938727780925,0.012978649628077618,1.931217017785031,,,,,,,,
144.58687742777138,,,,,,0.12894863416562025,1.2594906590210204,0.21811183734710488,0.012950023305088352,1.9281127202786141,,,,,,,,
144.77994585872898,,,,,,0.12872954099980757,1.2507881811689878,0.21783016613871775,0.012921460121669929,1.9250134127152825,,,,,,,,
144.97327209606357,,,,,,0.1285108200893167,1.2421458332752224,0.21754885868257168,0.012892959938558745,1.9219190870740506,,,,,,,,
145.16685648402668,,,,,,0.12829247080165873,1.2335631998704886,0.2172679145089146,0.012864522616798369,1.9188297353468267,,,,,,,,
145.3606993673298,,,,,,0.12807449250541916,1.2250398683562307,0.2169873331486007,0.012836148017738818,1.9157453495383858,,,,,,,,
145.55480109114472,,,,,,0.12785688457025624,1.216575428984752,0.21670711413308985,0.012807836003035906,1.9126659216663557,,,,,,,,
145.74916200110385,,,,,,0.12763964636689953,1.2081694748395293,0.21642725699444765,0.012779586434650646,1.9095914437611994,,,,,,,,
145.94378244330127,,,,,,0.12742277726714765,1.1998216018156314,0.21614776126534374,0.012751399174848488,1.9065219078661884,,,,,,,,
146.13866276429306,,,,,,0.12720627664386672,1.1915314086003048,0.2158686264790513,0.012723274086198695,1.9034573060373863,,,,,,,,
146.3338033110983,,,,,,0.12699014387098811,1.1832984966536633,0.21558985216944604,0.012695211031573625,1.900397630343621,,,,,,,,
146.52920443119956,,,,,,0.12677437832350688,1.17512247018954,0.2153114378710055,0.012667209874148067,1.8973428728664696,,,,,,,,
146.72486647254303,,,,,,0.12655897937748042,1.1670029361564735,0.21503338311880899,0.012639270477398658,1.8942930257002424,,,,,,,,
146.92078978353953,,,,,,0.12634394641002614,1.1589395042188004,0.21475568744853588,0.01261139270510315,1.8912480809519572,,,,,,,,
147.11697471306542,,,,,,0.1261292787993195,1.150931786737877,0.2144783503964651,0.01258357642133972,1.888208030741314,,,,,,,,
147.3134216104629,,,,,,0.12591497592459253,1.142979398753458,0.21420137149947424,0.012555821490486339,1.8851728672006811,,,,,,,,
147.51013082554041,,,,,,0.1257010371661322,1.1350819579652007,0.21392475029503955,0.012528127777220137,1.8821425824750775,,,,,,,,
147.70710270857344,,,,,,0.12548746190527862,1.127239084714275,0.21364848632123432,0.012500495146516737,1.8791171687221482,,,,,,,,
147.90433761030553,,,,,,0.12527424952442245,1.1194504019651002,0.2133725791167282,0.01247292346364953,1.8760966181121397,,,,,,,,
148.10183588194852,,,,,,0.12506139940700392,1.1117155352872299,0.2130970282207865,0.012445412594189072,1.8730809228278849,,,,,,,,
148.299597875183,,,,,,0.12484891093751109,1.104034112837366,0.21282183317327003,0.012417962404002458,1.8700700750647863,,,,,,,,
148.4976239421593,,,,,,0.12463678350147768,1.0964057653414636,0.21254699351463344,0.01239057275925261,1.8670640670307896,,,,,,,,
148.69591443549774,,,,,,0.12442501648548158,1.0888301260769895,0.2122725087859252,0.01236324352639768,1.8640628909463683,,,,,,,,
148.89446970828993,,,,,,0.12421360927714264,1.0813068308552776,0.21199837852878609,0.012335974572190305,1.8610665390444958,,,,,,,,
149.09329011409892,,,,,,0.1240025612651211,1.0738355180040302,0.2117246022854487,0.01230876576367704,1.8580750035706306,,,,,,,,
149.2923760069595,,,,,,0.12379187183911633,1.0664158283499443,0.21145117959873722,0.012281616968197715,1.855088276782701,,,,,,,,
149.49172774137932,,,,,,0.12358154038986459,1.059047405201432,0.2111781100120663,0.012254528053384775,1.85210635095108,,,,,,,,
149.69134567233965,,,,,,0.12337156630913704,1.0517298943314626,0.21090539306943973,0.012227498887162559,1.8491292183585606,,,,,,,,
149.89123015529574,,,,,,0.12316194898973824,1.0444629439605448,0.21063302831545036,0.01220052933774674,1.846156871300341,,,,,,,,
150.09138154617727,,,,,,0.12295268782550473,1.0372462047398265,0.21036101529527926,0.01217361927364369,1.8431893020840082,,,,,,,,
150.29180020138912,,,,,,0.12274378221130297,1.0300793297342883,0.21008935355469513,0.012146768563649811,1.8402265030295157,,,,,,,,
150.49248647781258,,,,,,0.12253523154302716,1.0229619744060503,0.20981804264005258,0.012119977076850837,1.8372684664691539,,,,,,,,
150.69344073280485,,,,,,0.12232703521759847,1.0158937965978456,0.2095470820982928,0.012093244682621336,1.8343151847475483,,,,,,,,
150.8946633242009,,,,,,0.12211919263296218,1.0088744565165289,0.20927647147694126,0.012066571250623891,1.8313666502216206,,,,,,,,
151.09615461031316,,,,,,0.121911703188087,1.0019036167167792,0.2090062103241085,0.012039956650808644,1.8284228552605848,,,,,,,,
151.29791494993242,,,,,,0.1217045662829627,0.9949809420848611,0.20873629818848854,0.012013400753412572,1.825483792245921,,,,,,,,
151.49994470232892,,,,,,0.12149341772299715,0.9896966159568333,0.20846919195828162,0.01199085584760976,1.8221760852718676,,,,,,,,
151.70224422725263,,,,,,0.12127818337171593,0.9860600144267584,0.2082049359812675,0.011972386769067794,1.8184935234785224,,,,,,,,
151.9048138849336,,,,,,0.12106333032361014,0.9824367754468581,0.20794101497567394,0.011953946137774842,1.8148184040292359,,,,,,,,
152.1076540360828,,,,,,0.12084885790317385,0.9788268499169671,0.20767742851689075,0.011935533909914663,1.8111507118832624,,,,,,,,
152.31076504189338,,,,,,0.12063476543609758,0.9752301889173309,0.20741417618084557,0.011917150041738454,1.8074904320302476,,,,,,,,
152.5141472640406,,,,,,0.12042105224926634,0.9716467437079489,0.2071512575440034,0.011898794489564827,1.8038375494901728,,,,,,,,
152.71780106468245,,,,,,0.120207717670758,0.968076465727919,0.20688867218336676,0.011880467209779682,1.8001920493132992,,,,,,,,
152.9217268064605,,,,,,0.11999476102984077,0.9645193065947746,0.20662641967647413,0.011862168158836103,1.7965539165801006,,,,,,,,
153.125924852501,,,,,,0.11978218165697065,0.9609752181038199,0.20636449960139908,0.011843897293254208,1.7929231364011942,,,,,,,,
153.33039556641447,,,,,,0.11956997888379037,0.9574441522274966,0.2061029115367508,0.011825654569621143,1.7892996939172998,,,,,,,,
153.53513931229764,,,,,,0.11935815204312614,0.9539260611147108,0.20584165506167168,0.011807439944590851,1.7856835742991561,,,,,,,,
153.74015645473293,,,,,,0.11914670046898654,0.9504208970902038,0.20558072975583838,0.011789253374884097,1.7820747627474796,,,,,,,,
153.94544735878952,,,,,,0.11893562349656003,0.9469286126538977,0.20532013519946032,0.0117710948172883,1.7784732444928955,,,,,,,,
154.15101239002445,,,,,,0.11872492046221247,0.9434491604802464,0.2050598709732785,0.011752964228657414,1.774879004795872,,,,,,,,
154.35685191448292,,,,,,0.11851459070348545,0.9399824934175997,0.2047999366585655,0.011734861565911846,1.7712920289466658,,,,,,,,
154.5629662986985,,,,,,0.11830463355909444,0.9365285644875696,0.20454033183712517,0.011716786786038394,1.7677123022652663,,,,,,,,
154.76935590969433,,,,,,0.11809504836892644,0.9330873268843884,0.2042810560912912,0.011698739846090083,1.7641398101013315,,,,,,,,
154.9760211149838,,,,,,0.11788583447403757,0.929658733974269,0.20402210900392662,0.011680720703186086,1.7605745378341215,,,,,,,,
155.18296228257122,,,,,,0.11767699121665126,0.9262427392947783,0.20376349015842304,0.011662729314511613,1.7570164708724443,,,,,,,,
155.39017978095183,,,,,,0.11746851794015666,0.9228392965542132,0.20350519913870052,0.011644765637317851,1.753465594654602,,,,,,,,
155.59767397911315,,,,,,0.11726041398910589,0.9194483596309643,0.20324723552920654,0.011626829628921814,1.7499218946483228,,,,,,,,
155.80544524653527,,,,,,0.11705267870921247,0.9160698825728977,0.2029895989149153,0.011608921246706276,1.7463853563507061,,,,,,,,
156.01349395319195,,,,,,0.11684531144734873,0.912703819596723,0.2027322888813269,0.011591040448119618,1.742855965288157,,,,,,,,
156.22182046955095,,,,,,0.116638311551544,0.909350125087379,0.20247530501446678,0.011573187190675772,1.7393337070163304,,,,,,,,
156.43042516657445,,,,,,0.11643167837098295,0.9060087535974204,0.20221864690088542,0.011555361431954132,1.7358185671200783,,,,,,,,
156.63930841571994,,,,,,0.11622541125600327,0.9026796598463966,0.20196231412765756,0.011537563129599429,1.7323105312133855,,,,,,,,
156.8484705889413,,,,,,0.11601950955809322,0.8993627987202334,0.20170630628238095,0.011519792241321615,1.7288095849393053,,,,,,,,
157.057912058689,,,,,,0.11581397262988993,0.8960581252706263,0.20145062295317595,0.01150204872489576,1.7253157139699054,,,,,,,,
157.2676331979106,,,,,,0.11560879982517776,0.8927655947144367,0.2011952637286856,0.011484332538162022,1.7218289040062156,,,,,,,,
157.47763438005163,,,,,,0.11540399049888582,0.88948516243308,0.2009402281980742,0.011466643639025475,1.718349140778163,,,,,,,,
157.68791597905658,,,,,,0.1151995440070857,0.8862167839719155,0.2006855159510266,0.011448981985456021,1.7148764100445095,,,,,,,,
157.89847836936934,,,,,,0.1149954597069898,0.8829604150396497,0.20043112657774773,0.01143134753548829,1.7114106975927974,,,,,,,,
158.10932192593341,,,,,,0.11479173695694952,0.8797160115077406,0.20017705966896218,0.01141374024722158,1.7079519892392976,,,,,,,,
158.32044702419316,,,,,,0.1145883751164529,0.8764835294097921,0.19992331481591344,0.01139616007881971,1.7045002708289434,,,,,,,,
158.5318540400941,,,,,,0.11438537354612281,0.8732629249409639,0.19966989161036316,0.011378606988510957,1.701055528235277,,,,,,,,
158.7435433500841,,,,,,0.11418273160771447,0.8700541544573694,0.1994167896445901,0.0113610809345879,1.6976177473603853,,,,,,,,
158.9555153311137,,,,,,0.11398044866411387,0.86685717447549,0.1991640085113898,0.011343581875407368,1.694186914134846,,,,,,,,
159.16777036063644,,,,,,0.11377852407933599,0.8636719416715904,0.19891154780407455,0.01132610976939036,1.6907630145176762,,,,,,,,
159.3803088166099,,,,,,0.11357695721852244,0.8604984128811269,0.1986594071164719,0.011308664575021912,1.6873460344962696,,,,,,,,
159.59313107749665,,,,,,0.11337574744793932,0.857336545098157,0.1984075860429241,0.01129124625085097,1.6839359600863335,,,,,,,,
159.80623752226467,,,,,,0.11317489413497533,0.8541862954747622,0.1981560841782875,0.011273854755490344,1.6805327773318366,,,,,,,,
160.0196285303876,,,,,,0.11297439664814028,0.8510476213204715,0.1979049011179324,0.011256490047616604,1.6771364723049582,,,,,,,,
160.23330448184583,,,,,,0.11277425435706265,0.8479204801016788,0.1976540364577421,0.011239152085969973,1.6737470311060254,,,,,,,,
160.44726575712747,,,,,,0.1125744666324874,0.8448048294410606,0.1974034897941116,0.011221840829354204,1.6703644398634498,,,,,,,,
160.6615127372287,,,,,,0.11237503284627424,0.8417006271170081,0.19715326072394765,0.011204556236636487,1.6669886847336783,,,,,,,,
160.87604580365405,,,,,,0.112175952371396,0.8386078310630583,0.19690334884466837,0.01118729826674741,1.66361975190114,,,,,,,,
161.09086533841776,,,,,,0.11197722458193618,0.8355263993673174,0.19665375375420183,0.0111700668786808,1.6602576275781817,,,,,,,,
161.30597172404396,,,,,,0.11177884885308728,0.832456290271898,0.19640447505098615,0.011152862031493653,1.656902298005018,,,,,,,,
161.52136534356785,,,,,,0.11158082456114833,0.8293974621723452,0.19615551233396802,0.01113568368430601,1.653553749449666,,,,,,,,
161.73704658053617,,,,,,0.11138315108352341,0.8263498736170785,0.19590686520260245,0.011118531796300873,1.6502119682078948,,,,,,,,
161.95301581900748,,,,,,0.11118582779871979,0.823313483306834,0.19565853325685265,0.011101406326724142,1.6468769406031742,,,,,,,,
162.16927344355312,,,,,,0.11098885408634579,0.8202882500941002,0.1954105160971888,0.011084307234884487,1.6435486529866146,,,,,,,,
162.38581983925832,,,,,,0.11079222932710847,0.8172741329825565,0.19516281332458726,0.01106723448015322,1.6402270917369044,,,,,,,,
162.60265539172255,,,,,,0.11059595290281206,0.814271091126521,0.1949154245405302,0.011050188021964245,1.636912243260261,,,,,,,,
162.81978048705977,,,,,,0.11040002419635622,0.8112790838304025,0.19466834934700522,0.011033167819813968,1.6336040939903786,,,,,,,,
163.0371955118996,,,,,,0.11020444259173387,0.8082980705481444,0.19442158734650453,0.01101617383326118,1.6303026303883696,,,,,,,,
163.2549008533882,,,,,,0.11000920747402897,0.80532801088267,0.1941751381420238,0.010999206021926946,1.6270078389427023,,,,,,,,
163.47289689918873,,,,,,0.10981431822941476,0.8023688645853406,0.19392900133706203,0.010982264345494507,1.6237197061691513,,,,,,,,
163.69118403748163,,,,,,0.10961977424515228,0.7994205915554136,0.19368317653562103,0.010965348763709241,1.6204382186107478,,,,,,,,
163.90976265696594,,,,,,0.10942557490958792,0.7964831518394928,0.1934376633422046,0.010948459236378515,1.6171633628377167,,,,,,,,
164.1286331468594,,,,,,0.10923171961215179,0.7935565056309919,0.19319246136181786,0.010931595723371613,1.6138951254474259,,,,,,,,
164.3477958969,,,,,,0.1090382077433554,0.7906406132695875,0.1929475701999664,0.010914758184619615,1.6106334930643256,,,,,,,,
164.56725129734605,,,,,,0.10884503869479002,0.7877354352406862,0.19270298946265582,0.010897946580115296,1.6073784523398964,,,,,,,,
164.7869997389766,,,,,,0.108652211859125,0.7848409321748947,0.19245871875639148,0.010881160869913099,1.604129989952602,,,,,,,,
165.0070416130926,,,,,,0.10845972663010571,0.7819570648474803,0.19221475768817764,0.010864401014128984,1.600888092607828,,,,,,,,
165.2273773115178,,,,,,0.10826758240255112,0.7790837941778358,0.19197110586551622,0.010847666972940321,1.5976527470378226,,,,,,,,
165.4480072265992,,,,,,0.10807577857235243,0.7762210812289544,0.19172776289640672,0.010830958706585818,1.5944239400016482,,,,,,,,
165.6689317512073,,,,,,0.10788431453647133,0.7733688872069059,0.19148472838934602,0.010814276175365446,1.591201658285132,,,,,,,,
165.89015127873725,,,,,,0.10769318969293784,0.770527173460307,0.19124200195332708,0.010797619339640335,1.587985888700806,,,,,,,,
166.1116662031098,,,,,,0.10750240344084806,0.7676959014797932,0.19099958319783827,0.010780988159832623,1.5847766180878489,,,,,,,,
166.3334769187718,,,,,,0.10731195518036273,0.7648750328975007,0.19075747173286298,0.010764382596425435,1.5815738333120373,,,,,,,,
166.55558382069634,,,,,,0.10712184431270547,0.7620645294865519,0.1905156671688792,0.010747802609962769,1.578377521265696,,,,,,,,
166.7779873043842,,,,,,0.10693207024016055,0.7592643531605295,0.1902741691168587,0.01073124816104939,1.5751876688676385,,,,,,,,
167.00068776586406,,,,,,0.1067426323660713,0.7564744659729661,0.1900329771882664,0.010714719210350752,1.5720042630631164,,,,,,,,
167.22368560169377,,,,,,0.10655353009483778,0.7536948301168223,0.18979209099505945,0.010698215718592877,1.5688272908237604,,,,,,,,
167.4469812089607,,,,,,0.10636476283191514,0.7509254079239792,0.18955151014968688,0.010681737646562267,1.5656567391475305,,,,,,,,
167.67057498528212,,,,,,0.10617632998381217,0.7481661618647327,0.18931123426508933,0.010665284955105856,1.562492595058669,,,,,,,,
167.89446732880626,,,,,,0.10598823095808903,0.7454170545472795,0.18907126295469806,0.01064885760513088,1.5593348456076412,,,,,,,,
168.1186586382133,,,,,,0.10580046516335516,0.7426780487172072,0.18883159583243397,0.010632455557604774,1.5561834778710786,,,,,,,,
168.3431493127158,,,,,,0.10561303200926771,0.7399491072569933,0.18859223251270746,0.010616078773555077,1.55303847895173,,,,,,,,
168.56793975205912,,,,,,0.1054259309065299,0.7372301931855059,0.1883531726104179,0.01059972721406939,1.5498998359784144,,,,,,,,
168.79303035652228,,,,,,0.105239161266889,0.7345212696574994,0.188114415740953,0.010583400840295248,1.5467675361059627,,,,,,,,
169.01842152691924,,,,,,0.10505272250313401,0.7318222999631102,0.18787596152018743,0.010567099613440007,1.543641566515161,,,,,,,,
169.2441136645991,,,,,,0.10486661402909436,0.7291332475273636,0.18763780956448298,0.01055082349477077,1.5405219144127025,,,,,,,,
169.47010717144659,,,,,,0.10468083525963813,0.7264540759096826,0.187399959490688,0.010534572445614327,1.53740856703114,,,,,,,,
169.69640244988327,,,,,,0.10449538561066986,0.7237847488033872,0.18716241091613633,0.010518346427357017,1.5343015116288266,,,,,,,,
169.9229999028678,,,,,,0.10431026449912904,0.7211252300352072,0.1869251634586471,0.010502145401444677,1.5312007354898682,,,,,,,,
170.14989993389736,,,,,,0.10412547134298775,0.7184754835647857,0.1866882167365236,0.010485969329382484,1.5281062259240645,,,,,,,,
170.37710294700784,,,,,,0.1039410055612492,0.7158354734841945,0.18645157036855275,0.010469818172734928,1.5250179702668618,,,,,,,,
170.6046093467744,,,,,,0.1037568665739462,0.7132051640174517,0.1862152239740053,0.010453691893125713,1.5219359558793053,,,,,,,,
170.8324195383123,,,,,,0.10357305380213895,0.7105845195200329,0.1859791771726344,0.010437590452237655,1.5188601701479834,,,,,,,,
171.06053392727821,,,,,,0.10338956666791309,0.707973504478384,0.18574342958467502,0.010421513811812569,1.5157906004849717,,,,,,,,
171.28895291987044,,,,,,0.10320640459437794,0.7053720835094445,0.18550798083084344,0.010405461933651185,1.5127272343277847,,,,,,,,
171.51767692282934,,,,,,0.10302356700566523,0.7027802213601709,0.18527283053233704,0.010389434779613106,1.5096700591393302,,,,,,,,
171.74670634343838,,,,,,0.10284105332692683,0.7001978829070561,0.1850379783108334,0.010373432311616677,1.5066190624078537,,,,,,,,
171.9760415895253,,,,,,0.10265886298433272,0.6976250331556488,0.18480342378848943,0.010357454491638876,1.5035742316468812,,,,,,,,
172.2056830694623,,,,,,0.10247699540506947,0.6950616372400836,0.18456916658794076,0.010341501281715244,1.5005355543951737,,,,,,,,
172.43563119216668,,,,,,0.10229545001733871,0.6925076604226121,0.18433520633230188,0.01032557264393983,1.4975030182166809,,,,,,,,
172.6658863671018,,,,,,0.10211422625035486,0.6899630680931267,0.18410154264516487,0.010309668540465038,1.4944766107004825,,,,,,,,
172.89644900427766,,,,,,0.10193332353434376,0.6874278257686948,0.183868175150599,0.010293788933501595,1.491456319460743,,,,,,,,
173.12731951425215,,,,,,0.10175274130054028,0.6849018990930864,0.1836351034731498,0.010277933785318404,1.488442132136654,,,,,,,,
173.35849830813132,,,,,,0.10157247898118697,0.6823852538363122,0.18340232723783872,0.010262103058242487,1.485434036392387,,,,,,,,
173.58998579756988,,,,,,0.10139253600953244,0.6798778558941635,0.18316984607016285,0.010246296714658914,1.482432019917049,,,,,,,,
173.82178239477216,,,,,,0.10121291181982936,0.6773796712877459,0.18293765959609407,0.010230514717010693,1.479436070424627,,,,,,,,
174.0538885124933,,,,,,0.10103360584733234,0.6748906661630155,0.1827057674420779,0.010214757027798647,1.476446175653933,,,,,,,,
174.28630456403963,,,,,,0.10085461752829654,0.6724108067903238,0.1824741692350335,0.010199023609581371,1.4734623233685584,,,,,,,,
174.51903096326893,,,,,,0.10067594629997607,0.6699400595639644,0.1822428646023533,0.010183314424975148,1.4704845013568284,,,,,,,,
174.75206812459172,,,,,,0.10049759160062201,0.6674783910017136,0.18201185317190197,0.010167629436653837,1.467512697431748,,,,,,,,
174.9854164629723,,,,,,0.10031955286948019,0.6650257677443712,0.1817811345720154,0.010151968607348762,1.4645468994309447,,,,,,,,
175.21907639392845,,,,,,0.10014182954679043,0.6625821565553215,0.18155070843150137,0.0101363318998487,1.461587095216635,,,,,,,,
175.4530483335335,,,,,,0.0999644210737836,0.6601475243200683,0.1813205743796373,0.010120719276999675,1.4586332726755562,,,,,,,,
175.68733269841582,,,,,,0.09978732689268092,0.6577218380457986,0.18109073204617135,0.010105130701704998,1.4556854197189328,,,,,,,,
175.92192990576007,,,,,,0.0996105464466918,0.6553050648609305,0.18086118106132074,0.010089566136925103,1.452743524282421,,,,,,,,
176.15684037330837,,,,,,0.09943407918001163,0.6528971720146632,0.18063192105577122,0.010074025545677462,1.4498075743260534,,,,,,,,
176.3920645193607,,,,,,0.09925792453782063,0.6504981268765381,0.18040295166067669,0.010058508891036502,1.446877557834196,,,,,,,,
176.62760276277518,,,,,,0.09908208196628208,0.6481078969359991,0.18017427250765886,0.010043016136133552,1.4439534628155009,,,,,,,,
176.86345552296928,,,,,,0.09890655091254048,0.6457264498019492,0.17994588322880645,0.010027547244156733,1.4410352773028559,,,,,,,,
177.0996232199208,,,,,,0.09873133082471941,0.6433537532023073,0.1797177834566743,0.010012102178350826,1.4381229893533287,,,,,,,,
177.33610627416846,,,,,,0.09855642115192018,0.6409897749835749,0.17948997282428275,0.009996680902017248,1.4352165870481235,,,,,,,,
177.57290510681207,,,,,,0.09838182134422033,0.6386344831104042,0.17926245096511798,0.009981283378513938,1.4323160584925367,,,,,,,,
177.8100201395138,,,,,,0.0982075308526716,0.6362878456651596,0.17903521751313062,0.009965909571255304,1.429421391815903,,,,,,,,
178.04745179449938,,,,,,0.09803354912929792,0.6339498308474804,0.17880827210273467,0.00995055944371204,1.4265325751715414,,,,,,,,
178.2852004945576,,,,,,0.09785987562709444,0.6316204069738622,0.17858161436880848,0.009935232959411183,1.4236495967367206,,,,,,,,
178.52326666304265,,,,,,0.09768650980002486,0.6292995424772133,0.17835524394669244,0.009919930081935866,1.420772444712595,,,,,,,,
178.7616507238733,,,,,,0.0975134511030206,0.6269872059064394,0.17812916047218955,0.009904650774925387,1.4179011073241694,,,,,,,,
179.00035310153453,,,,,,0.09734069899197878,0.624683365926012,0.17790336358156475,0.009889395002075018,1.4150355728202464,,,,,,,,
179.2393742210784,,,,,,0.09716825292376004,0.6223879913155401,0.17767785291154342,0.009874162727135928,1.412175829473373,,,,,,,,
179.47871450812465,,,,,,0.09699611235618741,0.6201010509693512,0.1774526280993116,0.00985895391391515,1.4093218655797968,,,,,,,,
179.71837438886092,,,,,,0.09682427674804456,0.6178225138960723,0.1772276887825156,0.009843768526275446,1.4064736694594229,,,,,,,,
179.95835429004393,,,,,,0.09665274555907402,0.6155523492182075,0.17700303459926092,0.009828606528135274,1.4036312294557607,,,,,,,,
180.1986546390007,,,,,,0.09648151824997511,0.6132905261717153,0.17677866518811156,0.00981346788346862,1.4007945339358738,,,,,,,,
180.43927586362878,,,,,,0.09631059428240259,0.6110370141055956,0.17655458018808964,0.00979835255630496,1.3979635712903349,,,,,,,,
180.68021839239677,,,,,,0.0961399731189652,0.6087917824814776,0.17633077923867518,0.009783260510729225,1.3951383299331837,,,,,,,,
180.92148265434557,,,,,,0.0959696542232236,0.6065548008732008,0.17610726197980509,0.009768191710881611,1.3923187983018723,,,,,,,,
181.16306907908884,,,,,,0.09579963705968884,0.6043260389664061,0.17588402805187273,0.009753146120957599,1.3895049648572229,,,,,,,,
181.40497809681423,,,,,,0.09562992109382053,0.6021054665581201,0.17566107709572712,0.00973812370520777,1.386696818083373,,,,,,,,
181.64721013828384,,,,,,0.09546050579202507,0.599893053556349,0.17543840875267253,0.009723124427937768,1.383894346487734,,,,,,,,
181.88976563483465,,,,,,0.09529139062165452,0.5976887699796741,0.17521602266446804,0.009708148253508266,1.3810975386009476,,,,,,,,
182.1326450183795,,,,,,0.09512257505100459,0.5954925859568423,0.1749939184733271,0.009693195146334788,1.3783063829768347,,,,,,,,
182.37584872140846,,,,,,0.09495405854931258,0.593304471726358,0.17477209582191625,0.009678265070887692,1.3755208681923439,,,,,,,,
182.61937717698902,,,,,,0.09478584058675614,0.5911243976360829,0.1745505543533549,0.009663357991692016,1.3727409828475101,,,,,,,,
182.8632308187666,,,,,,0.09461792063445182,0.5889523341428379,0.17432929371121528,0.009648473873327503,1.369966715565411,,,,,,,,
183.1074100809657,,,,,,0.09445029816445302,0.5867882518119987,0.17410831353952153,0.009633612680428422,1.3671980549921168,,,,,,,,
183.35191539839104,,,,,,0.09428297264974839,0.5846321213170946,0.1738876134827484,0.00961877437768349,1.3644349897966395,,,,,,,,
183.59674720642784,,,,,,0.09411594356425998,0.5824839134394135,0.17366719318582152,0.009603958929835852,1.3616775086708905,,,,,,,,
183.84190594104237,,,,,,0.09394921038284221,0.5803435990676099,0.17344705229411697,0.009589166301682927,1.358925600329639,,,,,,,,
184.08739203878332,,,,,,0.09378277258127966,0.5782111491973049,0.17322719045346005,0.009574396458076392,1.356179253510459,,,,,,,,
184.33320593678198,,,,,,0.09361662963628581,0.5760865349306966,0.1730076073101253,0.009559649363922042,1.3534384569736875,,,,,,,,
184.5793480727538,,,,,,0.09345078102550074,0.5739697274761641,0.17278830251083516,0.009544924984179701,1.3507031995023726,,,,,,,,
184.82581888499874,,,,,,0.09328522622749015,0.57186069814788,0.17256927570276004,0.0095302232838632,1.3479734699022312,,,,,,,,
185.07261881240157,,,,,,0.09311996472174361,0.5697594183654249,0.1723505265335179,0.009515544228040233,1.345249257001608,,,,,,,,
185.3197482944332,,,,,,0.09295499598867286,0.5676658596533971,0.1721320546511733,0.009500887781832345,1.3425305496514253,,,,,,,,
185.56720777115166,,,,,,0.09279031950960986,0.5655799936410237,0.17191385970423662,0.009486253910414745,1.3398173367251325,,,,,,,,
185.81499768320265,,,,,,0.0926259347668054,0.5635017920617789,0.17169594134166388,0.009471642579016289,1.3371096071186663,,,,,,,,
186.0631184718199,,,,,,0.09246184124342784,0.5614312267530043,0.17147829921285623,0.009457053752919435,1.334407349750408,,,,,,,,
186.3115705788263,,,,,,0.092298038423561,0.5593682696555241,0.1712609329676594,0.009442487397460078,1.3317105535611349,,,,,,,,
186.56035444663502,,,,,,0.09213452579220265,0.5573128928132617,0.17104384225636265,0.009427943478027521,1.32901920751397,,,,,,,,
186.80947051825015,,,,,,0.0919713028352627,0.555265068372864,0.17082702672969835,0.00941342196006434,1.3263333005943418,,,,,,,,
187.0589192372668,,,,,,0.09180836903956219,0.5532247685833273,0.17061048603884219,0.009398922809066401,1.323652821809943,,,,,,,,
187.3087010478727,,,,,,0.0916457238928311,0.5511919657956159,0.1703942198354116,0.009384445990582658,1.3209777601906796,,,,,,,,
187.55881639484846,,,,,,0.09148336688370713,0.5491666324622914,0.170178227771466,0.009369991470215182,1.3183081047886294,,,,,,,,
187.809265723569,,,,,,0.09132129750173354,0.547148741137134,0.16996250949950545,0.00935555921361898,1.3156438446779914,,,,,,,,
188.06004948000404,,,,,,0.09115951523735805,0.5451382644747739,0.1697470646724705,0.009341149186501954,1.3129849689550461,,,,,,,,
188.31116811071828,,,,,,0.0909980195819312,0.5431351752303242,0.16953189294374194,0.009326761354624877,1.3103314667381138,,,,,,,,
188.56262206287283,,,,,,0.09083681002770472,0.541139446259008,0.16931699396713998,0.009312395683801222,1.307683327167506,,,,,,,,
188.81441178422625,,,,,,0.09067588606782954,0.5391510505157878,0.16910236739692328,0.00929805213989713,1.3050405394054774,,,,,,,,
189.06653772313499,,,,,,0.09051524719635458,0.5371699610550023,0.16888801288778876,0.009283730688831298,1.3024030926361856,,,,,,,,
189.31900032855384,,,,,,0.09035489290822528,0.5351961510300035,0.1686739300948715,0.00926943129657493,1.2997709760656506,,,,,,,,
189.571800050037,,,,,,0.09019482269928182,0.5332295936927908,0.1684601186737435,0.009255153929151673,1.297144178921707,,,,,,,,
189.8249373377395,,,,,,0.0900350360662574,0.5312702623936448,0.1682465782804132,0.009240898552637461,1.2945226904539553,,,,,,,,
190.07841264241733,,,,,,0.08987553250677663,0.5293181305807699,0.1680333085713251,0.00922666513316048,1.291906499933722,,,,,,,,
190.33222641542804,,,,,,0.08971631151935444,0.5273731717999364,0.16782030920335936,0.00921245363690113,1.2892955966540205,,,,,,,,
190.5863791087321,,,,,,0.08955737260339408,0.5254353596941185,0.16760757983383112,0.00919826403009186,1.2866899699295002,,,,,,,,
190.84087117489324,,,,,,0.08939871525918575,0.5235046680031397,0.16739512012048988,0.009184096279017178,1.2840896090964076,,,,,,,,
191.09570306707997,,,,,,0.08924033898790461,0.5215810705633125,0.1671829297215188,0.009169950350013462,1.281494503512536,,,,,,,,
191.35087523906583,,,,,,0.0890822432916096,0.519664541307087,0.16697100829553424,0.00915582620946898,1.2789046425571868,,,,,,,,
191.60638814522994,,,,,,0.08892442767324202,0.5177550542627001,0.16675935550158563,0.009141723823823751,1.2763200156311287,,,,,,,,
191.86224224055823,,,,,,0.08876689163662371,0.5158525835538212,0.16654797099915464,0.009127643159569529,1.2737406121565518,,,,,,,,
192.11843798064442,,,,,,0.0886096346864554,0.5139571033991984,0.16633685444815427,0.009113584183249621,1.2711664215770195,,,,,,,,
192.37497582169073,,,,,,0.08845265632831514,0.5120685881123118,0.16612600550892848,0.009099546861458878,1.268597433357429,,,,,,,,
192.63185622050804,,,,,,0.08829595606865719,0.5101870121010286,0.16591542384225227,0.009085531160843645,1.2660336369839735,,,,,,,,
192.88907963451732,,,,,,0.08813953341481016,0.5083123498672532,0.1657051091093305,0.009071537048101602,1.2634750219640931,,,,,,,,
193.14664652175065,,,,,,0.08798338787497517,0.506444576006579,0.16549506097179728,0.009057564489981743,1.2609215778264302,,,,,,,,
193.40455734085182,,,,,,0.08782751895822472,0.5045836652079468,0.1652852790917156,0.009043613453284251,1.2583732941207886,,,,,,,,
193.66281255107654,,,,,,0.08767192617450113,0.5027295922533052,0.1650757631315771,0.009029683904860463,1.2558301604180964,,,,,,,,
193.92141261229403,,,,,,0.08751660903461486,0.5008823320172631,0.16486651275430106,0.009015775811612793,1.2532921663103556,,,,,,,,
194.1803579849874,,,,,,0.08736156705024309,0.49904185946675417,0.1646575276232344,0.009001889140494603,1.250759301410605,,,,,,,,
194.43964913025502,,,,,,0.08720679973392786,0.49720814966069166,0.16444880740215018,0.008988023858510177,1.2482315553528718,,,,,,,,
194.69928650981097,,,,,,0.08705230659907476,0.49538117774963414,0.16424035175524784,0.008974179932714595,1.2457089177921312,,,,,,,,
194.95927058598545,,,,,,0.08689808715995168,0.4935609189754512,0.1640321603471528,0.008960357330213697,1.24319137840427,,,,,,,,
195.219601821726,,,,,,0.086744140931687,0.4917473486709849,0.16382423284291553,0.008946556018164013,1.2406789268860399,,,,,,,,
195.48028068059884,,,,,,0.08659046743026794,0.48994044225971367,0.16361656890801077,0.008932775963772613,1.2381715529550108,,,,,,,,
195.74130762678908,,,,,,0.08643706617253902,0.48814017525542086,0.16340916820833742,0.008919017134297106,1.2356692463495333,,,,,,,,
196.00268312510127,,,,,,0.08628393667620107,0.48634652326186656,0.16320203041021802,0.00890527949704552,1.2331719968287005,,,,,,,,
196.2644076409607,,,,,,0.08613107845980932,0.4845594619724537,0.16299515518039823,0.00889156301937627,1.2306797941723016,,,,,,,,
196.52648164041452,,,,,,0.08597849104277158,0.48277896716989604,0.1627885421860458,0.008877867668698006,1.2281926281807773,,,,,,,,
196.78890559013212,,,,,,0.08582617394534725,0.4810050147258931,0.16258219109475028,0.008864193412469573,1.2257104886751808,,,,,,,,
197.0516799574057,,,,,,0.0856741266886457,0.47923758060080535,0.16237610157452306,0.008850540218199986,1.2232333654971406,,,,,,,,
197.31480521015166,,,,,,0.08552234879462466,0.47747664084332486,0.162170273293796,0.00883690805344826,1.220761248508813,,,,,,,,
197.57828181691102,,,,,,0.08537083978608882,0.4757221715901529,0.16196470592142162,0.008823296885823421,1.218294127592845,,,,,,,,
197.84211024685075,,,,,,0.08521959918668803,0.47397414906567303,0.1617593991266718,0.00880970668298434,1.2158319926523256,,,,,,,,
198.1062909697644,,,,,,0.08506862652091603,0.47223254958163136,0.16155435257923761,0.008796137412639704,1.2133748336107504,,,,,,,,
198.37082445607243,,,,,,0.08491792131410919,0.4704973495368181,0.16134956594922917,0.008782589042547981,1.2109226404119824,,,,,,,,
198.6357111768234,,,,,,0.08476748309244479,0.4687685254167454,0.16114503890717483,0.008769061540517264,1.208475403020208,,,,,,,,
198.90095160369535,,,,,,0.08461731138293925,0.46704605379332564,0.16094077112402014,0.008755554874405248,1.2060331114198921,,,,,,,,
199.1665462089961,,,,,,0.08446740571344699,0.46532991132455676,0.16073676227112782,0.008742069012119099,1.2035957556157404,,,,,,,,
199.43249546566375,,,,,,0.08431776561265905,0.4636200747542089,0.1605330120202776,0.008728603921615468,1.2011633256326624,,,,,,,,
199.69879984726794,,,,,,0.08416839061010142,0.461916520911506,0.16032952004366505,0.008715159570900336,1.1987358115157274,,,,,,,,
199.96545982801103,,,,,,0.08401928023613336,0.4602192267108095,0.16012628601390108,0.008701735928028942,1.1963132033301194,,,,,,,,
200.2324758827287,,,,,,0.08386036670149992,0.46088937493639137,0.15989513046694104,0.00868302372521564,1.193165032835867,,,,,,,,
200.4998484868901,,,,,,0.0837002599153987,0.46191309943779885,0.15966012556536732,0.008663564387201625,1.1899168702996354,,,,,,,,
200.76757811659965,,,,,,0.08354045880626934,0.4629390978294536,0.15942546606082722,0.008644148659092177,1.1866775502617768,,,,,,,,
201.03566524859724,,,,,,0.08338096279051145,0.46396737516210523,0.15919115144567583,0.008624776443154078,1.1834470486502913,,,,,,,,
201.30411036025976,,,,,,0.08322177128563857,0.4649979364977236,0.1589571812130138,0.008605447641873123,1.1802253414587047,,,,,,,,
201.57291392960153,,,,,,0.08306288371027623,0.46603078690952204,0.15872355485668693,0.00858616215795365,1.1770124047458965,,,,,,,,
201.84207643527483,,,,,,0.08290429948416035,0.46706593148198106,0.15849027187128514,0.00856691989431806,1.1738082146359257,,,,,,,,
202.11159835657102,,,,,,0.08274601802813451,0.4681033753108747,0.15825733175214138,0.008547720754106307,1.1706127473178494,,,,,,,,
202.3814801734219,,,,,,0.0825880387641479,0.46914312350329723,0.15802473399532976,0.008528564640675407,1.1674259790455401,,,,,,,,
202.65172236640015,,,,,,0.08243036111525331,0.4701851811776869,0.15779247809766522,0.008509451457598958,1.164247886137515,,,,,,,,
202.9223254167197,,,,,,0.0822729845056052,0.4712295534638493,0.15756056355670245,0.00849038110866666,1.161078444976764,,,,,,,,
203.19328980623706,,,,,,0.08211590836045754,0.47227624550298436,0.15732898987073474,0.008471353497883862,1.15791763201057,,,,,,,,
203.46461601745287,,,,,,0.08195913210616125,0.4733252624477139,0.15709775653879215,0.008452368529470988,1.1547654237503266,,,,,,,,
203.73630453351112,,,,,,0.08180265517016282,0.4743766094621017,0.15686686306064174,0.008433426107863153,1.1516217967713798,,,,,,,,
204.00835583820185,,,,,,0.0816464769810015,0.475430291721685,0.15663630893678507,0.008414526137709613,1.1484867277128357,,,,,,,,
204.28077041596043,,,,,,0.08149059696830796,0.47648631441349454,0.15640609366845848,0.008395668523873323,1.1453601932774025,,,,,,,,
204.55354875186916,,,,,,0.08133501456280168,0.47754468273608247,0.15617621675763121,0.008376853171430476,1.142242170231211,,,,,,,,
204.82669133165845,,,,,,0.0811797291962889,0.4786054018995495,0.1559466777070042,0.008358079985669961,1.1391326354036375,,,,,,,,
205.10019864170732,,,,,,0.08102474030166065,0.47966847712556904,0.15571747602000932,0.008339348872092901,1.136031565687135,,,,,,,,
205.37407116904387,,,,,,0.08087004731289082,0.48073391364741114,0.15548861120080862,0.00832065973641226,1.1329389380370678,,,,,,,,
205.6483094013465,,,,,,0.08071564966503415,0.4818017167099701,0.15526008275429276,0.008302012484552276,1.1298547294715344,,,,,,,,
205.92291382694523,,,,,,0.08056154679422352,0.48287189156979154,0.15503189018607993,0.00828340702264801,1.1267789170711926,,,,,,,,
206.19788493482218,,,,,,0.08040773813766851,0.48394444349509713,0.15480403300251483,0.008264843257044881,1.1237114779790935,,,,,,,,
206.47322321461198,,,,,,0.08025422313365338,0.48501937776580856,0.15457651071066808,0.008246321094298206,1.120652389400517,,,,,,,,
206.74892915660303,,,,,,0.08010100122153477,0.4860966996735752,0.15434932281833474,0.008227840441172748,1.1176016286027963,,,,,,,,
207.02500325173912,,,,,,0.0799480718417394,0.48717641452180266,0.15412246883403283,0.008209401204642135,1.1145591729151443,,,,,,,,
207.30144599161875,,,,,,0.07979543443576284,0.48825852762567323,0.1538959482670034,0.00819100329188857,1.1115249997284988,,,,,,,,
207.57825786849764,,,,,,0.07964308844616635,0.48934304431217857,0.15366976062720805,0.008172646610302196,1.1084990864953377,,,,,,,,
207.85543937528826,,,,,,0.079491033316576,0.4904299699201399,0.15344390542532918,0.008154331067480734,1.1054814107295274,,,,,,,,
208.13299100556125,,,,,,0.07933926849167992,0.4915193098002372,0.15321838217276834,0.00813605657122901,1.1024719500061477,,,,,,,,
208.41091325354668,,,,,,0.0791877934172263,0.4926110693150371,0.15299319038164486,0.008117823029558406,1.0994706819613222,,,,,,,,
208.6892066141347,,,,,,0.07903660754002155,0.49370525383901726,0.15276832956479514,0.008099630350686483,1.0964775842920553,,,,,,,,
208.96787158287572,,,,,,0.07888571030792832,0.4948018687585916,0.15254379923577183,0.008081478443036524,1.0934926347560716,,,,,,,,
209.246908655982,,,,,,0.07873510116986356,0.4959009194721383,0.15231959890884272,0.00806336721523702,1.0905158111716464,,,,,,,,
209.52631833032873,,,,,,0.07858477957579607,0.4970024113900281,0.15209572809898902,0.00804529657612122,1.0875470914174357,,,,,,,,
209.80610110345464,,,,,,0.07843474497674478,0.498106349934649,0.15187218632190483,0.008027266434726694,1.0845864534323164,,,,,,,,
210.08625747356234,,,,,,0.0782849968247769,0.4992127405404318,0.15164897309399636,0.008009276700294863,1.0816338752152277,,,,,,,,
210.36678793951998,,,,,,0.07813553457300577,0.5003215886538788,0.1514260879323805,0.007991327282270571,1.0786893348249995,,,,,,,,
210.64769300086158,,,,,,0.07798635767558881,0.5014328997335892,0.15120353035488393,0.00797341809030158,1.075752810380195,,,,,,,,
210.92897315778868,,,,,,0.07783746558772547,0.5025466792502888,0.15098129988004172,0.007955549034238134,1.0728242800589407,,,,,,,,
211.21062891117066,,,,,,0.07768885776565532,0.5036629326868547,0.15075939602709654,0.00793772002413251,1.069903722098769,,,,,,,,
211.4926607625454,,,,,,0.07754053366665618,0.5047816655383408,0.15053781831599802,0.007919930970238579,1.0669911147964612,,,,,,,,
211.77506921412038,,,,,,0.07739249274904221,0.5059028833120066,0.15031656626740128,0.007902181783011341,1.064086436507881,,,,,,,,
212.05785476877418,,,,,,0.07724473447216147,0.5070265915273462,0.1500956394026657,0.007884472373106457,1.0611896656478101,,,,,,,,
212.34101793005686,,,,,,0.07709725829639413,0.5081527957161133,0.14987503724385406,0.007866802651379816,1.0583007806897915,,,,,,,,
212.62455920219043,,,,,,0.07695006368315105,0.5092815014223472,0.14965475931373204,0.007849172528887095,1.055419760165974,,,,,,,,
212.90847909007024,,,,,,0.07680315009487114,0.5104127142024013,0.14943480513576654,0.007831581916883325,1.0525465826669493,,,,,,,,
213.1927780992662,,,,,,0.07665651699501955,0.5115464396249727,0.1492151742341247,0.007814030726822388,1.0496812268415872,,,,,,,,
213.47745673602338,,,,,,0.07651016384808576,0.5126826832711276,0.14899586613367286,0.007796518870356585,1.0468236713968815,,,,,,,,
213.76251550726235,,,,,,0.0763640901195818,0.5138214507343272,0.14877688035997616,0.007779046259336271,1.043973895097797,,,,,,,,
214.04795492058082,,,,,,0.07621829527604011,0.5149627476204575,0.14855821643929673,0.007761612805809305,1.0411318767671047,,,,,,,,
214.33377548425412,,,,,,0.0760727787850118,0.5161065795478553,0.1483398738985933,0.007744218422020693,1.0382975952852287,,,,,,,,
214.61997770723661,,,,,,0.07592754011506411,0.5172529521473392,0.14812185226551933,0.007726863020412077,1.035471029590082,,,,,,,,
214.90656209916244,,,,,,0.0757825787357791,0.5184018710622341,0.1479041510684227,0.007709546513621298,1.032652158676916,,,,,,,,
215.19352917034564,,,,,,0.07563789411775165,0.5195533419483988,0.14768676983634463,0.0076922688144820455,1.0298409615981674,,,,,,,,
215.48087943178183,,,,,,0.07549348573258734,0.5207073704742542,0.14746970809901871,0.007675029836023326,1.0270374174632988,,,,,,,,
215.76861339514934,,,,,,0.0753493530529004,0.5218639623208139,0.14725296538686927,0.007657829491469046,1.0242415054386385,,,,,,,,
216.05673157280972,,,,,,0.07520549555231199,0.5230231231817106,0.14703654123101084,0.0076406676942375835,1.0214532047472311,,,,,,,,
216.3452344778083,,,,,,0.0750619127054483,0.5241848587632211,0.14682043516324736,0.007623544357941362,1.0186724946686865,,,,,,,,
216.63412262387547,,,,,,0.07491860398793879,0.5253491747842973,0.14660464671607096,0.007606459396386435,1.0158993545390216,,,,,,,,
216.92339652542805,,,,,,0.07477556887641361,0.526516076976596,0.14638917542266056,0.007589412723571966,1.0131337637505033,,,,,,,,
217.2130566975697,,,,,,0.07463280684850225,0.5276855710845046,0.14617402081688113,0.007572404253689869,1.0103757017514987,,,,,,,,
217.50310365609158,,,,,,0.07449031738283178,0.5288576628651688,0.1459591824332831,0.0075554339011243985,1.007625148046327,,,,,,,,
217.79353791747374,,,,,,0.07434809995902442,0.5300323580885222,0.14574465980710088,0.0075385015804516385,1.004882082195101,,,,,,,,
218.08435999888567,,,,,,0.07420615405769614,0.5312096625373142,0.14553045247425206,0.007521607206439162,1.0021464838135792,,,,,,,,
218.37557041818792,,,,,,0.07406447916045428,0.5323895820071401,0.14531655997133597,0.007504750694045492,0.9994183325730083,,,,,,,,
218.6671696939325,,,,,,0.07392307474989579,0.5335721223064689,0.14510298183563305,0.007487931958419762,0.9966976081999757,,,,,,,,
218.95915834536342,,,,,,0.07378194030960585,0.5347572892566692,0.14488971760510422,0.007471150914901289,0.9939842904762637,,,,,,,,
219.25153689241804,,,,,,0.0736410753241554,0.5359450886920399,0.14467676681838937,0.007454407479019102,0.9912783592386949,,,,,,,,
219.54430585572854,,,,,,0.07350047927909933,0.5371355264598412,0.14446412901480618,0.007437701566491528,0.9885797943789779,,,,,,,,
219.8374657566221,,,,,,0.07336015166097475,0.5383286084203207,0.1442518037343494,0.007421033093225773,0.9858885758435625,,,,,,,,
220.1310171171218,,,,,,0.07322009195729914,0.5395243404467412,0.1440397905176903,0.007404401975317521,0.9832046836334944,,,,,,,,
220.4249604599476,,,,,,0.07308029965656856,0.5407227284254115,0.14382808890617507,0.007387808129050489,0.9805280978042625,,,,,,,,
220.7192963085181,,,,,,0.07294077424825542,0.541923778255716,0.14361669844182384,0.0073712514708959955,0.9778587984656472,,,,,,,,
221.01402518695062,,,,,,0.07280151522280667,0.5431274958501435,0.1434056186673297,0.007354731917512551,0.9751967657815753,,,,,,,,
221.30914762006202,,,,,,0.07266252207164249,0.5443338871343135,0.14319484912605837,0.007338249385745452,0.9725419799699786,,,,,,,,
221.60466413337016,,,,,,0.0725237942871539,0.5455429580470085,0.14298438936204638,0.007321803792626362,0.969894421302639,,,,,,,,
221.9005752530944,,,,,,0.07238533136270107,0.5467547145402009,0.14277423892000066,0.007305395055372871,0.9672540701050472,,,,,,,,
222.19688150615715,,,,,,0.07224713279261136,0.5479691625790857,0.14256439734529697,0.007289023091388083,0.9646209067562495,,,,,,,,
222.49358342018454,,,,,,0.07210919807217749,0.5491863081421079,0.14235486418397922,0.007272687818260208,0.9619949116887067,,,,,,,,
222.7906815235067,,,,,,0.07197152669765595,0.5504061572209896,0.14214563898275887,0.0072563891537621526,0.9593760653881526,,,,,,,,
223.0881763451593,,,,,,0.07183411816626512,0.551628715820762,0.14193672128901358,0.007240127015851127,0.9567643483934445,,,,,,,,
223.38606841488487,,,,,,0.07169697197618288,0.5528539899597962,0.14172811065078594,0.007223901322668172,0.9541597412964153,,,,,,,,
223.6843582631333,,,,,,0.07156008762654537,0.5540819856698314,0.14151980661678282,0.007207711992537762,0.9515622247417328,,,,,,,,
223.9830464210624,,,,,,0.07142346461744514,0.5553127089960025,0.1413118087363746,0.007191558943967471,0.9489717794267597,,,,,,,,
224.2821334205391,,,,,,0.07128710244992909,0.556546165996872,0.14110411655959415,0.007175442095647472,0.9463883861014067,,,,,,,,
224.5816197941412,,,,,,0.07115100062599662,0.5577823627444615,0.14089672963713518,0.0071593613664501544,0.9438120255679852,,,,,,,,
224.88150607515746,,,,,,0.07101515864859789,0.5590213053242795,0.1406896475203519,0.007143316675429721,0.9412426786810683,,,,,,,,
225.1817927975884,,,,,,0.07087957602163217,0.5602629998353499,0.14048286976125807,0.007127307941821788,0.9386803263473532,,,,,,,,
225.4824804961478,,,,,,0.0707442522499459,0.5615074523902447,0.14027639591252591,0.007111335085042984,0.9361249495255128,,,,,,,,
225.78356970626322,,,,,,0.07060918683933086,0.5627546691151121,0.1400702255274851,0.007095398024690518,0.9335765292260583,,,,,,,,
226.08506096407763,,,,,,0.07047437929652224,0.5640046561497093,0.1398643581601216,0.007079496680541781,0.9310350465111922,,,,,,,,
226.38695480644995,,,,,,0.07033982912919698,0.5652574196474314,0.1396587933650768,0.0070636309725539475,0.9285004824946717,,,,,,,,
226.68925177095545,,,,,,0.0702055358459721,0.5665129657753396,0.13945353069764707,0.007047800820863583,0.9259728183416717,,,,,,,,
226.99195239588732,,,,,,0.07007149895640284,0.5677713007141929,0.13924856971378233,0.007032006145786261,0.9234520352686416,,,,,,,,
227.29505722025795,,,,,,0.06993771797098061,0.5690324306584812,0.13904390997008476,0.007016246867816078,0.9209381145431615,,,,,,,,
227.59856678379944,,,,,,0.06980419240113131,0.5702963618164536,0.1388395510238084,0.00700052290762533,0.918431037483807,,,,,,,,
227.9024816269642,,,,,,0.06967092175921388,0.5715631004101466,0.13863549243285814,0.006984834186064121,0.9159307854600136,,,,,,,,
228.20680229092628,,,,,,0.06953790555851835,0.5728326526754175,0.1384317337557887,0.006969180624159915,0.9134373398919357,,,,,,,,
228.51152931758287,,,,,,0.0694051433132636,0.5741050248619763,0.13822827455180334,0.0069535621431171535,0.9109506822503032,,,,,,,,
228.8166632495547,,,,,,0.06927263453859608,0.5753802232334151,0.13802511438075316,0.006937978664316863,0.908470794056289,,,,,,,,
229.12220463018662,,,,,,0.06914037875058818,0.5766582540672364,0.13782225280313645,0.006922430109316269,0.9059976568813748,,,,,,,,
229.4281540035493,,,,,,0.06900837546623595,0.5779391236548872,0.1376196893800973,0.00690691639984841,0.9035312523472079,,,,,,,,
229.73451191443962,,,,,,0.06887662420345783,0.5792228383017883,0.137417423673425,0.00689143745782171,0.9010715621254696,,,,,,,,
230.04127890838242,,,,,,0.06874512448109242,0.5805094043273681,0.13721545524555256,0.006875993205319595,0.8986185679377325,,,,,,,,
230.348455531631,,,,,,0.0686138758188969,0.5817988280650911,0.13701378365955608,0.006860583564600111,0.8961722515553289,,,,,,,,
230.65604233116758,,,,,,0.0684828777375456,0.5830911158624884,0.1368124084791542,0.006845208458095542,0.8937325947992187,,,,,,,,
230.96403985470477,,,,,,0.06835212975862795,0.5843862740811896,0.13661132926870675,0.0068298678084120065,0.891299579539851,,,,,,,,
231.27244865068707,,,,,,0.06822163140464656,0.5856843090969571,0.1364105455932135,0.006814561538329057,0.888873187697025,,,,,,,,
231.58126926829127,,,,,,0.06809138219901574,0.5869852272997149,0.13621005701831357,0.0067992895707993,0.88645340123976,,,,,,,,
231.89050225742704,,,,,,0.06796138166605979,0.5882890350935783,0.13600986311028482,0.006784051828948022,0.884040202186165,,,,,,,,
232.2001481687383,,,,,,0.06783162933101126,0.5895957388968874,0.13580996343604254,0.0067688482360728115,0.8816335726033011,,,,,,,,
232.5102075536048,,,,,,0.06770212472000896,0.5909053451422407,0.13561035756313827,0.006753678715643122,0.8792334946070446,,,,,,,,
232.82068096414253,,,,,,0.06757286736009625,0.5922178602765247,0.13541104505975907,0.006738543191299901,0.8768399503619582,,,,,,,,
233.13156895320418,,,,,,0.06744385677921981,0.5935332907609436,0.13521202549472708,0.006723441586855277,0.8744529220811614,,,,,,,,
233.442872074381,,,,,,0.06731509250622746,0.5948516430710545,0.13501329843749788,0.006708373826292081,0.8720723920261937,,,,,,,,
233.75459088200316,,,,,,0.0671865740708665,0.5961729236967965,0.13481486345816002,0.006693339833763535,0.8696983425068856,,,,,,,,
234.06672593114158,,,,,,0.067058301003782,0.5974971391425266,0.1346167201274337,0.006678339533592817,0.8673307558812221,,,,,,,,
234.37927777760828,,,,,,0.0669302728365151,0.5988242959270488,0.13441886801666997,0.006663372850272679,0.8649696145552155,,,,,,,,
234.69224697795704,,,,,,0.06680248910150141,0.6001544005836448,0.13422130669785015,0.006648439708465147,0.8626149009827775,,,,,,,,
235.00563408948483,,,,,,0.0666749493320694,0.6014874596601082,0.13402403574358476,0.006633540033001056,0.860266597665586,,,,,,,,
235.3194396702332,,,,,,0.0665476530624381,0.6028234797187781,0.13382705472711204,0.006618673748879697,0.857924687152951,,,,,,,,
235.6336642789889,,,,,,0.06642059982771598,0.6041624673365702,0.1336303632222976,0.006603840781268442,0.8555891520416888,,,,,,,,
235.94830847528436,,,,,,0.06629378916389926,0.6055044291050066,0.13343396080363346,0.006589041055502376,0.8532599749759959,,,,,,,,
236.26337281939914,,,,,,0.06616722060786995,0.6068493716302504,0.13323784704623726,0.006574274497083938,0.8509371386473167,,,,,,,,
236.57885787236168,,,,,,0.06604089369739402,0.6081973015331417,0.13304202152585048,0.00655954103168246,0.8486206257942095,,,,,,,,
236.8947641959486,,,,,,0.06591480797112037,0.6095482254492218,0.13284648381883887,0.0065448405851339245,0.8463104192022306,,,,,,,,
237.21109235268761,,,,,,0.0657889629685782,0.6109021500287761,0.13265123350219007,0.006530173083440469,0.8440065017037923,,,,,,,,
237.52784290585694,,,,,,0.06566335823017627,0.6122590819368575,0.1324562701535141,0.0065155384527700875,0.8417088561780477,,,,,,,,
237.8450164194868,,,,,,0.0655379932972007,0.6136190278533239,0.1322615933510416,0.006500936619456261,0.839417465550758,,,,,,,,
238.16261345836122,,,,,,0.06541286771181325,0.6149819944728722,0.13206720267362287,0.006486367509997513,0.8371323127941623,,,,,,,,
238.48063458801826,,,,,,0.06528798101704977,0.6163479885050694,0.1318730977007272,0.006471831051057106,0.8348533809268546,,,,,,,,
238.79908037475073,,,,,,0.06516333275681872,0.6177170166743842,0.13167927801244225,0.006457327169462687,0.8325806530136607,,,,,,,,
239.1179513856076,,,,,,0.06503892247589939,0.6190890857202211,0.13148574318947281,0.0064428557922058625,0.8303141121655094,,,,,,,,
239.43724818839553,,,,,,0.06491474971993995,0.6204642023969567,0.1312924928131397,0.006428416846441855,0.8280537415393033,,,,,,,,
239.75697135167934,,,,,,0.06479081403545597,0.6218423734739696,0.13109952646537898,0.006414010259489135,0.825799524337797,,,,,,,,
240.0771214447826,,,,,,0.06466711496982912,0.6232236057356734,0.13090684372874162,0.0063996359588290724,0.8235514438094759,,,,,,,,
240.39769903778912,,,,,,0.06454365207130516,0.6246079059815505,0.13071444418639194,0.006385293872105556,0.821309483248428,,,,,,,,
240.71870470154462,,,,,,0.06442042488899201,0.6259952810261896,0.1305223274221066,0.006370983927124606,0.8190736259942151,,,,,,,,
241.0401390076562,,,,,,0.06429743297285886,0.6273857376993118,0.13033049302027452,0.006356706051854084,0.8168438554317603,,,,,,,,
241.3620025284951,,,,,,0.06417467587373377,0.6287792828458125,0.13013894056589495,0.006342460174423212,0.8146201549912114,,,,,,,,
241.68429583719623,,,,,,0.06405215314330252,0.6301759233257876,0.1299476696445774,0.006328246223122347,0.8124025081478299,,,,,,,,
242.0070195076597,,,,,,0.06392986433410697,0.631575666014571,0.12975667984254055,0.006314064126402522,0.8101908984218622,,,,,,,,
242.33017411455248,,,,,,0.06380780899954291,0.6329785178027697,0.12956597074661086,0.0062999138128751134,0.8079853093784144,,,,,,,,
242.653760233309,,,,,,0.06368598669385896,0.6343844855962965,0.1293755419442221,0.006285795211311485,0.8057857246273337,,,,,,,,
242.97777844013143,,,,,,0.06356439697215485,0.635793576316401,0.12918539302341464,0.006271708250642637,0.8035921278230894,,,,,,,,
243.30222931199148,,,,,,0.06344303939037975,0.6372057968997066,0.12899552357283445,0.006257652859958857,0.8014045026646485,,,,,,,,
243.62711342663167,,,,,,0.06332191350533041,0.6386211542982463,0.1288059331817316,0.006243628968509324,0.7992228328953511,,,,,,,,
243.9524313625661,,,,,,0.06320101887464981,0.6400396554794948,0.12861662143996005,0.006229636505701754,0.797047102302793,,,,,,,,
244.27818369908078,,,,,,0.06308035505682555,0.6414613074264011,0.12842758793797673,0.00621567540110212,0.7948772947187083,,,,,,,,
244.60437101623555,,,,,,0.06295992161118821,0.6428861171374252,0.1282388322668404,0.0062017455844342,0.7927133940188446,,,,,,,,
244.93099389486454,,,,,,0.06283971809790968,0.6443140916265715,0.128050354018211,0.0061878469855793095,0.7905553841228461,,,,,,,,
245.25805291657798,,,,,,0.06271974407800146,0.6457452379234256,0.12786215278434834,0.006173979534575852,0.7884032489941297,,,,,,,,
245.58554866376272,,,,,,0.06259999911331315,0.6471795630731877,0.12767422815811147,0.00616014316161904,0.7862569726397686,,,,,,,,
245.9134817195828,,,,,,0.062480482766531,0.6486170741367039,0.12748657973295818,0.00614633779706055,0.784116539110377,,,,,,,,
246.2418526679809,,,,,,0.062361194601176284,0.6500577781905044,0.12729920710294373,0.006132563371408127,0.7819819324999885,,,,,,,,
246.57066209368008,,,,,,0.06224213418160337,0.6515016823268395,0.12711210986271973,0.006118819815325245,0.7798531369459337,,,,,,,,
246.89991058218402,,,,,,0.06212330107299831,0.6529487936537129,0.12692528760753355,0.006105107059630769,0.7777301366287269,,,,,,,,
247.22959871977787,,,,,,0.062004694841377564,0.6543991192949148,0.1267387399332278,0.006091425035298611,0.775612915771951,,,,,,,,
247.55972709352955,,,,,,0.061886315053586174,0.6558526663900579,0.12655246643623894,0.006077773673457399,0.7735014586421372,,,,,,,,
247.89029629129146,,,,,,0.06176816127729587,0.6573094420946161,0.12636646671359641,0.006064152905390057,0.7713957495486444,,,,,,,,
248.22130690170098,,,,,,0.06165023308100389,0.6587694535799569,0.12618074036292187,0.00605056266253353,0.7692957728435469,,,,,,,,
248.55275951418093,,,,,,0.06153253003403148,0.6602327080333745,0.1259952869824287,0.006037002876478443,0.7672015129215202,,,,,,,,
248.8846547189415,,,,,,0.06141505170652195,0.6616992126581288,0.1258101061709206,0.0060234734789686994,0.7651129542197209,,,,,,,,
249.2169931069807,,,,,,0.0612977976694395,0.6631689746734781,0.12562519752779108,0.006009974401901207,0.763030081217674,,,,,,,,
249.54977527008631,,,,,,0.06118076749456723,0.6646420013147185,0.1254405606530222,0.00599650557732545,0.760952878437153,,,,,,,,
249.88300180083618,,,,,,0.06106396075450574,0.666118299833217,0.1252561951471839,0.005983066937443211,0.7588813304420675,,,,,,,,
250.21667329259904,,,,,,0.0609473770226719,0.6675978774964453,0.12507210061143345,0.005969658414608242,0.7568154218383525,,,,,,,,
250.55079033953592,,,,,,0.06083101587329692,0.669080741588017,0.12488827664751438,0.005956279941325873,0.75475513727385,,,,,,,,
250.88535353660177,,,,,,0.06071487688142478,0.6705668994077271,0.12470472285775523,0.005942931450252698,0.7527004614381924,,,,,,,,
251.2203634795459,,,,,,0.06059895962291079,0.6720563582715839,0.12452143884506901,0.005929612874196208,0.7506513790626915,,,,,,,,
251.55582076491277,,,,,,0.06048326367442013,0.6735491255118445,0.12433842421295263,0.005916324146114526,0.7486078749202286,,,,,,,,
251.89172599004328,,,,,,0.06036778861342633,0.6750452084770521,0.12415567856548577,0.005903065199115994,0.7465699338251374,,,,,,,,
252.2280797530765,,,,,,0.06025253401820939,0.6765446145320744,0.12397320150732975,0.005889835966458864,0.7445375406330889,,,,,,,,
252.56488265295033,,,,,,0.06013749946785439,0.6780473510581383,0.1237909926437269,0.005876636381550954,0.7425106802409815,,,,,,,,
252.90213528940174,,,,,,0.06002268454225031,0.6795534254528635,0.1236090515805,0.005863466377949332,0.7404893375868322,,,,,,,,
253.2398382629689,,,,,,0.059908088822088076,0.6810628451303022,0.12342737792405113,0.005850325889359978,0.7384734976496594,,,,,,,,
253.57799217499158,,,,,,0.059793711888859215,0.6825756175209736,0.1232459712813609,0.005837214849637434,0.7364631454493752,,,,,,,,
253.9165976276131,,,,,,0.05967955332485414,0.6840917500719039,0.12306483125998731,0.0058241331927844685,0.7344582660466688,,,,,,,,
254.2556552237808,,,,,,0.05956561271316078,0.6856112502466604,0.12288395746806513,0.005811080852951759,0.7324588445428988,,,,,,,,
254.5951655672466,,,,,,0.05945188963766312,0.6871341255253863,0.12270334951430543,0.0057980577644375616,0.7304648660799856,,,,,,,,
254.9351292625686,,,,,,0.05933838368303971,0.6886603834048395,0.12252300700799429,0.005785063861687392,0.7284763158402979,,,,,,,,
255.27554691511278,,,,,,0.059225094434761746,0.690190031398432,0.12234292955899177,0.0057720990792936525,0.7264931790465395,,,,,,,,
255.61641913105342,,,,,,0.05911202147909193,0.6917230770362649,0.12216311677773135,0.005759163351995318,0.7245154409616427,,,,,,,,
255.9577465173737,,,,,,0.05899916440308305,0.6932595278651621,0.1219835682752194,0.0057462566146776585,0.7225430868886611,,,,,,,,
256.2995296818673,,,,,,0.05888652279457622,0.694799391448711,0.12180428366303393,0.005733378802371853,0.7205761021706586,,,,,,,,
256.64176923314,,,,,,0.05877409624219934,0.6963426753673012,0.12162526255332361,0.005720529850254672,0.7186144721905963,,,,,,,,
256.98446578061044,,,,,,0.05866188433536572,0.6978893872181601,0.12144650455880708,0.00570770969364816,0.7166581823712277,,,,,,,,
257.32761993451015,,,,,,0.058549886664272646,0.6994395346153875,0.1212680092927726,0.005694918268019317,0.7147072181749928,,,,,,,,
257.6712323058862,,,,,,0.058438102819899834,0.7009931251899969,0.12108977636907647,0.005682155508979778,0.7127615651039062,,,,,,,,
258.0153035066009,,,,,,0.05832653239400788,0.7025501665899502,0.12091180540214284,0.005669421352285464,0.7108212086994513,,,,,,,,
258.35983414933446,,,,,,0.058215174979136704,0.7041106664801998,0.12073409600696218,0.005656715733836269,0.7088861345424698,,,,,,,,
258.704824847585,,,,,,0.058104030168604145,0.705674632542723,0.12055664779909087,0.005644038589675738,0.7069563282530563,,,,,,,,
259.05027621566944,,,,,,0.057993097556504565,0.7072420724765582,0.1203794603946505,0.005631389855990754,0.705031775490455,,,,,,,,
259.39618886872495,,,,,,0.057882376737707394,0.7088129939978446,0.12020253341032704,0.005618769469111233,0.7031124619529502,,,,,,,,
259.7425634227106,,,,,,0.05777186730785534,0.7103874048398631,0.1200258664633694,0.0056061773655097374,0.7011983733777568,,,,,,,,
260.08940049440804,,,,,,0.057661568863363044,0.7119653127530714,0.11984945917158912,0.005593613481801212,0.6992894955409172,,,,,,,,
260.4367007014219,,,,,,0.057551481001415924,0.7135467255051403,0.11967331115335969,0.0055810777547426775,0.6973858142571994,,,,,,,,
260.78446466218156,,,,,,0.05744160331996847,0.7151316508809942,0.11949742202761553,0.005568570121232872,0.695487315379987,,,,,,,,
261.13269299594276,,,,,,0.05733193541774247,0.7167200966828512,0.11932179141385083,0.005556090518311941,0.6935939848011728,,,,,,,,
261.481386322788,,,,,,0.05722247689422596,0.7183120707302603,0.11914641893211905,0.005543638883161126,0.6917058084510562,,,,,,,,
261.8305452636274,,,,,,0.05711322734967177,0.7199075808601363,0.1189713042030323,0.0055312151531024655,0.6898227722982413,,,,,,,,
262.18017044020036,,,,,,0.0570041863850958,0.7215066349268028,0.11879644684776022,0.005518819265598451,0.6879448623495286,,,,,,,,
262.53026247507626,,,,,,0.056895353602275864,0.7231092408020281,0.11862184648802933,0.005506451158251747,0.6860720646498139,,,,,,,,
262.8808219916564,,,,,,0.056786728603749774,0.7247154063750677,0.11844750274612183,0.005494110768804834,0.68420436528198,,,,,,,,
263.23184961417434,,,,,,0.05667831099281428,0.7263251395527005,0.11827341524487509,0.005481798035139701,0.6823417503667968,,,,,,,,
263.5833459676969,,,,,,0.056570100373523696,0.7279384482592657,0.11809958360768112,0.005469512895277589,0.6804842060628203,,,,,,,,
263.93531167812534,,,,,,0.05646209635068818,0.7295553404367036,0.11792600745848537,0.005457255287378621,0.6786317185662872,,,,,,,,
264.2877473721973,,,,,,0.056354298529872324,0.7311758240445979,0.1177526864217858,0.0054450251497415005,0.6767842741110095,,,,,,,,
264.6406536774874,,,,,,0.05624670651739374,0.732799907060212,0.11757962012263216,0.005432822420803205,0.674941858968275,,,,,,,,
264.9940312224076,,,,,,0.05613931992032178,0.7344275974785258,0.11740680818662572,0.005420647039138691,0.673104459446748,,,,,,,,
265.347880636209,,,,,,0.05603213834647606,0.7360589033122776,0.11723425023991783,0.005408498943460586,0.6712720618923651,,,,,,,,
265.7022025489836,,,,,,0.05592516140442478,0.737693832592006,0.11706194590920915,0.005396378072618846,0.6694446526882303,,,,,,,,
266.0569975916647,,,,,,0.055818388703483365,0.7393323933660872,0.11688989482174895,0.005384284365600453,0.6676222182545171,,,,,,,,
266.41226639602746,,,,,,0.055711819853713436,0.7409745937007717,0.11671809660533466,0.005372217761529168,0.6658047450483705,,,,,,,,
266.768009594691,,,,,,0.05560545446592089,0.7426204416802278,0.11654655088831056,0.0053601781996651466,0.6639922195638017,,,,,,,,
267.12422782111906,,,,,,0.05549929215165483,0.7442699454065794,0.11637525729956735,0.005348165619404702,0.6621846283315908,,,,,,,,
267.48092170962155,,,,,,0.05539333252320584,0.7459231129999492,0.11620421546854087,0.005336179960279919,0.6603819579191823,,,,,,,,
267.83809189535543,,,,,,0.05528757519360464,0.747579952598496,0.11603342502521162,0.005324221161958413,0.6585841949305886,,,,,,,,
268.19573901432545,,,,,,0.055182019776620975,0.7492404723584528,0.11586288560010415,0.005312289164243031,0.6567913260062929,,,,,,,,
268.5538637033854,,,,,,0.05507666588676202,0.7509046804541692,0.11569259682428609,0.005300383907071511,0.6550033378231465,,,,,,,,
268.91246660024007,,,,,,0.054971513139270664,0.7525725850781539,0.11552255832936706,0.005288505330516188,0.6532202170942684,,,,,,,,
269.27154834344583,,,,,,0.05486656115012447,0.754244194441113,0.11535276974749807,0.005276653374783701,0.651441950568948,,,,,,,,
269.63110957241116,,,,,,0.054761809536034343,0.7559195167719873,0.11518323071137103,0.005264827980214696,0.6496685250325505,,,,,,,,
269.99115092739834,,,,,,0.054657257914442876,0.757598560317996,0.11501394085421776,0.005253029087283539,0.6478999273064149,,,,,,,,
270.3516730495251,,,,,,0.05455290590352297,0.7592813333446793,0.11484489980980883,0.005241256636597961,0.6461361442477541,,,,,,,,
270.7126765807654,,,,,,0.054448753122176514,0.760967844135937,0.1146761072124531,0.005229510568898804,0.6443771627495598,,,,,,,,
271.0741621639497,,,,,,0.054344799190033065,0.7626581009940662,0.11450756269699708,0.005217790825059742,0.6426229697405074,,,,,,,,
271.43613044276725,,,,,,0.05424104372744842,0.7643521122398065,0.11433926589882398,0.005206097346086932,0.6408735521848555,,,,,,,,
271.7985820617665,,,,,,0.05413748635550317,0.766049886212378,0.1141712164538529,0.0051944300731187505,0.639128897082351,,,,,,,,
272.16151766635716,,,,,,0.054034126696001245,0.7677514312695267,0.11400341399853786,0.005182788947425479,0.6373889914681291,,,,,,,,
272.5249379028107,,,,,,0.053930964371468645,0.7694567557875625,0.11383585816986715,0.005171173910409016,0.6356538224126193,,,,,,,,
272.88884341826105,,,,,,0.05382799900515213,0.7711658681613981,0.11366854860536292,0.005159584903602587,0.6339233770214516,,,,,,,,
273.25323486070624,,,,,,0.05372523022101783,0.7728787768045932,0.11350148494307999,0.005148021868670464,0.6321976424353591,,,,,,,,
273.6181128790102,,,,,,0.05362265764374964,0.7745954901493979,0.11333466682160495,0.005136484747407631,0.6304766058300789,,,,,,,,
273.9834781229032,,,,,,0.05352028089874794,0.7763160166467923,0.11316809388005553,0.0051249734817394995,0.6287602544162595,,,,,,,,
274.34933124298266,,,,,,0.053418099612128525,0.7780403647665249,0.11300176575808017,0.005113488013721673,0.6270485754393686,,,,,,,,
274.7156728907146,,,,,,0.05331611341072103,0.7797685429971573,0.1128356820958569,0.005102028285539592,0.6253415561795961,,,,,,,,
275.0825037184359,,,,,,0.05321432192206721,0.7815005598461096,0.11266984253409221,0.005090594239508246,0.6236391839517545,,,,,,,,
275.44982437935334,,,,,,0.05311272477442034,0.7832364238396934,0.1125042467140212,0.005079185818071945,0.6219414461051952,,,,,,,,
275.81763552754717,,,,,,0.0530113215967431,0.7849761435231642,0.11233889427740575,0.005067802963803929,0.6202483300237029,,,,,,,,
276.18593781797,,,,,,0.05291011201870672,0.7867197274607541,0.11217378486653455,0.005056445619406186,0.6185598231254117,,,,,,,,
276.55473190644915,,,,,,0.05280909567068958,0.7884671842357182,0.11200891812422219,0.005045113727709094,0.6168759128627072,,,,,,,,
276.9240184496882,,,,,,0.05270827218377547,0.7902185224503788,0.11184429369380787,0.005033807231671147,0.6151965867221308,,,,,,,,
277.2937981052677,,,,,,0.0526076411897526,0.7919737507261664,0.111679911219155,0.005022526074378673,0.6135218322242899,,,,,,,,
277.6640715316455,,,,,,0.05250720232111232,0.793732877703658,0.1115157703446507,0.0050112701990455534,0.6118516369237667,,,,,,,,
278.03483938815896,,,,,,0.05240695521104758,0.7954959120426235,0.11135187071520473,0.005000039549012948,0.6101859884090236,,,,,,,,
278.4061023350263,,,,,,0.05230689949345153,0.7972628624220702,0.11118821197624851,0.004988834067748973,0.6085248743023092,,,,,,,,
278.7778610333472,,,,,,0.052207034802916295,0.7990337375402834,0.11102479377373456,0.00497765369884842,0.6068682822595671,,,,,,,,
279.1501161451039,,,,,,0.052107360774731756,0.800808546114866,0.11086161575413606,0.004966498386032532,0.6052161999703488,,,,,,,,
279.5228683331622,,,,,,0.05200787704488413,0.8025872968827844,0.1106986775644457,0.004955368073148655,0.6035686151577178,,,,,,,,
279.8961182612742,,,,,,0.051908583250054416,0.804369998600416,0.11053597885217468,0.004944262704169967,0.601925515578156,,,,,,,,
280.2698665940769,,,,,,0.051809479027617476,0.8061566600435818,0.11037351926535276,0.004933182223195229,0.6002868890214804,,,,,,,,
280.64411399709616,,,,,,0.05171056401564029,0.8079472900076015,0.11021129845252654,0.004922126574448455,0.5986527233107436,,,,,,,,
281.0188611367456,,,,,,0.051611837852880975,0.8097418973073263,0.1100493160627595,0.0049110957022786865,0.5970230063021505,,,,,,,,
281.3941086803287,,,,,,0.051513300178787434,0.8115404907771875,0.10988757174563084,0.00490008955115967,0.595397725884966,,,,,,,,
281.7698572960405,,,,,,0.05141495063349576,0.8133430792712416,0.10972606515123472,0.004889108065689583,0.5937768699814209,,,,,,,,
282.1461076529684,,,,,,0.051316788857829004,0.8151496716632121,0.10956479593017941,0.004878151190590764,0.5921604265466258,,,,,,,,
282.5228604210926,,,,,,0.051218814493296246,0.8169602768465296,0.10940376373358703,0.004867218870709441,0.5905483835684837,,,,,,,,
282.90011627128797,,,,,,0.05112102718209095,0.818774903734379,0.10924296821309236,0.004856311051015461,0.5889407290675981,,,,,,,,
283.2778758753258,,,,,,0.051023426567089504,0.8205935612597459,0.1090824090208421,0.004845427676601961,0.5873374510971817,,,,,,,,
283.6561399058742,,,,,,0.05092601229185019,0.8224162583754577,0.1089220858094941,0.004834568692685144,0.5857385377429701,,,,,,,,
284.0349090364993,,,,,,0.05082878400061194,0.8242430040542248,0.10876199823221692,0.004823734044604004,0.5841439771231354,,,,,,,,
284.41418394166635,,,,,,0.050731741338292884,0.8260738072886881,0.108602145942689,0.004812923677820024,0.5825537573881959,,,,,,,,
284.79396529674216,,,,,,0.05063488395048889,0.8279086770914668,0.10844252859509733,0.004802137537916901,0.5809678667209242,,,,,,,,
285.1742537779943,,,,,,0.0505382114834727,0.8297476224951933,0.10828314584413763,0.004791375570600301,0.5793862933362678,,,,,,,,
285.5550500625943,,,,,,0.05044172358419215,0.8315906525525689,0.1081239973450127,0.00478063772169755,0.5778090254812519,,,,,,,,
285.93635482861737,,,,,,0.05034541990026935,0.8334377763363986,0.10796508275343245,0.004769923937157389,0.5762360514349005,,,,,,,,
286.3181687550439,,,,,,0.050249300079999115,0.8352890029396397,0.10780640172561279,0.004759234163049706,0.574667359508146,,,,,,,,
286.70049252176165,,,,,,0.05015336377234765,0.8371443414754496,0.10764795391827468,0.004748568345565232,0.5731029380437391,,,,,,,,
287.0833268095662,,,,,,0.05005761062695135,0.8390038010772277,0.10748973898864359,0.004737926431015273,0.5715427754161657,,,,,,,,
287.46667230016163,,,,,,0.04996204029411561,0.8408673908986577,0.10733175659444906,0.004727308365831496,0.5699868600315618,,,,,,,,
287.85052967616224,,,,,,0.04986665242481355,0.8427351201137554,0.10717400639392365,0.004716714096565598,0.568435180327626,,,,,,,,
288.23489962109454,,,,,,0.04977144667068448,0.8446069979169166,0.107016488045802,0.004706143569889054,0.56688772477353,,,,,,,,
288.61978281939764,,,,,,0.04967642268403273,0.8464830335229598,0.1068592012093203,0.004695596732592851,0.5653444818698367,,,,,,,,
289.0051799564241,,,,,,0.04958158011782674,0.8483632361671686,0.10670214554421587,0.004685073531587229,0.5638054401484158,,,,,,,,
289.39109171844194,,,,,,0.04948691862569728,0.850247615105341,0.10654532071072594,0.0046745739139014125,0.5622705881723559,,,,,,,,
289.7775187926351,,,,,,0.0493924378619366,0.8521361796138328,0.1063887263695873,0.004664097826683332,0.5607399145358815,,,,,,,,
290.1644618671059,,,,,,0.049298137481496807,0.8540289389896073,0.10623236218203505,0.004653645217199355,0.5592134078642647,,,,,,,,
290.55192163087537,,,,,,0.0492040171399887,0.855925902550278,0.10607622780980228,0.004643216032834032,0.5576910568137432,,,,,,,,
290.9398987738841,,,,,,0.049110076493680814,0.8578270796341517,0.10592032291511935,0.004632810221089832,0.5561728500714382,,,,,,,,
291.328393986994,,,,,,0.04901631519949796,0.8597324796002775,0.10576464716071322,0.004622427729586895,0.5546587763552683,,,,,,,,
291.71740796198986,,,,,,0.04892273291501969,0.8616421118284957,0.1056092002098062,0.00461206850606271,0.5531488244138626,,,,,,,,
292.10694139158045,,,,,,0.048829329298479406,0.8635559857194809,0.10545398172611561,0.004601732498371905,0.5516429830264802,,,,,,,,
292.4969949693989,,,,,,0.048736104008763166,0.8654741106947855,0.10529899137385325,0.004591419654485989,0.5501412410029288,,,,,,,,
292.88756939000433,,,,,,0.0486430567054082,0.8673964961968892,0.10514422881772448,0.004581129922493055,0.5486435871834792,,,,,,,,
293.27866534888426,,,,,,0.04855018704860167,0.869323151689248,0.10498969372292716,0.004570863250597531,0.5471500104387801,,,,,,,,
293.6702835424546,,,,,,0.04845749469917953,0.8712540866563381,0.10483538575515128,0.004560619587119925,0.5456604996697778,,,,,,,,
294.0624246680608,,,,,,0.04836497931862532,0.8731893106036996,0.10468130458057835,0.004550398880496564,0.5441750438076359,,,,,,,,
294.4550894239797,,,,,,0.048272640569068936,0.8751288330579879,0.10452744986588049,0.004540201079279346,0.5426936318136495,,,,,,,,
294.84827850942014,,,,,,0.04818047811328527,0.8770726635670173,0.10437382127821974,0.004530026132135456,0.5412162526791658,,,,,,,,
295.2419926245255,,,,,,0.04808849161469301,0.8790208116998126,0.10422041848524714,0.0045198739878471155,0.5397428954254986,,,,,,,,
295.6362324703738,,,,,,0.04799668073735343,0.8809732870466532,0.10406724115510221,0.004509744595311332,0.538273549103849,,,,,,,,
296.0309987489787,,,,,,0.04790504514596925,0.8829300992191177,0.10391428895641244,0.004499637903539644,0.5368082027952263,,,,,,,,
296.42629216329135,,,,,,0.04781358450588343,0.8848912578501335,0.10376156155829236,0.004489553861657863,0.535346845610365,,,,,,,,
296.82211341720205,,,,,,0.047722298483077706,0.8868567725940277,0.10360905863034253,0.004479492418905801,0.533889466689641,,,,,,,,
297.21846321554114,,,,,,0.047631186744171446,0.8888266531265717,0.1034567798426492,0.004469453524637031,0.5324360552029933,,,,,,,,
297.6153422640794,,,,,,0.04754024895642073,0.8908009091450256,0.1033047248657837,0.004459437128318628,0.5309866003498462,,,,,,,,
298.01275126953004,,,,,,0.04744948478771692,0.8927795503681888,0.1031528933708015,0.004449443179530936,0.5295410913590264,,,,,,,,
298.41069093955065,,,,,,0.04735889390658523,0.8947625865364511,0.10300128502924137,0.004439471627967269,0.5280995174886807,,,,,,,,
298.8091619827437,,,,,,0.04726847598218378,0.8967500274118377,0.10284989951312477,0.004429522423433672,0.5266618680261987,,,,,,,,
299.2081651086572,,,,,,0.047178230684302505,0.8987418827780543,0.1026987364949555,0.004419595515848713,0.5252281322881353,,,,,,,,
299.60770102778713,,,,,,0.047088157683361616,0.9007381624405393,0.10254779564771853,0.004409690855243171,0.5237982996201275,,,,,,,,
300.0077704515777,,,0.18589414282868202,,0.46188974618320394,0.04699810755161774,0.9026857008450941,0.10239649767165157,0.004399811724864317,0.5223636148440581,,,,,,,,
300.40837409242374,,,0.1855926327337764,,0.4613617805975881,0.04690071222421795,0.901949319223936,0.10221622078116377,0.004390122740355158,0.520492487551417,,,,,,,,
300.8095126636714,,,0.18529161167169303,,0.46083441850590484,0.046803518731536396,0.9012135383189416,0.10203626128197321,0.004380455092309164,0.5186280627113301,,,,,,,,
301.2111868796189,,,0.18499107884924756,,0.46030765921832784,0.04670652665530615,0.900478357640067,0.10185661861528829,0.004370808733740546,0.5167703163153465,,,,,,,,
301.613397455518,,,0.18469103347454244,,0.45978150204581875,0.04660973557812701,0.899743776697668,0.10167729222330123,0.004361183617766972,0.5149192244410148,,,,,,,,
302.0161451075763,,,0.18439147475696394,,0.4592559463001264,0.04651314508346371,0.8990097950024983,0.10149828154918605,0.0043515796976093596,0.5130747632515715,,,,,,,,
302.4194305529578,,,0.18409240190718065,,0.4587309912937861,0.0464167547556441,0.8982764120657111,0.10131958603709702,0.004341996926591624,0.5112369089956377,,,,,,,,
302.82325450978345,,,0.18379381413714196,,0.45820663634011993,0.04632056417985761,0.8975436273988592,0.10114120513216739,0.0043324352581404855,0.5094056380069155,,,,,,,,
303.2276176971331,,,0.18349571066007536,,0.45768288075323477,0.04622457294215329,0.8968114405138942,0.10096313828050722,0.00432289464578523,0.507580926703881,,,,,,,,
303.6325208350475,,,0.183198090690484,,0.4571597238480209,0.04612878062943786,0.8960798509231643,0.10078538492920154,0.004313375043157454,0.5057627515894767,,,,,,,,
304.03796464452876,,,0.18290095344414506,,0.4566371649401514,0.04603318682947418,0.8953488581394159,0.10060794452630875,0.004303876403990875,0.5039510892508133,,,,,,,,
304.44394984754126,,,0.1826042981381082,,0.45611520334608263,0.045937791130879466,0.894618461675794,0.10043081652085932,0.004294398682121105,0.5021459163588698,,,,,,,,
304.85047716701365,,,0.18230812399069266,,0.45559383838305184,0.04584259312312341,0.8938886610458396,0.10025400036285356,0.004284941831485404,0.5003472096681892,,,,,,,,
305.25754732683964,,,0.1820124302214858,,0.45507306936907704,0.045747592396526524,0.893159455763492,0.10007749550326026,0.004275505806122485,0.4985549460165824,,,,,,,,
305.66516105188015,,,0.1817172160513403,,0.454552895622955,0.04565278854225814,0.8924308453430851,0.09990130139401454,0.004266090560172251,0.496769102324825,,,,,,,,
306.07331906796406,,,0.18142248070237266,,0.45403331646426115,0.0455581811523349,0.8917028292993495,0.09972541748801647,0.0042566960478755975,0.4949896555963637,,,,,,,,
306.4820221018888,,,0.18112822339796134,,0.45351433121334966,0.04546376981961898,0.8909754071474126,0.09954984323912953,0.004247322223574206,0.4932165829170222,,,,,,,,
306.89127088142226,,,0.1808344433627446,,0.45299593919135117,0.04536955413781631,0.8902485784027975,0.09937457810217878,0.0042379690417103,0.49144986145470376,,,,,,,,
307.3010661353049,,,0.18054113982261777,,0.4524781397201719,0.04527553370147463,0.8895223425814208,0.09919962153294881,0.004228636456826411,0.4896894684590946,,,,,,,,
307.7114085932501,,,0.1802483120047317,,0.451960932122493,0.04518170810598196,0.8887966991995949,0.09902497298818229,0.004219324423565184,0.4879353812613732,,,,,,,,
308.1222989859452,,,0.17995595913749132,,0.45144431572177063,0.0450880769475649,0.8880716477740274,0.09885063192557868,0.004210032896669151,0.48618757727392153,,,,,,,,
308.5337380450529,,,0.179664080450553,,0.45092828984223426,0.04499463982328681,0.8873471878218199,0.0986765978037922,0.004200761830980513,0.4844460339900314,,,,,,,,
308.945726503214,,,0.179372675174822,,0.4504128538088851,0.04490139633104594,0.8866233188604674,0.09850287008242978,0.0041915111814408955,0.48271072898361145,,,,,,,,
309.3582650940472,,,0.17908174254245116,,0.4498980069474958,0.044808346069573776,0.8859000404078582,0.09832944822204992,0.004182280903091151,0.480981639908902,,,,,,,,
309.7713545521504,,,0.17879128178683912,,0.4493837485846106,0.0447154886384336,0.885177351982275,0.09815633168416099,0.004173070951071154,0.4792587445001891,,,,,,,,
310.1849956131026,,,0.17850129214262767,,0.44887007804754303,0.04462282363801838,0.8844552531023929,0.09798351993121938,0.004163881280619558,0.47754202057151424,,,,,,,,
310.5991890134648,,,0.17821177284570022,,0.44835699466437606,0.04453035066954928,0.8837337432872803,0.09781101242662779,0.004154711847073598,0.4758314460163912,,,,,,,,
311.01393549078216,,,0.17792272313317908,,0.44784449776395974,0.04443806933507371,0.8830128220563968,0.09763880863473368,0.004145562605868838,0.47412699880751746,,,,,,,,
311.42923578358466,,,0.17763414224342386,,0.44733258667591147,0.044345979237463834,0.882292488929594,0.0974669080208273,0.004136433512538993,0.4724286569964932,,,,,,,,
311.8450906313878,,,0.17734602941603006,,0.44682126073061557,0.04425407998041488,0.8815727434271162,0.09729531005114074,0.004127324522715705,0.4707363987135412,,,,,,,,
312.2615007746946,,,0.17705838389182632,,0.4463105192592219,0.04416237116844334,0.8808535850695992,0.09712401419284576,0.004118235592128322,0.46905020216722276,,,,,,,,
312.67846695499753,,,0.17677120491287243,,0.4458003615936439,0.044070852406885165,0.8801350133780687,0.09695301991405186,0.004109166676603667,0.46737004564415424,,,,,,,,
313.0959899147791,,,0.17648449172245737,,0.44529078706655884,0.04397952330189415,0.8794170278739412,0.09678232668380517,0.004100117732065839,0.46569590750873024,,,,,,,,
313.51407039751285,,,0.17619824356509783,,0.44478179501140747,0.04388838346044045,0.8786996280790245,0.09661193397208676,0.004091088714536013,0.46402776620284764,,,,,,,,
313.9327091476647,,,0.175912459686536,,0.4442733847623924,0.043797432490308666,0.8779828135155167,0.0964418412498107,0.004082079580132214,0.4623656002456253,,,,,,,,
314.35190691069573,,,0.17562713933373694,,0.44376555565447673,0.04370667000009607,0.8772665837060044,0.09627204798882256,0.0040730902850690765,0.46070938823312463,,,,,,,,
314.7716644330621,,,0.17534228175488706,,0.4432583070233834,0.04361609559921103,0.876550938173464,0.09610255366189757,0.004064120785657673,0.4590591088380772,,,,,,,,
315.1919824622163,,,0.17505788619939266,,0.44275163820559577,0.043525708897871544,0.8758358764412617,0.09593335774273953,0.004055171038305285,0.45741474080961203,,,,,,,,
315.6128617466091,,,0.17477395191787726,,0.4422455485383549,0.04343550950710323,0.8751213980331524,0.09576445970597867,0.0040462409995151915,0.4557762629729783,,,,,,,,
316.0343030356904,,,0.17449047816217994,,0.4417400373596602,0.04334549703873788,0.8744075024732796,0.09559585902717033,0.004037330625886461,0.4541436542292753,,,,,,,,
316.4563070799116,,,0.1742074641853529,,0.4412351040082667,0.04325567110541156,0.8736941892861741,0.0954275551827928,0.004028439874113724,0.45251689355517694,,,,,,,,
316.87887463072593,,,0.17392490924165985,,0.44073074782368543,0.043166031320563056,0.872981457996755,0.09525954765024626,0.004019568700986972,0.4508959600026636,,,,,,,,
317.3020064405897,,,0.17364281258657446,,0.44022696814618295,0.04307657729843244,0.8722693081303292,0.09509183590785114,0.00401071706339137,0.44928083269875463,,,,,,,,
317.72570326296375,,,0.17336117347677799,,0.43972376431678034,0.04298730865405914,0.8715577392125915,0.09492441943484617,0.004001884918307021,0.44767149084523733,,,,,,,,
318.14996585231574,,,0.17307999117015688,,0.43922113567725074,0.04289822500328022,0.8708467507696223,0.09475729771138697,0.003993072222808763,0.4460679137183964,,,,,,,,
318.5747949641209,,,0.17279926492580122,,0.43871908157011985,0.04280932596272886,0.8701363423278886,0.09459047021854411,0.003984278934065945,0.44447008066875,,,,,,,,
319.0001913548624,,,0.1725189940040033,,0.43821760133866583,0.04272061114983286,0.8694265134142448,0.09442393643830219,0.0039755050093422594,0.4428779711207858,,,,,,,,
319.4261557820337,,,0.1722391776662551,,0.4377166943269172,0.0426320801828128,0.8687172635559314,0.09425769585355778,0.003966750405995505,0.4412915645726938,,,,,,,,
319.85268900414064,,,0.17195981517524586,,0.43721635987965135,0.04254373268068024,0.8680085922805726,0.09409174794811742,0.003958015081477365,0.4397108405960987,,,,,,,,
320.2797917807007,,,0.17168090579486148,,0.43671659734239604,0.04245556826323655,0.8673004991161805,0.093926092206697,0.0039492989933332485,0.4381357788358053,,,,,,,,
320.7074648722467,,,0.171402448790181,,0.4362174060614258,0.042367586551070695,0.8665929835911499,0.09376072811491916,0.003940602099202026,0.4365663590095266,,,,,,,,
321.1357090403262,,,0.17112444342747601,,0.4357187853837632,0.042279787165558164,0.8658860452342618,0.09359565515931235,0.003931924356815873,0.43500256090763134,,,,,,,,
321.5645250475036,,,0.17084688897420833,,0.43522073465717764,0.04219216972885902,0.865179683574682,0.09343087282730916,0.003923265724000045,0.43344436439287976,,,,,,,,
321.9939136573621,,,0.17056978469902734,,0.43472325323018285,0.04210473386391623,0.8644738981419589,0.09326638060724438,0.003914626158672666,0.4318917494001623,,,,,,,,
322.4238756345047,,,0.17029312987176867,,0.4342263404520377,0.04201747919445413,0.8637686884660247,0.09310217798835349,0.0039060056188445183,0.4303446959362432,,,,,,,,
322.8544117445546,,,0.1700169237634527,,0.4337299956727451,0.04193040534497695,0.8630640540771967,0.09293826446077154,0.0038974040626188694,0.42880318407950596,,,,,,,,
323.28552275415745,,,0.16974116564628217,,0.4332342182430515,0.0418435119407671,0.8623599945061745,0.09277463951553126,0.0038888214481912495,0.4272671939796938,,,,,,,,
323.7172094309832,,,0.16946585479363976,,0.4327390075144444,0.04175679860788338,0.8616565092840401,0.09261130264456109,0.0038802577338492334,0.4257367058576521,,,,,,,,
324.1494725437268,,,0.1691909904800868,,0.43224436283915263,0.0416702649731595,0.8609535979422579,0.09244825334068418,0.00387171287797225,0.4242117000050761,,,,,,,,
324.5823128621091,,,0.16891657198136156,,0.4317502835701463,0.04158391066420262,0.8602512600126754,0.09228549109761662,0.0038631868390313997,0.42269215678425903,,,,,,,,
325.01573115687887,,,0.16864259857437713,,0.431256769061135,0.041497735309391666,0.8595494950275221,0.09212301540996594,0.0038546795755892314,0.42117805662783736,,,,,,,,
325.4497281998148,,,0.16836906953721875,,0.4307638186665661,0.04141173853787544,0.8588483025194077,0.09196082577322917,0.003846191046299532,0.4196693800385352,,,,,,,,
325.88430476372497,,,0.16809598414914323,,0.43027143174162613,0.04132591997957155,0.858147682021325,0.09179892168379196,0.003837721209907159,0.41816610758892114,,,,,,,,
326.3194616224507,,,0.16782334169057586,,0.42977960764223744,0.041240279265164256,0.8574476330666456,0.0916373026389261,0.0038292700252477918,0.41666821992114916,,,,,,,,
326.7551995508657,,,0.1675511414431094,,0.42928834572505953,0.04115481602610336,0.8567481551891237,0.09147596813678889,0.003820837451247782,0.41517569774671714,,,,,,,,
327.1915193248783,,,0.16727938268950193,,0.4287976453474874,0.041069529894602455,0.8560492479228937,0.09131491767642118,0.003812423446923931,0.41368852184621513,,,,,,,,
327.6284217214336,,,0.1670080647136745,,0.42830750586764965,0.04098442050363714,0.8553509108024689,0.09115415075774543,0.0038040279713832765,0.4122066730690757,,,,,,,,
328.06590751851405,,,0.16673718680070948,,0.4278179266444089,0.040899487486943616,0.8546531433627425,0.09099366688156475,0.003795650983822907,0.41073013233332945,,,,,,,,
328.50397749514053,,,0.1664667482368493,,0.4273289070373609,0.0408147304790172,0.8539559451389878,0.09083346554956112,0.00378729244352978,0.4092588806253616,,,,,,,,
328.9426324313739,,,0.16619674830949402,,0.426840446406834,0.04073014911511074,0.8532593156668575,0.09067354626429397,0.003778952309880505,0.407792898999665,,,,,,,,
329.3818731083175,,,0.16592718630719913,,0.42635254411388646,0.04064574303123275,0.8525632544823822,0.09051390852919833,0.003770630542341146,0.40633216857859367,,,,,,,,
329.82170030811756,,,0.165658061519674,,0.4258651995203072,0.04056151186414607,0.8518677611219706,0.09035455184858333,0.0037623271004670173,0.4048766705521222,,,,,,,,
330.26211481396416,,,0.16538937323778047,,0.42537841198861526,0.04047745525136643,0.851172835122411,0.09019547572763115,0.0037540419439025157,0.4034263861776056,,,,,,,,
330.70311741009306,,,0.16512112075353058,,0.4248921808820584,0.04039357283116071,0.8504784760208693,0.0900366796723951,0.003745775032380907,0.401981296779536,,,,,,,,
331.1447088817883,,,0.16485330336008408,,0.42440650556461107,0.0403098642425453,0.8497846833548874,0.08987816318979773,0.0037375263257241084,0.4005413837492983,,,,,,,,
331.5868900153812,,,0.16458592035174796,,0.4239213854009763,0.040226329125284836,0.849091456662387,0.08971992578763024,0.003729295783842543,0.3991066285449388,,,,,,,,
332.0296615982543,,,0.16431897102397303,,0.42343681975658176,0.04014296711989027,0.848398795481664,0.08956196697454984,0.0037210833667348877,0.39767701269091743,,,,,,,,
332.4730244188407,,,0.16405245467335342,,0.42295280799758156,0.040059777867617705,0.8477066993513928,0.0894042862600792,0.0037128890344879295,0.3962525177778775,,,,,,,,
332.91697926662613,,,0.16378637059762416,,0.42246934949085435,0.0399767610104667,0.8470151678106242,0.08924688315460448,0.003704712747276347,0.3948331254624053,,,,,,,,
333.3615269321513,,,0.16352071809565888,,0.4219864436040018,0.039893916191178574,0.8463242003987841,0.08908975716937369,0.0036965544653625145,0.39341881746679186,,,,,,,,
333.80666820701265,,,0.16325549646746845,,0.42150408970534836,0.03981124305323498,0.8456337966556737,0.08893290781649521,0.003688414149096304,0.3920095755787997,,,,,,,,
334.2524038838627,,,0.16299070501419946,,0.4210222871639412,0.039728741240856534,0.8449439561214711,0.08877633460893668,0.0036802917589149205,0.3906053816514304,,,,,,,,
334.6987347564127,,,0.162726343038132,,0.42054103534954895,0.03964641039900112,0.8442546783367293,0.08862003706052322,0.0036721872553426922,0.3892062176026888,,,,,,,,
335.1456616194341,,,0.16246240984267743,,0.4200603336326596,0.03956425017336232,0.8435659628423751,0.08846401468593558,0.003664100598990858,0.3878120654153482,,,,,,,,
335.59318526876,,,0.16219890473237691,,0.41958018138448094,0.039482260210367895,0.8428778091797096,0.08830826700070911,0.0036560317505574137,0.3864229071367201,,,,,,,,
336.04130650128513,,,0.16193582701290005,,0.41910057797694006,0.039400440157178473,0.8421902168904094,0.08815279352123213,0.0036479806708268935,0.3850387248784255,,,,,,,,
336.490026114969,,,0.1616731759910424,,0.4186215227826818,0.03931878966168578,0.8415031855165245,0.08799759376474442,0.003639947320670198,0.3836595008161612,,,,,,,,
336.939344908836,,,0.161410950974724,,0.41814301517506813,0.03923730837251137,0.8408167146004787,0.08784266724933575,0.003631931661044395,0.38228521718947234,,,,,,,,
337.38926368297837,,,0.1611491512729871,,0.41766505452817704,0.03915599593900475,0.8401308036850683,0.08768801349394417,0.0036239336529925274,0.3809158563015208,,,,,,,,
337.8397832385566,,,0.16088777619599454,,0.41718764021680155,0.03907485201124215,0.8394454523134626,0.0875336320183546,0.0036159532576434143,0.379551400518859,,,,,,,,
338.2909043778004,,,0.1606268250550286,,0.4167107716164504,0.03899387624002505,0.8387606600292042,0.08737952234319767,0.0036079904362114933,0.3781918322712054,,,,,,,,
338.74262790401065,,,0.16036629716248837,,0.41623444810334587,0.03891306827687857,0.8380764263762087,0.087225683989948,0.0036000451499966137,0.3768371340512158,,,,,,,,
339.19495462156146,,,0.16010619183188807,,0.4157586690544227,0.038832427774049924,0.8373927508987621,0.0870721164809224,0.0035921173603838284,0.3754872884142558,,,,,,,,
339.6478853359012,,,0.1598465083778552,,0.41528343384732785,0.03875195438450692,0.8367096331415226,0.08691881933927875,0.0035842070288432375,0.3741422779781787,,,,,,,,
340.101420853553,,,0.15958724611612926,,0.4148087418604202,0.03867164776193666,0.8360270726495206,0.08676579208901462,0.003576314116929796,0.37280208542310306,,,,,,,,
340.555561982117,,,0.1593284043635597,,0.4143345924727695,0.03859150756074395,0.8353450689681579,0.08661303425496564,0.0035684385862831095,0.37146669349118805,,,,,,,,
341.01030953027237,,,0.15906998243810352,,0.4138609850641542,0.03851153343604961,0.8346636216432058,0.08646054536280384,0.0035605803986272656,0.37013608498640926,,,,,,,,
341.46566430777807,,,0.15881197965882404,,0.4133879190150619,0.03843172504368922,0.8339827302208065,0.08630832493903622,0.003552739515770626,0.3688102427743389,,,,,,,,
341.9216271254738,,,0.15855439534588936,,0.412915393706689,0.03835208204021166,0.8333023942474732,0.08615637251100369,0.003544915899605674,0.3674891497819275,,,,,,,,
342.3781987952822,,,0.15829722882057,,0.4124434085209389,0.03827260408287752,0.8326226132700887,0.08600468760687922,0.003537109512108803,0.3661727889972809,,,,,,,,
342.8353801302098,,,0.15804047940523763,,0.41197196284042187,0.03819329082965766,0.8319433868359057,0.08585326975566658,0.0035293203153401475,0.3648611434694432,,,,,,,,
343.29317194434935,,,0.1577841464233625,,0.4115010560484532,0.038114141939231704,0.8312647144925457,0.08570211848719847,0.0035215482714433723,0.36355419630817565,,,,,,,,
343.7515750528808,,,0.15752822919951226,,0.4110306875290529,0.03803515707098654,0.8305865957879988,0.08555123333213539,0.0035137933426455186,0.3622519306837408,,,,,,,,
344.2105902720719,,,0.15727272705935036,,0.41056085666694614,0.03795633588501505,0.8299090302706248,0.08540061382196443,0.0035060554912568105,0.36095432982668807,,,,,,,,
344.6702184192802,,,0.15701763932963408,,0.41009156284756104,0.03787767804211451,0.8292320174891522,0.08525025948899742,0.0034983346796704762,0.35966137702763584,,,,,,,,
345.13046031295556,,,0.1567629653382122,,0.40962280545702767,0.03779918320378501,0.8285555569926767,0.08510016986636955,0.0034906308703625422,0.3583730556370539,,,,,,,,
345.5913167726407,,,0.15650870441402376,,0.4091545838821778,0.037720851032228164,0.8278796483306615,0.08495034448803776,0.0034829440258916707,0.35708934906505163,,,,,,,,
346.05278861897193,,,0.15625485588709656,,0.40868689751054477,0.03764268119034569,0.8272042910529386,0.08480078288877982,0.003475274108898986,0.3558102407811658,,,,,,,,
346.5148766736814,,,0.15600141908854506,,0.40821974573036185,0.03756467334173788,0.8265294847097071,0.08465148460419256,0.0034676210821078853,0.3545357143141461,,,,,,,,
346.97758175959916,,,0.15574839335056828,,0.4077531279305611,0.03748682715070205,0.8258552288515321,0.08450244917069018,0.0034599849083238325,0.3532657532517408,,,,,,,,
347.4409047006541,,,0.15549577800644832,,0.40728704350077316,0.037409142282231224,0.8251815230293451,0.08435367612550305,0.0034523655504342123,0.35200034124048774,,,,,,,,
347.9048463218745,,,0.15524357239054903,,0.4068214918313266,0.03733161840201276,0.8245083667944454,0.08420516500667653,0.0034447629714081385,0.3507394619855052,,,,,,,,
348.3694074493908,,,0.15499177583831378,,0.406356472313247,0.037254255176426755,0.8238357596984975,0.08405691535306917,0.003437177134296269,0.3494830992502796,,,,,,,,
348.8345889104361,,,0.1547403876862639,,0.40589198433825613,0.037177052272544746,0.8231637012935322,0.08390892670435147,0.0034296080022306365,0.34823123685645796,,,,,,,,
349.30039153334883,,,0.15448940727199661,,0.40542802729877053,0.03710000935812808,0.8224921911319447,0.08376119860100428,0.003422055538424447,0.3469838586836371,,,,,,,,
349.76681614757365,,,0.15423883393418333,,0.4049646005879009,0.03702312610162664,0.8218212287664954,0.08361373058431729,0.0034145197061719174,0.34574094866915767,,,,,,,,
350.23386358366184,,,0.1539886670125686,,0.40450170359945287,0.03694640217217747,0.8211508137503106,0.08346652219638809,0.003407000468848108,0.34450249080789924,,,,,,,,
350.70153467327395,,,0.15373890584796793,,0.40403933572792444,0.03686983723960329,0.8204809456368811,0.0833195729801205,0.003399497789908734,0.34326846915207254,,,,,,,,
351.16983024918164,,,0.15348954978226542,,0.4035774963685055,0.0367934309744109,0.8198116239800609,0.08317288247922278,0.003392011632889967,0.34203886781101184,,,,,,,,
351.63875114526866,,,0.15324059815841276,,0.40311618491707685,0.036717183047789995,0.8191428483340679,0.08302645023820653,0.0033845419614082885,0.34081367095097254,,,,,,,,
352.10829819653145,,,0.15299205032042762,,0.40265540077021095,0.03664109313161171,0.8184746182534848,0.08288027580238555,0.003377088739160305,0.3395928627949289,,,,,,,,
352.57847223908146,,,0.15274390561339174,,0.40219514332516965,0.03656516089842721,0.8178069332932576,0.08273435871787412,0.00336965192992257,0.33837642762236925,,,,,,,,
353.04927411014734,,,0.15249616338344865,,0.40173541197990326,0.0364893860214661,0.8171397930086943,0.08258869853158544,0.0033622314975513944,0.3371643497690915,,,,,,,,
353.52070464807576,,,0.15224882297780234,,0.40127620613305026,0.036413768174635174,0.8164731969554658,0.08244329479123033,0.00335482740598268,0.33595661362700324,,,,,,,,
353.99276469233195,,,0.15200188374471618,,0.40081752518393715,0.03633830703251713,0.8158071446896064,0.08229814704531617,0.003347439619231763,0.33475320364392297,,,,,,,,
354.4654550835027,,,0.15175534503351015,,0.40035936853257675,0.03626300227036895,0.8151416357675119,0.0821532548431451,0.0033400681013932136,0.33355410432337657,,,,,,,,
354.93877666329666,,,0.15150920619456004,,0.3999017355796679,0.03618785356412066,0.8144766697459408,0.08200861773481288,0.003332712816640678,0.3323593002243999,,,,,,,,
355.4127302745472,,,0.15126346657929476,,0.39944462572659406,0.03611286059037374,0.8138122461820119,0.08186423527120712,0.0033253737292266816,0.3311687759613373,,,,,,,,
355.88731676121324,,,0.15101812554019522,,0.3989880383754226,0.03603802302639984,0.8131483646332055,0.08172010700400612,0.003318050803482478,0.3299825162036448,,,,,,,,
356.3625369683798,,,0.150773182430793,,0.3985319729289054,0.0359633405501396,0.8124850246573637,0.08157623248567769,0.003310744003817874,0.32880050567569524,,,,,,,,
356.83839174226046,,,0.15052863660566812,,0.3980764287904767,0.03588881284020097,0.8118222258126896,0.08143261126947761,0.003303453294721053,0.32762272915657903,,,,,,,,
357.3148819301993,,,0.15028448742044712,,0.3976214053642522,0.03581443957585788,0.8111599676577452,0.08128924290944797,0.0032961786407583876,0.3264491714799069,,,,,,,,
357.79200838067214,,,0.15004073423180161,,0.39716690205502864,0.035740220437048865,0.8104982497514532,0.08114612696041593,0.0032889200065742783,0.3252798175336162,,,,,,,,
358.26977194328674,,,0.14979737639744717,,0.3967129182682837,0.03566615510437591,0.8098370716530967,0.08100326297799268,0.0032816773568909996,0.3241146522597779,,,,,,,,
358.7481734687857,,,0.14955441327614094,,0.3962594534101748,0.03559224325910283,0.8091764329223184,0.0808606505185718,0.0032744506565085063,0.32295366065440123,,,,,,,,
359.227213809048,,,0.1493118442276799,,0.39580650688753743,0.03551848458315388,0.8085163331191194,0.08071828913932763,0.003267239870304267,0.32179682776723856,,,,,,,,
359.7068938170904,,,0.1490696686128993,,0.3953540781078851,0.03544487875911247,0.8078567718038595,0.08057617839821413,0.003260044963233084,0.32064413870159447,,,,,,,,
360.1872143470678,,,0.1488278857936715,,0.39490216647940907,0.035371425470219896,0.8071977485372583,0.08043431785396375,0.003252865900326951,0.31949557861413597,,,,,,,,
360.66817625427626,,,0.1485864951329037,,0.39445077141097695,0.03529812440037387,0.8065392628803933,0.08029270706608573,0.0032457026466948596,0.3183511327146987,,,,,,,,
361.1497803951533,,,0.14834549599453659,,0.3939998923121324,0.03522497523412718,0.8058813143947005,0.08015134559486489,0.0032385551675226418,0.31721078626609794,,,,,,,,
361.63202762728093,,,0.1481048877435421,,0.3935495285930931,0.03515197765668623,0.8052239026419723,0.08001023300136009,0.0032314234280727823,0.3160745245839365,,,,,,,,
362.1149188093862,,,0.14786466974592224,,0.39309967966475107,0.03507913135390974,0.8045670271843594,0.07986936884740284,0.0032243073936842627,0.31494233303641733,,,,,,,,
362.59845480134226,,,0.1476248413687076,,0.39265034493867246,0.03500643601230764,0.8039106875843698,0.0797287526955964,0.0032172070297724065,0.31381419704415664,,,,,,,,
363.0826364641702,,,0.14738540197995548,,0.3922015238270957,0.03493389131903943,0.8032548834048688,0.07958838410931406,0.0032101223018286937,0.3126901020799949,,,,,,,,
363.56746466004194,,,0.14714635094874776,,0.3917532157429308,0.03486149696191281,0.8025996142090777,0.0794482626526976,0.003203053175420593,0.31157003366880726,,,,,,,,
364.0529402522803,,,0.14690768764518963,,0.3913054200997585,0.03478925262938248,0.8019448795605733,0.07930838789065615,0.003195999616191389,0.31045397738731967,,,,,,,,
364.53906410536035,,,0.14666941144040832,,0.3908581363118308,0.034717158010548844,0.8012906790232899,0.07916875938886514,0.0031889615898600403,0.3093419188639246,,,,,,,,
365.02583708491153,,,0.14643152170655105,,0.390411363794069,0.03464521279515662,0.8006370121615176,0.07902937671376455,0.003181939062220998,0.3082338437784938,,,,,,,,
365.5132600577198,,,0.146194017816783,,0.38996510196206274,0.034573416673593343,0.7999838785399006,0.07889023943255762,0.0031749319991440242,0.30712973786219294,,,,,,,,
366.0013338917286,,,0.14595689914528606,,0.3895193502320694,0.03450176933688817,0.7993312777234385,0.07875134711320937,0.0031679403665740413,0.30602958689729914,,,,,,,,
366.49005945603966,,,0.14572016506725755,,0.38907410802101466,0.034430270476710635,0.7986792092774867,0.07861269932444581,0.0031609641305309784,0.3049333767170197,,,,,,,,
366.97943762091546,,,0.14548381495890794,,0.3886293747464899,0.03435891978536924,0.7980276727677547,0.07847429563575209,0.0031540032571095865,0.30384109320530683,,,,,,,,
367.46946925778036,,,0.14524784819745967,,0.3881851498267529,0.03428771695581011,0.7973766677603066,0.07833613561737139,0.0031470577124792843,0.3027527222966782,,,,,,,,
367.96015523922296,,,0.14501226416114493,,0.38774143268072564,0.03421666168161561,0.7967261938215598,0.07819821884030334,0.0031401274628839867,0.3016682499760328,,,,,,,,
368.451496438997,,,0.14477706222920447,,0.3872982227279942,0.0341457536570031,0.7960762505182851,0.07806054487630282,0.003133212474641934,0.300587662278472,,,,,,,,
368.9434937320224,,,0.14454224178188602,,0.3868555193888089,0.0340749925768237,0.795426837417608,0.0779231132978789,0.003126312714145555,0.299510945289122,,,,,,,,
369.43614799438706,,,0.1443078022004427,,0.3864133220840828,0.034004378136560966,0.7947779540870069,0.07778592367829328,0.003119428147861287,0.29843808514295256,,,,,,,,
369.92946010334987,,,0.1440737428671308,,0.38597163023539,0.03393391003232933,0.794129600094312,0.0776489755915588,0.003112558742329399,0.2973690680245967,,,,,,,,
370.4234309373408,,,0.1438400631652085,,0.38553044326496594,0.033863587960873014,0.7934817750077063,0.07751226861243819,0.003105704464163844,0.2963038801681749,,,,,,,,
370.9180613759622,,,0.14360676247893478,,0.3850897605957071,0.03379341161956476,0.792834478395726,0.07737580231644313,0.0030988652800521075,0.29524250785711903,,,,,,,,
371.41335229999095,,,0.1433738401935672,,0.38464958165116964,0.0337233807064045,0.792187709827259,0.07723957627983262,0.0030920411567550315,0.29418493742399426,,,,,,,,
371.90930459138076,,,0.14314129569536008,,0.38420990585556797,0.03365349492001787,0.7915414688715441,0.07710359007961144,0.003085232061106651,0.29313115525032146,,,,,,,,
372.40591913326307,,,0.14290912837156322,,0.38377073263377454,0.03358375395965505,0.7908957550981716,0.07696784329352914,0.0030784379600140277,0.2920811477664034,,,,,,,,
372.90319680994776,,,0.1426773376104206,,0.38333206141132004,0.03351415752518958,0.7902505680770837,0.07683233550007887,0.0030716588204571147,0.2910349014511519,,,,,,,,
373.401138506926,,,0.14244592280116825,,0.3828938916143913,0.03344470531711689,0.7896059073785732,0.07669706627849575,0.003064894609488573,0.2899924028319107,,,,,,,,
373.8997451108708,,,0.14221488333403307,,0.38245622266983165,0.03337539703655319,0.7889617725732835,0.07656203520875579,0.0030581452942336253,0.28895363848428407,,,,,,,,
374.39901750964026,,,0.14198421860023053,,0.3820190540051386,0.03330623238523392,0.7883181632322077,0.07642724187157438,0.0030514108418898747,0.28791859503196154,,,,,,,,
374.89895659227767,,,0.14175392799196357,,0.38158238504846426,0.033237211065512626,0.7876750789266886,0.07629268584840491,0.0030446912197271614,0.2868872591465469,,,,,,,,
375.3995632490129,,,0.14152401090242128,,0.3811462152286149,0.03316833278035977,0.78703251922842,0.076158366721438,0.003037986395087413,0.2858596175473885,,,,,,,,
375.90083837126457,,,0.141294466725777,,0.3807105439750499,0.0330995972333614,0.7863904837094446,0.07602428407359983,0.0030312963353844734,0.2848356570014065,,,,,,,,
376.40278285164237,,,0.14106529485718627,,0.38027537071788,0.033031004128717685,0.7857489719421537,0.07589043748855062,0.00302462100810394,0.2838153643229208,,,,,,,,
376.9053975839478,,,0.1408364946927857,,0.3798406948878673,0.0329625531712418,0.785107983499287,0.07575682655068361,0.0030179603808030042,0.28279872637348313,,,,,,,,
377.4086834631752,,,0.1406080656296917,,0.37940651591642544,0.03289424406635874,0.7844675179539342,0.07562345084512397,0.0030113144211103148,0.2817857300617092,,,,,,,,
377.9126413855139,,,0.14038000706599843,,0.37897283323561776,0.03282607652010395,0.7838275748795329,0.07549030995772725,0.003004683096725808,0.28077636234310827,,,,,,,,
378.4172722483513,,,0.1401523184007759,,0.37853964627815595,0.03275805023912194,0.7831881538498673,0.07535740347507794,0.0029980663754205304,0.27977061021991356,,,,,,,,
378.92257695027126,,,0.13992499903406946,,0.3781069544774014,0.03269016493066534,0.7825492544390712,0.07522473098448858,0.0029914642250365242,0.27876846074091965,,,,,,,,
379.4285563910593,,,0.13969804836689684,,0.3776747572673618,0.032622420302593214,0.781910876221624,0.07509229207399808,0.0029848766134866257,0.27776990100130994,,,,,,,,
379.9352114717012,,,0.13947146580124775,,0.377243054082693,0.03255481606337021,0.7812730187723538,0.07496008633237082,0.002978303508754348,0.27677491814249555,,,,,,,,
380.44254309438577,,,0.13924525074008196,,0.3768118443586969,0.032487351922065165,0.780635681666435,0.07482811334909527,0.0029717448788937066,0.2757834993519476,,,,,,,,
380.95055216250734,,,0.13901940258732717,,0.37638112753132025,0.032420027588349665,0.7799988644793883,0.07469637271438234,0.0029652006920290637,0.2747956318630309,,,,,,,,
381.4592395806666,,,0.1387939207478779,,0.3759509030371545,0.032352842772496976,0.77936256678708,0.07456486401916447,0.0029586709163549655,0.2738113029548404,,,,,,,,
381.96860625467133,,,0.1385688046275943,,0.37552117031343596,0.032285797185380875,0.7787267881657238,0.0744335868550945,0.0029521555201360147,0.2728304999520399,,,,,,,,
382.47865309153883,,,0.1383440536333001,,0.375091928798044,0.03221889053847428,0.7780915281918791,0.07430254081454418,0.002945654471706699,0.2718532102246963,,,,,,,,
382.98938099949845,,,0.1381196671727808,,0.3746631779294999,0.03215212254384797,0.7774567864424495,0.07417172549060268,0.0029391677394712237,0.2708794211881161,,,,,,,,
383.5007908879922,,,0.13789564465478246,,0.3742349171469668,0.032085492914169386,0.7768225624946841,0.07404114047707565,0.0029326952919033794,0.2699091203026847,,,,,,,,
384.0128836676756,,,0.1376719854890105,,0.3738071458902496,0.03201900136270149,0.7761888559261774,0.07391078536848404,0.00292623709754639,0.2689422950737066,,,,,,,,
384.52566025042046,,,0.1374486890861277,,0.37337986359979347,0.03195264760330151,0.7755556663148687,0.07378065976006266,0.002919793125012741,0.26797893305124226,,,,,,,,
385.03912154931714,,,0.13722575485775218,,0.37295306971668224,0.03188643135041943,0.7749229932390405,0.07365076324775864,0.0029133633429840374,0.26701902182994647,,,,,,,,
385.55326847867383,,,0.1370031822164572,,0.3725267636826398,0.03182035231909727,0.7742908362773206,0.07352109542823092,0.002906947720210865,0.2660625490489136,,,,,,,,
386.0681019540211,,,0.13678097057576796,,0.3721009449400271,0.03175441022496733,0.7736591950086791,0.07339165589884807,0.002900546225512603,0.2651095023915117,,,,,,,,
386.58362289211084,,,0.1365591193501615,,0.3716756129318432,0.031688604784251374,0.7730280690124308,0.07326244425768791,0.002894158827777312,0.26415986958523036,,,,,,,,
387.09983221091926,,,0.13633762795506446,,0.37125076710172417,0.0316229357137592,0.7723974578682338,0.07313346010353584,0.0028877854959615664,0.2632136384015194,,,,,,,,
387.6167308296489,,,0.13611649580685142,,0.370826406893941,0.03155740273088746,0.7717673611560879,0.0730047030358834,0.002881426199090288,0.2622707966556304,,,,,,,,
388.1343196687299,,,0.13589572232284342,,0.3704025317534002,0.031492005553618384,0.7711377784563359,0.07287617265492732,0.0028750809062566165,0.2613313322064613,,,,,,,,
388.6525996498206,,,0.135675306921307,,0.36997914112564334,0.03142674390051874,0.7705087093496635,0.07274786856156835,0.002868749586621759,0.2603952329564014,,,,,,,,
389.17157169581014,,,0.1354552490214522,,0.3695562344568459,0.03136161749073854,0.7698801534170989,0.07261979035740997,0.002862432209414833,0.25946248685117385,,,,,,,,
389.69123673082055,,,0.13523554804343077,,0.36913381119381544,0.03129662604400968,0.7692521102400106,0.07249193764475674,0.0028561287439327096,0.2585330818796796,,,,,,,,
390.21159568020806,,,0.13501620340833492,,0.36871187078399215,0.0312317692806449,0.7686245794001091,0.07236431002661349,0.0028498391595398694,0.2576070060738437,,,,,,,,
390.7326494705638,,,0.13479721453819615,,0.3682904126754483,0.031167046921536615,0.7679975604794468,0.07223690710668416,0.0028435634256682705,0.2566842475084628,,,,,,,,
391.2543990297163,,,0.13457858085598323,,0.3678694363168869,0.031102458688155595,0.7673710530604166,0.07210972848937033,0.002837301511817179,0.25576479430104926,,,,,,,,
391.77684528673296,,,0.13436030178560102,,0.36744894115764126,0.031038004302549847,0.7667450567257527,0.07198277377977012,0.002831053387553033,0.25484863461167984,,,,,,,,
392.29998917192233,,,0.13414237675188842,,0.36702892664767356,0.030973683487343338,0.7661195710585285,0.07185604258367669,0.0028248190225092767,0.2539357566428409,,,,,,,,
392.8238316168353,,,0.1339248051806172,,0.36660939223757477,0.0309094959657348,0.7654945956421577,0.0717295345075773,0.002818598386386233,0.25302614863927786,,,,,,,,
393.348373554266,,,0.13370758649849088,,0.3661903373785643,0.030845441461496703,0.7648701300603947,0.07160324915865218,0.002812391448950952,0.2521197988878456,,,,,,,,
393.87361591825385,,,0.13349072013314278,,0.36577176152248925,0.030781519698973938,0.7642461738973337,0.07147718614477315,0.002806198180037063,0.2512166957173557,,,,,,,,
394.3995596440865,,,0.1332742055131343,,0.36535366412182213,0.030717730403082545,0.7636227267374067,0.0713513450745022,0.0028000185495446164,0.25031682749842515,,,,,,,,
394.92620566830044,,,0.1330580420679536,,0.3649360446296617,0.03065407329930867,0.7629997881653853,0.07122572555709047,0.0027938525274399445,0.24942018264332774,,,,,,,,
395.45355492868197,,,0.13284222922801456,,0.36451890249973234,0.030590548113707382,0.7623773577663803,0.07110032720247726,0.0027877000837555304,0.24852674960584653,,,,,,,,
395.9816083642696,,,0.13262676642465493,,0.3641022371863829,0.030527154572901477,0.7617554351258413,0.07097514962128859,0.0027815611885898496,0.24763651688112331,,,,,,,,
396.51036691535654,,,0.13241165309013436,,0.36368604814458516,0.03046389240408018,0.761134019829555,0.07085019242483578,0.00277543581210721,0.24674947300550965,,,,,,,,
397.03983152349156,,,0.1321968886576335,,0.3632703348299342,0.03040076133499805,0.7605131114636459,0.07072545522511456,0.0027693239245376315,0.24586560655642012,,,,,,,,
397.57000313148,,,0.1319824725612525,,0.36285509669864763,0.03033776109397397,0.7598927096145771,0.07060093763480386,0.0027632254961766933,0.24498490615218704,,,,,,,,
398.1008826833864,,,0.13176840423600938,,0.3624403332075647,0.030274891409889745,0.7592728138691489,0.07047663926726448,0.0027571404973853854,0.24410736045191142,,,,,,,,
398.6324711245355,,,0.13155468311783852,,0.36202604381414555,0.03021215201218908,0.7586534238144987,0.070352559736538,0.0027510688985899726,0.24323295815531862,,,,,,,,
399.1647694015154,,,0.13134130864358903,,0.36161222797647,0.030149542630876255,0.7580345390381,0.07022869865734534,0.0027450106702818335,0.24236168800261076,,,,,,,,
399.69777846217784,,,0.1311282802510233,,0.36119888515323734,0.030087062996515115,0.7574161591277628,0.07010505564508568,0.0027389657830173293,0.24149353877432272,,,,,,,,
400.23149925563973,,,0.130915597378816,,0.360786014803766,0.030024712840227914,0.7567982836716342,0.06998163031583557,0.0027329342074176705,0.24062849929117963,,,,,,,,
400.76593273228514,,,0.13070325946655223,,0.36037361638799265,0.029962491893694116,0.7561809122581974,0.06985842228634749,0.0027269159141687645,0.23976655841395106,,,,,,,,
401.30107984376815,,,0.13049126595472574,,0.3599616893664706,0.029900399889149144,0.7555640444762702,0.06973543117404837,0.0027209108740210578,0.23890770504330636,,,,,,,,
401.8369415430135,,,0.13027961628473778,,0.3595502332003699,0.0298384365593833,0.7549476799150061,0.06961265659703884,0.0027149190577894174,0.2380519281196732,,,,,,,,
402.37351878421754,,,0.1300683098988959,,0.3591392473514768,0.02977660163774077,0.7543318181638945,0.06949009817409198,0.002708940436352982,0.23719921662309654,,,,,,,,
402.9108125228509,,,0.12985734624041223,,0.3587287312821931,0.029714894858118294,0.7537164588127595,0.06936775552465206,0.002702974980655021,0.23634955957309495,,,,,,,,
403.4488237156608,,,0.12964672475340167,,0.3583186844555343,0.029653315954963982,0.7531016014517593,0.0692456282688332,0.002697022661702781,0.23550294602851843,,,,,,,,
403.987553320672,,,0.12943644488288067,,0.35790910633512985,0.029591864663276242,0.7524872456713861,0.06912371602741826,0.002691083450567353,0.2346593650874086,,,,,,,,
404.5270022971877,,,0.12922650607476624,,0.3574999963852227,0.02953054071860279,0.7518733910624674,0.06900201842185802,0.002685157318383545,0.2338188058868596,,,,,,,,
405.0671716057926,,,0.12901690777587385,,0.35709135407066805,0.029469343857039275,0.7512600372161635,0.06888053507426956,0.0026792442363497253,0.23298125760287622,,,,,,,,
405.60806220835343,,,0.12880764943391643,,0.3566831788569331,0.029408273815228307,0.7506471837239693,0.06875926560743541,0.0026733441757276913,0.23214670945023597,,,,,,,,
406.14967506802236,,,0.1285987304975023,,0.3562754702100955,0.02934733033035817,0.7500348301777118,0.06863820964480195,0.002667457107842514,0.23131515068234818,,,,,,,,
406.69201114923754,,,0.12839015041613416,,0.35586822759684295,0.02928651314016176,0.7494229761695506,0.06851736681047861,0.002661583004082417,0.23048657059111674,,,,,,,,
407.23507141772416,,,0.1281819086402079,,0.35546145048447364,0.02922582198291561,0.7488116212919793,0.06839673672923673,0.002655721835898635,0.2296609585068039,,,,,,,,
407.778856840497,,,0.12797400462101077,,0.3550551383408945,0.02916525659743859,0.7482007651378241,0.06827631902650827,0.002649873574805272,0.22883830379789105,,,,,,,,
408.3233683858628,,,0.12776643781071978,,0.35464929063462014,0.029104816723090735,0.7475904073002421,0.06815611332838449,0.0026440381923791526,0.22801859587094106,,,,,,,,
408.8686070234214,,,0.12755920766240042,,0.35424390683477275,0.02904450209977221,0.7469805473727222,0.06803611926161487,0.002638215660259693,0.22720182417046278,,,,,,,,
409.41457372406654,,,0.12735231363000563,,0.35383898641108175,0.028984312467922317,0.7463711849490863,0.06791633645360633,0.002632405950148773,0.22638797817877668,,,,,,,,
409.9612694599884,,,0.12714575516837398,,0.3534345288338829,0.02892424756851821,0.7457623196234873,0.06779676453242167,0.0026266090338105865,0.22557704741587772,,,,,,,,
410.50869520467603,,,0.12693953173322797,,0.3530305335741166,0.028864307143073746,0.7451539509904083,0.06767740312677835,0.0026208248830715047,0.22476902143929958,,,,,,,,
411.05685193291856,,,0.12673364278117283,,0.3526270001033282,0.02880449093363845,0.7445460786446632,0.06755825186604754,0.0026150534698199312,0.22396388984398133,,,,,,,,
411.6057406208059,,,0.12652808776969554,,0.35222392789366747,0.02874479868279648,0.7439387021813975,0.06743931038025311,0.0026092947660061898,0.2231616422621344,,,,,,,,
412.1553622457317,,,0.12632286615716282,,0.35182131641788755,0.028685230133665442,0.7433318211960863,0.06732057830007014,0.0026035487436423684,0.2223622683631076,,,,,,,,
412.70571778639425,,,0.12611797740282005,,0.3514191651493442,0.028625785029895285,0.7427254352845354,0.06720205525682414,0.0025978153748021917,0.22156575785325525,,,,,,,,
413.2568082227998,,,0.1259134209667893,,0.35101747356199486,0.028566463115667125,0.7421195440428792,0.0670837408824894,0.0025920946316208737,0.22077210047580237,,,,,,,,
413.80863453626296,,,0.1257091963100684,,0.3506162411303981,0.028507264135692205,0.7415141470675817,0.06696563480968822,0.002586386486294988,0.21998128601071443,,,,,,,,
414.361197709408,,,0.1255053028945297,,0.35021546732971365,0.02844818783521094,0.7409092439554368,0.06684773667168983,0.0025806909110823477,0.21919330427456668,,,,,,,,
414.91449872617113,,,0.12530174018291831,,0.34981515163570137,0.028389233959991638,0.7403048343035675,0.06673004610240921,0.0025750078783018542,0.21840814512041165,,,,,,,,
415.46853857180355,,,0.12509850763885047,,0.3494152935247196,0.028330402256329396,0.7397009177094248,0.06661256273640552,0.002569337360333364,0.2176257984376475,,,,,,,,
416.0233182328718,,,0.12489560472681238,,0.34901589247372533,0.02827169247104507,0.7390974937707874,0.0664952862088815,0.0025636793296175487,0.21684625415188907,,,,,,,,
416.57883869725913,,,0.12469303091215918,,0.34861694796027387,0.028213104351484247,0.7384945620857637,0.06637821615568218,0.002558033758655784,0.21606950222483914,,,,,,,,
417.13510095416785,,,0.12449078566111307,,0.3482184594625178,0.028154637645516147,0.7378921222527896,0.0662613522132938,0.002552400620009999,0.21529553265415807,,,,,,,,
417.69210599412196,,,0.12428886844076176,,0.3478204264592056,0.02809629210153236,0.7372901738706275,0.0661446940188423,0.0025467798863025365,0.21452433547333383,,,,,,,,
418.24985480896817,,,0.1240872787190574,,0.34742284842968163,0.028038067468445897,0.7366887165383678,0.06602824121009263,0.0025411715302160283,0.21375590075155487,,,,,,,,
418.8083483918768,,,0.12388601596481524,,0.3470257248538859,0.027979963495690173,0.736087749855428,0.06591199342544755,0.002535575524493272,0.2129902185935833,,,,,,,,
419.3675877373447,,,0.12368507964771204,,0.3466290552123526,0.027921979933217874,0.7354872734215527,0.06579595030394642,0.0025299918419370857,0.21222727913962586,,,,,,,,
419.92757384119636,,,0.12348446923828482,,0.34623283898621,0.027864116531499845,0.7348872868368129,0.06568011148526415,0.002524420455410181,0.21146707256520805,,,,,,,,
420.4883077005868,,,0.12328418420792907,,0.34583707565717886,0.027806373041523978,0.7342877897016054,0.06556447660970983,0.0025188613378350267,0.21070958908104578,,,,,,,,
421.0497903140025,,,0.12308422402889764,,0.3454417647075724,0.027748749214794192,0.7336887816166524,0.06544904531822592,0.0025133144621937134,0.20995481893292062,,,,,,,,
421.6120226812625,,,0.12288458817429967,,0.34504690562029616,0.027691244803329452,0.7330902621830033,0.06533381725238709,0.002507779801527841,0.20920275240155536,,,,,,,,
422.1750058035208,,,0.1226852761180989,,0.34465249787884666,0.027633859559662646,0.7324922310020326,0.0652187920543991,0.0025022573289383747,0.20845337980248746,,,,,,,,
422.7387406832691,,,0.12248628733511194,,0.34425854096731046,0.027576593236839385,0.7318946876754394,0.06510396936709743,0.002496747017585507,0.2077066914859435,,,,,,,,
423.3032283243379,,,0.12228762130100722,,0.34386503437036353,0.027519445588417048,0.7312976318052474,0.06498934883394639,0.0024912488406885324,0.20696267783671593,,,,,,,,
423.8684697318971,,,0.12208927749230394,,0.34347197757327175,0.0274624163684638,0.7307010629938059,0.06487493009903819,0.0024857627715257325,0.20622132927404038,,,,,,,,
424.43446591245885,,,0.12189125538637034,,0.34307937006188916,0.027405505331557507,0.7301049808437887,0.06476071280709163,0.002480288783434231,0.20548263625147106,,,,,,,,
425.0012178738802,,,0.12169355446142203,,0.342687211322657,0.02734871223278449,0.729509384958193,0.06464669660345079,0.002474826849809863,0.20474658925675696,,,,,,,,
425.568726625364,,,0.12149617419652094,,0.3422955008426036,0.027292036827738626,0.7289142749403393,0.06453288113408426,0.002469376944107044,0.20401317881172024,,,,,,,,
426.1369931774598,,,0.12129911407157422,,0.341904238109344,0.027235478872520376,0.7283196503938734,0.064419266045584,0.0024639390398386567,0.20328239547213534,,,,,,,,
426.706018542067,,,0.12110237356733242,,0.34151342261107903,0.027179038123735573,0.727725510922763,0.06430585098516411,0.0024585131105759094,0.20255422982760585,,,,,,,,
427.2758037324358,,,0.12090595216538849,,0.3411230538365944,0.02712271433849453,0.7271318561313004,0.06419263560065994,0.002453099129948214,0.20182867250144435,,,,,,,,
427.8463497631702,,,0.12070984934817584,,0.34073313127525984,0.027066507274410775,0.7265386856240988,0.06407961954052659,0.002447697071643044,0.2011057141505498,,,,,,,,
428.4176576502291,,,0.1205140645989674,,0.3403436544170287,0.027010416689600168,0.7259459990060948,0.06396680245383814,0.0024423069094058163,0.20038534546528866,,,,,,,,
428.9897284109271,,,0.12031859740187444,,0.3399546227524379,0.02695444234267988,0.7253537958825476,0.06385418399028664,0.0024369286170397753,0.199667557169376,,,,,,,,
429.56256306393726,,,0.12012344724184505,,0.3395660357726067,0.026898583992767365,0.7247620758590386,0.06374176380018094,0.0024315621684058504,0.1989523400197548,,,,,,,,
430.13616262929366,,,0.11992861360466235,,0.33917789296923556,0.02684284139947913,0.72417083854147,0.06362954153444529,0.002426207537422531,0.198239684806476,,,,,,,,
430.7105281283926,,,0.1197340959769435,,0.33879019383460574,0.02678721432292985,0.7235800835360657,0.06351751684461862,0.0024208646980657337,0.19752958235258095,,,,,,,,
431.2856605839932,,,0.11953989384613867,,0.33840293786157966,0.02673170252373141,0.7229898104493715,0.06340568938285344,0.0024155336243686966,0.19682202351398434,,,,,,,,
431.8615610202205,,,0.1193460067005293,,0.33801612454359925,0.026676305762991754,0.7224000188882543,0.06329405880191473,0.0024102142904218397,0.19611699917935527,,,,,,,,
432.43823046256773,,,0.1191524340292266,,0.3376297533746851,0.026621023802313865,0.7218107084599007,0.06318262475517858,0.0024049066703726273,0.195414500269999,,,,,,,,
433.01566993789766,,,0.11895917532217029,,0.3372438238494359,0.026565856403794712,0.7212218787718178,0.06307138689663135,0.002399610738425461,0.19471451773974094,,,,,,,,
433.5938804744432,,,0.11876623007012782,,0.33685833546302885,0.026510803330024372,0.7206335294318337,0.06296034488086878,0.0023943264688415546,0.19401704257481137,,,,,,,,
434.17286310181083,,,0.11857359776469231,,0.33647328771121765,0.02645586434408486,0.7200456600480962,0.06284949836309461,0.0023890538359387908,0.1933220657937278,,,,,,,,
434.7526188509814,,,0.11838127789828169,,0.33608868009033294,0.026401039209549247,0.719458270229073,0.06273884699911976,0.002383792814091618,0.19262957844718012,,,,,,,,
435.3331487543132,,,0.1181892699641369,,0.33570451209728036,0.026346327690480422,0.7188713595835504,0.06262839044536084,0.002378543377730911,0.19193957161791414,,,,,,,,
435.9144538455433,,,0.11799757345632075,,0.3353207832295406,0.02629172955143024,0.7182849277206338,0.06251812835883948,0.0023733055013438436,0.19125203642061747,,,,,,,,
436.496535159788,,,0.117806187869717,,0.33493749298516945,0.026237244557438557,0.7176989742497483,0.062408060397181296,0.0023680791594737852,0.1905669640018065,,,,,,,,
437.0793937335458,,,0.11761511270002864,,0.3345546408627963,0.026182872474032125,0.7171134987806377,0.062298186218614576,0.002362864326720163,0.18988434553971092,,,,,,,,
437.6630306047005,,,0.11742434744377635,,0.33417222636162314,0.02612861306722357,0.7165285009233634,0.06218850548196931,0.002357660977738329,0.18920417224415947,,,,,,,,
438.24744681252133,,,0.11723389159829738,,0.3337902489814244,0.026074466103510364,0.7159439802883046,0.062079017846676035,0.002352469087239453,0.18852643535646765,,,,,,,,
438.8326433976646,,,0.1170437446617446,,0.3334087082225469,0.026020431349873974,0.7153599364861595,0.061969722972765096,0.0023472886299903983,0.18785112614932578,,,,,,,,
439.4186214021762,,,0.11685390613308483,,0.3330276035859085,0.025966508573778753,0.7147763691279436,0.06186062052086538,0.0023421195808135966,0.18717823592668592,,,,,,,,
440.0053818694949,,,0.1166643755120971,,0.3326469345729967,0.025912697543170816,0.7141932778249888,0.06175171015220299,0.0023369619145869104,0.1865077560236482,,,,,,,,
440.59292584445075,,,0.11647515229937239,,0.3322667006858701,0.025858998026477356,0.7136106621889454,0.0616429915286008,0.0023318156062435424,0.18583967780635258,,,,,,,,
441.18125437327103,,,0.11628623599631104,,0.33188690142715516,0.025805409792605274,0.713028521831779,0.061534464312476805,0.002326680630771878,0.18517399267186407,,,,,,,,
441.7703685035786,,,0.1160976261051226,,0.3315075363000478,0.025751932610940494,0.7124468563657731,0.06142612816684354,0.0023215569632153953,0.1845106920480652,,,,,,,,
442.3602692843952,,,0.11590932212882396,,0.3311286048083119,0.025698566251346845,0.7118656654035271,0.06131798275530675,0.00231644457867253,0.18384976739354406,,,,,,,,
442.95095776614426,,,0.11572132357123784,,0.3307501064562778,0.025645310484165018,0.7112849485579562,0.061210027742064424,0.0023113434522965427,0.18319121019748344,,,,,,,,
443.5424350006519,,,0.11553362993699168,,0.33037204074884247,0.025592165080211608,0.7107047054422907,0.06110226279190562,0.002306253559295417,0.18253501197955233,,,,,,,,
444.13470204114776,,,0.11534624073151672,,0.3299944071914696,0.025539129810778233,0.7101249356700778,0.06099468757020981,0.0023011748749317343,0.1818811642897975,,,,,,,,
444.72775994226794,,,0.11515915546104637,,0.32961720529018795,0.025486204447630476,0.7095456388551797,0.06088730174294556,0.0022961073745225535,0.1812296587085338,,,,,,,,
445.32160976005764,,,0.11497237363261456,,0.32924043455159036,0.0254333887630068,0.7089668146117727,0.060780104976669316,0.002291051033439279,0.1805804868462348,,,,,,,,
445.9162525519724,,,0.11478589475405482,,0.32886409448283366,0.02538068252961771,0.708388462554348,0.06067309693852468,0.002286005827107551,0.17993364034342557,,,,,,,,
446.51168937687856,,,0.11459971833399925,,0.3284881845916387,0.025328085520644757,0.707810582297712,0.06056627729624138,0.002280971731007135,0.17928911087057625,,,,,,,,
447.1079212950567,,,0.1144138438818769,,0.32811270438628887,0.025275597509739553,0.7072331734569854,0.06045964571813405,0.0022759487206717947,0.17864689012799362,,,,,,,,
447.70494936820444,,,0.11422827090791207,,0.327737653375629,0.025223218271022644,0.7066562356476017,0.06035320187310119,0.0022709367716891547,0.1780069698457129,,,,,,,,
448.30277465943516,,,0.11404299892312401,,0.3273630310690662,0.025170947579082874,0.7060797684853096,0.06024694543062448,0.0022659358597006186,0.17736934178339447,,,,,,,,
448.9013982332838,,,0.11385802743932454,,0.3269888369765675,0.025118785208976008,0.7055037715861697,0.06014087606076714,0.0022609459604012176,0.17673399773021414,,,,,,,,
449.5008211557054,,,0.11367335596911766,,0.3266150706086606,0.025066730936224104,0.7049282445665571,0.06003499343417357,0.002255967049539513,0.17610092950476064,,,,,,,,
450.10104449407834,,,0.11348898402589798,,0.326241731476433,0.025014784536814407,0.7043531870431597,0.059929297222068016,0.0022509991029174728,0.1754701289549287,,,,,,,,
450.70206931720713,,,0.11330491112384898,,0.3258688190915302,0.024962945787198303,0.7037785986329775,0.059823787096253356,0.0022460420963903447,0.17484158795781343,,,,,,,,
451.30389669532366,,,0.1131211367779422,,0.32549633296615627,0.02491121446429048,0.7032044789533226,0.05971846272911038,0.002241096005866545,0.1742152984196064,,,,,,,,
451.90652770008785,,,0.11293766050393608,,0.32512427261307303,0.024859590345467968,0.7026308276218204,0.05961332379359672,0.002236160807307552,0.17359125227549263,,,,,,,,
452.50996340459056,,,0.11275448181837451,,0.3247526375455995,0.024808073208569155,0.702057644256408,0.059508369963245836,0.002231236476727782,0.17296944148954538,,,,,,,,
453.1142048833567,,,0.11257160023858519,,0.3243814272776105,0.02475666283189275,0.7014849284753337,0.059403600912165865,0.002226322990194457,0.1723498580546222,,,,,,,,
453.7192532123458,,,0.1123890152826788,,0.32401064132353613,0.024705358994196888,0.7009126798971569,0.059299016315038595,0.0022214203238275104,0.17173249399226242,,,,,,,,
454.3251094689533,,,0.11220672646954778,,0.3236402791983626,0.02465416147469829,0.7003408981407491,0.05919461584711879,0.002216528453799465,0.1711173413525855,,,,,,,,
454.9317747320137,,,0.1120247333188648,,0.3232703404176298,0.024603070053071146,0.6997695828252921,0.059090399184232846,0.002211647356335313,0.1705043922141873,,,,,,,,
455.53925008180175,,,0.11184303535108175,,0.32290082449743196,0.024552084509446282,0.6991987335702793,0.05898636600277799,0.0022067770077124054,0.16989363868403878,,,,,,,,
456.14753660003544,,,0.11166163208742805,,0.3225317309544157,0.024501204624410074,0.6986283499955132,0.058882515979720974,0.002201917384260326,0.16928507289738323,,,,,,,,
456.75663536987736,,,0.11148052304990962,,0.3221630593057802,0.024450430179003634,0.6980584317211065,0.05877884879259737,0.002197068462360784,0.16867868701763575,,,,,,,,
457.36654747593536,,,0.11129970776130796,,0.3217948090692771,0.024399760954721864,0.6974889783674828,0.0586753641195105,0.0021922302184475082,0.16807447323628344,,,,,,,,
457.9772740042658,,,0.11111918574517858,,0.3214269797632093,0.02434919673351249,0.6969199895553753,0.058572061639130486,0.002187402629006123,0.16747242377278362,,,,,,,,
458.588816042376,,,0.11093895652584952,,0.32105957090642956,0.02429873729777504,0.6963514649058257,0.05846894103069306,0.0021825856705740237,0.16687253087446305,,,,,,,,
459.2011746792255,,,0.11075901962842029,,0.32069258201834094,0.024248382430359972,0.6957834040401848,0.05836600197399859,0.0021777793197402806,0.16627478681641886,,,,,,,,
459.8143510052271,,,0.11057937457876095,,0.32032601261889604,0.024198131914567857,0.6952158065801133,0.0582632441494114,0.00217298355314552,0.16567918390141986,,,,,,,,
460.4283461122494,,,0.11040002090351059,,0.3199598622285965,0.024147985534148295,0.6946486721475804,0.058160667237858545,0.0021681983474818108,0.16508571445980685,,,,,,,,
461.04316109362026,,,0.11022095813007576,,0.3195941303684913,0.024097943073298975,0.6940820003648629,0.058058270920828624,0.0021634236794925406,0.16449437084939264,,,,,,,,
461.65879704412714,,,0.11004218578662955,,0.31922881656017693,0.02404800431666478,0.6935157908545456,0.05795605488037113,0.0021586595259723107,0.16390514545536472,,,,,,,,
462.2752550600187,,,0.1098637034021106,,0.31886392032579736,0.02399816904933699,0.6929500432395224,0.05785401879909532,0.0021539058637668335,0.16331803069018788,,,,,,,,
462.8925362390077,,,0.10968551050622145,,0.3184994411880424,0.023948437056852175,0.6923847571429939,0.05775216236016928,0.002149162669772805,0.1627330189935056,,,,,,,,
463.5106416802724,,,0.10950760662942759,,0.31813537867014774,0.023898808125191386,0.6918199321884688,0.05765048524731893,0.0021444299209378,0.16215010283204298,,,,,,,,
464.1295724844596,,,0.10932999130295573,,0.3177717322958935,0.023849282040779126,0.6912555679997621,0.05754898714482693,0.002139707594260157,0.16156927469950894,,,,,,,,
464.74932975368586,,,0.109152664058793,,0.3174085015896042,0.023799858590482472,0.6906916642009956,0.05744766773753168,0.002134995666788859,0.1609905271165002,,,,,,,,
465.36991459153853,,,0.10897562442968581,,0.3170456860761486,0.023750537561610302,0.6901282204165986,0.05734652671082668,0.0021302941156234427,0.16041385263040583,,,,,,,,
465.99132810307844,,,0.1087988719491385,,0.3166832852809385,0.023701318741912218,0.6895652362713067,0.057245563750659284,0.0021256029179138737,0.1598392438153105,,,,,,,,
466.6135713948431,,,0.1086224061514117,,0.31632129872992765,0.023652201919577613,0.689002711390161,0.05714477854352962,0.002120922050860428,0.15926669327189788,,,,,,,,
467.2366455748476,,,0.10844622657152148,,0.31595972594961175,0.023603186883234806,0.6884406453985081,0.057044170776489725,0.0021162514917135904,0.15869619362735637,,,,,,,,
467.86055175258554,,,0.10827033274523835,,0.31559856646702833,0.02355427342195026,0.6878790379220016,0.056943740137142804,0.0021115912177739503,0.15812773753528478,,,,,,,,
468.48529103903206,,,0.10809472420908584,,0.3152378198097552,0.02350546132522752,0.6873178885865998,0.056843486313642014,0.002106941206392084,0.15756131767559722,,,,,,,,
469.1108645466467,,,0.10791940050033881,,0.31487748550591005,0.023456750383006295,0.6867571970185661,0.05674340899468947,0.0021023014349684415,0.15699692675442764,,,,,,,,
469.73727338937465,,,0.10774436115702275,,0.31451756308414974,0.023408140385661597,0.6861969628444681,0.05664350786953526,0.0020976718809532346,0.156434557504037,,,,,,,,
470.3645186826475,,,0.10756960571791269,,0.31415805207367054,0.023359631124002918,0.6856371856911792,0.056543782627976755,0.002093052521846342,0.15587420268272034,,,,,,,,
470.9926015433866,,,0.10739513372253155,,0.3137989520042064,0.023311222389273255,0.6850778651858765,0.0564442329603574,0.0020884433351971883,0.15531585507471246,,,,,,,,
471.62152309000464,,,0.1072209447111493,,0.3134402624060293,0.023262913973148218,0.6845190009560422,0.056344858557565894,0.00208384429860464,0.15475950749009568,,,,,,,,
472.2512844424084,,,0.10704703822478133,,0.3130819828099476,0.023214705667735074,0.6839605926294611,0.05624565911103497,0.002079255389716887,0.15420515276470606,,,,,,,,
472.8818867220001,,,0.10687341380518742,,0.3127241127473058,0.023166597265571902,0.6834026398342216,0.056146634312740626,0.0020746765862313396,0.15365278376004193,,,,,,,,
473.51333105167856,,,0.10670007099487086,,0.3123666517499849,0.023118588559626813,0.6828451421987165,0.056047783855201316,0.0020701078658945304,0.15310239336317302,,,,,,,,
474.1456185558419,,,0.10652700933707704,,0.3120095993504006,0.02307067934329692,0.6822880993516418,0.05594910743147683,0.002065549206501995,0.15255397448664765,,,,,,,,
474.7787503603907,,,0.10635422837579184,,0.31165295508150304,0.02302286941040742,0.6817315109219955,0.05585060473516726,0.002061000585898164,0.15200752006840096,,,,,,,,
475.4127275927289,,,0.1061817276557408,,0.3112967184767757,0.022975158555210786,0.6811753765390781,0.05575227546041204,0.002056461981976252,0.15146302307166473,,,,,,,,
476.047551381765,,,0.10600950672238815,,0.3109408890702363,0.022927546572385913,0.6806196958324936,0.05565411930188931,0.0020519333726781654,0.15092047648487739,,,,,,,,
476.68322285791487,,,0.10583756512193539,,0.31058546639643486,0.022880033257037222,0.680064468432148,0.05555613595481474,0.0020474147359943857,0.1503798733215932,,,,,,,,
477.31974315310475,,,0.10566590240131972,,0.3102304499904531,0.02283261840469365,0.6795096939682483,0.055458325114940435,0.0020429060499638544,0.1498412066203913,,,,,,,,
477.9571134007725,,,0.10549451810821323,,0.30987583938790414,0.02278530181130786,0.6789553720713034,0.05536068647855415,0.0020384072926738733,0.14930446944478692,,,,,,,,
478.5953347358685,,,0.10532341179102193,,0.30952163412493244,0.022738083273255442,0.6784015023721243,0.05526321974247851,0.002033918442260009,0.1487696548831428,,,,,,,,
479.2344082948589,,,0.10515258299888414,,0.30916783373821227,0.02269096258733395,0.6778480845018227,0.05516592460406984,0.0020294394769059705,0.14823675604857917,,,,,,,,
479.8743352157271,,,0.10498203128166958,,0.30881443776494805,0.022643939550762045,0.6772951180918118,0.055068800761217326,0.0020249703748435126,0.14770576607888558,,,,,,,,
480.51511663797703,,,0.10481175618997782,,0.3084614457428724,0.02259701396117856,0.6767426027738045,0.054971847912341984,0.002020511114352324,0.1471766781364316,,,,,,,,
481.1567537026342,,,0.1046417572751373,,0.30810885721024645,0.022550185616641683,0.6761905381798142,0.05487506575639567,0.0020160616737599185,0.14664948540807943,,,,,,,,
481.79924755224664,,,0.10447203408920447,,0.3077566717058598,0.022503454315628144,0.6756389239421555,0.05477845399286048,0.0020116220314415467,0.146124181105097,,,,,,,,
482.4425993308882,,,0.10430258618496231,,0.3074048887690289,0.022456819857032344,0.6750877596934426,0.05468201232174758,0.002007192165820078,0.14560075846306977,,,,,,,,
483.0868101841613,,,0.10413341311591888,,0.3070535079395966,0.022410282040165316,0.6745370450665887,0.05458574044359613,0.002002772055365891,0.14507921074181274,,,,,,,,
483.73188125919825,,,0.10396451443630647,,0.3067025287579315,0.02236384066475402,0.6739867796948067,0.05448963805947252,0.001998361678596775,0.14455953122528464,,,,,,,,
484.3778137046619,,,0.1037958897010806,,0.3063519507649283,0.02231749553094048,0.6734369632116093,0.05439370487096957,0.001993961014077834,0.14404171322150197,,,,,,,,
485.0246086707491,,,0.10362753846591866,,0.30600177350200625,0.022271246439280943,0.6728875952508081,0.054297940580205484,0.0019895700404213732,0.14352575006245233,,,,,,,,
485.6722673091936,,,0.10345946028721839,,0.3056519965111085,0.02222509319074486,0.6723386754465127,0.05420234488982279,0.0019851887362867934,0.1430116351040075,,,,,,,,
486.3207907732669,,,0.10329165472209711,,0.30530261933470165,0.02217903558671415,0.6717902034331313,0.05410691750298749,0.001980817080380485,0.14249936172583888,,,,,,,,
486.9701802177796,,,0.10312412132839069,,0.3049536415157758,0.022133073428982394,0.6712421788453711,0.054011658123388345,0.001976455051455739,0.14198892333133287,,,,,,,,
487.6204367990848,,,0.10295685966465201,,0.3046050625978432,0.022087206519753887,0.6706946013182367,0.05391656645523572,0.0019721026283126323,0.14148031334750485,,,,,,,,
488.2715616750793,,,0.10278986929015013,,0.30425688212493823,0.02204143466164288,0.6701474704870309,0.05382164220326085,0.0019677597897979292,0.14097352522491527,,,,,,,,
488.92355600520676,,,0.10262314976486865,,0.3039090996416157,0.02199575765767258,0.6696007859873536,0.0537268850727146,0.0019634265148049663,0.14046855243758413,,,,,,,,
489.57642095045935,,,0.10245670064950489,,0.3035617146929515,0.02195017531127439,0.6690545474551015,0.05363229476936681,0.0019591027822735696,0.13996538848290785,,,,,,,,
490.23015767337847,,,0.10229052150546897,,0.3032147268245415,0.021904687426287133,0.6685087545264693,0.05353787099950547,0.0019547885711899368,0.13946402688157603,,,,,,,,
490.8847673380577,,,0.10212461189488227,,0.3028681355825012,0.021859293806956177,0.6679634068379484,0.05344361346993567,0.0019504838605865474,0.1389644611774876,,,,,,,,
491.5402511101463,,,0.10195897138057622,,0.3025219405134646,0.02181399425793245,0.6674185040263261,0.05334952188797857,0.0019461886295420504,0.13846668493766665,,,,,,,,
492.1966101568499,,,0.10179359952609138,,0.3021761411645835,0.021768788584271722,0.6668740457286858,0.053255595961470566,0.0019419028571811604,0.13797069175218044,,,,,,,,
492.8538456469316,,,0.1016284958956763,,0.30183073708352837,0.021723676591433816,0.666330031582408,0.053161835398762625,0.0019376265226745723,0.13747647523405762,,,,,,,,
493.51195875071534,,,0.10146366005428642,,0.30148572781848615,0.021678658085281695,0.6657864612251687,0.05306823990871915,0.0019333596052388494,0.13698402901920526,,,,,,,,
494.1709506400888,,,0.10129909156758252,,0.3011411129181602,0.021633732872080605,0.6652433342949391,0.05297480920071699,0.001929102084136314,0.13649334676632616,,,,,,,,
494.83082248850434,,,0.10113479000192985,,0.3007968919317694,0.02158890075849723,0.6647006504299852,0.05288154298464462,0.0019248539386749607,0.13600442215683772,,,,,,,,
495.4915754709805,,,0.10097075492439725,,0.3004530644090486,0.021544161551599002,0.6641584092688693,0.05278844097090146,0.0019206151482083528,0.13551724889479166,,,,,,,,
496.153210764105,,,0.1008069859027556,,0.300109629900247,0.021499515058853103,0.663616610450448,0.052695502870396725,0.0019163856921355204,0.1350318207067917,,,,,,,,
496.8157295460365,,,0.10064348250547699,,0.2997665879561281,0.02145496108812579,0.6630752536138728,0.052602728394548624,0.0019121655499008553,0.13454813134191332,,,,,,,,
497.4791329965076,,,0.10048024430173316,,0.2994239381279685,0.021410499447681374,0.6625343383985891,0.05251011725528337,0.0019079547009940195,0.13406617457162243,,,,,,,,
498.14342229682643,,,0.10031727086139462,,0.29908167996755775,0.021366129946181523,0.6619938644443362,0.05241766916503427,0.001903753124949834,0.13358594418969583,,,,,,,,
498.80859862987734,,,0.10015456175502979,,0.29873981302719804,0.02132185239268448,0.6614538313911479,0.0523253838367411,0.0018995608013481961,0.13310743401214184,,,,,,,,
499.47466318012437,,,0.09999211655390361,,0.29839833685970346,0.021277666596644176,0.6609142388793521,0.05223326098384904,0.001895377709813972,0.13263063787712026,,,,,,,,
500.14161713361403,,,0.09982993482997611,,0.29805725101839864,0.021233572367909372,0.6603750865495689,0.05214130032030758,0.0018912038300168863,0.13215554964486204,,,,,,,,
500.80946167797674,,,0.0996680161559017,,0.29771655505711897,0.02118956951672286,0.6598363740427119,0.052049501560569866,0.001887039141671439,0.13168216319759105,,,,,,,,
501.4781980024277,,,0.099506360105028,,0.29737624853021016,0.021145657853720752,0.6592981009999881,0.051957864419591895,0.0018828836245368046,0.1312104724394459,,,,,,,,
502.1478272977699,,,0.0993449662513947,,0.29703633099252735,0.021101837189931572,0.6587602670628974,0.05186638861283149,0.0018787372584167315,0.13074047129640098,,,,,,,,
502.8183507563977,,,0.09918383416973224,,0.29669680199943416,0.021058107336775378,0.6582228718732314,0.051775073856247376,0.0018746000231594359,0.1302721537161873,,,,,,,,
503.48976957229763,,,0.09902296343546066,,0.2963576611068022,0.021014468106063073,0.6576859150730737,0.051683919866298236,0.0018704718986575109,0.12980551366821524,,,,,,,,
504.16208494104944,,,0.09886235362468897,,0.2960189078710115,0.020970919309995565,0.657149396304801,0.051592926359942164,0.0018663528648478363,0.12934054514349785,,,,,,,,
504.8352980598298,,,0.09870200431421358,,0.29568054184894865,0.020927460761162933,0.6566133152110809,0.05150209305463548,0.0018622429017114703,0.12887724215457222,,,,,,,,
505.5094101274138,,,0.09854191508151743,,0.2953425625980073,0.020884092272543644,0.6560776714348733,0.05141141966833202,0.0018581419892735587,0.12841559873542302,,,,,,,,
506.1844223441779,,,0.09838208550476857,,0.2950049696760862,0.020840813657503707,0.6555424646194283,0.05132090591948203,0.0018540501076032255,0.12795560894140487,,,,,,,,
506.8603359121017,,,0.09822251516281912,,0.29466776264158984,0.020797624729795867,0.6550076944082873,0.05123055152703145,0.0018499672368134908,0.12749726684916626,,,,,,,,
507.5371520347686,,,0.0980632036352046,,0.2943309410534275,0.020754525303558896,0.654473360445283,0.05114035621042119,0.0018458933570611707,0.12704056655657406,,,,,,,,
508.2148719173694,,,0.09790415050214248,,0.29399450447101305,0.020711515193316744,0.6539394623745388,0.051050319689586086,0.00184182844854678,0.12658550218263684,,,,,,,,
508.89349676670497,,,0.09774535534453092,,0.29365845245426325,0.020668594213977654,0.6534059998404675,0.05096044168495395,0.0018377724915144276,0.1261320678674284,,,,,,,,
509.57302779118777,,,0.09758681774394772,,0.2933227845635981,0.020625762180833455,0.6528729724877721,0.05087072191744476,0.0018337254662517274,0.1256802577720131,,,,,,,,
510.2534662008429,,,0.09742853728264965,,0.29298750035994037,0.0205830189095588,0.6523403799614462,0.05078116010846998,0.0018296873530897104,0.12523006607837117,,,,,,,,
510.93481320731104,,,0.09727051354357101,,0.29265259940471466,0.02054036421621033,0.651808221906773,0.050691755979931585,0.001825658132402721,0.12478148698932331,,,,,,,,
511.61707002385253,,,0.09711274611032225,,0.29231808125984654,0.020497797917225766,0.6512764979693239,0.0506025092542209,0.0018216377846083107,0.12433451472845493,,,,,,,,
512.3002378653456,,,0.09695523456718964,,0.2919839454877628,0.02045531982942339,0.6507452077949609,0.050513419654218336,0.0018176262901671678,0.12388914354004406,,,,,,,,
512.9843179482928,,,0.09679797849913317,,0.29165019165138983,0.02041292977000094,0.6502143510298335,0.05042448690329187,0.0018136236295829991,0.12344536768898465,,,,,,,,
513.6693114908194,,,0.09664097749178642,,0.29131681931415404,0.020370627556535084,0.6496839273203808,0.05033571072529674,0.0018096297834024504,0.1230031814607151,,,,,,,,
514.3552197126777,,,0.09648423113145503,,0.29098382803998113,0.020328413006980527,0.6491539363133306,0.05024709084457435,0.0018056447322150086,0.12256257916114348,,,,,,,,
515.0420438352493,,,0.09632773900511546,,0.2906512173932945,0.020286285939669167,0.648624377655698,0.05015862698595132,0.0018016684566528975,0.12212355511657376,,,,,,,,
515.7297850815469,,,0.09617150070041396,,0.2903189869390158,0.020244246173309395,0.6480952509947859,0.05007031887473869,0.0017977009373909916,0.12168610367363326,,,,,,,,
516.4184446762154,,,0.09601551580566588,,0.2899871362425641,0.020202293526985337,0.6475665559781859,0.04998216623673125,0.0017937421551467293,0.12125021919920055,,,,,,,,
517.1080238455347,,,0.09585978390985431,,0.2896556648698555,0.020160427820156042,0.6470382922537771,0.04989416879820658,0.0017897920906800118,0.12081589608033234,,,,,,,,
517.7985238174234,,,0.0957043046026288,,0.2893245723873016,0.020118648872654646,0.6465104594697246,0.04980632628592401,0.0017858507247931002,0.12038312872419042,,,,,,,,
518.4899458214398,,,0.09554907747430434,,0.2889938583618098,0.020076956504687625,0.6459830572744814,0.04971863842712393,0.0017819180383305375,0.11995191155797036,,,,,,,,
519.1822910887829,,,0.09539410211586075,,0.28866352236078285,0.020035350536834143,0.6454560853167871,0.049631104949527084,0.0017779940121790511,0.11952223902883034,,,,,,,,
519.8755608522957,,,0.09523937811894119,,0.2883335639521182,0.01999383079004516,0.6449295432456685,0.049543725581333575,0.0017740786272674607,0.11909410560381917,,,,,,,,
520.569756346469,,,0.09508490507585088,,0.28800398270420613,0.019952397085642583,0.6444034307104374,0.049456500051221874,0.001770171864566572,0.11866750576980377,,,,,,,,
521.26487880744,,,0.09493068257955672,,0.2876747781859317,0.019911049245318734,0.6438777473606931,0.049369428088348356,0.0017662737050891104,0.11824243403340073,,,,,,,,
521.9609294729987,,,0.09477671022368528,,0.2873459499666715,0.019869787091135335,0.6433524928463193,0.04928250942234597,0.0017623841298895992,0.11781888492090288,,,,,,,,
522.6579095825862,,,0.09462298760252266,,0.2870174976162951,0.019828610445522928,0.6428276668174864,0.04919574378332389,0.001758503120064293,0.11739685297821095,,,,,,,,
523.3558203772985,,,0.09446951431101303,,0.28668942070516384,0.019787519131280035,0.6423032689246503,0.049109130901866443,0.0017546306567510733,0.11697633277076258,,,,,,,,
524.0546630998905,,,0.09431628994475716,,0.2863617188041295,0.019746512971572348,0.6417792988185511,0.049022670509032154,0.001750766721129357,0.11655731888346152,,,,,,,,
524.7544389947759,,,0.09416331410001194,,0.28603439148453463,0.019705591789931993,0.641255756150214,0.04893636233635301,0.0017469112944200006,0.11613980592060866,,,,,,,,
525.4551493080294,,,0.0940105863736892,,0.28570743831821205,0.019664755410256904,0.6407326405709495,0.04885020611583384,0.0017430643578852242,0.11572378850583305,,,,,,,,
526.1567952873893,,,0.09385810636335462,,0.2853808588774841,0.019624003656809906,0.6402099517323527,0.04876420157995125,0.0017392258928285108,0.11530926128202224,,,,,,,,
526.8593781822615,,,0.09370587366722628,,0.2850546527351614,0.019583336354217974,0.639687689286302,0.048678348461652775,0.0017353958805945088,0.11489621891125246,,,,,,,,
527.5628992437198,,,0.09355388788417407,,0.28472881946454304,0.019542753327471494,0.6391658528849599,0.04859264649435604,0.001731574302568948,0.11448465607472054,,,,,,,,
528.267359724508,,,0.09340214861371862,,0.2844033586394161,0.019502254401923616,0.6386444421807733,0.048507095411948184,0.0017277611401785564,0.11407456747267625,,,,,,,,
528.9727608790427,,,0.09325065545603005,,0.2840782698340549,0.01946183940328937,0.6381234568264724,0.04842169494878479,0.0017239563748909599,0.11366594782435287,,,,,,,,
529.6791039634153,,,0.09309940801192708,,0.28375355262322033,0.01942150815764498,0.6376028964750708,0.048336444839689185,0.0017201599882145958,0.11325879186789989,,,,,,,,
530.3863902353955,,,0.09294840588287559,,0.28342920658215914,0.019381260491427056,0.6370827607798649,0.048251344819951435,0.0017163719616986222,0.11285309436031439,,,,,,,,
531.0946209544327,,,0.09279764867098798,,0.28310523128660325,0.019341096231431862,0.6365630493944334,0.048166394625327624,0.0017125922769328215,0.11244885007737408,,,,,,,,
531.8037973816566,,,0.09264713597902216,,0.28278162631277043,0.019301015204814698,0.6360437619726386,0.04808159399203923,0.001708820915547528,0.11204605381357065,,,,,,,,
532.5139207798811,,,0.09249686741038037,,0.2824583912373626,0.019261017239089018,0.6355248981686251,0.04799694265677211,0.0017050578592135276,0.11164470038204212,,,,,,,,
533.2249924136075,,,0.09234684256910777,,0.28213552563756505,0.019221102162125678,0.6350064576368191,0.04791244035667555,0.0017013030896419635,0.11124478461450547,,,,,,,,
533.9370135490256,,,0.09219706105989195,,0.28181302909104655,0.019181269802152224,0.6344884400319283,0.04782808682936167,0.0016975565885842525,0.11084630136119068,,,,,,,,
534.6499854540145,,,0.09204752248806172,,0.2814909011759589,0.01914151998775227,0.6339708450089431,0.04774388181290463,0.0016938183378320051,0.11044924549077496,,,,,,,,
535.363909398147,,,0.09189822645958615,,0.28116914147093625,0.019101852547864624,0.6334536722231355,0.047659825045839724,0.0016900883192169267,0.1100536118903162,,,,,,,,
536.0787866526916,,,0.09174917258107303,,0.2808477495550937,0.01906226731178254,0.6329369213300575,0.04757591626716247,0.0016863665146107307,0.10965939546518644,,,,,,,,
536.7946184906147,,,0.09160036045976837,,0.2805267250080278,0.019022764109153035,0.6324205919855427,0.04749215521632788,0.0016826529059250455,0.10926659113900677,,,,,,,,
537.5114061865813,,,0.09145178970355533,,0.2802060674098157,0.018983342769976194,0.6319046838457055,0.04740854163324982,0.0016789474751113418,0.1088751938535828,,,,,,,,
538.2291510169591,,,0.09130345992095301,,0.27988577634101464,0.018944003124604408,0.6313891965669411,0.047325075258299994,0.0016752502041608322,0.1084851985688385,,,,,,,,
538.9478542598195,,,0.09115537072111556,,0.27956585138266143,0.01890474500374162,0.630874129805925,0.04724175583230727,0.00167156107510439,0.10809660026275175,,,,,,,,
539.6675171949416,,,0.09100752171383075,,0.2792462921162712,0.018865568238442574,0.6303594832196123,0.047158583096556635,0.0016678800700124525,0.10770939393128907,,,,,,,,
540.3881411038137,,,0.09085991250951941,,0.27892709812383765,0.0188264726601121,0.6298452564652375,0.04707555679278864,0.0016642071709949402,0.10732357458834159,,,,,,,,
541.1097272696338,,,0.09071254271923439,,0.27860826898783253,0.018787458100504514,0.6293314492003158,0.04699267666319859,0.001660542360201177,0.10693913726566137,,,,,,,,
541.8322769773134,,,0.09056541195465939,,0.27828980429120503,0.018748524391722754,0.6288180610826419,0.04690994245043571,0.0016568856198197943,0.10655607701279707,,,,,,,,
542.5557915134813,,,0.09041851982810767,,0.2779717036173804,0.018709671366217644,0.6283050917702886,0.04682735389760216,0.0016532369320786456,0.10617438889702942,,,,,,,,
543.2802721664838,,,0.09027186595252143,,0.2776539665502603,0.018670898856787226,0.6277925409216079,0.04674491074825237,0.0016495962792447154,0.10579406800330833,,,,,,,,
544.0057202263866,,,0.0901254499414707,,0.2773365926742223,0.018632206696576097,0.6272804081952309,0.04666261274639244,0.0016459636436240471,0.1054151094341902,,,,,,,,
544.7321369849783,,,0.08997927140915242,,0.277019581574119,0.01859359471907465,0.6267686932500676,0.046580459636479145,0.0016423390075616493,0.10503750830977432,,,,,,,,
545.4595237357734,,,0.08983332997038904,,0.2767029328352772,0.018555062758118253,0.6262573957453053,0.04649845116341899,0.0016387223534413996,0.10466125976763936,,,,,,,,
546.1878817740134,,,0.08968762524062765,,0.2763866460434978,0.01851661064788664,0.6257465153404091,0.04641658707256769,0.0016351136636859772,0.10428635896278134,,,,,,,,
546.9172123966684,,,0.08954215683593941,,0.27607072078505523,0.018478238222903214,0.6252360516951232,0.046334867109729325,0.0016315129207567637,0.10391280106755194,,,,,,,,
547.6475169024412,,,0.089396924373018,,0.275755156646697,0.018439945318034313,0.6247260044694685,0.046253291021155475,0.001627920107153768,0.10354058127159528,,,,,,,,
548.3787965917679,,,0.08925192746917891,,0.2754399532156431,0.01840173176848848,0.6242163733237438,0.046171858553544526,0.0016243352054155357,0.10316969478178675,,,,,,,,
549.1110527668222,,,0.08910716574235822,,0.27512511007958473,0.018363597409815698,0.6237071579185243,0.046090569454040685,0.0016207581981190632,0.10280013682217029,,,,,,,,
549.8442867315167,,,0.08896263881111152,,0.27481062682668456,0.018325542077906768,0.623198357914662,0.04600942347023333,0.0016171890678797097,0.1024319026338975,,,,,,,,
550.578499791504,,,0.08881834629461341,,0.27449650304557643,0.018287565608992612,0.6226899729732864,0.04592842035015637,0.0016136277973511262,0.1020649874751669,,,,,,,,
551.3136932541801,,,0.08867428781265614,,0.27418273832536444,0.01824966783964356,0.6221820027558034,0.045847559842287305,0.0016100743692251628,0.10169938662116242,,,,,,,,
552.0498684286879,,,0.08853046298564847,,0.27386933225562177,0.018211848606768544,0.6216744469238943,0.045766841695546324,0.0016065287662317762,0.10133509536399185,,,,,,,,
552.7870266259185,,,0.08838687143461474,,0.27355628442639085,0.01817410774761448,0.6211673051395166,0.045686265659295705,0.0016029909711389606,0.10097210901262679,,,,,,,,
553.5251691585124,,,0.08824351278119423,,0.2732435944281831,0.01813644509976561,0.6206605770649041,0.04560583148333907,0.0015994609667526539,0.10061042289284296,,,,,,,,
554.2642973408626,,,0.08810038664763992,,0.2729312618519781,0.01809886050114278,0.6201542623625661,0.04552553891792056,0.001595938735916663,0.10025003234715928,,,,,,,,
555.0044124891186,,,0.08795749265681728,,0.2726192862892224,0.018061353790002635,0.6196483606952867,0.045445387713723896,0.0015924242615125719,0.09989093273477735,,,,,,,,
555.7455159211873,,,0.08781483043220338,,0.27230766733182976,0.01802392480493701,0.619142871726125,0.04536537762187172,0.001588917526459656,0.09953311943152236,,,,,,,,
556.4876089567342,,,0.0876723995978863,,0.27199640457218055,0.017986573384872286,0.6186377951184155,0.045285508393925,0.001585418513714814,0.09917658782978404,,,,,,,,
557.2306929171875,,,0.08753019977856363,,0.271685497603121,0.01794929936906861,0.6181331305357675,0.04520577978188202,0.0015819272062724717,0.09882133333845644,,,,,,,,
557.9747691257397,,,0.08738823059954187,,0.27137494601796314,0.017912102597119284,0.6176288776420643,0.04512619153817776,0.001578443587164507,0.09846735138287946,,,,,,,,
558.7198389073509,,,0.08724649168673505,,0.2710647494104831,0.01787498290894994,0.6171250361014634,0.045046743415682905,0.001574967639460156,0.09811463740477902,,,,,,,,
559.4659035887505,,,0.08710498266666383,,0.27075490737492147,0.017837940144817956,0.6166216055783957,0.04496743516770328,0.0015714993462659437,0.09776318686220893,,,,,,,,
560.2129644984385,,,0.08696370316645495,,0.27044541950598316,0.01780097414531178,0.6161185857375671,0.04488826654797912,0.0015680386907255992,0.09741299522949308,,,,,,,,
560.9610229666889,,,0.08682265281383988,,0.27013628539883633,0.017764084751350252,0.6156159762439566,0.044809237310684244,0.0015645856560199674,0.09706405799716647,,,,,,,,
561.7100803255531,,,0.08668183123715377,,0.2698275046491115,0.017727271804181786,0.615113776762816,0.04473034721042512,0.001561140225366934,0.09671637067191655,,,,,,,,
562.460137908861,,,0.08654123806533441,,0.26951907685290105,0.017690535145383803,0.61461198695967,0.044651596002240244,0.0015577023820213354,0.09636992877652614,,,,,,,,
563.2111970522228,,,0.08640087292792183,,0.26921100160676004,0.01765387461686207,0.614110606500317,0.044572983441599545,0.0015542721092748901,0.09602472784981614,,,,,,,,
563.9632590930318,,,0.08626073545505678,,0.26890327850770435,0.01761729006084997,0.6136096350508282,0.04449450928440344,0.0015508493904561116,0.09568076344658741,,,,,,,,
564.7163253704686,,,0.08612082527747983,,0.26859590715320997,0.017580781319907812,0.6131090722775462,0.044416173286981955,0.0015474342089302178,0.0953380311375634,,,,,,,,
565.4703972255016,,,0.08598114202653034,,0.2682888871412134,0.017544348236922136,0.6126089178470857,0.04433797520609419,0.0015440265480990633,0.0949965265093332,,,,,,,,
566.2254760008893,,,0.0858416853341459,,0.2679822180701107,0.017507990655105127,0.6121091714263346,0.044259914798927553,0.001540626391401056,0.09465624516429556,,,,,,,,
566.9815630411833,,,0.08570245483286096,,0.26767589953875703,0.01747170841799387,0.6116098326824516,0.04418199182309689,0.0015372337223110725,0.09431718272060137,,,,,,,,
567.73865969273,,,0.08556345015580609,,0.26736993114646634,0.017435501369449727,0.6111109012828676,0.04410420603664386,0.0015338485243403842,0.09397933481209758,,,,,,,,
568.4967673036749,,,0.08542467093670662,,0.26706431249301,0.017399369353657556,0.6106123768952841,0.04402655719803597,0.0015304707810365654,0.09364269708827055,,,,,,,,
569.2558872239638,,,0.08528611680988209,,0.26675904317861676,0.017363312215125125,0.6101142591876735,0.04394904506616596,0.001527100475983422,0.09330726521419021,,,,,,,,
570.0160208053436,,,0.08514778741024526,,0.2664541228039731,0.017327329798682484,0.6096165478282799,0.043871669400351206,0.0015237375928009158,0.09297303487045497,,,,,,,,
570.7771694013666,,,0.0850096823733011,,0.26614955097022175,0.01729142194948124,0.6091192424856181,0.0437944299603328,0.0015203821151450803,0.09264000175313553,,,,,,,,
571.5393343673933,,,0.08487180133514546,,0.26584532727896093,0.01725558851299386,0.6086223428284724,0.0437173265062747,0.0015170340267079332,0.0923081615737188,,,,,,,,
572.3025170605944,,,0.08473414393246458,,0.2655414513322441,0.017219829335013034,0.6081258485258974,0.04364035879876316,0.0015136933112174084,0.09197751005905351,,,,,,,,
573.0667188399512,,,0.08459670980253406,,0.26523792273258034,0.017184144261651057,0.6076297592472183,0.04356352659880601,0.001510359952437275,0.09164804295129528,,,,,,,,
573.8319410662604,,,0.0844594985832179,,0.26493474108293297,0.01714853313933915,0.6071340746620304,0.04348682966783188,0.0015070339341670584,0.09131975600785165,,,,,,,,
574.5981851021361,,,0.08432250991296714,,0.26463190598671854,0.017112995814826705,0.6066387944401974,0.043410267767689276,0.001503715240241953,0.09099264500132678,,,,,,,,
575.3654523120124,,,0.08418574343081936,,0.2643294170478071,0.01707753213518073,0.6061439182518524,0.04333384066064599,0.0015004038545327505,0.09066670571946744,,,,,,,,
576.1337440621443,,,0.08404919877639776,,0.26402727387052183,0.017042141947785184,0.6056494457673984,0.0432575481093885,0.0014970997609457673,0.09034193396510945,,,,,,,,
576.9030617206114,,,0.08391287558990994,,0.2637254760596381,0.01700682510034028,0.6051553766575072,0.04318138987702102,0.001493802943422758,0.09001832555612278,,,,,,,,
577.6734066573197,,,0.08377677351214718,,0.2634240232203832,0.016971581440861867,0.6046617105931189,0.0431053657270649,0.001490513385940841,0.08969587632535811,,,,,,,,
578.4447802440055,,,0.08364089218448313,,0.2631229149584352,0.016936410817680717,0.604168447245442,0.04302947542345769,0.0014872310725124135,0.08937458212059265,,,,,,,,
579.217183854237,,,0.08350523124887317,,0.26282215087992283,0.016901313079441895,0.603675586285953,0.04295371873055259,0.0014839559871850832,0.08905443880447694,,,,,,,,
579.9906188634153,,,0.08336979034785359,,0.2625217305914256,0.016866288075104176,0.6031831273863968,0.04287809541311776,0.0014806881140415886,0.08873544225448222,,,,,,,,
580.765086648778,,,0.0832345691245405,,0.2622216536999728,0.016831335653939346,0.6026910702187864,0.042802605236335514,0.001477427437199722,0.0884175883628468,,,,,,,,
581.540588589403,,,0.08309956722262851,,0.2619219198130422,0.016796455665531486,0.6021994144554019,0.04272724796580145,0.0014741739408122444,0.08810087303652257,,,,,,,,
582.3171260662095,,,0.08296478428639036,,0.26162252853856044,0.016761647959776416,0.6017081597687901,0.042652023367523856,0.0014709276090668143,0.08778529219712305,,,,,,,,
583.09470046196,,,0.08283021996067579,,0.26132347948490275,0.016726912386881045,0.6012173058317661,0.04257693120792311,0.0014676884261859175,0.087470841780871,,,,,,,,
583.8733131612627,,,0.08269587389091067,,0.261024772260892,0.016692248797362707,0.6007268523174119,0.042501971253830824,0.0014644563764267839,0.0871575177385459,,,,,,,,
584.6529655505764,,,0.08256174572309567,,0.26072640647579765,0.01665765704204846,0.6002367988990752,0.04242714327248898,0.0014612314440813037,0.08684531603543126,,,,,,,,
585.433659018211,,,0.08242783510380575,,0.2604283817393359,0.016623136972074504,0.5997471452503703,0.042352447031549396,0.0014580136134759627,0.08653423265126298,,,,,,,,
586.2153949543292,,,0.0822941416801892,,0.26013069766166946,0.01658868843888559,0.5992578910451787,0.042277882299073026,0.001454802868971764,0.08622426358017828,,,,,,,,
586.9981747509504,,,0.0821606650999666,,0.2598333538534065,0.01655431129423428,0.5987690359576471,0.04220344884352914,0.0014515991949641473,0.0859154048306633,,,,,,,,
587.7819998019525,,,0.08202740501142997,,0.2595363499256005,0.016520005390180392,0.598280579662189,0.04212914643379468,0.00144840257588292,0.08560765242550207,,,,,,,,
588.5668715030754,,,0.0818943610634415,,0.25923968548974885,0.01648577057909026,0.5977925218334821,0.042054974839153395,0.0014452129961921706,0.08530100240172486,,,,,,,,
589.3527912519231,,,0.08176153290543313,,0.25894336015779335,0.016451606713636182,0.59730486214647,0.04198093382929519,0.0014420304403901993,0.0849954508105573,,,,,,,,
590.1397604479646,,,0.08162892018740532,,0.2586473735421196,0.016417513646795806,0.5968176002763621,0.04190702317431562,0.00143885489300945,0.08469099371737027,,,,,,,,
590.9277804925375,,,0.08149652255992638,,0.25835172525555644,0.016383491231851455,0.5963307358986325,0.041833242644714975,0.0014356863386164264,0.08438762720162861,,,,,,,,
591.716852788852,,,0.08136433967413122,,0.2580564149113746,0.016349539322389455,0.5958442686890196,0.04175959201139745,0.001432524761811617,0.08408534735684016,,,,,,,,
592.5069787419916,,,0.08123237118172044,,0.257761442123287,0.016315657772299534,0.5953581983235262,0.04168607104567067,0.0014293701472294182,0.08378415029050608,,,,,,,,
593.2981597589153,,,0.08110061673495987,,0.25746680650544856,0.01628184643577429,0.5948725244784202,0.04161267951924491,0.001426222479538071,0.08348403212407093,,,,,,,,
594.0903972484607,,,0.0809690759866793,,0.25717250767245525,0.016248105167308454,0.5943872468302334,0.04153941720423244,0.0014230817434395784,0.08318498899287252,,,,,,,,
594.8836926213485,,,0.08083774859027133,,0.2568785452393428,0.016214433821698217,0.5939023650557606,0.0414662838731465,0.0014199479236696234,0.08288701704609139,,,,,,,,
595.6780472901803,,,0.0807066341996912,,0.256584918821588,0.016180832254040784,0.5934178788320617,0.04139327929890114,0.0014168210049975147,0.08259011244670258,,,,,,,,
596.4734626694469,,,0.08057573246945485,,0.2562916280351062,0.01614730031973356,0.5929337878364583,0.04132040325480992,0.0014137009722260893,0.08229427137142482,,,,,,,,
597.269940175526,,,0.08044504305463902,,0.2559986724962524,0.01611383787447367,0.5924500917465367,0.041247655514585715,0.0014105878101916592,0.0819994900106726,,,,,,,,
598.0674812266864,,,0.08031456561087984,,0.2557060518218204,0.016080444774257283,0.5919667902401461,0.04117503585233979,0.0014074815037639274,0.08170576456850634,,,,,,,,
598.8660872430918,,,0.08018429979437185,,0.2554137656290412,0.016047120875378948,0.5914838829953977,0.041102544042580944,0.0014043820378459146,0.08141309126258346,,,,,,,,
599.6657596468028,,,0.08005424526186708,,0.25512181353558355,0.016013866034431008,0.5910013696906652,0.04103017986021504,0.0014012893973738825,0.08112146632410973,,,,,,,,
600.4664998617773,,,0.0799069504105949,,0.25474116799239926,0.015978824676557014,0.5900745119681489,0.04094958028055123,0.0013987279663796443,0.08079702588971742,,,,,,,,
601.2683093138745,,,0.0797474400159365,,0.2542973754857628,0.01594253276187883,0.5888309527336628,0.04086315603406153,0.001396546626093448,0.08044971235690253,,,,,,,,
602.0711894308592,,,0.0795882480362079,,0.25385435612384616,0.015906323275232587,0.5875900142522145,0.04077691418627604,0.0013943686876448918,0.08010389178362104,,,,,,,,
602.8751416424025,,,0.07942937383578855,,0.2534121085597295,0.01587019602940357,0.586351691000667,0.04069085435224154,0.0013921941457287483,0.07975955775224734,,,,,,,,
603.680167380083,,,0.0792708167803269,,0.25297063144884024,0.015834150837602277,0.5851159774675255,0.04060497614781735,0.0013900229950480716,0.07941670387274291,,,,,,,,
604.4862680773916,,,0.0791125762367378,,0.2525299234489482,0.015798187513463496,0.5838828681529101,0.04051927918967358,0.0013878552303141715,0.07907532378253751,,,,,,,,
605.2934451697347,,,0.07895465157319939,,0.2520899832201606,0.01576230587104518,0.5826523575685291,0.040433763095289114,0.001385690846246603,0.07873541114641028,,,,,,,,
606.101700094433,,,0.07879704215915168,,0.2516508094249201,0.01572650572482775,0.5814244402376606,0.040348427482950415,0.0013835298375731617,0.07839695965637372,,,,,,,,
606.911034290729,,,0.07863974736529275,,0.25121240072799833,0.015690786889712843,0.5801991106951215,0.040263271971749316,0.0013813721990298584,0.07805996303155506,,,,,,,,
607.7214491997853,,,0.07848276656357742,,0.25077475579649416,0.01565514918102261,0.5789763634872486,0.04017829618158171,0.0013792179253609214,0.07772441501808093,,,,,,,,
608.5329462646887,,,0.07832609912721414,,0.2503378732998284,0.015619592414498623,0.5777561931718722,0.04009349973314577,0.0013770670113187715,0.07739030938896099,,,,,,,,
609.3455269304543,,,0.07816974443066227,,0.24990175190973926,0.01558411640630093,0.5765385943182902,0.04000888224794,0.0013749194516640114,0.0770576399439717,,,,,,,,
610.1591926440268,,,0.07801370184963,,0.24946639030027903,0.015548720973007107,0.5753235615072453,0.03992444334826175,0.001372775241165415,0.07672640050954163,,,,,,,,
610.9739448542817,,,0.07785797076107183,,0.2490317871478106,0.015513405931611372,0.5741110893309028,0.03984018265720562,0.0013706343745999172,0.07639658493863764,,,,,,,,
611.7897850120293,,,0.07770255054318612,,0.24859794113100273,0.015478171099523621,0.5729011723928249,0.03975609979866174,0.0013684968467525967,0.07606818711065017,,,,,,,,
612.6067145700181,,,0.07754744057541212,,0.24816485093082558,0.015443016294568377,0.571693805307945,0.039672194397313815,0.001366362652416667,0.07574120093127909,,,,,,,,
613.424734982937,,,0.07739264023842789,,0.24773251523054715,0.015407941334983962,0.5704889827025448,0.039588466078637696,0.0013642317863934567,0.07541562033242125,,,,,,,,
614.2438477074156,,,0.0772381489141481,,0.24730093271573006,0.01537294603942154,0.5692866992142332,0.03950491446889978,0.0013621042434924064,0.07509143927205829,,,,,,,,
615.0640542020291,,,0.07708396598572106,,0.24687010207422683,0.015338030226944195,0.56808694949192,0.03942153919515523,0.0013599800185310513,0.07476865173414406,,,,,,,,
615.8853559273016,,,0.07693009083752629,,0.24644002199617493,0.015303193717025862,0.5668897281957892,0.03933833988524616,0.001357859106335005,0.07444725172849213,,,,,,,,
616.7077543457054,,,0.0767765228551725,,0.2460106911739951,0.01526843632955062,0.5656950299972824,0.03925531616780032,0.0013557415017379556,0.07412723329066653,,,,,,,,
617.5312509216681,,,0.07662326142549451,,0.24558210830238475,0.015233757884811513,0.5645028495790669,0.039172467672229025,0.0013536271995816416,0.07380859048186887,,,,,,,,
618.3558471215707,,,0.07647030593655146,,0.24515427207831628,0.015199158203509845,0.563313181635019,0.03908979402872588,0.001351516194715854,0.07349131738883007,,,,,,,,
619.1815444137524,,,0.07631765577762399,,0.2447271812010321,0.01516463710675413,0.5621260208701973,0.03900729486826501,0.0013494084819984117,0.07317540812369976,,,,,,,,
620.0083442685144,,,0.07616531033921173,,0.2443008343720401,0.015130194416059142,0.5609413620008175,0.03892496982259922,0.0013473040562951516,0.07286085682393649,,,,,,,,
620.8362481581211,,,0.07601326901303086,,0.24387523029511027,0.015095829953345062,0.5597591997542307,0.038842818524258506,0.0013452029124799171,0.07254765765219964,,,,,,,,
621.6652575568015,,,0.07586153119201222,,0.24345036767627146,0.015061543540936553,0.5585795288689019,0.03876084060654851,0.0013431050454345472,0.07223580479624127,,,,,,,,
622.4953739407534,,,0.07571009627029829,,0.24302624522380692,0.015027335001561852,0.5574023440943844,0.03867903570354881,0.0013410104500488676,0.07192529246879796,,,,,,,,
623.326598788147,,,0.07555896364324087,,0.2426028616482494,0.014993204158351755,0.5562276401912947,0.03859740345011115,0.0013389191212206657,0.07161611490748303,,,,,,,,
624.158933579126,,,0.07540813270739877,,0.24218021566237816,0.014959150834838774,0.5550554119312914,0.03851594348185791,0.001336831053855688,0.07130826637467977,,,,,,,,
624.9923797958097,,,0.0752576028605355,,0.24175830598121564,0.01492517485495628,0.553885654097053,0.0384346554351806,0.0013347462428676276,0.0710017411574358,,,,,,,,
625.8269389222968,,,0.07510737350161677,,0.24133713132202247,0.014891276043037522,0.5527183614822527,0.038353538947238044,0.001332664683178109,0.07069653356735596,,,,,,,,
626.6626124446674,,,0.07495744403080806,,0.24091669040429436,0.01485745422381472,0.551553528891537,0.03827259365595498,0.0013305863697166776,0.07039263794049758,,,,,,,,
627.4994018509869,,,0.07480781384947217,,0.2404969819497572,0.014823709222418163,0.5503911511404989,0.03819181920002012,0.0013285112974207821,0.07009004863726451,,,,,,,,
628.337308631308,,,0.07465848236016673,,0.24007800468236376,0.014790040864375284,0.549231223055658,0.03811121521888475,0.0013264394612357705,0.06978876004230282,,,,,,,,
629.1763342776719,,,0.07450944896664236,,0.23965975732829053,0.014756448975609857,0.548073739474438,0.0380307813527612,0.0013243708561148726,0.06948876656439724,,,,,,,,
630.0164802841117,,,0.07436071307383985,,0.23924223861593313,0.01472293338244101,0.5469186952451434,0.03795051724262115,0.0013223054770191897,0.06919006263636687,,,,,,,,
630.8577481466571,,,0.07421227408788757,,0.23882544727590185,0.014689493911582292,0.5457660852269329,0.03787042253019387,0.0013202433189176785,0.06889264271496133,,,,,,,,
631.7001393633356,,,0.07406413141609951,,0.23840938204101847,0.014656130390140857,0.5446159042898,0.03779049685796481,0.001318184376787142,0.06859650128075846,,,,,,,,
632.5436554341733,,,0.07391628446697285,,0.23799404164631296,0.014622842645616555,0.5434681473145511,0.03771073986917402,0.0013161286456122186,0.06830163283806232,,,,,,,,
633.3882978611996,,,0.07376873265018569,,0.23757942482901898,0.014589630505901058,0.542322809192781,0.03763115120781452,0.0013140761203853713,0.0680080319148007,,,,,,,,
634.234068148451,,,0.07362147537659412,,0.23716553032856955,0.014556493799276869,0.5411798848268485,0.037551730518630554,0.0013120267961068666,0.06771569306242313,,,,,,,,
635.0809678019721,,,0.07347451205823045,,0.2367523568865937,0.014523432354416508,0.5400393691298557,0.03747247744711613,0.0013099806677847694,0.06742461085580037,,,,,,,,
635.9289983298171,,,0.07332784210830087,,0.2363399032469134,0.01449044600038168,0.5389012570256269,0.037393391639513614,0.001307937730434932,0.06713477989312384,,,,,,,,
636.7781612420551,,,0.07318146494118274,,0.23592816815553871,0.014457534566622311,0.5377655434486828,0.03731447274281185,0.001305897979080977,0.06684619479580507,,,,,,,,
637.6284580507706,,,0.07303537997242268,,0.2355171503606646,0.014424697882975691,0.536632223344221,0.03723572040474479,0.0013038614087542931,0.06655885020837617,,,,,,,,
638.4798902700685,,,0.07288958661873361,,0.23510684861266617,0.014391935779665577,0.5355012916680897,0.037157134273789735,0.001301828014494011,0.06627274079838967,,,,,,,,
639.3324594160755,,,0.07274408429799299,,0.23469726166409569,0.014359248087301307,0.5343727433867678,0.03707871399916591,0.0012997977913469993,0.06598786125632028,,,,,,,,
640.1861670069416,,,0.07259887242924039,,0.2342883882696791,0.014326634636876992,0.5332465734773435,0.03700045923083293,0.0012977707343678536,0.06570420629546649,,,,,,,,
641.041014562844,,,0.07245395043267515,,0.23388022718631182,0.014294095259770621,0.5321227769274909,0.036922369619489186,0.0012957468386188822,0.06542177065185223,,,,,,,,
641.897003605991,,,0.07230931772965386,,0.2334727771730544,0.014261629787743091,0.5310013487354454,0.03684444481657016,0.001293726099170091,0.06514054908412875,,,,,,,,
642.7541356606237,,,0.07216497374268806,,0.23306603699112913,0.01422923805293744,0.5298822839099838,0.036766684474246976,0.0012917085110991729,0.06486053637347762,,,,,,,,
643.6124122530169,,,0.0720209178954424,,0.23266000540391713,0.014196919887877973,0.5287655774704031,0.036689088245424994,0.001289694069491504,0.0645817273235145,,,,,,,,
644.4718349114839,,,0.07187714961273194,,0.23225468117695378,0.014164675125469395,0.5276512244464969,0.036611655783742085,0.001287682769440121,0.06430411676019208,,,,,,,,
645.3324051663799,,,0.07173366832051979,,0.23185006307792455,0.014132503598995864,0.5265392198785318,0.036534386743567016,0.0012856746060457113,0.0640276995317039,,,,,,,,
646.1941245501033,,,0.07159047344591485,,0.23144614987666168,0.014100405142120194,0.5254295588172271,0.03645728077999801,0.0012836695744166036,0.06375247050838888,,,,,,,,
647.0569945970979,,,0.07144756441716991,,0.2310429403451412,0.014068379588883045,0.5243222363237335,0.036380337548861295,0.0012816676696687569,0.06347842458263678,,,,,,,,
647.9210168438568,,,0.07130494066367903,,0.23064043325747816,0.014036426773701996,0.5232172474696098,0.03630355670670949,0.0012796688869257452,0.06320555666879264,,,,,,,,
648.7861928289242,,,0.07116260161597526,,0.23023862738992357,0.0140045465313707,0.5221145873368023,0.03622693791082006,0.0012776732213187522,0.06293386170306291,,,,,,,,
649.6525240929001,,,0.07102054670572838,,0.2298375215208598,0.013972738697058028,0.5210142510176196,0.036150480819193684,0.0012756806679865482,0.06266333464342078,,,,,,,,
650.5200121784417,,,0.07087877536574252,,0.22943711443079734,0.013941003106307193,0.5199162336147136,0.03607418509055282,0.0012736912220754856,0.062393970469513026,,,,,,,,
651.3886586302647,,,0.07073728702995441,,0.22903740490237204,0.01390933959503498,0.5188205302410588,0.03599805038434036,0.0012717048787394894,0.06212576418256738,,,,,,,,
652.2584649951475,,,0.07059608113343059,,0.22863839172034028,0.013877747999530867,0.5177271360199285,0.03592207636071789,0.0012697216331400418,0.06185871080529921,,,,,,,,
653.1294328219354,,,0.07045515711236526,,0.2282400736715751,0.01384622815645609,0.5166360460848725,0.03584626268056413,0.0012677414804461678,0.061592805381818765,,,,,,,,
654.0015636615419,,,0.07031451440407806,,0.2278424495450629,0.013814779902842895,0.5155472555796957,0.03577060900547351,0.0012657644158344259,0.06132804297753975,,,,,,,,
654.8748590669497,,,0.07017415244701193,,0.22744551813190045,0.013783403076093685,0.5144607596584397,0.03569511499775478,0.0012637904344889026,0.06106441867908793,,,,,,,,
655.7493205932158,,,0.07003407068073102,,0.22704927822529064,0.013752097513980186,0.5133765534853582,0.03561978032042942,0.0012618195316011912,0.06080192759420975,,,,,,,,
656.6249497974745,,,0.06989426854591778,,0.22665372862053806,0.01372086305464253,0.5122946322348946,0.03554460463722996,0.0012598517023703828,0.060540564851681,,,,,,,,
657.5017482389399,,,0.06975474548437136,,0.22625886811504614,0.013689699536588466,0.5112149910916617,0.035469587612598615,0.0012578869420030554,0.060280325601216954,,,,,,,,
658.3797174789062,,,0.06961550093900525,,0.2258646955083139,0.013658606798692591,0.5101376252504228,0.03539472891168592,0.0012559252457132635,0.06002120501338267,,,,,,,,
659.2588590807535,,,0.06947653435384497,,0.22547120960193154,0.01362758468019544,0.5090625299160667,0.03532002820034909,0.0012539666087225281,0.05976319827950269,,,,,,,,
660.1391746099487,,,0.06933784517402607,,0.22507840919957733,0.013596633020702673,0.5079897003035887,0.03524548514515055,0.00125201102625982,0.059506300611572374,,,,,,,,
661.0206656340504,,,0.06919943284579129,,0.2246862931070131,0.01356575166018421,0.5069191316380667,0.03517109941335637,0.001250058493561549,0.059250507242168404,,,,,,,,
661.9033337227105,,,0.069061296816489,,0.22429486013208122,0.01353494043897346,0.5058508191546415,0.03509687067293483,0.0012481090058715533,0.05899581342436059,,,,,,,,
662.7871804476755,,,0.06892343653457082,,0.22390410908470149,0.013504199197766487,0.5047847580984972,0.03502279859255508,0.0012461625584410923,0.0587422144316243,,,,,,,,
663.6722073827904,,,0.06878585144958947,,0.22351403877686704,0.013473527777621199,0.5037209437248388,0.0349488828415856,0.0012442191465288296,0.05848970555775232,,,,,,,,
664.5584161040034,,,0.06864854101219629,,0.22312464802264004,0.013442926019956444,0.502659371298869,0.03487512309009248,0.0012422787654008203,0.058238282116767084,,,,,,,,
665.4458081893672,,,0.06851150467413909,,0.22273593563814878,0.013412393766551246,0.5016000360957685,0.03480151900883819,0.0012403414103305053,0.05798793944283413,,,,,,,,
666.3343852190399,,,0.06837474188826047,,0.22234790044158442,0.013381930859544044,0.5005429334006778,0.03472807026928011,0.001238407076598696,0.05773867289017595,,,,,,,,
667.22414877529,,,0.06823825210849513,,0.2219605412531973,0.013351537141431818,0.4994880585086731,0.0346547765435691,0.001236475759493564,0.05749047783298533,,,,,,,,
668.1151004425,,,0.06810203478986776,,0.22157385689529224,0.013321212455069224,0.49843540672474473,0.034581637504547756,0.0012345474543106274,0.0572433496653391,,,,,,,,
669.007241807168,,,0.06796608938849077,,0.22118784619222562,0.013290956643667834,0.4973849733637774,0.03450865282574917,0.00123262215635274,0.0569972838011131,,,,,,,,
669.9005744579094,,,0.06783041536156262,,0.22080250797040288,0.013260769550795378,0.49633675375053143,0.03443582218139557,0.001230699860930083,0.05675227567389745,,,,,,,,
670.7950999854614,,,0.06769501216736518,,0.22041784105827347,0.01323065102037487,0.4952907432196189,0.03436314524639663,0.0012287805633601535,0.0565083207369112,,,,,,,,
671.6908199826847,,,0.06755987926526172,,0.2200338442863282,0.013200600896683809,0.49424693711548495,0.03429062169634827,0.001226864258967749,0.05626541446291836,,,,,,,,
672.5877360445684,,,0.06742501611569465,,0.21965051648709474,0.013170619024353349,0.49320533079238466,0.034218251207530886,0.001224950943084956,0.056023552344143274,,,,,,,,
673.4858497682312,,,0.06729042218018332,,0.21926785649513467,0.013140705248367539,0.49216591961436346,0.03414603345690811,0.0012230406110511417,0.05578272989218747,,,,,,,,
674.3851627529234,,,0.06715609692132232,,0.21888586314704042,0.013110859414062526,0.4911286989552389,0.034073968122125445,0.0012211332582129431,0.05554294263794651,,,,,,,,
675.2856766000305,,,0.06702203980277889,,0.21850453528143132,0.013081081367125762,0.49009366419857775,0.03400205488150871,0.001219228879924254,0.05530418613152692,,,,,,,,
676.1873929130778,,,0.0668882502892908,,0.21812387173894937,0.013051370953595121,0.4890608107376743,0.03393029341406257,0.0012173274715462142,0.05506645594216313,,,,,,,,
677.090313297732,,,0.06675472784666427,,0.21774387136225626,0.013021728019858162,0.48803013397553113,0.0338586833994691,0.0012154290284471948,0.054829747658135586,,,,,,,,
677.9944393618023,,,0.06662147194177202,,0.21736453299603062,0.012992152412651394,0.48700162932484065,0.03378722451808651,0.0012135335460027933,0.05459405688668934,,,,,,,,
678.8997727152447,,,0.06648848204255116,,0.21698585548696364,0.012962643979059423,0.4859752922079625,0.033715916450947646,0.0012116410195958192,0.054359379253952005,,,,,,,,
679.8063149701666,,,0.0663557576180005,,0.21660783768375527,0.012933202566514111,0.48495111805690233,0.03364475887975839,0.0012097514446162802,0.054125710404852485,,,,,,,,
680.7140677408281,,,0.06622329813817901,,0.21623047843711118,0.012903828022793842,0.48392910231329234,0.03357375148689644,0.0012078648164613722,0.05389304600304022,,,,,,,,
681.6230326436432,,,0.06609110307420359,,0.21585377659973973,0.01287452019602279,0.48290924042837297,0.0335028939554099,0.001205981130535475,0.053661381730805306,,,,,,,,
682.5332112971853,,,0.0659591718982469,,0.21547773102634785,0.012845278934670034,0.4818915278629704,0.03343218596901577,0.001204100382250131,0.0534307132889977,,,,,,,,
683.4446053221881,,,0.06582750408353535,,0.21510234057363795,0.012816104087548864,0.48087596008747746,0.03336162721209858,0.00120222256702404,0.05320103639694784,,,,,,,,
684.3572163415512,,,0.0656960991043466,,0.2147276041003036,0.012786995503815884,0.4798625325818316,0.03329121736970893,0.0012003476802830454,0.05297234679238668,,,,,,,,
685.271045980341,,,0.06556495643600786,,0.21435352046702674,0.012757953032970329,0.47885124083549585,0.03322095612756207,0.0011984757174601224,0.052744640231366886,,,,,,,,
686.1860958657926,,,0.0654340755548938,,0.2139800885364747,0.012728976524853271,0.47784208034744097,0.03315084317203667,0.0011966066739953706,0.05251791248818453,,,,,,,,
687.1023676273139,,,0.06530345593842447,,0.21360730717329618,0.012700065829646862,0.47683504662612314,0.0330808781901733,0.0011947405453360048,0.052292159355300266,,,,,,,,
688.0198628964902,,,0.06517309706506277,,0.21323517524411725,0.01267122079787346,0.475830135189463,0.03301106086967292,0.0011928773269363334,0.05206737664326083,,,,,,,,
688.9385833070851,,,0.06504299841431277,,0.21286369161753851,0.012642441280394934,0.4748273415648267,0.03294139089889559,0.001191017014257755,0.05184356018062184,,,,,,,,
689.8585304950427,,,0.06491315946671777,,0.2124928551641321,0.012613727128411927,0.473826661289008,0.03287186796685924,0.0011891596027687492,0.05162070581387045,,,,,,,,
690.7797060984914,,,0.06478357970385792,,0.21212266475643782,0.012585078193463045,0.47282808990820685,0.03280249176323807,0.001187305087944862,0.0513988094073482,,,,,,,,
691.7021117577491,,,0.06465425860834806,,0.21175311926895876,0.012556494327424015,0.4718316229780068,0.032733261978361114,0.0011854534652686907,0.05117786684317354,,,,,,,,
692.6257491153214,,,0.06452519566383609,,0.21138421757815995,0.012527975382507085,0.47083725606336113,0.03266417830321111,0.0011836047302298863,0.05095787402116674,,,,,,,,
693.5506198159097,,,0.06439639035500042,,0.2110159585624626,0.012499521211260078,0.4698449847385666,0.03259524042942286,0.001181758878325125,0.05073882685877246,,,,,,,,
694.47672550641,,,0.06426784216754829,,0.2106483411022428,0.01247113166656577,0.46885480458724943,0.03252644804928207,0.0011799159050581113,0.050520721290984956,,,,,,,,
695.4040678359167,,,0.06413955058821366,,0.21028136407982698,0.012442806601641099,0.467866711202343,0.03245780085572388,0.0011780758059395607,0.0503035532702724,,,,,,,,
696.3326484557284,,,0.0640115151047549,,0.2099150263794883,0.012414545870036316,0.46688070018606703,0.032389298542331406,0.0011762385764871887,0.05008731876650134,,,,,,,,
697.262469019348,,,0.06388373520595282,,0.20954932688744365,0.012386349325634332,0.4658967671499093,0.03232094080333443,0.0011744042122257,0.04987201376686214,,,,,,,,
698.1935311824853,,,0.06375621038160904,,0.20918426449185074,0.012358216822649926,0.4649149077146077,0.03225272733360822,0.0011725727086867807,0.04965763427579503,,,,,,,,
699.1258366030611,,,0.0636289401225435,,0.20881983808280438,0.012330148215629026,0.46393511751012945,0.032184657828671956,0.001170744061409088,0.04944417631491539,,,,,,,,
700.0593869412112,,,0.06350192392059252,,0.20845604655233235,0.012302143359447864,0.4629573921756496,0.032116731984687355,0.0011689182659382312,0.04923163592293988,,,,,,,,
700.9941838592882,,,0.06337516126860668,,0.20809288879439267,0.012274202109312281,0.4619817273595338,0.032048949498457345,0.0011670953178267672,0.049020009155613,,,,,,,,
701.9302290218634,,,0.06324865166044921,,0.2077303637048708,0.012246324320757037,0.46100811871931985,0.03198131006742493,0.0011652752126341916,0.04880929208563437,,,,,,,,
702.8675240957302,,,0.06312239459099372,,0.20736847018157564,0.012218509849645006,0.4600365619216974,0.0319138133896716,0.0011634579459269246,0.048599480802585485,,,,,,,,
703.8060707499105,,,0.06299638955612176,,0.20700720712423556,0.012190758552166364,0.45906705264248576,0.0318464591639159,0.0011616435132782961,0.0483905714128566,,,,,,,,
704.7458706556515,,,0.06287063605272168,,0.20664657343449674,0.012163070284837993,0.4580995865666207,0.03177924708951245,0.0011598319102685479,0.048182560039575724,,,,,,,,
705.6869254864351,,,0.06274513357868569,,0.20628656801591777,0.012135444904502602,0.4571341593881285,0.031712176866450156,0.0011580231324848055,0.047975442822535255,,,,,,,,
706.6292369179757,,,0.06261988163290867,,0.20592718977396823,0.012107882268328079,0.4561707668101124,0.031645248195351305,0.0011562171755210822,0.04776921591812159,,,,,,,,
707.5728066282253,,,0.062494879715285716,,0.20556843761602445,0.012080382233806744,0.45520940454473147,0.031578460777469966,0.0011544140349782615,0.04756387549924323,,,,,,,,
708.5176362973777,,,0.062370127326710115,,0.20521031045136576,0.012052944658754531,0.4542500683131793,0.03151181431469062,0.0011526137064640856,0.04735941775525943,,,,,,,,
709.4637276078706,,,0.06224562396907149,,0.20485280719117172,0.012025569401310311,0.45329275384566736,0.03144530850952693,0.001150816185593145,0.04715583889190995,,,,,,,,
710.4110822443866,,,0.06212136914525387,,0.20449592674851916,0.011998256319935206,0.4523374568814066,0.03137894306512054,0.0011490214679868759,0.0469531351312447,,,,,,,,
711.3597018938581,,,0.061997362359133765,,0.2041396680383786,0.011971005273411805,0.45138417316858775,0.03131271768523956,0.0011472295492735384,0.04675130271155358,,,,,,,,
712.3095882454711,,,0.061873603115577734,,0.20378402997761025,0.011943816120843396,0.4504328984643603,0.031246632074277223,0.0011454404250882098,0.04655033788729615,,,,,,,,
713.2607429906678,,,0.06175009092044084,,0.20342901148496123,0.011916688721653272,0.4494836285348157,0.03118068593725064,0.0011436540910727746,0.046350236929032604,,,,,,,,
714.2131678231472,,,0.06162682528056463,,0.2030746114810629,0.01188962293558406,0.4485363591549694,0.031114878979799566,0.0011418705428759162,0.04615099612335476,,,,,,,,
715.1668644388697,,,0.06150380570377519,,0.20272082888842718,0.01186261862269695,0.44759108610874093,0.031049210908185056,0.0011400897761531025,0.04595261177281679,,,,,,,,
716.1218345360629,,,0.06138103169888079,,0.2023676626314421,0.011835675643370899,0.44664780518893293,0.030983681429287906,0.001138311786566577,0.04575508019586635,,,,,,,,
717.0780798152191,,,0.061258502775670506,,0.2020151116363707,0.011808793858302052,0.44570651219721735,0.030918290250607744,0.0011365365697853492,0.045558397726777125,,,,,,,,
718.0356019791041,,,0.06113621844491173,,0.20166317483134558,0.011781973128502893,0.44476720294411115,0.03085303708026134,0.0011347641214851792,0.04536256071557966,,,,,,,,
718.994402732755,,,0.06101417821834862,,0.20131185114636738,0.011755213315301612,0.44382987324896245,0.030787921626981605,0.0011329944373485747,0.04516756552799474,,,,,,,,
719.9544837834862,,,0.06089238160870006,,0.2009611395133009,0.011728514280341381,0.44289451893993026,0.03072294360011622,0.0011312275130647756,0.04497340854536533,,,,,,,,
720.915846840893,,,0.06077082812965748,,0.20061103886587126,0.01170187588557956,0.44196113585396374,0.03065810270962615,0.0011294633443297438,0.04478008616458935,,,,,,,,
721.8784936168533,,,0.06064951729588299,,0.20026154813966107,0.011675297993287042,0.4410297198367859,0.030593398666084497,0.0011277019268461507,0.04458759479805291,,,,,,,,
722.8424258255302,,,0.06052844862300783,,0.1999126662721079,0.011648780466047583,0.4401002667428759,0.030528831180675283,0.001125943256323376,0.044395930873564145,,,,,,,,
723.8076451833749,,,0.06040762162763002,,0.1995643922025004,0.011622323166757044,0.4391727724354495,0.030464399965192124,0.0011241873284774874,0.04420509083428659,,,,,,,,
724.7741534091325,,,0.06028703582731248,,0.19921672487197467,0.01159592595862264,0.4382472327864392,0.03040010473203675,0.0011224341390312317,0.04401507113867285,,,,,,,,
725.7419522238432,,,0.06016669074058106,,0.19886966322351138,0.011569588705162271,0.4373236436764772,0.030335945194217902,0.0011206836837140267,0.04382586826039921,,,,,,,,
726.7110433508436,,,0.06004658588692299,,0.19852320620193326,0.011543311270203875,0.43640200099487847,0.030271921065350083,0.0011189359582619513,0.04363747868830051,,,,,,,,
727.6814285157725,,,0.05992672078678464,,0.19817735275390103,0.011517093517884653,0.4354823006396205,0.030208032059652175,0.001117190958417736,0.043449898926304464,,,,,,,,
728.653109446572,,,0.05980709496156962,,0.19783210182791072,0.011490935312650384,0.4345645385173263,0.03014427789194628,0.0011154486799307486,0.04326312549336719,,,,,,,,
729.6260878734931,,,0.05968770793363688,,0.19748745237428966,0.011464836519254697,0.433648710543244,0.030080658277656245,0.0011137091185569846,0.043077154923408,,,,,,,,
730.6003655290973,,,0.05956855922629873,,0.19714340334519387,0.011438797002758416,0.43273481264123037,0.030017172932806514,0.0011119722700590581,0.04289198376524563,,,,,,,,
731.5759441482579,,,0.05944964836381932,,0.19679995369460548,0.01141281662852885,0.4318228407437338,0.029953821574020954,0.001110238130206194,0.042707608582534175,,,,,,,,
732.5528254681652,,,0.05933097487141236,,0.19645710237832872,0.011386895262239124,0.43091279079177475,0.029890603918521535,0.0011085066947742136,0.04252402595369928,,,,,,,,
733.5310112283303,,,0.05921253827523923,,0.1961148483539866,0.011361032769867396,0.43000465873492666,0.029827519684126898,0.0011067779595455272,0.04234123247187419,,,,,,,,
734.5105031705872,,,0.0590943381024072,,0.19577319058101797,0.011335229017696225,0.42909844053129903,0.02976456858925124,0.0011050519203091192,0.04215922474483696,,,,,,,,
735.4913030390943,,,0.058976373880967596,,0.19543212802067506,0.01130948387231192,0.4281941321475208,0.029701750352903147,0.0011033285728605446,0.04197799939494769,,,,,,,,
736.4734125803391,,,0.058858645139914,,0.1950916596360197,0.011283797200603803,0.4272917295587211,0.029639064694684226,0.0011016079130019148,0.04179755305908549,,,,,,,,
737.4568335431425,,,0.0587411514091799,,0.1947517843919197,0.011258168869763482,0.42639122874850993,0.02957651133478777,0.0010998899365418863,0.04161788238858601,,,,,,,,
738.4415676786607,,,0.05862389221963724,,0.1944125012550462,0.011232598747284208,0.42549262570896185,0.02951408999399764,0.0010981746392956517,0.04143898404917936,,,,,,,,
739.427616740387,,,0.05850686710309454,,0.19407380919387107,0.011207086700960232,0.4245959164405991,0.029451800393687045,0.0010964620170849312,0.04126085472092863,,,,,,,,
740.4149824841564,,,0.058390075592294866,,0.19373570717866298,0.011181632598886044,0.423701096952372,0.029389642255817187,0.0010947520657379629,0.04108349109816781,,,,,,,,
741.4036666681482,,,0.058273517220914166,,0.1933981941814847,0.01115623630945576,0.4228081632616428,0.02932761530293611,0.0010930447810894891,0.04090688988944077,,,,,,,,
742.3936710528906,,,0.05815719152355896,,0.19306126917618943,0.011130897701362353,0.42191711139416527,0.029265719258177385,0.0010913401589807466,0.040731047817439706,,,,,,,,
743.3849974012629,,,0.05804109803576492,,0.19272493113841793,0.011105616643597048,0.4210279373840691,0.02920395384525885,0.0010896381952594579,0.040555961618944626,,,,,,,,
744.3776474784967,,,0.05792523629399495,,0.19238917904559613,0.011080393005448634,0.420140637273843,0.029142318788481555,0.001087938885779822,0.040381628044763085,,,,,,,,
745.3716230521808,,,0.05780960583563737,,0.19205401187693133,0.011055226656502801,0.419255207114316,0.0290808138127284,0.0010862422264025068,0.040208043859669605,,,,,,,,
746.3669258922658,,,0.05769420619900369,,0.19171942861340874,0.011030117466641393,0.41837164296463875,0.029019438643462826,0.00108454821299463,0.040035205842345316,,,,,,,,
747.3635577710658,,,0.05757903692332711,,0.1913854282377888,0.011005065306041785,0.4174899408922669,0.028958193006727733,0.0010828568414297556,0.0398631107853185,,,,,,,,
748.3615204632597,,,0.057464097548760806,,0.19105200973460465,0.010980070045176257,0.416610096972945,0.028897076629144244,0.0010811681075878856,0.03969175549490534,,,,,,,,
749.3608157458966,,,0.057349387616375806,,0.19071917209015848,0.010955131554811277,0.41573210729068805,0.028836089237910468,0.0010794820073554462,0.039521136791150366,,,,,,,,
750.3614453983996,,,0.0572349066681592,,0.19038691429251803,0.010930249706006789,0.4148559679377625,0.028775230560800173,0.0010777985366252775,0.03935125150776714,,,,,,,,
751.3634112025682,,,0.05712065424701223,,0.19005523533151375,0.010905424370115595,0.4139816750146699,0.028714500326161647,0.0010761176912966234,0.03918209649207985,,,,,,,,
752.3667149425793,,,0.057006629896748914,,0.18972413419873677,0.010880655418782737,0.4131092246301316,0.028653898262916637,0.001074439467275128,0.03901366860496501,,,,,,,,
753.3713584049934,,,0.056892833162093696,,0.18939360988753448,0.010855942723944743,0.4122386129010687,0.028593424100558908,0.0010727638604728174,0.03884596472079276,,,,,,,,
754.3773433787555,,,0.05677926358868002,,0.18906366139300837,0.010831286157829044,0.41136983595258647,0.02853307756915319,0.0010710908668080936,0.038678981727369235,,,,,,,,
755.3846716552013,,,0.056665920723048144,,0.18873428771201003,0.010806685592953223,0.4105028899179551,0.028472858399333827,0.0010694204822057232,0.038512716525878385,,,,,,,,
756.3933450280579,,,0.05655280411264346,,0.18840548784313874,0.010782140902124421,0.40963777093859366,0.028412766322303638,0.0010677527025968274,0.03834716603082464,,,,,,,,
757.4033652934467,,,0.05643991330581504,,0.18807726078673878,0.010757651958438686,0.4087744751640546,0.02835280106983288,0.001066087523918874,0.03818232716997606,,,,,,,,
758.4147342498869,,,0.05632724785181341,,0.18774960554489598,0.010733218635280315,0.4079129987520046,0.028292962374257862,0.0010644249421156698,0.038018196884306875,,,,,,,,
759.4274536983014,,,0.05621480730078882,,0.1874225211214342,0.01070884080632113,0.40705333786820713,0.028233249968479725,0.001062764953137342,0.037854772127940674,,,,,,,,
760.4415254420176,,,0.05610259120378943,,0.18709600652191274,0.010684518345519879,0.4061954886865056,0.02817366358596331,0.0010611075529403345,0.03769204986809395,,,,,,,,
761.4569512867691,,,0.055990599112759824,,0.18677006075362385,0.010660251127121621,0.4053394473888088,0.02811420296073611,0.0010594527374873995,0.0375300270850202,,,,,,,,
762.4737330407012,,,0.05587883058053901,,0.18644468282558918,0.010636039025657042,0.4044852101650715,0.028054867827386913,0.0010578005027475851,0.03736870077195357,,,,,,,,
763.4918725143748,,,0.055767285160858354,,0.18611987174855638,0.01061188191594175,0.40363277321327695,0.027995657921064586,0.001056150844696224,0.0372080679350528,,,,,,,,
764.5113715207688,,,0.05565596240834019,,0.1857956265349964,0.010587779673075682,0.4027821327394209,0.027936572977476964,0.0010545037593149243,0.03704812559334596,,,,,,,,
765.5322318752811,,,0.055544861878495964,,0.18547194619910115,0.010563732172442504,0.4019332849574962,0.027877612732889745,0.0010528592425915657,0.036888870778675316,,,,,,,,
766.5544553957349,,,0.055433983127724434,,0.18514882975677976,0.010539739289708876,0.40108622608947386,0.027818776924125235,0.0010512172905202811,0.03673030053564196,,,,,,,,
767.5780439023794,,,0.05532332571330987,,0.18482627622565587,0.01051580090082389,0.40024095236528756,0.027760065288561182,0.001049577899101453,0.036572411921551154,,,,,,,,
768.6029992178965,,,0.05521288919342017,,0.18450428462506419,0.010491916882018339,0.3993974600228151,0.02770147756412953,0.0010479410643416981,0.03641520200635732,,,,,,,,
769.6293231674016,,,0.055102673127105255,,0.18418285397604783,0.010468087109804127,0.3985557453078626,0.027643013489315298,0.001046306782253861,0.03625866787261001,,,,,,,,
770.657017578446,,,0.05499267707429534,,0.18386198330135584,0.010444311460973675,0.3977158044741494,0.027584672803155564,0.0010446750488570093,0.03610280661539991,,,,,,,,
771.686084281021,,,0.05488290059579921,,0.18354167162543977,0.010420589812599239,0.39687763378329,0.02752645524523813,0.0010430458601764154,0.035947615342304756,,,,,,,,
772.7165251075631,,,0.0547733432533021,,0.18322191797445025,0.01039692204203223,0.3960412295047761,0.02746836055570032,0.0010414192122435494,0.03579309117333535,,,,,,,,
773.7483418929561,,,0.05466400460936428,,0.1829027213762345,0.010373308026902625,0.39520658791596125,0.02741038847522791,0.0010397951010960708,0.03563923124088245,,,,,,,,
774.7815364745317,,,0.05455488422741944,,0.1825840808603338,0.010349747645118378,0.3943737053020457,0.027352538745054025,0.0010381735227778203,0.03548603268966372,,,,,,,,
775.8161106920754,,,0.05444598167177261,,0.18226599545798006,0.010326240774864744,0.3935425779560584,0.027294811106957955,0.0010365544733388081,0.03533349267667047,,,,,,,,
776.852066387831,,,0.054337296507598526,,0.1819484642020925,0.010302787294603608,0.3927132021788395,0.027237205303263845,0.0010349379488352017,0.035181608371114795,,,,,,,,
777.8894054065022,,,0.05422882830093982,,0.18163148612727514,0.010279387083072895,0.39188557427902465,0.027179721076839684,0.0010333239453293216,0.03503037695437713,,,,,,,,
778.9281295952543,,,0.05412057661870565,,0.18131506026981423,0.010256040019286001,0.3910596905730305,0.027122358171096202,0.001031712458889629,0.03487979561995427,,,,,,,,
779.96824080372,,,0.05401254102866953,,0.18099918566767478,0.01023274598253107,0.3902355473850361,0.027065116329985667,0.0010301034855907157,0.03472986157340691,,,,,,,,
781.0097408840011,,,0.05390472109946794,,0.18068386136049797,0.010209504852370451,0.38941314104696745,0.02700799529800073,0.0010284970215132967,0.034580572032307993,,,,,,,,
782.0526316906739,,,0.05379711640059828,,0.1803690863895976,0.010186316508639992,0.3885924678984799,0.026950994820173227,0.0010268930627441969,0.03443192422619079,,,,,,,,
783.0969150807913,,,0.05368972650241727,,0.18005485979795766,0.010163180831448461,0.3877735242869427,0.026894114642073107,0.0010252916053763426,0.03428391539649766,,,,,,,,
784.1425929138845,,,0.053582550976139516,,0.17974118063022979,0.010140097701176973,0.38695630656742425,0.026837354509807357,0.0010236926455087592,0.0341365427965291,,,,,,,,
785.1896670519674,,,0.05347558939383548,,0.1794280479327301,0.010117066998478325,0.38614081110267434,0.02678071417001885,0.0010220961792465517,0.03398980369139258,,,,,,,,
786.2381393595421,,,0.053368841328429804,,0.17911546075343554,0.010094088604276345,0.3853270342631071,0.026724193369885053,0.0010205022027008988,0.0338436953579515,,,,,,,,
787.2880117036003,,,0.05326230635369954,,0.17880341814198156,0.010071162399765307,0.3845149724267856,0.026667791857117023,0.0010189107119890437,0.03369821508477493,,,,,,,,
788.3392859536253,,,0.05315598404427281,,0.17849191914965998,0.010048288266409371,0.3837046219794074,0.026611509379958355,0.0010173217032342862,0.033553360172087494,,,,,,,,
789.3919639815965,,,0.05304987397562689,,0.17818096282941517,0.010025466085941901,0.3828959793142872,0.026555345687183964,0.0010157351725659743,0.03340912793171909,,,,,,,,
790.4460476619946,,,0.052943975724086205,,0.17787054823584103,0.010002695740364867,0.3820890408323391,0.026499300528098943,0.0010141511161194878,0.033265515687054666,,,,,,,,
791.5015388718035,,,0.05283828886682106,,0.17756067442517845,0.009979977111948217,0.3812838029420623,0.026443373652537426,0.001012569530036234,0.033122520772984936,,,,,,,,
792.5584394905117,,,0.05273281298184586,,0.17725134045531293,0.009957310083229342,0.38048026205952623,0.026387564810861623,0.0010109904104636403,0.03298014053585702,,,,,,,,
793.6167514001181,,,0.0526275476480174,,0.17694254538577103,0.009934694537012408,0.3796784146083527,0.026331873753960556,0.0010094137535551406,0.03283837233342486,,,,,,,,
794.6764764851342,,,0.05252249244503314,,0.17663428827771802,0.009912130356367743,0.37887825701970107,0.02627630023324907,0.0010078395554701696,0.03269721353480051,,,,,,,,
795.7376166325894,,,0.05241764695342946,,0.17632656819395418,0.009889617424631273,0.37807978573225076,0.026220844000666526,0.001006267812374147,0.03255666152040488,,,,,,,,
796.8001737320324,,,0.05231301075458009,,0.17601938419891264,0.009867155625403854,0.3772829971921866,0.026165504808675844,0.001004698520438477,0.03241671368191942,,,,,,,,
797.8641496755341,,,0.05220858343069449,,0.17571273535865675,0.009844744842550778,0.376487887853184,0.026110282410262444,0.0010031316758405326,0.032277367422237885,,,,,,,,
798.9295463576915,,,0.052104364564816215,,0.17540662074087696,0.009822384960201073,0.3756944541763923,0.02605517655893306,0.0010015672747636496,0.03213862015541788,,,,,,,,
799.9963656756332,,,0.05200035374082091,,0.17510103941488747,0.009800075862746924,0.3749026926304175,0.02600018700871461,0.001000005313397114,0.032000469306632806,,,,,,,,
801.0646095290211,,,0.051888538233379126,,0.17474983714290818,0.009777366581111323,0.3739529468233602,0.02594426911668956,0.000997826773312901,0.03185475430134141,,,,,,,,
802.134279820052,,,0.05177693585157468,,0.1743991819570252,0.009754708386157383,0.37300506313684734,0.025888467925787337,0.0009956508699238548,0.03170967507563928,,,,,,,,
803.2053784534629,,,0.05166557350527815,,0.17404923040017808,0.009732102699595598,0.37205958211487034,0.025832786752639073,0.0009934797114020412,0.03156525659845632,,,,,,,,
804.2779073365357,,,0.05155445067821866,,0.17369998106045587,0.009709549399742343,0.37111649766723315,0.025777225339109328,0.0009913132874005994,0.03142149586048077,,,,,,,,
805.3518683790991,,,0.05144356685523581,,0.17335143252878074,0.009687048365195957,0.3701758037191768,0.0257217834276179,0.0009891515875952315,0.0312783898661065,,,,,,,,
806.4272634935305,,,0.051332921522277364,,0.1730035833989028,0.009664599474836158,0.36923749421134205,0.02566646076113868,0.0009869946016841569,0.031135935633370714,,,,,,,,
807.5040945947616,,,0.051222514166396574,,0.17265643226739383,0.009642202607823355,0.3683015630997277,0.025611257083198283,0.000984842319388058,0.030994130193891585,,,,,,,,
808.5823636002805,,,0.05111234427575011,,0.17230997773364187,0.009619857643597976,0.3673680043556538,0.02555617213787505,0.0009826947304500345,0.030852970592806585,,,,,,,,
809.6620724301371,,,0.05100241133959526,,0.17196421839984502,0.009597564461879834,0.36643681196572,0.025501205669797626,0.0009805518246355474,0.030712453888710595,,,,,,,,
810.7432230069454,,,0.05089271484828794,,0.17161915287100613,0.009575322942667445,0.3655079799317685,0.025446357424143966,0.0009784135917323801,0.03057257715359481,,,,,,,,
811.8258172558851,,,0.05078325429328025,,0.17127477975492789,0.009553132966237492,0.36458150227084696,0.02539162714664012,0.000976280021550583,0.03043333747278597,,,,,,,,
812.9098571047062,,,0.05067402916711819,,0.17093109766220652,0.009530994413144065,0.36365737301516854,0.02533701458355909,0.0009741511039224298,0.030294731944885394,,,,,,,,
813.9953444837352,,,0.050565038963438946,,0.17058810520622578,0.009508907164218068,0.3627355862120717,0.02528251948171947,0.0009720268287023649,0.030156757681708307,,,,,,,,
815.0822813258753,,,0.05045628317696888,,0.1702458010031517,0.009486871100566523,0.3618161359239837,0.02522814158848444,0.0009699071857669532,0.030019411808223876,,,,,,,,
816.17066956661,,,0.05034776130352118,,0.16990418367192786,0.009464886103572058,0.3608990162283834,0.025173880651760586,0.0009677921650148405,0.029882691462495524,,,,,,,,
817.2605111440064,,,0.050239472839993485,,0.16956325183426887,0.009442952054892142,0.359984221217762,0.02511973641999674,0.0009656817563666996,0.029746593795621064,,,,,,,,
818.3518079987226,,,0.05013141728436531,,0.16922300411465444,0.009421068836458482,0.3590717449995828,0.02506570864218265,0.0009635759497651768,0.029611115971673027,,,,,,,,
819.4445620740046,,,0.05002359413569613,,0.16888343914032522,0.009399236330476426,0.35816158169624795,0.025011797067848063,0.0009614747351748584,0.029476255167640308,,,,,,,,
820.5387753156965,,,0.04991600289412267,,0.16854455554127568,0.00937745441942427,0.35725372544505524,0.024958001447061333,0.0009593781025822057,0.0293420085733685,,,,,,,,
821.6344496722384,,,0.049808643060856875,,0.16820635195024988,0.009355722986052684,0.35634817039816513,0.024904321530428434,0.0009572860419955224,0.029208373391502073,,,,,,,,
822.7315870946717,,,0.049701514138183585,,0.16786882700273573,0.009334041913384052,0.355444910722561,0.02485075706909179,0.0009551985434449003,0.02907534683742576,,,,,,,,
823.8301895366453,,,0.04959461562945788,,0.16753197933695838,0.009312411084711833,0.3545439406000102,0.024797307814728938,0.0009531155969821678,0.02894292613920633,,,,,,,,
824.9302589544166,,,0.04948794703910315,,0.16719580759387564,0.009290830383599903,0.35364525422702786,0.024743973519551574,0.0009510371926808474,0.028811108537535057,,,,,,,,
826.0317973068534,,,0.049381507872608706,,0.166860310417173,0.009269299693882054,0.35274884581484106,0.02469075393630435,0.0009489633206361109,0.02867989128567039,,,,,,,,
827.1348065554392,,,0.049275297636527556,,0.16652548645325743,0.009247818899661234,0.35185470958935,0.024637648818263774,0.0009468939709647285,0.02854927164938054,,,,,,,,
828.2392886642788,,,0.04916931583847378,,0.1661913343512516,0.009226387885308978,0.3509628397910897,0.024584657919236887,0.0009448291338050209,0.028419246906886297,,,,,,,,
829.345245600099,,,0.049063561987120564,,0.16585785276298876,0.009205006535464742,0.35007323067519375,0.02453178099356028,0.0009427687993168108,0.028289814348804516,,,,,,,,
830.4526793322518,,,0.048958035592197975,,0.16552504034300808,0.009183674735035395,0.3491858765113593,0.024479017796098984,0.0009407129576813839,0.028160971278091855,,,,,,,,
831.5615918327184,,,0.0488527361644905,,0.16519289574854837,0.009162392369194484,0.3483007715838083,0.024426368082245246,0.0009386615991014365,0.02803271500998839,,,,,,,,
832.6719850761158,,,0.04874766321583471,,0.16486141763954226,0.009141159323381642,0.34741791019124896,0.02437383160791735,0.0009366147138010238,0.027905042871961352,,,,,,,,
833.7838610396947,,,0.04864281625911731,,0.1645306046786122,0.009119975483302019,0.3465372866468436,0.02432140812955865,0.0009345722920255267,0.02777795220365016,,,,,,,,
834.897221703349,,,0.048538194808272504,,0.1642004555310634,0.0090988407349256,0.34565889527816657,0.02426909740413625,0.0009325343240415896,0.027651440356810168,,,,,,,,
836.0120690496141,,,0.04843379837828006,,0.16387096886487992,0.009077754964486649,0.3447827304271726,0.024216899189140027,0.0009305008001370876,0.027525504695258187,,,,,,,,
837.1284050636726,,,0.048329626485163014,,0.16354214335071873,0.009056718058483074,0.34390878645015827,0.024164813242581504,0.0009284717106210743,0.027400142594817257,,,,,,,,
838.2462317333598,,,0.048225678645985114,,0.16321397766190374,0.009035729903675804,0.34303705771772425,0.024112839322992553,0.0009264470458237322,0.02727535144326177,,,,,,,,
839.365551049165,,,0.048121954378848905,,0.162886470474421,0.009014790387088155,0.3421675386147404,0.02406097718942445,0.0009244267960963304,0.02715112864026323,,,,,,,,
840.4863650042341,,,0.04801845320289345,,0.1625596204669138,0.008993899396005325,0.34130022354031103,0.02400922660144672,0.0009224109518111818,0.027027471597336265,,,,,,,,
841.6086755943743,,,0.047915174638292125,,0.162233426320677,0.00897305681797369,0.3404351069077375,0.02395758731914606,0.0009203995033615931,0.0269043777377845,,,,,,,,
842.7324848180596,,,0.04781211820625018,,0.16190788671965095,0.008952262540800223,0.33957218314448046,0.023906059103125085,0.0009183924411618189,0.02678184449664666,,,,,,,,
843.8577946764324,,,0.047709283429002575,,0.16158300035041684,0.008931516452551854,0.338711446692126,0.023854641714501284,0.0009163897556470138,0.02665986932064333,,,,,,,,
844.9846071733057,,,0.04760666982981212,,0.16125876590219201,0.008910818441554988,0.33785289200635077,0.023803334914906056,0.0009143914372731949,0.02653844966812394,,,,,,,,
846.1129243151692,,,0.0475042769329668,,0.16093518206682364,0.008890168396394775,0.3369965135568843,0.023752138466483396,0.0009123974765171904,0.026417583009013503,,,,,,,,
847.2427481111906,,,0.047402104263777944,,0.1606122475387842,0.008869566205914578,0.3361423058274746,0.02370105213188897,0.0009104078638765929,0.026297266824760104,,,,,,,,
848.3740805732227,,,0.047300151348577624,,0.16028996101516527,0.008849011759215337,0.33529026331585093,0.02365007567428881,0.0009084225898697184,0.02617749860828212,,,,,,,,
849.5069237158045,,,0.047198417714716744,,0.15996832119567297,0.008828504945654991,0.3344403805336895,0.02359920885735837,0.0009064416450355555,0.026058275863916177,,,,,,,,
850.6412795561632,,,0.04709690289056286,,0.159647326782623,0.008808045654847902,0.33359265200657945,0.023548451445281428,0.0009044650199337284,0.025939596107365338,,,,,,,,
851.7771501142197,,,0.04699560640549801,,0.1593269764809351,0.008787633776664241,0.3327470722739862,0.023497803202749003,0.0009024927051444472,0.025821456865647133,,,,,,,,
852.9145374125941,,,0.04689452778991619,,0.15900726899812714,0.008767269201229375,0.33190363588921507,0.023447263894958093,0.00090052469126846,0.02570385567704186,,,,,,,,
854.0534434766068,,,0.04679366657522153,,0.15868820304431058,0.008746951818923295,0.33106233741937763,0.02339683328761076,0.0008985609689270107,0.025586790091041468,,,,,,,,
855.1938703342815,,,0.04669302229382612,,0.15836977733218566,0.00872668152038005,0.33022317144535773,0.023346511146913055,0.000896601528761799,0.025470257668298676,,,,,,,,
856.3358200163497,,,0.04659259447914771,,0.15805199057703573,0.00870645819648713,0.32938613256177535,0.02329629723957385,0.0008946463614349316,0.025354255980575956,,,,,,,,
857.4792945562559,,,0.04649238266560752,,0.15773484149672148,0.008686281738384878,0.3285512153769507,0.023246191332803756,0.000892695457628873,0.025238782610694767,,,,,,,,
858.6242959901606,,,0.04639238638862803,,0.1574183288116766,0.008666152037465872,0.3277184145128706,0.023196193194314013,0.0008907488080464092,0.025123835152485355,,,,,,,,
859.7708263569409,,,0.04629260518463121,,0.1571024512449026,0.008646068985374452,0.32688772460515514,0.023146302592315603,0.0008888064034106005,0.02500941121073682,,,,,,,,
860.9188876981975,,,0.0461930385910359,,0.15678720752196337,0.008626032474006014,0.3260591403030213,0.023096519295517946,0.0008868682344647371,0.024895508401146866,,,,,,,,
862.0684820582566,,,0.04609368614625604,,0.15647259637098018,0.008606042395506499,0.3252326562692495,0.02304684307312802,0.0008849342919722929,0.024782124350272397,,,,,,,,
863.2196114841756,,,0.045994547389698125,,0.15615861652262616,0.00858609864227177,0.3244082671801477,0.02299727369484906,0.0008830045667168852,0.024669256695479716,,,,,,,,
864.3722780257456,,,0.045895621861759384,,0.15584526671012136,0.008566201106947056,0.3235859677255182,0.02294781093087969,0.0008810790495022253,0.024556903084895543,,,,,,,,
865.5264837354928,,,0.04579690910382562,,0.15553254566922825,0.008546349682426386,0.32276575260862433,0.022898454551912806,0.000879157731152083,0.024445061177358073,,,,,,,,
866.6822306686846,,,0.04569840865826909,,0.15522045213824628,0.008526544261851999,0.32194761654615595,0.02284920432913454,0.0008772406025102377,0.024333728642368133,,,,,,,,
867.8395208833341,,,0.04560012006844618,,0.15490898485800592,0.00850678473861375,0.3211315542681931,0.022800060034223087,0.0008753276544404323,0.02422290316004038,,,,,,,,
868.9983564402029,,,0.04550204287869537,,0.15459814257186458,0.008487071006348554,0.3203175605181743,0.022751021439347683,0.000873418877826332,0.024112582421055153,,,,,,,,
870.1587394028023,,,0.04540417663433541,,0.1542879240257015,0.008467402958939831,0.3195056300528631,0.0227020883171677,0.0008715142635714855,0.024002764126610527,,,,,,,,
871.3206718373991,,,0.04530652088166288,,0.1539783279679126,0.008447780490516914,0.31869575764231367,0.022653260440831435,0.0008696138025992774,0.02389344598837423,,,,,,,,
872.4841558130211,,,0.045209075167950155,,0.15366935314940475,0.00842820349545447,0.31788793806983556,0.022604537583975074,0.0008677174858528808,0.023784625728435798,,,,,,,,
873.6491934014587,,,0.045111839041443245,,0.15336099832359132,0.008408671868371938,0.3170821661319614,0.02255591952072162,0.0008658253042952209,0.023676301079259283,,,,,,,,
874.8157866772672,,,0.04501481205136003,,0.1530532622463875,0.008389185504132987,0.3162784366384146,0.02250740602568001,0.0008639372489089316,0.023568469783636158,,,,,,,,
875.9839377177727,,,0.04491799374788777,,0.1527461436762047,0.008369744297844916,0.3154767444120743,0.02245899687394388,0.000862053310696307,0.023461129594638044,,,,,,,,
877.1536486030748,,,0.04482138368218135,,0.15243964137394586,0.00835034814485814,0.3146770842889428,0.022410691841090673,0.000860173480679265,0.02335427827557005,,,,,,,,
878.3249214160518,,,0.04472498140636082,,0.152133754103,0.008330996940765526,0.3138794511181107,0.022362490703180405,0.0008582977498993003,0.02324791359992391,,,,,,,,
879.4977582423637,,,0.04462878647350957,,0.15182848062923734,0.008311690581401932,0.31308383976172527,0.02231439323675478,0.0008564261094174399,0.023142033351331776,,,,,,,,
880.6721611704537,,,0.04453279843767238,,0.1515238197210052,0.008292428962843613,0.3122902450949579,0.022266399218836188,0.000854558550314208,0.023036635323520172,,,,,,,,
881.8481322915537,,,0.04443701685385315,,0.15121977014912213,0.00827321198140766,0.31149866200597043,0.022218508426926572,0.000852695063689579,0.02293171732026388,,,,,,,,
883.0256736996896,,,0.044341441278012796,,0.1509163306868729,0.008254039533651426,0.3107090853958808,0.022170720639006394,0.0008508356406629314,0.022827277155339994,,,,,,,,
884.2047874916839,,,0.0442460712670672,,0.15061350011000366,0.008234911516371977,0.3099215101787314,0.022123035633533596,0.0008489802723730097,0.022723312652482546,,,,,,,,
885.3854757671568,,,0.044150906378885475,,0.1503112771967178,0.008215827826605569,0.3091359312814574,0.022075453189442734,0.0008471289499778844,0.022619821645337306,,,,,,,,
886.5677406285323,,,0.044055946172287565,,0.1500096607276702,0.008196788361627056,0.30835234364385317,0.02202797308614378,0.0008452816646549075,0.022516801977416477,,,,,,,,
887.7515841810438,,,0.043961190207042276,,0.1497086494859621,0.008177793018949341,0.3075707422185384,0.021980595103521135,0.0008434384076006657,0.022414251502053617,,,,,,,,
888.9370085327355,,,0.04386663804386517,,0.1494082422571367,0.00815884169632283,0.30679112197092656,0.02193331902193258,0.0008415991700309453,0.022312168082359047,,,,,,,,
890.1240157944649,,,0.04377228924441684,,0.1491084378291744,0.008139934291734896,0.30601347787919386,0.02188614462220842,0.0008397639431806896,0.022210549591175504,,,,,,,,
891.3126080799091,,,0.04367814337130054,,0.1488092349924876,0.008121070703409308,0.30523780493424507,0.021839071685650267,0.0008379327183039517,0.02210939391103355,,,,,,,,
892.5027875055664,,,0.04358419998806039,,0.14851063253991598,0.008102250829805724,0.3044640981396824,0.02179209999403019,0.0008361054866738602,0.022008698934107642,,,,,,,,
893.6945561907634,,,0.04349045865917911,,0.14821262926672119,0.008083474569619057,0.3036923525117718,0.02174522932958955,0.0008342822395825723,0.02190846256217194,,,,,,,,
894.8879162576566,,,0.043396918950076066,,0.14791522397058213,0.008064741821779013,0.30292256307941146,0.021698459475038033,0.0008324629683412307,0.021808682706556774,,,,,,,,
896.0828698312345,,,0.043303580427105574,,0.147618415451591,0.008046052485449528,0.30215472488410156,0.021651790213552784,0.0008306476642799304,0.021709357288105254,,,,,,,,
897.2794190393226,,,0.04321044265755451,,0.14732220251224748,0.00802740646002822,0.30138883297991104,0.021605221328777253,0.0008288363187476718,0.021610484237129794,,,,,,,,
898.4775660125905,,,0.043117505209640423,,0.147026583957454,0.008008803645145822,0.3006248824334442,0.02155875260482021,0.000827028923112317,0.021512061493368848,,,,,,,,
899.677312884552,,,0.043024767652509434,,0.1467315585945108,0.007990243940665671,0.2998628683238104,0.021512383826254713,0.0008252254687605515,0.021414087005944105,,,,,,,,
900.8786617915682,,,0.04293222955623458,,0.14643712523311211,0.007971727246683174,0.2991027857425937,0.021466114778117287,0.0008234259470978468,0.021316558733317937,,,,,,,,
902.0816148728534,,,0.042839890491813505,,0.14614328268534044,0.007953253463525259,0.29834462979381965,0.02141994524590675,0.000821630349548416,0.02121947464325068,,,,,,,,
903.2861742704796,,,0.042747750031166494,,0.14585002976566172,0.00793482249174982,0.29758839559392264,0.021373875015583244,0.0008198386675551687,0.02112283271275815,,,,,,,,
904.4923421293796,,,0.04265580774713448,,0.1455573652909206,0.007916434232145206,0.29683407827171615,0.021327903873567238,0.0008180508925796771,0.02102663092806964,,,,,,,,
905.7001205973481,,,0.04256406321347733,,0.14526528808033648,0.007898088585729686,0.2960816729683619,0.021282031606738663,0.0008162670161021341,0.020930867284586107,,,,,,,,
906.9095118250491,,,0.0424725160048716,,0.1449737969554978,0.007879785453750903,0.2953311748373371,0.021236258002435796,0.000814487029621308,0.020835539786838168,,,,,,,,
908.1205179660172,,,0.04238116569690862,,0.1446828907403579,0.007861524737685387,0.2945825790444044,0.021190582848454306,0.0008127109246545088,0.020740646448444686,,,,,,,,
909.3331411766648,,,0.04229001186609254,,0.1443925682612295,0.007843306339237922,0.2938358807675787,0.021145005933046267,0.0008109386927375421,0.020646185292071132,,,,,,,,
910.5473836162832,,,0.04219905408983824,,0.14410282834678048,0.007825130160341118,0.293091075197098,0.021099527044919117,0.000809170325424669,0.020552154349388563,,,,,,,,
911.7632474470457,,,0.04210829194646975,,0.14381366982802957,0.007806996103154844,0.29234815753539256,0.02105414597323487,0.0008074058142885711,0.02045855166103272,,,,,,,,
912.9807348340128,,,0.04201772501521794,,0.14352509153834114,0.00778890407006574,0.2916071229970538,0.021008862507608965,0.0008056451509203078,0.02036537527656308,,,,,,,,
914.1998479451374,,,0.04192735287621862,,0.14323709231342022,0.007770853963686591,0.2908679668088015,0.02096367643810931,0.0008038883269292715,0.020272623254422046,,,,,,,,
915.4205889512679,,,0.0418371751105106,,0.142949670991308,0.0077528456868559,0.290130684209455,0.020918587555255296,0.0008021353339431517,0.020180293661894656,,,,,,,,
916.642960026149,,,0.04174719130003395,,0.14266282641237785,0.007734879142637342,0.2893952704499029,0.020873595650016973,0.0008003861636078982,0.02008838457506844,,,,,,,,
917.8669633464285,,,0.04165740102762793,,0.1423765574193299,0.007716954234319234,0.2886617207930718,0.020828700513813966,0.0007986408075876781,0.0199968940787932,,,,,,,,
919.0926010916622,,,0.04156780387702886,,0.14209086285718625,0.007699070865413996,0.2879300305138947,0.02078390193851443,0.0007968992575648318,0.019905820266640933,,,,,,,,
920.3198754443167,,,0.04147839943286836,,0.14180574157328643,0.007681228939657653,0.28720019489928145,0.020739199716434176,0.0007951615052398407,0.019815161240866283,,,,,,,,
921.5487885897705,,,0.041389187280671584,,0.14152119241728353,0.007663428361009326,0.2864722092480895,0.02069459364033579,0.0007934275423312829,0.01972491511236713,,,,,,,,
922.7793427163217,,,0.041300167006855106,,0.14123721424113858,0.007645669033650686,0.2857460688710922,0.02065008350342755,0.0007916973605757971,0.01963508000064497,,,,,,,,
924.0115400151891,,,0.04121133819872503,,0.14095380589911657,0.007627950861985499,0.28502176909094945,0.02060566909936251,0.0007899709517280414,0.019545654033765947,,,,,,,,
925.2453826805197,,,0.04112270044447503,,0.14067096624778105,0.007610273750638999,0.2842993052421761,0.020561350222237512,0.000788248307560653,0.019456635348321573,,,,,,,,
926.48087290939,,,0.04103425333318443,,0.1403886941459901,0.007592637604457475,0.28357867267111286,0.020517126666592212,0.0007865294198642079,0.019368022089390098,,,,,,,,
927.7180129018086,,,0.04094599645481657,,0.1401069884548919,0.0075750423285077285,0.28285986673589747,0.020472998227408286,0.0007848142804471876,0.01927981241049791,,,,,,,,
928.956804860722,,,0.040857929400216625,,0.13982584803792006,0.00755748782807659,0.2821428828064337,0.02042896470010831,0.0007831028811359368,0.01919200447358101,,,,,,,,
930.1972509920197,,,0.04077005176110972,,0.13954527176078824,0.0075399740086703184,0.28142771626436053,0.020385025880554856,0.0007813952137746207,0.019104596448946524,,,,,,,,
931.439353504537,,,0.04068236313009904,,0.13926525849148624,0.007522500776014182,0.2807143625030234,0.020341181565049517,0.000779691270225189,0.01901758651523473,,,,,,,,
932.6831146100573,,,0.04059486310066418,,0.13898580710027583,0.007505068036051934,0.28000281692744544,0.020297431550332087,0.0007779910423673415,0.018930972859381237,,,,,,,,
933.9285365233164,,,0.040507551267159096,,0.13870691645968566,0.007487675694945293,0.2792930749542973,0.020253775633579545,0.000776294522098485,0.018844753676579073,,,,,,,,
935.1756214620101,,,0.04042042722481002,,0.13842858544450642,0.007470323659073423,0.27858513201186597,0.02021021361240501,0.0007746017013336912,0.01875892717024094,,,,,,,,
936.4243716467954,,,0.04033349056971381,,0.13815081293178658,0.007453011835032448,0.27787898354002677,0.020166745284856902,0.0007729125720056654,0.018673491551961914,,,,,,,,
937.6747893012925,,,0.040246740898836175,,0.13787359780082845,0.007435740129634962,0.2771746249902149,0.020123370449418084,0.0007712271260647034,0.01858844504148231,,,,,,,,
938.9268766520918,,,0.040160177810009634,,0.13759693893318284,0.0074185084499094976,0.27647205182539464,0.020080088905004814,0.0007695453554786557,0.018503785866650385,,,,,,,,
940.1806359287561,,,0.04007380090193168,,0.13732083521264515,0.007401316703100078,0.2757712595200311,0.020036900450965837,0.0007678672522328891,0.018419512263385555,,,,,,,,
941.4360693638271,,,0.0399876097741629,,0.13704528552525008,0.007384164796665621,0.2750722435600595,0.019993804887081447,0.0007661928083302434,0.018335622475641418,,,,,,,,
942.6931791928276,,,0.03990160402712506,,0.13677028875926772,0.007367052638279528,0.2743749994428571,0.019950802013562526,0.000764522015791,0.018252114755369312,,,,,,,,
943.9519676542639,,,0.03981578326209953,,0.13649584380519925,0.007349980135829163,0.2736795226772155,0.01990789163104976,0.0007628548666528415,0.01816898736248202,,,,,,,,
945.2124369896311,,,0.03973014708122525,,0.13622194955577233,0.00733294719741538,0.2729858087833103,0.01986507354061262,0.0007611913529708146,0.018086238564817367,,,,,,,,
946.4745894434193,,,0.03964469508749672,,0.13594860490593594,0.007315953731351943,0.27229385329267136,0.019822347543748356,0.000759531466817288,0.018003866638102002,,,,,,,,
947.738427263116,,,0.039559426884762314,,0.13567580875285662,0.007298999646165118,0.2716036517481552,0.019779713442381153,0.0007578752002819174,0.017921869865915607,,,,,,,,
949.0039526992076,,,0.03947434207772263,,0.13540355999591408,0.007282084850593158,0.2709151997039171,0.01973717103886131,0.0007562225454716116,0.017840246539655255,,,,,,,,
950.2711680051856,,,0.03938944027192847,,0.1351318575366968,0.007265209253585834,0.2702284927253815,0.019694720135964235,0.0007545734945104913,0.017758994958499672,,,,,,,,
951.5400754375537,,,0.03930472107377879,,0.13486070027899644,0.00724837276430385,0.26954352638921214,0.01965236053688939,0.0007529280395398468,0.01767811342937361,,,,,,,,
952.8106772558248,,,0.03922018409051941,,0.13459008712880544,0.0072315752921184836,0.2688602962832866,0.0196100920452597,0.000751286172718112,0.01759760026691301,,,,,,,,
954.0829757225325,,,0.039135828930240577,,0.13432001699431048,0.007214816746610999,0.26817879800666433,0.019567914465120288,0.0007496478862208142,0.01751745379342939,,,,,,,,
955.3569731032292,,,0.039051655201875736,,0.13405048878588968,0.007198097037572213,0.26749902716956164,0.019525827600937868,0.0007480131722405473,0.017437672338875308,,,,,,,,
956.6326716664921,,,0.03896766251519935,,0.13378150141610778,0.007181416075002024,0.2668209793933218,0.01948383125759967,0.0007463820229869309,0.017358254240809383,,,,,,,,
957.91007368393,,,0.03888385048082513,,0.13351305379971098,0.0071647737691088375,0.26614465031038614,0.01944192524041256,0.0007447544306865684,0.01727919784436153,,,,,,,,
959.1891814301846,,,0.038800218710204226,,0.13324514485362332,0.007148170030309173,0.2654700355642666,0.01940010935510211,0.0007431303875830166,0.01720050150219861,,,,,,,,
960.4699971829332,,,0.038716766815623645,,0.13297777349694245,0.007131604769227154,0.26479713080951894,0.019358383407811822,0.0007415098859367475,0.017122163574490198,,,,,,,,
961.7525232228944,,,0.038633494410204305,,0.13271093865093508,0.0071150778966940515,0.26412593171171334,0.019316747205102153,0.0007398929180251102,0.017044182428874326,,,,,,,,
963.0367618338345,,,0.03855040110789906,,0.13244463923903196,0.007098589323747719,0.2634564339474061,0.019275200553949528,0.0007382794761422917,0.016966556440423327,,,,,,,,
964.322715302569,,,0.038467486523491086,,0.13217887418682428,0.007082138961632203,0.26278863320411217,0.01923374326174554,0.0007366695525992826,0.016889283991610098,,,,,,,,
965.6103859189652,,,0.03838475027259222,,0.13191364242205939,0.007065726721797233,0.2621225251802787,0.019192375136296107,0.0007350631397238434,0.016812363472274515,,,,,,,,
966.8997759759482,,,0.03830219197164108,,0.13164894287463635,0.007049352515897775,0.26145810558525645,0.01915109598582054,0.0007334602298604647,0.016735793279589774,,,,,,,,
968.1908877695075,,,0.038219811237901,,0.13138477447660082,0.007033016255793455,0.2607953701392703,0.019109905618950495,0.000731860815370327,0.016659571818028795,,,,,,,,
969.483723598695,,,0.038137607689458806,,0.13112113616214233,0.007016717853548242,0.2601343145733953,0.0190688038447294,0.0007302648886312741,0.016583697499331404,,,,,,,,
970.7782857656358,,,0.03805558094522246,,0.13085802686758813,0.007000457221429813,0.25947493462952553,0.01902779047261123,0.0007286724420377652,0.016508168742470755,,,,,,,,
972.074576575527,,,0.03797373062491981,,0.13059544553140062,0.0069842342719091954,0.25881722606034957,0.0189868653124599,0.0007270834680008485,0.01643298397362081,,,,,,,,
973.3725983366429,,,0.03789205634909657,,0.1303333910941721,0.006968048917660284,0.25816118462932214,0.018946028174548286,0.0007254979589481215,0.01635814162612336,,,,,,,,
974.6723533603428,,,0.03781055773911447,,0.13007186249862052,0.006951901071559282,0.2575068061106354,0.018905278869557236,0.0007239159073236904,0.01628364014045526,,,,,,,,
975.9738439610719,,,0.0377292344171496,,0.1298108586895852,0.0069357906466843275,0.2568540862891933,0.0188646172085748,0.0007223373055881403,0.016209477964196056,,,,,,,,
977.2770724563642,,,0.03764808600619083,,0.1295503786140232,0.0069197175563149894,0.2562030209605847,0.018824043003095415,0.0007207621462184988,0.01613565355199575,,,,,,,,
978.5820411668482,,,0.03756711213003792,,0.12929042122100468,0.006903681713931833,0.25555360593105597,0.018783556065018955,0.0007191904217081959,0.01606216536554249,,,,,,,,
979.8887524162532,,,0.03748631241329957,,0.12903098546170816,0.006887683033215869,0.2549058370174824,0.01874315620664978,0.0007176221245670325,0.015989011873530377,,,,,,,,
981.1972085314114,,,0.03740568648139198,,0.1287720702894168,0.006871721428048171,0.25425971004734266,0.018702843240695988,0.0007160572473211398,0.0159161915516277,,,,,,,,
982.50741184226,,,0.03732523396053703,,0.12851367465951444,0.006855796812509388,0.2536152208586929,0.018662616980268512,0.0007144957825129505,0.01584370288244528,,,,,,,,
983.8193646818484,,,0.03724495447776056,,0.1282557975294809,0.006839909100879292,0.2529723653001382,0.018622477238880275,0.0007129377227011583,0.01577154435550467,,,,,,,,
985.1330693863404,,,0.03716484766089056,,0.12799843785888812,0.006824058207636291,0.2523311392308069,0.018582423830445276,0.0007113830604606851,0.015699714467206777,,,,,,,,
986.4485282950212,,,0.03708491313855548,,0.12774159460939538,0.0068082440474569825,0.25169153852032267,0.018542456569277735,0.000709831788382641,0.015628211720800426,,,,,,,,
987.7657437502999,,,0.03700515054018242,,0.12748526674474553,0.006792466535215664,0.2510535590487785,0.01850257527009121,0.000708283899074293,0.015557034626351213,,,,,,,,
989.0847180977111,,,0.03692555949599572,,0.12722945323076115,0.006776725585983961,0.25041719670671164,0.018462779747997857,0.0007067393851590311,0.01548618170071062,,,,,,,,
990.4054536859217,,,0.03684613963701499,,0.12697415303534001,0.0067610211150302925,0.24978244739507555,0.018423069818507495,0.0007051982392763317,0.015415651467484939,,,,,,,,
991.7279528667367,,,0.036766890595053336,,0.1267193651284506,0.006745353037819406,0.24914930702521318,0.018383445297526665,0.0007036604540817177,0.015345442457004484,,,,,,,,
993.0522179951016,,,0.03668781200271573,,0.12646508848212812,0.0067297212700119765,0.24851777151883103,0.018343906001357865,0.0007021260222467301,0.015275553206293008,,,,,,,,
994.3782514291042,,,0.03660890349339753,,0.12621132207047106,0.006714125727464125,0.24788783680797422,0.01830445174669876,0.0007005949364588923,0.015205982259037337,,,,,,,,
995.7060555299814,,,0.03653016470128254,,0.12595806486963637,0.0066985663262269955,0.24725949883499906,0.018265082350641268,0.0006990671894216711,0.015136728165556943,,,,,,,,
997.0356326621248,,,0.03645159526134125,,0.12570531585783518,0.006683042982546225,0.24663275355254627,0.018225797630670625,0.000697542773854446,0.015067789482773602,,,,,,,,
998.3669851930836,,,0.0363731948093293,,0.1254530740153288,0.006667555612861567,0.24600759692351554,0.018186597404664648,0.0006960216824924701,0.014999164774181468,,,,,,,,
999.7001154935658,,,0.0362949629817858,,0.12520133832442532,0.006652104133806423,0.2453840249210406,0.018147481490892896,0.0006945039080868418,0.01493085260981718,,,,,,,,
1001.0350259374468,,,0.03621689941603158,,0.12495010776947466,0.006636688462207398,0.244762033528462,0.01810844970801579,0.0006929894434044655,0.014862851566229976,,,,,,,,
1002.3717189017701,,,0.03613900375016761,,0.1246993813368649,0.006621308515083835,0.24414161873930204,0.018069501875083802,0.0006914782812280195,0.014795160226452097,,,,,,,,
1003.7101967667559,,,0.036061275623073055,,0.12444915801501778,0.006605964209647375,0.24352277655723747,0.018030637811536524,0.000689970414355918,0.014727777179969115,,,,,,,,
1005.0504619158022,,,0.035983714674403804,,0.12419943679438479,0.0065906554633014865,0.24290550299607475,0.017991857337201902,0.0006884658356022791,0.014660701022690648,,,,,,,,
1006.3925167354882,,,0.03590632054459092,,0.12395021666744366,0.006575382193641103,0.2422897940797256,0.01795316027229546,0.0006869645377968937,0.014593930356921202,,,,,,,,
1007.7363636155793,,,0.035829092874838826,,0.12370149662869369,0.006560144318452099,0.24167564584218,0.01791454643741941,0.0006854665137851881,0.014527463791330946,,,,,,,,
1009.0820049490344,,,0.035752031307123476,,0.12345327567465164,0.006544941755710871,0.24106305432747985,0.017876015653561738,0.000683971756428187,0.014461299940926615,,,,,,,,
1010.4294431320076,,,0.03567513548419096,,0.12320555280384768,0.006529774423583879,0.2404520155896947,0.017837567742095477,0.0006824802586024852,0.014395437427022753,,,,,,,,
1011.7786805638506,,,0.03559840504955577,,0.12295832701682208,0.00651464224042725,0.23984252569289688,0.01779920252477788,0.0006809920132002098,0.014329874877213091,,,,,,,,
1013.1297196471189,,,0.035521839647499207,,0.12271159731612051,0.006499545124786337,0.23923458071113546,0.0177609198237496,0.0006795070131289896,0.014264610925341844,,,,,,,,
1014.4825627875784,,,0.03544543892306747,,0.12246536270628987,0.006484482995395202,0.23862817672840983,0.017722719461533736,0.0006780252513119182,0.01419964421147514,,,,,,,,
1015.8372123942073,,,0.0353692025220703,,0.12221962219387446,0.006469455771176258,0.23802330983864572,0.017684601261035146,0.0006765467206875191,0.014134973381872787,,,,,,,,
1017.1936708791985,,,0.03529313009107921,,0.12197437478741252,0.006454463371239812,0.23741997614567065,0.017646565045539606,0.0006750714142097178,0.01407059708896017,,,,,,,,
1018.551940657967,,,0.035217221277425936,,0.12172961949743151,0.006439505714883637,0.23681817176318756,0.017608610638712965,0.0006735993248478036,0.014006513991300009,,,,,,,,
1019.9120241491519,,,0.03514147572920075,,0.12148535533644463,0.006424582721592515,0.23621789281475083,0.01757073786460037,0.0006721304455863983,0.013942722753564517,,,,,,,,
1021.2739237746242,,,0.03506589309525066,,0.12124158131894612,0.006409694311037811,0.23561913543373958,0.01753294654762533,0.0006706647694254195,0.01387922204650742,,,,,,,,
1022.637641959489,,,0.03499047302517799,,0.12099829646140788,0.006394840403077023,0.2350218957633342,0.017495236512588993,0.0006692022893800489,0.013816010546936357,,,,,,,,
1024.0031811320862,,,0.034915215169338855,,0.12075549978227577,0.006380020917753435,0.23442616995649235,0.017457607584669424,0.0006677429984807041,0.013753086937685469,,,,,,,,
1025.3705437240026,,,0.03484011917884118,,0.12051319030196467,0.006365235775295547,0.23383195417592137,0.017420059589420587,0.0006662868897729952,0.013690449907587585,,,,,,,,
1026.7397321700691,,,0.03476518470554341,,0.12027136704285554,0.006350484896116785,0.2332392445940566,0.017382592352771703,0.0006648339563177014,0.013628098151447271,,,,,,,,
1028.1107489083672,,,0.03469041140205284,,0.12003002902929104,0.006335768200814987,0.23264803739303527,0.01734520570102642,0.0006633841911907342,0.013566030370013462,,,,,,,,
1029.4835963802377,,,0.034615798921723714,,0.11978917528757117,0.006321085610171985,0.2320583287646707,0.017307899460861857,0.0006619375874830995,0.013504245269952258,,,,,,,,
1030.858277030277,,,0.034541346918656124,,0.11954880484595035,0.006306437045153222,0.23147011491043085,0.01727067345932806,0.0006604941383008744,0.013442741563820311,,,,,,,,
1032.2347933063497,,,0.03446705504769384,,0.11930891673463231,0.006291822426907247,0.2308833920414104,0.01723352752384692,0.0006590538367651656,0.013381517970037608,,,,,,,,
1033.6131476595856,,,0.03439292296442329,,0.1190695099857674,0.006277241676765413,0.2302981563783097,0.017196461482211645,0.0006576166760120834,0.013320573212861151,,,,,,,,
1034.9933425443908,,,0.034318950325171384,,0.11883058363344748,0.006262694716241301,0.2297144041514069,0.017159475162585692,0.0006561826491927016,0.013259906022357994,,,,,,,,
1036.3753804184453,,,0.03424513678700449,,0.11859213671370317,0.006248181467030454,0.22913213160053744,0.017122568393502242,0.0006547517494730338,0.013199515134379164,,,,,,,,
1037.7592637427144,,,0.03417148200772628,,0.11835416826449885,0.006233701851009804,0.2285513349750661,0.017085741003863137,0.0006533239700339913,0.01313939929053293,,,,,,,,
1039.1449949814462,,,0.034097985645876676,,0.1181166773257299,0.006219255790237402,0.2279720105338664,0.017048992822938338,0.0006518993040713604,0.013079557238158974,,,,,,,,
1040.532576602183,,,0.034024647360729826,,0.1178796629392177,0.006204843206951847,0.22739415454529283,0.017012323680364913,0.0006504777447957597,0.013019987730301896,,,,,,,,
1041.9220110757578,,,0.03395023272085997,1.8460635513809107,0.11763003918177747,0.006190541774214306,0.2267639430275637,0.016971815522020785,0.0006491880932107813,0.012962595118303848,,,,,,,,
1043.3133008763075,,,0.033875356164668524,1.8401459677756191,0.11737432065149765,0.0061763126568864304,0.22610825567864723,0.01692942135629952,0.0006479662227875131,0.012906418045946859,,,,,,,,
1044.706448481269,,,0.03380064474721746,1.8342473530707748,0.11711915803335718,0.00616211624554574,0.22545446424798737,0.016887133087633583,0.0006467466521096452,0.012850484432822358,,,,,,,,
1046.101456371388,,,0.033726098104296644,1.828367646461296,0.11686455011884653,0.006147952465016703,0.22480256325354198,0.016844950451501067,0.0006455293768487092,0.01279479322383095,,,,,,,,
1047.4983270307252,,,0.033651715872499065,1.8225067873369978,0.11661049570208297,0.0061338212402965555,0.2241525472291186,0.016802873184040737,0.00064431439268438,0.012739343368445672,,,,,,,,
1048.897062946655,,,0.0335774976892194,1.8166647152820012,0.11635699357980589,0.006119722496554955,0.22350441072433244,0.0167609010220506,0.0006431016953044689,0.012684133820692492,,,,,,,,
1050.2976666098768,,,0.03350344319265183,1.8108413700740733,0.11610404255136986,0.006105656159133531,0.22285814830455625,0.016719033702985976,0.0006418912804048983,0.012629163539130232,,,,,,,,
1051.7001405144117,,,0.03342955202178871,1.8050366916840417,0.11585164141874012,0.006091622153545559,0.22221375455087927,0.01667727096495812,0.0006406831436896961,0.01257443148683126,,,,,,,,
1053.1044871576155,,,0.03335582381641837,1.7992506202751408,0.1155997889864858,0.00607762040547548,0.2215712240600572,0.016635612546732355,0.0006394772808709725,0.012519936631361596,,,,,,,,
1054.510709040174,,,0.033282258217123814,1.7934830962024302,0.11534848406177538,0.006063650840778583,0.22093055144447146,0.01659405818772667,0.0006382736876689116,0.012465677944761779,,,,,,,,
1055.9188086661175,,,0.03320885486528047,1.7877340600121452,0.11509772545436987,0.006049713385480552,0.22029173133207966,0.016552607628009825,0.0006370723598117481,0.012411654403527124,,,,,,,,
1057.3287885428144,,,0.03313561340305496,1.782003452441118,0.11484751197661834,0.006035807965777141,0.2196547583663746,0.01651126060830001,0.000635873293035762,0.01235786498858877,,,,,,,,
1058.7406511809866,,,0.033062533473402884,1.7762912144161318,0.11459784244345117,0.006021934508033707,0.21901962720633553,0.01647001686996295,0.0006346764830852531,0.012304308685294101,,,,,,,,
1060.1543990947036,,,0.032989614720067506,1.7705972870533488,0.11434871567237553,0.006008092938784884,0.2183863325263871,0.01642887615501052,0.0006334819257125357,0.012250984483387963,,,,,,,,
1061.5700348013966,,,0.03291685678757759,1.7649216116576654,0.11410013048346869,0.00599428318473414,0.21775486901635097,0.016387838206098928,0.0006322896166779154,0.012197891376993258,,,,,,,,
1062.987560821855,,,0.03284425932124604,1.7592641297221394,0.11385208569937337,0.005980505172753455,0.21712523138140466,0.016346902766527293,0.0006310995517496804,0.012145028364592256,,,,,,,,
1064.4069796802344,,,0.03277182196716803,1.753624782927374,0.1136045801452919,0.005966758829882875,0.21649741434203548,0.01630606958023595,0.0006299117267040816,0.012092394449007603,,,,,,,,
1065.8282939040637,,,0.032699544372219086,1.7480035131409022,0.11335761264897987,0.005953044083330128,0.2158714126339952,0.016265338391804756,0.0006287261373253195,0.01203998863738336,,,,,,,,
1067.251506024243,,,0.03262742618405376,1.7424002624166197,0.11311118204074207,0.0059393608604703,0.21524722100825902,0.016224708946451703,0.0006275427794055321,0.01198780994116658,,,,,,,,
1068.6766185750564,,,0.0325554670511035,1.7368149729941513,0.11286528715342528,0.005925709088845361,0.2146248342309776,0.01618418099003109,0.0006263616487447728,0.011935857376088323,,,,,,,,
1070.103634094167,,,0.032483666622575326,1.7312475872982909,0.11261992682241444,0.005912088696163877,0.2140042470834375,0.016143754269032178,0.0006251827411510042,0.011884129962145426,,,,,,,,
1071.5325551226317,,,0.032412024548449714,1.7256980479383737,0.11237509988562541,0.005898499610300516,0.21338545436201284,0.016103428530577342,0.0006240060524400767,0.01183262672358168,,,,,,,,
1072.9633842048952,,,0.03234054047947932,1.7201662977077181,0.11213080518350116,0.0058849417592957915,0.21276845087812632,0.01606320352242076,0.0006228315784357161,0.01178134668886974,,,,,,,,
1074.3961238888053,,,0.032269214067186844,1.714652279583003,0.11188704155900464,0.005871415071355564,0.21215323145820122,0.016023078992946575,0.0006216593149695085,0.011730288890692522,,,,,,,,
1075.8307767256063,,,0.03219804496386377,1.7091559367237128,0.11164380785761492,0.005857919474850771,0.21153979094362224,0.015983054691167547,0.0006204892578808875,0.01167945236592521,,,,,,,,
1077.2673452699546,,,0.03212703282256819,1.7036772124715183,0.11140110292732008,0.005844454898316922,0.21092812419068832,0.01594313036672328,0.0006193214030171136,0.011628836155616816,,,,,,,,
1078.7058320799144,,,0.032056177297123574,1.698216050349722,0.11115892561861324,0.005831021270453845,0.21031822607057274,0.015903305769878848,0.000618155746233267,0.011578439304972364,,,,,,,,
1080.1462397169653,,,0.031985478042116856,1.6927723940626629,0.11091727478448637,0.005817618520125247,0.20971009146927871,0.01586358065152314,0.0006169922833922293,0.011528260863334742,,,,,,,,
1081.5885707460109,,,0.03191493471289663,1.687346187495125,0.11067614928042444,0.0058042465763583125,0.20910371528759536,0.015823954763167194,0.0006158310103646649,0.01147829988416667,,,,,,,,
1083.0328277353753,,,0.031844546965571804,1.6819373747117863,0.11043554796440123,0.005790905368343392,0.2084990924410578,0.0157844278569429,0.0006146719230290147,0.011428555425033089,,,,,,,,
1084.4790132568164,,,0.03177431445700953,1.6765458999566099,0.11019546969687245,0.0057775948254335605,0.20789621785990114,0.015744999685601162,0.0006135150172714738,0.01137902654758313,,,,,,,,
1085.927129885522,,,0.03170423684483396,1.671171707652302,0.10995591334077187,0.00576431487714432,0.20729508648902162,0.01570567000251063,0.0006123602889859834,0.011329712317532659,,,,,,,,
1087.3771802001227,,,0.031634313787424075,1.6658147423997067,0.10971687776150435,0.005751065453153141,0.2066956932879302,0.015666438561655883,0.0006112077340742083,0.011280611804646377,,,,,,,,
1088.8291667826882,,,0.0315645449439126,1.6604749489772668,0.10947836182694208,0.005737846483299163,0.20609803323071454,0.015627305117636145,0.0006100573484455324,0.011231724082720588,,,,,,,,
1090.2830922187404,,,0.031494929974183745,1.6551522723404222,0.10924036440741759,0.005724657897582759,0.2055021013059926,0.01558826942566352,0.0006089091280170333,0.011183048229565397,,,,,,,,
1091.738959097249,,,0.03142546853887208,1.649846657621076,0.10900288437572003,0.005711499626165243,0.20490789251687486,0.01554933124156169,0.0006077630687134778,0.01113458332698764,,,,,,,,
1093.1967700106459,,,0.03135616029936043,1.6445580501269945,0.10876592060708823,0.005698371599368412,0.20431540188091812,0.015510490321764141,0.0006066191664673,0.011086328460773245,,,,,,,,
1094.6565275548196,,,0.031287004917778645,1.6392863953412777,0.10852947197920695,0.00568527374767425,0.2037246244300881,0.015471746423312898,0.0006054774172185927,0.011038282720670301,,,,,,,,
1096.1182343291293,,,0.03121800205700153,1.6340316389217642,0.10829353737219997,0.0056722060017245,0.2031355552107134,0.015433099303856754,0.0006043378169150855,0.010990445200371582,,,,,,,,
1097.5818929364027,,,0.031149151380647562,1.6287937267004984,0.10805811566862622,0.005659168292320356,0.2025481892834478,0.015394548721649947,0.0006032003615121393,0.010942814997497698,,,,,,,,
1099.047505982942,,,0.031080452553077117,1.623572604683162,0.10782320575347382,0.005646160550422074,0.20196252172322704,0.015356094435550598,0.0006020650469727269,0.010895391213579997,,,,,,,,
1100.5150760785336,,,0.031011905239390628,1.6183682190485034,0.10758880651415428,0.005633182707148547,0.20137854761922636,0.015317736205019077,0.0006009318692674163,0.010848172954043469,,,,,,,,
1101.9846058364444,,,0.030943509105427376,1.613180516147812,0.10735491684049855,0.005620234693777055,0.20079626207482237,0.015279473790116729,0.0005998008243743635,0.010801159328190153,,,,,,,,
1103.4560978734346,,,0.030875263817763426,1.6080094425043336,0.10712153562475024,0.005607316441742789,0.20021566020754858,0.015241306951504129,0.0005986719082792919,0.010754349449182028,,,,,,,,
1104.929554809755,,,0.03080716904371039,1.6028549448127496,0.1068886617615619,0.00559442788263859,0.19963673714905777,0.0152032354504398,0.0005975451169754808,0.010707742434024586,,,,,,,,
1106.404979269159,,,0.030739224451313427,1.5977169699385967,0.10665629414798827,0.005581568948214469,0.1990594880450779,0.015165259048778523,0.0005964204464637504,0.010661337403549881,,,,,,,,
1107.8823738788994,,,0.03067142970935001,1.592595464917751,0.10642443168348253,0.005568739570377376,0.1984839080553748,0.015127377508970061,0.0005952978927524501,0.010615133482400224,,,,,,,,
1109.3617412697417,,,0.03060378448732792,1.58749037695585,0.10619307326988965,0.005555939681190724,0.19790999235370793,0.015089590594057442,0.0005941774518574384,0.010569129799011406,,,,,,,,
1110.84308407596,,,0.03053628845548404,1.5824016534277798,0.10596221781144263,0.005543169212874124,0.19733773612779373,0.01505189806767569,0.0005930591198020762,0.010523325485596523,,,,,,,,
1112.3264049353495,,,0.030468941284782308,1.5773292418771014,0.10573186421475583,0.005530428097802943,0.19676713457926143,0.015014299694050154,0.0005919428926172071,0.010477719678129332,,,,,,,,
1113.8117064892244,,,0.03040174264691257,1.572273090015542,0.1055020113888213,0.0055177162685080125,0.1961981829236167,0.01497679523799524,0.0005908287663411455,0.010432311516328235,,,,,,,,
1115.29899138243,,,0.03033469221428856,1.5672331457224231,0.10527265824500212,0.005505033657675216,0.19563087639019758,0.0149393844649127,0.0005897167370196622,0.01038710014363976,,,,,,,,
1116.7882622633392,,,0.03026778966004663,1.5622093570441518,0.10504380369702854,0.0054923801981451945,0.19506521022213796,0.014902067140790405,0.000588606800705971,0.010342084707222669,,,,,,,,
1118.2795217838623,,,0.030201034658044027,1.5572016721936734,0.10481544666099224,0.005479755822912938,0.19450117967632607,0.014864843032200734,0.0005874989534607153,0.010297264357931738,,,,,,,,
1119.7727725994534,,,0.030134426882857158,1.5522100395499256,0.10458758605534073,0.005467160465127434,0.19393878002336368,0.014827711906299086,0.0005863931913519491,0.010252638250301656,,,,,,,,
1121.2680173691085,,,0.030067966009780348,1.5472344076573337,0.10436022080087343,0.005454594058091367,0.1933780065475291,0.014790673530822597,0.0005852895104551318,0.01020820554253132,,,,,,,,
1122.7652587553785,,,0.03000165171482382,1.5422747252252487,0.10413334982073512,0.005442056535260689,0.19281885454673467,0.014753727674088458,0.0005841879068531044,0.010163965396467663,,,,,,,,
1124.2644994243644,,,0.02993548367471258,1.5373309411274507,0.10390697204041235,0.005429547830244331,0.19226131933249033,0.014716874104992703,0.0005830883766360852,0.010119916977590135,,,,,,,,
1125.765742045733,,,0.02986946156688442,1.5324030044015897,0.10368108638772683,0.005417067876803799,0.1917053962298612,0.014680112593008532,0.0005819909159016478,0.010076059454994674,,,,,,,,
1127.268989292711,,,0.029803585069488707,1.5274908642486917,0.1034556917928318,0.00540461660885289,0.19115108057743155,0.014643442908185077,0.0005808955207547142,0.01003239200137832,,,,,,,,
1128.7742438420985,,,0.02973785386138447,1.5225944700326046,0.10323078718820558,0.005392193960457261,0.1905983677272625,0.014606864821145774,0.0005798021873075329,0.00998891379302332,,,,,,,,
1130.2815083742662,,,0.029672267622139183,1.517713771279506,0.1030063715086479,0.0053797998658341485,0.19004725304485637,0.014570378103087133,0.000578710911679675,0.009945624009781882,,,,,,,,
1131.7907855731683,,,0.02960682603202685,1.512848717677353,0.10278244369127344,0.005367434259351967,0.18949773190911437,0.014533982525777074,0.00057762168999801,0.009902521835060402,,,,,,,,
1133.3020781263383,,,0.029541528772026822,1.5079992590753941,0.10255900267550822,0.005355097075530022,0.1889497997123014,0.014497677861553752,0.0005765345183967014,0.009859606455804363,,,,,,,,
1134.815388724903,,,0.029476375523821815,1.5031653454836214,0.10233604740308315,0.0053427882490380925,0.1884034518600037,0.01446146388332386,0.0005754493930171862,0.009816877062482724,,,,,,,,
1136.3307200635793,,,0.029411365969796766,1.498346927072282,0.10211357681803028,0.0053305077146961356,0.18785868377109383,0.01442534036456146,0.0005743663100081658,0.00977433284907287,,,,,,,,
1137.848074840682,,,0.029346499793037096,1.493543954171353,0.10189158986667725,0.005318255407473943,0.1873154908776904,0.01438930707930645,0.0005732852655255887,0.009731973013045287,,,,,,,,
1139.3674557581332,,,0.029281776677327037,1.4887563772700185,0.10167008549764175,0.005306031262490742,0.18677386862511894,0.01435336380216308,0.0005722062557326384,0.00968979675534839,,,,,,,,
1140.8888655214575,,,0.029217196307148408,1.483984147016185,0.10144906266182784,0.005293835215014934,0.18623381247187634,0.014317510308298708,0.0005711292767997223,0.009647803280393627,,,,,,,,
1142.4123068397976,,,0.029152758367678715,1.4792272142159426,0.10122852031241947,0.005281667200463669,0.18569531788958976,0.014281746373442218,0.0005700543249044515,0.009605991796040205,,,,,,,,
1143.9377824259082,,,0.029088462544789997,1.4744855298330888,0.10100845740487704,0.005269527154402569,0.1851583803629816,0.014246071773882808,0.0005689813962316357,0.009564361513580451,,,,,,,,
1145.4652949961717,,,0.02902430852504687,1.4697590449885918,0.10078887289693098,0.005257415012545335,0.18462299538982865,0.014210486286468371,0.0005679104869732627,0.009522911647724643,,,,,,,,
1146.9948472705928,,,0.02896029599570545,1.4650477109601177,0.10056976574857823,0.005245330710753466,0.18408915848092747,0.014174989688604332,0.0005668415933284886,0.009481641416586471,,,,,,,,
1148.5264419728132,,,0.028896424644711406,1.4603514791814973,0.10035113492207591,0.005233274185035851,0.18355686516005343,0.014139581758252034,0.0005657747115036221,0.009440550041667994,,,,,,,,
1150.0600818301066,,,0.028832694160698825,1.4556703012422565,0.10013297938193784,0.005221245371548488,0.18302611096392674,0.01410426227392754,0.000564709837712115,0.009399636747845278,,,,,,,,
1151.595769573393,,,0.028769104232988316,1.451004128887086,0.09991529809492816,0.005209244206594098,0.18249689144217127,0.014069031014700072,0.0005636469681745417,0.009358900763353446,,,,,,,,
1153.1335079372348,,,0.02870565455158587,1.4463529140153755,0.09969809003005792,0.005197270626621846,0.181969202157281,0.014033887760190829,0.0005625860991185942,0.009318341319772426,,,,,,,,
1154.67329965985,,,0.028642344807180982,1.4417166086806859,0.09948135415857878,0.005185324568226937,0.1814430386845791,0.013998832290571375,0.0005615272267790621,0.009277957652012194,,,,,,,,
1156.2151474831098,,,0.02857917469114546,1.4370951650902832,0.09926508945397923,0.005173405968150325,0.18091839661218412,0.01396386438656249,0.000560470347397822,0.00923774899829854,,,,,,,,
1157.7590541525467,,,0.0285161438955318,1.4324885356046329,0.09904929489197947,0.0051615147632783865,0.1803952715409714,0.013928983829432664,0.000559415457223825,0.009197714600158629,,,,,,,,
1159.3050224173626,,,0.028453252113071488,1.4278966727368994,0.09883396945052583,0.0051496508906425315,0.1798736590845352,0.013894190400996702,0.0005583625525130805,0.009157853702406567,,,,,,,,
1160.853055030426,,,0.028390499037173916,1.423319529152481,0.0986191121097871,0.005137814287418933,0.17935355486915464,0.01385948388361452,0.0005573116295286474,0.00911816555312943,,,,,,,,
1162.4031547482862,,,0.028327884361924457,1.4187570576684936,0.09840472185214852,0.005126004890928139,0.17883495453375386,0.013824864060189573,0.0005562626845406139,0.009078649403672761,,,,,,,,
1163.9553243311677,,,0.02826540778208335,1.4142092112533124,0.09819079766220824,0.0051142226386348055,0.1783178537298686,0.013790330714167711,0.0005552157138260932,0.009039304508626757,,,,,,,,
1165.5095665429867,,,0.028203068993083856,1.4096759430260593,0.0979773385267711,0.005102467468147284,0.17780224812160664,0.013755883629535616,0.000554170713669201,0.009000130125811932,,,,,,,,
1167.0658841513448,,,0.02814086769103113,1.4051572062561477,0.09776434343484516,0.005090739317217383,0.17728813338561447,0.013721522590819645,0.0005531276803610506,0.008961125516265373,,,,,,,,
1168.6242799275437,,,0.02807880357270039,1.4006529543627724,0.0975518113776357,0.005079038123739933,0.1767755052110381,0.013687247383084297,0.0005520866101997335,0.008922289944226523,,,,,,,,
1170.1847566465813,,,0.028016876335535793,1.3961631409144575,0.09733974134854176,0.005067363825752572,0.17626435929948983,0.013653057791931066,0.0005510474994903113,0.0088836226771236,,,,,,,,
1171.7473170871656,,,0.02795508567764856,1.39168771962855,0.09712813234314988,0.005055716361435313,0.17575469136500918,0.013618953603496893,0.0005500103445447962,0.008845122985559511,,,,,,,,
1173.3119640317113,,,0.027893431297815897,1.3872266443707675,0.0969169833592306,0.005044095669110299,0.17524649713402976,0.013584934604452994,0.000548975141682145,0.008806790143298271,,,,,,,,
1174.878700266349,,,0.027831912895479337,1.382779869154711,0.09670629339673338,0.005032501687241427,0.1747397723453421,0.01355100058200348,0.000547941887228243,0.008768623427251269,,,,,,,,
1176.4475285809324,,,0.027770530170743154,1.3783473481413817,0.09649606145778108,0.005020934354434021,0.1742345127500569,0.013517151323883923,0.0005469105775158874,0.008730622117463515,,,,,,,,
1178.0184517690368,,,0.027709282824373217,1.373929035638732,0.09628628654666657,0.005009393609434556,0.173730714111572,0.013483386618360217,0.0005458812088847812,0.00869278549710026,,,,,,,,
1179.5914726279716,,,0.027648170557795167,1.369524886101167,0.09607696766984661,0.004997879391130267,0.17322837220553394,0.013449706254227055,0.0005448537776815148,0.008655112852433233,,,,,,,,
1181.1665939587772,,,0.027587193073093347,1.3651348541291026,0.0958681038359386,0.004986391638548882,0.17272748281980532,0.013416110020806785,0.0005438282802595549,0.008617603472827435,,,,,,,,
1182.7438185662388,,,0.027526350073008913,1.3607588944684703,0.09565969405571444,0.0049749302908582505,0.17222804175442674,0.013382597707947926,0.0005428047129792318,0.008580256650727501,,,,,,,,
1184.3231492588827,,,0.027465641260938846,1.3563969620102774,0.09545173734209707,0.004963495287366081,0.17173004482158447,0.013349169106024038,0.0005417830722077276,0.008543071681644535,,,,,,,,
1185.904588848989,,,0.027405066340934092,1.3520490117901156,0.09524423271015471,0.00495208656751955,0.17123348784557227,0.013315824005932201,0.0005407633543190586,0.008506047864142666,,,,,,,,
1187.48814015259,,,0.027344625017698476,1.3477149989877237,0.09503717917709746,0.004940704070905041,0.1707383666627595,0.013282562199091928,0.0005397455556940692,0.008469184499825996,,,,,,,,
1189.0738059894811,,,0.027284316996586924,1.3433948789264998,0.09483057576227119,0.004929347737247776,0.1702446771215531,0.013249383477443642,0.0005387296727204137,0.008432480893325194,,,,,,,,
1190.6615891832198,,,0.027224141983604358,1.3390886070730657,0.09462442148715425,0.004918017506411552,0.16975241508236585,0.013216287633447572,0.000537715701792546,0.00839593635228464,,,,,,,,
1192.251492561138,,,0.027164099685403946,1.3347961390367833,0.09441871537535161,0.004906713318398358,0.1692615764175787,0.013183274460082278,0.0005367036393117052,0.00835955018734912,,,,,,,,
1193.8435189543397,,,0.027104189809285938,1.330517430569319,0.09421345645259141,0.004895435113348106,0.16877215701150858,0.01315034375084351,0.0005356934816859052,0.008323321712151019,,,,,,,,
1195.4376711977088,,,0.02704441206319615,1.326252437564178,0.09400864374671968,0.00488418283153831,0.16828415276037303,0.013117495299742859,0.0005346852253299213,0.008287250243297267,,,,,,,,
1197.0339521299188,,,0.026984766155724347,1.322001116056239,0.09380427628769535,0.004872956413383726,0.16779755957225456,0.013084728901306372,0.0005336788666652731,0.00825133510035642,,,,,,,,
1198.6323645934287,,,0.0269252517961032,1.3177634222213255,0.09360035310758688,0.004861755799436109,0.1673123733670688,0.013052044350573446,0.00053267440212022,0.008215575605845979,,,,,,,,
1200.2329114344975,,,0.026865868694206492,1.3135393123757262,0.09339687324056624,0.004850580930383807,0.16682859007652762,0.013019441443095364,0.0005316718281297394,0.008179971085219376,,,,,,,,
1201.8355955031807,,,0.026806616560548027,1.3093287429757723,0.09319383572290563,0.004839431747051547,0.16634620564410763,0.012986919974934208,0.0005306711411355229,0.008144520866853513,,,,,,,,
1203.440419653344,,,0.0267474951062799,1.3051316706173617,0.0929912395929717,0.0048283081904000325,0.16586521602501356,0.012954479742661373,0.000529672337585956,0.00810922428203585,,,,,,,,
1205.0473867426588,,,0.026688504043191445,1.300948052035537,0.09278908389122238,0.004817210201525711,0.16538561718614703,0.012922120543356494,0.0005286754139361121,0.008074080664952006,,,,,,,,
1206.6564996326179,,,0.026629643083707424,1.2967778441040154,0.09258736766020077,0.004806137721660368,0.16490740510606994,0.012889842174605997,0.0005276803666477327,0.008039089352672977,,,,,,,,
1208.2677611885294,,,0.02657091194088704,1.2926210038347685,0.09238608994453211,0.004795090692170925,0.16443057577497355,0.012857644434502016,0.000526687192189223,0.00800424968514287,,,,,,,,
1209.881174279533,,,0.026512310328422176,1.2884774883775534,0.09218524979091787,0.004784069054559028,0.16395512519464212,0.01282552712164093,0.0005256958870356314,0.00796956100516623,,,,,,,,
1211.4967417785945,,,0.026453837960636307,1.2843472550194974,0.09198484624813265,0.00477307275046082,0.16348104937842212,0.012793490035122312,0.000524706447668644,0.007935022658395822,,,,,,,,
1213.1144665625209,,,0.026395494552482822,1.2802302611846323,0.09178487836701825,0.004762101721646563,0.16300834435118597,0.012761532974547475,0.0005237188705765665,0.007900633993320137,,,,,,,,
1214.7343515119567,,,0.026337279819543872,1.2761264644334764,0.09158534520048026,0.004751155910020377,0.16253700614930128,0.012729655740018359,0.0005227331522543163,0.007866394361251238,,,,,,,,
1216.3563995113934,,,0.0262791934780289,1.2720358224625887,0.09138624580348331,0.004740235257619929,0.16206703082059648,0.01269785813213626,0.0005217492892034061,0.007832303116312465,,,,,,,,
1217.9806134491776,,,0.02622123524477312,1.2679582931041236,0.09118757923304598,0.004729339706616085,0.16159841442432663,0.012666139952000466,0.0005207672779319333,0.007798359615426159,,,,,,,,
1219.606996217508,,,0.026163404837236438,1.263893834325417,0.09098934454823732,0.004718469199312659,0.16113115303114284,0.012634501001207213,0.0005197871149545701,0.007764563218301735,,,,,,,,
1221.2355507124498,,,0.026105701973501684,1.2598424042285286,0.09079154081017135,0.004707623678146055,0.16066524272305652,0.012602941081848227,0.0005188087967925445,0.007730913287423392,,,,,,,,
1222.866279833931,,,0.02604812637227366,1.2558039610498355,0.09059416708200384,0.004696803085685023,0.1602006795934093,0.012571459996509684,0.0005178323199736359,0.007697409188038259,,,,,,,,
1224.4991864857564,,,0.025990677752877393,1.2517784631595759,0.09039722242892648,0.004686007364630287,0.15973745974683765,0.012540057548270792,0.0005168576810321568,0.007664050288144271,,,,,,,,
1226.1342735756036,,,0.025933355835257074,1.2477658690614457,0.09020070591816377,0.004675236457814297,0.15927557929924266,0.012508733540702753,0.0005158848765089432,0.007630835958478421,,,,,,,,
1227.7715440150375,,,0.025876160339974405,1.2437661373921447,0.09000461661896739,0.004664490308200882,0.15881503437775504,0.012477487777867325,0.0005149139029513414,0.007597765572504669,,,,,,,,
1229.4110007195063,,,0.02581909098820754,1.2397792269209762,0.08980895360261308,0.004653768858885003,0.1583558211207052,0.012446320064315808,0.0005139447569131979,0.007564838506402369,,,,,,,,
1231.052646608356,,,0.02576214750174941,1.2358050965493967,0.08961371594239488,0.004643072053092385,0.15789793567758825,0.01241523020508762,0.000512977434954842,0.007532054139054272,,,,,,,,
1232.6964846048259,,,0.025705329603006696,1.231843705310617,0.08941890271362199,0.004632399834179274,0.15744137420903434,0.012384218005709257,0.000512011933643081,0.00749941185203502,,,,,,,,
1234.3425176360631,,,0.025648637014998112,1.2278950123691552,0.08922451299361324,0.0046217521456320895,0.1569861328867738,0.01235328327219291,0.0005110482495511799,0.00746691102959926,,,,,,,,
1235.9907486331208,,,0.025592069461353405,1.2239589770204373,0.08903054586169383,0.004611128931067173,0.15653220789360733,0.012322425811035407,0.0005100863792588564,0.007434551058670236,,,,,,,,
1237.6411805309651,,,0.025535626666311834,1.2200355586903684,0.08883700039919032,0.004600530134230468,0.1560795954233733,0.012291645429216935,0.0005091263193522653,0.007402331328828137,,,,,,,,
1239.2938162684857,,,0.025479308354720728,1.2161247169349052,0.08864387568942596,0.00458995569899718,0.15562829168091424,0.012260941934199732,0.000508168066423985,0.007370251232298484,,,,,,,,
1240.9486587884905,,,0.025423114252034418,1.212226411439661,0.08845117081771749,0.004579405569371569,0.15517829288204799,0.012230315133927102,0.00050721161707301,0.007338310163940875,,,,,,,,
1242.605711037723,,,0.02536704408431258,1.2083406020194647,0.08825888487136938,0.0045688796894865595,0.15472959525353286,0.012199764836821985,0.0005062569679047321,0.00730650752123736,,,,,,,,
1244.2649759668566,,,0.02531109757821923,1.204467248617972,0.08806701693967085,0.0045583780036035255,0.1542821950330388,0.012169290851785957,0.0005053041155309369,0.007274842704281265,,,,,,,,
1245.9264565305086,,,0.025255274461021028,1.2006063113072274,0.08787556611389036,0.004547900456111927,0.1538360884691133,0.012138892988197859,0.0005043530565697823,0.007243315115765671,,,,,,,,
1247.590155687238,,,0.02519957446058634,1.1967577502872768,0.08768453148727252,0.004537446991529069,0.15339127182115242,0.012108571055912757,0.0005034037876457955,0.007211924160972367,,,,,,,,
1249.2560763995584,,,0.02514399730538353,1.1929215258857344,0.08749391215503251,0.004527017554499758,0.15294774135936684,0.012078324865260613,0.0005024563053898542,0.007180669247760437,,,,,,,,
1250.9242216339348,,,0.025088542724479992,1.1890975985573957,0.087303707214353,0.004516612089796074,0.15250549336475325,0.012048154227045254,0.0005015106064391797,0.007149549786555237,,,,,,,,
1252.5945943607983,,,0.02503321044754049,1.1852859288838078,0.08711391576437875,0.004506230542317002,0.15206452412906055,0.012018058952543006,0.0005005666874373191,0.007118565190337147,,,,,,,,
1254.2671975545427,,0.33147968513684484,0.024974379687321756,1.1814097182351655,0.08691666810376943,0.004495645810752559,0.1516154339536362,0.011990456857103444,0.0004995718926057337,0.007087295526715521,,,,,,,,
1255.942034193533,,0.33092779783440757,0.02491024157622214,1.1774308252867483,0.08670802979243832,0.004484744401198379,0.15115354464782713,0.01196655684381238,0.0004984998476788354,0.007055533704802387,,,,,,,,
1257.6191072601157,,0.33037682938041896,0.02484626818181802,1.1734653329298843,0.08649989230501003,0.004473869426273445,0.1506930624661162,0.011942704469292877,0.0004974301032823344,0.0070239142239737025,,,,,,,,
1259.2984197406145,,0.32982677824507034,0.024782459081091276,1.169513196032465,0.08629225443928681,0.004463020821876919,0.15023398312176658,0.011918899638588845,0.0004963626544794622,0.006992436446325792,,,,,,,,
1260.9799746253457,,0.32927764290109823,0.02471881385210997,1.1655743696143706,0.08608511499595602,0.00445219852406338,0.14977630234109937,0.011895142256933403,0.0004952974963440406,0.0069610997368136675,,,,,,,,
1262.6637749086133,,0.32872942182378373,0.02465533207402592,1.1616488088469827,0.08587847277858457,0.004441402469042487,0.14932001586345664,0.011871432229748628,0.0004942346239604649,0.0069299034632383984,,,,,,,,
1264.3498235887253,,0.3281821134909447,0.02459201332707158,1.1577364690526506,0.08567232659361068,0.004430632593178553,0.14886511944115893,0.011847769462645048,0.0004931740324236765,0.006898846996234158,,,,,,,,
1266.0381236679875,,0.3276357163829352,0.02452885719255763,1.1538373057042055,0.08546667525033828,0.004419888832990235,0.14841160883946855,0.011824153861421398,0.0004921157168391465,0.006867929709255736,,,,,,,,
1267.7286781527205,,0.32709022898263745,0.024465863252869802,1.1499512744244316,0.08526151756092891,0.004409171125150086,0.14795947983654734,0.011800585332064125,0.0004910596723228442,0.006837150978565703,,,,,,,,
1269.4214900532538,,0.3265456497754613,0.02440303109146652,1.1460783309855829,0.08505685234039605,0.004398479406484269,0.1475087282234202,0.011777063780747124,0.0004900058940012248,0.006806510183222002,,,,,,,,
1271.116562383942,,0.32600197724933666,0.02434036029287577,1.1422184313088577,0.08485267840659698,0.004387813613972086,0.14705934980393298,0.011753589113831241,0.0004889543770111981,0.006776006705065254,,,,,,,,
1272.8138981631596,,0.3254592098947126,0.02427785044269272,1.1383715314639196,0.08464899458022736,0.0043771736847456975,0.1466113403947165,0.011730161237864044,0.00048790511650011187,0.006745639928706462,,,,,,,,
1274.5135004133163,,0.32491734620454965,0.024215501127576596,1.1345375876683745,0.084445799684813,0.004366559556089676,0.1461646958251444,0.0117067800595793,0.0004868581076257256,0.006715409241514398,,,,,,,,
1276.2153721608543,,0.3243763846743189,0.024153311935248303,1.1307165562872927,0.0842430925467043,0.004355971165440698,0.14571941193729718,0.011683445485896733,0.0004858133455561908,0.006685314033603435,,,,,,,,
1277.9195164362566,,0.3238363238019962,0.024091282454487543,1.1269083938327031,0.0840408719950689,0.004345408450387142,0.14527548458592207,0.011660157423921604,0.0004847708254700292,0.006655353697821149,,,,,,,,
1279.6259362740575,,0.3232971620880569,0.024029412275129957,1.1231130569630905,0.08383913686188448,0.004334871348668719,0.1448329096383937,0.01163691578094428,0.0004837305425561062,0.006625527629736018,,,,,,,,
1281.3346347128372,,0.3227588980354748,0.02396770098806471,1.1193305024829212,0.08363788598193315,0.00432435979817613,0.14439168297467792,0.01161372046443999,0.00048269249201361394,0.006595835227625371,,,,,,,,
1283.0456147952393,,0.3222215301497142,0.023906148185231475,1.1155606873421295,0.08343711819279338,0.004313873736950658,0.14395180048729064,0.011590571382068322,0.00048165666905204435,0.006566275892463084,,,,,,,,
1284.7588795679644,,0.3216850569387296,0.023844753459618062,1.1118035686356507,0.0832368323348346,0.00430341310318386,0.14351325808126242,0.01156746844167299,0.00048062306889117327,0.006536849027907667,,,,,,,,
1286.4744320817874,,0.3211494769129578,0.023783516405257367,1.1080591036029088,0.0830370272512093,0.004292977835217134,0.1430760516740976,0.011544411551281332,0.00047959168676102925,0.00650755404029004,,,,,,,,
1288.192275391551,,0.3206147885853172,0.023722436617225062,1.1043272496273537,0.08283770178784751,0.00428256787154144,0.142640177195739,0.011521400619104076,0.00047856251790188216,0.0064783903386017635,,,,,,,,
1289.9124125561825,,0.32008099047120075,0.02366151369163653,1.1006079642359532,0.08263885479344883,0.004272183150796843,0.14220563058852734,0.011498435553534837,0.0004775355575642121,0.006449357334482922,,,,,,,,
1291.6348466386887,,0.3195480810884744,0.0236007472256446,1.0969012050987317,0.08244048511947724,0.004261823611772235,0.14177240780716616,0.011475516263149908,0.00047651080100869365,0.006420454442210424,,,,,,,,
1293.3595807061718,,0.3190160589574703,0.023540136817436462,1.0932069300282667,0.08224259162015299,0.0042514891934049065,0.14134050481868143,0.01145264265670773,0.0004754882435061697,0.006391681078686026,,,,,,,,
1295.0866178298238,,0.3184849226009858,0.023479682066231435,1.0895250969792307,0.08204517315244739,0.004241179834780247,0.14090991760238677,0.011429814643148685,0.00047446788033763353,0.006363036663424735,,,,,,,,
1296.8159610849439,,0.317954670544276,0.023419382572277908,1.0858556640478902,0.08184822857607485,0.004230895475131334,0.14048064214984324,0.011407032131594589,0.0004734497067942027,0.00633452061854291,,,,,,,,
1298.5476135509327,,0.3174253013150525,0.023359237936851043,1.0821985894716488,0.08165175675348747,0.004220636053838611,0.1400526744648245,0.011384295031348456,0.0004724337181771024,0.006306132368746783,,,,,,,,
1300.2815783113035,,0.31689681344347814,0.023299247762249963,1.0785538316285623,0.08145575654986799,0.004210401510429523,0.1396260105632784,0.01136160325189408,0.0004714199097976398,0.006277871341320767,,,,,,,,
1302.0178584536907,,0.3163692054621618,0.023239411651795036,1.0749213490368588,0.08126022683312267,0.004200191784578125,0.13920064647328917,0.011338956702895624,0.0004704082769771821,0.006249736966115851,,,,,,,,
1303.7564570698466,,0.31584247590615705,0.023179729209825545,1.0713011003544837,0.08106516647387595,0.004190006816104792,0.1387765782350425,0.011316355294197385,0.00046939881504714045,0.006221728675538238,,,,,,,,
1305.4973772556568,,0.31531662331295474,0.02312020004169671,1.0676930443786083,0.08087057434546271,0.004179846544975787,0.1383538019007862,0.011293798935823295,0.00046839151934893915,0.006193845904537711,,,,,,,,
1307.2406221111364,,0.31479164622248246,0.023060823753777434,1.0640971400451833,0.08067644932392289,0.004169710911302995,0.13793231353479607,0.011271287537976692,0.0004673863852340046,0.006166088090596453,,,,,,,,
1308.9861947404443,,0.31426754317709693,0.023001599953447353,1.0605133464284482,0.08048279028799377,0.004159599855343478,0.1375121092133366,0.011248821011039844,0.00046638340806373505,0.00613845467371746,,,,,,,,
1310.7340982518797,,0.31374431272158354,0.02294252824909459,1.0569416227404882,0.08028959611910484,0.0041495133174992045,0.13709318502462692,0.01122639926557371,0.0004653825832094851,0.006110945096413461,,,,,,,,
1312.4843357578977,,0.3132219534031486,0.022883608250112805,1.0533819283307482,0.08009686570136998,0.004139451238316626,0.13667553706880212,0.011204022212317453,0.00046438390605254036,0.006083558803695496,,,,,,,,
1314.2369103751037,,0.31270046377141925,0.02282483956689899,1.049834222685592,0.07990459792158237,0.004129413558486392,0.1362591614578792,0.01118168976218824,0.0004633873719840996,0.0060562952430618724,,,,,,,,
1315.9918252242705,,0.31217984237843527,0.022766221810850494,1.0462984654278182,0.0797127916692067,0.0041194002188429495,0.13584405431571844,0.011159401826280717,0.00046239297640524935,0.006029153864486853,,,,,,,,
1317.7490834303328,,0.3116600877786492,0.022707754594362868,1.042774616316225,0.07952144583637409,0.004109411160364237,0.13543021177798997,0.011137158315866815,0.00046140071472694857,0.006002134120409741,,,,,,,,
1319.508688122403,,0.31114119852891836,0.0226494375308269,1.0392626352451275,0.07933055931787437,0.004099446324171283,0.13501762999213507,0.011114959142395256,0.0004604105823700005,0.005975235465723659,,,,,,,,
1321.2706424337682,,0.31062317318850435,0.022591270234626364,1.0357624822439224,0.07914013101115089,0.004089505651527919,0.13460630511733257,0.011092804217491314,0.0004594225747650365,0.005948457357764693,,,,,,,,
1323.0349495018993,,0.3101060103190671,0.022533252321135382,1.032274117476624,0.07895015981629354,0.004079589083840399,0.13419623332446232,0.011070693452956422,0.00045843668735249523,0.005921799256300882,,,,,,,,
1324.8016124684607,,0.30958970848466044,0.022475383406715718,1.0287975012414026,0.07876064463603218,0.004069696562657037,0.13378741079606832,0.01104862676076776,0.0004574529155825954,0.00589526062352127,,,,,,,,
1326.5706344793064,,0.3090742662517303,0.022417663108714556,1.0253325939701523,0.07857158437573095,0.0040598280296679275,0.13337983372632564,0.011026604053078027,0.000456471254915324,0.005868840924025187,,,,,,,,
1328.3420186844965,,0.3085596821891076,0.02236009104546161,1.0218793562280184,0.07838297794338123,0.004049983426704515,0.13297349832100228,0.011004625242214959,0.0004554917008204071,0.00584253962481128,,,,,,,,
1330.1157682382923,,0.3080459548680082,0.022302666836266957,1.0184377487129703,0.07819482424959621,0.004040162695739333,0.13256840079742646,0.010982690240681112,0.0004545142487772947,0.005816356195266938,,,,,,,,
1331.8918862991725,,0.3075330828620245,0.022245390101418183,1.015007732255333,0.07800712220760347,0.0040303657788855925,0.1321645373844489,0.010960798961153376,0.00045353889427513514,0.005790290107157421,,,,,,,,
1333.6703760298271,,0.307021064747126,0.0221882604621782,1.0115892678173624,0.07781987073323997,0.0040205926183969,0.1317619043224102,0.01093895131648277,0.00045256563281276057,0.005764340834615353,,,,,,,,
1335.4512405971757,,0.30650989910165094,0.022131277540782413,1.0081823164927797,0.0776330687449445,0.004010843156666871,0.1313604978631033,0.010917147219693953,0.00045159445989865707,0.00573850785412997,,,,,,,,
1337.2344831723608,,0.30599958450630643,0.022074440960436526,1.0047868395063495,0.07744671516375269,0.0040011173362288315,0.13096031426974117,0.010895386583985008,0.00045062537105095436,0.005712790644536704,,,,,,,,
1339.0201069307648,,0.30549011954416094,0.02201775034531377,1.0014027982134188,0.07726080891328956,0.003991415099755425,0.13056134981691947,0.01087366932272699,0.00044965836179739627,0.005687188687006508,,,,,,,,
1340.8081150520047,,0.30498150280064357,0.021961205320552724,0.9980301540994962,0.07707534891976446,0.003981736390058345,0.13016360079058437,0.010851995349463675,0.000448693427675326,0.005661701465035561,,,,,,,,
1342.598510719949,,0.30447373286353696,0.02190480551225449,0.994668868779794,0.07689033411196385,0.003972081150087921,0.1297670634879955,0.010830364577911106,0.0004477305642316614,0.005636328464434689,,,,,,,,
1344.3912971227137,,0.30396680832297635,0.02184855054748054,0.991318903998809,0.0767057634212459,0.003962449322932847,0.12937173421769357,0.010808776921957365,0.0004467697670228774,0.005611069173319113,,,,,,,,
1346.1864774526712,,0.3034607277714439,0.0217924400542501,0.9879802216298795,0.07652163578153393,0.003952840851819829,0.12897760929946528,0.010787232295662174,0.00044581103161498564,0.005585923082098075,,,,,,,,
1347.9840549064616,,0.3029554898037645,0.021736473661537577,0.9846527836747437,0.07633795012931005,0.003943255680113207,0.12858468506430787,0.010765730613256506,0.0004448543535835101,0.005560889683464505,,,,,,,,
1349.7840326849873,,0.30245109301710366,0.021680650999270402,0.981336552263125,0.07615470540360977,0.003933693751314691,0.12819295785439735,0.01074427178914236,0.00044389972851347154,0.00553596847238491,,,,,,,,
1351.5864139934313,,0.30194753601096125,0.021624971698326233,0.9780314896522809,0.07597190054601478,0.003924155009062962,0.12780242402305184,0.010722855737892289,0.0004429471519993628,0.005511158946089028,,,,,,,,
1353.3912020412504,,0.3014448173871702,0.021569435390530873,0.9747375582265932,0.07578953450064807,0.003914639397133396,0.12741307993470016,0.010701482374249189,0.0004419966196451343,0.005486460604059854,,,,,,,,
1355.1984000421924,,0.30094293574989,0.021514041708655483,0.9714547204971203,0.07560760621416658,0.0039051468594376885,0.12702492196484544,0.01068015161312583,0.0004410481270641648,0.005461872948023383,,,,,,,,
1357.0080112142912,,0.3004418897056053,0.021458790286414474,0.9681829391011904,0.07542611463575634,0.0038956773400235637,0.12663794650003402,0.010658863369604647,0.0004401016698792517,0.005437395481938703,,,,,,,,
1358.8200387798831,,0.2999416778631195,0.021403680758462787,0.9649221768019557,0.07524505871712522,0.0038862307830743936,0.12625214993781914,0.01063761755893727,0.00043915724372258175,0.005413027711987846,,,,,,,,
1360.6344859656026,,0.2994422988335538,0.021348712760393792,0.9616723964879895,0.07506443741249799,0.003876807132908932,0.1258675286867299,0.010616414096544317,0.0004382148442357171,0.005388769146565973,,,,,,,,
1362.4513560023968,,0.2989437512303401,0.021293885928736545,0.9584335611728436,0.07488424967860931,0.00386740633398092,0.12548407916623558,0.010595252898014947,0.000437274467069571,0.005364619296271292,,,,,,,,
1364.270652125524,,0.2984460336692202,0.02123919990095367,0.9552056339946443,0.07470449447469833,0.0038580283308788177,0.12510179780671415,0.010574133879106596,0.0004363361078843902,0.005340577673895343,,,,,,,,
1366.0923775745623,,0.29794914476824025,0.021184654315438853,0.9519885782156657,0.07452517076250265,0.0038486730683254455,0.12472068104941833,0.010553056955744631,0.0004353997623497358,0.005316643794413089,,,,,,,,
1367.91653559342,,0.2974530831477465,0.021130248811514308,0.9487823572219046,0.07434627750625172,0.003839340491177654,0.12434072534644147,0.010532022044021946,0.000434465426144459,0.005292817174973093,,,,,,,,
1369.7431294303308,,0.2969578474303833,0.0210759830294287,0.9455869345226801,0.07416781367266184,0.0038300305444260285,0.12396192716068667,0.01051102906019875,0.00043353309495668607,0.0052690973348878895,,,,,,,,
1371.5721623378722,,0.29646343624108706,0.02102185661035442,0.9424022737501996,0.07398977823092905,0.0038207431731945183,0.1235842829658314,0.010490077920702105,0.000432602764483794,0.005245483795624154,,,,,,,,
1373.4036375729588,,0.2959698482070848,0.02096786919638555,0.9392283386591639,0.07381217015272437,0.003811478322740168,0.12320778924629718,0.010469168542125713,0.0004316744304323965,0.005221976080793188,,,,,,,,
1375.23755839686,,0.29547708195788774,0.020914020430535182,0.9360650931263353,0.07363498841218669,0.003802235938452748,0.12283244249721431,0.010448300841229469,0.0004307480885183156,0.005198573716141156,,,,,,,,
1377.0739280751945,,0.29498513612529026,0.020860309956733332,0.9329125011501462,0.07345823198591798,0.0037930159658544713,0.1224582392243917,0.010427474734939242,0.00042982373446657184,0.005175276229539676,,,,,,,,
1378.912749877947,,0.2944940093433634,0.020806737419824334,0.9297705268502695,0.07328189985297628,0.003783818350599626,0.122085175944282,0.010406690140346434,0.00042890136401135603,0.005152083150976152,,,,,,,,
1380.754027079463,,0.2940037002484535,0.02075330246556476,0.9266391344672296,0.07310599099487085,0.0037746430384743134,0.12171324918395147,0.01038594697470776,0.00042798097289601517,0.005128994012544415,,,,,,,,
1382.597762958466,,0.2935142074791762,0.02070000474062078,0.9235182883619768,0.07293050439555532,0.003765489975396066,0.12134245548104537,0.01036524515544481,0.0004270625568730291,0.005106008348435164,,,,,,,,
1384.443960798052,,0.2930255296764149,0.020646843892566144,0.9204079530155,0.07275543904142265,0.003756359107413586,0.12097279138375797,0.010344584600143826,0.00042614611170399417,0.005083125694926697,,,,,,,,
1386.292623885707,,0.2925376654833144,0.020593819569879518,0.9173080930284041,0.07258079392129856,0.0037472503807063837,0.1206042534507982,0.010323965226555258,0.0004252316331596,0.005060345590375409,,,,,,,,
1388.1437555133016,,0.2920506135452798,0.020540931421942455,0.9142186731205232,0.07240656802643632,0.0037381637415844875,0.12023683825135954,0.010303386952593566,0.00042431911701961447,0.005037667575206623,,,,,,,,
1389.9973589771027,,0.2915643725099713,0.020488179099036954,0.9111396581305122,0.07223276035051067,0.003729099136488123,0.1198705423650873,0.010282849696336806,0.0004234085590728606,0.005015091191905243,,,,,,,,
1391.8534375777833,,0.2910789410272998,0.020435562252343022,0.9080710130154396,0.07205936988961155,0.0037200565119873672,0.11950536238204583,0.010262353376026288,0.0004224999551171968,0.004992615985006491,,,,,,,,
1393.7119946204173,,0.2905943177494252,0.020383080533936646,0.9050127028504049,0.07188639564223931,0.0037110358147818866,0.11914129490268892,0.010241897910066348,0.00042159330095950265,0.004970241501086821,,,,,,,,
1395.5730334144985,,0.2901105013307501,0.020330733596787193,0.9019646928281226,0.07171383660929775,0.0037020369917005747,0.1187783365378257,0.0102214832170239,0.00042068859241565094,0.004947967288754651,,,,,,,,
1397.4365572739334,,0.2896274904279189,0.020278521094755385,0.8989269482585449,0.07154169179408952,0.0036930599897012787,0.11841648390859147,0.010201109215628239,0.00041978582531049816,0.0049257928986413835,,,,,,,,
1399.30256951706,,0.2891452836998111,0.020226442682590752,0.8958994345684476,0.0713699602023092,0.0036841047558704393,0.11805573364641395,0.010180775824770588,0.0004188849954778568,0.004903717883392197,,,,,,,,
1401.1710734666408,,0.2886638798075403,0.02017449801592964,0.8928821173010557,0.07119864084203872,0.0036751712374228362,0.11769608239298418,0.010160482963503905,0.0004179860987604819,0.004881741797657172,,,,,,,,
1403.042072449882,,0.2881832774144482,0.020122686751292602,0.8898749621156328,0.07102773272374051,0.003666259381701218,0.11733752680022304,0.010140230551042434,0.0004170891310100476,0.004859864198082169,,,,,,,,
1404.9155697984258,,0.2877034751861031,0.02007100854608247,0.8868779347871084,0.07085723486025282,0.003657369136176047,0.11698006353025224,0.010120018506761504,0.0004161940880871331,0.004838084643300002,,,,,,,,
1406.79156884837,,0.28722447179029365,0.020019463058581752,0.8838910012056702,0.07068714626678306,0.003648500448445144,0.11662368925536111,0.010099846750197091,0.0004153009658611963,0.004816402693921424,,,,,,,,
1408.67007294026,,0.28674626589702784,0.019968049947950706,0.880914127376394,0.07051746596090308,0.003639653266233418,0.11626840065797779,0.010079715201045617,0.00041440976021056336,0.004794817912526379,,,,,,,,
1410.5510854191093,,0.2862688561785269,0.01991676887422476,0.8779472794188388,0.07034819296254241,0.003630827537392513,0.11591419443063611,0.010059623779163503,0.0004135204670224017,0.004773329863655041,,,,,,,,
1412.4346096343925,,0.2857922413092232,0.019865619498312535,0.874990423566677,0.07017932629398363,0.003622023209900548,0.11556106727594684,0.010039572404566975,0.00041263308219270623,0.004751938113799166,,,,,,,,
1414.3206489400573,,0.2853164199657568,0.019814601481993502,0.8720435261673031,0.07001086497985629,0.003613240231861787,0.11520901590656604,0.010019560997431676,0.00041174760162628017,0.004730642231393275,,,,,,,,
1416.2092066945338,,0.2848413908269694,0.019763714487915623,0.8691065536814444,0.06984280804713079,0.003604478551506322,0.11485803704516369,0.00999958947809232,0.0004108640212367105,0.004709441786805917,,,,,,,,
1418.1002862607315,,0.28436715257390394,0.019712958179593357,0.8661794726827946,0.06967515452511383,0.0035957381171898006,0.11450812742439509,0.009979657767042457,0.0004099823369463582,0.0046883363523310935,,,,,,,,
1419.993891006056,,0.283893703889798,0.019662332221405187,0.8632622498576155,0.06950790344544162,0.003587018877393075,0.11415928378686828,0.009959765784934082,0.00040910254468633103,0.004667325502179523,,,,,,,,
1421.8900243024032,,0.2834210434600827,0.01961183627859167,0.8603548520043758,0.06934105384207545,0.003578320780721956,0.11381150288511588,0.009939913452577394,0.00040822464039647044,0.004646408812470166,,,,,,,,
1423.7886895261781,,0.28294916997237657,0.019561470017252922,0.8574572460333555,0.06917460475129496,0.0035696437759068487,0.11346478148156268,0.009920100690940362,0.0004073486200253286,0.004625585861221541,,,,,,,,
1425.6898900582878,,0.2824780821164844,0.01951123310434672,0.8545693989662871,0.06900855521169366,0.0035609878118025074,0.11311911634849764,0.00990032742114859,0.00040647447953015504,0.004604856228343353,,,,,,,,
1427.5936292841602,,0.2820077785843911,0.019461125207685993,0.8516912779359622,0.0688429042641724,0.0035523528373876886,0.11277450426804173,0.009880593564484796,0.00040560221487687034,0.00458421949562789,,,,,,,,
1429.4999105937377,,0.28153825807026056,0.01941114599593693,0.8488228501858754,0.06867765095193477,0.003543738801764888,0.11243094203212017,0.009860899042388672,0.0004047318220400563,0.004563675246741696,,,,,,,,
1431.4087373814953,,0.2810695192704296,0.019361295138616487,0.8459640830698338,0.06851279432048057,0.0035351456541599957,0.1120884264424303,0.00984124377645646,0.0004038632970029298,0.004543223067217066,,,,,,,,
1433.3201130464345,,0.28060156088340665,0.019311572306090503,0.8431149440516029,0.06834833341760134,0.003526573343922053,0.111746954310414,0.009821627688440722,0.00040299663575732946,0.0045228625444438,,,,,,,,
1435.234040992102,,0.2801343816098659,0.019261977169571214,0.8402754007045191,0.0681842672933738,0.003518021820522894,0.1114065224572259,0.009802050700249925,0.0004021318343036935,0.004502593267660744,,,,,,,,
1437.1505246265847,,0.27966798015264566,0.019212509401115362,0.8374454207111357,0.06802059500015536,0.0035094910335568964,0.11106712771370562,0.009782512733948246,0.00040126888865104363,0.0044824148279476355,,,,,,,,
1439.0695673625198,,0.27920235521674414,0.01916316867362187,0.8346249718628482,0.06785731559257814,0.0035009809327406754,0.11072876692034749,0.0097630137117552,0.00040040779481696726,0.004462326818216786,,,,,,,,
1440.9911726171067,,0.2787375055093142,0.01911395466082962,0.8318140220595222,0.06769442812754316,0.0034924914679127454,0.11039143692727031,0.00974355355604531,0.0003995485488275953,0.004442328833204838,,,,,,,,
1442.9153438121011,,0.27827342973966296,0.019064867037315525,0.829012539309142,0.06753193166421585,0.0034840225890332894,0.11005513459418992,0.009724132189347874,0.0003986911467175882,0.004422420469464682,,,,,,,,
1444.8420843738343,,0.2778101266192449,0.019015905478492082,0.8262204917274302,0.06736982526401951,0.003475574246183802,0.10971985679038782,0.009704749534346538,0.0003978355845301139,0.004402601325357207,,,,,,,,
1446.7713977332066,,0.2773475948616611,0.018967069660605546,0.8234378475375016,0.06720810799063096,0.0034671463895668496,0.1093856003946842,0.00968540551387913,0.00039698185831683446,0.004382871001043316,,,,,,,,
1448.7032873257058,,0.2768858331826533,0.018918359260733448,0.8206645750694845,0.06704677890997413,0.0034587389695057325,0.10905236229540667,0.009666100050937234,0.0003961299641378806,0.004363229098475724,,,,,,,,
1450.6377565914008,,0.27642484030010245,0.0188697739567828,0.8179006427601772,0.06688583709021562,0.0034503519364442307,0.10872013939036344,0.009646833068665966,0.00039527989806184186,0.004343675221391073,,,,,,,,
1452.5748089749607,,0.2759646149340231,0.01882131342748765,0.8151460191526716,0.06672528160175831,0.0034419852409462654,0.10838892858681244,0.0096276044903636,0.0003944316561657412,0.004324208975301805,,,,,,,,
1454.5144479256476,,0.2755051558065619,0.018772977352407242,0.8124006728960129,0.0665651115172371,0.0034336388336956647,0.10805872680143444,0.00960841423948134,0.00039358523453502216,0.004304829967488322,,,,,,,,
1456.4566768973357,,0.2750464616419919,0.018724765411923635,0.8096645727448252,0.06640532591151237,0.0034253126654958128,0.10772953096030241,0.009589262239622906,0.00039274062926352674,0.004285537806990938,,,,,,,,
1458.4014993485055,,0.2745885311667115,0.018676677287239853,0.8069376875589725,0.06624592386166586,0.003417006687269415,0.10740133799885491,0.00957014841454436,0.0003918978364534811,0.004266332104602128,,,,,,,,
1460.348918742261,,0.274131363109238,0.01862871266037748,0.8042199863031886,0.06608690444699412,0.0034087208500581667,0.10707414486186555,0.009551072688153691,0.00039105685221547373,0.004247212472858543,,,,,,,,
1462.2989385463268,,0.2736749562002069,0.01858087121417485,0.8015114380467373,0.06592826674900423,0.00340045510502249,0.10674794850341623,0.009532034984510588,0.0003902176726684417,0.004228178526033303,,,,,,,,
1464.2515622330573,,0.2732193091723668,0.018533152632284812,0.7988120119630547,0.06577000985140806,0.003392209403441242,0.10642274588686822,0.009513035227826115,0.00038938029393964963,0.004209229880128163,,,,,,,,
1466.2067932794484,,0.27276442076057533,0.018485556599172524,0.7961216773293924,0.06561213284011655,0.003383983696711402,0.10609853398483289,0.00949407334246235,0.00038854471216467136,0.004190366152865738,,,,,,,,
1468.164635167133,,0.2723102897017979,0.01843808280011365,0.7934404035264816,0.06545463480323536,0.003375777936347829,0.1057753097791455,0.0094751492529322,0.00038771092348737683,0.004171586963681878,,,,,,,,
1470.1250913823988,,0.27185691473510115,0.018390730921191954,0.7907681600381689,0.06529751483105872,0.0033675920739829374,0.10545307026083493,0.009456262883898989,0.0003868789240599064,0.004152891933717873,,,,,,,,
1472.0881654161826,,0.2714042946016528,0.018343500649297538,0.7881049164510846,0.06514077201606484,0.003359426061366442,0.10513181243009781,0.009437414160176254,0.00038604871004266225,0.004134280685812937,,,,,,,,
1474.0538607640894,,0.2709524280447147,0.018296391672124476,0.785450642454281,0.06498440545291011,0.003351279850365037,0.10481153329626851,0.009418603006727333,0.00038522027760428274,0.004115752844496485,,,,,,,,
1476.0221809263853,,0.27050131380964265,0.018249403678169032,0.7828053078389031,0.06482841423842448,0.0033431533929621604,0.1044922298777933,0.009399829348665194,0.00038439362292163004,0.004097308035980653,,,,,,,,
1477.9931294080163,,0.27005095064387996,0.01820253635672733,0.7801688824978291,0.06467279747160547,0.003335046641257658,0.10417389920220066,0.00938109311125203,0.00038356874217976853,0.00407894588815267,,,,,,,,
1479.9667097186032,,0.26960133729695657,0.018155789397893543,0.7775413364253434,0.06451755425361388,0.003326959547467551,0.10385653830607551,0.009362394219899041,0.0003827456315719524,0.004060666030567441,,,,,,,,
1481.9429253724586,,0.26915247252048324,0.018109162492557614,0.7749226397167792,0.06436268368776768,0.0033188920639237143,0.10354014423502973,0.009343732600166065,0.0003819242872996004,0.004042468094439969,,,,,,,,
1483.9217798885836,,0.2687043550681499,0.018062655332403435,0.7723127625681923,0.06420818487953756,0.003310844143073623,0.10322471404367631,0.009325108177761344,0.00038110470557228674,0.0040243517126380204,,,,,,,,
1485.903276790678,,0.2682569836957218,0.018016267609906694,0.7697116752760157,0.06405405693654152,0.0033028157374800646,0.10291024479560125,0.009306520878541214,0.00038028688260771806,0.004006316519674667,,,,,,,,
1487.8874196071522,0.06390281456396274,0.26762123646139346,0.017971064987826996,0.7667105336918741,0.0638810933239999,0.0032943991460746566,0.10254036344513226,0.0092825839883583,0.0003793107067279441,0.003985758104356514,,,,,,,,
1489.8742118711207,0.06375328841827267,0.2668848779526948,0.017926551620931902,0.7635006583757585,0.06369822663819656,0.0032857838257992515,0.10214140749733765,0.009255800391778177,0.0003782505826184354,0.003963902933238741,,,,,,,,
1491.8636571204229,0.06360411214869359,0.2661505455307908,0.01788214851126603,0.760304221377092,0.06351588342848025,0.003277191035806349,0.10174400377583621,0.009229094075516388,0.0003771934214179807,0.003942167600930047,,,,,,,,
1493.8557588976162,0.06345528493655081,0.26541823362091493,0.01783785538572819,0.7571211664356327,0.06333406219634312,0.003268620717176076,0.10134814624134908,0.009202464816591423,0.000376139214845636,0.0039205514503164165,,,,,,,,
1495.8505207499936,0.0633068059650849,0.26468793666363705,0.017793671971893504,0.7539514375266664,0.06315276144756637,0.0032600728111426285,0.10095382887809327,0.009175912392665107,0.00037508795464359846,0.00389905382788692,,,,,,,,
1497.8479462295802,0.06315867441944803,0.26395964911482633,0.017749597998012026,0.7507949788600383,0.06297197969220929,0.0032515472590939035,0.10056104569369288,0.00914943658204083,0.0003740396325771475,0.003877674083714098,,,,,,,,
1499.848038893149,0.0630108894866985,0.2632333654456041,0.017705633193006772,0.7476517348791534,0.06279171544459546,0.0032430440025710567,0.10016979071908534,0.009123037163661606,0.00037299424043457473,0.0038564115714341987,,,,,,,,
1501.8508023022164,0.06286345035579737,0.2625090801423067,0.017661777286472346,0.7445216502600159,0.06261196722330217,0.0032345629832681373,0.09978005800843326,0.009096713917108337,0.00037195177002712537,0.003835265648227733,,,,,,,,
1503.8562400230617,0.06271635621760288,0.2617867877064391,0.01761803000867299,0.7414046699102383,0.062432733551146806,0.003226104143031656,0.09939184163903171,0.009070466622597837,0.00037091221318892803,0.0038142356747999477,,,,,,,,
1505.864355626719,0.06256960626486716,0.2610664826546375,0.0175743910905412,0.7383007389680896,0.06225401295517586,0.0032176674238602264,0.0990051357112205,0.009044295060981178,0.0003698755617769374,0.003793321015361592,,,,,,,,
1507.8751526889978,0.06242319969223066,0.26034815951862333,0.017530860263675813,0.7352098028015105,0.062075803966651834,0.0032092527679041184,0.0986199343482921,0.009018199013741648,0.0003688418076708627,0.0037725210376096004,,,,,,,,
1509.888634790477,0.06227713569621864,0.25963181284516573,0.01748743726034058,0.7321318070071695,0.061898105121042026,0.003200860117464909,0.0982362316964047,0.008992178262993105,0.00036781094277311174,0.0037518351127080614,,,,,,,,
1511.9048055165174,0.06213141347523649,0.25891743719603827,0.017444121813462398,0.7290666974094973,0.06172091495800612,0.0031924894149950554,0.09785402192449202,0.00896623259147807,0.0003667829590087236,0.003731262615269169,,,,,,,,
1513.9236684572718,0.06198603222956482,0.25820502714797616,0.017400913656629633,0.7260144200597265,0.06154423202138381,0.0031841406030975,0.09747329922417393,0.008940361782565914,0.00036575784832530364,0.0037108029233342806,,,,,,,,
1515.9452272076803,0.06184099116135603,0.25749457729263886,0.017357812524090622,0.7229749212349585,0.06136805485918371,0.0031758136245253095,0.09709405780967033,0.008914565620251098,0.0003647356026929656,0.0036904554183551964,,,,,,,,
1517.9694853674905,0.06169628947462892,0.2567860822365647,0.017314818150751872,0.7199481474371996,0.06119238202357039,0.003167508422181237,0.0967162919177107,0.008888843889151283,0.0003637162141042627,0.0036702194851753658,,,,,,,,
1519.9964465412497,0.06155192637526517,0.25607953660113425,0.017271930272176602,0.7169340453924369,0.06101721207085364,0.0031592249391173676,0.09633999580744915,0.00886319637450565,0.00036269967457413095,0.0036500945120113816,,,,,,,,
1522.026114338325,0.06140790107100437,0.2553749350225252,0.017229148624582913,0.7139325620496834,0.060842543561475226,0.0031509631185346995,0.0959651637603745,0.00883762286217297,0.0003616859761398205,0.0036300798904343925,,,,,,,,
1524.058492372897,0.06126421277144016,0.2546722721516758,0.017186472944842417,0.710943644580062,0.06066837505999856,0.003142722903782789,0.0955917900802259,0.00881212313862998,0.0003606751108608395,0.003610175015351804,,,,,,,,
1526.0935842639783,0.06112086068801531,0.2539715426542404,0.01714390297047834,0.7079672403758573,0.060494705135095514,0.00313450423835932,0.09521986909290393,0.008786696990969414,0.0003596670708188856,0.0035903792849888757,,,,,,,,
1528.131393635408,0.06097784403401818,0.2532727412105523,0.017101438439664184,0.7050032970496083,0.06032153235953582,0.003126307065909753,0.09484939514638659,0.008761344206898398,0.00035866184811779016,0.0035706921008706594,,,,,,,,
1530.17192411587,0.06083516202457747,0.2525758625155805,0.017059079091221847,0.7020517624331676,0.060148855310174325,0.0031181313302269084,0.09448036261064131,0.008736064574736524,0.0003576594348834506,0.003551112867803759,,,,,,,,
1532.2151793388882,0.060692813876658896,0.2518809012788922,0.01701682466462029,0.6991125845768017,0.059976672567940266,0.0031099769752506185,0.09411276587754143,0.008710857883414247,0.00035665982326377345,0.0035316409938584868,,,,,,,,
1534.2611629428438,0.06055079880905989,0.2511878522246095,0.016974674899973653,0.6961857117482586,0.05980498271782466,0.0031018439450672983,0.09374659936077884,0.008685723922470944,0.0003556630054286088,0.0035122758903508183,,,,,,,,
1536.309878570972,0.06040911604240624,0.25049671009137237,0.016932629538039905,0.6932710924318729,0.059633784348869484,0.0030937321839095942,0.09338185749578105,0.008660662482053308,0.0003546689735696929,0.0034930169718247286,,,,,,,,
1538.3613298713728,0.06026776479914727,0.2498074696322976,0.01689068832021915,0.6903686753276521,0.05946307605415576,0.0030856416361560025,0.09301853473962574,0.00863567335291352,0.00035367771990058505,0.003473863656034422,,,,,,,,
1540.4155204970227,0.060126744303551444,0.24912012561493702,0.016848850988551912,0.6874784093503676,0.05929285643079155,0.0030775722463304545,0.0926566255709558,0.008610756326407495,0.0003526892366566046,0.0034548153639266965,,,,,,,,
1542.4724541057687,0.059986053781702804,0.2484346728212417,0.016807117285717817,0.6846002436286703,0.05912312407990146,0.0030695239591019877,0.09229612448989723,0.008585911194493204,0.00035170351609477486,0.003435871519623551,,,,,,,,
1544.5321343603498,0.0598456924614958,0.24775110604751815,0.016765486955033722,0.6817341275041786,0.058953877606613934,0.0030614967192843043,0.09193702601797338,0.008561137749728833,0.00035072055049375703,0.003417031550404634,,,,,,,,
1546.5945649283885,0.059705659572632006,0.2470694201043926,0.016723959740452404,0.6788800105306029,0.0587851156200509,0.0030534904718354594,0.09157932469802392,0.00853643578527118,0.0003497403321537952,0.0033982948866900704,,,,,,,,
1548.6597494824114,0.059565954346614935,0.24638960981676808,0.016682535386560726,0.6760378424728417,0.05861683673331535,0.0030455051618574246,0.09122301509411983,0.008511805094873785,0.0003487628533966505,0.003379660962023103,,,,,,,,
1550.7276916998433,0.0594265760167468,0.24571167002378866,0.016641213638578324,0.6732075733061139,0.058449039563480916,0.003037540734595763,0.09086809179148272,0.008487245472885376,0.00034778810656554656,0.0033611292130531043,,,,,,,,
1552.7983952630245,0.05928752381812334,0.24503559557879664,0.016599994242355785,0.6703891532150611,0.05828172273157951,0.003029597135439197,0.09051454939640059,0.008462756714247965,0.0003468160840251039,0.0033426990795184107,,,,,,,,
1554.8718638592077,0.0591487969876305,0.2443613813492972,0.016558876944373337,0.6675825325928885,0.058114884862591,0.0030216743099192966,0.0901623825361479,0.008438338614495307,0.0003458467781612861,0.003324370004229506,,,,,,,,
1556.9481011805744,0.059010394763939426,0.2436890222169157,0.016517861491739033,0.6647876620404739,0.05794852458543088,0.0030137722037100485,0.08981158585890185,0.008413990969751041,0.00034488018138133296,0.003306141433052076,,,,,,,,
1559.02711092423,0.05887231638750316,0.24301851307736247,0.016476947632187464,0.6620044923655163,0.057782640532940036,0.0030058907626275364,0.0894621540336631,0.008389713576727156,0.00034391628611370916,0.003288012814890339,,,,,,,,
1561.108896792224,0.05873456110055153,0.24234984884039046,0.016436135114077925,0.6592329745816518,0.057617231341872514,0.0029980299326295094,0.08911408175017278,0.0083655062327221,0.0003429550848080376,0.0032699836016703075,,,,,,,,
1563.193462491543,0.05859712814708782,0.24168302442975992,0.01639542368639313,0.6564730599076073,0.05745229565288513,0.0029901896598150722,0.08876736371883348,0.008341368735619257,0.00034199656993504546,0.003252053248323282,,,,,,,,
1565.280811734125,0.05846001677288427,0.2410180347831981,0.016354813098737504,0.6537246997663351,0.057287832110526044,0.002982369890424285,0.08842199467062815,0.008317300883885185,0.0003410407339865035,0.0032342212127693605,,,,,,,,
1567.370948236869,0.058323226225477615,0.24035487485235993,0.01631430310133566,0.6509878457841517,0.057123839363223114,0.0029745705708377817,0.08807796935703921,0.00829330247656788,0.00034008756947516465,0.003216486955900987,,,,,,,,
1569.46387572163,0.05818675575416567,0.23969353960279244,0.016273893445030954,0.6482624497899008,0.05696031606327374,0.0029667916475764346,0.08773528254997062,0.008269373313295249,0.0003391370689347108,0.0031988499415667557,,,,,,,,
1571.5595979152404,0.058050604610002415,0.23903402401389331,0.016233583881283816,0.6455484638140893,0.05679726086683277,0.0029590330673009563,0.08739392904166648,0.008245513194273253,0.0003381892249196882,0.003181309636555105,,,,,,,,
1573.6581185495018,0.057914772045794746,0.23837632307887607,0.01619337416217038,0.6428458400880588,0.05663467243390244,0.00295129477681157,0.08705390364463376,0.008221721920284407,0.00033724403000545504,0.00316386551057828,,,,,,,,
1575.7594413612055,0.05777925731609744,0.23772043180472868,0.01615326404038077,0.6401545310431291,0.05647254942832042,0.0029435767230476,0.08671520119156147,0.008197999292685965,0.00033630147678811767,0.0031465170362562226,,,,,,,,
1577.863570092127,0.05764405967721001,0.2370663452121791,0.0161132532692178,0.6374744893097771,0.056310890517749734,0.0029358788530871585,0.0863778165352442,0.008174345113408426,0.0003353615578844784,0.003129263689100705,,,,,,,,
1579.9705084890434,0.05750917838717168,0.23641405833565382,0.01607334160259522,0.6348056677167863,0.05614969437366693,0.0029282011141467234,0.08604174454850201,0.008150759184953702,0.000334424265931971,0.0031121049474993946,,,,,,,,
1582.0802603037293,0.05737461270575826,0.23576356622324424,0.016033528795036455,0.6321480192904335,0.05598895967135204,0.002920543453580841,0.08570698012410424,0.008127241310393631,0.0003334895935886102,0.003095040292700167,,,,,,,,
1584.1928292929751,0.05724036189447718,0.23511486393666461,0.015993814601672814,0.6295014972536452,0.05582868508987682,0.0029129058188817076,0.08537351817469008,0.008103791293368193,0.0003325575335329277,0.0030780692087953275,,,,,,,,
1586.3082192185834,0.057106425216564116,0.23446794655121866,0.01595419877824225,0.626866055025189,0.05566886931209461,0.002905288157678854,0.08504135363269298,0.008080408938083983,0.00033162807846391976,0.0030611911827061146,,,,,,,,
1588.4264338473793,0.0569728019369788,0.23382280915576006,0.015914681081087734,0.624241646218847,0.05550951102462934,0.0028976904177387595,0.08471048145026285,0.00805709404931255,0.00033070122110098797,0.003044405704167127,,,,,,,,
1590.547476951223,0.05683949132240048,0.23317944685265438,0.015875261267155653,0.6216282246425942,0.05535060891786418,0.002890112546964492,0.08438089659918871,0.008033846432388674,0.00032977695418388023,0.003027712265710884,,,,,,,,
1592.6713523070048,0.0567064926412248,0.23253785475774458,0.015835939093994576,0.6190257442977984,0.05519216168593174,0.0028825544933953813,0.08405259407082387,0.00801066589320889,0.0003288552704726386,0.0030111103626525478,,,,,,,,
1594.7980636966647,0.056573805163558796,0.23189802800031076,0.01579671431975346,0.6164341593783957,0.05503416802670231,0.00287501620520662,0.08372556887600789,0.00798755223822972,0.00032793616274753726,0.0029945994930745895,,,,,,,,
1596.9276149071866,0.05644142816121786,0.2312599617230364,0.015757586703180462,0.6138534242700995,0.054876626641774166,0.0028674976307089465,0.08339981604499279,0.007964505274466214,0.0003270196238090311,0.0029781791578116926,,,,,,,,
1599.0600097306171,0.05630936090772081,0.23062365108196814,0.015718556003621164,0.6112834935495821,0.05471953623646194,0.002859998718348258,0.08307533062736543,0.007941524809490163,0.0003261056464776943,0.0029618488604355726,,,,,,,,
1601.1952519640604,0.05617760267828672,0.22998909124648267,0.015679621981017376,0.6087243219836906,0.05456289551978689,0.002852519416705293,0.0827521076919745,0.007918610651428659,0.0003251942235941691,0.002945608107240077,,,,,,,,
1603.3333454096974,0.05604615274983031,0.22935627739924602,0.01564078439590538,0.6061758645286359,0.05440670320446539,0.0028450596744952397,0.08243014232685325,0.00789576260896235,0.0003242853480191052,0.002929456407226138,,,,,,,,
1605.4742938747795,0.055915010400958504,0.22872520473618121,0.015602043009414729,0.6036380763292143,0.05425095800689927,0.0028376194405674167,0.08210942963914711,0.007872980491323968,0.00032337901263310707,0.0029133932720870523,,,,,,,,
1607.6181011716483,0.05578417491196588,0.2280958684664276,0.015563397583266523,0.6011109127180035,0.054095658647164334,0.0028301986639048945,0.08178996475503722,0.007850264108296633,0.00032247521033667567,0.002897418216193596,,,,,,,,
1609.76477111773,0.05565364556483147,0.22746826381230853,0.01552484787977219,0.5985943292145915,0.053940803849000775,0.0028227972936241815,0.08147174281966836,0.007827613270212351,0.00032157393405015625,0.002881530756579464,,,,,,,,
1611.9143075355544,0.05552342164321395,0.22684238600929119,0.01548639366183177,0.5960882815247782,0.05378639233980174,0.002815415278974832,0.08115475899707332,0.007805027787950336,0.0003206751767136782,0.0028657304129265505,,,,,,,,
1614.0667142527507,0.055393502432448546,0.22621823030595384,0.015448034692932683,0.5935927255398091,0.05363242285060377,0.002808052569339129,0.08083900847010089,0.007782507472935518,0.00031977893128710445,0.0028500167075505224,,,,,,,,
1616.2219951020593,0.05526388721954259,0.22559579196394808,0.01540977073714818,0.5911076173355938,0.053478894116075856,0.0028007091142317367,0.08052448644034214,0.0077600521371369606,0.0003188851907499739,0.0028343891653863484,,,,,,,,
1618.3801539213434,0.055134575293171624,0.22497506625796188,0.015371601559135804,0.5886329131719266,0.053325804874508866,0.0027933848632993256,0.08021118812805661,0.0077376615930661915,0.000317993948101445,0.002818847313973883,,,,,,,,
1620.5411945535843,0.05500556594367586,0.2243560484756866,0.015333526924136118,0.5861685694917299,0.05317315386780587,0.002786079766320273,0.07989910877210148,0.007715335653775784,0.0003171051963602451,0.0028033906834436864,,,,,,,,
1622.7051208469015,0.054876858463055705,0.22373873391777763,0.015295546597971109,0.5837145429202731,0.053020939841470945,0.0027787937732042622,0.07958824362985728,0.007693074132857656,0.00031621892856461084,0.0027880188065027046,,,,,,,,
1624.8719366545465,0.054748452144968644,0.22312311789782255,0.015257660347042864,0.5812707902644235,0.05286916154459973,0.002771526833991999,0.07927858797715769,0.007670876844441636,0.0003153351377722386,0.002772731218420255,,,,,,,,
1627.0416458349223,0.05462034628472448,0.22250919574230155,0.015219867938332023,0.5788372685118711,0.05271781772986829,0.0027642788988548163,0.0789701371082158,0.0076487436031938165,0.000314453817060225,0.002757527457013868,,,,,,,,
1629.2142522515778,0.05449254017928236,0.22189696279055604,0.01518216913939647,0.5764139348303873,0.05256690715352374,0.002757049918094381,0.07866288633555456,0.007626674224315083,0.0003135749595250182,0.002742407062635409,,,,,,,,
1631.3897597732273,0.05436503312724603,0.2212864143947492,0.015144563718369747,0.574000746567055,0.052416428575373104,0.0027498398421422965,0.07835683098993375,0.0076046685235394785,0.00031269855828235734,0.0027273695781571063,,,,,,,,
1633.568172273745,0.054237824428860895,0.22067754591983463,0.015107051443959825,0.5715976612475334,0.052266380758774066,0.002742648621559826,0.07805196642028067,0.007582726317132783,0.00031182460646722566,0.002712414548957795,,,,,,,,
1635.7494936321834,0.05411091338600928,0.22007035274351738,0.015069632085447456,0.5692046365752957,0.052116762470623856,0.002735476207037497,0.07774828799361778,0.007560847421890845,0.0003109530972337905,0.002697541522909109,,,,,,,,
1637.9337277327695,0.0539842993022074,0.21946483025622263,0.015032305412684993,0.5668216304308988,0.05196757248135014,0.00272832254939481,0.07744579109499408,0.007539031655138207,0.0003100840237553548,0.002682750050361882,,,,,,,,
1640.1208784649227,0.05385798148260081,0.21886097386105674,0.014995071196094728,0.564448600871228,0.05181880956489975,0.0027211875995798605,0.0771444711274131,0.007517278834726414,0.00030921737922429875,0.002668039684132471,,,,,,,,
1642.310949723251,0.05373195923396128,0.218258778973776,0.014957929206667699,0.5620855061287706,0.05167047249872975,0.00271407130866903,0.07684432351176469,0.007495588779032627,0.0003083531568520309,0.0026534099794893232,,,,,,,,
1644.5039454075632,0.05360623186468262,0.2176582410227502,0.014920879215962182,0.5597323046108766,0.05152256006379675,0.00270697362786665,0.07654534368675486,0.007473961306958044,0.00030749134986893294,0.002638860494139479,,,,,,,,
1646.6998694228807,0.05348079868477665,0.21705935544892638,0.014883920996102206,0.5573889548990201,0.05137507104454672,0.0026998945085046407,0.0762475271088355,0.007452396237926381,0.0003066319515243049,0.002624390788215189,,,,,,,,
1648.8987256794321,0.05335565900587009,0.21646211770579787,0.014847054319776353,0.555055415748083,0.05122800422890571,0.002692833902042221,0.07595086925213719,0.0074308933918824155,0.0003057749550863167,0.0026100004242606708,,,,,,,,
1651.1005180926745,0.0532308121412,0.21586652325936564,0.014810278960236128,0.5527316460856156,0.05108135840826903,0.0026857917600655195,0.07565536560839843,0.007409452589290396,0.0003049203538419503,0.002595688967218817,,,,,,,,
1653.3052505832868,0.05310625740561073,0.215272567588108,0.014773594691294792,0.5504176050111269,0.050935132377492205,0.0026787680342873063,0.07536101168689903,0.00738807365113266,0.00030406814109695254,0.0025814559844181077,,,,,,,,
1655.5129270771893,0.05298199411554949,0.21468024618294212,0.014737001287325746,0.5481132517953513,0.05078932493488018,0.0026717626765466033,0.07506780301439012,0.007366756398908004,0.0003032183101757763,0.0025673010455594665,,,,,,,,
1657.7235515055384,0.05285802158906334,0.21408955454719392,0.014700498523261373,0.545818545879545,0.0506439348821783,0.0026647756388084045,0.07477573513502778,0.0073455006546303495,0.0003023708544215352,0.002553223722703317,,,,,,,,
1659.9371278047465,0.0527343391457946,0.21350048819655995,0.014664086174591414,0.5435334468747591,0.050498961024561605,0.0026578068731632934,0.07448480361030367,0.007324306240827088,0.0003015257671959453,0.002539223590256569,,,,,,,,
1662.1536599164754,0.05261094610697798,0.21291304265907723,0.014627764017361834,0.541257914561142,0.050354402170625985,0.002650856331827172,0.07419500401897935,0.0073031729805377536,0.0003006830418792782,0.0025253002249598423,,,,,,,,
1664.373151787657,0.05248784179543602,0.2123272134750854,0.0145915318281732,0.5389919088872178,0.050210257132377256,0.002643923967140881,0.07390633195701736,0.007282100697312403,0.0002998426718703042,0.002511453205874571,,,,,,,,
1666.5956073704872,0.052365025535576225,0.21174299619719675,0.014555389384179544,0.536735389969195,0.05006652472522258,0.0026370097315699214,0.07361878303751591,0.007261089215210301,0.00029900465058624586,0.002497682114370379,,,,,,,,
1668.8210306224455,0.05224249665338649,0.21116038639025878,0.014519336463086759,0.5344883180902511,0.04992320376795964,0.0026301135777040724,0.07333235289064058,0.00724013835879828,0.00029816897146272116,0.0024839865341123213,,,,,,,,
1671.0494255062915,0.052120254476432086,0.21057937963132348,0.014483372843151435,0.5322506536998453,0.04978029308276778,0.002623235458257123,0.07304703716355941,0.007219247953149415,0.0002973356279536965,0.0024703660510483915,,,,,,,,
1673.2807959900756,0.051998298333851785,0.2099999715096127,0.014447498303179412,0.5300223574130174,0.04963779149519799,0.0026163753260665195,0.07276283152037606,0.007198417823841498,0.00029650461353143367,0.0024568202533969516,,,,,,,,
1675.515146047152,0.05187662755635378,0.20942215762648309,0.014411712622524333,0.5278033900096891,0.04949569783416291,0.002609533134093031,0.07247973164206341,0.007177647796955571,0.0002956759216864367,0.002443348731634263,,,,,,,,
1677.7524796561745,0.05175524147621273,0.208845933595396,0.01437601558108646,0.5255937124339861,0.049354010931928004,0.002602708835420455,0.07219773322639922,0.007156937699074531,0.0002948495459274057,0.0024299510784821826,,,,,,,,
1679.9928008011154,0.05163413942726532,0.20827129504188047,0.01434040695931116,0.5233932857935369,0.04921272962410106,0.002595902383255268,0.07191683198789918,0.0071362873572815965,0.00029402547978117963,0.002416626888895753,,,,,,,,
1682.2361134712605,0.051513320744907394,0.20769823760350375,0.014304886538187688,0.5212020713588016,0.049071852749623494,0.0025891137309263356,0.07163702365775348,0.0071156965991589684,0.00029320371679269255,0.0024033757600510543,,,,,,,,
1684.4824216612299,0.051392784766089494,0.20712675692983437,0.014269454099247719,0.5190200305623769,0.048931379150759936,0.0025823428318845587,0.07135830398376011,0.007095165252786272,0.0002923842505249168,0.00239019729133293,,,,,,,,
1686.73172937097,0.05127253082931397,0.206556848682413,0.014234109424564123,0.516847124998331,0.04879130767308968,0.0025755896397025822,0.07108066873026223,0.007074693146739262,0.0002915670745588178,0.002377091084322971,,,,,,,,
1688.9840406057756,0.051152558274630756,0.20598850853471576,0.014198852296749482,0.5146833164215137,0.04865163716549609,0.0025688541080744524,0.0708041136780817,0.007054280110088239,0.0002907521824932989,0.0023640567427873752,,,,,,,,
1691.239359376283,0.05103286644363426,0.20542173217212473,0.01416368249895494,0.5125285667468967,0.0485123664801583,0.0025621361908153306,0.07052863462445703,0.007033925972396757,0.00028993956794515615,0.0023510938726650564,,,,,,,,
1693.4976896984908,0.05091345467945914,0.20485651529189222,0.014128599814868652,0.5103828380488907,0.048373494472540725,0.0025554358418611394,0.07025422738297757,0.007013630563720078,0.0002891292245490234,0.002338202082055657,,,,,,,,
1695.7590355937534,0.05079432232677749,0.20429285360311097,0.014093604028714677,0.50824609256069,0.04823502000138455,0.0025487530152682797,0.06998088778352166,0.006993393714603895,0.0002883211459573273,0.002325380981207762,,,,,,,,
1698.0234010888018,0.05067546873179436,0.20373074282667866,0.014058694925251428,0.5061182926735952,0.04809694192869753,0.0025420876652132865,0.06970861167219168,0.006973215256082759,0.0002875153258402326,0.002312630182507058,,,,,,,,
1700.2907902157388,0.050556893242244966,0.2031701786952679,0.01402387228977054,0.5039994009363628,0.047959259119745384,0.0025354397459925447,0.0694373949112522,0.0069530950196787945,0.0002867117578855971,0.002299949300464663,,,,,,,,
1702.5612070120508,0.050438595207390635,0.20261115695329315,0.01398913590809548,0.5018893800545409,0.0478219704430421,0.002528809212021961,0.06916723337906659,0.00693303283740025,0.0002859104357989201,0.00228733795170546,,,,,,,,
1704.8346555206217,0.050320573978015246,0.20205367335687652,0.013954485566580124,0.4997881928898081,0.047685074770340376,0.00252219601783663,0.06889812297003374,0.006913028541740038,0.00028511135330329157,0.0022747957549564663,,,,,,,,
1707.111139789726,0.05020282890642201,0.20149772367381902,0.013919921052107653,0.49769580245933087,0.04754857097662306,0.00251560011809057,0.06863005959452709,0.006893081965674466,0.000284314504139347,0.0022623223310353742,,,,,,,,
1709.3906638730514,0.05008535934642936,0.20094330368356483,0.013885442152089018,0.4956121719351,0.04741245794009303,0.0025090214675563636,0.06836303917883092,0.006873192942661691,0.00028351988206521306,0.0022499173028390235,,,,,,,,
1711.6732318296913,0.04996816465336813,0.20039040917717252,0.013851048654461849,0.49353726464329506,0.04727673454216494,0.002502460021124889,0.06809705766507997,0.006853361306640463,0.00028272748085646476,0.002237580295332058,,,,,,,,
1713.9588477241666,0.0498512441840772,0.19983903595728003,0.013816740347688934,0.49147104406362646,0.04714139966745502,0.002495915733804974,0.06783211101119617,0.006833586892028617,0.00028193729430607084,0.0022253109355355304,,,,,,,,
1716.2475156264181,0.04973459729690078,0.19928917983807581,0.013782517020757142,0.4894134738287047,0.04700645220377286,0.0024893885607231163,0.06756819519082888,0.006813869533721828,0.0002811493162243504,0.002213108852515685,,,,,,,,
1718.5392396118289,0.04961822335168412,0.19874083664526412,0.013748378463175892,0.48736451772338835,0.046871891042111376,0.0024828784571231536,0.06730530619329209,0.006794209067092083,0.0002803635404389193,0.002200973677372676,,,,,,,,
1720.834023761216,0.04950212170977068,0.19819400221603617,0.013714324464976092,0.48532413968415883,0.04673771507663857,0.0024763853783659824,0.06704344002350503,0.006774605327986438,0.0002795799607946471,0.0021889050432294956,,,,,,,,
1723.1318721608536,0.049386291733998056,0.19764867239903572,0.013680354816708623,0.4832923037984732,0.04660392320468761,0.0024699092799292215,0.06678259270192985,0.0067550581527255375,0.00027879857115360355,0.002176902585220794,,,,,,,,
1725.4327889024667,0.0492707327886949,0.19710484305432993,0.013646469309443238,0.48126897430414284,0.04647051432674847,0.0024634501174069278,0.0665227602645126,0.006735567378102332,0.00027801936539501487,0.002164965940481928,,,,,,,,
1727.7367780832437,0.04915544423967733,0.19656251005337724,0.013612667734767207,0.47925411558869974,0.046337487346458574,0.0024570078465092943,0.06626393876262236,0.006716132841380705,0.00027724233741521423,0.0021530947481379482,,,,,,,,
1730.0438438058497,0.04904042545424512,0.19602166927899436,0.013578949884783935,0.4772476921887646,0.04620484117059353,0.002450582423062321,0.06600612426299057,0.006696754380294031,0.00027646748112759184,0.002141288649292678,,,,,,,,
1732.3539901784209,0.04892567580117885,0.19548231662532806,0.013545315552111893,0.4752496687894338,0.04607257470905879,0.002444173803007551,0.06574931284765284,0.006677431833043942,0.00027569479046255185,0.0021295472870179115,,,,,,,,
1734.6672213145864,0.04881119465073573,0.19494444799782076,0.013511764529883119,0.4732600102236451,0.045940686874879934,0.002437781942401719,0.0654935006138876,0.006658165038298857,0.000274924259367459,0.002117870306342557,,,,,,,,
1736.9835413334608,0.04869698137464682,0.19440805931318259,0.013478296611742133,0.4712786814715714,0.045809176584194575,0.0024314067974165053,0.0652386836741585,0.006638953835192769,0.00027415588180659746,0.0021062573542419824,,,,,,,,
1739.3029543596667,0.04858303534611302,0.1938731464993573,0.01344491159184453,0.46930564765999194,0.045678042756242536,0.002425048324338185,0.06498485815605369,0.00661979806332375,0.00027338965176111797,0.00209470807962726,,,,,,,,
1741.6254645233269,0.04846935593980211,0.1933397054954944,0.013411609264855821,0.4673408740616905,0.045547284313357854,0.0024187064795673737,0.0647320202022286,0.006600697562752755,0.0002726255632289953,0.002083222133334634,,,,,,,,
1743.9510759600857,0.048355942531844796,0.19280773225191533,0.013378389425950063,0.46538432609483227,0.045416900180959126,0.0024123812196186773,0.06448016597034578,0.006581652174002164,0.000271863610224977,0.0020717991681148836,,,,,,,,
1746.279792811104,0.048242794499831924,0.19227722273008566,0.013345251870808721,0.46343596932236725,0.045286889287541425,0.0024060725011204494,0.06422929163301797,0.006562661738054554,0.0002711037867805407,0.002060438838622906,,,,,,,,
1748.6116192230784,0.04812991122281034,0.19174817290258142,0.013312196395619265,0.4614957694514119,0.045157250564666754,0.0023997802808144453,0.0639793933777484,0.006543726096351292,0.0002703460869438432,0.0020491408014071924,,,,,,,,
1750.946559348236,0.048017292081280236,0.1912205787530618,0.013279222797074098,0.4595636923326578,0.04502798294695601,0.002393504515555568,0.06373046740687446,0.006524845090791277,0.000269590504779678,0.0020379047148995303,,,,,,,,
1753.2846173443554,0.047904936457190996,0.19069443627623514,0.013246330872369094,0.45763970395975845,0.04489908537207948,0.002387245162311525,0.0634825099375085,0.006506018563729539,0.00026883703436942475,0.002026730239404593,,,,,,,,
1755.625797374762,0.04779284373393848,0.19016974147783164,0.013213520419202549,0.4557237704687412,0.044770556780748774,0.0023810021781625803,0.06323551720148148,0.006487246357976007,0.0002680856698110062,0.002015617037089736,,,,,,,,
1757.9701036083404,0.04768101329636129,0.1896464903745716,0.013180791235773846,0.4538158581374068,0.044642396116707825,0.0023747755203012374,0.06298948544528532,0.0064685283167941745,0.00026733640521884114,0.0020045647719747644,,,,,,,,
1760.317540219547,0.04756944453073719,0.1891246789941343,0.013148143120782134,0.4519159333847314,0.044514602326723926,0.002368565146031935,0.0627444109300152,0.006449864283899722,0.0002665892347237953,0.001993573109921735,,,,,,,,
1762.6681113884058,0.047458136824780395,0.18860430337513018,0.013115575873425284,0.4500239627702858,0.04438717436057978,0.002362371012770778,0.0625002899313141,0.006431254103459322,0.0002658441524731409,0.0019826417186249307,,,,,,,,
1765.0218213005294,0.04734708956763739,0.188085359567068,0.01308308929339844,0.44813991299363504,0.04426011117106405,0.0023561930780452247,0.0622571187393147,0.006412697620089231,0.0002651011526305052,0.0019717702676007296,,,,,,,,
1767.378674147112,0.0472363021498844,0.18756784363032794,0.013050683180892989,0.44626375089376424,0.04413341171396351,0.002350031299493819,0.06201489365858448,0.006394194678854091,0.00026436022937582963,0.0019609584281776973,,,,,,,,
1769.7386741249518,0.04712577396352323,0.18705175163612817,0.01301835733659513,0.4443954434484829,0.044007074948053775,0.002343885634865871,0.06177361100806804,0.006375745125265553,0.00026362137690531974,0.0019502058734865708,,,,,,,,
1772.1018254364442,0.04701550440197876,0.18653707966649874,0.012986111561684862,0.44253495777385576,0.04388109983509142,0.0023377560420211937,0.061533267121032714,0.006357348805281056,0.00026288458943140414,0.0019395122784504452,,,,,,,,
1774.4681322896024,0.046905492860094815,0.18602382381424817,0.012953945657834538,0.44068226112361186,0.04375548533980476,0.002331642478929791,0.06129385834501128,0.006339005565302464,0.0002621498611826848,0.0019288773197748907,,,,,,,,
1776.8375988980522,0.04679573873413153,0.18551198018293738,0.012921859427207869,0.43883732088858035,0.04363023042988605,0.002325544903671597,0.061055381041748104,0.006320715252174874,0.0002614171864038959,0.0019183006759382257,,,,,,,,
1779.210229481053,0.04668624142176143,0.1850015448868466,0.012889852672458487,0.43700010459610444,0.04350533407598227,0.002319463274436155,0.060817831587142136,0.006302477713185237,0.0002606865593558551,0.0019077820271817504,,,,,,,,
1781.5860282634903,0.04657700032206677,0.18449251405094924,0.012857925196728947,0.43517057990948177,0.0433807952516874,0.0023133975495223695,0.060581206371193456,0.006284292796061204,0.0002599579743154222,0.0018973210555001281,,,,,,,,
1783.9649994758993,0.04646801483553554,0.18398488381087919,0.012826076803649304,0.43334871462738356,0.043256612933533264,0.0023073476873381724,0.06034550179794694,0.006266160348969717,0.00025923142557545027,0.0018869174446317152,,,,,,,,
1786.3471473544585,0.046359284364058784,0.18347865031290442,0.012794307297336091,0.4315344766832981,0.04313278610098173,0.002301313646400287,0.060110714285438814,0.0062480802205158534,0.0002585069074447452,0.0018765708800490596,,,,,,,,
1788.732476141003,0.04625080831092707,0.18297380971389632,0.01276261648239103,0.4297278341449614,0.04300931373641612,0.0022952953853339186,0.05987684026564183,0.006230052259741517,0.000257784414248018,0.0018662810489493541,,,,,,,,
1791.120990083037,0.046142586080826956,0.18247035818129947,0.01273100416389976,0.4279287552137919,0.04288619482513247,0.0022892928628724615,0.05964387618441029,0.006212076316124159,0.00025706394032584077,0.001856047640244974,,,,,,,,
1793.5126934337302,0.04603461707983826,0.18196829189310537,0.012699470147430815,0.42613720822434,0.04276342835533191,0.0022833060378572396,0.05941181850142746,0.006194152239575573,0.0002563454800346046,0.0018458703445541082,,,,,,,,
1795.9075904519382,0.04592690071543022,0.18146760703782,0.012668014239034228,0.42435316164371945,0.04264101331811156,0.0022773348692372015,0.05918066369015026,0.006176279880440569,0.0002556290277464719,0.0018357488541913619,,,,,,,,
1798.305685402196,0.04581943639645889,0.18096829981443843,0.012636636245240512,0.42257658407106385,0.04251894870745705,0.002271379316068666,0.05895040823775708,0.006158459089495815,0.000254914577849336,0.0018256828631585,,,,,,,,
1800.7069825547414,0.04571222353316316,0.18047036643241243,0.012605335973059338,0.4208074442369628,0.04239723352023343,0.002265439337515009,0.05872104864509311,0.006140689717948487,0.00025420212474677343,0.0018156720671351437,,,,,,,,
1803.1114861855058,0.04560526153716228,0.1799738031116251,0.012574113229978453,0.41904571100292237,0.04227586675617771,0.0022595148928464116,0.0584925814266184,0.006122971617435148,0.000253491662858004,0.0018057161634696336,,,,,,,,
1805.519200576138,0.045498549821451885,0.179478606082359,0.012542967823962395,0.4172913533608061,0.04215484741788992,0.0022536059414395584,0.05826500311035357,0.006105304640020376,0.000252783186617843,0.0017958148511698082,,,,,,,,
1807.9301300139973,0.045392087800401486,0.17898477158527046,0.01251189956345142,0.41554434043230026,0.04203417451082559,0.002247712442777385,0.058038310237828426,0.006087688638195653,0.00025207669047666174,0.0017859678308939776,,,,,,,,
1810.3442787921747,0.0452858748897506,0.17849229587135818,0.012480908257360208,0.4138046414683596,0.04191384704328691,0.002241834356448768,0.05781249936402811,0.006070123464878019,0.00025137216890034004,0.0017761748049418007,,,,,,,,
1812.761651209487,0.04517991050660611,0.17800117520193778,0.012449993715076811,0.4120722258486766,0.041793864026415245,0.0022359716421482784,0.057587567057341964,0.00605260897340897,0.00025066961637022707,0.0017664354772453578,,,,,,,,
1815.1822515704978,0.0450741940694386,0.17751140584861025,0.012419155746461337,0.410347063081132,0.04167422447418233,0.002230124259675879,0.057363509899510084,0.006035145017553096,0.00024996902738309314,0.001756749553360129,,,,,,,,
1817.606084185514,0.044968724998079496,0.17702298409323639,0.012388394161844929,0.40862912280126756,0.04155492740338282,0.002224292168936672,0.0571403244855726,0.006017731451496972,0.00024927039645109174,0.0017471167404561477,,,,,,,,
1820.0331533705973,0.04486350271371786,0.17653590622790755,0.012357708772028535,0.40691837477174736,0.041435971833625844,0.002218475329940617,0.056918007423817404,0.006000368129847891,0.0002485737181017138,0.0017375367473091326,,,,,,,,
1822.4634634475792,0.0447585266388968,0.17605016855491606,0.012327099388281658,0.405214788881822,0.04131735678732679,0.0022126737028022323,0.05669655533572802,0.005983054907632638,0.00024787898687774374,0.0017280092842916481,,,,,,,,
1824.8970187440539,0.044653796197510996,0.1755657673867302,0.01229656582234138,0.40351833514680724,0.04119908128969979,0.002206887247740367,0.05647596485593362,0.0059657916402963305,0.00024718619733722023,0.0017185340633644134,,,,,,,,
1827.333823593402,0.044549310814802796,0.17508269904596274,0.012266107886410997,0.40182898370754644,0.04108114436874912,0.0022011159250778845,0.05625623263215633,0.005948578183701133,0.00024649534405338946,0.001709110798067522,,,,,,,,
1829.7738823347831,0.044445069917359706,0.1746009598653465,0.012235725393159069,0.4001467048298951,0.040963545055261806,0.0021953596952414274,0.05603735532516176,0.0059314143941251495,0.0002458064216146668,0.0016997392035118532,,,,,,,,
1832.2171993131585,0.044341072933110764,0.17412054618770303,0.012205418155718068,0.39847146890418705,0.040846282382799026,0.002189618518761106,0.05581932960870687,0.005914300128261119,0.00024511942462459007,0.0016904189963703887,,,,,,,,
1834.6637788792837,0.04423731929132379,0.1736414543659183,0.012175185987683424,0.3968032464447238,0.04072935538768883,0.002183892356270273,0.055602152169490764,0.005897235243215341,0.0002444343477017817,0.001681149894869716,,,,,,,,
1837.1136253897312,0.044133808422601783,0.1731636807629116,0.012145028703112182,0.3951420080892452,0.04061276310901754,0.002178181168505211,0.05538581970710306,0.005880219596506346,0.00024375118547990236,0.0016719316187814425,,,,,,,,
1839.5667432068838,0.04403053975888042,0.17268722175161136,0.012114946116522057,0.39348772459842296,0.040496504588622556,0.002172484916304903,0.055170328933974964,0.00586325304606383,0.00024306993260761283,0.0016627638894137844,,,,,,,,
1842.0231366989567,0.04392751273342423,0.17221207371492414,0.012084938042890096,0.3918403668553357,0.04038057887108376,0.0021668035606107186,0.05495567657532804,0.005846335450227363,0.00024239058374852853,0.00165364642960309,,,,,,,,
1844.4828102399922,0.04382472678082415,0.1717382330457102,0.012055004297651712,0.39019990586496534,0.040264985003716336,0.0021611370624661915,0.05474185936912561,0.005829466667745302,0.0002417131335811801,0.001644578963705498,,,,,,,,
1846.9457682098737,0.043722181336994,0.17126569614675477,0.012025144696699472,0.3885663127536831,0.04014972203656258,0.00215548538301673,0.05452887406602264,0.005812646557773554,0.0002410375767989717,0.0016355612175885954,,,,,,,,
1849.4120149943383,0.04361987583916742,0.17079445943073968,0.011995359056381896,0.38693955876873753,0.0400347890223839,0.002149848483509341,0.054316717429315965,0.005795874979874382,0.00024036390811013708,0.0016265929186230976,,,,,,,,
1851.8815549849724,0.04351780972589505,0.17032451932021875,0.011965647193502496,0.38531961527775693,0.03992018501665364,0.002144226325292388,0.054105386234896136,0.005779151794015307,0.00023969212223770174,0.0016176737956746653,,,,,,,,
1854.3543925792337,0.043415982437041,0.1698558722475876,0.011936008925318455,0.3837064537682358,0.03980590907754861,0.0021386188698153024,0.05389487727119715,0.005762476860567843,0.00023902221391943764,0.0016088035790956434,,,,,,,,
1856.8305321804444,0.043314393413780385,0.1693885146550597,0.011906444069539696,0.3821000458470426,0.039691960265942,0.0021330260786283457,0.05368518733914896,0.005745850040306448,0.00023835417790782592,0.0015999820007169664,,,,,,,,
1859.3099781978142,0.04321304209859555,0.16892244299463605,0.011876952444327571,0.3805003632399104,0.039578337645395076,0.0021274479133823144,0.05347631325212763,0.0057292711944072275,0.000237688008970012,0.0015912087938400033,,,,,,,,
1861.7927350464327,0.04311192793527373,0.1684576537280817,0.011847533868293928,0.37890737779094874,0.039465040282150046,0.0021218843358283127,0.05326825183590807,0.0057127401844469,0.00023702370188776828,0.0015824836932285349,,,,,,,,
1864.2788071472928,0.04301105036890329,0.1679941433268954,0.011818188160499819,0.37732106146213856,0.0393520672451218,0.002116335307817447,0.05306099992861457,0.0056962568724015315,0.00023636125145744957,0.0015738064351006975,,,,,,,,
1866.7681989272828,0.04291040884587139,0.1675319082722862,0.011788915140454539,0.3757413863328485,0.039239417605890885,0.0021108007913006126,0.05285455438067407,0.005679821120645501,0.0002357006524899561,0.0015651767571210472,,,,,,,,
1869.2609148192105,0.04281000281386025,0.16707094505514364,0.0117597146281144,0.3741683245993332,0.03912709043869519,0.002105280748328189,0.05264891205476691,0.005663432791950224,0.000235041899810689,0.0015565943983925823,,,,,,,,
1871.756959261795,0.04270983172184475,0.16661125017601383,0.011730586443881717,0.3726018485742544,0.039015084820423124,0.0020997751410498193,0.05244406982578064,0.005647091749483118,0.00023438498825951396,0.0015480590994489125,,,,,,,,
1874.2563366996897,0.042609895020088814,0.16615282014507038,0.011701530408603611,0.37104193068618335,0.03890339983060513,0.0020942839317141058,0.052240024580760984,0.00563079785680637,0.00023372991269071585,0.001539570602246352,,,,,,,,
1876.7590515834777,0.042510192160142964,0.16569565148209003,0.011672546343570988,0.36948854347912435,0.038792034551406986,0.0020888070826683963,0.05203677321886584,0.0056145509778758665,0.0002330766679729634,0.001531128650156175,,,,,,,,
1879.265108369685,0.042410722594841,0.1652397407164255,0.011643634070517427,0.3679416596120276,0.03868098806762179,0.0020833445563585027,0.0518343126513176,0.005598350977040048,0.0002324252489892664,0.001522732987956826,,,,,,,,
1881.774511520794,0.042311485778296805,0.16478508438697775,0.011614793411617988,0.3664012518583045,0.038570259466662295,0.002077896315328437,0.05163263980135572,0.005582197719038705,0.00023177565063693464,0.0015143833618261977,,,,,,,,
1884.2872655052386,0.04221248116590191,0.16433167904217252,0.011586024189488288,0.36486729310535687,0.03845984783855396,0.002072462322220174,0.05143175160419121,0.005566091069001956,0.00023112786782754106,0.001506079519333989,,,,,,,,
1886.8033747974266,0.04211370821432187,0.16387952123993102,0.011557326227183223,0.36333975635409016,0.03834975227592683,0.0020670425397733734,0.05123164500695858,0.005550030892449015,0.00023048189548687827,0.00149782120943403,,,,,,,,
1889.322843877733,0.04201516638149384,0.1634286075476467,0.011528699348196066,0.3618186147184476,0.03823997187400871,0.0020616369308251517,0.051032316968670874,0.005534017055287185,0.00022983772855492252,0.0014896081824567456,,,,,,,,
1891.8456772325237,0.04191685512662309,0.16297893454215662,0.01150014337645719,0.36030384142492783,0.038130505730617104,0.0020562454583097976,0.050833764460172105,0.005518049423810612,0.0002291953619857902,0.0014814401901015464,,,,,,,,
1894.3718793541468,0.04181877391018061,0.1625304988097177,0.011471658136333182,0.35879540981212277,0.03802135294615242,0.0020508680852585406,0.05063598446409252,0.005502127864699283,0.0002285547907477023,0.0014733169854293845,,,,,,,,
1896.9014547409572,0.04172092219389949,0.16208329694597873,0.011443243452625568,0.3572932933302391,0.03791251262358994,0.0020455047747992795,0.05043897397480155,0.005486252245017815,0.00022791600982294098,0.0014652383228552267,,,,,,,,
1899.434407897309,0.04162329944077265,0.16163732555595667,0.011414899150569922,0.35579746554064046,0.037803983868473154,0.0020401554901563535,0.050242729998363225,0.00547042243221443,0.00022727901420781447,0.00145720395814069,,,,,,,,
1901.9707433335784,0.04152590511504922,0.16119258125400854,0.011386625055834614,0.3543079001153724,0.037695765788905655,0.00203482019465026,0.05004724955248958,0.0054546382941197845,0.00022664379891261302,0.0014492136483865996,,,,,,,,
1904.5104655661564,0.04142873868223226,0.1607490606638082,0.011358420994519908,0.35282457083670865,0.037587857495544524,0.0020294988516974303,0.04985252966649647,0.005438899698945917,0.00022601035896157508,0.001441267152025697,,,,,,,,
1907.0535791174734,0.0413317996090752,0.1603067604183182,0.011330286793156725,0.3513474515966803,0.037480258101592376,0.0020241914248099544,0.04965856738125732,0.005423206515285083,0.00022537868939284363,0.0014333642288152939,,,,,,,,
1909.600088515992,0.041235087363579385,0.1598656771597665,0.011302222278705719,0.34987651639662426,0.037372966722790606,0.0020188978775953557,0.04946535974915908,0.005407558612108724,0.00022474878525843072,0.0014255046398300411,,,,,,,,
1912.1499982962218,0.04113860141499105,0.15942580753961974,0.011274227278556162,0.3484117393467222,0.0372659824774119,0.00201361817375633,0.049272903834057066,0.005391955858766365,0.00022412064162417744,0.0014176881474546978,,,,,,,,
1914.7033129987335,0.04104234123379809,0.1589871482185573,0.0112463016205248,0.3469530946655416,0.03715930448625275,0.0020083522770904783,0.04908119671122985,0.005376398124984451,0.00022349425356971384,0.0014099145153769197,,,,,,,,
1917.2600371701533,0.04094630629172769,0.15854969586644785,0.01121844513285496,0.34550055667958984,0.03705293187262678,0.002003100151490097,0.04889023546733589,0.005360885280865366,0.00022286961618842355,0.0014021835085801663,,,,,,,,
1919.8201753631856,0.04085049606174286,0.15811344716232165,0.011190657644215311,0.3440540998228532,0.03694686376235693,0.0019978617609418916,0.04870001720036801,0.00534541719688625,0.00022224672458740174,0.0013944948933365387,,,,,,,,
1922.383732136607,0.04075491001804013,0.15767839879434783,0.01116293898369899,0.34261369863635593,0.036841099283768844,0.0019926370695267665,0.048510539019610624,0.005329993743898002,0.00022162557388742047,0.0013868484371997703,,,,,,,,
1924.9507120552887,0.04065954763604604,0.15724454745980684,0.01113528898082237,0.3411793277677033,0.03673563756768314,0.001987426041419536,0.04832179804559441,0.0053146147931241354,0.00022100615922288677,0.001379243908998144,,,,,,,,
1927.5211196901903,0.04056440839241485,0.15681188986506767,0.011107707465524197,0.3397509619706442,0.036630477747408886,0.0019822286408887257,0.04813379141005392,0.005299280216159756,0.00022038847574180835,0.0013716810788275526,,,,,,,,
1930.0949596183823,0.04046949176502518,0.15638042272556055,0.011080194268164359,0.33832857610461775,0.03652561895873581,0.001977044832296285,0.0479465162558827,0.005283989884970428,0.00021977251860575125,0.0013641597180445077,,,,,,,,
1932.6722364230393,0.04037479723297758,0.15595014276575447,0.011052749219523008,0.33691214513431994,0.036421060339927855,0.001971874580097379,0.047759969737091075,0.005268743671891183,0.00021915828298980664,0.0013566795992592622,,,,,,,,
1935.2529546934638,0.04028032427659118,0.15552104671912967,0.011025372150799389,0.33550164412925404,0.03631680103171547,0.0019667178488401126,0.04757414901876183,0.0052535414496253634,0.0002185457640825488,0.001349240496328902,,,,,,,,
1937.8371190250787,0.04018607237740143,0.15509313132815555,0.010998062893610902,0.33409704826330044,0.03621284017728918,0.0019615746031653126,0.04738905127700809,0.005238383091243668,0.000217934957086001,0.0013418421843505444,,,,,,,,
1940.4247340194509,0.04009204101815662,0.15466639334426324,0.010970821279991981,0.33269833281427125,0.036109176922291895,0.0019564448078062653,0.047204673698929424,0.005223268470182973,0.0002173258572155945,0.0013344844396544974,,,,,,,,
1943.0158042842857,0.03999822968281558,0.15424082952782336,0.010943647142393126,0.33130547316348247,0.03600581041481245,0.0019513284275884946,0.04702101348257001,0.005208197460245367,0.0002167184597001341,0.0013271670397975422,,,,,,,,
1945.6103344334417,0.03990463785654459,0.15381643664812025,0.010916540313679873,0.3299184447953177,0.035902739805378364,0.0019462254274295121,0.04683806783687566,0.005193169935597082,0.00021611275978175955,0.0013198897635561802,,,,,,,,
1948.2083290869439,0.039811265025714464,0.15339321148332666,0.010889500627131666,0.328537223296793,0.035799964246948666,0.0019411357723385576,0.04665583398165102,0.0051781857707673745,0.0002155087527159068,0.0013126523909199408,,,,,,,,
1950.8097928709788,0.03971811067789804,0.15297115082048138,0.010862527916440998,0.32716178435713533,0.03569748289490741,0.0019360594274163982,0.0464743091475182,0.005163244840647582,0.000214906433771274,0.0013054547030847564,,,,,,,,
1953.414730417918,0.03962517430186695,0.15255025145546244,0.010835622015712207,0.32579210376734563,0.03559529490705614,0.0019309963578550498,0.046293490575873654,0.005148347020489979,0.000214305798229781,0.0012982964824463149,,,,,,,,
1956.0231463663108,0.03953245538758933,0.1521305101929653,0.010808782759460634,0.3244281574197813,0.035493399443607646,0.001925946528937574,0.04611337551884733,0.005133492185906826,0.0002137068413865357,0.0012911775125935148,,,,,,,,
1958.6350453609089,0.03943995342622645,0.1517119238464759,0.010782009982611432,0.3230699213077235,0.035391795667178344,0.0019209099060378003,0.04593396123925988,0.00511868021286924,0.00021310955854979394,0.0012840975783018841,,,,,,,,
1961.2504320526575,0.039347667910130515,0.15129448923824923,0.010755303520498718,0.3217173715249631,0.03529048274278207,0.0019158864546201322,0.04575524501058204,0.005103910977706263,0.00021251394504092624,0.0012770564655271196,,,,,,,,
1963.8693110987208,0.039255598332841264,0.1508782031992825,0.010728663208864392,0.32037048426537146,0.0351894598378226,0.0019108761402392707,0.04557722411689219,0.005089184357103715,0.0002119199961943769,0.0012700539613985642,,,,,,,,
1966.4916871624732,0.039163744189083756,0.15046306256929373,0.010702088883857302,0.31902923582248954,0.03508872612208743,0.0019058789285400144,0.045399895852836145,0.005074500228103267,0.00021132770735763233,0.001263089854212824,,,,,,,,
1969.1175649135246,0.03907210497476517,0.1500490641966951,0.010675580382032056,0.31769360258910273,0.03498828076774029,0.0019008947852569833,0.04522325752358493,0.0050598584681013255,0.00021073707389118002,0.001256163933427316,,,,,,,,
1971.7469490277124,0.03898068018697236,0.14963620493857172,0.010649137540348196,0.3163635610568334,0.034888122949315016,0.0018959236762144287,0.04504730644479502,0.005045258954848107,0.00021014809116847612,0.001249275989653954,,,,,,,,
1974.3798441871252,0.038889469323968744,0.1492244816606551,0.010622760196169024,0.3150390878157189,0.03478825184370812,0.001890965567325958,0.0448720399425663,0.005030701566446508,0.0002095607545759056,0.0012424258146527692,,,,,,,,
1977.0162550800978,0.03879847188519195,0.14881389123730163,0.01059644818726074,0.3137201595538067,0.03468866663017257,0.0018860204245943332,0.04469745535340248,0.005016186181351175,0.00020897505951274922,0.001235613201325653,,,,,,,,
1979.6561864012258,0.03870768737125087,0.14840443055146793,0.010570201351791396,0.31240675305674104,0.034589366490310795,0.0018810882141112178,0.044523550024170196,0.0050017126783674535,0.00020839100139114606,0.0012288379437100853,,,,,,,,
1982.299642851379,0.03861711528392271,0.14799609649468612,0.010544019528329828,0.3110988452073513,0.03449035060806776,0.0018761689020569453,0.04435032131205827,0.004987280936650364,0.00020780857563605645,0.0012220998369728835,,,,,,,,
1984.9466291376968,0.03852675512615072,0.14758888596704262,0.010517902555844809,0.3097964129852522,0.0343916181697248,0.001871262454700305,0.044177766584538564,0.004972890835703633,0.00020722777768522913,0.0012153986774040549,,,,,,,,
1987.5971499736117,0.038436606402041,0.14718279587715188,0.010491850273703895,0.3084994334664304,0.0342931683638923,0.0018663688383982857,0.044005883219324755,0.004958542255378627,0.00020664860298916194,0.001208734262410588,,,,,,,,
1990.251210078842,0.0383466686168602,0.14677782314213564,0.01046586252167261,0.3072078838228495,0.03419500038150361,0.0018614880195958658,0.043834668604333674,0.004944235075873425,0.00020607104701106992,0.0012021063905103778,,,,,,,,
1992.9088141794168,0.038256941277032344,0.1463739646875968,0.01043993913991328,0.3059217413220395,0.03409711341580785,0.0018566199648257665,0.04366412013764451,0.004929969177731732,0.00020549510522684556,0.0011955148613260864,,,,,,,,
1995.5699670076676,0.038167423890136665,0.14597121744759883,0.010414079968984224,0.3046409833267055,0.03399950666236384,0.0018517646407082429,0.04349423522746029,0.004915744441841983,0.00020492077312502785,0.0011889594755791267,,,,,,,,
1998.2346733022532,0.03807811596490432,0.14556957836463974,0.010388284849838612,0.3033655872943206,0.03390217931903293,0.0018469220139508305,0.04332501129206757,0.004901560749436237,0.00020434804620676297,0.001182440035083604,,,,,,,,
2000.9029378081518,0.037989017011216264,0.1451690443896316,0.010362553623823632,0.30209553077673756,0.033805130585972926,0.001842092051348138,0.04315644575979805,0.004887417982089288,0.00020377691998577237,0.0011759563427403542,,,,,,,,
2003.5747652766854,0.037900126540100006,0.14476961248187464,0.010336886132679392,0.3008307914197856,0.03370835966563103,0.0018372747197816022,0.042988536068988614,0.0048733160217175825,0.00020320738998831452,0.001169508202530955,,,,,,,,
2006.2501604655154,0.03781144406372743,0.14437127960903665,0.010311282218538031,0.29957134696288357,0.033611865762737704,0.0018324699862192783,0.04282127966794323,0.0048592547505783255,0.00020263945175315253,0.0011630954195118249,,,,,,,,
2008.9291281386547,0.03772296909541184,0.14397404274712877,0.01028574172392274,0.29831717523864576,0.03351564808429999,0.0018276778177156072,0.042654674014893784,0.0048452340512684395,0.00020207310083151817,0.0011567177998083249,,,,,,,,
2011.6116730664853,0.037634701149605154,0.14357789888048172,0.010260264491746704,0.29706825417248833,0.03341970583959471,0.00182289818141117,0.042488716577961154,0.004831253806723569,0.00020150833278707568,0.001150375150608872,,,,,,,,
2014.29780002575,0.03754663974189573,0.1431828450017251,0.010234850365312284,0.29582456178224786,0.03332403824016254,0.0018181310445325003,0.042323404835117505,0.004817313900217174,0.00020094514319588991,0.0011440672801591551,,,,,,,,
2016.9875137995782,0.03745878438900507,0.14278887811176194,0.010209499188309892,0.29458607617778654,0.03322864449980092,0.0018133763743918222,0.042158736274147006,0.004803414215359468,0.00020038352764638846,0.0011377939977562884,,,,,,,,
2019.6808191774785,0.037371134608785835,0.14239599521974863,0.010184210804817193,0.2933527755606146,0.03313352383455812,0.0018086341383868583,0.04199470839260869,0.004789554636096542,0.00019982348173933043,0.0011315551137430907,,,,,,,,
2022.377720955363,0.03728368992021852,0.1420041933430695,0.01015898505929798,0.29212463822349916,0.03303867546272634,0.001803904304000577,0.04183131869779733,0.004775735046709293,0.00019926500108776807,0.0011253504395023145,,,,,,,,
2025.0782239355397,0.0371964498434095,0.14161346950731685,0.010133821796601383,0.2909016425500895,0.03294409860483573,0.0017991868388009928,0.04166856470670672,0.004761955331812554,0.0001987080813170168,0.0011191797874509756,,,,,,,,
2027.7823329267371,0.03710941389958774,0.14122382074626577,0.010108720861960753,0.28968376701452914,0.032849792483647514,0.0017944817104409258,0.04150644394599074,0.004748215376354038,0.00019815271806461688,0.0011130429710346512,,,,,,,,
2030.490052744097,0.03702258161110273,0.1408352441018542,0.010083682100992869,0.2884709901810848,0.03275575632414811,0.001789788886657801,0.04134495395192693,0.004734515065613483,0.00019759890698030268,0.0011069398047218717,,,,,,,,
2033.2013882091992,0.03693595250142139,0.14044773662415783,0.010058705359696824,0.28726329070376094,0.03266198935354223,0.0017851083352734018,0.04118409227037795,0.004720854285201582,0.0001970466437259654,0.0011008701039984757,,,,,,,,
2035.9163441500532,0.036849526095125935,0.14006129537137038,0.010033790484453253,0.2860606473259321,0.032568490801247074,0.0017804400241936713,0.041023856456755325,0.004707232921059123,0.0001964959239756223,0.0010948336853620739,,,,,,,,
2038.6349254011236,0.03676330191791073,0.13967591740977864,0.010008937322023211,0.28486303887996123,0.03247525989888543,0.0017757839214084738,0.04086424407598134,0.00469365085945596,0.00019594674341537961,0.001088830366316455,,,,,,,,
2041.3571368033247,0.03667727949658018,0.13929159981374248,0.009984145719547378,0.28367044428683336,0.03238229588027986,0.0017711399949913943,0.04070525270245282,0.004680107986990124,0.0001953990977434015,0.001082859965366111,,,,,,,,
2044.0829832040347,0.036591458359045925,0.13890833966567162,0.009959415524545065,0.28248284255578193,0.03228959798144623,0.001766508213099511,0.04054687992000394,0.0046666041905868635,0.0001948529826698752,0.001076922302010726,,,,,,,,
2046.8124694571109,0.036505838034324035,0.1385261340560026,0.00993474658491319,0.2813002127839167,0.03219716544058716,0.0017618885439731602,0.04038912332186913,0.004653139357497647,0.0001943083939169763,0.0010710171967397157,,,,,,,,
2049.545600422883,0.03642041805253288,0.13814498008317883,0.009910138748925537,0.28012253415586236,0.03210499749808624,0.0017572809559357537,0.04023198051064735,0.004639713375299305,0.00019376532721883784,0.001065144471026823,,,,,,,,
2052.282380968181,0.036335197944890055,0.1377648748536261,0.009885591865231583,0.27894978594338415,0.03201309339650134,0.0017526854173935261,0.04007544909826476,0.004626326131893007,0.0001932237783215139,0.00105930394732469,,,,,,,,
2055.022815966323,0.03625017724371036,0.13738581548173315,0.009861105782855822,0.2777819475050313,0.03192145238055881,0.0017481018968353499,0.03991952670593925,0.004612977515503422,0.00019268374298294947,0.0010534954490595272,,,,,,,,
2057.766910297144,0.036165355482402614,0.13700779908982713,0.009836680351196576,0.27661899828576586,0.03183007369714681,0.0017435303628324844,0.03976421096414345,0.004599667414677675,0.00019214521697294345,0.0010477188006257332,,,,,,,,
2060.5146688469868,0.036080732195467716,0.1366308228081544,0.009812315420025326,0.2754609178166081,0.03173895659530964,0.0017389707840383991,0.0396094995125696,0.004586395718284519,0.00019160819607311975,0.0010419738273806294,,,,,,,,
2063.2660965087266,0.03599630691849549,0.1362548837748562,0.009788010839485538,0.2743076857142694,0.031648100326241,0.0017344231291885229,0.03945539000009284,0.00457316231551332,0.00019107267607689028,0.0010362603556391368,,,,,,,,
2066.0211981817647,0.03591207918816272,0.13587997913594932,0.009763766460091985,0.2731592816808003,0.03155750414327841,0.001729887367100062,0.03930188008473629,0.004559967095873208,0.00019053865278942546,0.0010305782126685677,,,,,,,,
2068.779978772053,0.035828048542230054,0.1355061060453022,0.009739582132729588,0.27201568550322625,0.03146716730189655,0.0017253634666717507,0.039148967433634586,0.004546809949192094,0.00019000612202761807,0.0010249272266833625,,,,,,,,
2071.542443192084,0.035744214519539956,0.13513326166461537,0.009715457708652737,0.2708768770531993,0.0313770890597016,0.0017208513968836766,0.03899664972299938,0.004533690765615798,0.00018947507962005373,0.0010193072268399324,,,,,,,,
2074.3085963609215,0.03566057666001377,0.134761443163398,0.009691393039484138,0.2697428362866358,0.03128726867642471,0.0017163511267970335,0.03884492463808301,0.004520609435607078,0.00018894552140697506,0.0010137180432314649,,,,,,,,
2077.078443204189,0.0355771345046495,0.134390647718948,0.009667387977214116,0.268613543243371,0.031197705413916317,0.0017118626255539363,0.03869378987314433,0.00450756584994477,0.00018841744324025184,0.001008159506882808,,,,,,,,
2079.8519886540885,0.0354938875955192,0.13402087251633008,0.009643442374199576,0.26748897804680394,0.03110839853613988,0.0017073858623771925,0.03854324313141305,0.004494559899722863,0.00018789084098334732,0.001002631449745359,,,,,,,,
2082.629237649414,0.03541083547576623,0.13365211474835326,0.009619556083163098,0.26636912090354586,0.031019347309165654,0.0017029208065700914,0.03839328212505471,0.004481591476349539,0.00018736571051128465,0.0009971337046919611,,,,,,,,
2085.4101951355447,0.03532797768960322,0.13328437161555173,0.009595728957192106,0.26525395210307745,0.030930551001165103,0.0016984674275162105,0.03824390457513661,0.00446866047154635,0.00018684204771061755,0.00099166610551189,,,,,,,,
2088.194866064474,0.03524531378230902,0.13291764032616132,0.009571960849737876,0.26414345201739503,0.030842008882404386,0.0016940256946791812,0.03809510821159224,0.004455766777347232,0.00018631984847939411,0.000986228486905787,,,,,,,,
2090.9832553947977,0.03516284330022672,0.1325519180961004,0.00954825161461472,0.26303760110067226,0.03075372022523885,0.0016895955776025009,0.037946890773187844,0.004442910286097672,0.00018579910872712897,0.0009808206844806992,,,,,,,,
2093.7753680917426,0.03508056579076074,0.1321872021489467,0.009524601105998998,0.26193637988890883,0.030665684304106555,0.001685177045909306,0.037799250007486955,0.0044300908904537604,0.00018527982437476745,0.0009754425347450785,,,,,,,,
2096.5712091271557,0.0349984808023747,0.13182348971591823,0.009501009178428317,0.2608397689995951,0.030577900395522817,0.0016807700693021854,0.03765218367081719,0.004417308483381333,0.00018476199135465681,0.0009700938751038648,,,,,,,,
2099.3707834795323,0.03491658788458854,0.1314607780358504,0.00947747568680054,0.25974774913136384,0.030490367778073752,0.0016763746175629472,0.03750568952823522,0.0044045629581550266,0.00018424560561051132,0.0009647745438535461,,,,,,,,
2102.1740961340074,0.03483488658797657,0.13109906435517688,0.009454000486372979,0.2586603010636575,0.030403085732410854,0.0016719906605524334,0.037359765353493675,0.004391854208357456,0.0001837306630973836,0.0009594843801772939,,,,,,,,
2104.98115208238,0.034753376464164404,0.13073834592790676,0.00943058343276143,0.25757740565638304,0.030316053541244573,0.0016676181682102958,0.037214408929006515,0.004379182127878248,0.0001832171597816298,0.0009542232241400771,,,,,,,,
2107.7919563231076,0.03467205706582711,0.13037862001560568,0.00940722438193936,0.25649904384958183,0.03022927048933896,0.0016632571105548097,0.0370696180458161,0.004366546610913243,0.00018270509164088118,0.0009489909166838519,,,,,,,,
2110.6065138613294,0.03459092794668614,0.13001988388737318,0.009383923190236941,0.2554251966630874,0.03014273586350523,0.0016589074576826434,0.03692539050355878,0.0043539475519635195,0.00018219445466400946,0.0009437872996227243,,,,,,,,
2113.424829708863,0.03450998866150745,0.1296621348198235,0.009360679714340238,0.2543558451961974,0.030056448952596373,0.001654569179768679,0.03678172411043227,0.004341384845834582,0.00018168524485109798,0.000938612215638198,,,,,,,,
2116.246908884217,0.03442923876609874,0.12930537009706433,0.009337493811290298,0.2532909706273382,0.02997040904750111,0.0016502422470657896,0.03663861668316193,0.004328858387635472,0.0001811774582134096,0.0009334655082744001,,,,,,,,
2119.0727564126087,0.03434867781730691,0.12894958701067533,0.009314365338482235,0.2522305542137312,0.029884615441137904,0.0016459266299046367,0.03649606604696737,0.004316368072777842,0.00018067109077335355,0.0009283470219333467,,,,,,,,
2121.902377325956,0.034268305373016054,0.12859478285968937,0.009291294153664434,0.2511745772910688,0.029799067428449538,0.0016416222986934833,0.036354070035530046,0.004303913796975156,0.0001801661385644578,0.0009232566018702586,,,,,,,,
2124.735776662906,0.03418812099214451,0.12824095495057006,0.009268280114937586,0.2501230212731793,0.02971376430639688,0.0016373292239179667,0.03621262649095955,0.00429149545624175,0.0001796625976313346,0.0009181940941888596,,,,,,,,
2127.572959468824,0.03410812423464295,0.1278881005971932,0.0092453230807539,0.2490758676517062,0.02962870537395355,0.0016330473761409171,0.036071733263761625,0.004279112946892026,0.00017916046402965233,0.0009131593458367475,,,,,,,,
2130.4139307958217,0.03402831466149148,0.1275362171208245,0.00922242290991615,0.24803309799577603,0.029543889932099696,0.001628776726002139,0.035931388212804685,0.004266766165539532,0.0001786597338261019,0.00090815220460074,,,,,,,,
2133.2586957027484,0.03394869183469771,0.12718530185010116,0.009199579461576892,0.24699469395168053,0.029459317283816736,0.0016245172442182288,0.03579158920528814,0.004254455009096147,0.00017816040309836866,0.0009031725191023055,,,,,,,,
2136.107259255217,0.033869255317293866,0.1268353521210096,0.00917679259523751,0.24596063724254671,0.029374986734081118,0.0016202689015823524,0.035652334116709074,0.004242179374771168,0.000177662467935099,0.0008982201387929498,,,,,,,,
2138.959626525595,0.033790004673334866,0.1264863652768674,0.009154062170747433,0.24493090966802225,0.029290897589859158,0.0016160316689640636,0.03551362083083086,0.00422993916007051,0.00017716592443587235,0.0008932949139497028,,,,,,,,
2141.815802593034,0.03371093946789545,0.1261383386683008,0.009131388048303202,0.2439054931039482,0.029207049160100775,0.001611805517309088,0.03537544723965011,0.004217734262795786,0.00017667076871116796,0.0008883966956705538,,,,,,,,
2144.675792543457,0.03363205926706831,0.12579126965322687,0.009108770088447678,0.24288436950204662,0.029123440755734344,0.001607590417639144,0.03523781124336553,0.004205564581043532,0.0001761769968823372,0.0008835253358699873,,,,,,,,
2147.5396014695884,0.033553363637961166,0.12544515559683134,0.009086208152069116,0.24186752088959648,0.029040071689660548,0.0016033863410517212,0.03510071075034517,0.004193430013204267,0.00017568460508157028,0.0008786806872744704,,,,,,,,
2150.4072344709452,0.03347485214869486,0.12509999387155044,0.009063702100400358,0.24085492936912287,0.028956941276747153,0.0015991932587198973,0.034964143677095307,0.00418133045796172,0.00017519358945186872,0.0008738626034180281,,,,,,,,
2153.2786966538547,0.0333965243684008,0.12475578185705001,0.009041251795018003,0.23984657711807972,0.028874048833823183,0.0015950111418921425,0.03482810794822854,0.004169265814291949,0.00017470394614701331,0.0008690709386378076,,,,,,,,
2156.153993131469,0.033318379867218376,0.12441251694020507,0.009018857097841428,0.23884244638853364,0.02879139367967314,0.0015908399618921039,0.03469260149643189,0.004157235981462489,0.00017421567133153404,0.0008643055480696568,,,,,,,,
2159.0331290237596,0.03324041821629305,0.12407019651508155,0.008996517871132132,0.23784251950685692,0.02870897513503181,0.0015866796901184365,0.03455762226243613,0.004145240859031546,0.00017372876118068172,0.0008595662876437779,,,,,,,,
2161.916109457543,0.03316263898777352,0.12372881798291469,0.008974233977492682,0.23684677887341055,0.02862679252257823,0.001582530298044574,0.03442316819498371,0.004133280346847109,0.0001732432118803954,0.0008548530140803351,,,,,,,,
2164.8029395664726,0.03308504175480988,0.1233883787520912,0.008952005279866079,0.23585520696224027,0.028544845166930562,0.001578391757218569,0.034289237250798285,0.004121354345046172,0.0001727590196272754,0.0008501655848851591,,,,,,,,
2167.6936244910657,0.03300762609155074,0.12304887623812752,0.008929831641534693,0.23486778632076227,0.028463132394640087,0.0015742640392628652,0.03415582739455298,0.004109462754053835,0.00017227618062855063,0.0008455038583454045,,,,,,,,
2170.5881693786955,0.03293039157314142,0.1227103078636524,0.008907712926119653,0.2338844995694618,0.028381653534186178,0.001570147115874132,0.034022936598840176,0.004097605474582552,0.00017179469110205171,0.000840867693525296,,,,,,,,
2173.4865793836175,0.032853337775721095,0.12237267105838512,0.008885648997579773,0.23290532940158154,0.028300407915970233,0.0015660409588230389,0.033890562844139965,0.004085782407631211,0.0001713145472761785,0.0008362569502618427,,,,,,,,
2176.3888596669594,0.032776464276421,0.12203596325911813,0.008863639720210953,0.23193025858282285,0.0282193948723107,0.0015619455399540963,0.033758704118790214,0.004073993454484393,0.00017083574538987343,0.0008316714891606217,,,,,,,,
2179.2950153967518,0.0326997706533616,0.12170018190969549,0.008841684958645115,0.2309592699510362,0.028138613737437104,0.0015578608311854307,0.03362735841895518,0.00406223851671147,0.00017035828169258916,0.0008271111715915437,,,,,,,,
2182.2050517479174,0.032623256485650634,0.1213653244609953,0.008819784577849543,0.22999234641592486,0.02805806384748499,0.0015537868045086183,0.03349652374859582,0.0040505174961658575,0.00016988215244426172,0.0008225758596846787,,,,,,,,
2185.1189739022902,0.03254692135338076,0.12103138837090956,0.008797938443126012,0.22902947095874135,0.027977744540490283,0.001549723431988476,0.03336619811943908,0.00403883029498415,0.00016940735391528027,0.0008180654163260844,,,,,,,,
2188.03678704863,0.032470764837626974,0.12069837110432405,0.008776146420109847,0.22807062663198596,0.02789765515638368,0.0015456706857628708,0.033236379550947506,0.0040271768155852915,0.00016893388238645626,0.0008135797051536451,,,,,,,,
2190.958496382616,0.03239478652044474,0.12036627013310101,0.008754408374769299,0.22711579655911368,0.02781779503698564,0.001541628538042544,0.033107066070289674,0.004015556960669814,0.0001684617341489976,0.0008091185905529751,,,,,,,,
2193.884107106875,0.03231898598486724,0.12003508293605775,0.008732724173404496,0.2261649639342308,0.027738163526000486,0.0015375969611108975,0.032978255712309536,0.004003970633218956,0.0001679909055044763,0.0008046819376532942,,,,,,,,
2196.813624430971,0.032243362814903566,0.11970480699894964,0.008711093682646847,0.22521811202180567,0.027658759969011504,0.0015335759273238294,0.03284994651949732,0.0039924177364939395,0.00016752139276480235,0.0008002696123233713,,,,,,,,
2199.7470535714333,0.032167916595535945,0.11937543981444895,0.008689516769457993,0.22427522415636778,0.027579583713475075,0.0015295654091095144,0.032722136541958935,0.003980898174035063,0.0001670531922521921,0.0007958814811674497,,,,,,,,
2202.6843997517494,0.03209264691271789,0.11904697888212794,0.008667993301129218,0.2233362837422204,0.02750063410871582,0.0015255653789682483,0.03259482383738727,0.003969411849660986,0.0001665863002991422,0.0007915174115212328,,,,,,,,
2205.625668202389,0.032017553353371614,0.11871942170843763,0.008646523145280407,0.2224012742531428,0.027421910505920733,0.001521575809472229,0.03246800647103172,0.003957958667467845,0.00016612071324839813,0.0007871772714478555,,,,,,,,
2208.5708641607985,0.031942635505386015,0.1183927658066912,0.008625106169859452,0.2214701792321049,0.027343412258134334,0.0015175966732653957,0.03234168251566967,0.003946538531828543,0.00016565642745292825,0.0007828609297339139,,,,,,,,
2211.5199928714255,0.03186789295761411,0.11806700869704279,0.008603742243141222,0.2205429822909722,0.02726513872025291,0.0015136279430632102,0.0322158500515764,0.003935151347391855,0.00016519343927589265,0.0007785682558854762,,,,,,,,
2214.473059585713,0.03179332529987119,0.11774214790647093,0.008582431233726972,0.21961966711022263,0.02718708924901965,0.0015096695916525045,0.032090507166496675,0.003923797019081715,0.00016473174509061713,0.0007742991201241653,,,,,,,,
2217.430069562124,0.03171893212293208,0.11741818096875757,0.008561173010543318,0.21870021743865403,0.02710926320301891,0.0015057215918912632,0.03196565195561497,0.003912475452096353,0.00016427134128056244,0.0007700533933832038,,,,,,,,
2220.3910280661376,0.031644713018529384,0.11709510542447128,0.008539967442841623,0.21778461709310293,0.027031659942671336,0.0015017839167084618,0.03184128252152711,0.003901186551907556,0.00016381222423929765,0.000765830947303541,,,,,,,,
2223.3559403702634,0.031570667579350925,0.1167729188209477,0.008518814400197076,0.21687284995815737,0.026954278830228447,0.0014978565391038652,0.031717396974211214,0.0038899302242598735,0.00016335439037047178,0.0007616316542299563,,,,,,,,
2226.324811754058,0.03149679539903748,0.1164516187122702,0.008497713752507902,0.21596489998587148,0.026877119229767217,0.0014939394321478439,0.03159399343099865,0.0038787063751697767,0.000162897836087784,0.0007574553872071966,,,,,,,,
2229.2976475041187,0.03142309607218088,0.11613120265925311,0.008476665369994614,0.2150607511954877,0.02680018050718524,0.0014900325689812036,0.03147107001654609,0.0038675149109249516,0.00016244255781495812,0.0007533020199761551,,,,,,,,
2232.2744529141123,0.031349569194321344,0.11581166822942113,0.00845566912319915,0.21416038767315004,0.02672346203019507,0.0014861359228149798,0.031348624862806325,0.0038563557380834404,0.0001619885519857118,0.0007491714269700308,,,,,,,,
2235.255233284764,0.03127621436194572,0.11549301299699295,0.008434724882984143,0.21326379357162958,0.026646963168319496,0.0014822494669302728,0.031226656109000512,0.003845228763472943,0.00016153581504373132,0.0007450634833105598,,,,,,,,
2238.2399939238862,0.031203031172484786,0.11517523454286074,0.008413832520532058,0.2123709531100397,0.026570683292885887,0.0014783731746780488,0.031105161901589223,0.003834133894189952,0.00016108434344264108,0.0007409780648042101,,,,,,,,
2241.228740146371,0.03113001922431155,0.11485833045457389,0.008392991907344466,0.2114818505735643,0.026494621777021464,0.0014745070194789756,0.030984140394245015,0.0038230710375990553,0.0001606341336459785,0.000736915047938457,,,,,,,,
2244.2214772742145,0.031057178116738547,0.11454229832631856,0.00837220291524119,0.2105964703131754,0.026418777995647735,0.0014706509748232195,0.0308635897478236,0.003812040101332096,0.00016018518212716358,0.0007328743098780191,,,,,,,,
2247.218210636513,0.03098450745001607,0.11422713575890155,0.008351465416359581,0.2097147967453632,0.026343151325475777,0.0014668050142702805,0.030743508130336696,0.003801040993287459,0.00015973748536947396,0.0007288557284611747,,,,,,,,
2250.218945569485,0.030912006825329644,0.11391284035973001,0.008330779283153669,0.20883681435185644,0.02626774114500069,0.0014629691114487978,0.03062389371692337,0.0037900736216292578,0.0001592910398660148,0.0007248591821960391,,,,,,,,
2253.2236874164682,0.030839675844798114,0.1135994097427953,0.008310144388393434,0.20796250767935465,0.026192546834496903,0.0014591432400563851,0.030504744689823098,0.003779137894786603,0.00015884584211969403,0.0007208845502569178,,,,,,,,
2256.232441527942,0.030767514111471155,0.1132868415286529,0.008289560605163974,0.20709186133925075,0.026117567776012676,0.0014553273738594304,0.030386059238347377,0.003768233721452795,0.0001584018886431917,0.0007169317124806326,,,,,,,,
2259.245213261525,0.03069552122932742,0.11297513334440601,0.008269027806864766,0.20622486000736484,0.026042803353365382,0.0014515214866929306,0.030267835558852863,0.0037573610105846042,0.00015795917595893592,0.0007130005493629032,,,,,,,,
2262.262007981989,0.030623696803272225,0.11266428282368689,0.008248545867208875,0.20536148842367266,0.02596825295213628,0.001447725552460313,0.030150071854713717,0.0037465196714015067,0.00015751770059907398,0.0007090909420547326,,,,,,,,
2265.282831061277,0.03055204043913519,0.11235428760663807,0.008228114660222144,0.20450173139203484,0.025893915959665302,0.0014439395451332395,0.030032766336293957,0.0037357096133848774,0.00015707745910544446,0.0007052027723587983,,,,,,,,
2268.3076878784964,0.030480551743668444,0.11204514533989625,0.00820773406024248,0.203645573779934,0.025819791765046438,0.0014401634387514542,0.02991591722092096,0.0037249307462773056,0.0001566384480295523,0.0007013359227259056,,,,,,,,
2271.336583819945,0.03040923032454413,0.11173685367657235,0.00818740394191902,0.20279300051820343,0.02574587975912221,0.0014363972074225742,0.029799522732857606,0.003714182980081774,0.0001562006639325392,0.0006974902762514059,,,,,,,,
2274.3695242791055,0.03033807579035255,0.1114294102762358,0.008167124180211413,0.20194399660076673,0.025672179334479146,0.0014326408253219451,0.029683581103276034,0.0037034662250609663,0.00015576410338515945,0.0006936657166716867,,,,,,,,
2277.4065146566704,0.030267087750599667,0.11112281280489468,0.008146894650389001,0.20109854708436875,0.02559868988544236,0.0014288942666924344,0.02956809057023008,0.003692780391736472,0.0001553287629677502,0.0006898621283606365,,,,,,,,
2280.447560360536,0.0301962658157054,0.11081705893498,0.008126715228030107,0.20025663708831776,0.025525410808070973,0.00142515750584428,0.02945304937862913,0.0036821253908880767,0.00015489463927020747,0.000686079396326167,,,,,,,,
2283.4926668058274,0.030125609597000995,0.11051214634532622,0.008106585789021205,0.19941825179421804,0.025452341500152752,0.0014214305171548916,0.0293384557802108,0.0036715011335529714,0.0001544617288919568,0.0006823174062067193,,,,,,,,
2286.5418394148924,0.030055118706727394,0.11020807272115521,0.008086506209556229,0.19858337644571472,0.025379481361199573,0.0014177132750686934,0.029224308033515053,0.003660907531025068,0.00015403002844192927,0.0006785760442678232,,,,,,,,
2289.595083617329,0.029984792758032612,0.10990483575405724,0.008066476366135738,0.19775199634822851,0.025306829792442066,0.0014140057540969336,0.02911060440385706,0.0036503444948541926,0.0001535995345385319,0.0006748551973986427,,,,,,,,
2292.652404849974,0.029914631364970096,0.10960243314197488,0.008046496135566227,0.19692409686870233,0.02523438619682511,0.001410307928817527,0.028997343163301496,0.0036398119368454243,0.00015317024380962453,0.0006711547531085728,,,,,,,,
2295.713808556937,0.029844634142496145,0.10930086258918405,0.008026565394959299,0.1960996634353387,0.025162149979002513,0.0014066197738748607,0.0288845225906356,0.003629309769058274,0.0001527421528924902,0.0006674745995238192,,,,,,,,
2298.7793001895866,0.02977480070646816,0.10900012180627787,0.008006684021730964,0.19527868153734754,0.02509012054533247,0.0014029412639796348,0.02877214097134364,0.0036188379038060155,0.00015231525843381136,0.0006638146253840372,,,,,,,,
2301.848885206572,0.029705130673642437,0.10870020851014892,0.0079868518936009,0.19446113672468923,0.025018297303872585,0.001399272373908689,0.028660196597580564,0.003608396253654941,0.00015188955708964245,0.0006601747200389551,,,,,,,,
2304.9225690738394,0.029635623661671835,0.1084011204239709,0.00796706888859158,0.1936470146078178,0.024946679664374763,0.0013956130785048144,0.02854868776814586,0.003597984731423588,0.00015146504552538296,0.0006565547734450262,,,,,,,,
2308.0003572646233,0.0295662792891041,0.10810285527718319,0.007947334885027711,0.1928363008574327,0.02487526703828078,0.0013919633526766056,0.028437612788458206,0.0035876032501820773,0.00015104172041575334,0.0006529546761621151,,,,,,,,
2311.0822552594755,0.029497097175379298,0.10780541080547171,0.007927649761535286,0.19202898120422118,0.02480405883871702,0.0013883231713982581,0.028326969970529105,0.0035772517232513226,0.00015061957844476653,0.0006493743193501737,,,,,,,,
2314.1682685462583,0.029428076940828215,0.10750878475075343,0.00790801339704103,0.1912250414386121,0.024733054480490062,0.0013846925097094297,0.028216757632937885,0.0035669300642023646,0.00015019861630570446,0.0006458135947659664,,,,,,,,
2317.2584026201703,0.029359218206669792,0.10721297486115765,0.007888425670771464,0.19042446741052121,0.024662253380081458,0.0013810713427150404,0.02810697410080546,0.003556638186855605,0.0001497788307010897,0.0006422723947597793,,,,,,,,
2320.352662983738,0.029290520595009476,0.10691797889101047,0.007868886462252353,0.18962724502910663,0.02459165495564336,0.0013774596455851263,0.027997617705769615,0.003546376005280122,0.00014936021834266217,0.0006387506122721881,,,,,,,,
2323.4510551468466,0.02922198372883676,0.10662379460081617,0.007849395651307777,0.18883336026251618,0.02452125862699331,0.0013738573935546427,0.027888686785958888,0.0035361434337929107,0.0001489427759513504,0.0006352481408307965,,,,,,,,
2326.5535846267276,0.029153607232023517,0.10633041975724174,0.00782995311805958,0.18804279913764535,0.02445106381560989,0.001370264561923324,0.02778017968596804,0.003525940386958221,0.00014852650025724923,0.0006317648745470425,,,,,,,,
2329.66025694799,0.02908539072932149,0.10603785213309844,0.007810558742926441,0.1872555477398861,0.024381069944627572,0.0013666811260554868,0.027672094756832227,0.003515766779586783,0.00014811138799959098,0.0006283007081129718,,,,,,,,
2332.771077642613,0.029017333846360648,0.10574608950732614,0.007791212406623319,0.1864715922128867,0.024311276438832293,0.0013631070613798833,0.027564430356002503,0.003505622526735162,0.0001476974359267224,0.0006248555367980773,,,,,,,,
2335.8860522499617,0.028949436209646937,0.10545512966497608,0.007771913990160607,0.18569091875830565,0.02424168272465665,0.0013595423433895187,0.02745718484732062,0.003495507543705003,0.0001472846407960781,0.0006214292564461204,,,,,,,,
2339.005186316806,0.028881697446560092,0.1051649703971932,0.007752663374843384,0.1849135136355673,0.024172288230174956,0.0013559869476414837,0.027350356600993952,0.00348542174604232,0.0001468729993741544,0.0006180217634719761,,,,,,,,
2342.1284853973125,0.028814117185351918,0.10487560950120095,0.007733460442270816,0.18413936316162383,0.02410309238509892,0.0013524408497567995,0.027243943993571235,0.0034753650495368323,0.00014646250843648604,0.0006146329548585219,,,,,,,,
2345.2559550530746,0.028746695055143896,0.10458704478028291,0.0077143050743352475,0.18336845371071006,0.024034094620772592,0.0013489040254202334,0.02713794540791728,0.003465337370221217,0.0001460531647676185,0.000611262728153498,,,,,,,,
2348.3876008531015,0.028679430685925537,0.10429927404376767,0.007695197153221664,0.1826007717141082,0.02396529437016803,0.0013453764503801458,0.027032359233189043,0.0034553386243704465,0.0001456449651610852,0.000607910981466435,,,,,,,,
2351.523428373849,0.028612323708551914,0.10401229510701068,0.007676136561406777,0.18183630365990408,0.0238966910678803,0.001341858100448313,0.026927183864810522,0.003445368728501043,0.00014523790641938014,0.0006045776134655488,,,,,,,,
2354.6634431992097,0.02854537375474208,0.10372610579137923,0.007657123181658492,0.18107503609275444,0.023828284150123186,0.0013383489514997762,0.02682241770444897,0.003435427599370439,0.00014483198535393497,0.000601262523374702,,,,,,,,
2357.8076509205416,0.028478580457076613,0.10344070392423427,0.007638156897034998,0.18031695561364514,0.02376007305472418,0.0013348489794726569,0.026718059159989985,0.00342551515397622,0.00014442719878509193,0.0005979656109703327,,,,,,,,
2360.956057136659,0.028411943448996037,0.10315608733891565,0.0076192375908842366,0.17956204887965999,0.023692057221120246,0.0013313581603680085,0.02661410664551397,0.0034156313095555,0.00014402354354208123,0.0005946867765784466,,,,,,,,
2364.1086674538637,0.02834546236479837,0.10287225387472383,0.007600365146842996,0.17881030260374148,0.023624236090352833,0.001327876470249639,0.026510558581271364,0.003405775983584157,0.00014362101646299335,0.0005914259210715851,,,,,,,,
2367.265487485932,0.02827913683963752,0.10258920137690537,0.007581539448836384,0.1780617035544612,0.023556609105063662,0.0013244038852439615,0.02640741339365932,0.003395949093776212,0.00014321961439475758,0.0005881829458658444,,,,,,,,
2370.426522854147,0.028212966509520956,0.10230692769663469,0.007562760381076927,0.1773162385557827,0.023489175709489746,0.0013209403815398135,0.026304669515197096,0.003386150558083079,0.00014281933419311424,0.0005849577529178797,,,,,,,,
2373.5917791872907,0.02814695101130793,0.10202543069099941,0.007544027828064026,0.17657389448683344,0.023421935349459216,0.0013174859353883052,0.02620232538450282,0.003376380294692943,0.00014242017272259237,0.0005817502447219542,,,,,,,,
2376.761262121661,0.028081089982707468,0.10174470822298329,0.0075253416745831424,0.17583465828167202,0.02335488747238654,0.0013140405231026578,0.02610037944626953,0.003366638222030035,0.00014202212685648422,0.0005785603243069877,,,,,,,,
2379.9349773010886,0.028015383062276123,0.10146475816144951,0.007506701805705101,0.17509851692905667,0.0232880315272679,0.0013106041210580277,0.025998830151241274,0.003356924258753944,0.00014162519347681992,0.0005753878952336147,,,,,,,,
2383.1129303769326,0.027949829889416432,0.10118557838112584,0.0074881081067854315,0.17436545747222015,0.023221366964676967,0.0013071767056913638,0.02589767595619018,0.003347238323758984,0.00014122936947434507,0.0005722328615912862,,,,,,,,
2386.2951270081066,0.027884430104374473,0.10090716676258693,0.0074695604634636,0.17363546700863716,0.02315489323676002,0.0013037582535012269,0.025796915323892288,0.003337580336173456,0.0001408346517484941,0.0005690951279953535,,,,,,,,
2389.481572861071,0.027819183348238276,0.10062952119223989,0.00745105876166237,0.17290853268980177,0.023088609797231825,0.0013003487410476436,0.025696546723104882,0.0033279502153590436,0.00014044103720736823,0.0005659745995841996,,,,,,,,
2392.6722736098636,0.027754089262935575,0.10035263956230642,0.007432602887587037,0.1721846417209968,0.023022516101370755,0.0012969481449519329,0.02559656862854256,0.003318347880910062,0.00014004852276770902,0.0005628711820163559,,,,,,,,
2395.8672349360877,0.027689147491232073,0.10007651977080873,0.0074141927277247876,0.17146378136107313,0.022956611606014695,0.0012935564418965618,0.02549697952085469,0.0033087732526528584,0.00013965710535487663,0.0005597847814676656,,,,,,,,
2399.0664625289437,0.0276243576767292,0.09980115972155167,0.0073958281688439485,0.17074593892222076,0.02289089576955621,0.0012901736086249665,0.025397777886601726,0.0032992262506450773,0.00013926678190282285,0.0005567153046284319,,,,,,,,
2402.2699620852186,0.027559719463862535,0.09952655732410863,0.007377509097993341,0.17003110176975028,0.022825368051938456,0.0012867996219414091,0.025298962218232777,0.0032897067951750646,0.00013887754935407021,0.0005536626587006123,,,,,,,,
2405.4777393093173,0.027495232497899418,0.09925271049380407,0.007359235402501532,0.1693192573218659,0.02276002791465037,0.001283434458710805,0.025200531014062107,0.0032802148067611245,0.00013848940465968529,0.0005506267513949963,,,,,,,,
2408.6897999132507,0.027430896424937446,0.09897961715169903,0.007341006969976199,0.1686103930494482,0.02269487482072266,0.0012800780958585807,0.02510248277824692,0.003270750206150926,0.00013810234477925712,0.0005476074909284346,,,,,,,,
2411.906149616668,0.027366710891902093,0.09870727522457412,0.0073228236883033804,0.1679044964758296,0.022629908234722936,0.0012767305103704963,0.025004816020764056,0.003261312914320781,0.00013771636668087115,0.0005446047860210431,,,,,,,,
2415.126794146847,0.027302675546545176,0.09843568264491491,0.007304685445646837,0.16720155517657834,0.0225651276227517,0.0012733916792925023,0.024907529257387807,0.003251902852475033,0.00013733146734108752,0.000541618545893463,,,,,,,,
2418.351739238715,0.027238790037442687,0.09816483735089583,0.007286592130447341,0.16650155677927822,0.022500532452437803,0.0012700615797305798,0.024810621009667192,0.0032425199420453854,0.00013694764374491648,0.0005386486802641051,,,,,,,,
2421.580990634863,0.027175054013992797,0.09789473728636361,0.007268543631421968,0.16580448896330924,0.022436122192933918,0.0012667401888505731,0.024714089804903243,0.003233164104690213,0.00013656489288579394,0.0005356950993464181,,,,,,,,
2424.814554085542,0.027111467126414258,0.09762538040082348,0.0072505398375634685,0.1651103394596344,0.022371896314912525,0.0012634274838780521,0.024617934176127138,0.0032238352622939617,0.00013618321176555982,0.0005327577138461863,,,,,,,,
2428.05243534869,0.027048029025744047,0.0973567646494217,0.007232580638139519,0.16441909605057972,0.02230785429056117,0.001260123442098131,0.02452215266207736,0.0032145333369664407,0.00013580259739443253,0.0005298364349588131,,,,,,,,
2431.2946401899235,0.026984739363835903,0.09708888799293176,0.0072146659226921045,0.16373074656962308,0.022243995593578505,0.0012568280408553408,0.024426743807178016,0.0032052582510422364,0.00013542304679098764,0.0005269311743666565,,,,,,,,
2434.5411743825684,0.02692159779335798,0.09682174839773731,0.00719679558103678,0.16304527890117626,0.022180319699169598,0.0012535412575534483,0.024331706161516163,0.003196009927079991,0.00013504455698213198,0.0005240418442363368,,,,,,,,
2437.7920437076505,0.02685860396779136,0.09655534383581817,0.0071789695032620495,0.16236268098037557,0.02211682608404198,0.0012502630696553242,0.02423703828082037,0.003186788287861823,0.0001346671250030833,0.0005211683572161034,,,,,,,,
2441.0472539539237,0.026795757541427746,0.09628967228473352,0.007161187579728634,0.1616829407928655,0.02205351422640097,0.0012469934546827626,0.02414273872643816,0.003177593256392627,0.00013429074789734425,0.0005183106264331722,,,,,,,,
2444.3068109178625,0.026733058169367944,0.09602473172760809,0.007143449701068854,0.16100604637459143,0.021990383605945803,0.0012437323902163555,0.024048806065314735,0.0031684247558994767,0.0001339154227166816,0.0005154685654911206,,,,,,,,
2447.570720403691,0.026670505507519603,0.09576052015311529,0.007125755758185897,0.16033198581158464,0.02192743370386491,0.0012404798538953137,0.023955238869970655,0.003159282709830949,0.00013354114652110104,0.0005126420884672549,,,,,,,,
2450.8389882233746,0.026608099212595725,0.09549703555546328,0.00710810564225321,0.1596607472397572,0.021864664002832074,0.0012372358234173356,0.02386203571848067,0.0031501670418565154,0.00013316791637882615,0.0005098311099100312,,,,,,,,
2454.111620196649,0.026545838942112356,0.09523427593437855,0.007090499244713764,0.15899231884468862,0.0218020739870018,0.0012340002765384294,0.023769195194451552,0.003141077675865864,0.0001327957293662734,0.0005070355448364566,,,,,,,,
2457.3886221510124,0.02648372435438708,0.09497223929509185,0.007072936457279439,0.15832668886142165,0.0217396631420054,0.001230773191072786,0.02367671588700109,0.0031320145359683073,0.00013242458256803116,0.0005042553087295307,,,,,,,,
2460.6699999217462,0.026421755108536945,0.09471092364832254,0.007055417171930365,0.15766384557425378,0.021677430954946605,0.0012275545448926142,0.023584596390736408,0.0031229775464921374,0.00013205447307683586,0.0005014903175356889,,,,,,,,
2463.955759351931,0.026359930864476553,0.09445032701026292,0.007037941280914161,0.15700377731652923,0.02161537691439725,0.0012243443159279837,0.023492835305732443,0.0031139666319839584,0.0001316853979935487,0.0004987404876622503,,,,,,,,
2467.2459062924395,0.026298251282916404,0.09419044740256438,0.007020508676745427,0.1563464724704375,0.021553500510393366,0.0012211424821666863,0.023401431237511094,0.0031049817172081134,0.00013131735442713458,0.0004960057359749098,,,,,,,,
2470.5404466019663,0.026236716025360728,0.0939312828523211,0.007003119252204914,0.15569191946680466,0.02149180123443063,0.0012179490216540727,0.02331038279701952,0.0030960227271460013,0.00013095033949463755,0.0004932859797952038,,,,,,,,
2473.8393861470204,0.026175324754106007,0.09367283139205639,0.006985772900339035,0.15504010678489363,0.021430278579460543,0.001214763912492917,0.023219688600609568,0.0030870895869955003,0.0001305843503211598,0.0004905811368980293,,,,,,,,
2477.1427308019533,0.026114077132238702,0.09341509105970637,0.006968469514459037,0.15439102295219764,0.021368932039885907,0.0012115871328432486,0.02312934727001622,0.0030781822221703026,0.00013021938403983785,0.0004878911255091427,,,,,,,,
2480.450486448952,0.026052972823633835,0.09315805989860641,0.006951208988140512,0.1537446565442421,0.021307761111557064,0.0012084186609222184,0.02303935743233716,0.0030693005582993252,0.00012985543779182163,0.0004852158643027006,,,,,,,,
2483.762658978066,0.025992011492952702,0.09290173595747496,0.0069339912152225755,0.15310099618437972,0.02124676529176732,0.0012052584750039351,0.022949717720011368,0.0030604445212260496,0.00012949250872625019,0.0004825552723987888,,,,,,,,
2487.079254287202,0.025931192805641483,0.09264611729040016,0.006916816089807384,0.15246003054359406,0.021185944079249234,0.0012021065534193337,0.02286042677079892,0.0030516140370079516,0.0001291305940002313,0.00047990926936098983,,,,,,,,
2490.4002782821512,0.025870516427928973,0.09239120195682357,0.006899683506259311,0.15182174834029624,0.02112529697417011,0.0011989628745560064,0.02277148322775968,0.003042809031915829,0.00012876969077881733,0.00047727777519393646,,,,,,,,
2493.7257368765804,0.025809982026825124,0.09213698802152695,0.006882593359204469,0.15118613834013045,0.021064823478128266,0.0011958274168580756,0.022682885739233317,0.0030340294324332495,0.00012840979623498488,0.00047466071034091083,,,,,,,,
2497.0556359920643,0.02574958927011892,0.09188347355461594,0.006865545543529893,0.150553189355772,0.021004523094148565,0.0011927001588260225,0.022594632958818105,0.0030252751652558685,0.0001280509075496108,0.00047205799568141976,,,,,,,,
2500.389981558076,0.02568933782637677,0.09163065663150698,0.006848539954383045,0.14992289024673416,0.02094439532667865,0.0011895810790165636,0.02250672354535102,0.003016546157290868,0.00012769302191145167,0.0004694695525288206,,,,,,,,
2503.7287795120073,0.025629227364940634,0.09137853533291192,0.006831576487171072,0.14929522991917032,0.02088443968158474,0.0011864701560424908,0.02241915616288713,0.0030078423356563392,0.00012733613651712123,0.0004668953026279325,,,,,,,,
2507.0720357991845,0.02556925755592603,0.09112710774482304,0.006814655037560184,0.14867019732567746,0.02082465566614744,0.0011833673685725209,0.022331929480679066,0.002999163627680637,0.00012698024857106752,0.00046433516815266857,,,,,,,,
2510.419756372864,0.025509428070220563,0.09087637195849957,0.006797775501475049,0.14804778146510514,0.020765042789057976,0.0011802726953311611,0.022245042173157346,0.002990509960901826,0.00012662535528555288,0.00046178907170369284,,,,,,,,
2513.771947194261,0.025449738579481747,0.09062632607045205,0.006780937775098069,0.14742797138235772,0.020705600560413838,0.0011771861150985511,0.02215849291990959,0.0029818812630670265,0.0001262714538806297,0.00045925693630606844,,,,,,,,
2517.128614232541,0.025390188756135534,0.09037696818242918,0.006764141754868877,0.1468107561682057,0.0206463284917151,0.0011741076067103317,0.02207228040566107,0.0029732774621318552,0.00012591854158412134,0.0004567386854069427,,,,,,,,
2520.48976346485,0.025330778273374245,0.09012829640140191,0.006747387337483533,0.14619612495908985,0.020587226095860032,0.0011710371490574831,0.021986403320254137,0.002964698486259787,0.0001255666156315978,0.0004542342428732189,,,,,,,,
2523.855400876306,0.025271506805155025,0.08988030883955064,0.006730674419894059,0.14558406693693343,0.02052829288714146,0.0011679747210861949,0.021900860358628878,0.002956144263821588,0.00012521567326635646,0.00045174353298927094,,,,,,,,
2527.2255324600274,0.025212374026197762,0.08963300361424925,0.006714002899307637,0.1449745713289486,0.020469528381242434,0.0011649203017977088,0.021815650220802753,0.002947614723394677,0.00012486571173939818,0.00044926648045463623,,,,,,,,
2530.600164217127,0.025153379611983665,0.0893863788480525,0.006697372673186148,0.14436762740745,0.020410932095232585,0.0011618738702481905,0.021730771611851336,0.002939109793762578,0.00012451672830940803,0.0004468030103817576,,,,,,,,
2533.9793021567402,0.025094523238753077,0.08914043266868017,0.006680783639245369,0.1437632244896626,0.02035250354756381,0.0011588354055485672,0.02164622324188813,0.0029306294039142733,0.00012416872024273163,0.0004443530482937008,,,,,,,,
2537.3629522960196,0.025035804583504073,0.08889516320900413,0.006664235695454499,0.14316135193753676,0.020294242258066624,0.0011558048868643988,0.021562003826045426,0.002922173483043664,0.00012382168481335558,0.00044191652012191953,,,,,,,,
2540.7511206601507,0.02497722332399048,0.08865056860703374,0.006647728740035433,0.14256199915755954,0.02023614774794608,0.0011527822934157333,0.02147811208445457,0.002913741960548943,0.00012347561930288535,0.0004394933522040073,,,,,,,,
2544.1438132823746,0.024918779138720037,0.08840664700590088,0.006631262671462153,0.14196515560056708,0.020178219539777702,0.0011497676044769525,0.021394546742226347,0.0029053347660320016,0.00012313052100052318,0.00043708347128146644,,,,,,,,
2547.541036203977,0.024860471706952936,0.0881633965538475,0.006614837388460143,0.14137081076156177,0.020120457157503872,0.0011467607993766496,0.02131130652943202,0.0028969518292978735,0.0001227863872030488,0.0004346868044975074,,,,,,,,
2550.9427954743205,0.02480230070869965,0.08792081540420985,0.006598452790005709,0.14077895417952416,0.02006286012642955,0.001143761857497464,0.02122839018108353,0.002888593080354117,0.00012244321521479568,0.0004323032793948284,,,,,,,,
2554.3490971508363,0.024744265824719617,0.08767890171540606,0.006582108775325416,0.14018957543723207,0.020005427973218772,0.0011407707582759645,0.021145796437114794,0.0028802584494102583,0.00012210100234763275,0.0004299328239134429,,,,,,,,
2557.759947299054,0.02468636673651905,0.08743765365092047,0.006565805243895414,0.13960266416107384,0.019948160225890344,0.001137787481202486,0.021063524042362055,0.0028719478668771726,0.00012175974592094072,0.00042757536638848316,,,,,,,,
2561.175351992592,0.024628603126349614,0.08719706937929152,0.00654954209544087,0.1390182100208694,0.019891056413814355,0.0011348120058210095,0.020981571746545285,0.0028636612633665495,0.00012141944326159336,0.00042523083554805134,,,,,,,,
2564.5953173131893,0.02457097467720628,0.08695714707409603,0.006533319229935298,0.13843620272968454,0.019834116067707953,0.001131844311728999,0.020899938304248692,0.002855398569690262,0.00012108009170393443,0.00042289916051104767,,,,,,,,
2568.019849350696,0.024513481072825933,0.08671788491393707,0.006517136547600004,0.1378566320436538,0.01977733871963182,0.0011288843785772862,0.020818622474902314,0.0028471597168598472,0.00012074168858975886,0.0004205802707850427,,,,,,,,
2571.448954203104,0.02445612199768537,0.08647928108242837,0.00650099394890341,0.13727948776179644,0.019720723902986022,0.0011259321860699087,0.02073762302276264,0.0028389446360858684,0.00012040423126828994,0.00041827409626413376,,,,,,,,
2574.8826379765374,0.02439889713699979,0.08624133376818233,0.006484891334560499,0.13670475972584037,0.019664271152506456,0.0011229877139639912,0.020656938716894335,0.002830753258777396,0.00012006771709616052,0.000415980567226836,,,,,,,,
2578.3209067852845,0.024341806176720805,0.08600404116479457,0.006468828605532152,0.13613243782003992,0.01960798000426074,0.0011200509420695836,0.020576568331151072,0.0028225855165413837,0.00011973214343739031,0.0004136996143339646,,,,,,,,
2581.7637667517906,0.02428484880353501,0.08576740147083159,0.006452805663024585,0.13556251197100086,0.019551849995644677,0.0011171218502495461,0.02049651064415727,0.0028144413411821507,0.00011939750766336701,0.0004114311686265466,,,,,,,,
2585.2112240066754,0.02422802470486212,0.08553141288981654,0.00643682240848872,0.13499497214750186,0.01949588066537831,0.0011142004184193988,0.020416764439289397,0.0028063206647007764,0.00011906380715282495,0.00040917516152373467,,,,,,,,
2588.663284688754,0.02417133356885312,0.08529607363021495,0.006420878743619561,0.13442980836031637,0.01944007155350203,0.0011112866265471798,0.020337328504657273,0.0027982234192945265,0.00011873103929182389,0.00040693152482072553,,,,,,,,
2592.119954945027,0.024114775084388838,0.08506138190542253,0.006404974570355634,0.13386701066204015,0.019384422201373097,0.00110838045465332,0.020258201633086077,0.0027901495373563257,0.0001183992014737299,0.0004047001906867112,,,,,,,,
2595.581240930715,0.024058348941077983,0.08482733593375014,0.006389109790878331,0.13330656914691252,0.019328932151661496,0.001105481882810493,0.020179382622097564,0.002782098951474143,0.00011806829109919359,0.00040248109166281595,,,,,,,,
2599.0471488092453,0.024002054829255652,0.08459393393841162,0.006373284307611363,0.13274847395064557,0.01927360094834654,0.0011025908911434941,0.020100870273892204,0.0027740715944304883,0.00011773830557613128,0.0004002741606600674,,,,,,,,
2602.517684752288,0.02394589243998138,0.08436117414750885,0.006357498023220105,0.13219271525024698,0.019218428136712797,0.0010997074598290855,0.020022663395330532,0.0027660673992017846,0.00011740924231970288,0.0003980793309573583,,,,,,,,
2605.9928549397423,0.023889861465037784,0.0841290547940199,0.006341750840611052,0.1316392832638507,0.019163413263346658,0.0010968315690958802,0.0199447607979155,0.002758086298957869,0.00011708109875229353,0.00039589653619943947,,,,,,,,
2609.472665559771,0.023833961596928473,0.08389757411578404,0.006326042662931167,0.1310881682505412,0.019108555876132315,0.0010939631992241837,0.019867161297773953,0.0027501282270613824,0.00011675387230349151,0.00039372571039490223,,,,,,,,
2612.957122808788,0.02377819252887677,0.08366673035548984,0.006310373393567339,0.13053936051018572,0.019053855524248334,0.0010911023305458837,0.019789863715639063,0.0027421931170672686,0.00011642756041007002,0.00039156678791419725,,,,,,,,
2616.4462328914933,0.023722553954823616,0.08343652176066034,0.006294742936145737,0.12999285038325967,0.01899931175816366,0.001088248943444293,0.01971286687683198,0.002734280902722159,0.00011610216051596522,0.00038941970348763463,,,,,,,,
2619.9400020208614,0.023667045569426316,0.08320694658364125,0.00627915119453127,0.1294486282506805,0.01894492412963423,0.0010854030183540344,0.019636169611244432,0.002726391517963875,0.00011577767007225806,0.0003872843922034269,,,,,,,,
2623.438436418173,0.023611667068056442,0.0829780030815863,0.006263598072826939,0.12890668453363463,0.01889069219169896,0.0010825645357608851,0.019559770753320466,0.0027185248969208283,0.00011545408653715244,0.0003851607895057105,,,,,,,,
2626.9415423130085,0.023556418146798486,0.08274968951644508,0.006248083475373294,0.12836700969341208,0.01883661549867636,0.0010797334762016647,0.01948366914203919,0.0027106809739115088,0.00011513140737595696,0.00038304883119260827,,,,,,,,
2630.4493259432666,0.02350129850244811,0.08252200415494952,0.006232607306747852,0.12782959423123708,0.018782693606160777,0.0010769098202640904,0.019407863620896897,0.002702859683443928,0.0001148096300610645,0.0003809484534142808,,,,,,,,
2633.961793555184,0.02344630783251028,0.08229494526859997,0.006217169471764421,0.12729442868809987,0.018728926071018573,0.0010740935485866398,0.019332353037889338,0.0026950609602150425,0.00011448875207193117,0.0003788595926709943,,,,,,,,
2637.478951403327,0.023391445835197963,0.08206851113365354,0.006201769875472659,0.12676150364459296,0.018675312451384797,0.0010712846418584293,0.019257136245494626,0.002687284739110254,0.000114168770895059,0.0003767821858112092,,,,,,,,
2641.000805750624,0.023336712209430094,0.0818427000311095,0.006186408423157332,0.12623080972074202,0.018621852306659224,0.0010684830808190702,0.019182212100655325,0.002679530955202821,0.00011384968402397384,0.00037471617002965944,,,,,,,,
2644.5273628683562,0.023282106654830288,0.08161751024669764,0.006171085020337891,0.12570233757584423,0.01856854519750305,0.0010656888462585508,0.01910757946476157,0.0026717995437533677,0.00011353148895920775,0.0003726614828654676,,,,,,,,
2648.05862903619,0.023227628871724835,0.0813929400708638,0.00615579957276773,0.1251760779083004,0.01851539068583499,0.001062901919017088,0.019033237203633254,0.0026640904402092853,0.00011321418320827757,0.0003706180622002413,,,,,,,,
2651.5946105421654,0.02317327856114139,0.08116898779875839,0.006140551986433764,0.12465202145545469,0.01846238833482794,0.0010601222799850095,0.01895918418750329,0.002656403580204246,0.0001128977642856672,0.00036858584625621034,,,,,,,,
2655.13531368273,0.023119055424807012,0.08094565173022206,0.006125342167555698,0.12413015899342823,0.018409537708905136,0.0010573499101026128,0.018885419290999964,0.0026487388995576214,0.00011258222971280633,0.00036656477359434423,,,,,,,,
2658.680744762729,0.023064959165146875,0.08072293016977403,0.006110170022585602,0.12361048133696,0.018356838373736833,0.0010545847903600464,0.018811941393130298,0.002641096334273986,0.00011226757701805283,0.00036455478311250947,,,,,,,,
2662.2309100954362,0.023010989485282247,0.08050082142659805,0.006095035458207183,0.123092979339242,0.018304289896236465,0.001051826901797165,0.01873874937726257,0.0026334758205425507,0.00011195380373667162,0.0003625558140436079,,,,,,,,
2665.7858160025457,0.022957146089029264,0.08027932381453069,0.006079938381335361,0.12257764389176147,0.018251891844557368,0.0010490762255034114,0.01866584213110978,0.002625877294736656,0.00011164090741081722,0.0003605678059537523,,,,,,,,
2669.3454688142037,0.02290342868089691,0.08005843565204744,0.006064878699115552,0.12206446592413725,0.01819964378808893,0.0010463327426176775,0.018593218546712288,0.0026183006934132115,0.00011132888558951225,0.000358590698740429,,,,,,,,
2672.9098748690008,0.02284983696608573,0.07983815526225092,0.0060498563189232265,0.12155343640396313,0.01814754529745334,0.0010435964343281851,0.018520877520421402,0.002610745953312194,0.00011101773582863056,0.00035662443263068816,,,,,,,,
2676.4790405139906,0.02279637065048605,0.07961848097285784,0.006034871148363257,0.12104454633664745,0.01809559594450192,0.0010408672818723519,0.018448817952882404,0.0026032130113561184,0.00011070745569087683,0.0003546689481793353,,,,,,,,
2680.0529721047124,0.02274302944067627,0.07939941111618548,0.006019923095269363,0.1205377867652538,0.018043795302311493,0.0010381452665366533,0.01837703874901771,0.0025957018046494744,0.00011039804274576709,0.00035272418626712727,,,,,,,,
2683.631676005179,0.022689813043921547,0.0791809440291406,0.006005012067703577,0.12003314877034596,0.017992142945181158,0.0010354303696565148,0.01830553881801059,0.0025882122704782543,0.00011008949456961105,0.0003507900880989972,,,,,,,,
2687.2151585879137,0.022636721168171812,0.0789630780532052,0.005990137973955634,0.1195306234698279,0.01794063844862848,0.0010327225726161628,0.018234317073288143,0.0025807443463093803,0.00010978180874549149,0.00034886659520226365,,,,,,,,
2690.803426233937,0.022583753522060563,0.07874581153442538,0.005975300722542461,0.1190302020187906,0.017889281389386287,0.0010300218568485163,0.018163372432505258,0.002573297969790224,0.00010947498286324702,0.0003469536494248749,,,,,,,,
2694.3964853328016,0.022530909814902866,0.07852914282339743,0.005960500222207535,0.11853187560935298,0.01783807134539893,0.0010273282038350381,0.018092703817527707,0.002565873078748053,0.00010916901451945146,0.0003450511929336407,,,,,,,,
2697.9943422825813,0.022478189756694158,0.07831307027525655,0.005945736381920436,0.11803563547051038,0.017787007895819065,0.001024641595105631,0.0180223101544162,0.0025584696111895394,0.00010886390131739681,0.00034315916821249287,,,,,,,,
2701.5970034899037,0.02242559305810828,0.07809759224966321,0.00593100911087615,0.11754147286797681,0.017736090621003946,0.0010219620122384906,0.01795219037340961,0.00255108750530021,0.0001085596408670726,0.00034127751806073756,,,,,,,,
2705.2044753699415,0.022373119430496205,0.07788270711079189,0.005916318318494656,0.11704937910403433,0.017685319102512226,0.0010192894368599961,0.017882343408909186,0.0025437266994439694,0.00010825623078514908,0.0003394061855913351,,,,,,,,
2708.816764346443,0.022320768585884207,0.0776684132273174,0.005901663914420219,0.11655934551737702,0.017634692923100256,0.0010166238506445697,0.017812768199461905,0.0025363871321625407,0.00010795366869495667,0.00033754511422916976,,,,,,,,
2712.433876851727,0.022268540236972455,0.07745470897240354,0.005887045808520974,0.11607136348296106,0.017584211666718915,0.0010139652353145599,0.017743463687744716,0.002529068742175,0.00010765195222646909,0.00033569424770935036,,,,,,,,
2716.0558193267016,0.022216434097133416,0.07724159272369045,0.005872463910888281,0.1155854244118519,0.01753387491851005,0.0010113135726401174,0.017674428820548337,0.0025217714683772336,0.0001073510790162836,0.00033385353007550243,,,,,,,,
2719.682598220883,0.022164449880410084,0.07702906286328164,0.005857918131836189,0.11510151975107191,0.017483682264802982,0.0010086688444390594,0.017605662548761048,0.0025144952498414182,0.00010705104670760255,0.00033202290567807525,,,,,,,,
2723.3142199923886,0.022112587301514743,0.07681711777773291,0.005843408381900917,0.11461964098345238,0.017433633293111355,0.0010060310325767608,0.01753716382735315,0.0025072400258155593,0.00010675185295021603,0.00033020231917266625,,,,,,,,
2726.9506911079716,0.02206084607582706,0.07660575585803885,0.0058289345718402575,0.1141397796274808,0.017383727592129458,0.0010034001189660106,0.01746893161536065,0.002500005735722925,0.00010645349540048171,0.0003283917155183397,,,,,,,,
2730.592018043008,0.022009225919392812,0.07639497549962174,0.005814496612633075,0.11366192723715438,0.01733396475172913,0.001000776085566909,0.017400964875869864,0.002492792319161591,0.00010615597172130839,0.00032659103997597104,,,,,,,,
2734.2382072815312,0.021957726548922106,0.0761847751023183,0.005800094415478712,0.11318607540182854,0.017284344362956103,0.0009981589143867242,0.017333262576001256,0.002485599715903895,0.00010585927958213583,0.0003248002381065823,,,,,,,,
2737.889265316224,0.021906347681788018,0.07597515307036874,0.005785727891796486,0.11271221574607176,0.017234866018026936,0.0009955485874797872,0.017265823686894128,0.002478427865895971,0.00010556341665891827,0.0003230192557697079,,,,,,,,
2741.545198648447,0.021855089036024802,0.07576610781240332,0.005771396953225104,0.1122403399295153,0.017185529310325357,0.0009929450869473483,0.01719864718369058,0.002471276709257217,0.00010526838063410449,0.000321248039121745,,,,,,,,
2745.2060137882327,0.02180395033032666,0.07555763774143164,0.00575710151162216,0.11177043964670931,0.017136333834399234,0.0009903483949374762,0.01713173204552037,0.0024641461862798205,0.0001049741691966214,0.0003194865346143388,,,,,,,,
2748.871717254318,0.021752931284045835,0.07534974127482912,0.005742841479063552,0.11130250662697357,0.01708727918595693,0.0009877584936449166,0.017065077255484968,0.0024570362374282304,0.00010468078004185417,0.00031773468899275046,,,,,,,,
2752.542315574132,0.021702031617191444,0.07514241683432654,0.00572861676784298,0.1108365326342551,0.0170383649618643,0.0009851753653109868,0.01699868180064252,0.0024499468033386974,0.00010438821087163007,0.00031599244929426024,,,,,,,,
2756.2178152838324,0.021651251050427568,0.07493566284599659,0.0057144272904713685,0.11037250946698013,0.01698959076014106,0.0009825989922234353,0.016932544671992022,0.0024428778248187346,0.00010409645939419827,0.00031425976284655356,,,,,,,,
2759.8982229282956,0.021600589305072058,0.07472947774024315,0.005700272959676358,0.10991042895791221,0.01694095617995774,0.0009800293567163389,0.01686666486445839,0.0024358292428466695,0.00010380552332421404,0.00031253657726613873,,,,,,,,
2763.5835450611366,0.02155004610309481,0.07452385995178869,0.00568615368840178,0.10945028297400763,0.0168924608216323,0.0009774664411699725,0.016801041376876984,0.0024288009985711217,0.0001035154003827198,0.0003108228404567602,,,,,,,,
2767.273788244732,0.021499621167116192,0.0743188079196622,0.0056720693898070496,0.10899206341627088,0.016844104286626718,0.0009749102280106846,0.01673567321197829,0.0024217930333105043,0.00010322608829712671,0.0003091185006078175,,,,,,,,
2770.968959050208,0.021449314220405778,0.07411432008718824,0.005658019977266725,0.10853576221961483,0.01679588617754398,0.0009723606997107858,0.016670559376373077,0.0024148052885525667,0.00010293758480119836,0.00030742350619281046,,,,,,,,
2774.669064057478,0.021399124986880475,0.07391039490197397,0.0056440053643699055,0.10808137135271592,0.016747806098124523,0.0009698178387884189,0.016605698880536906,0.0024078377059538743,0.00010264988763503137,0.00030573780596776864,,,,,,,,
2778.374109855229,0.02134905319110339,0.07370703081589856,0.0056300254649197445,0.10762888281787544,0.016699863653243257,0.0009672816278074518,0.016541090738795523,0.0024008902273393463,0.00010236299454503928,0.00030406134896971483,,,,,,,,
2782.0841030409583,0.021299098558281937,0.07350422628510014,0.005616080192932881,0.10717828865087618,0.01665205844890604,0.000964752049377343,0.01647673396930943,0.0023939627947017414,0.00010207690328393333,0.00030239408451511164,,,,,,,,
2785.799050220962,0.021249260814266698,0.07330197976996547,0.005602169462638953,0.1067295809208449,0.016604390092246738,0.0009622290861530346,0.01641262759405943,0.002387055350201209,0.00010179161161070644,0.0003007359621983417,,,,,,,,
2789.5189580103665,0.021199539685549565,0.0731002897351169,0.00558829318848002,0.10628275173011005,0.016556858191523666,0.000959712720834824,0.016348770638831292,0.0023801678361647653,0.00010150711729061403,0.00029908693189017175,,,,,,,,
2793.2438330331233,0.021149934899262562,0.07289915464940201,0.005574451285110091,0.10583779321406543,0.016509462356116725,0.0009572029361682561,0.016285162133201397,0.002373300195085862,0.00010122341809515827,0.0002974469437362479,,,,,,,,
2796.9736819220384,0.021100446183176053,0.07269857298588064,0.005560643667394549,0.1053946975410291,0.01646220219652384,0.0009546997149439923,0.01622180111052157,0.002366452369623849,0.00010094051180206856,0.0002958159481555794,,,,,,,,
2800.708511318763,0.021051073265697554,0.07249854322181469,0.005546870250409673,0.10495345691210832,0.01641507732435808,0.0009522030399977033,0.016158686607904777,0.002359624302603548,0.0001006583961952864,0.00029419389583904736,,,,,,,,
2804.4483278738307,0.021001815875869904,0.07229906383865525,0.005533130949442069,0.10451406356105931,0.016368087352344164,0.0009497128942099424,0.016095817666210155,0.0023528159370147296,0.00010037706906494595,0.00029258073774790684,,,,,,,,
2808.193138246644,0.020952673743370096,0.07210013332203212,0.0055194256799881896,0.1040765097541533,0.016321231894315547,0.0009472292605060374,0.016033193330028696,0.002346027216011681,0.00010009652820735825,0.00029097642511231024,,,,,,,,
2811.9429491055002,0.020903646598507616,0.07190175016174193,0.005505754357753815,0.10364078779003905,0.016274510565211123,0.0009447521218559688,0.015970812647668642,0.002339258082912702,9.98167714249934e-05,0.0002893809094298315,,,,,,,,
2815.6977671276077,0.02085473417222293,0.07170391285173605,0.005492116898653467,0.10320688999960648,0.01622792298107196,0.0009422814612742482,0.015908674671140845,0.002332508481199629,9.953779652646271e-05,0.0002877941424639944,,,,,,,,
2819.4575989990803,0.02080593619608619,0.07150661989011048,0.005478513218810005,0.10277480874585407,0.016181468759038385,0.0009398172618198114,0.01584677845614471,0.0023257783545173904,9.92596013265029e-05,0.00028621607624282314,,,,,,,,
2823.2224514149725,0.020757252402295503,0.07130986977909302,0.005464943234553983,0.10234453642375153,0.016135147517346585,0.0009373595065958928,0.015785123062053485,0.0023190676466735005,9.898218364595743e-05,0.0002846466630573837,,,,,,,,
2826.9923310792647,0.02070868252367578,0.07111366102503325,0.005451406862423267,0.10191606546010894,0.016088958875325698,0.0009349081787499207,0.015723707551900303,0.0023123763016376334,9.870554131176104e-05,0.0002830858554603487,,,,,,,,
2830.767244704903,0.020660226293676906,0.07091799213838983,0.0054379040191623864,0.10148938831344052,0.016042902453394448,0.000932463261473389,0.01566253099236358,0.002305704263541106,9.842967215692108e-05,0.00028153360626455596,,,,,,,,
2834.5471990137853,0.020611883446372655,0.07072286163372052,0.005424434621722158,0.1010644974738347,0.01599697787305831,0.0009300247380017526,0.015601592453753222,0.0022990514766764564,9.815457402050217e-05,0.0002799898685415892,,,,,,,,
2838.3322007367956,0.020563653716458862,0.07052826802966973,0.0054109985872590385,0.10064138546281921,0.015951184756906076,0.0009275925916143035,0.015540891009996127,0.002292417885496939,9.788024474760768e-05,0.0002784545956203508,,,,,,,,
2842.122256613796,0.020515536839252314,0.07033420984895837,0.00539759583313475,0.10022004483323214,0.01590552272860707,0.0009251668056340672,0.015480425738622449,0.002285803434616105,9.760668218936443e-05,0.0002769277410856611,,,,,,,,
2845.917373393658,0.020467532550688984,0.07014068561837142,0.005384226276915643,0.09980046816908822,0.01585999141290776,0.0009227473634276755,0.01542019572075124,0.002279208068807291,9.733388420290422e-05,0.00027540925877684365,,,,,,,,
2849.717557834256,0.020419640587322842,0.06994769386874806,0.005370889836372312,0.09938264808545096,0.01581459043562896,0.0009203342484052632,0.015360200041076843,0.002272631733003203,9.706184865134876e-05,0.00027389910278634137,,,,,,,,
2853.5228167024975,0.020371860686324208,0.06975523313496929,0.005357586429478966,0.09896657722829988,0.01576931942366248,0.0009179274440203455,0.015300437787854615,0.0022660743722954166,9.679057340379119e-05,0.0002723972274583171,,,,,,,,
2857.3331567743176,0.020324192585478445,0.06956330195594775,0.005344315974413045,0.09855224827440359,0.015724178004968288,0.0009155269337697135,0.015240908052887395,0.0022595359319339506,9.65200563352809e-05,0.00027090358738728374,,,,,,,,
2861.1485848347006,0.02027663602318451,0.06937189887461634,0.005331078389554633,0.09813965393118983,0.015679165808571364,0.0009131327011933178,0.015181609931511577,0.002253016357326803,9.625029532680642e-05,0.00026941813741672573,,,,,,,,
2864.969107677699,0.02022919073845336,0.06918102243791652,0.005317873593485973,0.09772878693661596,0.015634282464558537,0.0009107447298741454,0.015122542522583193,0.0022465155940394705,9.598128826527745e-05,0.0002679408326377318,,,,,,,,
2868.7947321064244,0.020181856470906787,0.06899067119678852,0.005304701504990997,0.09731964005904377,0.015589527604075696,0.0009083630034381269,0.015063704928464568,0.002240033587794531,9.571303304351092e-05,0.0002664716283876455,,,,,,,,
2872.625464933087,0.020134632960775698,0.06880084370615902,0.005291562043054785,0.09691220609710924,0.01554490085932447,0.0009059875055540046,0.015005096255010293,0.002233570284471155,9.5445527560212e-05,0.00026501048024870467,,,,,,,,
2876.4613129789795,0.020087519948898968,0.06861153852493145,0.005278455126863105,0.09650647787959865,0.015500401863559504,0.0009036182199332382,0.014946715611554015,0.0022271256301046923,9.51787697199596e-05,0.0002635573440467088,,,,,,,,
2880.302283074516,0.020040517176721746,0.0684227542159737,0.005265380675801877,0.09610244826531959,0.015456030251085143,0.0009012551303298735,0.01488856211089455,0.002220699570886178,9.491275743318818e-05,0.0002621121758496734,,,,,,,,
2884.148382059219,0.019993624386294324,0.06823448934610862,0.005252338609456726,0.09570011014297801,0.015411785657252711,0.0008988982205404525,0.014830634869282724,0.002214292053161926,9.464748861617309e-05,0.0002606749319665123,,,,,,,,
2887.999616781756,0.019946841320270414,0.06804674248610185,0.005239328847612417,0.0952994564310503,0.015367667718457254,0.0008965474744038827,0.014772933006407616,0.0022079030234330396,9.438296119101265e-05,0.00025924556894570594,,,,,,,,
2891.8559940999276,0.01990016772190605,0.06785951221065213,0.005226351310252458,0.0949004800776614,0.015323676072134798,0.0008942028758013439,0.014715455645383518,0.002201532428355004,9.411917308561339e-05,0.00025782404357399785,,,,,,,,
2895.717520880704,0.019853603335057857,0.06767279709837924,0.005213405917558494,0.09450317406045795,0.015279810356759129,0.0008918644086561584,0.014658201912736283,0.002195180214737211,9.38561222336723e-05,0.00025641031287507984,,,,,,,,
2899.584204000212,0.01980714790418198,0.06748659573181459,0.0052004925899099405,0.09410753138648739,0.015236070211839063,0.0008895320569337016,0.014601170938390369,0.0021888463295425356,9.359380657466224e-05,0.00025500433410829954,,,,,,,,
2903.456050343774,0.019760801174332352,0.06730090669738911,0.00518761124788336,0.09371354509207233,0.015192455277915238,0.0008872058046412734,0.014544361855655276,0.002182530719886871,9.333222405381414e-05,0.00025360606476736207,,,,,,,,
2907.333066805895,0.01971456289115955,0.06711572858542358,0.005174761812252099,0.09332120824268994,0.015148965196557373,0.0008848856358280034,0.014487773801212698,0.00217623333303871,9.307137262210235e-05,0.0002522154625790499,,,,,,,,
2911.215260290289,0.019668432800909325,0.06693105999011759,0.005161944203985723,0.09293051393284933,0.015105599610361257,0.0008825715345847319,0.014431405915103244,0.002169954116418701,9.2811250236228e-05,0.0002508324855019442,,,,,,,,
2915.1026377098947,0.019622410650421064,0.06674689950953817,0.005149158344249542,0.09254145528596879,0.015062358162945648,0.0008802634850439017,0.014375257340713281,0.002163693017599184,9.255185485860234e-05,0.0002494570917251481,,,,,,,,
2918.995205986872,0.01957649618712668,0.06656324574561052,0.005136404154404154,0.09215402545425709,0.015019240498949659,0.0008779614713794575,0.014319327224762169,0.002157449984303791,9.229318445733225e-05,0.0002480892396670325,,,,,,,,
2922.892972052635,0.01953068915904892,0.06638009730410599,0.005123681556004923,0.09176821761859037,0.014976246264029509,0.000875665477806725,0.01426361471728898,0.0021512249644069716,9.203523700620269e-05,0.0002467288879739684,,,,,,,,
2926.7959428478416,0.01948498931480028,0.06619745279463272,0.005110990470801536,0.09138402498839464,0.014933375104855895,0.0008733754885823137,0.014208118971639925,0.002145017905933593,9.177801048466237e-05,0.00024537599551908605,,,,,,,,
2930.7041253224297,0.019439396403581333,0.06601531083062391,0.005098330820737483,0.09100144080152392,0.014890626669110838,0.000871091488004,0.014152839144455118,0.002138828757058478,9.152150287780647e-05,0.00024403052140102403,,,,,,,,
2934.617526435606,0.019393910175179618,0.06583367002932848,0.005085702527949615,0.09062045832414325,0.01484800060548503,0.0008688134604106297,0.014097774395656158,0.0021326574661059946,9.126571217636226e-05,0.000242692424942699,,,,,,,,
2938.5361531558806,0.01934853037996805,0.06565252901179944,0.005073105514767624,0.09024107085060837,0.0148054965636747,0.0008665413901819979,0.014042923888432948,0.0021265039815495986,9.101063637667198e-05,0.00024136166569006988,,,,,,,,
2942.4600124610583,0.019303256768903744,0.0654718864028845,0.005060539703713612,0.08986327170334946,0.014763114194378984,0.0008642752617387566,0.013988286789231376,0.0021203682520114357,9.075627348067853e-05,0.00024003820341092112,,,,,,,,
2946.389111338272,0.01925808909352643,0.06529174083121458,0.005048005017501564,0.08948705423275177,0.014720853149296808,0.0008620150595422903,0.013933862267740276,0.002114250226261875,9.050262149590839e-05,0.00023872199809363924,,,,,,,,
2950.3234567839763,0.01921302710595731,0.06511209092919423,0.0050355013790369125,0.0891124118170402,0.014678713081124235,0.0008597607680946272,0.01387964949687912,0.002108149853219122,9.024967843545732e-05,0.0002374130099460107,,,,,,,,
2954.263055803969,0.01916807055889761,0.06493293533299103,0.005023028711416068,0.08873933786216219,0.01463669364355155,0.0008575123719383238,0.013825647652785334,0.002102067081948764,8.999744231797436e-05,0.00023611119939401424,,,,,,,,
2958.2079154134103,0.019123219205627092,0.06475427268252472,0.005010586937925875,0.08836782580167071,0.014594794491260244,0.0008552698556563559,0.013771855914801621,0.002096001861663341,8.974591116764512e-05,0.0002348165270806236,,,,,,,,
2962.1580426368164,0.019078472800002945,0.06457610162145777,0.004998175982043255,0.0879978690966105,0.014553015279920496,0.000853033203872021,0.013718273465463804,0.002089954141721956,8.94950830141786e-05,0.0002335289538646224,,,,,,,,
2966.113444508096,0.01903383109645821,0.06439842079718416,0.004985795767434619,0.08762946123540108,0.014511355666188018,0.0008508024012488251,0.013664899490488065,0.0020839238716298045,8.92449558927896e-05,0.00023224844081941496,,,,,,,,
2970.074128070538,0.018989293850000623,0.06422122886081999,0.004973446217955486,0.08726259573372391,0.014469815307701505,0.0008485774324903866,0.013611733178758896,0.002077911001037799,8.899552784418498e-05,0.00023097494923185566,,,,,,,,
2974.040100376847,0.01894486081621106,0.06404452446719236,0.004961127257649965,0.08689726613440653,0.014428393863079588,0.0008463582823403208,0.013558773722316468,0.0020719154797421086,8.874679691454684e-05,0.00022970844060107138,,,,,,,,
2978.0113684891353,0.018900531751242462,0.0638683062748301,0.004948838810750315,0.0865334660073108,0.01438709099191825,0.0008441449355821444,0.013506020316344647,0.0020659372576837744,8.849876115551864e-05,0.000228448876637306,,,,,,,,
2981.9879394789564,0.018856306411818183,0.0636925729459526,0.004936580801676454,0.08617118894921753,0.014345906354787807,0.0008419373770391632,0.013453472159158451,0.002059976284948264,8.825141862418857e-05,0.00022719621926075353,,,,,,,,
2985.9698204272936,0.018812184555230985,0.06351732314646057,0.004924353155035524,0.0858104285837162,0.014304839613230341,0.0008397355915743783,0.013401128452192199,0.002054032511765078,8.800476738307568e-05,0.0002259504306004162,,,,,,,,
2989.9570184245986,0.018768165939341375,0.06334255554592508,0.004912155795621392,0.0854511785610902,0.014263890429756695,0.0008375395640903703,0.013348988399987029,0.0020481058885073074,8.775880550011336e-05,0.00022471147299295033,,,,,,,,
2993.949540570779,0.018724250322576613,0.06316826881757835,0.004899988648414229,0.08509343255820767,0.014223058467843929,0.0008353492795292055,0.013297051210179179,0.002042196365691252,8.751353104863554e-05,0.00022347930898153684,,,,,,,,
2997.9473939752343,0.01868043746392905,0.06299446163830266,0.004887851638580002,0.08473718427840757,0.014182343391932315,0.0008331647228723251,0.013245316093487565,0.0020363038939759702,8.726894210736026e-05,0.0002222539013147398,,,,,,,,
3001.950585756849,0.018636727122955075,0.06282113268862129,0.004875744691470051,0.08438242745139113,0.014141744867422788,0.0008309858791404499,0.013193782263702106,0.002030428424162907,8.702503676037579e-05,0.00022103521294538755,,,,,,,,
3005.959123044013,0.018593119059773705,0.0626482806526879,0.0048636677326206355,0.08402915583311052,0.014101262560674128,0.0008288127333934747,0.013142448937671648,0.002024569907195455,8.678181309712515e-05,0.0002198232070294503,,,,,,,,
3009.973012974644,0.018549613035065145,0.0624759042182765,0.004851620687752407,0.08367736320565806,0.014060896139000092,0.0008266452707303568,0.013091315335291927,0.0020187282941585435,8.653926921239059e-05,0.00021861784692492223,,,,,,,,
3013.9922626961798,0.018506208810069723,0.06230400207677208,0.004839603482770066,0.08332704337715886,0.014020645270666914,0.0008244834762890315,0.013040380679494028,0.0020129035362782535,8.629740320627986e-05,0.00021741909619072162,,,,,,,,
3018.0168793656126,0.018462906146586293,0.06213257292315983,0.00482761604376178,0.08297819018165949,0.01398050962489033,0.0008223273352462928,0.012989644196232218,0.0020070955849213865,8.605621318421002e-05,0.00021622691858558032,,,,,,,,
3022.0468701494806,0.01841970480697123,0.061961615456016104,0.004815658296998851,0.08263079747902176,0.013940488871833107,0.0008201768328177071,0.012939105114472525,0.0020013043915950777,8.58156972568939e-05,0.00021504127806695693,,,,,,,,
3026.0822422239034,0.01837660455413683,0.06179112837749769,0.004803730168935149,0.08228485915481236,0.013900582682602084,0.0008180319542574947,0.012888762666180692,0.001995529907946368,8.557585354032394e-05,0.00021386213878993844,,,,,,,,
3030.123002774571,0.01833360515155027,0.06162111039333285,0.004791831586206766,0.08194036912019755,0.01386079072924571,0.0008158926848584479,0.012838616086310827,0.00198977208576183,8.533668015575889e-05,0.00021268946510616442,,,,,,,,
3034.1691589967804,0.01829070636323207,0.06145156021281056,0.00477996247563146,0.08159732131183363,0.013821112684751124,0.0008137590099518123,0.012788664612793476,0.001984030876967131,8.509817522970757e-05,0.00021152322156274274,,,,,,,,
3038.2207180954238,0.01824790795375505,0.06128247654877168,0.004768122764208312,0.08125570969176261,0.013781548223041678,0.0008116309149072024,0.012738907486524325,0.0019783062336266736,8.48603368939157e-05,0.00021036337290118338,,,,,,,,
3042.2776872850277,0.018205209688242772,0.06111385811759811,0.004756312379117165,0.0809155282473036,0.013742097018974051,0.0008095083851324839,0.012689343951352369,0.001972598107943147,8.462316328534982e-05,0.0002092098840563271,,,,,,,,
3046.340073789739,0.018162611332368524,0.06094570363920419,0.004744531247718293,0.08057677099094919,0.013702758748335788,0.0008073914060736919,0.01263997325406873,0.0019669064522571736,8.438665254618428e-05,0.00020806272015529064,,,,,,,,
3050.407884843364,0.01812011265235374,0.06077801183702591,0.004732779297551834,0.08023943196025803,0.01366353308784241,0.000805279963214915,0.012590794644394917,0.0019612312190468713,8.41508028237846e-05,0.00020692184651640712,,,,,,,,
3054.481127689359,0.018077713414967014,0.06061078143801209,0.004721056456337456,0.07990350521775148,0.01362441971513498,0.0008031740420782088,0.012541807374971658,0.001955572360927493,8.39156122706952e-05,0.00020578722864818204,,,,,,,,
3058.5598095808514,0.01803541338752263,0.06044401117261427,0.004709362651973843,0.07956898485080863,0.013585418308777329,0.0008010736282234881,0.012493010701347458,0.0019499298306510085,8.368107904462374e-05,0.00020465883224824935,,,,,,,,
3062.6439377806646,0.017993212337879254,0.060277699774776865,0.004697697812538256,0.07923586497156118,0.013546528548253358,0.0007989787072484281,0.012444403881967157,0.0019443035811057049,8.344720130842631e-05,0.0002035366232023307,,,,,,,,
3066.7335195613073,0.017951110034438885,0.0601118459819283,0.00468606186628613,0.07890413971679182,0.01350775011396459,0.000796889264788374,0.012395986178160928,0.00193869356531582,8.32139772300943e-05,0.00020242056758321036,,,,,,,,
3070.828562205011,0.017909106246145286,0.05994644853497047,0.004674454741650583,0.07857380324782892,0.013469082687227326,0.0007948052865162301,0.012347756854132768,0.0019330997364411147,8.298140498273858e-05,0.00020131063164970358,,,,,,,,
3074.9290730037205,0.017867200742483012,0.059781506178270175,0.004662876367242022,0.07824484975044564,0.013430525950270243,0.0007927267581423752,0.012299715176949581,0.0019275220477765235,8.27494827445767e-05,0.00020020678184564167,,,,,,,,
3079.0350592591276,0.017825393293475867,0.05961701765964853,0.004651326671847663,0.07791727343475591,0.013392079586231564,0.0007906536654145485,0.012251860416529769,0.0019219604527517197,8.251820869891711e-05,0.00019910898479885255,,,,,,,,
3083.146528282664,0.017783683669685905,0.05945298173037258,0.004639805584431131,0.07759106853511412,0.013353743279156673,0.0007885859941177704,0.012204191845632425,0.0019164149049307668,8.22875810341464e-05,0.0001980172073201569,,,,,,,,
3087.2634873955353,0.017742071642211917,0.05928939714514472,0.0046283130341319865,0.07726622931001205,0.013315516713995298,0.0007865237300742273,0.01215670873984598,0.0019108853580116945,8.205759794371367e-05,0.000196931416402359,,,,,,,,
3091.385943928711,0.017700556982688406,0.05912626266209433,0.004616848950265328,0.07694275004197942,0.013277399576599149,0.0007844668591431907,0.012109410377577514,0.0019053717658261524,8.182825762611778e-05,0.00019585157921925584,,,,,,,,
3095.513905222964,0.017659139463284138,0.05896357704276717,0.004605413262321303,0.07662062503748164,0.013239391553719095,0.0007824153672209026,0.012062296040041458,0.0018998740823389809,8.15995582848919e-05,0.00019477766312463673,,,,,,,,
3099.6473786288534,0.01761781885670108,0.05880133905211721,0.0045940058999647555,0.07629984862682132,0.01320149233300285,0.0007803692402404976,0.01201536501124899,0.0018943922616478654,8.137149812859075e-05,0.00019370963565130462,,,,,,,,
3103.7863715067692,0.017576594936172925,0.05863954745849611,0.004582626793034695,0.07598041516403652,0.013163701602992142,0.0007783284641718896,0.011968616577996853,0.001888926257982921,8.114407537077521e-05,0.00019264746451008624,,,,,,,,
3107.93089122692,0.01753546747546409,0.05847820103364478,0.004571275871543957,0.07566231902680329,0.013126019053120372,0.0007762930250216891,0.011922050029856773,0.001883476025706335,8.091728822999957e-05,0.00019159111758886336,,,,,,,,
3112.0809451693535,0.017494436248868355,0.058317298552683694,0.004559953065678719,0.07534555461633567,0.013088444373709965,0.0007742629088330987,0.011875664659164566,0.0018780415193119819,8.069113492979701e-05,0.0001905405629515979,,,,,,,,
3116.236540723985,0.01745350103120753,0.05815683879410314,0.004548658305798067,0.07503011635728683,0.01305097725596976,0.0007722381016858175,0.011829459761009251,0.0018726226934250205,8.04656136986652e-05,0.00018949576883736498,,,,,,,,
3120.397685290582,0.01741266159783043,0.05799682053975495,0.004537391522433609,0.07471599869765215,0.013013617391992647,0.0007702185896959539,0.011783434633222605,0.0018672195028015494,8.02407227700536e-05,0.00018845670365939848,,,,,,,,
3124.5643862788074,0.017371917724611448,0.05783724257484216,0.004526152646289001,0.07440319610867001,0.01297636447475283,0.0007682043590159191,0.011737588576368202,0.0018618319023281952,8.001646038234827e-05,0.0001874233360041287,,,,,,,,
3128.7366511082055,0.017331269187949486,0.057678103687910834,0.004514941608239561,0.07409170308472612,0.012939218198103512,0.0007661953958343417,0.01169192089373107,0.0018564598470217739,7.979282477885944e-05,0.00018639563463024024,,,,,,,,
3132.9144872082393,0.017290715764766554,0.0575194026708398,0.004503758339331806,0.07378151414325478,0.012902178256774172,0.0007641916863759646,0.01164643089130683,0.0018511032920288729,7.956981420780638e-05,0.00018537356846772002,,,,,,,,
3137.0979020182817,0.017250257232506762,0.05736113831883255,0.004492602770783067,0.07347262382464435,0.012865244346368262,0.0007621932169015613,0.011601117877791408,0.001845762192625515,7.934742692230519e-05,0.0001843571066169253,,,,,,,,
3141.286902987651,0.017209893369134845,0.057203309430407086,0.004481474833981026,0.07316502669213915,0.012828416163360494,0.000760199973707829,0.011555981164570267,0.001840436504216753,7.912566118035314e-05,0.00018334621834764232,,,,,,,,
3145.4814975756003,0.017169623953135215,0.05704591480738779,0.004470374460483335,0.07285871733174577,0.01279169340509458,0.0007582119431273054,0.011511020065708212,0.0018351261823363247,7.89045152448173e-05,0.00018234087309816385,,,,,,,,
3149.6816932513552,0.017129448763510472,0.05688895325489525,0.004459301582017153,0.07255369035213578,0.012755075769780487,0.0007562291115282664,0.011466233897938691,0.0018298311826462604,7.8683987383419e-05,0.0001813410404743597,,,,,,,,
3153.887497494103,0.017089367579780468,0.056732423581338315,0.004448256130478766,0.07224994038455286,0.012718562956492211,0.0007542514653146422,0.011421621980653706,0.0018245514609365303,7.84640758687217e-05,0.00018034669024876246,,,,,,,,
3158.098917793031,0.017049380181980815,0.05657632459840399,0.004437238037933133,0.07194746208271623,0.01268215466516507,0.0007522789909259137,0.011377183635893157,0.0018192869731246536,7.824477897811619e-05,0.00017935779235964933,,,,,,,,
3162.3159616473167,0.01700948635066191,0.056420655121049275,0.004426247236613491,0.07164625012272838,0.012645850596593433,0.000750311674837026,0.011332918188334809,0.0018140376752553528,7.80260949938082e-05,0.0001783743169101369,,,,,,,,
3166.538636566152,0.01696968586688766,0.056265413967491844,0.0044152836589209515,0.07134629920298062,0.012609650452428173,0.0007483495035582972,0.011288824965283918,0.0018088035235001821,7.78080222028045e-05,0.00017739623416727655,,,,,,,,
3170.7669500687643,0.016929978512234153,0.05611059995920059,0.004404347237424018,0.07104760404405894,0.01257355393517415,0.000746392463635317,0.011244903296662898,0.0018035844741571406,7.75905588968989e-05,0.000176423514561152,,,,,,,,
3175.0009096844096,0.016890364068788695,0.055956211920887684,0.004393437904858274,0.0707501593886529,0.012537560748187931,0.0007444405416488672,0.0112011525150014,0.0017983804836503396,7.737370337266014e-05,0.00017545612868399122,,,,,,,,
3179.240522952411,0.01685084231914837,0.055802248680498615,0.004382555594125863,0.07045396000146106,0.012501670595675163,0.0007424937242148147,0.011157571955425863,0.0017931915085296081,7.715745393141717e-05,0.0001744940472892718,,,,,,,,
3183.4857974221454,0.01681141304641905,0.05564870906920425,0.004371700238295163,0.07015900066910088,0.012465883182688334,0.0007405519979840358,0.011114160955649712,0.001788017505470157,7.694180887924712e-05,0.00017353724129084148,,,,,,,,
3187.7367406530834,0.01677207603421406,0.05549559192139095,0.004360871770600314,0.06986527620001493,0.012430198215124146,0.00073861534964231,0.011070918855962997,0.0017828584312721961,7.67267665269608e-05,0.00017258568176203442,,,,,,,,
3191.9933602147776,0.016732831066653107,0.05534289607465277,0.004350070124440851,0.06957278142438143,0.012394615399721325,0.0007366837659102413,0.011027844999222654,0.0017777142428605907,7.65123251900907e-05,0.0001716393399348009,,,,,,,,
3196.2556636868994,0.01669367792836094,0.05519062036978169,0.004339295233381256,0.06928151119402157,0.012359134444057968,0.0007347572335431561,0.01098493873084226,0.001772584897284481,7.629848318887659e-05,0.00017069818719883347,,,,,,,,
3200.5236586592314,0.0166546164044664,0.05503876365075964,0.004328547031150587,0.06899146038231033,0.01232375505654937,0.0007328357393310211,0.010942199398782318,0.0017674703517169506,7.60852388482535e-05,0.00016976219510070624,,,,,,,,
3204.797352731701,0.016615646280600953,0.054887324764748946,0.004317825451642032,0.06870262388408492,0.012288476946445418,0.0007309192700983455,0.01089962635354011,0.0017623705634546374,7.587259049783751e-05,0.00016883133534300975,,,,,,,,
3209.076753514376,0.016576767342897793,0.0547363025620842,0.004307130428912533,0.0684149966155561,0.012253299823828381,0.000729007812704098,0.010857218948140053,0.0017572854899174106,7.566053647191361e-05,0.00016790557978350065,,,,,,,,
3213.3618686274854,0.016537979377990494,0.054585695896263366,0.004296461897182387,0.0681285735142183,0.012218223399610446,0.0007271013540416134,0.010814976538123758,0.0017522150886479923,7.544907510942228e-05,0.00016698490043424787,,,,,,,,
3217.6527057014428,0.016499282173011852,0.05443550362393866,0.004285819790834777,0.06784334953875965,0.012183247385531275,0.0007251998810384959,0.010772898481540161,0.0017471593173115994,7.523820475394596e-05,0.00016606926946078547,,,,,,,,
3221.949272376839,0.01646067551559282,0.05428572460490867,0.004275204044415471,0.06755931966897492,0.012148371494155803,0.0007233033806565442,0.01073098413893597,0.0017421181336956186,7.50279237536972e-05,0.00016515865918127488,,,,,,,,
3226.251576304479,0.016422159193861176,0.05413635770210872,0.00426461459263231,0.06727647890567545,0.012113595438871675,0.0007214118398916465,0.010689232873345693,0.001737091495709216,7.481823046150447e-05,0.00016425304206566364,,,,,,,,
3230.559625145372,0.016383732996440584,0.0539874017816033,0.004254051370354913,0.06699482227060267,0.01207891893388712,0.0007195252457737058,0.010647644050282224,0.0017320793613830208,7.460912323480045e-05,0.00016335239073485755,,,,,,,,
3234.87342657077,0.01634539671244917,0.05383885571257643,0.00424351431261417,0.06671434480633906,0.012044341694228336,0.0007176435853665354,0.010606217037726958,0.0017270816888687451,7.440060043560799e-05,0.0001624566779598879,,,,,,,,
3239.192988262155,0.01630715013149864,0.053690718367324024,0.00423300335460195,0.06643504157622228,0.012009863435737433,0.0007157668457677866,0.010564951206120407,0.0017220984364388606,7.419266043052865e-05,0.00016156587666109418,,,,,,,,
3243.5183179112787,0.016268993043692857,0.05354298862124443,0.004222518431670595,0.06615690766425693,0.011975483875069826,0.0007138950141088456,0.010523845928352399,0.0017171295624862286,7.398530159072805e-05,0.00016067995990729894,,,,,,,,
3247.849423220152,0.01623092523962694,0.05339566535283071,0.004212059479332626,0.06587993817502934,0.011941202729692143,0.0007120280775547585,0.010482900579752803,0.0017121750255237713,7.377852229192523e-05,0.00015979890091500018,,,,,,,,
3252.1863119010827,0.016192946510385883,0.05324874744366139,0.00420162643326025,0.06560412823362008,0.0119070197178797,0.0007101660233041285,0.010442114538081776,0.0017072347841841037,7.357232091437815e-05,0.000158922673047555,,,,,,,,
3256.5289916766637,0.016155056647543613,0.05310223377839273,0.004191219229285055,0.06532947298551964,0.011872934558714373,0.0007083088385890445,0.010401487183520571,0.0017023087972192147,7.336669584287237e-05,0.0001580512498143809,,,,,,,,
3260.8774702798137,0.01611725544316168,0.052956123244749444,0.0041808378033975245,0.06505596759654125,0.011838946972082105,0.0007064565106749785,0.01036101789866185,0.0016973970235000925,7.316164546670709e-05,0.0001571846048701485,,,,,,,,
3265.2317554537663,0.016079542689788236,0.052810414733516914,0.0041704820917467305,0.06478360725273749,0.011805056678670763,0.0007046090268607101,0.010320706068500525,0.0016924994220164132,7.295716817968372e-05,0.00015632271201399022,,,,,,,,
3269.5918549520957,0.016041918180456867,0.0526651071385326,0.004160152030639883,0.06451238716031461,0.011771263399967783,0.0007027663744782326,0.010280551080424331,0.0016876159518761772,7.275326238009278e-05,0.0001554655451887065,,,,,,,,
3273.9577765387394,0.016004381708685348,0.05252019935667721,0.00414984755654195,0.06424230254554791,0.011737566858257789,0.0007009285408926654,0.010240552324204398,0.0016827465723053645,7.254992647070088e-05,0.00015461307847997513,,,,,,,,
3278.3295279879885,0.015966933068474725,0.052375690287867115,0.004139568606075284,0.06397334865469888,0.011703966776620523,0.0006990955135021751,0.010200709191986235,0.0016778912426476148,7.234715885873933e-05,0.00015376528611557344,,,,,,,,
3282.7071170845284,0.015929572054307943,0.052231578835045145,0.00412931511601921,0.06370552075392992,0.011670462878928296,0.0006972672797378789,0.010161021078280194,0.0016730499223638676,7.214495795589037e-05,0.0001529221424645929,,,,,,,,
3287.0905516234266,0.01589229846114894,0.052087863904173054,0.004119087023309659,0.06343881412922286,0.01163705488984401,0.0006954438270637669,0.010121487379952557,0.0016682225710320403,7.194332217827604e-05,0.00015208362203667053,,,,,,,,
3291.479839410172,0.01585511208444131,0.051944544404222456,0.004108884265038755,0.06317322408629406,0.011603742534818627,0.000693625142976609,0.010082107496216103,0.001663409148346671,7.174224994644446e-05,0.00015124969948121197,,,,,,,,
3295.874988260665,0.015818012720107407,0.05180161924716734,0.004098706778454456,0.06290874595051366,0.011570525540089135,0.0006918112150058781,0.010042880828621224,0.0016586096141186068,7.154173968535874e-05,0.00015042034958663073,,,,,,,,
3300.276006001253,0.01578100016454699,0.051659087347975,0.004088554500960137,0.06264537506682152,0.011537403632676108,0.0006900020307136538,0.010003806781046605,0.0016538239282746405,7.134178982438342e-05,0.0001495955472795815,,,,,,,,
3304.6829004687224,0.015744074214636337,0.051516947624598526,0.0040784273701142395,0.06238310679964705,0.011504376540381648,0.0006881975776945468,0.00996488475969038,0.0016490520508572087,7.114239879727334e-05,0.0001487752676242057,,,,,,,,
3309.0956795103375,0.015707234667726895,0.05137519899796792,0.004068325323629851,0.062121936532825835,0.011471443991786954,0.0006863978435756057,0.009926114173060883,0.0016442939420240207,7.094356504216021e-05,0.00014795948582137426,,,,,,,,
3313.5143509838276,0.01567048132164441,0.05123384039198262,0.004058248299374358,0.06186185966952016,0.011438605716250293,0.0006846028160162411,0.00988749443196791,0.0016395495620477613,7.074528700154155e-05,0.00014714817720794135,,,,,,,,
3317.938922757428,0.015633813974687577,0.05109287073350255,0.00404819623536903,0.06160287163213635,0.011405861443904576,0.0006828124827081313,0.009849024949513483,0.0016348188713157276,7.054756312226731e-05,0.00014634131725599513,,,,,,,,
3322.3694027098695,0.015597232425627133,0.0509522889523407,0.004038169069788666,0.061344967862245726,0.0113732109056553,0.0006810268313751442,0.009810705141083207,0.0016301018303295281,7.035039185552871e-05,0.0001455388815721194,,,,,,,,
3326.8057987304046,0.01556073647370468,0.050812093981254594,0.004028166740961203,0.061088143820503725,0.011340653833178307,0.0006792458497732542,0.009772534424337223,0.0016253983997047343,7.015377165684573e-05,0.00014474084589665483,,,,,,,,
3331.248118718831,0.015524325918631482,0.050672284755938046,0.004018189187367324,0.06083239498656934,0.011308189958917424,0.0006774695256904504,0.009734512219201324,0.0016207085401705465,6.995770098605449e-05,0.00014394718610296402,,,,,,,,
3335.696370585479,0.015488000560587582,0.050532860215013686,0.004008236347640109,0.06057771685902709,0.011275819016082529,0.0006756978469466636,0.009696637947858343,0.0016160322125694897,6.976217830729627e-05,0.00014315787819670545,,,,,,,,
3340.1505622512586,0.015451760200220451,0.05039381930002412,0.003998308160564623,0.06032410495530603,0.011243540738647098,0.0006739308013936723,0.009658911034739077,0.0016113693778570567,6.956720208900445e-05,0.00014237289831510428,,,,,,,,
3344.610701647641,0.01541560463864416,0.050255160955424656,0.003988404565077575,0.06007155481160264,0.011211354861346237,0.0006721683769150281,0.00962133090651387,0.0016067199971014163,6.937277080389307e-05,0.00014159222272623463,,,,,,,,
3349.0767967167017,0.015379533677438025,0.05011688412857457,0.003978525500266907,0.05982006198280046,0.011179261119674306,0.0006704105614259648,0.009583896992083568,0.0016020840314830516,6.917888292894459e-05,0.00014081582782829848,,,,,,,,
3353.548855411109,0.015343547118645749,0.049978987769729866,0.003968670905371454,0.0595696220423936,0.011147259249882937,0.000668657342873325,0.009546608722571156,0.0015974614422944685,6.898553694539856e-05,0.00014004369014891584,,,,,,,,
3358.026885694163,0.015307644764774156,0.0498414708320345,0.0039588407197805354,0.059320230582407235,0.011115348988978679,0.0006669087092354669,0.009509465531312837,0.0015928521909398432,6.879273133873866e-05,0.0001392757863444109,,,,,,,,
3362.510895539785,0.01527182641879226,0.049704332271513295,0.003949034883033619,0.059071883213321415,0.011083530074721019,0.0006651646485221904,0.00947246685384964,0.001588256238934733,6.860046459868204e-05,0.00013851209319911127,,,,,,,,
3367.0008929325563,0.015236091884130009,0.04956757104706306,0.003939253334819912,0.05882457556399254,0.011051802245620043,0.0006634251487746481,0.009435612127918666,0.0015836735479057187,6.840873521916632e-05,0.00013775258762464062,,,,,,,,
3371.4968858677075,0.015200440964677424,0.049431186120445704,0.003929496014978023,0.058578303281577634,0.01102016524093448,0.0006616901980652716,0.009398900793444699,0.0015791040795901164,6.821754169833894e-05,0.0001369972466592263,,,,,,,,
3375.9988823511576,0.01516487346478328,0.04929517645627939,0.003919762863495564,0.05833306203145656,0.010988618800669358,0.0006599597844976797,0.009362332292531536,0.0015745477958356317,6.802688253854424e-05,0.0001362460474669995,,,,,,,,
3380.506890399507,0.015129389189254258,0.04915954102203147,0.003910053820508802,0.0580888474971567,0.010957162665574038,0.0006582338962066042,0.009325906069453676,0.0015700046586000602,6.783675624631277e-05,0.00013549896733730998,,,,,,,,
3385.02091804006,0.015093987943353737,0.04902427878801022,0.003900368826302297,0.05784565538027668,0.010925796577140033,0.0006565125213578083,0.009289621570647763,0.001565474629950969,6.76471613323491e-05,0.00013475598368403667,,,,,,,,
3389.5409733108513,0.015058669532800724,0.04888938872735689,0.003890707821308483,0.05760348140041009,0.010894520277598775,0.0006547956481479986,0.009253478244704157,0.0015609576720653588,6.745809631151978e-05,0.00013401707404490375,,,,,,,,
3394.0670642606333,0.015023433763768893,0.04875486981603849,0.0038810707461073867,0.05736232129507128,0.010863333509919687,0.000653083264804755,0.009217475542358671,0.0015564537472293777,6.726955970284268e-05,0.00013328221608080573,,,,,,,,
3398.599198948921,0.014988280442885358,0.04862072103283928,0.003871457541426168,0.05712217081961914,0.01083223601780788,0.0006513753595864366,0.00918161291648407,0.0015519628178379777,6.708155002947423e-05,0.00013255138757512674,,,,,,,,
3403.1373854459775,0.014953209377229826,0.048486941359353775,0.003861868148138849,0.056883025747183596,0.010801227545702225,0.000649671920782116,0.009145889822081947,0.0015474848463946323,6.689406581869906e-05,0.0001318245664330744,,,,,,,,
3407.6816318328556,0.01491822037433329,0.048353529779978185,0.003852302507265857,0.05664488186858994,0.010770307838773075,0.0006479729367114855,0.009110305716274195,0.0015430197955109883,6.670710560191724e-05,0.0001311017306810064,,,,,,,,
3412.2319462013857,0.014883313242177225,0.048220485281903605,0.003842760559973756,0.05640773499228613,0.010739476642920355,0.0006462783957247888,0.009074860058295041,0.0015385676279065863,6.652066791463398e-05,0.00013038285846577138,,,,,,,,
3416.788336654216,0.014848487789192292,0.04808780685510746,0.0038332422475747924,0.05617158094426748,0.010708733704771288,0.0006445882862027285,0.009039552309482538,0.0015341283064085208,6.633475129644698e-05,0.00012966792805404337,,,,,,,,
3421.3508113048015,0.014813743824257519,0.047955493492346644,0.003823747511526613,0.05593641556800485,0.01067807877167849,0.0006429025965564001,0.00900438193327065,0.0015297017939511555,6.614935429103614e-05,0.00012895691783166904,,,,,,,,
3425.919378277444,0.014779081156699032,0.047823544189149046,0.003814276293431849,0.05570223472436977,0.010647511591717725,0.0006412213152272003,0.008969348395180873,0.0015252880535757932,6.596447544615103e-05,0.0001282498063030107,,,,,,,,
3430.4940457072853,0.014744499596289177,0.04769195794380668,0.0038048285350377876,0.055469034291563135,0.010617031913685973,0.0006395444306867574,0.008934451162814251,0.001520887048430381,6.578011331360051e-05,0.00012754657209029907,,,,,,,,
3435.0748217403275,0.014709998953245438,0.04756073375736776,0.003795404178236021,0.055236810165041846,0.010586639487099333,0.0006378719314368462,0.008899689705843292,0.0015164987417691993,6.559626644924089e-05,0.0001268471939329864,,,,,,,,
3439.661714533462,0.014675579038229275,0.04742987063362881,0.0037860031650620326,0.055005558257446276,0.010556334062190855,0.000636203806009309,0.008865063496003734,0.001512123096952541,6.54129334129643e-05,0.0001261516506871012,,,,,,,,
3444.2547322544588,0.014641239662345299,0.04729936757912781,0.0037766254376949285,0.054775274498529404,0.010526115389908669,0.0006345400429659836,0.008830572007086783,0.0015077600774464361,6.523011276868847e-05,0.00012545992132461365,,,,,,,,
3448.8538830820075,0.014606980637139996,0.047169223603135794,0.003767270938456987,0.0545459548350838,0.010495983221913757,0.0006328806308986155,0.00879621471493087,0.0015034096468223108,6.504780308434383e-05,0.00012477198493279478,,,,,,,,
3453.459175205705,0.014572801774600937,0.047039437717650234,0.0037579396098133973,0.054317595230871756,0.010465937310578084,0.0006312255584287879,0.008761991097413869,0.0014990717687567146,6.486600293186422e-05,0.0001240878207135888,,,,,,,,
3458.0706168260976,0.014538702887155511,0.046910008937386685,0.003748631394371814,0.05409019166655274,0.010435977408982392,0.0006295748142078366,0.00872790063444502,0.0014947464070309909,6.468471088717404e-05,0.00012340740798298056,,,,,,,,
3462.6882161546687,0.014504683787670104,0.0467809362797721,0.0037393462348820935,0.05386374013961416,0.010406103270914343,0.0006279283869167806,0.008693942807957154,0.0014904335255309978,6.450392553017836e-05,0.00012273072617037347,,,,,,,,
3467.3119814138795,0.014470744289448877,0.04665221876493655,0.0037300840742358543,0.05363823666429941,0.010376314650866324,0.0006262862652662347,0.008660117101898684,0.0014861330882467885,6.432364544475068e-05,0.00012205775481796444,,,,,,,,
3471.9419208371573,0.014436884206232953,0.04652385541570663,0.0037208448554662136,0.05341367727153922,0.010346611304033597,0.000624648437996341,0.00862642300222594,0.0014818450592723245,6.414386921872292e-05,0.0001213884735801285,,,,,,,,
3476.578042668938,0.014403103352199168,0.046395845257597254,0.0037116285217473465,0.05319005800888029,0.010316992986312125,0.0006230148938766838,0.00859285999689512,0.0014775694028051594,6.396459544387331e-05,0.00012072286222280071,,,,,,,,
3481.220355164652,0.014369401541959276,0.046268187318805006,0.00370243501639423,0.05296737494041724,0.010287459454296724,0.0006213856217062212,0.008559427575854772,0.0014733060831461616,6.378582271591639e-05,0.00012006090062286749,,,,,,,,
3485.8688665907666,0.014335778590558708,0.046140880630199936,0.0036932642828621997,0.05274562414672181,0.0102580104652789,0.0006197606103131986,0.00852612523103781,0.0014690550646991904,6.360754963449097e-05,0.00011940256876755465,,,,,,,,
3490.5235852247783,0.014302234313475767,0.04601392422531902,0.0036841162647466875,0.05252480172477522,0.010228645777245015,0.0006181398485550819,0.008492952456353942,0.0014648163119708266,6.34297748031501e-05,0.00011874784675382627,,,,,,,,
3495.184519355235,0.01426876852662049,0.0458873171403584,0.003674990905782822,0.05230490378789887,0.010199365148874203,0.0006165233253184734,0.008459908747681974,0.0014605897895700582,6.325249682934968e-05,0.00011809671478778051,,,,,,,,
3499.8516772817643,0.014235381046333604,0.045761058414165875,0.003665888149845088,0.052085926465685405,0.010170168339536358,0.0006149110295190378,0.00842699360286199,0.0014563754622079793,6.307571432443726e-05,0.00011744915318405082,,,,,,,,
3504.5250673150617,0.014202071689385691,0.04563514708823421,0.003656807940947007,0.051867865903931866,0.010141055109290276,0.0006133029501014306,0.00839420652168797,0.0014521732946975222,6.289942590364195e-05,0.00011680514236521316,,,,,,,,
3509.2046977769346,0.014168840272975953,0.045509582206693086,0.0036477502232407596,0.051650718264570405,0.010112025218881536,0.0006116990760392144,0.00836154700589995,0.0014479832519531297,6.272363018606264e-05,0.00011616466286119126,,,,,,,,
3513.8905770002875,0.014135686614731443,0.04538436281630268,0.003638714941016874,0.05143447972560217,0.01008307842974069,0.0006100993963347904,0.008329014559176633,0.0014438052989904928,6.254832579465814e-05,0.000115527695308671,,,,,,,,
3518.582713329167,0.014102610532705832,0.04525948796644561,0.0036297020387038533,0.05121914648102865,0.010054214503981135,0.0006085039000193174,0.008296608687127706,0.0014396394009262327,6.23735113562354e-05,0.0001148942204505115,,,,,,,,
3523.281115118747,0.014069611845378648,0.045134956709120516,0.0036207114608678617,0.051004714740785925,0.010025433204397333,0.0006069125761526433,0.008264328897286455,0.0014354855229776324,6.219918550143983e-05,0.00011426421913516713,,,,,,,,
3527.9857907353726,0.014036690371654044,0.04501076809893401,0.003611743152212356,0.05079118073067688,0.009996734294462687,0.0006053254138232218,0.008232174699102144,0.0014313436304623278,6.202534686474343e-05,0.00011363767231610387,,,,,,,,
3532.696748556546,0.014003845930860006,0.0448869211930944,0.0036027970575777755,0.05057854069230577,0.009968117538327763,0.0006037424021480448,0.00820014560393273,0.0014272136887980335,6.185199408443524e-05,0.00011301456105122823,,,,,,,,
3537.413996970971,0.013971078342747216,0.04476341505140367,0.0035938731219411703,0.05036679088301108,0.009939582700818208,0.000602163530272562,0.008168241125037215,0.0014230956635022359,6.167912580260954e-05,0.00011239486650230987,,,,,,,,
3542.1375443785373,0.013938387427488177,0.04464024873625114,0.003584971290415895,0.05015592757580065,0.009911129547432928,0.0006005887873706134,0.00813646077756851,0.0014189895201919282,6.150674066515634e-05,0.00011177856993441672,,,,,,,,
3546.8673991903665,0.01390577300567609,0.04451742131260561,0.0035760915082512406,0.049945947059285054,0.009882757844342078,0.0005990181626443467,0.008104804078565798,0.0014148952245832973,6.133483732174966e-05,0.00011116565271534406,,,,,,,,
3551.603569828801,0.013873234898324026,0.044394931848008815,0.0035672337208321235,0.04973684563761325,0.009854467358385188,0.0005974516453241492,0.008073270546947432,0.0014108127424914641,6.116341442583792e-05,0.00011055609631505487,,,,,,,,
3556.3460647274283,0.013840772926863872,0.04427277941256822,0.0035583978736787388,0.04952861963040699,0.009826257857069285,0.0005958892246685743,0.00804185970350349,0.0014067420398301816,6.0992470634633094e-05,0.00010994988230511844,,,,,,,,
3561.09489233111,0.01380838691314526,0.0441509630789496,0.0035495839124462148,0.04932126537269581,0.009798129108566827,0.0005943308899642615,0.008010571070888471,0.0014026830826115461,6.0822004609099304e-05,0.00010934699235815123,,,,,,,,
3565.850061095968,0.013776076679434767,0.044029481922370634,0.0035407917829243032,0.049114779214853306,0.009770080881714016,0.0005927766305258727,0.00797940417361419,0.0013986358369457313,6.0652015013943994e-05,0.00010874740824726674,,,,,,,,
3570.6115794894317,0.013743842048414785,0.043908335020593145,0.0035320214310370166,0.04890915752253196,0.009742112946008706,0.0005912264356960068,0.007948358538042334,0.0013946002690406883,6.0482500517605946e-05,0.00010815111184552003,,,,,,,,
3575.3794559902217,0.013711682843182672,0.0437875214539169,0.0035232728028423265,0.04870439667660013,0.009714225071608639,0.0005896802948451398,0.007917433692377504,0.0013905763452018776,6.0313459792245995e-05,0.00010755808512536414,,,,,,,,
3580.1536990883956,0.013679598887249636,0.04366704030517183,0.003514545844531801,0.048500493073077355,0.009686417029329465,0.0005881381973715403,0.00788662916665983,0.0013865640318319705,6.0144891513735596e-05,0.00010696831015810078,,,,,,,,
3584.9343172853323,0.013647590004539958,0.04354689065971183,0.003505840502430302,0.04829744312307203,0.009658688590642938,0.0005866001327012072,0.007855944492757993,0.00138256329543059,5.9976794361647474e-05,0.00010638176911334206,,,,,,,,
3589.721319093778,0.013615656019389804,0.04342707160540709,0.00349715672299563,0.048095243252716954,0.009631039527674964,0.000585066090287785,0.007825379204361984,0.0013785741025940069,5.98091670192443e-05,0.0001057984442584684,,,,,,,,
3594.514713037832,0.013583796756546493,0.04330758223263781,0.0034884944528182182,0.04789388990310783,0.0096034696132038,0.0005835360596125057,0.007794932836976138,0.00137459642001489,5.964200817346931e-05,0.00010521831795809504,,,,,,,,
3599.3145076529886,0.013552012041167303,0.043188421634286725,0.003479853638620781,0.047693379530239194,0.00957597862065811,0.0005820100301841034,0.00776460492791194,0.0013706302144819952,5.947531651493512e-05,0.00010464137267353633,,,,,,,,
3604.120711486127,0.013520301698818722,0.04306958890573283,0.0034712342272580094,0.04749370860494347,0.009548566324115187,0.0005804879915387532,0.007734395016281163,0.0013666754528799182,5.930909073791436e-05,0.00010406759096227817,,,,,,,,
3608.9333330955537,0.013488665555475322,0.04295108314484384,0.00346263616571622,0.04729487361282742,0.00952123249829901,0.0005789699332399907,0.007704302642988648,0.0013627321021887917,5.914332954032853e-05,0.00010349695547744753,,,,,,,,
3613.7523810509906,0.013457103437518918,0.042832903451969884,0.003454059401113048,0.04709687105421154,0.009493976918578454,0.0005774558448786458,0.007674327350725553,0.0013588001294840353,5.897803162373864e-05,0.0001029294489672914,,,,,,,,
3618.5778639336036,0.013425615171737598,0.04271504892993654,0.0034455038806971293,0.046899697444067905,0.00946679936096546,0.0005759457160727717,0.007644468683962261,0.0013548795019360635,5.881319569333465e-05,0.00010236505427465316,,,,,,,,
3623.4097903360293,0.013394200585324664,0.04259751868403768,0.003436969551847727,0.04670334931195835,0.009439699602113095,0.000574439536467568,0.00761472618894145,0.001350970186810009,5.8648820457925007e-05,0.00010180375433645342,,,,,,,,
3628.248168862362,0.013362859505877869,0.04248031182202929,0.0034284563620744853,0.04650782320197456,0.009412677419313835,0.0005729372957353185,0.007585099413671333,0.0013470721514654677,5.848490462992732e-05,0.00010124553218317638,,,,,,,,
3633.0930081282,0.013331591761398278,0.042363427454122055,0.0034199642590170224,0.046313115672675896,0.009385732590497636,0.0005714389835753092,0.007555587907918582,0.0013431853633562023,5.8321446925357385e-05,0.00010069037093835412,,,,,,,,
3637.9443167606323,0.013300397180289488,0.042246864692975165,0.0034114931904446915,0.04611922329703018,0.0093588648942302,0.0005699445897137702,0.007526191223201723,0.0013393097900298984,5.815844606382001e-05,0.000100138253818059,,,,,,,,
3642.8021033982814,0.013269275591356561,0.04213062265368907,0.003403043104256177,0.045926142662351996,0.009332074109711068,0.0005684541039037939,0.007496908912784078,0.0013354453991278625,5.799590076849808e-05,9.958916413039376e-05,,,,,,,,
3647.6663766912907,0.013238226823805196,0.04201470045379932,0.0033946139484792577,0.045733870370244005,0.00930536001677188,0.000566967515925275,0.00746774053166721,0.0013315921583847805,5.783380976614348e-05,9.904308527498928e-05,,,,,,,,
3652.53714530137,0.013207250707240652,0.04189909721326925,0.003386205671270402,0.045542403036535783,0.0092787223958745,0.0005654848155848287,0.0074386856365839535,0.001327750035628423,5.7672171787066214e-05,9.850000074250038e-05,,,,,,,,
3657.4144179017785,0.013176347071666993,0.04178381205448389,0.0033778182209145344,0.04535173729122555,0.00925216102810928,0.000564005992715734,0.007409743785991843,0.0013239189987794037,5.7510985565125344e-05,9.795989411410876e-05,,,,,,,,
3662.298203177373,0.013145515747485955,0.041668844102242746,0.0033694515458246362,0.04516186977841965,0.009225675695193189,0.0005625310371778516,0.00738091454006627,0.0013200990158508824,5.7350249837718295e-05,9.74227490610247e-05,,,,,,,,
3667.188509824592,0.013114756565496218,0.041554192483753735,0.0033611055945414955,0.04497279715627456,0.00919926617946809,0.000561059938857566,0.007352197460693921,0.0013162900549483242,5.718996334577141e-05,9.688854934399579e-05,,,,,,,,
3672.085346551502,0.013084069356892273,0.04143985632862595,0.0033527803157333445,0.0447845160969371,0.009172932263898873,0.0005595926876677032,0.007323592111465991,0.0013124920842692111,5.7030124833729875e-05,9.635727881281314e-05,,,,,,,,
3676.9887220777855,0.013053453953263685,0.04132583476886362,0.0033444756581955675,0.04459702328648665,0.009146673732071767,0.0005581292735474743,0.00729509805767169,0.0013087050721027932,5.687073304954821e-05,9.582892140582519e-05,,,,,,,,
3681.8986451347682,0.01302291018659406,0.04121212693885917,0.003336191570850395,0.0444103154248766,0.009120490368192485,0.0005566696864623999,0.007266714866291541,0.0013049289868298215,5.671178674468025e-05,9.53034611494521e-05,,,,,,,,
3686.815124465447,0.01299243788926009,0.041098731975386604,0.0033279280027465386,0.044224389225875634,0.009094381957084454,0.0005552139164042395,0.0072384421059907885,0.0013011637969222681,5.6553284674069e-05,9.478088215770097e-05,,,,,,,,
3691.7381688244777,0.012962036894030783,0.04098564901759536,0.0033196849030589564,0.04403924141701107,0.009068348284187107,0.0005537619533909283,0.00721027934711294,0.0012974094709430866,5.639522559613769e-05,9.426116863168786e-05,,,,,,,,
3696.6677869782225,0.012931707034066348,0.0408728772070032,0.003311462221088455,0.04385486873951004,0.009042389135554038,0.0005523137874665032,0.0071822261616731106,0.001293665977545926,5.623760827277915e-05,9.374430485915812e-05,,,,,,,,
3701.6039877047324,0.012901448142917488,0.04076041568749028,0.0033032599062614615,0.0436712679482432,0.009016504297851334,0.0005508694087010414,0.007154282123351672,0.0012899332854748953,5.608043146934702e-05,9.323027521401366e-05,,,,,,,,
3706.5467797937968,0.012871260054524275,0.04064826360529208,0.0032950779081296305,0.043488435811666656,0.008990693558355724,0.000549428807190584,0.007126446807487578,0.0012862113635642737,5.592369395464514e-05,9.271906415583795e-05,,,,,,,,
3711.496172046926,0.012841142603215446,0.04053642010899352,0.0032869161763696146,0.043306369111766,0.008964956704952927,0.0005479919730570758,0.0070987197910721365,0.001282500180738276,5.5767394500918854e-05,9.221065622942838e-05,,,,,,,,
3716.4521732773983,0.0128110956237073,0.040424884349521864,0.0032787746607826746,0.04312506464399876,0.008939293526135822,0.0005465588964482906,0.007071100652742347,0.001278799706010772,5.561153188384447e-05,9.170503606432719e-05,,,,,,,,
3721.4147923102455,0.012781118951102965,0.04031365548014093,0.003270653311294451,0.042944519217238915,0.008913703811002786,0.0005451295675377715,0.007043588972774725,0.0012751099084850463,5.5456104882520555e-05,9.120218837435915e-05,,,,,,,,
3726.384037982299,0.012751212420891323,0.04020273265644396,0.0032625520779545757,0.042764729653719795,0.008888187349255885,0.0005437039765247551,0.007016184333078725,0.0012714307573535254,5.5301112279457505e-05,9.070209795716594e-05,,,,,,,,
3731.3599191421786,0.012721375868946274,0.04009211503634786,0.0032544709109364385,0.042585692788979015,0.008862743931199235,0.0005422821136341103,0.00698888631719052,0.0012677622218975307,5.514655286056878e-05,9.020474969375024e-05,,,,,,,,
3736.342444650319,0.012691609131525752,0.03998180178008652,0.0032464097605368336,0.04240740547180233,0.008837373347737204,0.0005408639691162707,0.006961694510266655,0.001264104271487019,5.499242541516102e-05,8.97101285480168e-05,,,,,,,,
3741.3316233789988,0.012661912045270753,0.039871792050204205,0.0032383685771756603,0.0422298645641679,0.008812075390372702,0.0005394495332471626,0.006934608499077622,0.001260456875580317,5.4838728735924306e-05,8.921821956631707e-05,,,,,,,,
3746.3274642123283,0.012632284447204621,0.03976208501154971,0.0032303473113956395,0.04205306694119183,0.008786849851205522,0.0005380387963281472,0.006907627872001781,0.0012568200037238893,5.4685461618923414e-05,8.872900787699904e-05,,,,,,,,
3751.3299760462955,0.012602726174731953,0.03965267983126947,0.003222345913861981,0.04187700949107228,0.008761696522930556,0.000536631748685943,0.006880752219018913,0.0012531936255520558,5.453262286358752e-05,8.824247868995573e-05,,,,,,,,
3756.3391677887525,0.012573237065637885,0.03954357567880183,0.0032143643353621074,0.04170168911503563,0.008736615198836166,0.0005352283806725713,0.006853981131704134,0.0012495777107867638,5.438021127270168e-05,8.775861729618044e-05,,,,,,,,
3761.3550483594618,0.012543816958087038,0.039434771725870094,0.0032064025268053256,0.04152710272728088,0.008711605672802415,0.0005338286826652796,0.006827314203221574,0.001245972229237312,5.4228225652396586e-05,8.727740906731863e-05,,,,,,,,
3766.377626690081,0.012514465690622806,0.03932626714647689,0.0031984604392225504,0.04135324725492649,0.008686667739299441,0.0005324326450664845,0.006800751028318303,0.0012423771508001246,5.4076664812140053e-05,8.679883945522963e-05,,,,,,,,
3771.4069117242093,0.01248518310216627,0.039218061116897227,0.0031905380237659776,0.04118011963795513,0.00866180119338569,0.0005310402583036976,0.006774291203318053,0.0012387924454584707,5.392552756472686e-05,8.632289399154319e-05,,,,,,,,
3776.442912417373,0.012455969032015532,0.03911015281567293,0.0031826352317088085,0.04100771682916096,0.008637005830706347,0.0005296515128294671,0.006747934326115233,0.0012352180832822409,5.377481272627041e-05,8.584955828722533e-05,,,,,,,,
3781.4856377370725,0.012426823319844604,0.039002541423605756,0.003174752014444926,0.04083603579409489,0.008612281447491488,0.000528266399121306,0.006721679996168626,0.0012316540344276742,5.362451911619215e-05,8.537881803213973e-05,,,,,,,,
3786.535096662767,0.012397745805702756,0.0388952261237518,0.003166888323488621,0.040665073511012256,0.008587627840554609,0.000526884907681634,0.006695527814495525,0.0012281002691371297,5.3474645557213856e-05,8.491065899461899e-05,,,,,,,,
3791.591298185922,0.01236873633001343,0.0387882061014146,0.0031590441104742666,0.04049482697081853,0.008563044807290742,0.0005255070290377044,0.006669477383665436,0.0012245567577388167,5.3325190875347105e-05,8.44450670210311e-05,,,,,,,,
3796.654251309997,0.012339794733573516,0.03868148054413963,0.003151219327156046,0.04032529317701736,0.00853853214567499,0.0005241327537415447,0.006643528307794245,0.0012210234706465698,5.317615389988493e-05,8.398202803535332e-05,,,,,,,,
3801.723965050475,0.012310920857552442,0.03857504864170781,0.0031434139254076436,0.04015646914565738,0.008514089654260733,0.000522762072369892,0.006617680192538109,0.0012175003783595865,5.3027533463392356e-05,8.352152803874679e-05,,,,,,,,
3806.800448434887,0.012282114543491204,0.038468909586129134,0.003135627857221942,0.039988351905279274,0.008489717132178005,0.0005213949755241223,0.006591932645087385,0.001213987451462177,5.287932840169689e-05,8.306355310913147e-05,,,,,,,,
3811.8837105028056,0.012253375633301675,0.03836306257163711,0.003127861074710746,0.03982093849686447,0.008465414379131883,0.0005200314538301959,0.0065662852741608544,0.0012104846606235406,5.27315375538802e-05,8.260808940076799e-05,,,,,,,,
3816.9737603058884,0.01222470396926554,0.038257506794681935,0.003120113530104465,0.03965422597378192,0.008441181195400776,0.0005186714979385811,0.006540737689999554,0.0012069919765974923,5.258415976226814e-05,8.215512314383573e-05,,,,,,,,
3822.0706069078637,0.012196099394033624,0.03815224145392514,0.0031123851757518437,0.039488211401737375,0.008417017381834849,0.0005173150985242025,0.006515289504361065,0.001203509370222244,5.243719387242253e-05,8.170464064402019e-05,,,,,,,,
3827.1742593845793,0.012167561750624844,0.0380472657502328,0.0031046759641196442,0.03932289185872059,0.00839292273985432,0.0005159622462863665,0.0064899403305134305,0.0012000368124201407,5.229063873313127e-05,8.125662828209575e-05,,,,,,,,
3832.2847268239857,0.012139090882425513,0.03794257888667016,0.003096985847792377,0.03915826443495508,0.008368897071447926,0.0005146129319487067,0.006464689783229423,0.0011965742741974347,5.214449319640018e-05,8.081107251351618e-05,,,,,,,,
3837.402018326185,0.012110686633188344,0.03783818006849482,0.003089314779471988,0.03899432623284567,0.008344940179171142,0.00051326714625911,0.00643953747878057,0.0011931217266440298,5.1998756117443145e-05,8.036795986800342e-05,,,,,,,,
3842.526143003414,0.01208234884703171,0.037734068503151495,0.003081662711977588,0.038831074366928724,0.00832105186614475,0.0005119248799896648,0.006414483034931435,0.0011896791409332524,5.1853426354674005e-05,7.992727694914238e-05,,,,,,,,
3847.657109980094,0.012054077368438661,0.037630243400265294,0.003074029598245142,0.03866850596382025,0.008297231936053022,0.0005105861239365867,0.006389526070933691,0.0011862464883215951,5.170850276969676e-05,7.948901043397357e-05,,,,,,,,
3852.7949283928137,0.012025872042256226,0.03752670397163635,0.0030664153913272005,0.03850661816216625,0.008273480193142302,0.0005092508689201656,0.006364666207520478,0.0011828237401484958,5.15639842272975e-05,7.905314707259236e-05,,,,,,,,
3857.939607390379,0.011997732713694385,0.037423449431233165,0.0030588200443925893,0.03834540811259156,0.008249796442219204,0.0005079191057846917,0.0063399030669004566,0.0011794108678360776,5.141986959543467e-05,7.861967368774665e-05,,,,,,,,
3863.0911561337984,0.011969659228325387,0.03732047899518729,0.0030512435107261384,0.03818487297765034,0.008226180488649185,0.0005065908253984034,0.006315236272752257,0.0011760078428889322,5.127615774523095e-05,7.818857717444042e-05,,,,,,,,
3868.249583796315,0.011941651432082803,0.03721779188178707,0.003043685743728401,0.03802500993177595,0.008202632138354836,0.0005052660186534195,0.006290665450218639,0.0011726146368938664,5.113284755096406e-05,7.775984449953595e-05,,,,,,,,
3873.414899563432,0.011913709171260672,0.03711538731147149,0.0030361466969153236,0.03786581616123072,0.008179151197814294,0.0005039446764656745,0.006266190225900794,0.0011692312215196641,5.098993789005767e-05,7.733346270135988e-05,,,,,,,,
3878.5871126329025,0.011885832292512747,0.03701326450682482,0.0030286263239180287,0.03770728886405737,0.00815573747405971,0.0005026267897748616,0.006241810227852779,0.0011658575685168629,5.0847427643073334e-05,7.69094188893129e-05,,,,,,,,
3883.766232214778,0.011858020642851522,0.036911422692570035,0.0030211245784824542,0.03754942525002869,0.008132390774675584,0.0005013123495443655,0.006217525085575692,0.0011624936497175045,5.070531569370085e-05,7.648770024347783e-05,,,,,,,,
3888.9522675313906,0.011830274069647555,0.036809861095563626,0.0030136414144691457,0.03739222254059932,0.008109110907797295,0.0005000013467612065,0.006193334430012236,0.0011591394370349113,5.056360092875039e-05,7.606829401423394e-05,,,,,,,,
3894.145227817405,0.011802592420628446,0.03670857894478907,0.003006176785852894,0.037235677968856046,0.008085897682109362,0.0004986937724359714,0.006169237893540936,0.0011557949024634372,5.0422282238142924e-05,7.56511875218699e-05,,,,,,,,
3899.3451223198,0.011774975543878196,0.03660757547135161,0.0029987306467225312,0.03707978877946987,0.008062750906844067,0.0004973896176027585,0.006145235109970686,0.0011524600180782523,5.0281358514902466e-05,7.523636815620247e-05,,,,,,,,
3904.551960297918,0.011747423287836175,0.036506849908471736,0.0029913029512805707,0.03692455222864674,0.008039670391779687,0.0004960888733191103,0.006121325714535079,0.0011491347560350891,5.014082865514617e-05,7.482382337619241e-05,,,,,,,,
3909.7657510234494,0.011719935501296484,0.036406401491480105,0.0029838936538430015,0.03676996558408007,0.008016655947239125,0.0004947915306659587,0.006097509343886961,0.0011458190885700339,5.000069155807711e-05,7.441354070956856e-05,,,,,,,,
3914.9865037804825,0.011692512033406948,0.036306229457811014,0.0029765027088389322,0.03661602612490175,0.00799370738408816,0.0004934975807475567,0.006073785636092803,0.0011425129879992686,4.9860946125974434e-05,7.400550775244781e-05,,,,,,,,
3920.2142278654846,0.01166515273366844,0.03620633304699728,0.0029691300708103844,0.036462731141635236,0.007970824513734084,0.0004922070146914237,0.006050154230627336,0.0011392164267188642,4.97215912641857e-05,7.359971216896289e-05,,,,,,,,
3925.4489325873546,0.011637857451933912,0.036106711500663836,0.002961775694411944,0.03631007793614684,0.007948007148123966,0.000490919823648279,0.0060266147683679,0.001135929377204528,4.9582625881117435e-05,7.319614169088623e-05,,,,,,,,
3930.6906272674087,0.011610626038407713,0.03600736406252247,0.0029544395344105324,0.03615806382159916,0.00792525509974327,0.0004896359987919867,0.00600316689158916,0.0011326518120113947,4.944404888822737e-05,7.279478411726227e-05,,,,,,,,
3935.93932123941,0.011583458343644694,0.03590828997836594,0.002947121545685121,0.03600668612240332,0.007902568181614212,0.0004883555313194926,0.005979810243957568,0.0011293837037737848,4.9305859200015554e-05,7.239562731403709e-05,,,,,,,,
3941.1950238495974,0.011556354218549324,0.035809488496061956,0.0029398216832264125,0.035855942174171665,0.00787994620729423,0.0004870784124507612,0.005956544470525938,0.0011261250252049724,4.916805573401556e-05,7.199865921369028e-05,,,,,,,,
3946.4577444566735,0.011529313514375037,0.03571095886554804,0.002932539902136632,0.03570582932367157,0.007857388990874535,0.0004858046334287204,0.005933369217728134,0.001122875749096973,4.9030637410786726e-05,7.160386781487312e-05,,,,,,,,
3951.7274924318535,0.011502336082723224,0.03561270033882514,0.002925276157629177,0.03555634492877784,0.007834896346978436,0.00048453418551919664,0.0059102841333735934,0.0011196358483202963,4.889360315390487e-05,7.121124118204273e-05,,,,,,,,
3957.004277158852,0.011475421775542598,0.035514712169952695,0.0029180304050284165,0.03540748635842718,0.007812468090760003,0.000483267060010861,0.0058872888666421,0.001116405295823743,4.8756951889954695e-05,7.08207674451039e-05,,,,,,,,
3962.2881080339266,0.011448570445128215,0.03541699361504226,0.002910802599769341,0.035259250992570865,0.007790104037902346,0.0004820032482151624,0.005864383068078292,0.0011131840646341543,4.862068254852055e-05,7.043243479904733e-05,,,,,,,,
3967.578994465868,0.01142178194412084,0.035319543932252506,0.002903592697397364,0.03511163622212968,0.007767804004616301,0.00048074274146627405,0.00584156638958653,0.001109972127856208,4.848479406217886e-05,7.004623150359586e-05,,,,,,,,
3972.876945876047,0.01139505612550594,0.035222362381782994,0.0028964006535679722,0.03496463944894692,0.007745567807638726,0.00047948553112102903,0.005818838484425447,0.001106769458672175,4.834928536648896e-05,6.966214588284687e-05,,,,,,,,
3978.181971698397,0.011368392842613085,0.03512544822586907,0.00288922642404653,0.03481825808574375,0.007723395264231184,0.000478231608558867,0.005796199007202801,0.0011035760303417172,4.821415539998554e-05,6.92801663249211e-05,,,,,,,,
3983.4940813794656,0.01134179194911494,0.035028800728775816,0.0028820699647079304,0.034672489556072585,0.007701286192178252,0.00047698096518176817,0.005773647613870131,0.0011003918162016395,4.807940310416958e-05,6.890028128161017e-05,,,,,,,,
3988.813284378403,0.01131525329902664,0.034932419156792884,0.002874931231536393,0.03452733129427267,0.007679240409786198,0.00047573359241419923,0.005751183961717599,0.0010972167896656883,4.7945027423500715e-05,6.852247926802891e-05,,,,,,,,
3994.139590166989,0.011288776746704888,0.03483630277822873,0.002867810180625151,0.034382780745424515,0.007657257735881378,0.00047448948170305454,0.005728807709368775,0.0010940509242243197,4.781102730538866e-05,6.814674886226753e-05,,,,,,,,
3999.4730082296646,0.011262362146847128,0.0347404508634048,0.0028607067681761834,0.034238835365304573,0.007635337989808752,0.00047324862451759276,0.005706518516775376,0.0010908941934444727,4.767740170018471e-05,6.777307870504493e-05,,,,,,,,
4004.8135480635183,0.011236009354490888,0.03464486268465058,0.0028536209504999703,0.034095492620341325,0.007613480991430488,0.0004720110123493859,0.005684316045212205,0.0010877465709693667,4.754414956117417e-05,6.740145749936806e-05,,,,,,,,
4010.161219178337,0.011209718225012795,0.03454953751629743,0.002846552684015193,0.0339527499875697,0.007591686561124335,0.0004707766367122514,0.005662199957271903,0.001084608030518258,4.741126984456739e-05,6.703187401018773e-05,,,,,,,,
4015.5160310965894,0.011183488614127974,0.034454474634673674,0.0028395019252484962,0.033810604954587625,0.00756995451978232,0.0004695454891422046,0.005640169916859915,0.0010814785458862421,4.727876150949236e-05,6.66643170640608e-05,,,,,,,,
4020.877993353476,0.011157320377889073,0.034359673318098555,0.0028324686308341916,0.03366905501951087,0.007548284688809096,0.00046831756119739107,0.005618225589189285,0.0010783580909440155,4.7146623517985906e-05,6.629877554881094e-05,,,,,,,,
4026.2471154969144,0.01113121337268565,0.034265132846877246,0.002825452757514019,0.033528097690929945,0.007526676890120658,0.00046709284445803725,0.00559636664077569,0.001075246639637679,4.701485483498588e-05,6.593523841319435e-05,,,,,,,,
4031.6234070875867,0.011105167455243216,0.03417085250329491,0.002818454262136853,0.03338773048786532,0.007505130946142692,0.0004658713305263833,0.0055745927394322105,0.0010721441659884959,4.6883454428322945e-05,6.557369466656375e-05,,,,,,,,
4037.006877698926,0.011079182482622593,0.03407683157161179,0.002811473101658465,0.03324795093972468,0.007483646679809302,0.0004646530110266359,0.005552903554264472,0.001069050644092698,4.6752421268712794e-05,6.521413337853771e-05,,,,,,,,
4042.397536917164,0.011053258312219016,0.033983069338057184,0.0028045092331412317,0.033108756586258545,0.007462223914561373,0.00046343787760490143,0.005531298755665421,0.0010659660481212498,4.662175432974749e-05,6.485654367866889e-05,,,,,,,,
4047.7953943413186,0.011027394801761457,0.033889565090824594,0.0027975626137538958,0.03297014497751779,0.007440862474345301,0.00046222592192913706,0.005509778015310501,0.0010628903523196493,4.649145258788812e-05,6.45009147561171e-05,,,,,,,,
4053.2004595832404,0.011001591809311715,0.0337963181200658,0.002790633200771279,0.032832113673809775,0.007419562183611361,0.0004610171356890842,0.005488341006152506,0.0010598235310077002,4.636151502245607e-05,6.414723585931994e-05,,,,,,,,
4058.6127422676022,0.010975849193263772,0.03370332771788594,0.00278372095157404,0.03269466024565602,0.00739832286731243,0.0004598115105962211,0.005466987402416714,0.001056765558579306,4.623194061562567e-05,6.379549629567042e-05,,,,,,,,
4064.03225203193,0.010950166812342958,0.033610593178337894,0.0027768258236484035,0.03255778227374922,0.007377144350902475,0.0004586090383837011,0.005445716879595923,0.0010537164095022543,4.610272835241594e-05,6.344568543119235e-05,,,,,,,,
4069.4589985266307,0.010924544525605104,0.033518113797416774,0.0027699477745858894,0.03242147734891035,0.007356026460335052,0.00045740971080629434,0.0054245291144454245,0.0010506760583179947,4.5973877220682346e-05,6.309779269021837e-05,,,,,,,,
4074.89299141498,0.010898982192435909,0.03342588887305498,0.0027630867620830725,0.032285743072046874,0.007334969022062037,0.0004562135196403356,0.005403423784978252,0.0010476444796414456,4.584538621110956e-05,6.275180755507143e-05,,,,,,,,
4080.3342403731754,0.010873479672550042,0.03333391770511644,0.002756242743941301,0.032150577054109876,0.007313971863032014,0.00045502045668366337,0.0053824005704601295,0.0010446216481607587,4.571725431720278e-05,6.240771956574565e-05,,,,,,,,
4085.7827550903166,0.010848036825990474,0.03324219959539174,0.0027494156780664553,0.03201597691605264,0.007293034810689035,0.00045383051375556924,0.005361459151404721,0.0010416075386371292,4.558948053528058e-05,6.206551831959167e-05,,,,,,,,
4091.2385452684603,0.010822653513127597,0.033150733847592345,0.0027426055224686724,0.03188194028878813,0.0072721576929710265,0.0004526436826967353,0.00534059920956868,0.0010386021259045657,4.546206386446636e-05,6.172519347099973e-05,,,,,,,,
4096.701620622599,0.010797329594658608,0.03305951976734575,0.002735812235262106,0.031748464813147956,0.007251340338308548,0.00045145995536918375,0.005319820427946895,0.0010356053848697016,4.533500330668117e-05,6.138673473108973e-05,,,,,,,,
4102.171990880717,0.010772064931606566,0.03296855666218983,0.0027290357746646474,0.03161554813984016,0.007230582575623207,0.00045027932365621635,0.00529912249076759,0.0010326172905115616,4.520829786663521e-05,6.105013186739758e-05,,,,,,,,
4107.64966578377,0.010746859385319808,0.03287784384156798,0.002722276098997691,0.03148318792940862,0.007209884234326431,0.00044910177946236437,0.0052785050834876284,0.0010296378178813752,4.508194655182077e-05,6.0715374703568206e-05,,,,,,,,
4113.134655085738,0.010721712817471028,0.03278738061682342,0.0027155331666858565,0.03135138185219105,0.007189245144317889,0.00044792731471332635,0.005257967892787597,0.0010266669421023485,4.495594837250366e-05,6.038245311904528e-05,,,,,,,,
4118.62696855361,0.01069662509005665,0.032697166301194465,0.002708806936256754,0.031220127588278856,0.007168665135984266,0.00044675592135592034,0.005237510606567203,0.0010237046383694758,4.483030234171628e-05,6.005135704876809e-05,,,,,,,,
4124.126615967432,0.010671596065395963,0.032607200209808763,0.002702097366340707,0.03108942282747542,0.007148144040197697,0.0004455875913580195,0.0052171329139403646,0.0010207508819493126,4.470500747524909e-05,5.972207648286482e-05,,,,,,,,
4129.633607120298,0.010646625606130451,0.03251748165967862,0.002695404415670517,0.03095926526925622,0.007127681688314532,0.00044442231670850635,0.005196834505230637,0.0010178056481797886,4.458006279164356e-05,5.939460146635132e-05,,,,,,,,
4135.147951818378,0.010621713575223015,0.032428009969695554,0.0026887280430812105,0.03082965262272802,0.00710727791217388,0.00044326008941721306,0.005176615071966437,0.00101486891246999,4.44554673121842e-05,5.906892209883013e-05,,,,,,,,
4140.66965988095,0.010596859835957144,0.03233878446062497,0.002682068207509752,0.03070058260658819,0.0070869325440961655,0.00044210090151486505,0.005156474306876297,0.0010119406502999493,4.433122006089066e-05,5.8745028534189945e-05,,,,,,,,
4146.198741140386,0.010572064251936313,0.032249804455101415,0.002675424867994849,0.030572052949085333,0.007066645416881899,0.0004409447450530307,0.005136411903884339,0.0010090208372204605,4.420732006451075e-05,5.842291098030988e-05,,,,,,,,
4151.735205442205,0.010547326687083074,0.032161069277622974,0.0026687979836766355,0.03044406138797844,0.007046416363810133,0.0004397916121040624,0.00511642755810546,0.0010061094488528503,4.4083766352511775e-05,5.810255969876104e-05,,,,,,,,
4157.279062645055,0.010522647005638448,0.032072578254546624,0.002662187513796485,0.030316605670497914,0.0070262452186372615,0.00043864149476104775,0.005096520965840856,0.0010032064608887963,4.3960557957074185e-05,5.7783965004514705e-05,,,,,,,,
4162.830322620765,0.010498025072161072,0.0319843307140826,0.002655593417696696,0.030189683553305084,0.007006131815595487,0.00043749438513774876,0.005076691824573268,0.0010003118490901058,4.3837693913082906e-05,5.7467117265647304e-05,,,,,,,,
4168.38899525433,0.01047346075152655,0.031896325986289845,0.0026490156548203076,0.030063292802453564,0.006986075989391621,0.0004363502753685533,0.005056939832962494,0.0009974255892885291,4.3715173258120596e-05,5.7152006903050706e-05,,,,,,,,
4173.955090443963,0.010448953908926596,0.03180856340307034,0.002642454184710781,0.029937431193349066,0.006966077575205566,0.00043520915760841686,0.005037264690840723,0.0009945476573855463,4.359299503245939e-05,5.68386243901415e-05,,,,,,,,
4179.528618101072,0.010424504409868446,0.03172104229816463,0.0026359089670118215,0.029812096510711133,0.006946136408689119,0.0004340710240328138,0.005017666099208052,0.0009916780293521745,4.347115827905408e-05,5.652696025257433e-05,,,,,,,,
4185.109588150323,0.01040011212017395,0.031633762007146196,0.0026293799614670607,0.029687286548533257,0.006926252325964461,0.00043293586683767755,0.004998143760227858,0.0009888166812287566,4.334966204353394e-05,5.621700506795388e-05,,,,,,,,
4190.698010529614,0.010375776905979005,0.03154672186741697,0.0026228671279198753,0.029562999110044914,0.006906425163622976,0.0004318036782393528,0.004978697377222379,0.0009859635891247753,4.322850537419592e-05,5.5908749465551374e-05,,,,,,,,
4196.293895190131,0.010351498633732652,0.0314599212182017,0.002616370426313077,0.02943923200767212,0.0068866547587237365,0.000430674450474537,0.004959326654668066,0.0009831187292186376,4.310768732199653e-05,5.560218412602013e-05,,,,,,,,
4201.897252096333,0.010327277170196495,0.031373359400543505,0.0026098898166887225,0.029315983062999505,0.006866940948792315,0.00042954817580023226,0.004940031298191238,0.0009802820777574928,4.298720694054496e-05,5.529729978111506e-05,,,,,,,,
4207.50809122599,0.01030311238244389,0.031287035757298604,0.0026034252591878343,0.029193250106731822,0.006847283571819388,0.00042842484649369,0.004920811014563517,0.0009774536110570234,4.2867063286095475e-05,5.499408721341148e-05,,,,,,,,
4213.126422570203,0.010279004137859179,0.03120094963313114,0.0025969767140501475,0.02907103097865536,0.006827682466259334,0.0004273044548523538,0.004901665511697365,0.0009746333055012442,4.2747255417539694e-05,5.4692537256026394e-05,,,,,,,,
4218.7522561334,0.010254952304137087,0.031115100374508695,0.0025905441416139117,0.02894932352760068,0.006808137471029062,0.0004261869931938153,0.004882594498641736,0.0009718211375423176,4.262778239639989e-05,5.439264079234252e-05,,,,,,,,
4224.385601933383,0.01023095674928184,0.031029487329696733,0.002584127502315583,0.028828125611403917,0.006788648425506512,0.00042507245385575286,0.00486359768557752,0.000969017083700345,4.250864328682089e-05,5.409438875573108e-05,,,,,,,,
4230.026470001317,0.010207017341606606,0.03094410984875427,0.002577726756689647,0.028707435096869894,0.006769215169529508,0.00042396082919588684,0.004844674783813288,0.0009662211205631811,4.238983715556347e-05,5.3797772129279046e-05,,,,,,,,
4235.674870381774,0.010183133949732599,0.03085896728352835,0.002571341865368311,0.028587249859733807,0.006749837543394271,0.00042285211159191836,0.004825825505780752,0.0009634332247862257,4.227136307199633e-05,5.350278194551543e-05,,,,,,,,
4241.330813132727,0.01015930644258853,0.030774058987649688,0.0025649727890813263,0.028467567784624517,0.006730515387854278,0.0004217462934414868,0.0048070495650305465,0.0009606533730922445,4.215322010808954e-05,5.3209409286141584e-05,,,,,,,,
4246.994308325592,0.010135534689409729,0.030689384316527173,0.002558619488655683,0.028348386765026715,0.006711248544118778,0.00042064336716210877,0.004788346676227741,0.000957881542271157,4.203540733840651e-05,5.291764528175951e-05,,,,,,,,
4252.665366045219,0.010111818559737565,0.030604942627343586,0.002552281925015432,0.028229704703244412,0.006692036853851665,0.0004195433251911342,0.004769716555147607,0.0009551177091798633,4.1917923840097486e-05,5.262748111160614e-05,,,,,,,,
4258.343996389942,0.010088157923418606,0.03052073327905015,0.002545960059181382,0.028111519510363454,0.006672880159170001,0.00041844615998568556,0.004751158918671217,0.000952361850742029,4.180076869289163e-05,5.233890800328443e-05,,,,,,,,
4264.03020947156,0.010064552650604035,0.030436755632362193,0.002539653852270921,0.02799382910621533,0.006653778302642884,0.00041735186402261577,0.004732673484781218,0.0009496139439479117,4.168394097909045e-05,5.205191723250015e-05,,,,,,,,
4269.724015415392,0.010041002611748793,0.03035300904975374,0.0025333632654977187,0.027876631419339958,0.006634731127290017,0.00041626042979844803,0.004714259972557466,0.0009468739658541519,4.156743978356e-05,5.176650012279595e-05,,,,,,,,
4275.425424360266,0.010017507677611002,0.030269492895453196,0.00252708826017154,0.027759924386949804,0.006615738476580499,0.00041517184982933113,0.004695918102172841,0.0009441418935835984,4.1451264193724244e-05,5.14826480452912e-05,,,,,,,,
4281.134446458549,0.009994067719251199,0.03018620653543827,0.002520828797697974,0.027643705954893256,0.006596800194431544,0.0004140861166509839,0.004677647594888938,0.0009414177043251062,4.133541329955777e-05,5.120035241842014e-05,,,,,,,,
4286.851091876174,0.00997068260803156,0.030103149337431002,0.002514584839578201,0.027527974077618318,0.0065779161252070995,0.00041300322281864407,0.004659448173051821,0.0009387013753333437,4.121988619357805e-05,5.091960470767151e-05,,,,,,,,
4292.575370792635,0.009947352215615348,0.0300203206708934,0.0025083563474087704,0.027412726718137104,0.006559086113716723,0.00041192316090702156,0.004641319560087868,0.0009359928839286156,4.110468197083945e-05,5.064039642533261e-05,,,,,,,,
4298.307293401034,0.009924076413966037,0.0299377199070221,0.002502143282881346,0.027297961847989383,0.00654031000521414,0.0004108459235102409,0.004623261480499483,0.0009332922074966569,4.098979972892514e-05,5.0362719130230614e-05,,,,,,,,
4304.046869908068,0.009900855075346772,0.02985534641874418,0.0024959456077824882,0.027183677447207517,0.006521587645396131,0.0004097715032417979,0.004605273659861012,0.0009305993234884634,4.0875238567940736e-05,5.008656442747927e-05,,,,,,,,
4309.794110534081,0.009877688072319526,0.029773199580711847,0.0024897632839934003,0.027069871504280203,0.006502918880401112,0.0004086998927345006,0.004587355824814445,0.0009279142094200825,4.076099759050662e-05,4.981192396822298e-05,,,,,,,,
4315.549025513043,0.009854575277744497,0.02969127876929821,0.0024835962734897146,0.026956542016117826,0.006484303556808022,0.0004076310846404277,0.004569507703065399,0.0009252368428724443,4.064707590175155e-05,4.95387894493867e-05,,,,,,,,
4321.3116250926105,0.00983151656477937,0.02960958336259199,0.0024774445383412363,0.026843686988016424,0.006465741521634904,0.0004065650716308702,0.00455172902337886,0.0009225672014911577,4.053347260930504e-05,4.9267152613422945e-05,,,,,,,,
4327.081919534107,0.00980851180687864,0.029528112740393388,0.002471308040711733,0.026731304433623364,0.0064472326223378035,0.0004055018463962883,0.004534019515575153,0.0009199052629863425,4.0420186823290944e-05,4.899700524806349e-05,,,,,,,,
4332.859919112573,0.009785560877792861,0.029446866284208822,0.0024651867428586802,0.02661939237490159,0.006428776706809386,0.0004044414016462532,0.004516378910525761,0.000917251005132422,4.030721765631991e-05,4.8728339186070064e-05,,,,,,,,
4338.645634116758,0.009762663651568056,0.02936584337724667,0.0024590806071330463,0.02650794884209551,0.006410373623377762,0.00040338373010940544,0.004498806940149295,0.0009146044057679554,4.019456422348296e-05,4.846114630498844e-05,,,,,,,,
4344.439074849149,0.009739820002544959,0.02928504340441243,0.002452989595979056,0.026396971873696006,0.006392023220805244,0.0004023288245334005,0.004481303337407412,0.0009119654427954454,4.008222564234432e-05,4.8195418526902475e-05,,,,,,,,
4350.240251626004,0.009717029805358277,0.029204465752303805,0.0024469136719339484,0.026286459516405646,0.006373725348287015,0.00040127667768485794,0.004463867836300682,0.0009093340941811473,3.997020103293426e-05,4.793114781818891e-05,,,,,,,,
4356.049174777338,0.009694292934936144,0.029124109809206548,0.002440852797627767,0.026176409825104958,0.006355479855450031,0.00040022728234931555,0.004446500171864674,0.0009067103379549019,3.98584895177428e-05,4.7668326189276454e-05,,,,,,,,
4361.865854646979,0.009671609266499261,0.02904397496508929,0.0024348069357831084,0.026066820862817447,0.00633728659235163,0.00039918063133117604,0.004429200080165805,0.0009040941522099321,3.974709022171212e-05,4.7406945694402386e-05,,,,,,,,
4367.690301592547,0.009648978675560388,0.02896406061159942,0.002428776049214913,0.025957690700676248,0.006319145409478455,0.0003981367174536624,0.004411967298297422,0.0009014855151026775,3.9636002272230436e-05,4.714699843137358e-05,,,,,,,,
4373.522525985514,0.009626401037923489,0.028884366142057912,0.0024227601008302174,0.025849017417889433,0.006301056157745069,0.00039709553355876307,0.004394801564375736,0.000898884404852596,3.952522479912446e-05,4.688847654132667e-05,,,,,,,,
4379.36253821118,0.00960387622968321,0.02880489095145531,0.002416759053627944,0.025740799101706933,0.006283018688492889,0.0003960570725071877,0.0043777026175359085,0.0008962907997420007,3.9414756934653234e-05,4.6631372208491595e-05,,,,,,,,
4385.210348668732,0.00958140412722405,0.028725634436446573,0.0024107728706986567,0.025633033847386157,0.006265032853488802,0.0003950213271783143,0.004360670197928014,0.0008937046781158576,3.930459781350074e-05,4.6375677659953945e-05,,,,,,,,
4391.065967771225,0.009558984607219836,0.028646595995347007,0.002404801515224351,0.025525719758159177,0.006247098504924102,0.000393988290470145,0.004343704046713184,0.0008911260183816236,3.919474657276969e-05,4.612138516542114e-05,,,,,,,,
4396.929405945635,0.009536617546632887,0.028567775028127226,0.0023988449504782085,0.025418854945198632,0.006229215495413151,0.0003929579552992519,0.004326803906059553,0.0008885547990090507,3.908520235197417e-05,4.5868487036987754e-05,,,,,,,,
4402.800673632847,0.009514302822713469,0.028489170936409014,0.002392903139824392,0.02531243752758518,0.006211383677992249,0.0003919303146007333,0.004309969519138472,0.0008859909985300196,3.897596429303355e-05,4.561697562890435e-05,,,,,,,,
4408.679781287703,0.009492040312999052,0.0284107831234604,0.002386976046717799,0.025206465632273748,0.006193602906118371,0.0003909053613281611,0.004293200630120492,0.0008834345955383498,3.886703154026516e-05,4.5366843337344503e-05,,,,,,,,
4414.566739378992,0.009469829895313649,0.028332610994191473,0.0023810636347038516,0.02510093739406106,0.006175873033668,0.0003898830884535368,0.004276496984171547,0.000880885568689628,3.8758403240377874e-05,4.511808260017682e-05,,,,,,,,
4420.461558389483,0.009447671447767191,0.02825465395514973,0.0023751658674182785,0.02499585095555266,0.006158193914935939,0.00038886348896724135,0.004259858327449079,0.0008783438967010282,3.8650078542465626e-05,4.487068589673536e-05,,,,,,,,
4426.364248815957,0.009425564848754753,0.02817691141451533,0.002369282708586856,0.0248912044671299,0.006140565404634026,0.00038784655587798325,0.004243284407098104,0.0008758095583511266,3.854205659800021e-05,4.462464574759192e-05,,,,,,,,
4432.274821169191,0.009403509976956029,0.028099382782097098,0.0023634141220252396,0.024786996086918013,0.006122987357890077,0.0003868322822127588,0.00422677497124749,0.0008732825324797408,3.843433656082526e-05,4.4379954714330816e-05,,,,,,,,
4438.193285974016,0.009381506711334513,0.028022067469327516,0.002357560071638681,0.024683223980752993,0.006105459630246546,0.0003858206610167958,0.004210329769006015,0.0008707627979877334,3.8326917587148996e-05,4.413660539932309e-05,,,,,,,,
4444.119653769302,0.009359554931136991,0.02794496488925874,0.0023517205214218665,0.024579886322149993,0.006087982077659486,0.0003848116853535133,0.004193948550458642,0.0008682503338368533,3.821979883553824e-05,4.3894590445504064e-05,,,,,,,,
4450.053935108005,0.009337654515892722,0.027868074456557698,0.0023458954354586368,0.024476981292270546,0.00607055455649722,0.0003838053483044674,0.00417763106666265,0.0008657451190495448,3.811297946691119e-05,4.365390253614915e-05,,,,,,,,
4455.9961405571585,0.009315805345412929,0.027791395587502044,0.002340084777921824,0.024374507079891118,0.006053176923539299,0.000382801642969309,0.004161377069643919,0.0008632471327087894,3.8006458644531494e-05,4.3414534394654695e-05,,,,,,,,
4461.94628069792,0.00929400729978999,0.02771492769997535,0.002334288513072973,0.024272461881370704,0.006035849035975209,0.0003818005624657325,0.004145186312393089,0.0008607563539579121,3.790023553400105e-05,4.3176478784316116e-05,,,,,,,,
4467.904366125563,0.00927226025939693,0.027638670213463095,0.002328506605262179,0.024170843900619597,0.006018570751403276,0.0003808020999294331,0.004129058548861897,0.0008582727620004248,3.7794309303254095e-05,4.293972850811081e-05,,,,,,,,
4473.870407449523,0.009250564104886614,0.027562622549047837,0.0023227390189278136,0.02406965134906725,0.006001341927829446,0.00037980624851405466,0.004112993533959316,0.0008557963360998379,3.768867912255008e-05,4.2704276408478716e-05,,,,,,,,
4479.844415293386,0.009228918717191243,0.02748678412940519,0.0023169857185963588,0.023968882445631366,0.00598416242366616,0.00037881300139114683,0.004096991023547974,0.0008533270555795,3.758334416446779e-05,4.247011536710793e-05,,,,,,,,
4485.826400294942,0.00920732397752155,0.027411154378799103,0.0023112466688821358,0.023868535416685904,0.005967032097731144,0.0003778223517501149,0.0040810507744402985,0.0008508648998224148,3.747830360389821e-05,4.223723830471779e-05,,,,,,,,
4491.816373106172,0.009185779767366285,0.02733573272307781,0.0023055218344871366,0.023768608496030484,0.005949950809246289,0.00037683429279817675,0.004065172544394943,0.0008484098482710766,3.737355661803865e-05,4.200563818084583e-05,,,,,,,,
4497.814344393282,0.00916428596849148,0.027260518589669318,0.0022998111802007763,0.023669099924858973,0.005932918417836501,0.0003758488177603147,0.004049356092113055,0.0008459618804272957,3.726910238638605e-05,4.177530799363493e-05,,,,,,,,
4503.820324836731,0.009142842462939789,0.027185511407576916,0.0022941146708996794,0.02357000795172839,0.005915934783528466,0.00037486591987922514,0.004033601177234557,0.0008435209758520214,3.7164940090730303e-05,4.1546240779620734e-05,,,,,,,,
4509.8343251312235,0.009121449133029941,0.027110710607375157,0.002288432271547478,0.023471330832528527,0.00589899976674963,0.00037388559241528015,0.004017907560334615,0.0008410871141651865,3.7061068915148405e-05,4.131842961352257e-05,,,,,,,,
4515.856355985765,0.009100105861355956,0.0270361156212052,0.0022827639471945794,0.02337306683045072,0.00588211322832691,0.00037290782864647345,0.00400227500291986,0.000838660275045518,3.6957488045997454e-05,4.1091867608032323e-05,,,,,,,,
4521.886428123638,0.009078812530786644,0.026961725882770862,0.0022771096629779696,0.023275214215957844,0.005865275029485686,0.000371932621868381,0.0039867032674249,0.000836240438230385,3.6854196671908864e-05,4.086654791360807e-05,,,,,,,,
4527.924552282467,0.009057569024464817,0.026887540827333918,0.00227146938412097,0.02317777126675325,0.0058484850318485495,0.0003709599653941078,0.003971192117208592,0.0008338275835156143,3.675119398378143e-05,4.064246371826544e-05,,,,,,,,
4533.970739214193,0.009036375225806791,0.026813559891710196,0.0022658430759330685,0.023080736267751114,0.005831743097434241,0.00036998985255425005,0.003955741316550534,0.0008314216907553357,3.664847917477557e-05,4.0419608247372744e-05,,,,,,,,
4540.0249996851335,0.009015231018501609,0.02673978251426494,0.00226023070380965,0.022984107511045574,0.005815049088656463,0.0003690222766968421,0.003940350630647415,0.0008290227398618024,3.654605144030641e-05,4.0197974763445316e-05,,,,,,,,
4546.0873444759645,0.008994136286510539,0.02666620813490894,0.002254632233231843,0.02288788329588135,0.005798402868322802,0.0003680572311873174,0.0039250198256095105,0.000826630710805232,3.644390997803818e-05,3.997755656594292e-05,,,,,,,,
4552.157784381775,0.008973090914066296,0.026592836195093845,0.002249047629766248,0.022792061928623118,0.005781804299633544,0.0003670947094084558,0.00390974866845706,0.0008242455836136299,3.6342053987877e-05,3.975834699106556e-05,,,,,,,,
4558.236330212051,0.00895209478567255,0.026519666137808387,0.002243476859064783,0.022696641722726403,0.005765253246180606,0.00036613470476034606,0.0038945369271168088,0.0008218673383726343,3.624048267196566e-05,3.9540339411553914e-05,,,,,,,,
4564.322992790732,0.008931147786103152,0.026446697407573647,0.002237919886864419,0.022601620998707196,0.005748749571946364,0.00036517721066033326,0.0038793843704183753,0.0008194959552253357,3.613919523467651e-05,3.932352723648724e-05,,,,,,,,
4570.417782956195,0.00891024980040162,0.026373929450439305,0.0022323766789870136,0.022506998084112988,0.00573229314130257,0.00036422222054297975,0.0038642907680908494,0.0008171314143721271,3.6038190882605765e-05,3.910790391108549e-05,,,,,,,,
4576.52071156129,0.008889400713880462,0.026301361713979225,0.002226847201339076,0.02241277131349308,0.005715883819009247,0.00036326972786001634,0.0038492558907592253,0.0008147736960705274,3.5937468824567125e-05,3.889346291651029e-05,,,,,,,,
4582.631789473374,0.0088686004121205,0.026228993647287105,0.002221331419911558,0.02231893902836904,0.00569952147021352,0.00036231972608029734,0.003834279509940906,0.0008124227806350158,3.583702827158533e-05,3.8680197769667886e-05,,,,,,,,
4588.751027574295,0.008847848780970323,0.026156824700972685,0.0022158293007796584,0.02222549957720606,0.005683205960448575,0.00036137220868975953,0.0038193613980423056,0.000810078648436877,3.5736868436890486e-05,3.846810202301393e-05,,,,,,,,
4594.878436760453,0.008827145706545584,0.026084854327157094,0.0022103408101025964,0.02213245131538325,0.005666937155632501,0.0003604271691913722,0.0038045013283552814,0.0008077412799040276,3.563698853591134e-05,3.8257169264357437e-05,,,,,,,,
4601.014027942777,0.008806491075228476,0.02601308197946921,0.002204865914123423,0.02203979260516534,0.005650714922067235,0.0003594846011050973,0.0037896990750538122,0.0008054106555208607,3.553738778626969e-05,3.804739311666789e-05,,,,,,,,
4607.157812046784,0.008785884773666973,0.02594150711304101,0.002199404579168795,0.02194752181567321,0.005634539126437416,0.0003585444979678411,0.0037749544131904403,0.0008030867558280734,3.543806540777371e-05,3.783876723788165e-05,,,,,,,,
4613.309800012563,0.008765326688774354,0.025870129184503907,0.002193956771648783,0.021855637322855816,0.005618409635809335,0.00035760685333341424,0.0037602671186929733,0.0008007695614225161,3.533902062241236e-05,3.763128532071125e-05,,,,,,,,
4619.470002794828,0.008744816707728437,0.025798947651984133,0.002188522458056651,0.021764137509460976,0.005602326317629799,0.00035667166077248266,0.0037456369683609757,0.0007984590529570173,3.52402526543488e-05,3.742494109245322e-05,,,,,,,,
4625.638431362906,0.008724354717971106,0.025727961975099134,0.0021831016049686657,0.02167302076500753,0.0055862890397250856,0.00035573891387252765,0.0037310637398624566,0.0007961552111402377,3.51417607299148e-05,3.721972831480013e-05,,,,,,,,
4631.815096700785,0.008703940607207543,0.025657171614953,0.002177694179043874,0.021582285485756414,0.00557029767029981,0.0003548086062377984,0.0037165472117304268,0.0007938580167364918,3.5043544077604174e-05,3.70156407836505e-05,,,,,,,,
4638.000009807106,0.008683574263405769,0.025586576034132807,0.0021723001470239146,0.02149193007468294,0.0055543520779358915,0.00035388073148927225,0.0037020871633595934,0.000791567450565603,3.494560192806726e-05,3.6812672328922576e-05,,,,,,,,
4644.193181695212,0.008663255574795867,0.02551617469670407,0.0021669194757327976,0.021401952941448227,0.005538452131591418,0.00035295528326460596,0.0036876833750029434,0.0007892834935027295,3.4847933514104356e-05,3.6610816814366263e-05,,,,,,,,
4650.39462339314,0.008642984429869511,0.02544596706820712,0.0021615521320767143,0.02131235250237159,0.005522597700599634,0.000352032255218097,0.003673335627768472,0.0007870061264782182,3.4750538070660196e-05,3.641006813737917e-05,,,,,,,,
4656.604345943652,0.008622760717379292,0.02537595261565285,0.0021561980830438277,0.021223127180402538,0.005506788654667814,0.0003511116410206368,0.0036590437036158104,0.0007847353304774372,3.465341483481774e-05,3.621042022882137e-05,,,,,,,,
4662.822360404271,0.008602584326338052,0.025306130807518496,0.0021508572957040623,0.021134275405092797,0.005491024863876201,0.00035019343435966727,0.0036448073853529057,0.0007824710865406139,3.4556563045791976e-05,3.601186705283131e-05,,,,,,,,
4669.048677847265,0.008582455146018405,0.025236501113744012,0.0021455297372089182,0.02104579561256909,0.005475306198676968,0.0003492776289391409,0.0036306264566327686,0.0007802133757626885,3.445998194492451e-05,3.581440260664477e-05,,,,,,,,
4675.2833093597055,0.008562373065951997,0.025167063005727554,0.002140215374791251,0.020957686245505154,0.005459632529893111,0.0003483642184794729,0.003616500701950122,0.0007779621792931415,3.436367077567697e-05,3.5618020920411925e-05,,,,,,,,
4681.526266043451,0.00854233797592899,0.025097815956321975,0.0021349141757650856,0.02086994575309478,0.005444003728717432,0.00034745319671750216,0.003602429906638204,0.0007757174783358527,3.426762878362573e-05,3.542271605701817e-05,,,,,,,,
4687.777559015202,0.008522349765997417,0.025028759439830347,0.0021296261075254017,0.020782572591024076,0.005428419666711435,0.0003465445574064449,0.0035884138568654063,0.000773479254148927,3.4171855216455374e-05,3.52284821119032e-05,,,,,,,,
4694.037199406487,0.008502408326462598,0.024959892932002414,0.0021243511375479474,0.020695565221444726,0.005412880215804316,0.00034563829431585603,0.0035744523396321385,0.0007712474880445533,3.407634932395347e-05,3.503531321288405e-05,,,,,,,,
4700.305198363714,0.008482513547886492,0.024891215910030153,0.0021190892333890236,0.02060892211294646,0.005397385248291867,0.00034473440123158146,0.003560545142767473,0.0007690221613888348,3.398111035800385e-05,3.484320351997623e-05,,,,,,,,
4706.581567048158,0.008462665321087193,0.02482272785254428,0.0021138403626853007,0.02052264174053061,0.005381934636835469,0.0003438328719557198,0.0035466920549260344,0.0007668032556016482,3.38861375725817e-05,3.465214722521807e-05,,,,,,,,
4712.866316636016,0.008442863537138202,0.024754428239609848,0.002108604493153603,0.0204367225855827,0.005366528254460992,0.0003429337003065762,0.0035328928655846917,0.0007645907521564726,3.3791430223746916e-05,3.446213855249447e-05,,,,,,,,
4719.159458318395,0.008423108087367947,0.024686316552722652,0.0021033815925907227,0.020351163135846267,0.005351165974557823,0.0003420368801186237,0.003519147365039421,0.000762384632580248,3.369698756963882e-05,3.427317175736292e-05,,,,,,,,
4725.461003301346,0.008403398863359134,0.02461839227480517,0.002098171628873226,0.020265961885395922,0.005335847670877765,0.00034114240524245933,0.003505455344402111,0.0007601848784532157,3.3602808870470144e-05,3.408524112687956e-05,,,,,,,,
4731.7709628058965,0.008383735756948108,0.02455065489020242,0.0020929745699572256,0.020181117334610782,0.005320573217534012,0.0003402502695447586,0.003491816595597333,0.0007579914714087593,3.3508893388521e-05,3.389834097942581e-05,,,,,,,,
4738.08934806804,0.008364118660224372,0.024483103884678482,0.002087790383878232,0.020096627990148445,0.005305342489000143,0.00033936046690824024,0.003478230911359272,0.0007558043931332654,3.341524038813362e-05,3.371246566453795e-05,,,,,,,,
4744.41617033879,0.00834454746552986,0.024415738745412145,0.0020826190387509026,0.020012492364918193,0.005290155360109049,0.0003384729912316176,0.003464698085228485,0.0007536236253659532,3.332184913570603e-05,3.352760956273498e-05,,,,,,,,
4750.751440884169,0.008325022065458484,0.02434855896099343,0.002077460502768901,0.019928708978055383,0.005275011706051947,0.0003375878364295627,0.003451217911548837,0.0007514491498987377,3.322871889968685e-05,3.334376708534964e-05,,,,,,,,
4757.095170985258,0.008305542352855409,0.024281564021419268,0.002072314744204645,0.019845276354894806,0.005259911402377314,0.0003367049964326578,0.0034377901854643154,0.0007492809485760642,3.3135848950569024e-05,3.316093267435875e-05,,,,,,,,
4763.447371938184,0.008286108220816595,0.024214753418090096,0.0020671817314091676,0.019762193026945298,0.0052448543249899,0.0003358244651873614,0.0034244147029159734,0.0007471190032947717,3.3043238560884624e-05,3.297910080221609e-05,,,,,,,,
4769.808055054178,0.008266719562688084,0.024148126643805543,0.0020620614328118684,0.019679457531863336,0.005229840350149673,0.0003349462366559598,0.0034110912606387686,0.0007449632960039245,3.295088700519866e-05,3.2798265971683954e-05,,,,,,,,
4776.177231659555,0.008247376272065541,0.024081683192761022,0.002056953816920371,0.019597068413427857,0.005214869354470842,0.00033407030481653167,0.0033978196561585488,0.0007428138087046776,3.285879356010389e-05,3.2618422715668484e-05,,,,,,,,
4782.554913095773,0.008228078242793549,0.024015422560543412,0.0020518588523202787,0.019515024221514066,0.005199941214920794,0.0003331966636629003,0.003384599687788879,0.0007406705234501131,3.2766957504214626e-05,3.243956559705302e-05,,,,,,,,
4788.941110719416,0.008208825368965127,0.023949344244127733,0.0020467765076750324,0.01943332351206848,0.005185055808819153,0.00033232530720459966,0.0033714311546280836,0.0007385334223451015,3.267537811816165e-05,3.226168920853491e-05,,,,,,,,
4795.335835902251,0.008189617544921063,0.023883447741872853,0.002041706751725666,0.019351964847082934,0.005170213013836671,0.00033145622946682655,0.003358313856556096,0.0007364024875461435,3.2584054684586e-05,3.208478817246076e-05,,,,,,,,
4801.739100031216,0.008170454665249419,0.023817732553518062,0.0020366495532906613,0.019270946794569782,0.005155412707994334,0.0003305894244904052,0.003345247594231483,0.0007342777012612269,3.249298648813384e-05,3.190885714066512e-05,,,,,,,,
4808.150914508455,0.008151336624784908,0.02375219818017912,0.002031604881265727,0.01919026792853646,0.005140654769662284,0.0003297248863317427,0.003332232169088406,0.000732159045749677,3.2402172815450676e-05,3.173389079430815e-05,,,,,,,,
4814.571290751348,0.008132263318608272,0.02368684412434428,0.0020265727046236102,0.019109926828960205,0.005125939077558835,0.00032886260906278867,0.003319267383333547,0.0007300465033220014,3.231161295517552e-05,3.155988384371457e-05,,,,,,,,
4821.000240192507,0.00811323464204582,0.023621669889870935,0.0020215529924139213,0.019029922081763528,0.0051112655107494985,0.0003280025867709977,0.0033063530399432012,0.0007279400563397571,3.222130619793583e-05,3.138683102821439e-05,,,,,,,,
4827.437774279824,0.00809425049066872,0.023556674981981402,0.002016545713762923,0.018950252278788767,0.005096633948645958,0.00032714481355928426,0.003293488942660173,0.000725839687215386,3.213125183634139e-05,3.12147271159832e-05,,,,,,,,
4833.883904476463,0.008075310760292557,0.023491858907259574,0.0020115508378733596,0.01887091601777388,0.005082044271005114,0.00032628928354598607,0.0032806748959909,0.0007237453784120828,3.204144916497932e-05,3.104356690388488e-05,,,,,,,,
4840.338642260911,0.008056415346976632,0.02342722117364676,0.0020065683340242503,0.018791911902327187,0.005067496357928056,0.0003254359908648206,0.0032679107052023897,0.0007216571124436359,3.1951897480408085e-05,3.087334521731301e-05,,,,,,,,
4846.801999126965,0.008037564147023526,0.023362761290438388,0.002001598171570719,0.01871323854190334,0.005052990089859115,0.00032458492966484884,0.003255196176319333,0.0007195748718742957,3.186259608115223e-05,3.0704056910035884e-05,,,,,,,,
4853.273986583786,0.008018757056978392,0.02329847876827985,0.0019966403199437772,0.018634894551778355,0.005038525347584842,0.00032373609411043015,0.0032425311161210966,0.000717498639318613,3.177354426769678e-05,3.0535696864039657e-05,,,,,,,,
4859.754616155888,0.007999993973628524,0.023234373119163196,0.0019916947486501796,0.018556878553025673,0.005024102012233088,0.00032288947838118794,0.0032299153321388415,0.0007154283974413083,3.1684741342481994e-05,3.0368259989374713e-05,,,,,,,,
4866.24389938319,0.007981274794002657,0.023170443856423036,0.0019867614272721847,0.018479189172491493,0.005009719965271932,0.000322045076671963,0.003217348632652542,0.0007133641289571149,3.159618660989748e-05,3.020174122400057e-05,,,,,,,,
4872.741847821004,0.007962599415370536,0.023106690494733205,0.0019818403254674185,0.018401825042770992,0.0049953790885088264,0.0003212028831927812,0.0032048308266881408,0.0007113058166306456,3.1507879376277215e-05,3.003613553363419e-05,,,,,,,,
4879.248473040088,0.007943967735242223,0.023043112550102746,0.0019769314129686397,0.018324784802183865,0.004981079264089501,0.00032036289216880686,0.003192361724014558,0.0007092534432762394,3.141981894989366e-05,2.98714379115966e-05,,,,,,,,
4885.763786626639,0.007925379651367625,0.022979709539872537,0.001972034659583597,0.01824806709475069,0.004966820374497109,0.00031952509784030875,0.0031799411351408923,0.0007072069917578247,3.133200464095275e-05,2.970764337866222e-05,,,,,,,,
4892.287800182322,0.007906835061735925,0.022916480982711495,0.0019671500351948167,0.018171670570168958,0.004952602302551185,0.0003186894944626171,0.003167568871313486,0.0007051664449887743,3.124443576158827e-05,2.954474698290832e-05,,,,,,,,
4898.820525324311,0.007888333864574947,0.022853426398612754,0.001962277509759419,0.0180955938837891,0.004938424931406698,0.0003178560763060844,0.0031552447445130495,0.0007031317859317567,3.115711162585635e-05,2.9382743799564703e-05,,,,,,,,
4905.3619736852725,0.007869875958350715,0.022790545308890388,0.001957417053308947,0.018019835696591203,0.004924288144553117,0.00031702483765604913,0.0031429685674518623,0.0007011029975986076,3.1070031549730485e-05,2.922162893086578e-05,,,,,,,,
4911.912156913426,0.007851461241766767,0.022727837236175396,0.0019525686359491677,0.017944394675161037,0.004910191825813418,0.0003161957728127922,0.0031307401535708404,0.0006990800630501715,3.098319485109568e-05,2.9061397505901308e-05,,,,,,,,
4918.471086672524,0.00783308961376373,0.022665301704412423,0.0019477322278599004,0.017869269491666964,0.004896135859343165,0.00031536887609150165,0.0031185593170367965,0.000697062965396175,3.089660084974361e-05,2.8902044680470433e-05,,,,,,,,
4925.038774641915,0.007814760973518638,0.022602938238855813,0.0019429077992948207,0.01779445882383621,0.004882120129629513,0.00031454414182223065,0.003106425872739531,0.0006950516877950734,3.08102488673668e-05,2.8743565636934114e-05,,,,,,,,
4931.615232516521,0.0077964752204444975,0.02254074636606632,0.0019380953205812917,0.017719961354931972,0.004868144521490328,0.0003137215643498622,0.0030943396362890846,0.0006930462134539211,3.072413822755381e-05,2.8585955584070235e-05,,,,,,,,
4938.2004720069035,0.007778232254189621,0.022478725613907218,0.0019332947621201661,0.017645775773729794,0.0048542089200731406,0.000312901138034066,0.003082300424012882,0.0006910465256282225,3.063826825578343e-05,2.842920975692818e-05,,,,,,,,
4944.79450483924,0.007760031974637195,0.02241687551154102,0.0019285060943856204,0.017571900774494994,0.004840313210854321,0.00031208285724926364,0.0030703080529529934,0.0006890526076217994,3.0552638279419886e-05,2.827332341668553e-05,,,,,,,,
4951.397342755385,0.0077418742819046074,0.022355195589425586,0.0019237292879249566,0.017498335056959156,0.004826457279638014,0.0003112667163845868,0.0030583623408632975,0.0006870644427866433,3.0467247627707102e-05,2.8118291850503685e-05,,,,,,,,
4958.008997512851,0.007723759076343022,0.02229368537931089,0.0019189643133584375,0.017425077326297767,0.004812641012555324,0.0003104527098438426,0.0030464631062067796,0.0006850820145227867,3.0382095631763913e-05,2.7964110371386657e-05,,,,,,,,
4964.629480884875,0.00770568625853671,0.022232344414235092,0.0019142111413790904,0.017352126293106913,0.004798864296063258,0.00030964083204547074,0.0030346101681526893,0.0006831053062781525,3.0297181624578355e-05,2.7810774318038233e-05,,,,,,,,
4971.258804660396,0.007687655729302619,0.02217117222852136,0.0019094697427525379,0.01727948067338103,0.0047851270169439,0.00030883107742250853,0.003022803346573877,0.0006811343015484291,3.0212504941002847e-05,2.7658279054721955e-05,,,,,,,,
4977.8969806440955,0.0076696673896897525,0.02211016835777416,0.0019047400883168224,0.017207139188490116,0.004771429062303416,0.0003080234404225526,0.003011042462044006,0.0006791689838769234,3.012806491774882e-05,2.7506619971120398e-05,,,,,,,,
4984.5440206564335,0.007651721140978626,0.022049332338875616,0.0019000221489822021,0.017135100565157022,0.004757770319571131,0.0003072179155077175,0.002999327335834819,0.0006772093368544221,3.004386089338132e-05,2.73557924821958e-05,,,,,,,,
4991.199936533634,0.007633816884680802,0.02198866370998226,0.0018953158957310033,0.01706336353543551,0.0047441506764986366,0.00030641449715460326,0.0029876577899134774,0.0006752553441190635,2.9959892208314325e-05,2.7205792028052062e-05,,,,,,,,
4997.864740127748,0.0076159545225382335,0.021928162010521245,0.0018906212996174189,0.016991926836687408,0.004730570021158823,0.0003056131798542508,0.002976033646939772,0.0006733069893561922,2.9876158204804847e-05,2.7056614073795807e-05,,,,,,,,
5004.5384433066265,0.007598133956522852,0.021867826781187153,0.001885938331767346,0.016920789211560892,0.004717028241945022,0.00030481395811211105,0.002964454730263525,0.0006713642562982301,2.9792658226948626e-05,2.6908254109400545e-05,,,,,,,,
5011.221057953995,0.007580355088835901,0.02180765756393816,0.001881266963378194,0.01684994940796788,0.004703525227570002,0.00030401682644800145,0.0029529208639218056,0.0006694271287245318,2.9709391620674264e-05,2.6760707649569166e-05,,,,,,,,
5017.912595969424,0.0075626178219075245,0.021747653901992944,0.0018766071657187226,0.016779406179062453,0.004690060867065158,0.0003032217793960735,0.0029414318726363508,0.00066749559046126,2.9626357733738656e-05,2.6613970233599375e-05,,,,,,,,
5024.613069268394,0.007544922058396111,0.021687815339826784,0.001871958910128849,0.016709158283218443,0.004676635049779487,0.00030242881150476924,0.0029299875818108207,0.0006655696253812385,2.9543555915721383e-05,2.6468037425247703e-05,,,,,,,,
5031.322489782275,0.007527267701187877,0.02162814142316856,0.001867322168019488,0.01663920448400806,0.004663247665378797,0.00030163791733679073,0.002918587817528209,0.0006636492174038314,2.9460985518020116e-05,2.6322904812596612e-05,,,,,,,,
5038.040869458391,0.007509654653396215,0.02156863169899688,0.0018626969108723602,0.016569543550179644,0.00464989860384468,0.0003008490914690567,0.0029072324065481463,0.0006617343504947935,2.9378645893845033e-05,2.617856800792001e-05,,,,,,,,
5044.7682202600045,0.007492082818361271,0.021509285715536983,0.0018580831102398287,0.016500174255636418,0.004636587755473718,0.00030006232849267,0.0028959211763043093,0.0006598250086661493,2.9296536398214195e-05,2.603502264755147e-05,,,,,,,,
5051.504554166351,0.0074745520996493614,0.02145010302225714,0.0018534807377447269,0.016431095379414725,0.004623315010876508,0.00029927762301287764,0.0028846539549017905,0.0006579211759760535,2.9214656387948303e-05,2.5892264391751773e-05,,,,,,,,
5058.24988317268,0.007457062401052404,0.02139108316986514,0.0018488897650801581,0.016362305705662362,0.004610080260976782,0.0002984949696490337,0.002873430571114451,0.0006560228365286566,2.9133005221665474e-05,2.5750288924577696e-05,,,,,,,,
5065.004219290235,0.007439613626587496,0.021332225710305183,0.0018443101640093632,0.01629380402361759,0.004596883397010529,0.00029771436303456566,0.0028622508543823715,0.0006541299744739779,2.9051582259776652e-05,2.5609091953752116e-05,,,,,,,,
5071.767574546318,0.007422205680496267,0.021273530196754105,0.0018397419063655013,0.016225589127587356,0.004583724310525066,0.00029693579781693287,0.00285111463480921,0.0006522425740077647,2.8970386864480103e-05,2.5468669210533252e-05,,,,,,,,
5078.539960984276,0.0074048384672444475,0.021214996183618356,0.0018351849640515217,0.01615765981692654,0.004570602893378205,0.00029615926865759497,0.0028400217431596687,0.000650360619371371,2.8889418399756912e-05,2.5329016449586753e-05,,,,,,,,
5085.321390663553,0.007387511891521298,0.02115662322653024,0.001830639309039946,0.01609001489601637,0.0045575190377372754,0.00029538477023196945,0.0028289720108568683,0.0006484840948516137,2.8808676231365506e-05,2.5190129448856312e-05,,,,,,,,
5092.111875659677,0.007370225858239104,0.021098410882344928,0.0018261049133727414,0.016022653174243787,0.004544472636078346,0.0002946122972294016,0.0028179652699798522,0.0006466129847806555,2.8728159726837185e-05,2.505200400943695e-05,,,,,,,,
5098.911428064322,0.007352980272532617,0.021040358709136734,0.0018215817491611024,0.015955573465980137,0.004531463581185228,0.00029384184435312207,0.0028070013532609534,0.0006447472735358592,2.8647868255470666e-05,2.491463595544706e-05,,,,,,,,
5105.720059985287,0.007335775039758618,0.020982466266196098,0.0018170697885853259,0.015888774590560612,0.0045184917661487065,0.00029307340632021606,0.0027960800940833416,0.0006428869455396702,2.856780118832764e-05,2.4778021133903257e-05,,,,,,,,
5112.537783546559,0.00731861006549528,0.020924733114025873,0.0018125690038945934,0.01582225537226317,0.0045055570843655504,0.00029230697786158103,0.002785201326478402,0.0006410319852594749,2.8487957898227362e-05,2.4642155414593886e-05,,,,,,,,
5119.364610888293,0.007301485255541777,0.020867158814338392,0.0018080793674068467,0.015756014640288148,0.0044926594295377495,0.0002915425537218972,0.0027743648851233,0.0006391823772074845,2.840833775974221e-05,2.4507034689954787e-05,,,,,,,,
5126.200554166879,0.00728440051591764,0.020809742930051743,0.001803600851508572,0.01569005122873734,0.004479798695671525,0.0002907801286595855,0.0027635706053383896,0.0006373381059405903,2.832894014919231e-05,2.437265487494463e-05,,,,,,,,
5133.045625554919,0.007267355752862354,0.02075248502528678,0.0017991334286546713,0.015624363976593777,0.004466974777076566,0.0002900196974467764,0.0027528183230847675,0.0006354991560602473,2.8249764444641076e-05,2.4239011906921903e-05,,,,,,,,
5139.8998372412725,0.00725035087283479,0.02069538466536368,0.0017946770713682671,0.015558951727701118,0.00445418756836509,0.00028926125486927116,0.00274210787496177,0.0006336655122123411,2.8170810025890154e-05,2.4106101745521892e-05,,,,,,,,
5146.76320143109,0.007233385782512653,0.02063844141679849,0.0017902317522405366,0.01549381333074323,0.004441436964450989,0.0002885047957265059,0.002731439098204442,0.0006318371590870544,2.8092076274474382e-05,2.3973920372534034e-05,,,,,,,,
5153.635730345799,0.007216460388792073,0.020581654847300176,0.0017857974439305549,0.015428947639224188,0.004428722860549008,0.00028775031483151906,0.002720811830681145,0.0006300140814187519,2.8013562573657422e-05,2.3842463791781428e-05,,,,,,,,
5160.5174362231655,0.007199574598786974,0.020525024525766974,0.0017813741191651114,0.01536435351144777,0.004416045152173806,0.0002869978070109118,0.0027102259108910164,0.0006281962639858376,2.793526830842623e-05,2.3711728028999076e-05,,,,,,,,
5167.408331317278,0.007182728319828682,0.020468550022283483,0.0017769617507385576,0.01530002981049769,0.004403403735139192,0.0002862472671048157,0.0026996811779615715,0.0006263836916106413,2.785719286548705e-05,2.3581709131714382e-05,,,,,,,,
5174.308427898609,0.0071659214594653,0.020412230908116998,0.0017725603115126241,0.015235975404217256,0.0043907985055571695,0.00028549868996685483,0.002689177471646215,0.0006245763491592801,2.7779335633259906e-05,2.3452403169127158e-05,,,,,,,,
5181.217738253992,0.007149153925461318,0.020356066755714677,0.0017681697744162694,0.0151721891651898,0.0043782293598371835,0.00028475207046411375,0.002678714632321848,0.0006227742215415448,2.7701696001874347e-05,2.332380623199142e-05,,,,,,,,
5188.136274686692,0.007132425625796997,0.02030005713869991,0.0017637901124454977,0.015108669970718438,0.004365696194685169,0.0002840074034770982,0.002668292500986396,0.0006209772937107596,2.7624273363164192e-05,2.3195914432496294e-05,,,,,,,,
5195.064049516378,0.00711573646866795,0.020244201631869435,0.00175942129866321,0.015045416702806727,0.0043531989071028,0.0002832646838997037,0.002657910919256449,0.0006191855506636701,2.7547067110663244e-05,2.3068723904149525e-05,,,,,,,,
5202.001075079195,0.0070990863624845685,0.02018849981118974,0.0017550633061990146,0.01498242824813857,0.004340737394386545,0.00028252390663917744,0.0026475697293647836,0.000617398977440306,2.7470076639600068e-05,2.2942230801659622e-05,,,,,,,,
5208.947363727735,0.007082475215871605,0.020132951253794232,0.0017507161082490961,0.014919703498059034,0.0043283115541269245,0.00028178506661608694,0.0026372687741580466,0.0006156175591238667,2.739330134689371e-05,2.2816431300820477e-05,,,,,,,,
5215.90292783111,0.0070659029376675606,0.020077555537979665,0.0017463796780760091,0.014857241348554425,0.004315921284207565,0.0002810481587642811,0.002627007897094282,0.0006138412808405886,2.7316740631148533e-05,2.269132159839479e-05,,,,,,,,
5222.867779774928,0.007049369436924291,0.02002231224320322,0.0017420539890085534,0.014795040700233218,0.004303566482804451,0.0002803131780308584,0.002616786942240627,0.0006120701277596263,2.7240393892649875e-05,2.2566897912000036e-05,,,,,,,,
5229.8419319613395,0.0070328746229064605,0.019967220950079214,0.001737739014441585,0.014733100458306548,0.00429124704838505,0.0002795801193761323,0.0026066057542709097,0.0006103040850929272,2.7164260533359216e-05,2.2443156479993688e-05,,,,,,,,
5236.82539680907,0.0070164184050910015,0.019912281240375758,0.0017334347278358552,0.01467141953256879,0.004278962879707439,0.00027884897777359353,0.0025964641784632586,0.0006085431380951033,2.7088339956909295e-05,2.2320093561359072e-05,,,,,,,,
5243.818186753407,0.00700000069316672,0.019857492697011907,0.0017291411027178594,0.014609996837378727,0.004266713875819563,0.00027811974820988073,0.0025863620606978222,0.0006067872720633192,2.7012631568599852e-05,2.2197705435593208e-05,,,,,,,,
5250.8203142462635,0.006983621397033683,0.019802854904054142,0.0017248581126796591,0.014548831291640038,0.0042544999360583004,0.00027739242568473985,0.0025762992474543454,0.0006050364723371555,2.693713477539251e-05,2.2075988402593385e-05,,,,,,,,
5257.831791756161,0.006967280426802837,0.01974836744671356,0.001720585731378734,0.014487921818782673,0.004242320960048743,0.00027666700521099643,0.0025662755858099164,0.0006032907242984991,2.6861848985906576e-05,2.1954938782546143e-05,,,,,,,,
5264.852631768286,0.0069509776927954075,0.01969402991134235,0.0017163239325378057,0.01442726734674349,0.004230176847703261,0.0002759434818145155,0.002556290923436573,0.00060155001337141,2.678677361041398e-05,2.1834552915815104e-05,,,,,,,,
5271.882846784482,0.0069347131055425126,0.019639841885431053,0.00171207268994469,0.014366866807947815,0.004218067499220794,0.0002752218505341726,0.0025463451085990414,0.0005998143250220113,2.6711908060835068e-05,2.171482716283132e-05,,,,,,,,
5278.922449323305,0.006918486575784562,0.01958580295760504,0.0017078319774521224,0.014306719139290219,0.004205992815085916,0.0002745021064218152,0.002536437990152387,0.0005980836447583554,2.6637251750733588e-05,2.1595757903982354e-05,,,,,,,,
5285.971451920003,0.006902298014470884,0.01953191271762176,0.0017036017689776102,0.014246823282116228,0.004193952696068129,0.0002737842445422324,0.0025265694175397586,0.0005963579581303144,2.6562804095312515e-05,2.1477341539503643e-05,,,,,,,,
5293.029867126588,0.006886147332759122,0.01947817075636725,0.0016993820385032593,0.01418717818220328,0.004181947043220943,0.000273068259973118,0.0025167392407900568,0.0005946372507294493,2.6488564511409028e-05,2.1359574489368793e-05,,,,,,,,
5300.097707511809,0.006870034442014833,0.01942457666585341,0.0016951727600756268,0.01412778278974257,0.0041699757578811635,0.00027235414780504055,0.0025069473105157085,0.0005929215081888991,2.6414532417490407e-05,2.1242453193182296e-05,,,,,,,,
5307.1749856612205,0.0068539592538109624,0.019371130039214545,0.0016909739078055487,0.014068636059320197,0.004158038741667977,0.00027164190314140523,0.0024971934779103267,0.000591210716183253,2.634070723364906e-05,2.1125974110071077e-05,,,,,,,,
5314.261714177166,0.006837921679927358,0.01931783047070458,0.0016867854558679902,0.014009736949899054,0.004146135896482237,0.0002709315210984236,0.0024874775947465234,0.0005895048604284364,2.626708838159817e-05,2.101013371857792e-05,,,,,,,,
5321.3579056788185,0.006821921632350321,0.019264677555693846,0.0016826073785018909,0.01395108442480042,0.004134267124505616,0.0002702229968050796,0.0024777995133736107,0.0005878039266815898,2.6193675284667314e-05,2.0894928516554998e-05,,,,,,,,
5328.463572802216,0.006805959023272051,0.019211670890665864,0.0016784396500099815,0.013892677451685527,0.004122432328199764,0.0002695163254030938,0.0024681590867153534,0.000586107900740945,2.612046736779758e-05,2.0780355021057556e-05,,,,,,,,
5335.5787282002475,0.00679003376509026,0.019158810073214624,0.0016742822447586645,0.013834515002537743,0.004110631410305594,0.00026881150204689433,0.0024585561682677792,0.0005844167684457182,2.604746405753748e-05,2.0666409768239327e-05,,,,,,,,
5342.703384542721,0.006774145770407587,0.019106094702041155,0.0016701351371778167,0.013776596053644116,0.004098864273842388,0.0002681085219035781,0.0024489906120968843,0.0005827305156759775,2.597466478203803e-05,2.055308931324693e-05,,,,,,,,
5349.837554516342,0.006758294952031228,0.019053524376950823,0.001665998301760664,0.013718919585577666,0.004087130822107091,0.0002674073801528838,0.0024394622728364933,0.0005810491283525374,2.5902068971048714e-05,2.0440390230116674e-05,,,,,,,,
5356.981250824773,0.006742481222972344,0.019001098698849982,0.0016618717130636026,0.013661484583179164,0.004075430958673426,0.00026670807198715316,0.00242997100568597,0.0005793725924368317,2.582967605591257e-05,2.0328309111670165e-05,,,,,,,,
5364.134486188625,0.0067267044964457,0.01894881726974321,0.0016577553457060587,0.013604290035539538,0.004063764587391192,0.0002660105926113034,0.0024205166664080942,0.0005777008939308042,2.575748546956217e-05,2.0216842569411865e-05,,,,,,,,
5371.297273345511,0.0067109646858690706,0.01889667969273005,0.0016536491743703175,0.013547334935981804,0.004052131612385383,0.00026531493724278826,0.002411099111326804,0.0005760340188767851,2.568549664651477e-05,2.010598723342621e-05,,,,,,,,
5378.469625050034,0.006695261704862881,0.018844685572002254,0.0016495531738013813,0.013490618282043622,0.0040405319380554935,0.00026462110111157174,0.0024017181973250614,0.0005743719533573811,2.561370902286826e-05,1.9995739752276282e-05,,,,,,,,
5385.65155407385,0.00667959546724962,0.01879283451284049,0.0016454673188068016,0.013434139075459374,0.004028965469074635,0.0002639290794600895,0.0023923737818426385,0.0005727146834953506,2.554212203629638e-05,1.9886096792901702e-05,,,,,,,,
5392.843073205647,0.00666396588705348,0.01874112612161163,0.0016413915842565365,0.013377896322142894,0.004017432110388852,0.00026323886754322145,0.0023830657228739887,0.0005710621954534982,2.547073512604469e-05,1.977705504051876e-05,,,,,,,,
5400.04419525121,0.0066483728784997725,0.01868956000576549,0.0016373259450827833,0.013321889032169635,0.004005931767216245,0.0002625504606282537,0.0023737938789660474,0.0005694144754345483,2.5399547732925786e-05,1.9668611198519386e-05,,,,,,,,
5407.2549330334095,0.006632816356014559,0.018638135773832103,0.0016332703762798344,0.013266116219759566,0.003994464345046272,0.00026186385399485154,0.002364558109216126,0.0005677715096810404,2.5328559299315278e-05,1.9560761988372142e-05,,,,,,,,
5414.475299392239,0.0066172962342241175,0.018586853035418616,0.0016292248529039264,0.013210576903259656,0.003983029749638938,0.00026117904293502424,0.0023553582732697416,0.0005661332844752081,2.5257769269147252e-05,1.9453504149522684e-05,,,,,,,,
5421.705307184851,0.006601812427954469,0.018535711401206245,0.0016251893500730638,0.01315527010512651,0.003971627887023986,0.00026049602275309187,0.0023461942313184802,0.0005644997861388621,2.5187177087909784e-05,1.9346834439295205e-05,,,,,,,,
5428.944969285547,0.0065863648522309845,0.018484710482947534,0.0016211638429669026,0.013100194851909438,0.003960258663500205,0.0002598147887656556,0.0023370658440979024,0.0005628710010332842,2.5116782202640934e-05,1.9240749632794836e-05,,,,,,,,
5436.19429858584,0.006570953422277808,0.01843384989346317,0.0016171483068265571,0.013045350174232974,0.003948921985634568,0.0002591353363015631,0.002327972972885385,0.0005612469155591055,2.5046584061924022e-05,1.9135246522809377e-05,,,,,,,,
5443.453307994437,0.006555578053517508,0.018383129246639297,0.001613142716954488,0.012990735106780176,0.003937617760261558,0.0002584576607018797,0.002318915479498066,0.0005596275161561993,2.497658211588371e-05,1.9030321919713233e-05,,,,,,,,
5450.722010437301,0.006540238661570501,0.01833254815742431,0.0016091470487143112,0.012936348688275276,0.003926345894482305,0.00025778175731985245,0.0023098932262906784,0.0005580127893035608,2.4906775816181275e-05,1.892597265137017e-05,,,,,,,,
5458.000418857637,0.006524935162254696,0.018282106241826194,0.0016051612775306848,0.012882189961467116,0.003915106295663924,0.0002571076215208818,0.00230090607615353,0.0005564027215192025,2.483716461601075e-05,1.882219556303814e-05,,,,,,,,
5465.288546215952,0.006509667471584927,0.01823180311690937,0.0016011853788891188,0.012828257973111944,0.003903898871438648,0.000256435248682487,0.0022919538925103545,0.0005547972993600322,2.47677479700942e-05,1.8718987517273106e-05,,,,,,,,
5472.5864054900385,0.006494435505772597,0.018181638400792035,0.001597219328335865,0.012774551773956998,0.0038927235297031766,0.00025576463419427746,0.002283036539316289,0.0005531965094217524,2.4698525334677936e-05,1.8616345393835063e-05,,,,,,,,
5479.894009675042,0.006479239181225114,0.018131611712642985,0.0015932631014777248,0.012721070418723425,0.0038815801786178145,0.0002550957734579177,0.002274153881055763,0.0005516003383387354,2.462949616752763e-05,1.8514266089592955e-05,,,,,,,,
5487.211371783443,0.0064640784145455245,0.018081722672679,0.0015893166739819379,0.012667812966089978,0.0038704687266058043,0.00025442866188709836,0.0022653057827404727,0.0005500087727839218,2.4560659927924734e-05,1.8412746518431286e-05,,,,,,,,
5494.538504845094,0.0064489531225320135,0.018031970902161795,0.0015853800215760076,0.012614778478676297,0.003859389082352536,0.00025376329490750456,0.0022564921099073204,0.0005484217994687055,2.4492016076661888e-05,1.8311783611156826e-05,,,,,,,,
5501.87542190727,0.006433863222177418,0.017982356023395103,0.0015814531200475557,0.012561966023026283,0.0038483411548047644,0.0002530996679567822,0.0022477127286163485,0.0005468394051428209,2.442356407603859e-05,1.8211374315405436e-05,,,,,,,,
5509.22213603464,0.0064188086306688295,0.01793287765972202,0.0015775359452441836,0.012509374669591981,0.0038373248531699392,0.00025243777648451037,0.0022389675054487416,0.0005452615765942369,2.4355303389857355e-05,1.8111515595550385e-05,,,,,,,,
5516.578660309344,0.006403789265387108,0.017883535435521878,0.00157362847307331,0.012457003492716858,0.003826340086915368,0.00025177761595216645,0.0022302563075047616,0.0005436883006490402,2.428723348341908e-05,1.801220443260984e-05,,,,,,,,
5523.9450078309665,0.006388805043906438,0.017834328976207646,0.0015697306795020365,0.012404851570619876,0.0038153867657675653,0.0002511191818330979,0.0022215790024017654,0.0005421195641713332,2.4219353823519294e-05,1.791343782415641e-05,,,,,,,,
5531.321191716607,0.006373855883993848,0.01778525790822285,0.0015658425405569861,0.0123529179853789,0.0038044647997114156,0.0002504624696124888,0.0022129354582721525,0.0005405553540631152,2.4151663878443555e-05,1.7815212784225618e-05,,,,,,,,
5538.70722510086,0.006358941703608828,0.017736321859038985,0.0015619640323241695,0.012301201822914904,0.0037935740989895298,0.0002498074747873318,0.002204325543761409,0.000538995657264184,2.4084163117963694e-05,1.771752634322631e-05,,,,,,,,
5546.103121135878,0.006344062420902784,0.01768752045715242,0.001558095130948824,0.012249702172975531,0.0037827145741014113,0.00024915419286639394,0.002195749128026053,0.0005374404607520148,2.4016851013333264e-05,1.762037554785015e-05,,,,,,,,
5553.5088929913545,0.00632921795421869,0.017638853332081858,0.0015542358126352808,0.012198418129119412,0.0037718861358028155,0.0002485026193701885,0.0021872060807317127,0.0005358897515416622,2.3949727037283794e-05,1.7523757460983098e-05,,,,,,,,
5560.924553854592,0.006314408222090537,0.017590320114365218,0.001550386053646805,0.01214734878869989,0.003761088695104923,0.0002478527498309422,0.002178696272051074,0.0005343435166856426,2.388279066402026e-05,1.7427669161615974e-05,,,,,,,,
5568.350116930479,0.006299633143242989,0.01754192043555716,0.0015465458303054644,0.012096493252849425,0.0037503221632736975,0.0002472045797925673,0.0021702195726619805,0.000532801743273836,2.3816041369217365e-05,1.7332107744756577e-05,,,,,,,,
5575.785595441558,0.00628489263659084,0.017493653928225963,0.0015427151189919633,0.012045850626463506,0.0037395864518290816,0.00024655810481062765,0.002161775853745404,0.000531264418433367,2.3749478630015036e-05,1.7237070321341528e-05,,,,,,,,
5583.231002628013,0.006270186621238647,0.01744552022595101,0.0015388938961455236,0.011995420018185116,0.003728881472544315,0.0002459133204523106,0.002153364986983529,0.0005297315293285069,2.3683101925014673e-05,1.714255401814927e-05,,,,,,,,
5590.686351747706,0.006255515016480259,0.017397518963319866,0.0015350821382637198,0.011945200540388973,0.0037182071374452113,0.00024527022229639664,0.0021449868445577976,0.0005282030631605626,2.3616910734274917e-05,1.704855597771306e-05,,,,,,,,
5598.151656076221,0.0062408777417983265,0.017349649775925444,0.0015312798219023376,0.011895191309165753,0.0037075633588093803,0.0002446288059332269,0.0021366412991469293,0.0005266790071677663,2.3550904539307432e-05,1.6955073358234237e-05,,,,,,,,
5605.626928906843,0.006226274716863958,0.017301912300363452,0.001527486923675239,0.011845391444306833,0.003696950049165594,0.00024398906696467625,0.002128328223925049,0.0005251593486251781,2.3485082823073184e-05,1.6862103333496997e-05,,,,,,,,
5613.112183550636,0.00621170586153617,0.017254306174229364,0.0015237034202542057,0.011795800069288485,0.0036863671212929742,0.00024335100100411887,0.0021200474925596987,0.0005236440748445683,2.3419445069978e-05,1.67696430927823e-05,,,,,,,,
5620.6074333364095,0.006197171095861553,0.01720683103611596,0.0015199292883688088,0.01174641631125672,0.0036758144882203677,0.00024271460367640316,0.002111798979209964,0.0005221331731743224,2.3353990765868925e-05,1.6677689840783336e-05,,,,,,,,
5628.112691610799,0.006182670340073733,0.017159486525610262,0.0015161645048062528,0.011697239301011679,0.0036652920632255404,0.0002420798706178169,0.002103582558524526,0.0005206266309993251,2.3288719398029796e-05,1.6586240797520673e-05,,,,,,,,
5635.627971738234,0.006168203514593018,0.017112272283291128,0.0015124090464112446,0.01164826817299258,0.0036547997598345523,0.00024144679747606197,0.00209539810563979,0.0005191244357408666,2.3223630455177614e-05,1.6495293198258658e-05,,,,,,,,
5643.153287101019,0.006153770540025889,0.01706518795072622,0.0015086628900858401,0.011599502065262229,0.0036443374918209734,0.00024081537991021927,0.00208724549617795,0.000517626574856525,2.315872342745817e-05,1.6404844293421188e-05,,,,,,,,
5650.688651099298,0.0061393713371646445,0.01701823317046957,0.0015049260127893136,0.011550940119492122,0.003633905173205226,0.00024018561359072458,0.002079124606245147,0.0005161330358400728,2.3093997806442455e-05,1.631489134850932e-05,,,,,,,,
5658.234077151137,0.0061250058269868716,0.016971407586058553,0.0015011983915380034,0.011502581480947035,0.0036235027182538434,0.0002395574941993339,0.002071035312429525,0.000514643806221363,2.3029453085122134e-05,1.6225431644017934e-05,,,,,,,,
5665.789578692494,0.006110673930655112,0.01692471084201152,0.0014974800034051837,0.011454425298470305,0.0036131300414787948,0.00023893101742909826,0.002062977491799424,0.0005131588735662332,2.2965088757906215e-05,1.6136462475354114e-05,,,,,,,,
5673.355169177291,0.0060963755695163276,0.016878142583824775,0.0014937708255209107,0.011406470724468515,0.0036027870576367535,0.00023830617898432926,0.0020549510219014413,0.0005116782254763958,2.290090432061654e-05,1.604798115275472e-05,,,,,,,,
5680.930862077397,0.006082110665101561,0.016831702457970145,0.0014900708350718914,0.011358716914896878,0.00359247368172842,0.00023768297458057452,0.0020469557807586344,0.0005102018495893378,2.28368992704842e-05,1.5959985001205726e-05,,,,,,,,
5688.516670882674,0.006067879139125461,0.01678539011189219,0.001486380009301346,0.011311163029244217,0.003582189828997827,0.00023706139994458588,0.0020389916468686368,0.0005087297335782172,2.2773073106145453e-05,1.587247136036106e-05,,,,,,,,
5696.112609101009,0.0060536809134858205,0.01673920519400541,0.0014826983255088468,0.011263808230518119,0.003571935414931596,0.00023644145081428916,0.002031058499201789,0.0005072618651517559,2.270942532763768e-05,1.5785437584461862e-05,,,,,,,,
5703.718690258307,0.006039515910263234,0.016693147353691838,0.0014790257610502126,0.011216651685230419,0.0035617103552583206,0.00023582312293875723,0.0020231562171993582,0.0005057982320541459,2.2645955436395762e-05,1.5698881042257177e-05,,,,,,,,
5711.334927898558,0.006025384051720568,0.01664721624129809,0.0014753622933373317,0.011169692563382244,0.0035515145659477864,0.0002352064120781786,0.002015284680771638,0.0005043388220649363,2.258266293524783e-05,1.5612799116923725e-05,,,,,,,,
5718.96133558381,0.006011285260302637,0.016601411508133,0.0014717078998380605,0.011122930038449717,0.003541347963210365,0.00023459131400383116,0.002007443770296189,0.0005028836229989409,2.2519547328411725e-05,1.5527189205987394e-05,,,,,,,,
5726.597926894247,0.005997219458635678,0.016555732806464662,0.0014680625580760496,0.011076363287369084,0.003531210463496256,0.00023397782449804957,0.001999633366615965,0.000501432622706128,2.2456608121490755e-05,1.5442048721243903e-05,,,,,,,,
5734.244715428165,0.005983186569527022,0.01651017978951811,0.0014644262456306343,0.011029991490522558,0.003521101983494848,0.0002333659393542004,0.001991853351037544,0.0004999858090715282,2.239384482147018e-05,1.5357375088681264e-05,,,,,,,,
5741.9017148020375,0.005969186515964581,0.01646475211147239,0.0014607989401366776,0.010983813831723558,0.0035110224401340004,0.00023275565437664864,0.001984103605329292,0.000498543170015123,2.2331256936712995e-05,1.527316574840136e-05,,,,,,,,
5749.568938650497,0.0059552192211164935,0.016419449427458203,0.001457180619284445,0.010937829498202684,0.003500971750579391,0.00023214696538073398,0.0019763840117195965,0.0004971046934917532,2.2268843976956434e-05,1.5189418154542957e-05,,,,,,,,
5757.246400626411,0.005941284608330669,0.016374271393555014,0.0014535712608194568,0.010892037680593068,0.003490949832233805,0.00023153986819273752,0.0019686944528950435,0.0004956703674910107,2.2206605453307773e-05,1.5106129775204428e-05,,,,,,,,
5764.934114400848,0.005927382601134381,0.016329217666788732,0.001449970842542362,0.010846437572916466,0.0034809566027364856,0.00023093435864985726,0.0019610348119986775,0.000494240180037145,2.214454087824086e-05,1.5023298092367583e-05,,,,,,,,
5772.632093663158,0.0059135131232338186,0.016284287905128817,0.0014463793423087903,0.01080102837256875,0.0034709919799624286,0.00023033043260017505,0.0019534049726281696,0.0004928141191889573,2.2082649765591937e-05,1.4940920601821101e-05,,,,,,,,
5780.340352120955,0.005899676098513721,0.016239481767485922,0.0014427967380292246,0.010755809280306046,0.0034610558820217284,0.00022972808590263264,0.0019458048188341073,0.0004913921730397052,2.202093163055614e-05,1.4858994813085137e-05,,,,,,,,
5788.058903500152,0.005885871451036927,0.016194798913709223,0.001439223007668869,0.010710779500230565,0.0034511482272589137,0.000229127314427001,0.001938234235118196,0.000489974329717002,2.1959385989683576e-05,1.4777518249336026e-05,,,,,,,,
5795.7877615450125,0.005872099105043928,0.016150239004583688,0.0014356581292474908,0.010665938239776473,0.0034412689342522246,0.00022852811405385103,0.0019306931064315012,0.0004885605773827134,2.1898012360875398e-05,1.4696488447331125e-05,,,,,,,,
5803.526940018127,0.00585835898495253,0.016105801701827786,0.0014321020808393196,0.010621284709696203,0.0034314179218130187,0.0002279304806745278,0.001923181318172735,0.0004871509042328683,2.1836810263380336e-05,1.4615902957334683e-05,,,,,,,,
5811.2764527004865,0.005844651015357348,0.016061486668090638,0.0014285548405728761,0.01057681812404627,0.0034215951089850375,0.0002273344101911198,0.0019156987561864622,0.00048574529849754845,2.1775779217790584e-05,1.4535759343043473e-05,,,,,,,,
5819.036313391463,0.0058309751210294854,0.016017293566949715,0.0014250163866308732,0.01053253770017373,0.0034118004150437862,0.00022673989851643386,0.0019082453067614253,0.00048434374844080064,2.1714918746038394e-05,1.4456055181513496e-05,,,,,,,,
5826.806535908876,0.005817331226916025,0.015973222062907997,0.0014214866972500463,0.010488442658702109,0.0034020337594958382,0.00022614694157396372,0.001900820856628755,0.00048294624236053013,2.165422837139202e-05,1.4376788063086314e-05,,,,,,,,
5834.5871340889735,0.005803719258139713,0.015929271821391745,0.0014179657507210547,0.010444532223517985,0.0033922950620782024,0.00022555553529786496,0.0018934252929603084,0.0004815527685884104,2.1593707618452174e-05,1.4297955591316556e-05,,,,,,,,
5842.378121786503,0.005790139139998457,0.015885442508747648,0.0014144535253883133,0.010400805621757039,0.0033825842427576366,0.0002249656756329247,0.001886058503366902,0.0004801633154897799,2.153335601314819e-05,1.4219555382899169e-05,,,,,,,,
5850.179512874686,0.005776590797965002,0.015841733792240586,0.0014109499996498944,0.010357262083790711,0.0033729012217300143,0.00022437735853453672,0.0018787203758966447,0.00047877787146354954,2.1473173082734505e-05,1.4141585067597752e-05,,,,,,,,
5857.991321245298,0.005763074157686435,0.01579814534005082,0.001407455151957359,0.010313900843212423,0.0033632459194196454,0.0002237905799686703,0.001871410799033204,0.00047739642494210017,2.1413158355786644e-05,1.4064042288172336e-05,,,,,,,,
5865.813560808643,0.005749589144983864,0.0157546768212717,0.0014039689608156575,0.010270721136824272,0.0033536182564786396,0.0002232053359118451,0.0018641296616941354,0.00047601896439119194,2.1353311362197832e-05,1.3986924700308705e-05,,,,,,,,
5873.6462454936,0.005736135685851947,0.01571132790590707,0.0014004914047829763,0.010227722204623544,0.0033440181537862626,0.00022262162235110335,0.0018568768532291914,0.0004746454783098668,2.1293631633175184e-05,1.391022997254723e-05,,,,,,,,
5881.489389247665,0.0057227137064584915,0.01566809826486867,0.0013970224624706095,0.010184903289789222,0.003334445532448239,0.0002220394352839801,0.0018496522634186164,0.0004732759552303467,2.1234118701235897e-05,1.383395578621227e-05,,,,,,,,
5889.343006036935,0.0057093231331441065,0.01562498756997385,0.0013935621125428354,0.01014226363866887,0.003324900313796172,0.00022145877071847955,0.001842455782471506,0.0004719103837179467,2.1174772100203892e-05,1.3758099835342355e-05,,,,,,,,
5897.20710984618,0.005695963892421708,0.015581995493942803,0.0013901103337167738,0.010099802500765157,0.0033153824193868373,0.000220879624673043,0.0018352873010241066,0.00047054875237097124,2.1115591365205825e-05,1.368265982662019e-05,,,,,,,,
5905.0817146788195,0.005682635910976212,0.015539121710396387,0.001386667104762267,0.010057519128722847,0.003305891771001578,0.0002203019931765266,0.0018281467101381836,0.00046919104982062586,2.1056576032667783e-05,1.3607633479303688e-05,,,,,,,,
5912.966834556998,0.005669339115664038,0.01549636589385335,0.001383232404501738,0.010015412778315455,0.003296428290645634,0.00021972587226816952,0.0018210339012993339,0.00046783726473091707,2.099772564031131e-05,1.3533018525156487e-05,,,,,,,,
5920.862483521556,0.0056560734335128005,0.01545372771972813,0.0013798062118100703,0.009973482708432334,0.003286991900547527,0.00021915125799757093,0.0018139487664153755,0.000466487385798562,2.0939039727150122e-05,1.3458812708379983e-05,,,,,,,,
5928.76867563211,0.005642838791720815,0.015411206864328139,0.001376388505614468,0.009931728181065434,0.0032775825231583957,0.00021857814642465843,0.001806891197814656,0.0004651414017528886,2.0880517833486174e-05,1.3385013785544581e-05,,,,,,,,
5936.685424967027,0.0056296351176567914,0.015368803004851534,0.001372979264894337,0.009890148461296544,0.0032682000811513827,0.00021800653361966587,0.0017998610882444723,0.0004637993013557484,2.082215950090638e-05,1.331161952552237e-05,,,,,,,,
5944.612745623493,0.005616462338859346,0.015326515819384554,0.0013695784686811449,0.009848742817284071,0.003258844497420975,0.00021743641566310205,0.001792858330869382,0.000462461073401415,2.076396427227869e-05,1.3238627709419114e-05,,,,,,,,
5952.550651717498,0.005603320383036691,0.015284344986899302,0.0013661860960583019,0.009807510520250471,0.0032495156950823963,0.00021686778864572748,0.0017858828192696377,0.00046112670671649963,2.070593169174885e-05,1.3166036130507776e-05,,,,,,,,
5960.499157383905,0.005590209178066149,0.01524229018725107,0.0013628021261610228,0.00976645084446914,0.003240213597470947,0.00021630064866852444,0.0017789344474395195,0.0004597961901598475,2.0648061304736484e-05,1.3093842594161283e-05,,,,,,,,
5968.4582767764305,0.005577128651993837,0.015200351101176093,0.0013594265381762069,0.009725563067251851,0.003230938128141396,0.0002157349918426723,0.0017720131097857565,0.0004584695126224536,2.0590352657931843e-05,1.3022044917786475e-05,,,,,,,,
5976.4280240676935,0.005564078733034236,0.015158527410289089,0.0013560593113423067,0.009684846468935963,0.003221689210867355,0.0002151708142895209,0.0017651187011259199,0.00045714666302736556,2.0532805299292117e-05,1.2950640930758128e-05,,,,,,,,
5984.408413449255,0.0055510593495697695,0.015116818797080706,0.0013527004249491957,0.009644300332871628,0.0032124667696406227,0.00021460811214056173,0.0017582511166867921,0.000455827630329591,2.047541877803777e-05,1.2879628474353046e-05,,,,,,,,
5992.399459131601,0.005538070430150469,0.01507522494491534,0.0013493498583380511,0.00960392394540943,0.003203270728670596,0.00021404688153740507,0.0017514102521028266,0.0004545124035160084,2.0418192644649307e-05,1.2809005401685237e-05,,,,,,,,
6000.401175344219,0.0055251119034935205,0.0150337455380285,0.001346007590901215,0.009563716595887565,0.0031941010123836162,0.00021348711863174895,0.001744596003414512,0.0004532009716052699,2.036112645086341e-05,1.2738769577640474e-05,,,,,,,,
6008.4135763355725,0.005512183698482948,0.014992380261524607,0.0013426736020820792,0.009523677576619566,0.003184957545422378,0.00021292881958535762,0.0017378082670668306,0.00045189332364771635,2.0304219749669806e-05,1.2668918878812322e-05,,,,,,,,
6016.436676373173,0.00549928574416913,0.01495112880137443,0.0013393478713749477,0.00948380618288163,0.00317584025264528,0.00021237198057003095,0.0017310469399076545,0.0004505894487252784,2.024747209530728e-05,1.2599451193437449e-05,,,,,,,,
6024.470489743563,0.005486417969768509,0.01490999084441289,0.0013360303783249215,0.009444101712900407,0.0031667490591258357,0.00021181659776758208,0.0017243119191862055,0.00044928933595139416,2.0190883043260727e-05,1.2530364421332117e-05,,,,,,,,
6032.5150307523845,0.005473580304663107,0.014868966078336474,0.0013327211025277617,0.009404563467840465,0.0031576838901520303,0.00021126266736980675,0.0017176031025514648,0.00044799297447090835,2.0134452150257225e-05,1.246165647382843e-05,,,,,,,,
6040.570313724356,0.005460772678400229,0.014828054191701068,0.001329420023629775,0.009365190751792199,0.003148644671225734,0.0002107101855784622,0.0017109203880506533,0.00044670035345999084,2.007817897426289e-05,1.2393325273711496e-05,,,,,,,,
6048.636353003352,0.00544799502069199,0.014787254873919393,0.001326127121327678,0.009325982871759347,0.0031396313280620636,0.00021015914860523664,0.001704263674127636,0.00044541146212603806,2.00220630744791e-05,1.232536875515627e-05,,,,,,,,
6056.713162952373,0.0054352472614150145,0.014746567815258868,0.0013228423753684825,0.009286939137647039,0.003130643786588796,0.00020960955267172713,0.0016976328596214306,0.00044412628970759205,1.9966104011339382e-05,1.2257784863665411e-05,,,,,,,,
6064.800757953624,0.0054225293306099645,0.014705992706839012,0.0013195657655493606,0.009248058862249383,0.003121681972945733,0.00020906139400940949,0.0016910278437646227,0.0004428448254742404,1.9910301346505625e-05,1.2190571556006903e-05,,,,,,,,
6072.899152408497,0.005409841158481232,0.014665529240629332,0.0013162972717175288,0.009209341361237624,0.0031127458134841282,0.00020851466885961662,0.0016844485261818664,0.00044156705872653516,1.9854654642864934e-05,1.2123726800152569e-05,,,,,,,,
6081.008360737614,0.0053971826753965255,0.014625177109446852,0.0013130368737701258,0.009170785953147978,0.003103835234766054,0.00020796937347351076,0.0016778948068883555,0.0004402929787958999,1.9799163464526096e-05,1.2057248575216414e-05,,,,,,,,
6089.12839738087,0.005384553811886452,0.014584936006953745,0.0013097845516540705,0.009132391959369561,0.0030949501635637996,0.00020742550411205675,0.0016713665862882737,0.000439022575044538,1.9743827376816033e-05,1.1991134871393519e-05,,,,,,,,
6097.259276797421,0.005371954498644215,0.014544805627655179,0.0013065402853659688,0.009094158704132653,0.0030860905268592902,0.00020688305704599859,0.0016648637651733307,0.00043775583686535134,1.9688645946276677e-05,1.1925383689899538e-05,,,,,,,,
6105.401013465749,0.005359384666525148,0.014504785666896782,0.0013033040549519578,0.009056085514496541,0.00307725625184346,0.00020634202855583178,0.0016583862447212072,0.00043649275368184243,1.963361874066127e-05,1.1859993042909916e-05,,,,,,,,
6113.553621883651,0.0053468442465463995,0.014464875820862528,0.001300075840507615,0.009018171720337951,0.0030684472659156803,0.00020580241493178036,0.001651933926494089,0.00043523331494803476,1.9578745328931275e-05,1.1794960953500091e-05,,,,,,,,
6121.717116568304,0.005334333169886526,0.014425075786572247,0.0012968556221778045,0.008980416654339001,0.0030596634966831367,0.00020526421247376846,0.001645506712437143,0.0004339775101483766,1.95240252812527e-05,1.1730285455585484e-05,,,,,,,,
6129.891512056246,0.005321851367885124,0.01438538526187953,0.0012936433801565856,0.008942819651975688,0.0030509048719602598,0.00020472741749139742,0.0016391045048770529,0.0004327253287976624,1.946945816899304e-05,1.166596459386237e-05,,,,,,,,
6138.07682290345,0.005309398772042427,0.0143458039454692,0.001290439094687061,0.008905380051505938,0.0030421713197681076,0.00020419202630391853,0.0016327272065205076,0.00043147676044093524,1.9415043564717605e-05,1.1601996423748306e-05,,,,,,,,
6146.273063685302,0.005296975314018989,0.014306331536855274,0.0012872427460612853,0.008868097193958233,0.003033462768333797,0.00020365803524021023,0.0016263747204527568,0.0004302317946534086,1.9360781042186487e-05,1.1538379011323877e-05,,,,,,,,
6154.480248996676,0.005284580925635228,0.014266967736378417,0.0012840543146201149,0.00883097042311976,0.003024779146089888,0.0002031254406387499,0.0016200469501360933,0.00042899042104037165,1.93066701763509e-05,1.1475110433273741e-05,,,,,,,,
6162.698393451908,0.005272215538871138,0.014227712245203942,0.0012808737807531102,0.008793999085525087,0.003016120381673835,0.0002025942388475915,0.0016137437994084385,0.000427752629237109,1.9252710543350186e-05,1.1412188776828916e-05,,,,,,,,
6170.927511684875,0.0052598790858658295,0.01418856476531928,0.0012777011248984002,0.008757182530444423,0.003007486403927342,0.0002020644262243382,0.0016074651724818261,0.00042651840890880924,1.9198901720508142e-05,1.134961213970848e-05,,,,,,,,
6179.167618348974,0.005247571498917236,0.014149524999531938,0.0012745363275425698,0.008720520109872398,0.002998877141895841,0.00020153599913611962,0.0016012109739409963,0.0004252877497504817,1.914524328633003e-05,1.1287378630062523e-05,,,,,,,,
6187.4187281171735,0.005235292710481703,0.014110592651467123,0.0012713793692205424,0.008684011178516539,0.0029902925248278685,0.0002010089539595661,0.0015949811087419166,0.00042406064148686984,1.9091734820499124e-05,1.1225486366414753e-05,,,,,,,,
6195.680855682049,0.0052230426531735905,0.014071767425565457,0.001268230230515443,0.00864765509378585,0.0029817324821744874,0.00020048328708078167,0.0015887754822103345,0.00042283707387236197,1.9038375903873316e-05,1.1163933477605396e-05,,,,,,,,
6203.95401575577,0.0052108212597649795,0.014033049027080888,0.0012650888920585062,0.008611451215779688,0.002973196943588728,0.00019995899489532354,0.0015825940000403684,0.0004216170366909133,1.898516611848213e-05,1.1102718102735088e-05,,,,,,,,
6212.238223070181,0.005198628463185211,0.013994437162078256,0.001261955334528927,0.008575398907276263,0.002964685838924984,0.00019943607380817316,0.0015764365682930297,0.00042040051975595136,1.893210504752301e-05,1.1041838391108165e-05,,,,,,,,
6220.53349237677,0.00518646419652061,0.013955931537431273,0.001258829538653772,0.008539497533721671,0.0029561990982384604,0.00019891452023371512,0.0015703030933948447,0.0004191875129102994,1.887919227535856e-05,1.0981292502177109e-05,,,,,,,,
6228.8398384467455,0.0051743283930140325,0.013917531860820053,0.0012557114852078304,0.008503746463218498,0.002947736651784576,0.00019839433059570948,0.001564193482136389,0.00041797800602608404,1.882642738751286e-05,1.0921078605486465e-05,,,,,,,,
6237.15727607102,0.005162220986064565,0.013879237840729166,0.001252601155013527,0.0084681450665149,0.0029392984300184114,0.00019787550132726968,0.001558107641670904,0.00041677198900465906,1.877380997066854e-05,1.0861194880617984e-05,,,,,,,,
6245.4858200602785,0.005150141909227125,0.013841049186445162,0.0012494985289407728,0.008432692716993338,0.002930884363594114,0.00019735802887083608,0.0015520454795128595,0.00041556945177651184,1.8721339612663247e-05,1.080163951713517e-05,,,,,,,,
6253.825485244958,0.0051380910962121095,0.013802965608054607,0.0012464035879068787,0.008397388790659722,0.0029224943833643636,0.0001968419096781539,0.0015460069035365732,0.00041437038430118767,1.8669015902486725e-05,1.0742410714528834e-05,,,,,,,,
6262.1762864753255,0.005126068480885009,0.013764986816441631,0.0012433163128764062,0.008362232666132265,0.0029141284203797507,0.00019632714021024624,0.001539991821974784,0.0004131747765671989,1.861683843027728e-05,1.0683506682162436e-05,,,,,,,,
6270.538238621451,0.0051140739972660955,0.013727112523285994,0.0012402366848610828,0.008327223724630722,0.002905786405888276,0.00019581371693739208,0.0015340001434172906,0.0004119826185919475,1.856480678731888e-05,1.0624925639218219e-05,,,,,,,,
6278.911356573286,0.0051021075795299855,0.013689342441060655,0.0012371646849196531,0.008292361349965317,0.002897468271334715,0.0001953016363391001,0.0015280317768095195,0.0004107939004216367,1.851292056603766e-05,1.056666581464305e-05,,,,,,,,
6287.295655240645,0.005090169162005353,0.01365167628302978,0.0012341002941577916,0.008257644928526034,0.0028891739483601184,0.00019479089490408665,0.0015220866314511856,0.0004096086121311914,1.8461179359998972e-05,1.050872544709512e-05,,,,,,,,
6295.691149553255,0.0050782586791745365,0.013614113763246496,0.0012310434937279667,0.008223073849271791,0.0028809033688012124,0.00019428148913025066,0.0015161646169948872,0.00040842674382417417,1.8409582763904105e-05,1.0451102784890664e-05,,,,,,,,
6304.097854460794,0.005066376065673145,0.01357665459655061,0.00122799426482933,0.008188647503719584,0.0028726564646898408,0.00019377341552464781,0.0015102656434447298,0.0004072482856326996,1.8358130373586993e-05,1.0393796085950833e-05,,,,,,,,
6312.51578493288,0.005054521256289779,0.013539298498566674,0.0012249525887076055,0.008154365285933952,0.0028644331682524254,0.00019326667060347058,0.001504389621154986,0.0004060732277173591,1.830682178601131e-05,1.033680361774925e-05,,,,,,,,
6320.944955959142,0.005042694185965583,0.013502045185701583,0.001221918446654967,0.00812022659251613,0.002856233411909386,0.00019276125089202022,0.0014985364608286924,0.00040490156026712994,1.825565659926702e-05,1.0280123657259423e-05,,,,,,,,
6329.385382549204,0.005030894789793974,0.013464894375142651,0.0012188918200099301,0.00808623082259358,0.0028480571282746086,0.0001922571529246866,0.0014927060735163394,0.00040373327349930126,1.820463441256751e-05,1.0223754490902904e-05,,,,,,,,
6337.837079732754,0.005019123003020206,0.013427845784855223,0.00121587269015723,0.008052377377809283,0.002839904250154864,0.00019175437324492055,0.0014868983706144703,0.00040256835765938563,1.815375482624618e-05,1.0167694414497192e-05,,,,,,,,
6346.300062559527,0.0050073787610410885,0.013390899133580787,0.0012128610385277153,0.008018665662311363,0.0028317747105492948,0.00019125290840521438,0.0014811132638643833,0.00040140680302104374,1.8103017441753583e-05,1.0111941733204461e-05,,,,,,,,
6354.774346099376,0.004995661999404559,0.013354054140834598,0.0012098568465982247,0.007985095082742411,0.0028236684426488083,0.00019075275496707432,0.001475350665350748,0.00040024859988599816,1.8052421861654024e-05,1.0056494761480115e-05,,,,,,,,
6363.259945442255,0.004983972653809406,0.013317310526903782,0.0012068600958914828,0.007951665048229247,0.0028155853798355964,0.00019025390950100056,0.0014696104875003017,0.0003990937385839566,1.8001967689622734e-05,1.0001351823022092e-05,,,,,,,,
6371.756875698291,0.0049723106601048395,0.013280668012844958,0.0012038707679759761,0.007918374970372292,0.0028075254556825155,0.0001897563685864598,0.0014638926430804928,0.00039794220947252606,1.795165453044247e-05,9.946511250719801e-06,,,,,,,,
6380.26515199777,0.004960675954290192,0.013244126320482368,0.0012008888444658488,0.007885224263235431,0.002799488603952607,0.0001892601288118656,0.0014581970451981747,0.00039679400293713747,1.7901481990000693e-05,9.89197138660413e-06,,,,,,,,
6388.784789491179,0.004949068472514568,0.013207685172405635,0.0011979143070207864,0.007852212343335595,0.0027914747585985108,0.00018876518677455313,0.001452523607298282,0.0003956491093909644,1.7851449675286376e-05,9.837730581797112e-06,,,,,,,,
6397.315803349258,0.004937488151076439,0.013171344291967601,0.001194947137345898,0.007819338629632426,0.00278348385376193,0.00018827153908075508,0.001446872243162498,0.00039450751927483835,1.7801557194386697e-05,9.783787196462001e-06,,,,,,,,
6405.858208762978,0.004925934926423373,0.013135103403282417,0.0011919873171916133,0.007786602543518226,0.0027755158237731037,0.00018777918234558024,0.0014412428669079705,0.00039336922305717583,1.775180415648444e-05,9.730139599753891e-06,,,,,,,,
6414.4120209436205,0.004914408735151603,0.013098962231223199,0.0011890348283535605,0.007754003508807551,0.0027675706031502485,0.0001872881131929884,0.0014356353929859816,0.0003922342112338925,1.7702190171854478e-05,9.67678616977022e-06,,,,,,,,
6422.977255122751,0.004902909514005762,0.013062920501420204,0.0011860896526724638,0.007721540951727308,0.0027596481265990407,0.00018679832825576958,0.0014300497361806716,0.00039110247432832927,1.7652714851861065e-05,9.62372529350198e-06,,,,,,,,
6431.553926552302,0.0048914371998784525,0.013026977940258507,0.0011831517720340221,0.007689214300906432,0.002751748329012054,0.00018630982417551815,0.0014244858116077188,0.0003899740028911688,1.7603377808954505e-05,9.570955366784593e-06,,,,,,,,
6440.142050504546,0.004879991729809984,0.012991134274876137,0.0011802211683688074,0.007657022987366039,0.002743871145468263,0.00018582259760261213,0.00141894353471308,0.00038884878750036035,1.7554178656668386e-05,9.518474794249834e-06,,,,,,,,
6448.741642272174,0.004868573040987945,0.012955389233161781,0.0011772978236521433,0.007624966444509185,0.0027360165112324535,0.00018533664519618833,0.0014134228212716665,0.00038772681876103637,1.750511700961628e-05,9.46628198927721e-06,,,,,,,,
6457.352717168272,0.0048571810707469356,0.012919742543752966,0.0011743817199040055,0.007593044108111134,0.002728184361754758,0.00018485196362412175,0.0014079235873861089,0.00038660808730544015,1.7456192483489004e-05,9.414375373946345e-06,,,,,,,,
6465.975290526398,0.004845815756568152,0.012884193936033754,0.0011714728391888994,0.007561255416309207,0.0027203746326700555,0.00018436854956300003,0.0014024457494854362,0.0003854925837928407,1.7407404695051336e-05,9.362753378988888e-06,,,,,,,,
6474.609377700562,0.004834477036079112,0.012848743140132915,0.0011685711636157609,0.007529599809593094,0.002712587259797512,0.0001838863996981029,0.0013969892243238503,0.0003843802989094628,1.7358753262139277e-05,9.31141444374149e-06,,,,,,,,
6483.2549940653,0.004823164847053243,0.012813389886921668,0.0011656766753378363,0.007498076730794788,0.0027048221791399836,0.00018340551072337766,0.0013915539289794218,0.0003832712233684004,1.7310237803656797e-05,9.260357016098262e-06,,,,,,,,
6491.91215501566,0.004811879127409611,0.012778133908011798,0.0011627893565525798,0.007466685625078989,0.0026970793268835534,0.00018292587934141835,0.0013861397808528568,0.00038216534790954634,1.726185793957307e-05,9.20957955246406e-06,,,,,,,,
6500.5808759672445,0.004800619815212529,0.012742974935753581,0.0011599091895015462,0.0074354259399332405,0.0026893586393969687,0.00018244750226344218,0.0013807466976662366,0.0003810626632995119,1.7213613290919425e-05,9.159080517707815e-06,,,,,,,,
6509.261172356264,0.004789386848671218,0.012707912703233638,0.0011570361564702653,0.007404297125158136,0.002681660053231121,0.00018197037620926605,0.0013753745974617454,0.00037996316033154853,1.7165503479786236e-05,9.108858385115935e-06,,,,,,,,
6517.9530596395125,0.004778180166139519,0.01267294694427312,0.0011541702397881584,0.007373298632857811,0.002673983505118545,0.0001814944979072859,0.0013700233986004636,0.0003788668298254748,1.711752812932024e-05,9.05891163634645e-06,,,,,,,,
6526.65655329445,0.004766999706115479,0.012638077393425437,0.0011513114218284026,0.00734242991743008,0.00266632893197287,0.00018101986409445258,0.0013646930197610885,0.00037777366262759437,1.7069686863721284e-05,9.009238761382733e-06,,,,,,,,
6535.371668819177,0.0047558454072410905,0.012603303785974506,0.001148459685007849,0.007311690435557069,0.00265869627088834,0.0001805464715162514,0.0013593833799387287,0.000376683649610626,1.7021979308239663e-05,8.95983825848826e-06,,,,,,,,
6544.098421732517,0.004744717208301883,0.012568625857932487,0.0011456150117868877,0.00728107964619543,0.0026510854591392428,0.00018007431692667754,0.0013540943984436493,0.00037559678167362016,1.697440508917292e-05,8.910708634160855e-06,,,,,,,,
6552.836827573989,0.004733615048226657,0.012534043346038014,0.0011427773846693669,0.007250597010567017,0.002643496434179459,0.00017960339708821576,0.0013488259949000676,0.0003745130497418913,1.6926963833863175e-05,8.86184840308778e-06,,,,,,,,
6561.586901903886,0.004722538866087076,0.012499555987753985,0.0011399467862024586,0.0072202419921492235,0.002635929133641881,0.00017913370877181651,0.001343578089244908,0.0003734324447669333,1.6879655170693948e-05,8.813256088100643e-06,,,,,,,,
6570.348660303256,0.004711488601097408,0.012465163521265749,0.0011371231989765777,0.007190014056665692,0.0026283834953379675,0.00017866524875687596,0.0013383506017266148,0.0003723549577263516,1.683247872908751e-05,8.764930220130958e-06,,,,,,,,
6579.122118373977,0.0047004641926141144,0.012430865685478954,0.0011343066056252486,0.0071599126720767745,0.002620859457257165,0.00017819801383121126,0.0013331434529039027,0.0003712805796237813,1.6785434139501722e-05,8.716869338165483e-06,,,,,,,,
6587.907291738734,0.004689465580135597,0.012396662220017745,0.0011314969888250247,0.007129937308570318,0.002613356957566465,0.0001777320007910409,0.001327956563644592,0.0003702093014888192,1.6738521033427427e-05,8.669071989202263e-06,,,,,,,,
6596.704196041101,0.0046784927033017825,0.012362552865222592,0.0011286943312953566,0.007100087438552167,0.002605875934609832,0.0001772672064409607,0.001322789855124363,0.0003691411143769408,1.6691739043385168e-05,8.621536728206519e-06,,,,,,,,
6605.512846945518,0.004667545501893869,0.012328537362148477,0.001125898615798504,0.007070362536637043,0.0025984163269077514,0.00017680362759392386,0.001317643248825595,0.00036807600936943253,1.6645087802922753e-05,8.574262118067165e-06,,,,,,,,
6614.333260137344,0.004656623915833954,0.012294615452562881,0.0011231098251394277,0.007040762079639199,0.002590978073156693,0.00017634126107121838,0.0013125166665361575,0.0003670139775733145,1.659856694661214e-05,8.527246729553194e-06,,,,,,,,
6623.165451322905,0.004645727885184693,0.01226078687894374,0.001120327942165668,0.007011285546563189,0.002583561112228604,0.00017588010370244334,0.001307410030348206,0.0003659550101212636,1.6552176110046505e-05,8.48048914127047e-06,,,,,,,,
6632.009436229469,0.004634857350149003,0.012227051384477647,0.0011175529497672644,0.006981932418594822,0.0025761653831704407,0.0001754201523254909,0.0013023232626570348,0.0003648990981715462,1.6505914929837637e-05,8.433987939618936e-06,,,,,,,,
6640.865230605334,0.00462401225106972,0.012193408713057734,0.0011147848308766238,0.006952702179091873,0.0025687908252036147,0.00017496140378652094,0.001297256286159855,0.00036384623290793624,1.6459783043612803e-05,8.387741718749626e-06,,,,,,,,
6649.732850219799,0.004613192528429273,0.012159858609281883,0.0011120235684684418,0.006923594313575134,0.0025614373777235536,0.0001745038549399427,0.0012922090238546616,0.00036279640553964893,1.6413780090012203e-05,8.341749080522378e-06,,,,,,,,
6658.612310863248,0.004602398122849339,0.012126400818450636,0.0011092691455595709,0.0068946083097192225,0.0025541049802991415,0.00017404750264838966,0.0012871813990390265,0.00036174960730126084,1.636790570868584e-05,8.296008634463385e-06,,,,,,,,
6667.503628347122,0.004591628975090567,0.012093035086565434,0.0011065215452089442,0.0068657436573437165,0.0025467935726722853,0.00017359234378270182,0.0012821733353089615,0.00036070582945264384,1.6322159540290996e-05,8.250518997723384e-06,,,,,,,,
6676.406818504002,0.004580885026052181,0.012059761160326496,0.0011037807505174429,0.0068369998484040075,0.002539503094757355,0.0001731383752219009,0.0012771847565577346,0.0003596650632788843,1.627654122648913e-05,8.20527879503553e-06,,,,,,,,
6685.321897187585,0.004570166216771736,0.012026578787131079,0.0011010467446278202,0.006808376376982532,0.002532233486640754,0.00017268559385317188,0.0012722155869747342,0.0003586273000902175,1.623105040994334e-05,8.160286658674177e-06,,,,,,,,
6694.248880272763,0.004559472488424711,0.011993487715071393,0.0010983195107245698,0.006779872739279674,0.0025249846885803634,0.0001722339965718384,0.001267265751044295,0.00035759253122194886,1.6185686734315313e-05,8.11554122841321e-06,,,,,,,,
6703.187783655599,0.004548803782324269,0.011960487692932864,0.0010955990320338507,0.006751488433605108,0.0025177566410051148,0.00017178358028134503,0.0012623351735445772,0.0003565607480343872,1.6140449844262773e-05,8.071041151485205e-06,,,,,,,,
6712.1386232534105,0.004538160039920858,0.011927578470192034,0.0010928852918233559,0.006723222960368771,0.0025105492845144367,0.00017133434189323286,0.0012574237795463898,0.0003555319419127681,1.6095339385436456e-05,8.026785082540213e-06,,,,,,,,
6721.101415004749,0.004527541202801949,0.011894759797014843,0.001090178273402235,0.006695075822072221,0.0025033625598778215,0.00017088627832712088,0.0012525314944120862,0.0003545061042671848,1.6050355004477553e-05,7.982771683605409e-06,,,,,,,,
6730.076174869447,0.004516947212691698,0.011862031424254623,0.0010874779601209746,0.006667046523299832,0.002496196408034316,0.00017043938651068317,0.0012476582437944092,0.00035348322653251614,1.6005496349014857e-05,7.938999624044497e-06,,,,,,,,
6739.062918828671,0.00450637801145059,0.011829393103450181,0.0010847843353712998,0.0066391345707099755,0.002489050770092012,0.0001699936633796279,0.0012428039536353586,0.0003524633001683517,1.5960763067661883e-05,7.895467580517334e-06,,,,,,,,
6748.061662884898,0.0044958335410751876,0.011796844586824057,0.0010820973825860782,0.006611339473026529,0.002481925587327617,0.00016954910587767798,0.001237968550165088,0.0003514463166589272,1.5916154810014358e-05,7.852174236940246e-06,,,,,,,,
6757.072423062004,0.004485313743697738,0.011764385627280455,0.001079417085239208,0.0065836607410300375,0.0024748208011859093,0.00016910571095654774,0.0012331519599007505,0.00035043226751304554,1.5871671226647216e-05,7.809118284445917e-06,,,,,,,,
6766.095215405231,0.004474818561585933,0.01173201597840354,0.0010767434268455268,0.006556097887549273,0.0024677363532793184,0.00016866347557592404,0.001228354109645419,0.0003494211442640129,1.5827311969112116e-05,7.76629842134411e-06,,,,,,,,
6775.130055981275,0.004464347937142518,0.011699735394455414,0.0010740763909607004,0.00652865042745248,0.002460672185387385,0.00016822239670344374,0.00122357492648694,0.00034841293846956176,1.578307668993446e-05,7.723713353081988e-06,,,,,,,,
6784.176960878259,0.004453901812905031,0.011667543630374413,0.0010714159611811306,0.006501317877639033,0.002453628239456342,0.00016778247131467498,0.0012188143377968525,0.00034740764171178743,1.5738965042610925e-05,7.681361792205335e-06,,,,,,,,
6793.235946205815,0.004443480131545448,0.011635440441773065,0.0010687621211438456,0.006474099757030744,0.0024466044575985777,0.0001673436963930938,0.0012140722712292624,0.0003464052455970702,1.569497668160648e-05,7.639242458319324e-06,,,,,,,,
6802.307028095061,0.0044330828358699155,0.011603425584936428,0.0010661148545264088,0.006446995586563575,0.0024396007820922205,0.00016690606893006647,0.0012093486547197635,0.0003454057417560119,1.5651111262351996e-05,7.597354078050017e-06,,,,,,,,
6811.39022269868,0.004422709868818372,0.01157149881682003,0.0010634741450468083,0.006420004889179014,0.0024326171553806027,0.00016646958592482532,0.0012046434164843215,0.0003444091218433604,1.560736844124113e-05,7.55569538500571e-06,,,,,,,,
6820.485546190905,0.0044123611734642985,0.01153965989504822,0.0010608399764633655,0.00639312718981586,0.002425653520071843,0.00016603424438445177,0.0011999564850182006,0.00034341537753794434,1.5563747875628085e-05,7.5142651197388e-06,,,,,,,,
6829.593014767566,0.004402036693014378,0.011507908577912243,0.0010582123325746317,0.006366362015401777,0.0024187098189383496,0.0001656000413238538,0.0011952877890948736,0.0003424245005426031,1.5520249223824663e-05,7.4730620297076535e-06,,,,,,,,
6838.712644646141,0.004391736370808158,0.011476244624368331,0.0010555911972192843,0.0063397088948449086,0.0024117859949163295,0.00016516697376574513,0.0011906372577649245,0.0003414364825841131,1.5476872145097555e-05,7.432084869238575e-06,,,,,,,,
6847.844452065733,0.004381460150317801,0.011444667794036032,0.0010529765542760371,0.006313167359025739,0.00240488199110537,0.00016473503874062627,0.001186004820354993,0.0003404513154131251,1.5433616299665882e-05,7.391332399488463e-06,,,,,,,,
6856.98845328716,0.0043712079751477015,0.011413177847196216,0.0010503683876635298,0.0062867369407886495,0.0023979977507679125,0.00016430423328676257,0.001181390406466679,0.0003394689908040892,1.5390481348698283e-05,7.350803388407061e-06,,,,,,,,
6866.144664592925,0.004360979789034253,0.011381774544789431,0.00104776668134024,0.006260417174933886,0.002391133217328846,0.00016387455445016592,0.0011767939459754928,0.00033848950055519287,1.5347466954310512e-05,7.31049661069991e-06,,,,,,,,
6875.3131022873,0.004350775535845462,0.011350457648413902,0.0010451714193043743,0.0062342075982092,0.002384288334374983,0.00016344599928457215,0.001172215369029769,0.00033751283648828493,1.530457277956254e-05,7.270410847791152e-06,,,,,,,,
6884.493782696301,0.004340595159580715,0.011319226920323913,0.0010425825855937799,0.006208107749301849,0.0023774630456546535,0.0001630185648514228,0.0011676546060496297,0.0003365389904488144,1.5261798488456167e-05,7.230544887786869e-06,,,,,,,,
6893.686722167772,0.004330438604370398,0.011288082123427794,0.0010400001642858366,0.006182117168830329,0.0023706572950771844,0.00016259224821984328,0.0011631115877258947,0.00033556795430575616,1.5219143745932139e-05,7.19089752543824e-06,,,,,,,,
6902.8919370713575,0.004320305814475663,0.011257023021286342,0.001037424139497368,0.006156235399336421,0.002363871026712499,0.00016216704646662488,0.001158586245019065,0.00033459971995154856,1.517660821786777e-05,7.1514675621052726e-06,,,,,,,,
6912.109443798591,0.004310196734288053,0.011226049378110817,0.0010348544953845355,0.006130461985277023,0.002357104184790596,0.00016174295667620235,0.0011540785091582399,0.0003336342793020214,1.5134191571074086e-05,7.112253805720427e-06,,,,,,,,
6921.339258762863,0.004300111308329246,0.011195160958761349,0.0010322912161427487,0.006104796473016259,0.0023503567137011525,0.0001613199759406358,0.0011495883116400985,0.000332671624296332,1.5091893473293452e-05,7.073255070752761e-06,,,,,,,,
6930.581398399512,0.004290049481250733,0.011164357528744947,0.0010297342860065607,0.006079238410817344,0.0023436285579930055,0.0001608981013595893,0.0011451155842278375,0.00033171174689689367,1.504971359319673e-05,7.034470178171815e-06,,,,,,,,
6939.835879165799,0.004280011197833506,0.011133638854213906,0.001027183689249576,0.006053787348834783,0.0023369196623737507,0.00016047733004031237,0.0011406602589501497,0.00033075463908931266,1.5007651600380893e-05,6.995897955412255e-06,,,,,,,,
6949.102717540963,0.0042699964029877845,0.011103004701963952,0.0010246394101843573,0.006028442839106359,0.0023302299717092626,0.00016005765909761984,0.0011362222681001889,0.0003298002928823209,1.4965707165366348e-05,6.9575372363382786e-06,,,,,,,,
6958.381930026266,0.004260005041752661,0.011072454839432401,0.0010221014331623138,0.00600320443554524,0.0023235594310232225,0.0001596390856538701,0.0011318015442345272,0.0003288487003077047,1.4923879959594265e-05,6.919386861208304e-06,,,,,,,,
6967.673533144978,0.004250037059295866,0.011041989034696562,0.001019569742573628,0.005978071693932227,0.0023169079854967168,0.00015922160683894885,0.0011273980201721501,0.0003278998534202447,1.4882169655424211e-05,6.881445676640049e-06,,,,,,,,
6976.977543442462,0.004240092400913397,0.011011607056471766,0.0010170443228471342,0.0059530441719077955,0.0023102755804677274,0.000158805219790246,0.0011230116289934172,0.00032695374429764375,1.484057592613135e-05,6.843712535575522e-06,,,,,,,,
6986.293977486143,0.004230171012029287,0.010981308674109834,0.0010145251584502482,0.005928121428964462,0.002303662161430741,0.0001583899216526391,0.001118642304039062,0.00032601036504046547,1.4799098445904115e-05,6.806186297246522e-06,,,,,,,,
6995.622851865601,0.0042202728381952395,0.010951093657597121,0.0010120122338888472,0.00590330302643886,0.0022970676740362446,0.0001579757095784705,0.0011142899789091608,0.00032506970777206485,1.4757736889841421e-05,6.7688658271398895e-06,,,,,,,,
7004.9641831925355,0.004210397825090393,0.010920961777552952,0.0010095055337071984,0.005878588527504204,0.0022904920640903345,0.0001575625807275313,0.0011099545874621475,0.0003241317646385252,1.4716490933950391e-05,6.731749996963512e-06,,,,,,,,
7014.317988100859,0.004200545918520959,0.010890912805227691,0.0010070050424878401,0.005853977497162427,0.002283935277554215,0.00015715053226703874,0.0011056360638137769,0.0003231965278085891,1.4675360255143455e-05,6.694837684611933e-06,,,,,,,,
7023.684283246666,0.004190717064419989,0.010860946512501208,0.0010045107448515107,0.005829469502236684,0.0022773972605438096,0.00015673956137161944,0.0011013343423361592,0.00032226398947359766,1.463434453123624e-05,6.65812777413268e-06,,,,,,,,
7033.063085308321,0.004180911208847016,0.010831062671880953,0.00100202262545703,0.0058050641113635585,0.002270877959329265,0.00015632966522328764,0.0010970493576567266,0.0003213341418474198,1.4593443440944687e-05,6.62161915569225e-06,,,,,,,,
7042.454410986432,0.004171128297987816,0.010801261056500411,0.0009995406690012298,0.00578076089498565,0.0022643773203345585,0.00015592084101142788,0.001092781044657274,0.00032040697716639405,1.4552656663882804e-05,6.585310725542857e-06,,,,,,,,
7051.858277003932,0.0041613682781540574,0.01077154144011719,0.000997064860218834,0.005756559425343847,0.002257895290137019,0.000155513085932774,0.0010885293384729404,0.00031948248768925595,1.4511983880559919e-05,6.549201385988804e-06,,,,,,,,
7061.274700106067,0.004151631095783058,0.010741903597111477,0.0009945951838823892,0.005732459276469925,0.0022514318154669075,0.00015510639719139155,0.0010842941744912422,0.00031856066569708,1.447142477237838e-05,6.513290045353448e-06,,,,,,,,
7070.703697060441,0.0041419166974374574,0.010712347302484255,0.000992131624802155,0.005708460024179007,0.0022449868432069873,0.00015470077199865808,0.001080075488351089,0.000317641503493212,1.4430979021630974e-05,6.477575617946195e-06,,,,,,,,
7080.145284657071,0.0041322250298049205,0.010682872331855518,0.00098967416782601,0.00568456124606202,0.002238560320392052,0.00015429620757324231,0.0010758732159417876,0.00031672499340320453,1.4390646311498355e-05,6.442057024029538e-06,,,,,,,,
7089.599479708363,0.004122556039697885,0.010653478461462735,0.0009872227978393751,0.005660762521478414,0.00223215219420854,0.0001538927011410883,0.0010716872934020982,0.0003158111277747553,1.435042632604676e-05,6.406733189786636e-06,,,,,,,,
7099.066299049204,0.004112909674053211,0.010624165468158952,0.0009847774997650965,0.005637063431548599,0.0022257624119940496,0.00015349024993539318,0.0010675176571192338,0.0003148998989776394,1.43103187502253e-05,6.371603047288578e-06,,,,,,,,
7108.54575953693,0.0041032858799319545,0.010594933129411312,0.000982338258563378,0.005613463559146724,0.0022193909212369555,0.00015308885119659117,0.0010633642437279168,0.0003139912994036505,1.4270323269863736e-05,6.336665534462389e-06,,,,,,,,
7118.037878051417,0.004093684604519007,0.010565781223299155,0.0009799050592316646,0.0055899624888931685,0.002213037669575928,0.0001526885021723313,0.0010592269901093978,0.00031308532146653167,1.4230439571669768e-05,6.30191959505867e-06,,,,,,,,
7127.542671495051,0.0040841057951228775,0.010536709528512532,0.0009774778868045727,0.005566559807147411,0.0022067026047995525,0.00015228920011746224,0.0010551058333905135,0.0003121819576019187,1.4190667343226835e-05,6.267364178619841e-06,,,,,,,,
7137.060156792818,0.004074549399175335,0.010507717824350326,0.0009750567263537766,0.005543255102000581,0.0022003856748458502,0.00015189094229401014,0.0010510007109427123,0.00031128120026726973,1.4151006272991414e-05,6.232998240448241e-06,,,,,,,,
7146.590350892273,0.004065015364231185,0.010478805890718772,0.000972641562987938,0.005520047963268358,0.0021940868278018987,0.0001514937259711627,0.0010469115603811265,0.0003103830419418087,1.4111456050290826e-05,6.198820741574713e-06,,,,,,,,
7156.133270763633,0.004055503637967917,0.010449973508129613,0.0009702323818525923,0.005496937982483616,0.0021878060119033646,0.0001510975484252475,0.0010428383195635938,0.0003094874751264569,1.4072016365320566e-05,6.1648306487270025e-06,,,,,,,,
7165.688933399745,0.004046014168185482,0.01042122045769859,0.0009678291681300806,0.00547392475288935,0.002181543175534108,0.0001507024069397165,0.0010387809265897472,0.00030859449234377657,1.4032686909142103e-05,6.131026934298678e-06,,,,,,,,
7175.257355816176,0.004036546902805941,0.010392546521143622,0.0009654319070394345,0.005451007869431415,0.0021752982672257346,0.00015030829880512445,0.0010347393198000395,0.0003077040861379016,1.3993467373680242e-05,6.097408576317936e-06,,,,,,,,
7184.838555051192,0.004027101789873242,0.010363951480783283,0.0009630405838363071,0.005428186928751494,0.0021690712356571902,0.0001499152213191128,0.0010307134377748367,0.00030681624907448105,1.39543574517209e-05,6.063974558416844e-06,,,,,,,,
7194.432548165811,0.0040176787775528895,0.010335435119535111,0.0009606551838128685,0.005405461529179953,0.0021628620296543417,0.0001495231717863896,0.0010267032193334708,0.00030593097374061456,1.3915356836908613e-05,6.030723869800494e-06,,,,,,,,
7204.0393522438535,0.0040082778141316755,0.010306997220913876,0.0009582756922977176,0.005382831270728705,0.002156670598189525,0.0001491321475187109,0.0010227086035332986,0.0003050482527447886,1.3876465223744064e-05,5.997655505216455e-06,,,,,,,,
7213.658984391924,0.0039988988480174036,0.010278637569030092,0.0009559020946557971,0.005360295755084321,0.0021504968903811746,0.00014874214583486406,0.0010187295296688046,0.00030416807871682023,1.3837682307581875e-05,5.964768464924493e-06,,,,,,,,
7223.291461739499,0.00398954182773858,0.010250355948588198,0.0009535343762882963,0.005337854585600855,0.002144340855493353,0.00014835316406064714,0.0010147659372706443,0.0003032904443077887,1.3799007784627998e-05,5.932061754666184e-06,,,,,,,,
7232.936801438899,0.003980206701944177,0.010222152144885116,0.0009511725226325691,0.005315507367293012,0.002138202442935386,0.0001479651995288523,0.0010108177661047584,0.00030241534218998034,1.3760441351937597e-05,5.899534385634997e-06,,,,,,,,
7242.595020665376,0.003970893419403294,0.010194025943808428,0.0009488165191620357,0.005293253706829061,0.0021320816022613953,0.00014757824957924612,0.0010068849561714294,0.00030154276505682184,1.3721982707412321e-05,5.867185374446276e-06,,,,,,,,
7252.266136617089,0.003961601929004932,0.010165977131834937,0.0009464663513861025,0.005271093212524026,0.002125978283169933,0.00014719231155855308,0.0010029674477043905,0.00030067270562282524,1.3683631549798351e-05,5.835013743107676e-06,,,,,,,,
7261.950166515189,0.00395233217975766,0.01013800549602887,0.000944122004850064,0.005249025494332694,0.0021198924355035264,0.00014680738282043536,0.0009990651811699015,0.00029980515662352057,1.3645387578683686e-05,5.803018518989356e-06,,,,,,,,
7271.6471276037955,0.003943084120789392,0.010110110824040414,0.0009417834651350223,0.005227050163842853,0.0021138240092482964,0.0001464234607254764,0.0009951780972658588,0.0002989401108154012,1.3607250494496055e-05,5.771198734794846e-06,,,,,,,,
7281.357037150082,0.003933857701347043,0.010082292904103972,0.0009394507178577902,0.00520516683426834,0.0021077729545335246,0.0001460405426411613,0.0009913061369208778,0.00029807756097585794,1.3569219998500335e-05,5.739553428531561e-06,,,,,,,,
7291.079912444251,0.00392465287079632,0.010054551525036691,0.0009371237486708113,0.00518337512044236,0.002101739221631262,0.00014565862594186071,0.0009874492412934167,0.0002972174999031246,1.3531295792796445e-05,5.708081643481929e-06,,,,,,,,
7300.815770799621,0.003915469578621378,0.010026886476236714,0.0009348025432620628,0.005161674638810559,0.002095722760955903,0.00014527770800881054,0.000983607351770854,0.00029635992041621156,1.3493477580316784e-05,5.676782428174236e-06,,,,,,,,
7310.564629552607,0.003906307774424594,0.009999297547681698,0.0009324870873549754,0.0051400650074244205,0.0020897235230637897,0.0001448977862300956,0.0009797804099686272,0.00029550481535485084,1.3455765064824096e-05,5.6456548363540946e-06,,,,,,,,
7320.326506062775,0.003897167407926275,0.00997178452992719,0.0009301773667083419,0.0051185458459344696,0.0020837414586528115,0.0001445188580006317,0.0009759683577293271,0.0002946521775794346,1.3418157950909074e-05,5.614697926955726e-06,,,,,,,,
7330.101417712892,0.0038880484289643504,0.009944347214104957,0.0009278733671162269,0.005097116775583538,0.002077776518561969,0.00014414092072214627,0.0009721711371218134,0.00029380199997095316,1.3380655943987956e-05,5.583910764073409e-06,,,,,,,,
7339.889381908907,0.0038789507874941558,0.009916985391921549,0.0009255750744078864,0.005075777419200211,0.002071828653771017,0.00014376397180316277,0.0009683886904403516,0.00029295427543094097,1.3343258750300414e-05,5.553292416933417e-06,,,,,,,,
7349.690416080043,0.0038698744335880996,0.009889698855656548,0.0009232824744476723,0.005054527401192049,0.0020658978154000102,0.00014338800865898067,0.0009646209602037091,0.00029210899688141093,1.3305966076907034e-05,5.522841959865647e-06,,,,,,,,
7359.504537678764,0.0038608193174354353,0.009862487398161167,0.000920995553134954,0.005033366347539123,0.002059983954708952,0.0001430130287116596,0.0009608678891543124,0.0002912661572648011,1.3268777631687237e-05,5.492558472275838e-06,,,,,,,,
7369.331764180869,0.0038517853893419484,0.009835350812856507,0.0009187142964040236,0.005012293885787295,0.002054087023097352,0.00014263902939000008,0.0009571294202573456,0.0002904257495439105,1.3231693123336774e-05,5.462441038617516e-06,,,,,,,,
7379.172113085465,0.003842772599729731,0.009808288893732132,0.0009164386902240165,0.004991309645041794,0.0020482069721038543,0.00014226600812952775,0.0009534054966999142,0.00028958776670184633,1.3194712261365665e-05,5.432488748364561e-06,,,,,,,,
7389.025601915051,0.003833780899136853,0.009781301435344381,0.0009141687205988186,0.004970413255960539,0.0020423437534058207,0.00014189396237247365,0.000949696061890155,0.00028875220174195867,1.3157834756095698e-05,5.402700695983465e-06,,,,,,,,
7398.892248215499,0.003824810238217149,0.009754388232814947,0.0009119043735669869,0.0049496043507478,0.00203649731881895,0.0001415228895677585,0.0009460010594563966,0.00028791904768778816,1.3121060318658387e-05,5.373075980906102e-06,,,,,,,,
7408.772069556138,0.003815860567739889,0.009727549081829164,0.0009096456352016564,0.004928882563147579,0.0020306676202968667,0.00014115278717097371,0.0009423204332462867,0.0002870882975830027,1.3084388660992484e-05,5.34361370750239e-06,,,,,,,,
7418.665083529735,0.003806931838589561,0.009700783778634595,0.0009073924916104603,0.004908247528437268,0.002024854609930736,0.00014078365264436545,0.0009386541273259504,0.0002862599444913432,1.3047819495841921e-05,5.314312985053328e-06,,,,,,,,
7428.571307752547,0.0037980240017655782,0.009674092120039427,0.0009051449289354458,0.004887698883421202,0.002019058239948877,0.00014041548345681656,0.0009350020859791392,0.00028543398149656493,1.3011352536753468e-05,5.2851729277240145e-06,,,,,,,,
7438.49075986438,0.0037891370083819875,0.00964747390341087,0.0009029029333529764,0.00486723626642419,0.002013278462716339,0.00014004827708382782,0.0009313642537063721,0.00028461040170237663,1.2974987498074416e-05,5.256192654536767e-06,,,,,,,,
7448.4234575285645,0.003780270809667254,0.009620928926673756,0.0009006664910736674,0.004846859317285289,0.0020075152307345565,0.00013968203100750355,0.0009277405752241098,0.00028378919823238776,1.2938724094950526e-05,5.227371289344698e-06,,,,,,,,
7458.369418432043,0.0037714253569639334,0.009594456988308854,0.0008984355883422779,0.004826567677351328,0.0020017684966409095,0.00013931674271653143,0.0009241309954638984,0.000282970364230046,1.290256204332358e-05,5.198707960805027e-06,,,,,,,,
7468.32866028535,0.003762600601728465,0.009568057887351466,0.00089621021143765,0.004806360989470717,0.0019960382132083814,0.00013895240970616783,0.0009205354595715473,0.0002821538928585859,1.2866501059929404e-05,5.170201802352873e-06,,,,,,,,
7478.301200822697,0.0037537964955308444,0.009541731423389797,0.0008939903466726003,0.004786238897987029,0.001990324333345131,0.00013858902947821785,0.0009169539129062797,0.0002813397773009654,1.283054086229532e-05,5.1418519521749505e-06,,,,,,,,
7488.2870578019465,0.0037450129900544198,0.009515477396563549,0.0008917759803938598,0.004766201048732886,0.0019846268100941335,0.00013822659954102124,0.0009133863010399226,0.0002805280107598147,1.2794681168738312e-05,5.113657553183644e-06,,,,,,,,
7498.286249004703,0.0037362500370955684,0.009489295607562263,0.0008895670989819661,0.004746247089023586,0.001978945596632776,0.00013786511740943258,0.0009098325697560532,0.00027971858645737434,1.2758921698362498e-05,5.085617752990946e-06,,,,,,,,
7508.298792236285,0.0037275075885634737,0.009463185857623962,0.000887363688851203,0.004726376667651019,0.0019732806462724878,0.00013750458060480665,0.0009062926650492039,0.0002789114976354434,1.272326217105717e-05,5.057731703882813e-06,,,,,,,,
7518.324705325818,0.0037187855964798443,0.00943714794853348,0.0008851657364494944,0.004706589434877375,0.0019676319124583416,0.00013714498665497876,0.0009027665331240162,0.0002781067375553192,1.2687702307494389e-05,5.029998562793436e-06,,,,,,,,
7528.364006126204,0.003710084012978656,0.009411181682621119,0.0008829732282583426,0.004686885042429083,0.001961999348768687,0.00013678633309425082,0.0008992541203944427,0.00027730429949774407,1.2652241829127002e-05,5.0024174912798815e-06,,,,,,,,
7538.416712514212,0.0037014027903058714,0.00938528686276099,0.0008807861507927237,0.004667263143490595,0.0019563829089147525,0.0001364286174633716,0.0008957553734829169,0.00027650417676284596,1.2616880458186259e-05,4.974987655496554e-06,,,,,,,,
7548.482842390464,0.003692741880819212,0.009359463292369662,0.0008786044906010248,0.004647723392698364,0.0019507825467402773,0.0001360718373095221,0.0008922702392195542,0.0002757063626700857,1.2581617917679813e-05,4.947708226170188e-06,,,,,,,,
7558.5624136794795,0.0036841012369878763,0.009333710775404574,0.0008764282342649479,0.004628265446134724,0.001945198216221136,0.00013571599018629747,0.0008887986646413426,0.0002749108505582007,1.2546453931389476e-05,4.920578378574671e-06,,,,,,,,
7568.655444329741,0.0036754808113922586,0.009308029116362547,0.00087425736839943,0.004608888961321804,0.0019396298714649326,0.00013536107365369007,0.0008853405969913229,0.00027411763378514605,1.2511388223868974e-05,4.893597292506081e-06,,,,,,,,
7578.761952313664,0.0036668805567237404,0.009282418120278394,0.0008720918796525665,0.004589593597215575,0.0019340774667106649,0.00013500708527807424,0.0008818959837178119,0.00027332670572804393,1.2476420520441977e-05,4.8667641522579776e-06,,,,,,,,
7588.881955627693,0.0036583004257843693,0.009256877592723296,0.0008699317547055174,0.004570379014199769,0.0019285409563283105,0.00013465402263218755,0.0008784647724735796,0.0002725380597831238,1.2441550547199734e-05,4.84007814659665e-06,,,,,,,,
7599.015472292276,0.0036497403714866633,0.009231407339803484,0.0008677769802724429,0.004551244874079987,0.0019230202948184781,0.00013430188329511595,0.0008750469111150724,0.0002717516893656713,1.2406778030999135e-05,4.813538468736715e-06,,,,,,,,
7609.162520351951,0.0036412003468532885,0.009206007168158609,0.0008656275431004006,0.00453219084007765,0.0019175154368120157,0.00013395066485227578,0.0008716423477016057,0.0002709675879099699,1.2372102699460369e-05,4.787144316316543e-06,,,,,,,,
7619.323117875321,0.0036326803050168643,0.009180676884960427,0.0008634834299692857,0.004513216576824163,0.001912026337069653,0.0001336003648953987,0.0008682510304945888,0.00027018574886924894,1.2337524280964992e-05,4.760894891374212e-06,,,,,,,,
7629.49728295515,0.0036241801992196454,0.009155416297911181,0.0008613446276917285,0.004494321750354927,0.0019065529504816148,0.0001332509810225135,0.0008648729079567234,0.0002694061657156256,1.2303042504653598e-05,4.734789400323191e-06,,,,,,,,
7639.685033708326,0.003615699982813323,0.009130225215242314,0.0008592111231130336,0.004475506028103557,0.0019010952320672647,0.00013290251083793105,0.000861507928751239,0.00026862883194005464,1.2268657100423895e-05,4.708827053928522e-06,,,,,,,,
7649.886388275963,0.0036072396092587133,0.00910510344571281,0.0008570829031110793,0.004456769078895917,0.0018956531369747212,0.0001325549519522267,0.0008581560417410888,0.00026785374105226916,1.2234367798928399e-05,4.683007067282765e-06,,,,,,,,
7660.1013648233675,0.0035987990321255567,0.009080050798607953,0.0008549599545962568,0.00443811057294441,0.001890226620480504,0.0001322083019822253,0.0008548171959881994,0.0002670808865807321,1.2200174331572509e-05,4.657328659782482e-06,,,,,,,,
7670.329981540132,0.0035903782050922123,0.009055067083737697,0.0008528422645113691,0.004419530181842047,0.0018848156379891504,0.0001318625585509831,0.0008514913407526726,0.00026631026207257617,1.2166076430512217e-05,4.631791055104451e-06,,,,,,,,
7680.572256640116,0.0035819770819454366,0.009030152111435359,0.00085072981983157,0.004401027578556783,0.0018794201450328613,0.00013151771928777327,0.0008481784254920304,0.00026554186109355464,1.2132073828652174e-05,4.606393481182309e-06,,,,,,,,
7690.8282083614995,0.0035735956165801317,0.009005305692556122,0.0008486226075642715,0.004382602437425709,0.0018740400972711378,0.00013117378182806835,0.0008448783998604447,0.00026477567722798585,1.2098166259643558e-05,4.5811351701832e-06,,,,,,,,
7701.097854966838,0.0035652337629990555,0.008980527638475544,0.0008465206147490661,0.004364254434149279,0.0018686754504903982,0.00013083074381352409,0.0008415912137079578,0.0002640117040786987,1.2064353457881804e-05,4.556015358484477e-06,,,,,,,,
7711.381214743045,0.003556891475312624,0.008955817761088255,0.0008444238284576517,0.004345983245785705,0.0018633261606036376,0.00013048860289196454,0.0008383168170797447,0.0002632499352669817,1.2030635158504852e-05,4.531033286650757e-06,,,,,,,,
7721.678306001483,0.0035485687077386014,0.008931175872806386,0.0008423322357937457,0.004327788550745142,0.0018579921836500463,0.00013014735671736412,0.0008350551602153297,0.00026249036443252635,1.1997011097390777e-05,4.506188199410783e-06,,,,,,,,
7731.989147077932,0.0035402654146019065,0.008906601786558293,0.0008402458238930122,0.00430967002878417,0.001852673475794666,0.0001298070029498331,0.0008318061935478499,0.00026173298523337793,1.1963481011155932e-05,4.481479345634789e-06,,,,,,,,
7742.313756332691,0.003531981550334304,0.008882095315786964,0.0008381645799229761,0.004291627361000023,0.0018473699933280125,0.00012946753925560024,0.0008285698677032854,0.0002609777913458784,1.1930044637152699e-05,4.456905978311615e-06,,,,,,,,
7752.652152150541,0.003523717069474213,0.00885765627444879,0.0008360884910829512,0.004273660229825099,0.0018420816926657323,0.00012912896330699833,0.0008253461334997245,0.0002602247764646184,1.1896701713467627e-05,4.432467354526248e-06,,,,,,,,
7763.004352940848,0.0035154719266663986,0.008833284477011987,0.0008340175446039544,0.004255768319021244,0.00183680853034823,0.00012879127278244643,0.0008221349419466004,0.00025947393430237914,1.1863451978919174e-05,4.408162735437267e-06,,,,,,,,
7773.370377137523,0.0035072460766617823,0.008808979738455328,0.0008319517277486342,0.004237951313674317,0.0018315504630403254,0.00012845446536643556,0.0008189362442439654,0.00025872525859008523,1.1830295173055869e-05,4.383991386254614e-06,,,,,,,,
7783.750243199129,0.0034990394743171344,0.008784741874266599,0.0008298910278111855,0.004220208900188525,0.001826307447530882,0.00012811853874951143,0.0008157499917817258,0.00025797874307674723,1.1797231036154071e-05,4.359952576217254e-06,,,,,,,,
7794.143969608843,0.003490852074594885,0.008760570700441343,0.0008278354321172777,0.004202540766281019,0.0018210794407324683,0.0001277834906282602,0.00081257613613893,0.0002572343815294151,1.1764259309216128e-05,4.336045578571192e-06,,,,,,,,
7804.551574874553,0.0034826838325628185,0.008736466033481318,0.0008257849280239712,0.004184946600976272,0.001815866399680985,0.00012744931870529094,0.0008094146290830053,0.00025649216773312013,1.1731379733968159e-05,4.31226967054741e-06,,,,,,,,
7814.97307752884,0.0034745347033938814,0.008712427690393236,0.0008237395029196444,0.004167426094600727,0.0018106682815353348,0.00012711602068922101,0.0008062654225690485,0.0002557520954908279,1.1698592052858195e-05,4.288624133340113e-06,,,,,,,,
7825.40849612903,0.0034664046423659002,0.008688455488687312,0.0008216991442239138,0.004149978938777286,0.0018054850435770507,0.00012678359429466057,0.0008031284687390856,0.0002550141586233847,1.1665896009054091e-05,4.2651082520849175e-06,,,,,,,,
7835.857849257252,0.0034582936048613367,0.00866454924637581,0.0008196638393875549,0.004132604826419852,0.0018003166432099492,0.00012645203724219537,0.0008000037199213348,0.00025427835096946403,1.1633291346441444e-05,4.241721315837245e-06,,,,,,,,
7846.321155520419,0.0034502015463670765,0.008640708781971826,0.0008176335758924298,0.004115303451728013,0.0017951630379597905,0.0001261213472583734,0.000796891128629505,0.00025354466638551987,1.1600777809621753e-05,4.218462617550909e-06,,,,,,,,
7856.798433550317,0.003442128422474135,0.008616933914487738,0.0008156083412514043,0.0040980745101815465,0.0017900241854739143,0.0001257915220756866,0.0007937906475620482,0.0002528130987457298,1.1568355143910226e-05,4.195331454056621e-06,,,,,,,,
7867.289702003584,0.003434074188877467,0.008593224463433979,0.0008135881230082772,0.004080917698535183,0.001784900043520907,0.00012546255943255818,0.0007907022296014655,0.0002520836419419488,1.1536023095333979e-05,4.172327126040833e-06,,,,,,,,
7877.7949795618015,0.00342603880137567,0.008569580248817531,0.0008115729087376978,0.004063832714813149,0.0017797905699902395,0.00012513445707332455,0.000787625827813569,0.0002513562898836538,1.1503781410629851e-05,4.149448938024515e-06,,,,,,,,
7888.314284931462,0.003418022215870794,0.008546001091140695,0.0008095626860450953,0.004046819258303962,0.0017746957228919366,0.00012480721274822214,0.0007845613954467866,0.0002506310364978979,1.1471629837242617e-05,4.126696198342232e-06,,,,,,,,
7898.8476368440715,0.003410024388368048,0.008522486811399586,0.0008075574425665961,0.004029877029555037,0.0017696154603562162,0.0001244808242133694,0.0007815088859314365,0.00024990787572925404,1.1439568123322814e-05,4.10406821912108e-06,,,,,,,,
7909.395054056115,0.0034020452749756115,0.00849903723108292,0.0008055571659689551,0.004013005730367502,0.0017645497406331607,0.00012415528923075432,0.0007784682528790332,0.00024918680153976944,1.140759601772496e-05,4.081564316260069e-06,,,,,,,,
7919.956555349157,0.003394084831904338,0.008475652172170525,0.0008035618439494722,0.003996205063790872,0.0017594985220923567,0.0001238306055682164,0.0007754394500815687,0.0002484678079089108,1.13757132700054e-05,4.05918380940928e-06,,,,,,,,
7930.532159529807,0.003386143015467572,0.008452331457132095,0.000801571464235924,0.003979474734117908,0.0017544617632225777,0.00012350677099943374,0.0007724224315108271,0.00024775088883351913,1.1343919630420553e-05,4.0369260219494355e-06,,,,,,,,
7941.121885429822,0.003378219782080852,0.00842907490892575,0.0007995860145864814,0.003962814446879316,0.0017494394226314073,0.00012318378330390513,0.0007694171513176631,0.00024703603832775363,1.131221484992467e-05,4.0147902809712905e-06,,,,,,,,
7951.725751906078,0.003370315088261721,0.008405882350996789,0.0007976054827896392,0.003946223908838654,0.0017444314590449375,0.0001228616402669375,0.0007664235638313285,0.0002463232504230468,1.1280598680168202e-05,3.992775917255445e-06,,,,,,,,
7962.343777840633,0.0033624288906294658,0.008382753607276297,0.0007956298566641427,0.003929702827987119,0.0017394378313074041,0.00012254033967962934,0.0007634416235587638,0.0002456125191680525,1.1249070873495674e-05,3.970882265252041e-06,,,,,,,,
7972.9759821407815,0.003354561145904863,0.008359688502179758,0.0007936591240589017,0.003913250913538394,0.0017344584983808528,0.00012221987933885514,0.0007604712851839053,0.0002449038386285947,1.1217631182943708e-05,3.949108663060569e-06,,,,,,,,
7983.6223837390335,0.003346711810909972,0.008336686860605852,0.0007916932728529327,0.003896867875923598,0.0017294934193448114,0.00012190025704725145,0.0007575125035670114,0.0002441972028876223,1.118627936223925e-05,3.927454452410016e-06,,,,,,,,
7994.283001593211,0.0033388808425678807,0.00831374850793497,0.0007897322909552663,0.003880553426786099,0.0017245425533959405,0.00012158147061320067,0.0007545652337439548,0.00024349260604515435,1.1155015165797455e-05,3.905918978638805e-06,,,,,,,,
8004.95785468642,0.003331068197902476,0.008290873270028047,0.000787776166304891,0.0038643072789765376,0.0017196058598477118,0.00012126351785081742,0.0007516294309255631,0.00024279004221823552,1.1123838348719947e-05,3.884501590675148e-06,,,,,,,,
8015.646962027147,0.003323273834038191,0.008268060973225095,0.00078582488687066,0.0038481291465476603,0.0017146832981300593,0.00012094639657993174,0.0007487050504969142,0.00024208950554088288,1.1092748666792716e-05,3.863201641017202e-06,,,,,,,,
8026.350342649226,0.003315497708199807,0.008245311444343996,0.000783878440651237,0.003832018744749408,0.0017097748277890604,0.00012063010462607624,0.0007457920480166815,0.00024139099016404165,1.1061745876484394e-05,3.842018485713666e-06,,,,,,,,
8037.068015611942,0.0033077397777121677,0.008222624510679094,0.0007819368156750026,0.00381597579002379,0.001704880408486588,0.0001203146398204687,0.0007428903792164382,0.0002406944902555309,1.1030829734944156e-05,3.820951484344168e-06,,,,,,,,
8047.799999999997,0.0033000000000000004,0.0082,0.0007799999999999999,0.0037999999999999996,0.0017000000000000008,0.00011999999999999995,0.0007400000000000001,0.00023999999999999995,1.1000000000000008e-05,3.7999999999999996e-06,,,,,,,,
