Photon Energy / eV,3s,3p,4s,3d,4p,5s,Unnamed: 7,Unnamed: 8,Unnamed: 9,Unnamed: 10,Unnamed: 11,Unnamed: 12,Unnamed: 13,Unnamed: 14,Unnamed: 15,Unnamed: 16,Unnamed: 17,Unnamed: 18
10.2,,,,,,0.020000000000000004,,,,,,,,,,,,
10.21362017100584,,,,,,0.020082185853687536,,,,,,,,,,,,
10.22725852917425,,,,,,0.020164709433102394,,,,,,,,,,,,
10.24091509879075,,,,,,0.020247572126058423,,,,,,,,,,,,
10.25458990417328,,,,,,0.02033077532607242,,,,,,,,,,,,
10.26828296967226,,,,,,0.020414320432387556,,,,,,,,,,,,
10.281994319670622,,,,,,0.0204982088499969,,,,,,,,,,,,
10.29572397858386,,,,,,0.020582441989667046,,,,,,,,,,,,
10.30947197086006,,,,,,0.020667021267961792,,,,,,,,,,,,
10.323238320979964,,,,,,0.020751948107266095,,,,,,,,,,,,
10.337023053457003,,,,,,0.020837223935809845,,,,,,,,,,,,
10.350826192837335,,,,,,0.020922850187691987,,,,,,,,,,,,
10.3646477636999,,,,,,0.021008828302904587,,,,,,,,,,,,
10.378487790656457,,,,,,0.021095159727357038,,,,,,,,,,,,
10.39234629835163,,,,,,0.021181845912900423,,,,,,,,,,,,
10.406223311462949,,,,,,0.021268888317351898,,,,,,,,,,,,
10.420118854700899,,,,,,0.021356288404519225,,,,,,,,,,,,
10.434032952808957,,,,,,0.021444047644225354,,,,,,,,,,,,
10.447965630563646,,,,,,0.02153216751233319,,,,,,,,,,,,
10.461916912774575,,,,,,0.021620649490770437,,,,,,,,,,,,
10.475886824284464,,,,,,0.021709495067554332,,,,,,,,,,,,
10.489875389969226,,,,,,0.021798705736816942,,,,,,,,,,,,
10.503882634737984,,,,,,0.021888282998830125,,,,,,,,,,,,
10.51790858353312,,,,,,0.021978228360030792,,,,,,,,,,,,
10.531953261330328,,,,,,0.022068543333046226,,,,,,,,,,,,
10.546016693138645,,,,,,0.022159229436719562,,,,,,,,,,,,
10.560098904000506,,,,,,0.02225028819613531,,,,,,,,,,,,
10.574199918991788,,,,,,0.02234172114264496,,,,,,,,,,,,
10.588319763221847,,,,,,0.02243352981389281,,,,,,,,,,,,
10.602458461833573,,,,,,0.0225257157538418,,,,,,,,,,,,
10.616616040003423,,,,,,0.022618280512799408,,,,,,,,,,,,
10.630792522941482,,,,,,0.022711225647443833,,,,,,,,,,,,
10.644987935891493,,,,,,0.022804552720850135,,,,,,,,,,,,
10.659202304130899,,,,,,0.022898263302516417,,,,,,,,,,,,
10.673435652970909,,,,,,0.022992358968390376,,,,,,,,,,,,
10.687688007756526,,,,,,0.023086841300895746,,,,,,,,,,,,
10.701959393866595,,,,,,0.023181711888958893,,,,,,,,,,,,
10.716249836713851,,,,,,0.023276972328035515,,,,,,,,,,,,
10.730559361744964,,,,,,0.023372624220137552,,,,,,,,,,,,
10.74488799444058,,,,,,0.023468669173860045,,,,,,,,,,,,
10.75923576031537,,,,,,0.023565108804408257,,,,,,,,,,,,
10.77360268491808,,,,,,0.02366194473362475,,,,,,,,,,,,
10.787988793831566,,,,,,0.023759178590016757,,,,,,,,,,,,
10.802394112672848,,,,,,0.023856812008783524,,,,,,,,,,,,
10.816818667093155,,,,,,0.0239548466318438,,,,,,,,,,,,
10.831262482777957,,,,,,0.024053284107863403,,,,,,,,,,,,
10.845725585447031,,,,,,0.02415212609228309,,,,,,,,,,,,
10.860208000854502,,,,,,0.02425137424734625,,,,,,,,,,,,
10.874709754788878,,,,,,0.02435103024212695,,,,,,,,,,,,
10.889230873073103,,,,,,0.024451095752557956,,,,,,,,,,,,
10.903771381564605,,,,,,0.024551572461458948,,,,,,,,,,,,
10.91833130615534,,,,,,0.024652462058564764,,,,,,,,,,,,
10.932910672771834,,,,,,0.024753766240553896,,,,,,,,,,,,
10.947509507375239,,,,,,0.024855486711076985,,,,,,,,,,,,
10.962127835961367,,,,,,0.024957625180785436,,,,,,,,,,,,
10.976765684560746,,,,,,0.02506018336736025,,,,,,,,,,,,
10.991423079238663,,,,,,0.025163162995540878,,,,,,,,,,,,
11.006100046095213,,,,,,0.025266565797154285,,,,,,,,,,,,
11.02079661126533,,,,,,0.02537039351114385,,,,,,,,,,,,
11.035512800918863,,,,,,0.02547464788359895,,,,,,,,,,,,
11.050248641260591,,,,,,0.025579330667784107,,,,,,,,,,,,
11.0650041585303,,,,,,0.025684443624168482,,,,,,,,,,,,
11.079779379002801,,,,,,0.02578998852045556,,,,,,,,,,,,
11.094574328987996,,,,,,0.02589596713161284,,,,,,,,,,,,
11.109389034830919,,,,,,0.026002381239901635,,,,,,,,,,,,
11.124223522911782,,,,,,0.026109232634907133,,,,,,,,,,,,
11.13907781964602,,,,,,0.026216523113568445,,,,,,,,,,,,
11.153951951484348,,,,,,0.026324254480208836,,,,,,,,,,,,
11.168845944912793,,,,,,0.026432428546566026,,,,,,,,,,,,
11.183759826452752,,,,,,0.02654104713182274,,,,,,,,,,,,
11.198693622661045,,,,,,0.026650112062637288,,,,,,,,,,,,
11.213647360129933,,,,,,0.0267596251731741,,,,,,,,,,,,
11.228621065487202,,,,,,0.026869588305134882,,,,,,,,,,,,
11.243614765396194,,,,,,0.0269800033077894,,,,,,,,,,,,
11.258628486555848,,,,,,0.027090872038006555,,,,,,,,,,,,
11.273662255700762,,,,,,0.02720219636028572,,,,,,,,,,,,
11.288716099601224,,,,,,0.02731397814678802,,,,,,,,,,,,
11.303790045063277,,,,,,0.027426219277367853,,,,,,,,,,,,
11.318884118928755,,,,,,0.027538921639604447,,,,,,,,,,,,
11.333998348075333,,,,,,0.027652087128833696,,,,,,,,,,,,
11.349132759416577,,,,,,0.02776571764817997,,,,,,,,,,,,
11.364287379901992,,,,,,0.027879815108588103,,,,,,,,,,,,
11.379462236517073,,,,,,0.02799438142885564,,,,,,,,,,,,
11.394657356283334,,,,,,0.028109418535664885,,,,,,,,,,,,
11.409872766258385,,,,,,0.02822492836361559,,,,,,,,,,,,
11.425108493535966,,,,,,0.028340912855257246,,,,,,,,,,,,
11.440364565245988,,,,,,0.028457373961121912,,,,,,,,,,,,
11.455641008554595,,,,,,0.028574313639756935,,,,,,,,,,,,
11.470937850664205,,,,,,0.028691733857757872,,,,,,,,,,,,
11.48625511881356,,,,,,0.028809636589801638,,,,,,,,,,,,
11.50159284027777,,,,,,0.028928023818679656,,,,,,,,,,,,
11.516951042368369,,,,,,0.029046897535331243,,,,,,,,,,,,
11.532329752433364,,,,,,0.02916625973887702,,,,,,,,,,,,
11.547728997857273,,,,,,0.029286112436652613,,,,,,,,,,,,
11.563148806061186,,,,,,0.029406457644242396,,,,,,,,,,,,
11.578589204502812,,,,,,0.02952729738551336,,,,,,,,,,,,
11.594050220676507,,,,,,0.02964863369264906,,,,,,,,,,,,
11.60953188211336,,,,,,0.029770468606184042,,,,,,,,,,,,
11.625034216381218,,,,,,0.0298928041750379,,,,,,,,,,,,
11.640557251084733,,,,,,0.030015642456549883,,,,,,,,,,,,
11.656101013865422,,,,,,0.03013898551651345,,,,,,,,,,,,
11.671665532401715,,,,,,0.030262835429211005,,,,,,,,,,,,
11.687250834408998,,,,,,0.030387194277448758,,,,,,,,,,,,
11.702856947639663,,,,,,0.03051206415259181,,,,,,,,,,,,
11.718483899883166,,,,,,0.0306374471545993,,,,,,,,,,,,
11.734131718966067,,,,,,0.03076334539205967,,,,,,,,,,,,
11.749800432752084,,,,,,0.030889760982226212,,,,,,,,,,,,
11.765490069142146,,,,,,0.03101669605105268,,,,,,,,,,,,
11.781200656074423,,,,,,0.031144152733228802,,,,,,,,,,,,
11.796932221524408,,,,,,0.03127213317221657,,,,,,,,,,,,
11.812684793504943,,,,,,0.03140063952028601,,,,,,,,,,,,
11.828458400066278,,,,,,0.03152967393855148,,,,,,,,,,,,
11.844253069296117,,,,,,0.031659238597007956,,,,,,,,,,,,
11.860068829319673,,,,,,0.03178933567456757,,,,,,,,,,,,
11.875905708299708,,,,,,0.03191996735909628,,,,,,,,,,,,
11.891763734436596,,,,,,0.032051135847450556,,,,,,,,,,,,
11.907642935968369,,,,,,0.032182843345514446,,,,,,,,,,,,
11.923543341170758,,,,,,0.03231509206823661,,,,,,,,,,,,
11.939464978357256,,,,,,0.03244788423966759,,,,,,,,,,,,
11.955407875879164,,,,,,0.03258122209299715,,,,,,,,,,,,
11.971372062125644,,,,,,0.03271510787059201,,,,,,,,,,,,
11.98735756552375,,,,,,0.03284954382403324,,,,,,,,,,,,
12.003364414538513,,,,,,0.03298453221415445,,,,,,,,,,,,
12.019392637672967,,,,,,0.033120075311079654,,,,,,,,,,,,
12.035442263468205,,,,,,0.0332561753942615,,,,,,,,,,,,
12.051513320503435,,,,,,0.03339283475251948,,,,,,,,,,,,
12.067605837396025,,,,,,0.0335300556840786,,,,,,,,,,,,
12.083719842801555,,,,,,0.03366784049660793,,,,,,,,,,,,
12.09985536541387,,,,,,0.03380619150725942,,,,,,,,,,,,
12.116012433965132,,,,,,0.03394511104270683,,,,,,,,,,,,
12.132191077225865,,,,,,0.03408460143918498,,,,,,,,,,,,
12.148391324005015,,,,,,0.03422466504252893,,,,,,,,,,,,
12.164613203149997,,,,,,0.03436530420821344,,,,,,,,,,,,
12.180856743546748,,,,,,0.03450652130139268,,,,,,,,,,,,
12.197121974119762,,,,,,0.03464831869693978,,,,,,,,,,,,
12.213408923832173,,,,,,0.03479069877948708,,,,,,,,,,,,
12.229717621685785,,,,,,0.034933663943465976,,,,,,,,,,,,
12.246048096721127,,,,,,0.03507721659314733,,,,,,,,,,,,
12.262400378017508,,,,,,0.03522135914268187,,,,,,,,,,,,
12.278774494693064,,,,,,0.035366094016140694,,,,,,,,,,,,
12.295170475904815,,,,,,0.035511423647556196,,,,,,,,,,,,
12.311588350848714,,,,,,0.0356573504809629,,,,,,,,,,,,
12.328028148759701,,,,,,0.03580387697043859,,,,,,,,,,,,
12.344489898911752,,,,,,0.03595100558014553,,,,,,,,,,,,
12.360973630617933,,,,,,0.036098738784372,,,,,,,,,,,,
12.377479373230457,,,,,,0.03624707906757392,,,,,,,,,,,,
12.394007156140717,,,,,,0.036396028924416325,,,,,,,,,,,,
12.410557008779367,,,,,,0.03654559085981579,,,,,,,,,,,,
12.427128960616358,,,,,,0.03669576738898227,,,,,,,,,,,,
12.443723041160986,,,,,,0.0368465610374614,,,,,,,,,,,,
12.460339279961959,,,,,,0.036997974341177076,,,,,,,,,,,,
12.476977706607435,,,,,,0.037150009846474034,,,,,,,,,,,,
12.493638350725087,,,,,,0.03730267011016068,,,,,,,,,,,,
12.510321241982146,,,,,,0.03745595769955208,,,,,,,,,,,,
12.527026410085458,,,,,,0.03760987519251317,,,,,,,,,,,,
12.54375388478154,,,,,,0.0377644251775021,,,,,,,,,,,,
12.560503695856626,,,,,,0.0379196102536137,,,,,,,,,,,,
12.577275873136736,,,,,,0.03807543303062335,,,,,,,,,,,,
12.594070446487692,,,,,,0.03823189612903058,,,,,,,,,,,,
12.610887445815216,,,,,,0.03838900218010345,,,,,,,,,,,,
12.627726901064962,,,,,,0.03854675382592267,,,,,,,,,,,,
12.644588842222564,,,,,,0.038705153719426,,,,,,,,,,,,
12.661473299313702,,,,,,0.03886420452445293,,,,,,,,,,,,
12.678380302404145,,,,,,0.03902390891578938,,,,,,,,,,,,
12.695309881599814,,,,,,0.03918426957921281,,,,,,,,,,,,
12.712262067046824,,,,,,0.039345289211537335,,,,,,,,,,,,
12.729236888931553,,,,,,0.039506970520658984,,,,,,,,,,,,
12.746234377480679,,,,,,0.039669316225601416,,,,,,,,,,,,
12.763254562961247,,,,,,0.0398323290565615,,,,,,,,,,,,
12.780297475680719,,,,,,0.03999601175495533,,,,,,,,,,,,
12.797363145987026,,,,,,0.04016036707346427,,,,,,,,,,,,
12.814451604268612,,,,,,0.040325397776081136,,,,,,,,,,,,
12.831562880954513,,,,,,0.040491106638156985,,,,,,,,,,,,
12.848697006514394,,,,,,0.04065749644644748,,,,,,,,,,,,
12.865854011458604,,,,,,0.04082456999915993,,,,,,,,,,,,
12.883033926338236,,,,,,0.04099233010600032,,,,,,,,,,,,
12.900236781745173,,,,,,0.04116077958822046,,,,,,,,,,,,
12.917462608312153,,,,,,0.041329921278665575,,,,,,,,,,,,
12.934711436712814,,,,,,0.041499758021821855,,,,,,,,,,,,
12.951983297661757,,,,,,0.04167029267386435,,,,,,,,,,,,
12.969278221914594,,,,,,0.041841528102704896,,,,,,,,,,,,
12.986596240268005,,,,,,0.04201346718804048,,,,,,,,,,,,
13.003937383559792,,,,,,0.04218611282140161,,,,,,,,,,,,
13.021301682668948,,,,,,0.04235946790620095,,,,,,,,,,,,
13.038689168515672,,,,,,0.04253353535778199,,,,,,,,,,,,
13.056099872061473,,,,,,0.042708318103468396,,,,,,,,,,,,
13.073533824309198,,,,,,0.04288381908261303,,,,,,,,,,,,
13.090991056303093,,,,,,0.04306004124664734,,,,,,,,,,,,
13.108471599128855,,,,,,0.04323698755913114,,,,,,,,,,,,
13.12597548391369,,,,,,0.043414660995802386,,,,,,,,,,,,
13.143502741826373,,,,,,0.04359306454462713,,,,,,,,,,,,
13.161053404077295,,,,,,0.043772201205849924,,,,,,,,,,,,
13.178627501918522,,,,,,0.043952073992044205,,,,,,,,,,,,
13.196225066643855,,,,,,0.04413268592816289,,,,,,,,,,,,
13.213846129588878,,,,,,0.044314040051589385,,,,,,,,,,,,
13.23149072213102,,,,,,0.04449613941218855,,,,,,,,,,,,
13.249158875689616,,,,,,0.04467898707235815,,,,,,,,,,,,
13.266850621725933,,,,,,0.04486258610707995,,,,,,,,,,,,
13.28456599174327,,,,,,0.04504693960397199,,,,,,,,,,,,
13.302305017286987,,,,,,0.04523205066334017,,,,,,,,,,,,
13.320067729944563,,,,,,0.045417922398230386,,,,,,,,,,,,
13.337854161345662,,,,,,0.045604557934481024,,,,,,,,,,,,
13.35566434316218,,,,,,0.04579196041077541,,,,,,,,,,,,
13.373498307108303,,,,,,0.0459801329786947,,,,,,,,,,,,
13.39135608494057,,,,,,0.04616907880277071,,,,,,,,,,,,
13.409237708457923,,,,,,0.04635880106053935,,,,,,,,,,,,
13.42714320950176,,,,,,0.04654930294259392,,,,,,,,,,,,
13.445072619956013,,,,,,0.046740587652638825,,,,,,,,,,,,
13.463025971747165,,,,,,0.04693265840754327,,,,,,,,,,,,
13.481003296844346,,,,,,0.047125518437395764,,,,,,,,,,,,
13.499004627259376,,,,,,0.04731917098555801,,,,,,,,,,,,
13.517029995046817,,,,,,0.04751361930871973,,,,,,,,,,,,
13.535079432304032,,,,,,0.04770886667695331,,,,,,,,,,,,
13.553152971171249,,,,,,0.047904916373768834,,,,,,,,,,,,
13.571250643831608,,,,,,0.048101771696169235,,,,,,,,,,,,
13.589372482511225,,,,,,0.04829943595470586,,,,,,,,,,,,
13.60751851947925,,,,,,0.04849791247353408,,,,,,,,,,,,
13.62568878704792,,,,,,0.048697204590469105,,,,,,,,,,,,
13.643883317572621,,,,,,0.04889731565704231,,,,,,,,,,,,
13.662102143451941,,,,,,0.04909824903855745,,,,,,,,,,,,
13.680345297127738,,,,,,0.0493000081141474,,,,,,,,,,,,
13.698612811085171,,,,,,0.04950259627683057,,,,,,,,,,,,
13.716904717852795,,,,,,0.0497060169335686,,,,,,,,,,,,
13.735221050002595,,,,,,0.04991027350532324,,,,,,,,,,,,
13.75356184015005,,,,,,0.0501153694271139,,,,,,,,,,,,
13.771927120954192,,,,,,0.050321308148075575,,,,,,,,,,,,
13.790316925117658,,,,,,0.050528093131516745,,,,,,,,,,,,
13.80873128538676,,,,,,0.05073572785497759,,,,,,,,,,,,
13.827170234551529,,,,,,0.05094421581028857,,,,,,,,,,,,
13.845633805445788,,,,,,0.05115356050362909,,,,,,,,,,,,
13.8641220309472,,,,,,0.0513637654555865,,,,,,,,,,,,
13.882634943977331,,,,,,0.051574834201215176,,,,,,,,,,,,
13.901172577501706,,,,,,0.051786770290096165,,,,,,,,,,,,
13.919734964529876,,,,,,0.051999577286396856,,,,,,,,,,,,
13.938322138115451,,,,,,0.05221325876893053,,,,,,,,,,,,
13.956934131356197,,,,,,0.05242781833121716,,,,,,,,,,,,
13.97557097739407,,,,,,0.05264325958154345,,,,,,,,,,,,
13.994232709415282,,,,,,0.052859586143023655,,,,,,,,,,,,
14.012919360650356,,,,,,0.05307680165366036,,,,,,,,,,,,
14.03163096437419,,,,,,0.05329490976640586,,,,,,,,,,,,
14.050367553906112,,,,,,0.053513914149223483,,,,,,,,,,,,
14.069129162609945,,,,,,0.05373381848514925,,,,,,,,,,,,
14.087915823894063,,,,,,0.05395462647235389,,,,,,,,,,,,
14.106727571211445,,,,,,0.05417634182420504,,,,,,,,,,,,
14.12556443805975,,,,,,0.05439896826932953,,,,,,,,,,,,
14.144426457981355,,,,,,0.05462250955167632,,,,,,,,,,,,
14.163313664563443,,,,,,0.0548469694305794,,,,,,,,,,,,
14.182226091438022,,,,,,0.05507235168082074,,,,,,,,,,,,
14.201163772282028,,,,,,0.05529866009269415,,,,,,,,,,,,
14.220126740817363,,,,,,0.05552589847206889,,,,,,,,,,,,
14.239115030810957,,,,,,0.05575407064045363,,,,,,,,,,,,
14.258128676074826,,,,,,0.05598318043506066,,,,,,,,,,,,
14.27716771046614,,,,,,0.0562132317088706,,,,,,,,,,,,
14.296232167887277,,,,,,0.056444228330697024,,,,,,,,,,,,
14.315322082285887,,,,,,0.05667617418525167,,,,,,,,,,,,
14.334437487654945,,,,,,0.056909073173209576,,,,,,,,,,,,
14.353578418032827,,,,,,0.0571429292112749,,,,,,,,,,,,
14.372744907503357,,,,,,0.057377746232246764,,,,,,,,,,,,
14.39193699019585,,,,,,0.05761352818508486,,,,,,,,,,,,
14.411154700285243,,,,,,0.05785027903497705,,,,,,,,,,,,
14.430398071992057,,,,,,0.05808800276340466,,,,,,,,,,,,
14.449667139582534,,,,,,0.058326703368210366,,,,,,,,,,,,
14.46896193736867,,,,,,0.05856638486366515,,,,,,,,,,,,
14.488282499708271,,,,,,0.0588070512805358,,,,,,,,,,,,
14.507628861005031,,,,,,0.059048706666152695,,,,,,,,,,,,
14.527001055708574,,,,,,0.05929135508447782,,,,,,,,,,,,
14.546399118314532,,,,,,0.05953500061617324,,,,,,,,,,,,
14.565823083364595,,,,,,0.05977964735866967,,,,,,,,,,,,
14.585272985446577,,,,,,0.06002529942623527,,,,,,,,,,,,
14.604748859194483,,,,,,0.06027196095004501,,,,,,,,,,,,
14.624250739288566,,,,,,0.060519636078250186,,,,,,,,,,,,
14.64377866045537,,,,,,0.06076832897604768,,,,,,,,,,,,
14.663332657467826,,,,,,0.06101804382575074,,,,,,,,,,,,
14.6829127651453,,,,,,0.06126878482685887,,,,,,,,,,,,
14.702519018353644,,,,,,0.061520556196128555,,,,,,,,,,,,
14.72215145200527,,,,,,0.06177336216764409,,,,,,,,,,,,
14.74181010105921,,,,,,0.06202720699288894,,,,,,,,,,,,
14.761495000521174,,,,,,0.06228209494081716,,,,,,,,,,,,
14.78120618544362,,,,,,0.06253803029792511,,,,,,,,,,,,
14.800943690925807,,,,,,0.0627950173683237,,,,,,,,,,,,
14.820707552113868,,,,,,0.06305306047381065,,,,,,,,,,,,
14.840497804200862,,,,,,0.06331216395394328,,,,,,,,,,,,
14.860314482426842,,,,,,0.06357233216611126,,,,,,,,,,,,
14.88015762207893,,,,,,0.06383356948561032,,,,,,,,,,,,
14.900027258491336,,,,,,0.06409588030571522,,,,,,,,,,,,
14.919923427045486,,,,,,0.06435926903775417,,,,,,,,,,,,
14.939846163170035,,,,,,0.06462374011118285,,,,,,,,,,,,
14.959795502340949,,,,,,0.06488929797365882,,,,,,,,,,,,
14.979771480081563,,,,,,0.06515594709111631,,,,,,,,,,,,
14.999774131962653,,,,,,0.06542369194784146,,,,,,,,,,,,
15.019803493602486,,,,,,0.06569253704654764,,,,,,,,,,,,
15.039859600666896,,,,,,0.06596248690845119,,,,,,,,,,,,
15.059942488869337,,,,,,0.06623354607334737,,,,,,,,,,,,
15.080052193970955,,,,,,0.0665057190996869,,,,,,,,,,,,
15.10018875178065,,,,,,0.06677901056465249,,,,,,,,,,,,
15.12035219815513,,,,,,0.06705342506423573,,,,,,,,,,,,
15.140542568999,,,,,,0.06732896721331469,,,,,,,,,,,,
15.16075990026478,,,,,,0.067605641645731,,,,,,,,,,,,
15.181004227953025,,,,,,0.06788345301436842,,,,,,,,,,,,
15.201275588112347,,,,,,0.06816240599123059,,,,,,,,,,,,
15.221574016839503,,,,,,0.06844250526751987,,,,,,,,,,,,
15.241899550279445,,,,,,0.06872375555371613,,,,,,,,,,,,
15.262252224625389,,,,,,0.0690061615796559,,,,,,,,,,,,
15.282632076118885,,,,,,0.06928972809461209,,,,,,,,,,,,
15.303039141049872,,,,,,0.06957445986737372,,,,,,,,,,,,
15.32347345575675,,,,,,0.06986036168632621,,,,,,,,,,,,
15.343935056626442,,,,,,0.07014743835953174,,,,,,,,,,,,
15.364423980094456,,,,,,0.07043569471481033,,,,,,,,,,,,
15.384940262644957,,,,,,0.07072513559982091,,,,,,,,,,,,
15.405483940810834,,,,,,0.07101576588214291,,,,,,,,,,,,
15.426055051173732,,,,,,0.0713075904493578,,,,,,,,,,,,
15.446653630364171,,,,,,0.07160061420913191,,,,,,,,,,,,
15.467279715061576,,,,,,0.07189484208929837,,,,,,,,,,,,
15.48793334199435,,,,,,0.07219027903794034,,,,,,,,,,,,
15.508614547939938,,,,,,0.07248693002347405,,,,,,,,,,,,
15.5293233697249,,,,,,0.07278480003473246,,,,,,,,,,,,
15.550059844224961,,,,,,0.07308389408104901,,,,,,,,,,,,
15.570824008365097,,,,,,0.07338421719234202,,,,,,,,,,,,
15.591615899119585,,,,,,0.07368577441919925,,,,,,,,,,,,
15.612435553512073,,,,,,0.0739885708329627,,,,,,,,,,,,
15.633283008615658,,,,,,0.07429261152581418,,,,,,,,,,,,
15.654158301552908,,,,,,0.07459790161086033,,,,,,,,,,,,
15.675061469496017,,,,,,0.07490444622221984,,,,,,,,,,,,
15.69599254966676,,,,,,0.07521225051510809,,,,,,,,,,,,
15.716951579336648,,,,,,0.07552131966592533,,,,,,,,,,,,
15.737938595826948,,,,,,0.07583165887234303,,,,,,,,,,,,
15.75895363650877,,,,,,0.07614327335339129,,,,,,,,,,,,
15.779996738803117,,,,,,0.07645616834954687,,,,,,,,,,,,
15.80106794018097,,,,,,0.07677034912282116,,,,,,,,,,,,
15.822167278163336,,,,,,0.07708582095684861,,,,,,,,,,,,
15.843294790321336,,,,,,0.07740258915697576,,,,,,,,,,,,
15.864450514276248,,,,,,0.07772065905035032,,,,,,,,,,,,
15.885634487699594,,,,,,0.0780400359860109,,,,,,,,,,,,
15.906846748313203,,,,,,0.07836072533497682,,,,,,,,,,,,
15.928087333889254,,,,,,0.07868273249033829,,,,,,,,,,,,
15.949356282250383,,,,,,0.07900606286734764,,,,,,,,,,,,
15.970653631269727,,,,,,0.07933072190350983,,,,,,,,,,,,
15.991979418870994,,,,,,0.07965671505867424,,,,,,,,,,,,
16.013333683028534,,,,,,0.07998404781512636,,,,,,,,,,,,
16.0347164617674,,,,,,0.08031272567767989,,,,,,,,,,,,
16.05612779316342,,,,,,0.08064275417376952,,,,,,,,,,,,
16.07756771534327,,,,,,0.08097413885354378,,,,,,,,,,,,
16.099036266484543,,,,,,0.08130688528995839,,,,,,,,,,,,
16.12053348481579,,,,,,0.08164099907886986,,,,,,,,,,,,
16.14205940861663,,,,,,0.08197648583912986,,,,,,,,,,,,
16.163614076217783,,,,,,0.08231335121267955,,,,,,,,,,,,
16.185197526001172,,,,,,0.08265160086464446,,,,,,,,,,,,
16.20680979639994,,,,,,0.08299124048342955,,,,,,,,,,,,
16.228450925898578,,,,,,0.08333227578081545,,,,,,,,,,,,
16.25012095303295,,,,,,0.08367471249205405,,,,,,,,,,,,
16.271819916390392,,,,,,0.08401855637596498,,,,,,,,,,,,
16.29354785460975,,,,,,0.08436381321503261,,,,,,,,,,,,
16.315304806381477,,,,,,0.0847104888155033,,,,,,,,,,,,
16.337090810447684,,,,,,0.08505858900748281,,,,,,,,,,,,
16.358905905602217,,,,,,0.08540811964503466,,,,,,,,,,,,
16.38075013069072,,,,,,0.08575908660627837,,,,,,,,,,,,
16.402623524610714,,,,,,0.08611149579348841,,,,,,,,,,,,
16.424526126311658,,,,,,0.08646535313319333,,,,,,,,,,,,
16.446457974795013,,,,,,0.08682066457627559,,,,,,,,,,,,
16.468419109114343,,,,,,0.08717743609807178,,,,,,,,,,,,
16.49040956837532,,,,,,0.08753567369847229,,,,,,,,,,,,
16.51242939173587,,,,,,0.08789538340202341,,,,,,,,,,,,
16.534478618406194,,,,,,0.08825657125802787,,,,,,,,,,,,
16.55655728764885,,,,,,0.08861924334064664,,,,,,,,,,,,
16.578665438778824,,,,,,0.08898340574900135,,,,,,,,,,,,
16.600803111163607,,,,,,0.08934906460727664,,,,,,,,,,,,
16.622970344223248,,,,,,0.08971622606482327,,,,,,,,,,,,
16.645167177430434,,,,,,0.09008489629626132,,,,,,,,,,,,
16.667393650310572,,,,,,0.09045508150158438,,,,,,,,,,,,
16.689649802441835,,,,,,0.09082678790626357,,,,,,,,,,,,
16.711935673455258,,,,,,0.09103534353752088,,,,,,,,,,,,
16.734251303034764,,,,,,0.09110139297446695,,,,,,,,,,,,
16.756596730917327,,,,,,0.09116749033267034,,,,,,,,,,,,
16.778971996892913,,,,,,0.09123363564689962,,,,,,,,,,,,
16.801377140804664,,,,,,0.09129982895194866,,,,,,,,,,,,
16.823812202548915,,,,,,0.0913660702826365,,,,,,,,,,,,
16.846277222075273,,,,,,0.09143235967380749,,,,,,,,,,,,
16.86877223938669,,,,,,0.09149869716033121,,,,,,,,,,,,
16.891297294539534,,,,,,0.09156508277710268,,,,,,,,,,,,
16.91385242764366,,,,,,0.09163151655904207,,,,,,,,,,,,
16.93643767886249,,,,,,0.09169799854109496,,,,,,,,,,,,
16.959053088413064,,,,,,0.0917645287582323,,,,,,,,,,,,
16.98169869656613,,,,,,0.09183110724545035,,,,,,,,,,,,
17.004374543646225,,,,,,0.09189773403777082,,,,,,,,,,,,
17.02708067003169,,,,,,0.09196440917024076,,,,,,,,,,,,
17.04981711615484,,,,,,0.09203113267793286,,,,,,,,,,,,
17.07258392250193,,,,,,0.09209790459594493,,,,,,,,,,,,
17.09538112961331,,,,,,0.09216472495940047,,,,,,,,,,,,
17.11820877808344,,,,,,0.09223159380344834,,,,,,,,,,,,
17.141066908561005,,,,,,0.09229851116326307,,,,,,,,,,,,
17.163955561748956,,,,,,0.09236547707404455,,,,,,,,,,,,
17.18687477840461,,,,,,0.09243249157101828,,,,,,,,,,,,
17.20982459933969,,,,,,0.09249955468943528,,,,,,,,,,,,
17.23280506542043,,,,,,0.09256666646457218,,,,,,,,,,,,
17.255816217567617,,,,,,0.0926338269317312,,,,,,,,,,,,
17.278858096756696,,,,,,0.09270103612624009,,,,,,,,,,,,
17.301930744017827,,,,,,0.09276829408345248,,,,,,,,,,,,
17.32503420043594,,,,,,0.09283560083874731,,,,,,,,,,,,
17.348168507150838,,,,,,0.09290295642752937,,,,,,,,,,,,
17.37133370535726,,,,,,0.0929703608852292,,,,,,,,,,,,
17.394529836304955,,,,,,0.09303781424730294,,,,,,,,,,,,
17.41775694129874,,,,,,0.09310531654923247,,,,,,,,,,,,
17.44101506169861,,,,,,0.09317286782652545,,,,,,,,,,,,
17.464304238919762,,,,,,0.09324046811471524,,,,,,,,,,,,
17.487624514432714,,,,,,0.09330811744936106,,,,,,,,,,,,
17.51097592976335,,,,,,0.09337581586604782,,,,,,,,,,,,
17.53435852649301,,,,,,0.09344356340038641,,,,,,,,,,,,
17.557772346258552,,,,,,0.09351136008801343,,,,,,,,,,,,
17.58121743075244,,,,,,0.09357920596459135,,,,,,,,,,,,
17.604693821722808,,,,,,0.09364710106580856,,,,,,,,,,,,
17.628201560973526,,,,,,0.0937150454273793,,,,,,,,,,,,
17.6517406903643,,,,,,0.09378303908504375,,,,,,,,,,,,
17.67531125181072,,,,,,0.09385108207456799,,,,,,,,,,,,
17.698913287284356,,,,,,0.09391917443174409,,,,,,,,,,,,
17.72254683881282,,,,,,0.09398731619239006,,,,,,,,,,,,
17.746211948479846,,,,,,0.09405550739234993,,,,,,,,,,,,
17.76990865842535,,,,,,0.09412374806749361,,,,,,,,,,,,
17.79363701084554,,,,,,0.09419203825371729,,,,,,,,,,,,
17.817397047992944,,,,,,0.09426037798694296,,,,,,,,,,,,
17.841188812176537,,,,,,0.0943287673031188,,,,,,,,,,,,
17.865012345761762,,,,,,0.094397206238219,,,,,,,,,,,,
17.888867691170656,,,,,,0.0944656948282439,,,,,,,,,,,,
17.9127548908819,,,,,,0.09453423310921996,,,,,,,,,,,,
17.93667398743087,,,,,,0.09460282111719975,,,,,,,,,,,,
17.960625023409772,,,,,,0.094671458888262,,,,,,,,,,,,
17.984608041467673,,,,,,0.09474014645851166,,,,,,,,,,,,
18.008623084310596,,,,,,0.0948088838640798,,,,,,,,,,,,
18.032670194701577,,,,,,0.09487767114112373,,,,,,,,,,,,
18.056749415460768,,,,,,0.0949465083258271,,,,,,,,,,,,
18.08086078946549,,,,,,0.09501539545439967,,,,,,,,,,,,
18.105004359650323,,,,,,0.09508433256307754,,,,,,,,,,,,
18.129180169007178,,,,,,0.09515331968812307,,,,,,,,,,,,
18.15338826058537,,,,,,0.09522235686582495,,,,,,,,,,,,
18.17762867749171,,,,,,0.09529144413249818,,,,,,,,,,,,
18.201901462890532,,,,,,0.09536058152448411,,,,,,,,,,,,
18.22620666000388,,,,,,0.09542976907815058,,,,,,,,,,,,
18.25054431211143,,,,,,0.09549900682989157,,,,,,,,,,,,
18.274914462550704,,,,,,0.0955682948161276,,,,,,,,,,,,
18.29931715471708,,,,,,0.09563763307330572,,,,,,,,,,,,
18.323752432063877,,,,,,0.09570702163789925,,,,,,,,,,,,
18.348220338102447,,,,,,0.09577646054640807,,,,,,,,,,,,
18.372720916402226,,,,,,0.09584594983535848,,,,,,,,,,,,
18.39725421059085,,,,,,0.09591548954130334,,,,,,,,,,,,
18.4218202643542,,,,,,0.09598507970082198,,,,,,,,,,,,
18.446419121436488,,,,,,0.09605472035052028,,,,,,,,,,,,
18.471050825640347,,,,,,0.09612441152703076,,,,,,,,,,,,
18.495715420826905,,,,,,0.09619415326701246,,,,,,,,,,,,
18.520412950915816,,,,,,0.09626394560715086,,,,,,,,,,,,
18.54514345988546,,,,,,0.09633378858415836,,,,,,,,,,,,
18.569906991772857,,,,,,0.09640368223477379,,,,,,,,,,,,
18.594703590673884,,,,,,0.09647362659576268,,,,,,,,,,,,
18.619533300743285,,,,,,0.09654362170391724,,,,,,,,,,,,
18.64439616619476,,,,,,0.0966136675960564,,,,,,,,,,,,
18.669292231301053,,,,,,0.09668376430902574,,,,,,,,,,,,
18.694221540394025,,,,,,0.09675391187969765,,,,,,,,,,,,
18.719184137864733,,,,,,0.09682411034497115,,,,,,,,,,,,
18.74418006816351,,,,,,0.09689435974177225,,,,,,,,,,,,
18.769209375800042,,,,,,0.09696466010705354,,,,,,,,,,,,
18.794272105343456,,,,,,0.0970350114777945,,,,,,,,,,,,
18.819368301422394,,,,,,0.09710541389100145,,,,,,,,,,,,
18.844498008725054,,,,,,0.09717586738370755,,,,,,,,,,,,
18.86966127199938,,,,,,0.0972463719929728,,,,,,,,,,,,
18.894858136053,,,,,,0.09731692775588414,,,,,,,,,,,,
18.920088645753403,,,,,,0.09738753470955538,,,,,,,,,,,,
18.945352846027994,,,,,,0.09745819289112727,,,,,,,,,,,,
18.97065078186416,,,,,,0.09752890233776745,,,,,,,,,,,,
18.99598249830936,,,,,,0.0975996630866707,,,,,,,,,,,,
19.021348040471214,,,,,,0.0976704751750586,,,,,,,,,,,,
19.04674745351757,,,,,,0.09774133864017982,,,,,,,,,,,,
19.072180782676583,,,,,,0.09781225351931003,,,,,,,,,,,,
19.097648073236822,,,,,,0.09788321984975196,,,,,,,,,,,,
19.123149370547285,,,,,,0.0979542376688354,,,,,,,,,,,,
19.148684720017595,,,,,,0.0980253070139172,,,,,,,,,,,,
19.174254167117944,,,,,,0.09809642792238138,,,,,,,,,,,,
19.199857757379274,,,,,,0.09816760043163901,,,,,,,,,,,,
19.225495536393325,,,,,,0.09823882457912833,,,,,,,,,,,,
19.251167549812706,,,,,,0.09831010040231472,,,,,,,,,,,,
19.27687384335099,,,,,,0.09838142793869085,,,,,,,,,,,,
19.3026144627828,,,,,,0.09845280722577647,,,,,,,,,,,,
19.328389453943867,,,,,,0.09852423830111859,,,,,,,,,,,,
19.354198862731142,,,,,,0.09859572120229146,,,,,,,,,,,,
19.380042735102847,,,,,,0.09866725596689659,,,,,,,,,,,,
19.40592111707859,,,,,,0.0987388426325628,,,,,,,,,,,,
19.43183405473943,,,,,,0.09881048123694618,,,,,,,,,,,,
19.457781594227914,,,,,,0.09888217181773008,,,,,,,,,,,,
19.483763781748284,,,,,,0.09895391441262544,,,,,,,,,,,,
19.509780663566403,,,,,,0.09902570905937015,,,,,,,,,,,,
19.53583228600995,,,,,,0.09909755579572989,,,,,,,,,,,,
19.561918695468467,,,,,,0.09916945465949749,,,,,,,,,,,,
19.58803993839343,,,,,,0.09924140568849328,,,,,,,,,,,,
19.614196061298344,,,,,,0.09931340892056503,,,,,,,,,,,,
19.64038711075883,,,,,,0.09938546439358795,,,,,,,,,,,,
19.666613133412696,,,,,,0.09945757214546473,,,,,,,,,,,,
19.692874175960025,,,,,,0.09952973221412553,,,,,,,,,,,,
19.719170285163266,,,,,,0.0996019446375282,,,,,,,,,,,,
19.745501507847305,,,,,,0.0996742094536579,,,,,,,,,,,,
19.771867890899564,,,,,,0.09974652670052754,,,,,,,,,,,,
19.798269481270037,,,,,,0.09981889641617735,,,,,,,,,,,,
19.82470632597148,,,,,,0.09989131863867548,,,,,,,,,,,,
19.85117847207935,,,,,,0.0999637934061175,,,,,,,,,,,,
19.877685966732013,,,,,,0.10003632075662668,,,,,,,,,,,,
19.904228857130764,,,,,,0.10010890072835392,,,,,,,,,,,,
19.93080719053993,,,,,,0.1001815333594778,,,,,,,,,,,,
19.957421014286947,,,,,,0.10025421868820468,,,,,,,,,,,,
19.98407037576245,,,,,,0.10032695675276854,,,,,,,,,,,,
20.010755322420355,,,,,,0.10039974759143115,,,,,,,,,,,,
20.03747590177794,,,,,,0.10047259124248199,,,,,,,,,,,,
20.06423216141594,,,,,,0.10054548774423842,,,,,,,,,,,,
20.091024148978622,,,,,,0.10061843713504551,,,,,,,,,,,,
20.117851912173883,,,,,,0.10069143945327619,,,,,,,,,,,,
20.14471549877328,,,,,,0.10076449473733118,,,,,,,,,,,,
20.17161495661224,,,,,,0.10083760302563918,,,,,,,,,,,,
20.198550333589985,,,,,,0.10091076435665665,,,,,,,,,,,,
20.225521677669747,,,,,,0.10098397876886794,,,,,,,,,,,,
20.252529036878784,,,,,,0.10105724630078548,,,,,,,,,,,,
20.27957245930849,,,,,,0.1011305669909495,,,,,,,,,,,,
20.30665199311448,,,,,,0.10120394087792818,,,,,,,,,,,,
20.333767686516666,,,,,,0.10127736800031782,,,,,,,,,,,,
20.36091958779935,,,,,,0.10135084839674259,,,,,,,,,,,,
20.38810774531131,,,,,,0.10142438210585475,,,,,,,,,,,,
20.41533220746589,,,,,,0.10149796916633456,,,,,,,,,,,,
20.44259302274105,,,,,,0.10157160961689037,,,,,,,,,,,,
20.46989023967954,,,,,,0.10164530349625865,,,,,,,,,,,,
20.497223906888873,,,,,,0.10171905084320389,,,,,,,,,,,,
20.524594073041502,,,,,,0.10179285169651878,,,,,,,,,,,,
20.552000786874864,,,,,,0.10186670609502413,,,,,,,,,,,,
20.57944409719147,,,,,,0.10194061407756891,,,,,,,,,,,,
20.606924052859007,,,,,,0.10201457568303024,,,,,,,,,,,,
20.63444070281041,,,,,,0.10208859095031356,,,,,,,,,,,,
20.66199409604395,,,,,,0.10216265991835241,,,,,,,,,,,,
20.68958428162334,,,,,,0.10223678262610864,,,,,,,,,,,,
20.717211308677793,,,,,,0.10231095911257239,,,,,,,,,,,,
20.744875226402137,,,,,,0.10238518941676204,,,,,,,,,,,,
20.772576084056894,,,,,,0.10245947357772432,,,,,,,,,,,,
20.800313930968322,,,,,,0.10253381163453416,,,,,,,,,,,,
20.82808881652862,,,,,,0.10260820362629512,,,,,,,,,,,,
20.855900790195868,,,,,,0.10268264959213885,,,,,,,,,,,,
20.88374990149423,,,,,,0.10275714957122549,,,,,,,,,,,,
20.91163620001399,,,,,,0.10283170360274367,,,,,,,,,,,,
20.939559735411645,,,,,,0.10290631172591035,,,,,,,,,,,,
20.96752055741001,,,,,,0.10298097397997097,,,,,,,,,,,,
20.995518715798283,,,,,,0.10305569040419944,,,,,,,,,,,,
21.023554260432153,,,,,,0.10313046103789823,,,,,,,,,,,,
21.05162724123388,,,,,,0.10320528592039824,,,,,,,,,,,,
21.079737708192393,,,,,,0.10328016509105892,,,,,,,,,,,,
21.107885711363355,,,,,,0.10335509858926835,,,,,,,,,,,,
21.136071300869297,,,,,,0.10343008645444313,,,,,,,,,,,,
21.164294526899624,,,,,,0.10350512872602836,,,,,,,,,,,,
21.192555439710844,,,,,,0.10358022544349797,,,,,,,,,,,,
21.220854089626492,,,,,,0.10356689707523496,,,,,,,,,,,,
21.249190527037342,,,,,,0.10352198599295889,,,,,,,,,,,,
21.277564802401454,,,,,,0.10347709438606899,,,,,,,,,,,,
21.305976966244252,,,,,,0.10343222224611982,,,,,,,,,,,,
21.334427069158636,,,,,,0.1033873695646697,,,,,,,,,,,,
21.362915161805063,,,,,,0.10334253633328061,,,,,,,,,,,,
21.391441294911633,,,,,,0.10329772254351817,,,,,,,,,,,,
21.42000551927419,,,,,,0.10325292818695159,,,,,,,,,,,,
21.448607885756402,,,,,,0.10320815325515383,,,,,,,,,,,,
21.477248445289852,,,,,,0.1031633977397015,,,,,,,,,,,,
21.505927248874155,,,,,,0.10311866163217476,,,,,,,,,,,,
21.534644347576968,,,,,,0.10307394492415758,,,,,,,,,,,,
21.563399792534227,,,,,,0.10302924760723745,,,,,,,,,,,,
21.59219363495007,,,,,,0.10298456967300554,,,,,,,,,,,,
21.621025926097055,,,,,,0.10293991111305673,,,,,,,,,,,,
21.649896717316185,,,,,,0.10289527191898942,,,,,,,,,,,,
21.678806060017028,,,,,,0.10285065208240578,,,,,,,,,,,,
21.7077540056778,,,,,,0.10280605159491156,,,,,,,,,,,,
21.73674060584545,,,,,,0.10276147044811616,,,,,,,,,,,,
21.765765912135763,,,,,,0.1027169086336326,,,,,,,,,,,,
21.794829976233444,,,,,,0.10267236614307756,,,,,,,,,,,,
21.82393284989222,,,,,,0.10262784296807138,,,,,,,,,,,,
21.853074584934916,,,,,,0.10258333910023797,,,,,,,,,,,,
21.882255233253574,,,,,,0.1025388545312049,,,,,,,,,,,,
21.911474846809476,,,,,,0.1024943892526034,,,,,,,,,,,,
21.94073347763338,,,,,,0.10244994325606827,,,,,,,,,,,,
21.970031177825433,,,,,,0.10240551653323803,,,,,,,,,,,,
21.999367999555393,,,,,,0.10236110907575471,,,,,,,,,,,,
22.028743995062683,,,,,,0.10231672087526406,,,,,,,,,,,,
22.058159216656467,,,,,,0.1022723519234154,,,,,,,,,,,,
22.087613716715772,,,,,,0.10222800221186172,,,,,,,,,,,,
22.117107547689557,,,,,,0.10218367173225953,,,,,,,,,,,,
22.14664076209682,,,,,,0.10213936047626908,,,,,,,,,,,,
22.17621341252669,,,,,,0.10209506843555419,,,,,,,,,,,,
22.205825551638522,,,,,,0.1020507956017822,,,,,,,,,,,,
22.23547723216196,,,,,,0.10200654196662426,,,,,,,,,,,,
22.26516850689712,,,,,,0.10196230752175495,,,,,,,,,,,,
22.294899428714547,,,,,,0.10191809225885255,,,,,,,,,,,,
22.324670050555437,,,,,,0.10187389616959894,,,,,,,,,,,,
22.354480425431664,,,,,,0.1018297192456796,,,,,,,,,,,,
22.384330606425888,,,,,,0.10178556147878359,,,,,,,,,,,,
22.41422064669165,,,,,,0.10174142286060361,,,,,,,,,,,,
22.44415059945347,,,,,,0.10169730338283597,,,,,,,,,,,,
22.474120518006938,,,,,,0.10165320303718052,,,,,,,,,,,,
22.504130455718812,,,,,,0.10160912181534076,,,,,,,,,,,,
22.534180466027106,,,,,,0.10156505970902382,,,,,,,,,,,,
22.564270602441198,,,,,,0.10152101670994032,,,,,,,,,,,,
22.594400918541925,,,,,,0.10147699280980457,,,,,,,,,,,,
22.624571467981625,,,,,,0.10143298800033446,,,,,,,,,,,,
22.654782304484357,,,,,,0.10138900227325139,,,,,,,,,,,,
22.685033481845842,,,,,,0.10134503562028045,,,,,,,,,,,,
22.71532505393368,,,,,,0.10130108803315033,,,,,,,,,,,,
22.745657074687383,,,,,,0.10125715950359318,,,,,,,,,,,,
22.776029598118505,,,,,,0.10121325002334484,,,,,,,,,,,,
22.806442678310706,,,,,,0.10116935958414475,,,,,,,,,,,,
22.83689636941987,,,,,,0.1011254881777358,,,,,,,,,,,,
22.867390725674195,,,,,,0.10108163579586461,,,,,,,,,,,,
22.8979258013743,,,,,,0.10103780243028133,,,,,,,,,,,,
22.928501650893292,,,,,,0.10099398807273963,,,,,,,,,,,,
22.959118328676904,,,,,,0.1009501927149968,,,,,,,,,,,,
22.98977588924357,,,,,,0.10090641634881375,,,,,,,,,,,,
23.020474387184485,,,,,,0.10086265896595493,,,,,,,,,,,,
23.05121387716381,,,,,,0.10081892055818827,,,,,,,,,,,,
23.08199441391863,,,,,,0.10077520111728543,,,,,,,,,,,,
23.11281605225916,,,,,,0.10073150063502151,,,,,,,,,,,,
23.143678847068795,,,,,,0.10068781910317524,,,,,,,,,,,,
23.17458285330422,,,,,,0.10064415651352893,,,,,,,,,,,,
23.205528125995492,,,,,,0.10060051285786838,,,,,,,,,,,,
23.23651472024617,,,,,,0.10055688812798298,,,,,,,,,,,,
23.26754269123337,,,,,,0.10051328231566578,,,,,,,,,,,,
23.298612094207908,,,,,,0.10046969541271322,,,,,,,,,,,,
23.32972298449436,,,,,,0.10042612741092541,,,,,,,,,,,,
23.360875417491194,,,,,,0.100382578302106,,,,,,,,,,,,
23.392069448670846,,,,,,0.10033904807806215,,,,,,,,,,,,
23.42330513357979,,,,,,0.10029553673060468,,,,,,,,,,,,
23.45458252783876,,,,,,0.10025204425154781,,,,,,,,,,,,
23.485901687142654,,,,,,0.1002085706327094,,,,,,,,,,,,
23.517262667260812,,,,,,0.10016511586591086,,,,,,,,,,,,
23.548665524037023,,,,,,0.10012167994297716,,,,,,,,,,,,
23.580110313389643,,,,,,0.10007826285573672,,,,,,,,,,,,
23.611597091311694,,,,,,0.1000348645960216,,,,,,,,,,,,
23.643125913870975,,,,,,0.0999914851556674,,,,,,,,,,,,
23.674696837210142,,,,,,0.09994812452651318,,,,,,,,,,,,
23.70630991754683,,,,,,0.09990478270040162,,,,,,,,,,,,
23.737965211173748,,,,,,0.0998614596691789,,,,,,,,,,,,
23.76966277445872,,,,,,0.09981815542469476,,,,,,,,,,,,
23.801402663844936,,,,,,0.09977486995880244,,,,,,,,,,,,
23.833184935850845,,,,,,0.09973160326335878,,,,,,,,,,,,
23.865009647070476,,,,,,0.09968835533022402,,,,,,,,,,,,
23.89687685417333,,,,,,0.09964512615126206,,,,,,,,,,,,
23.928786613904638,,,,,,0.09960191571834025,,,,,,,,,,,,
23.960738983085385,,,,,,0.09955872402332953,,,,,,,,,,,,
23.992734018612435,,,,,,0.09951555105810432,,,,,,,,,,,,
24.024771777458625,,,,,,0.09947239681454258,,,,,,,,,,,,
24.056852316672867,,,,,,0.09942926128452578,,,,,,,,,,,,
24.08897569338025,,,,,,0.09938614445993899,,,,,,,,,,,,
24.121141964782147,,,,,,0.09934304633267059,,,,,,,,,,,,
24.15335118815632,,,,,,0.09929996689461268,,,,,,,,,,,,
24.185603420856975,,,,,,0.09925690613766083,,,,,,,,,,,,
24.217898720314977,,,,,,0.09921386405371409,,,,,,,,,,,,
24.2502371440378,,,,,,0.09917084063467502,,,,,,,,,,,,
24.282618749609757,,,,,,0.09912783587244975,,,,,,,,,,,,
24.315043594692042,,,,,,0.09908484975894784,,,,,,,,,,,,
24.34751173702284,,,,,,0.09904188228608242,,,,,,,,,,,,
24.380023234417443,,,,,,0.09899893344577015,,,,,,,,,,,,
24.412578144768336,,,,,,0.09895600322993105,,,,,,,,,,,,
24.445176526045312,,,,,,0.0989130916304888,,,,,,,,,,,,
24.477818436295575,,,,,,0.09887019863937051,,,,,,,,,,,,
24.510503933643836,,,,,,0.0988273242485068,,,,,,,,,,,,
24.543233076292417,,,,,,0.09878446844983184,,,,,,,,,,,,
24.57600592252138,,,,,,0.0987416312352832,,,,,,,,,,,,
24.60882253068855,,,,,,0.09869881259680208,,,,,,,,,,,,
24.641682959229772,,,,,,0.09865601252633294,,,,,,,,,,,,
24.67458726665883,,,,,,0.09861323101582409,,,,,,,,,,,,
24.70753551156769,,,,,,0.09857046805722697,,,,,,,,,,,,
24.740527752626555,,,,,,0.09852772364249672,,,,,,,,,,,,
24.773564048583957,,,,,,0.09848499776359193,,,,,,,,,,,,
24.806644458266884,,,,,,0.09844229041247465,,,,,,,,,,,,
24.83976904058087,,,,,,0.09839960158111044,,,,,,,,,,,,
24.872937854510113,,,,,,0.0983569312614684,,,,,,,,,,,,
24.906150959117568,,,,,,0.0983142794455209,,,,,,,,,,,,
24.939408413545063,,,,,,0.09827164612524404,,,,,,,,,,,,
24.97271027701339,,,,,,0.09822903129261726,,,,,,,,,,,,
25.006056608822444,,,,,,0.09818643493962355,,,,,,,,,,,,
25.03944746835124,,,,,,0.09814385705824931,,,,,,,,,,,,
25.072882915058184,,,,,,0.09810129764048446,,,,,,,,,,,,
25.10636300848098,,,,,,0.0980587566783224,,,,,,,,,,,,
25.13988780823688,,,,,,0.09801623416375994,,,,,,,,,,,,
25.173457374022743,,,,,,0.0979737300887975,,,,,,,,,,,,
25.207071765615137,,,,,,0.09793124444543876,,,,,,,,,,,,
25.240731042870447,,,,,,0.097888777225691,,,,,,,,,,,,
25.274435265724986,,,,,,0.09784632842156497,,,,,,,,,,,,
25.308184494195103,,,,,,0.09780389802507487,,,,,,,,,,,,
25.341978788377286,,,,,,0.09776148602823835,,,,,,,,,,,,
25.375818208448273,,,,,,0.0977190924230765,,,,,,,,,,,,
25.409702814665152,,,,,,0.09767671720161397,,,,,,,,,,,,
25.44363266736549,,,,,,0.09763436035587864,,,,,,,,,,,,
25.47760782696737,,,,,,0.0975920218779022,,,,,,,,,,,,
25.511628353969638,,,,,,0.09754970175971943,,,,,,,,,,,,
25.54569430895184,,,,,,0.0975073999933688,,,,,,,,,,,,
25.579805752574472,,,,,,0.09746511657089216,,,,,,,,,,,,
25.613962745579006,,,,,,0.0974228514843348,,,,,,,,,,,,
25.648165348788023,,,,,,0.09738060472574547,,,,,,,,,,,,
25.682413623105333,,,,,,0.09733837628717645,,,,,,,,,,,,
25.71670762951606,,,,,,0.09729616616068328,,,,,,,,,,,,
25.75104742908676,,,,,,0.09725397433832507,,,,,,,,,,,,
25.78543308296555,,,,,,0.09721180081216439,,,,,,,,,,,,
25.819864652382194,,,,,,0.09716964557426722,,,,,,,,,,,,
25.85434219864817,,,,,,0.09712750861670294,,,,,,,,,,,,
25.888865783156916,,,,,,0.09708538993154445,,,,,,,,,,,,
25.92343546738376,,,,,,0.09704328951086802,,,,,,,,,,,,
25.958051312886177,,,,,,0.0970012073467534,,,,,,,,,,,,
25.992713381303812,,,,,,0.09695914343128378,,,,,,,,,,,,
26.02742173435863,,,,,,0.09691709775654568,,,,,,,,,,,,
26.062176433855008,,,,,,0.09687507031462918,,,,,,,,,,,,
26.09697754167986,,,,,,0.09683306109762774,,,,,,,,,,,,
26.131825119802723,,,,,,0.09679107009763824,,,,,,,,,,,,
26.166719230275902,,,,,,0.096749097306761,,,,,,,,,,,,
26.201659935234545,,,,,,0.09670714271709976,,,,,,,,,,,,
26.236647296896773,,,,,,0.09666520632076174,,,,,,,,,,,,
26.271681377563812,,,,,,0.09662328810985737,,,,,,,,,,,,
26.30676223962001,,,,,,0.0965813880765009,,,,,,,,,,,,
26.34188994553312,,,,,,0.09653950621280954,,,,,,,,,,,,
26.377064557854215,,,,,,0.09649764251090424,,,,,,,,,,,,
26.412286139217944,,,,,,0.09645579696290926,,,,,,,,,,,,
26.447554752342583,,,,,,0.09641396956095226,,,,,,,,,,,,
26.482870460030153,,,,,,0.09637216029716435,,,,,,,,,,,,
26.518233325166538,,,,,,0.09633036916368003,,,,,,,,,,,,
26.553643410721588,,,,,,0.09628859615263727,,,,,,,,,,,,
26.58910077974925,,,,,,0.09624684125617729,,,,,,,,,,,,
26.624605495387648,,,,,,0.09620510446644487,,,,,,,,,,,,
26.660157620859238,,,,,,0.09616338577558817,,,,,,,,,,,,
26.695757219470877,,,,,,0.09612168517575871,,,,,,,,,,,,
26.731404354613986,,,,,,0.09608000265911146,,,,,,,,,,,,
26.76709908976457,,,,,,0.0960383382178048,,,,,,,,,,,,
26.80284148848349,,,,,,0.095994342715179,,,,,,,,,,,,
26.83863161441639,,,,,,0.09592316587627861,,,,,,,,,,,,
26.874469531293947,,,,,,0.09585204181280495,,,,,,,,,,,,
26.910355302931933,,,,,,0.09578097048562657,,,,,,,,,,,,
26.946288993231327,,,,,,0.0957099518556412,,,,,,,,,,,,
26.982270666178444,,,,,,0.09563898588377553,,,,,,,,,,,,
27.01830038584503,,,,,,0.09556807253098511,,,,,,,,,,,,
27.0543782163884,,,,,,0.09549721175825461,,,,,,,,,,,,
27.090504222051525,,,,,,0.09542640352659744,,,,,,,,,,,,
27.126678467163167,,,,,,0.09535564779705608,,,,,,,,,,,,
27.16290101613799,,,,,,0.09528494453070187,,,,,,,,,,,,
27.19917193347668,,,,,,0.09521429368863488,,,,,,,,,,,,
27.235491283766,,,,,,0.09514369523198417,,,,,,,,,,,,
27.271859131679047,,,,,,0.09507314912190758,,,,,,,,,,,,
27.30827554197519,,,,,,0.09500265531959179,,,,,,,,,,,,
27.344740579500314,,,,,,0.0949322137862521,,,,,,,,,,,,
27.381254309186897,,,,,,0.09486182448313275,,,,,,,,,,,,
27.4178167960541,,,,,,0.0947914873715067,,,,,,,,,,,,
27.45442810520793,,,,,,0.09472120241267543,,,,,,,,,,,,
27.49108830184131,,,,,,0.0946509695679694,,,,,,,,,,,,
27.52779745123422,,,,,,0.09458078879874746,,,,,,,,,,,,
27.564555618753822,,,,,,0.09451066006639731,,,,,,,,,,,,
27.601362869854547,,,,,,0.09444058333233529,,,,,,,,,,,,
27.638219270078242,,,,,,0.09437055855800615,,,,,,,,,,,,
27.67512488505427,,,,,,0.09430058570488341,,,,,,,,,,,,
27.71207978049959,,,,,,0.09423066473446914,,,,,,,,,,,,
27.749084022219005,,,,,,0.09416079560829385,,,,,,,,,,,,
27.786137676105085,,,,,,0.09409097828791664,,,,,,,,,,,,
27.823240808138454,,,,,,0.09402121273492516,,,,,,,,,,,,
27.860393484387817,,,,,,0.0939514989109355,,,,,,,,,,,,
27.897595771010106,,,,,,0.09388183677759213,,,,,,,,,,,,
27.934847734250592,,,,,,0.09381222629656813,,,,,,,,,,,,
27.972149440443,,,,,,0.09374266742956479,,,,,,,,,,,,
28.009500956009642,,,,,,0.09367316013831196,,,,,,,,,,,,
28.04690234746151,,,,,,0.09360370438456789,,,,,,,,,,,,
28.08435368139844,,,,,,0.09353430013011897,,,,,,,,,,,,
28.121855024509124,,,,,,0.09346494733678015,,,,,,,,,,,,
28.15940644357142,,,,,,0.09339564596639457,,,,,,,,,,,,
28.19700800545224,,,,,,0.0933263959808338,,,,,,,,,,,,
28.234659777107858,,,,,,0.09325719734199743,,,,,,,,,,,,
28.27236182558393,,,,,,0.09318805001181353,,,,,,,,,,,,
28.310114218015634,,,,,,0.09311895395223835,,,,,,,,,,,,
28.347917021627815,,,,,,0.09304990912525624,,,,,,,,,,,,
28.38577030373506,,,,,,0.09298091549287989,,,,,,,,,,,,
28.423674131741862,,,,,,0.09291197301715,,,,,,,,,,,,
28.461628573142704,,,,,,0.09284308166013555,,,,,,,,,,,,
28.499633695522203,,,,,,0.09277424138393363,,,,,,,,,,,,
28.537689566555223,,,,,,0.0927054521506693,,,,,,,,,,,,
28.575796254007006,,,,,,0.09263671392249585,,,,,,,,,,,,
28.61395382573323,,,,,,0.09256802666159464,,,,,,,,,,,,
28.65216234968027,,,,,,0.09249939033017489,,,,,,,,,,,,
28.690421893885148,,,,,,0.09243080489047403,,,,,,,,,,,,
28.728732526475774,,,,,,0.09236227030475742,,,,,,,,,,,,
28.76709431567103,,,,,,0.09229378653531846,,,,,,,,,,,,
28.80550732978089,,,,,,0.09222535354447833,,,,,,,,,,,,
28.843971637206536,,,,,,0.09215697129458639,,,,,,,,,,,,
28.882487306440492,,,,,,0.09208863974801969,,,,,,,,,,,,
28.921054406066737,,,,,,0.09202035886718332,,,,,,,,,,,,
28.959673004760838,,,,,,0.09195212861451026,,,,,,,,,,,,
28.99834317129006,,,,,,0.09188394895246119,,,,,,,,,,,,
29.037064974513488,,,,,,0.09181581984352478,,,,,,,,,,,,
29.075838483382185,,,,,,0.09174774125021747,,,,,,,,,,,,
29.114663766939213,,,,,,0.09167971313508351,,,,,,,,,,,,
29.15354089431994,,,,,,0.0916117354606948,,,,,,,,,,,,
29.192469934751937,,,,,,0.09154380818965115,,,,,,,,,,,,
29.231450957555285,,,,,,0.09147593128458008,,,,,,,,,,,,
29.27048403214261,,,,,,0.09140810470813666,,,,,,,,,,,,
29.309569228019225,,,,,,0.0913403284230039,,,,,,,,,,,,
29.348706614783257,,,,,,0.09127260239189222,,,,,,,,,,,,
29.387896262125764,,,,,,0.09120492657753988,,,,,,,,,,,,
29.427138239830864,,,,,,0.09113730094271276,,,,,,,,,,,,
29.46643261777586,,,,,,0.09106972545020417,,,,,,,,,,,,
29.50577946593137,,,,,,0.0910022000628352,,,,,,,,,,,,
29.545178854361424,,,,,,0.09093472474345449,,,,,,,,,,,,
29.584630853223647,,,,,,0.09086729945493804,,,,,,,,,,,,
29.624135532769277,,,,,,0.09079992416018966,,,,,,,,,,,,
29.663692963343454,,,,,,0.09073259882214034,,,,,,,,,,,,
29.70330321538517,,,,,,0.09066532340374892,,,,,,,,,,,,
29.742966359427506,,,,,,0.09059809786800138,,,,,,,,,,,,
29.782682466097736,,,,,,0.09053092217791138,,,,,,,,,,,,
29.82245160611743,,,,,,0.09046379629651981,,,,,,,,,,,,
29.862273850302596,,,,,,0.0903967201868951,,,,,,,,,,,,
29.902149269563804,,,,,,0.09032969381213307,,,,,,,,,,,,
29.942077934906315,,,,,,0.09026271713535677,,,,,,,,,,,,
29.9820599174302,,,,,,0.09019579011971673,,,,,,,,,,,,
30.02209528833048,,,,,,0.09012891272839073,,,,,,,,,,,,
30.0621841188972,,,,,,0.09006208492458395,,,,,,,,,,,,
30.102326480515686,,,,,,0.08999530667152865,,,,,,,,,,,,
30.142522444666493,,,,,,0.08992857793248456,,,,,,,,,,,,
30.18277208292568,,,,,,0.0898618986707386,,,,,,,,,,,,
30.223075466964872,,,,,,0.08979526884960479,,,,,,,,,,,,
30.26343266855139,,,,,,0.08972868843242447,,,,,,,,,,,,
30.303843759548386,,,,,,0.08966215738256622,,,,,,,,,,,,
30.344308811914985,,,,,,0.08959567566342559,,,,,,,,,,,,
30.384827897706383,,,,,,0.08952924323842545,,,,,,,,,,,,
30.425401089074008,,,,,,0.08946286007101566,,,,,,,,,,,,
30.466028458265622,,,,,,0.08939652612467326,,,,,,,,,,,,
30.50671007762546,,,,,,0.0893302413629024,,,,,,,,,,,,
30.547446019594382,,,,,,0.08926400574923414,,,,,,,,,,,,
30.588236356709906,,,,,,0.08919781924722679,,,,,,,,,,,,
30.629081161606535,,,,,,0.08913168182046544,,,,,,,,,,,,
30.669980507015634,,,,,,0.08906559343256246,,,,,,,,,,,,
30.710934465765764,,,,,,0.08899955404715694,,,,,,,,,,,,
30.75194311078271,,,,,,0.08893356362791507,,,,,,,,,,,,
30.793006515089644,,,,,,0.08886762213853003,,,,,,,,,,,,
30.834124751807238,,,,,,0.08880172954272174,,,,,,,,,,,,
30.875297894153807,,,,,,0.08873588580423719,,,,,,,,,,,,
30.916526015445438,,,,,,0.08867009088685011,,,,,,,,,,,,
30.95780918909611,,,,,,0.08860434475436121,,,,,,,,,,,,
30.99914748861784,,,,,,0.08853864737059806,,,,,,,,,,,,
31.0405409876208,,,,,,0.08847299869941487,,,,,,,,,,,,
31.08198975981348,,,,,,0.08840739870469282,,,,,,,,,,,,
31.123493879002723,,,,,,0.08834184735033986,,,,,,,,,,,,
31.165053419094036,,,,,,0.08827634460029056,,,,,,,,,,,,
31.206668454091506,,,,,,0.0882108904185064,,,,,,,,,,,,
31.2483390580981,,,,,,0.0881454847689755,,,,,,,,,,,,
31.29006530531572,,,,,,0.08808012761571274,,,,,,,,,,,,
31.33184727004536,,,,,,0.08801481892275954,,,,,,,,,,,,
31.37368502668721,,,,,,0.08794955865418418,,,,,,,,,,,,
31.41557864974082,,,,,,0.08788434677408138,,,,,,,,,,,,
31.45752821380522,,,,,,0.08781918324657263,,,,,,,,,,,,
31.499533793579047,,,,,,0.08775406803580603,,,,,,,,,,,,
31.54159546386069,,,,,,0.0876890011059561,,,,,,,,,,,,
31.583713299548418,,,,,,0.08762398242122409,,,,,,,,,,,,
31.62588737564052,,,,,,0.08755901194583773,,,,,,,,,,,,
31.66811776723537,,,,,,0.08749408964405132,,,,,,,,,,,,
31.71040454953174,,,,,,0.08742921548014555,,,,,,,,,,,,
31.7527477978287,,,,,,0.08736438941842771,,,,,,,,,,,,
31.79514758752593,,,,,,0.08729961142323156,,,,,,,,,,,,
31.83760399412377,,,,,,0.08723488145891715,,,,,,,,,,,,
31.880117093223397,,,,,,0.08717019948987119,,,,,,,,,,,,
31.922686960526917,,,,,,0.08710556548050655,,,,,,,,,,,,
31.96531367183753,,,,,,0.08704097939526265,,,,,,,,,,,,
32.00799730305966,,,,,,0.08697644119860531,,,,,,,,,,,,
32.050737930199084,,,,,,0.08691195085502651,,,,,,,,,,,,
32.093535629363075,,,,,,0.08684750832904474,,,,,,,,,,,,
32.13639047676052,,,,,,0.08678311358520474,,,,,,,,,,,,
32.1793025487021,,,,,,0.08671876658807746,,,,,,,,,,,,
32.22227192160031,,,,,,0.08665446730226029,,,,,,,,,,,,
32.26529867196982,,,,,,0.0865902156923766,,,,,,,,,,,,
32.308382876427345,,,,,,0.08652601172307635,,,,,,,,,,,,
32.35152461169196,,,,,,0.0864618553590354,,,,,,,,,,,,
32.39472395458518,,,,,,0.08639774656495601,,,,,,,,,,,,
32.43798098203111,,,,,,0.08633368530556641,,,,,,,,,,,,
32.481295771056544,,,,,,0.08626967154562117,,,,,,,,,,,,
32.52466839879116,,,,,,0.08620570524990093,,,,,,,,,,,,
32.5680989424676,,,,,,0.08614178638321238,,,,,,,,,,,,
32.61158747942167,,,,,,0.08607791491038838,,,,,,,,,,,,
32.655134087092435,,,,,,0.08601409079628786,,,,,,,,,,,,
32.698738843022305,,,,,,0.08595031400579582,,,,,,,,,,,,
32.742401824857346,,,,,,0.0858865845038232,,,,,,,,,,,,
32.786123110347184,,,,,,0.08582290225530707,,,,,,,,,,,,
32.829902777345374,,,,,,0.0857592672252104,,,,,,,,,,,,
32.87374090380935,,,,,,0.08569567937852224,,,,,,,,,,,,
32.91763756780068,,,,,,0.08563213868025757,,,,,,,,,,,,
32.96159284748516,,,,,,0.08556864509545722,,,,,,,,,,,,
33.005606821132965,,,,,,0.08550519858918804,,,,,,,,,,,,
33.04967956711878,,,,,,0.08544179912654282,,,,,,,,,,,,
33.093811163921956,,,,,,0.08537844667264005,,,,,,,,,,,,
33.138001690126636,,,,,,0.08531514119262426,,,,,,,,,,,,
33.18225122442185,,,,,,0.08525188265166582,,,,,,,,,,,,
33.226559845601805,,,,,,0.08518867101496076,,,,,,,,,,,,
33.270927632565794,,,,,,0.08512550624773112,,,,,,,,,,,,
33.3153546643186,,,,,,0.08506238831522452,,,,,,,,,,,,
33.35984101997037,,,,,,0.0849993171827146,,,,,,,,,,,,
33.40438677873701,,,,,,0.0849362928155005,,,,,,,,,,,,
33.448992019940114,,,,,,0.08487331517890728,,,,,,,,,,,,
33.49365682300723,,,,,,0.08481038423828555,,,,,,,,,,,,
33.53838126747196,,,,,,0.08474749995901172,,,,,,,,,,,,
33.58316543297412,,,,,,0.0846846623064879,,,,,,,,,,,,
33.62800939925985,,,,,,0.0846218712461417,,,,,,,,,,,,
33.67291324618181,,,,,,0.0845591267434265,,,,,,,,,,,,
33.717877053699254,,,,,,0.08449642876382127,,,,,,,,,,,,
33.76290090187818,,,,,,0.08443377727283058,,,,,,,,,,,,
33.807984870891616,,,,,,0.08437117223598449,,,,,,,,,,,,
33.85312904101948,,,,,,0.08430861361883878,,,,,,,,,,,,
33.898333492649044,,,,,,0.08424610138697457,,,,,,,,,,,,
33.9435983062748,,,,,,0.08418363550599871,,,,,,,,,,,,
33.98892356249884,,,,,,0.0841212159415433,,,,,,,,,,,,
34.03430934203077,,,,,,0.08405884265926628,,,,,,,,,,,,
34.07975572568803,,,,,,0.08399651562485067,,,,,,,,,,,,
34.12526279439598,,,,,,0.08393423480400522,,,,,,,,,,,,
34.17083062918803,,,,,,0.08387200016246392,,,,,,,,,,,,
34.21645931120579,,,,,,0.08380981166598628,,,,,,,,,,,,
34.262148921699215,,,,,,0.08374766928035718,,,,,,,,,,,,
34.30789954202679,,,,,,0.08368557297138679,,,,,,,,,,,,
34.353711253655554,,,,,,0.08362352270491077,,,,,,,,,,,,
34.39958413816146,,,,,,0.08356151844678991,,,,,,,,,,,,
34.44551827722924,,,,,,0.08349956016291059,,,,,,,,,,,,
34.49151375265285,,,,,,0.08343764781918422,,,,,,,,,,,,
34.53757064633532,,,,,,0.08337578138154768,,,,,,,,,,,,
34.583689040289194,,,,,,0.08331396081596293,,,,,,,,,,,,
34.629869016636405,,,,,,0.08325218608841731,,,,,,,,,,,,
34.676110657608604,,,,,,0.08319045716492336,,,,,,,,,,,,
34.72241404554723,,,,,,0.08312877401151873,,,,,,,,,,,,
34.7687792629037,,,,,,0.08306713659426633,,,,,,,,,,,,
34.81520639223949,,,,,,0.08300554487925428,,,,,,,,,,,,
34.86169551622634,,,,,,0.08294399883259568,,,,,,,,,,,,
34.908246717646406,,,,,,0.08288249842042891,,,,,,,,,,,,
34.95486007939231,,,,,,0.08282104360891744,,,,,,,,,,,,
35.00153568446748,,,,,,0.08275963436424971,,,,,,,,,,,,
35.048273615986034,,,,,,0.0826982706526394,,,,,,,,,,,,
35.09507395717323,,,,,,0.08263695244032503,,,,,,,,,,,,
35.14193679136531,,,,,,0.08257567969357045,,,,,,,,,,,,
35.1888622020099,,,,,,0.08251445237866421,,,,,,,,,,,,
35.23585027266601,,,,,,0.0824532704619201,,,,,,,,,,,,
35.282901087004234,,,,,,0.08239213390967667,,,,,,,,,,,,
35.330014728806894,,,,,,0.08233104268829763,,,,,,,,,,,,
35.37719128196819,,,,,,0.08226999676417157,,,,,,,,,,,,
35.42443083049435,,,,,,0.08220899610371189,,,,,,,,,,,,
35.471733458503735,,,,,,0.08214804067335701,,,,,,,,,,,,
35.51909925022712,,,,,,0.08208713043957024,,,,,,,,,,,,
35.56652829000764,,,,,,0.08202626536883972,,,,,,,,,,,,
35.614020662301186,,,,,,0.08196544542767838,,,,,,,,,,,,
35.66157645167627,,,,,,0.08190467058262411,,,,,,,,,,,,
35.70919574281449,,,,,,0.08184394080023949,,,,,,,,,,,,
35.756878620510385,,,,,,0.08178325604711194,,,,,,,,,,,,
35.804625169671795,,,,,,0.08172261628985372,,,,,,,,,,,,
35.85243547531992,,,,,,0.0816620214951017,,,,,,,,,,,,
35.9003096225895,,,,,,0.08160147162951761,,,,,,,,,,,,
35.94824769672894,,,,,,0.0815409666597879,,,,,,,,,,,,
35.99624978310048,,,,,,0.08148050655262361,,,,,,,,,,,,
36.04431596718038,,,,,,0.08142009127476056,,,,,,,,,,,,
36.092446334558936,,,,,,0.08135972079295925,,,,,,,,,,,,
36.1406409709409,,,,,,0.08129939507400472,,,,,,,,,,,,
36.18889996214528,,,,,,0.08123911408470677,,,,,,,,,,,,
36.23722339410585,,,,,,0.08117887779189961,,,,,,,,,,,,
36.28561135287098,,,,,,0.08111868616244236,,,,,,,,,,,,
36.334063924604095,,,,,,0.08105853916321838,,,,,,,,,,,,
36.382581195583526,,,,,,0.08099843676113584,,,,,,,,,,,,
36.43116325220291,,,,,,0.08093837892312723,,,,,,,,,,,,
36.47981018097121,,,,,,0.08087836561614972,,,,,,,,,,,,
36.52852206851291,,,,,,0.08081839680718497,,,,,,,,,,,,
36.577299001568186,,,,,,0.08075847246323899,,,,,,,,,,,,
36.62614106699299,,,,,,0.08069859255134239,,,,,,,,,,,,
36.67504835175933,,,,,,0.08063875703855015,,,,,,,,,,,,
36.724020942955235,,,,,,0.0805789658919418,,,,,,,,,,,,
36.773058927785165,,,,,,0.08051921907862106,,,,,,,,,,,,
36.822162393569876,,,,,,0.08045951656571626,,,,,,,,,,,,
36.87133142774688,,,,,,0.08039985832037994,,,,,,,,,,,,
36.92056611787028,,,,,,0.08034024430978913,,,,,,,,,,,,
36.96986655161126,,,,,,0.08028067450114507,,,,,,,,,,,,
37.01923281675793,,,,,,0.0802211488616734,,,,,,,,,,,,
37.0686650012157,,,,,,0.08016166735862408,,,,,,,,,,,,
37.11816319300734,,,,,,0.08010222995927131,,,,,,,,,,,,
37.167727480273165,,,,,,0.08004283663091352,,,,,,,,,,,,
37.21735795127118,,,,,,0.07998348734087346,,,,,,,,,,,,
37.267054694377244,,,,,,0.07992418205649811,,,,,,,,,,,,
37.316817798085246,,,,,,0.07986492074515854,,,,,,,,,,,,
37.36664735100716,,,,,,0.0798057033742502,,,,,,,,,,,,
37.416543441873415,,,,,,0.07974652991119249,,,,,,,,,,,,
37.466506159532784,,,,,,0.07968740032342927,,,,,,,,,,,,
37.51653559295282,,,,,,0.07962831457842823,,,,,,,,,,,,
37.566631831219745,,,,,,0.0795692726436814,,,,,,,,,,,,
37.61679496353883,,,,,,0.07951027448670475,,,,,,,,,,,,
37.66702507923442,,,,,,0.07945132007503845,,,,,,,,,,,,
37.71732226775015,,,,,,0.07939240937624677,,,,,,,,,,,,
37.76768661864908,,,,,,0.07933354235791784,,,,,,,,,,,,
37.81811822161388,,,,,,0.07927471898766403,,,,,,,,,,,,
37.86861716644696,,,,,,0.07921593923312165,,,,,,,,,,,,
37.91918354307066,,,,,,0.07915720306195094,,,,,,,,,,,,
37.96981744152739,,,,,,0.07909851044183619,,,,,,,,,,,,
38.02051895197973,,,,,,0.07903986134048571,,,,,,,,,,,,
38.0712881647108,,,,,,0.07898125572563158,,,,,,,,,,,,
38.122125170124114,,,,,,0.07892269356503,,,,,,,,,,,,
38.17303005874405,,,,,,0.07886417482646088,,,,,,,,,,,,
38.22400292121573,,,,,,0.0788056994777282,,,,,,,,,,,,
38.2750438483054,,,,,,0.07874726748665971,,,,,,,,,,,,
38.32615293090049,,,,,,0.07868887882110709,,,,,,,,,,,,
38.37733026000979,,,,,,0.07863053344894573,,,,,,,,,,,,
38.42857592676361,,,,,,0.07857223133807495,,,,,,,,,,,,
38.47989002241394,,,,,,0.07851397245641789,,,,,,,,,,,,
38.53127263833466,,,,,,0.07845575677192135,,,,,,,,,,,,
38.58272386602158,,,,,,0.07839758425255604,,,,,,,,,,,,
38.63424379709281,,,,,,0.07833945486631622,,,,,,,,,,,,
38.68583252328864,,,,,,0.07828136858122019,,,,,,,,,,,,
38.73749013647204,,,,,,0.07822332536530964,,,,,,,,,,,,
38.78921672862847,,,,,,0.0781653251866502,,,,,,,,,,,,
38.84101239186638,,,,,,0.078107368013331,,,,,,,,,,,,
38.892877218417084,,,,,,0.07804945381346494,,,,,,,,,,,,
38.944811300635116,,,,,,0.07799158255518857,,,,,,,,,,,,
38.99681473099834,,,,,,0.07793375420666195,,,,,,,,,,,,
39.04888760210807,,,,,,0.07787596873606886,,,,,,,,,,,,
39.10103000668929,,,,,,0.07781822611161669,,,,,,,,,,,,
39.15324203759082,,,,,,0.07776052630153626,,,,,,,,,,,,
39.20552378778545,,,,,,0.0777028692740821,,,,,,,,,,,,
39.25787535037005,,,,,,0.07764525499753223,,,,,,,,,,,,
39.31029681856595,,,,,,0.0775876834401881,,,,,,,,,,,,
39.36278828571879,,,,,,0.07753015457037482,,,,,,,,,,,,
39.415349845299026,,,,,,0.07747266835644077,,,,,,,,,,,,
39.46798159090175,,,,,,0.07741522476675813,,,,,,,,,,,,
39.5206836162472,,,,,,0.0773578237697222,,,,,,,,,,,,
39.57345601518063,,,,,,0.0773004653337519,,,,,,,,,,,,
39.626298881672675,,,,,,0.07724314942728948,,,,,,,,,,,,
39.67921230981943,,,,,,0.07718587601880063,,,,,,,,,,,,
39.732196393842635,,,,,,0.07712864507677446,,,,,,,,,,,,
39.78525122808987,,,,,,0.07707145656972333,,,,,,,,,,,,
39.83837690703466,,,,,,0.07701431046618311,,,,,,,,,,,,
39.89157352527673,,,,,,0.07695720673471276,,,,,,,,,,,,
39.94484117754203,,,,,,0.07690014534389487,,,,,,,,,,,,
39.99817995868315,,,,,,0.07684312626233504,,,,,,,,,,,,
40.05158996367918,,,,,,0.07678614945866234,,,,,,,,,,,,
40.105071287636164,,,,,,0.07672921490152894,,,,,,,,,,,,
40.15862402578703,,,,,,0.07667232255961041,,,,,,,,,,,,
40.212248273491994,,,,,,0.07661547240160542,,,,,,,,,,,,
40.26594412623849,,,,,,0.0765586643962359,,,,,,,,,,,,
40.31971167964152,,,,,,0.07650189851224702,,,,,,,,,,,,
40.37355102944376,,,,,,0.07644517471840707,,,,,,,,,,,,
40.42746227151572,,,,,,0.07638849298350746,,,,,,,,,,,,
40.48144550185594,,,,,,0.07633185327636281,,,,,,,,,,,,
40.53550081659112,,,,,,0.07627525556581088,,,,,,,,,,,,
40.58962831197637,,,,,,0.07621869982071243,,,,,,,,,,,,
40.64382808439523,,,,,,0.07616218600995142,,,,,,,,,,,,
40.6981002303601,,,,,,0.07610571410243475,,,,,,,,,,,,
40.75244484651206,,,,,,0.07604928406709259,,,,,,,,,,,,
40.806862029621456,,,,,3.305290934310739,0.07598633800066106,,,,,,,,,,,,
40.86135187658764,,,,,3.291761090115293,0.07587801961522336,,,,,,,,,,,,
40.9159144844395,,,,,3.278286628846069,0.07576985563744544,,,,,,,,,,,,
40.97054995033542,,,,,3.2648673237991606,0.07566184584721942,,,,,,,,,,,,
41.02525837156354,,,,,3.251502949198649,0.07555399002475122,,,,,,,,,,,,
41.08003984554192,,,,,3.2381932801928066,0.07544628795056013,,,,,,,,,,,,
41.13489446981868,,,,,3.224938092850309,0.07533873940547825,,,,,,,,,,,,
41.18982234207224,,,,,3.211737164156468,0.07523134417065007,,,,,,,,,,,,
41.24482356011136,,,,,3.198590272009498,0.07512410202753222,,,,,,,,,,,,
41.29989822187554,,,,,3.1854971952167292,0.07501701275789255,,,,,,,,,,,,
41.3550464254349,,,,,3.172457713490961,0.07491007614381043,,,,,,,,,,,,
41.41026826899069,,,,,3.1594716074466715,0.07480329196767546,,,,,,,,,,,,
41.465563850875114,,,,,3.1465386585964112,0.07469666001218776,,,,,,,,,,,,
41.520933269551854,,,,,3.1336586493470446,0.07459018006035692,,,,,,,,,,,,
41.57637662361591,,,,,3.1208313629961637,0.07448385189550215,,,,,,,,,,,,
41.631894011794024,,,,,3.1080565837283887,0.07437767530125135,,,,,,,,,,,,
41.68748553294478,,,,,3.095334096611762,0.0742716500615409,,,,,,,,,,,,
41.74315128605871,,,,,3.0826636875941245,0.07416577596061513,,,,,,,,,,,,
41.798891370258595,,,,,3.0700451434995175,0.07406005278302606,,,,,,,,,,,,
41.854705884799515,,,,,3.057478252024594,0.07395448031363272,,,,,,,,,,,,
41.910594929069156,,,,,3.0449628017350427,0.07384905833760082,,,,,,,,,,,,
41.9665586025878,,,,,3.032498582062054,0.0737437866404024,,,,,,,,,,,,
42.022597005008784,,,,,3.020085383298727,0.0736386650078152,,,,,,,,,,,,
42.07871023611835,,,,,3.007722996596608,0.0735336932259225,,,,,,,,,,,,
42.134898395836125,,,,,2.9954112139621056,0.07342887108111228,,,,,,,,,,,,
42.19116158421502,,,,,2.9831498282530644,0.07332419836007727,,,,,,,,,,,,
42.24749990144171,,,,,2.970938633175205,0.07321967484981398,,,,,,,,,,,,
42.3039134478365,,,,,2.9587774232787236,0.07311530033762292,,,,,,,,,,,,
42.36040232385373,,,,,2.946665993954785,0.07301107461110753,,,,,,,,,,,,
42.41696663008187,,,,,2.9346041414320996,0.07290699745817411,,,,,,,,,,,,
42.473606467243705,,,,,2.922591662773496,0.07280306866703125,,,,,,,,,,,,
42.53032193619651,,,,,2.9106283558725017,0.07269928802618957,,,,,,,,,,,,
42.587113137932235,,,,,2.8987140194499466,0.07259565532446104,,,,,,,,,,,,
42.64398017357772,,,,,2.8868484530505687,0.07249217035095869,,,,,,,,,,,,
42.70092314439473,,,,,2.875031457039667,0.07238883289509629,,,,,,,,,,,,
42.757942151780426,,,,,2.8632628325996894,0.07228564274658762,,,,,,,,,,,,
42.815037297267175,,,,,2.8515423817269596,0.07218259969544645,,,,,,,,,,,,
42.872208682523095,,,,,2.839869907228271,0.07207970353198559,,,,,,,,,,,,
42.9294564093519,,,,,2.8282452127176407,0.07197695404681703,,,,,,,,,,,,
42.9867805796934,,,,,2.816668102612936,0.07187435103085107,,,,,,,,,,,,
43.044181295623396,,,,,2.805138382132648,0.07177189427529622,,,,,,,,,,,,
43.10165865935406,,,,,2.793655857292567,0.07166958357165845,,,,,,,,,,,,
43.15921277323403,,,,,2.782220334902541,0.07156741871174103,,,,,,,,,,,,
43.216843739748626,,,,,2.77083162256322,0.07146539948764405,,,,,,,,,,,,
43.27455166152,,,,,2.7594895286628196,0.07136352569176388,,,,,,,,,,,,
43.33233664130735,,,,,2.7481938623738986,0.07126179711679288,,,,,,,,,,,,
43.3901987820071,,,,,2.736944433650141,0.07116021355571882,,,,,,,,,,,,
43.44813818665299,,,,,2.7257410532231816,0.07105877480182485,,,,,,,,,,,,
43.5061549584165,,,,,2.7145835325993755,0.07095748064868841,,,,,,,,,,,,
43.564249200606696,,,,,2.7034716840566886,0.07085633089018153,,,,,,,,,,,,
43.62242101667076,,,,,2.6924053206414733,0.0707553253204698,,,,,,,,,,,,
43.68067051019388,,,,,2.6813842561653853,0.07065446373401241,,,,,,,,,,,,
43.738997784899624,,,,,2.6704083052022063,0.07055374592556155,,,,,,,,,,,,
43.79740294465005,,,,,2.6594772830847404,0.07045317169016187,,,,,,,,,,,,
43.85588609344592,,,,,2.648591005901711,0.07035274082315028,,,,,,,,,,,,
43.91444733542683,,,,,2.6377492904946584,0.07025245312015536,,,,,,,,,,,,
43.97308677487148,,,,,2.626951954454864,0.07015230837709713,,,,,,,,,,,,
44.031804516197795,,,,,2.6161988161202783,0.07005230639018645,,,,,,,,,,,,
44.09060066396312,,,,,2.6054896945724666,0.06995244695592466,,,,,,,,,,,,
44.149475322864454,,,,,2.5948244096335573,0.06985272987110316,,,,,,,,,,,,
44.208428597738504,,,,,2.584202781863236,0.06975315493280329,,,,,,,,,,,,
44.26746059356212,,,,,2.5736246325556773,0.06965372193839522,,,,,,,,,,,,
44.32657141545215,,,,,2.5630897837366016,0.06955443068553838,,,,,,,,,,,,
44.385761168666,,,,,2.552598058160215,0.06945528097218025,,,,,,,,,,,,
44.44502995860145,,,,,2.542149279306288,0.0693562725965567,,,,,,,,,,,,
44.504377890797116,,,,,2.5317432713771404,0.069257405357191,,,,,,,,,,,,
44.56380507093253,,,,,2.521379859294705,0.06915867905289365,,,,,,,,,,,,
44.62331160482831,,,,,2.511058868697578,0.06906009348276196,,,,,,,,,,,,
44.68289759844642,,,,,2.5007801259380837,0.06896164844617968,,,,,,,,,,,,
44.74256315789027,,,,,2.490543458079354,0.06886334374281647,,,,,,,,,,,,
44.802308389405,,,,,2.4803486928924166,0.06876517917262756,,,,,,,,,,,,
44.86213339937753,,,,,2.470195658853313,0.06866715453585345,,,,,,,,,,,,
44.92203829433699,,,,,2.460084185140173,0.06856926963301915,,,,,,,,,,,,
44.98202318095459,,,,,2.450014101630398,0.0684715242649344,,,,,,,,,,,,
45.04208816604415,,,,,2.4399852388977354,0.06837391823269248,,,,,,,,,,,,
45.10223335656193,,,,,2.4299974282094934,0.06827645133767056,,,,,,,,,,,,
45.16245885960722,,,,,2.4200505015236353,0.06817912338152861,,,,,,,,,,,,
45.222764782422125,,,,,2.410144291486015,0.06808193416620967,,,,,,,,,,,,
45.28315123239207,,,,,2.4002786314275166,0.0679848834939389,,,,,,,,,,,,
45.343618317045845,,,,,2.3904533553612684,0.06788797116722342,,,,,,,,,,,,
45.404166144055814,,,,,2.3806682979798484,0.06779119698885189,,,,,,,,,,,,
45.46479482123813,,,,,2.3709232946525027,0.06769456076189413,,,,,,,,,,,,
45.5255044565529,,,,,2.361218181422376,0.06759806228970065,,,,,,,,,,,,
45.58629515810443,,,,,2.3515527950037454,0.06750170137590224,,,,,,,,,,,,
45.647167034141276,,,,,2.341926972779298,0.06740547782440973,,,,,,,,,,,,
45.7081201930567,,,,,2.3323405527973504,0.06730939143941332,,,,,,,,,,,,
45.76915474338853,,,,,2.3227933737691795,0.06721344202538256,,,,,,,,,,,,
45.8302707938197,,,,,2.313285275066251,0.0671176293870654,,,,,,,,,,,,
45.891468453178085,,,,,2.3038160967175747,0.06702195332948852,,,,,,,,,,,,
45.95274783043707,,,,,2.294385679406955,0.06692641365795608,,,,,,,,,,,,
46.01410903471538,,,,,2.2849938644703642,0.06683101017805025,,,,,,,,,,,,
46.07555217527756,,,,,2.2756404938932357,0.06673574269563001,,,,,,,,,,,,
46.137077361534004,,,,,2.26632541030782,0.06664061101683122,,,,,,,,,,,,
46.19868470304124,,,,,2.257048456990536,0.06654561494806603,,,,,,,,,,,,
46.26037430950205,,,,,2.2478094778593327,0.06645075429602264,,,,,,,,,,,,
46.32214629076573,,,,,2.2386083174710647,0.06635602886766473,,,,,,,,,,,,
46.38400075682828,,,,,2.2294448210188715,0.06626143847023117,,,,,,,,,,,,
46.44593781783247,,,,,2.220318834329592,0.06616698291123566,,,,,,,,,,,,
46.50795758406833,,,,,2.211230203861131,0.0660726619984662,,,,,,,,,,,,
46.57006016597295,,,,,2.20217877669993,0.06597847553998495,,,,,,,,,,,,
46.632245674131084,,,,,2.193164400558336,0.06588442334412745,,,,,,,,,,,,
46.694514219274986,,,,,2.1841869237720974,0.06579050521950264,,,,,,,,,,,,
46.75686591228492,,,,,2.1752461952977558,0.06569672097499218,,,,,,,,,,,,
46.81930086418908,,,,,2.1663420647101557,0.06560307041975028,,,,,,,,,,,,
46.881819186163995,,,,,2.1574743821998776,0.06550955336320309,,,,,,,,,,,,
46.94442098953462,,,,,2.148642998570734,0.06541616961504843,,,,,,,,,,,,
47.007106385774584,,,,,2.139847765237255,0.06532291898525551,,,,,,,,,,,,
47.06987548650634,,,,,2.131088534222189,0.0652298012840643,,,,,,,,,,,,
47.132728403501424,,,,,2.122365158154013,0.06513681632198534,,,,,,,,,,,,
47.19566524868061,,,,,2.1136774902644495,0.06504396390979919,,,,,,,,,,,,
47.25868613411406,,,,,2.105025384386015,0.0649512438585564,,,,,,,,,,,,
47.321791172021726,,,,,2.0964086949495218,0.0648586559795765,,,,,,,,,,,,
47.38498047477322,,,,,2.0878272769816824,0.06476620008444832,,,,,,,,,,,,
47.448254154888424,,,,,2.079280986102612,0.06467387598502897,,,,,,,,,,,,
47.51161232503726,,,,,2.070769678523454,0.06458168349344404,,,,,,,,,,,,
47.57505509804022,,,,,2.062293211043923,0.06448962242208675,,,,,,,,,,,,
47.63858258686841,,,,,2.05385144104991,0.06439769258361783,,,,,,,,,,,,
47.7021949046438,,,,,2.045444226511081,0.064305893790965,,,,,,,,,,,,
47.765892164639396,,,,,2.0370714259784894,0.0642142258573227,,,,,,,,,,,,
47.829674480279486,,,,,2.0287328985821924,0.06412268859615168,,,,,,,,,,,,
47.89354196513979,,,,,2.0204285040288834,0.06403128182117855,,,,,,,,,,,,
47.95749473294769,,,,,2.012158102599532,0.06394000534639548,,,,,,,,,,,,
48.02153289758245,,,,,2.003921555147027,0.06384885898605971,,,,,,,,,,,,
48.08565657307533,,,,,1.9957187230938551,0.06375784255469352,,,,,,,,,,,,
48.149865873610004,,,,,1.9875494684297317,0.06366695586708322,,,,,,,,,,,,
48.21416091352241,,,,,1.9794136537093272,0.06357619873827945,,,,,,,,,,,,
48.27854180730138,,,,,1.9713111420499054,0.06348557098359624,,,,,,,,,,,,
48.34300866958844,,,,,1.963241797129065,0.06339507241861113,,,,,,,,,,,,
48.4075616151783,,,,,1.9552054831824135,0.06330470285916442,,,,,,,,,,,,
48.47220075901894,,,,,1.9472020650012982,0.06321446212135894,,,,,,,,,,,,
48.5369262162118,,,,,1.9392314079305282,0.06312435002155962,,,,,,,,,,,,
48.60173810201206,,,,,1.931293377866108,0.06303436637639331,,,,,,,,,,,,
48.66663653182877,,,,,1.923387841252983,0.06294451100274814,,,,,,,,,,,,
48.73162162122512,,,,,1.9155146650827883,0.06285478371777324,,,,,,,,,,,,
48.796693485918524,,,,,1.9076737168916253,0.06276518433887854,,,,,,,,,,,,
48.86185224178107,,,,,1.899864864757802,0.06267571268373402,,,,,,,,,,,,
48.927098004839394,,,,,1.8920879772996566,0.06258636857026988,,,,,,,,,,,,
48.99243089127524,,,,,1.8843429236732994,0.06249715181667553,,,,,,,,,,,,
49.057851017425314,,,,,1.87662957357046,0.062408062241399845,,,,,,,,,,,,
49.123358499781844,,,,,1.868947797216247,0.0623190996631502,,,,,,,,,,,,
49.18895345499245,,,,,1.8612974653670087,0.06223026390089273,,,,,,,,,,,,
49.25463599986061,,,,,1.853678449308126,0.06214155477385141,,,,,,,,,,,,
49.32040625134576,,,,,1.8460906208518626,0.06205297210150796,,,,,,,,,,,,
49.386264326563484,,,,,1.8385338523352033,0.06196451570360142,,,,,,,,,,,,
49.45221034278578,,,,,1.8310080166177087,0.061876185400127875,,,,,,,,,,,,
49.518244417441224,,,,,1.823512987079374,0.0617879810113399,,,,,,,,,,,,
49.584366668115216,,,,,1.816048637618497,0.06169990235774632,,,,,,,,,,,,
49.6505772125501,,,,,1.80861484264957,0.06161194926011191,,,,,,,,,,,,
49.71687616864557,,,,,1.801211477101136,0.06152412153945681,,,,,,,,,,,,
49.783263654458594,,,,,1.7938384164137267,0.06143641901705646,,,,,,,,,,,,
49.84973978820396,,,,,1.786495536537722,0.06134884151444086,,,,,,,,,,,,
49.91630468825413,,,,,1.7791827139313074,0.061261388853394626,,,,,,,,,,,,
49.9829584731398,,,,,1.7718998255583516,0.061174060855956267,,,,,,,,,,,,
50.0497012615498,,,,,1.764646748886376,0.0610868573444181,,,,,,,,,,,,
50.116533172331515,,,,,1.757423361884466,0.06099977814132567,,,,,,,,,,,,
50.183454324491024,,,,,1.7502295430212285,0.06091282306947749,,,,,,,,,,,,
50.25046483719331,,,,,1.7430651712627465,0.06082599195192476,,,,,,,,,,,,
50.317564829762475,,,,,1.7359301260705418,0.060739284611970826,,,,,,,,,,,,
50.38475442168197,,,,,1.728824287399547,0.06065270087317094,,,,,,,,,,,,
50.45203373259479,,,,,1.7217475356960834,0.060566240559331845,,,,,,,,,,,,
50.51940288230362,,,,,1.7146997518958629,0.060479903494511614,,,,,,,,,,,,
50.58686199077128,,,,,1.707680817421955,0.06039368950301886,,,,,,,,,,,,
50.65441117812058,,,,,1.7006906141828328,0.060307598409412896,,,,,,,,,,,,
50.722050564634934,,,,,1.6937290245703418,0.06022163003850289,,,,,,,,,,,,
50.78978027075816,,,,,1.6867959314577654,0.06013578421534795,,,,,,,,,,,,
50.85760041709512,,,,,1.6798912181978107,0.06005006076525642,,,,,,,,,,,,
50.92551112441154,,,,,1.6730147686206867,0.05996445951378579,,,,,,,,,,,,
50.99351251363451,,,,,1.6661664670321197,0.05987898028674211,,,,,,,,,,,,
51.06160470585257,,,,,1.6593461982114204,0.05979362291017975,,,,,,,,,,,,
51.129787822315926,,,,,1.6525538474095427,0.059708387210401136,,,,,,,,,,,,
51.198061984436734,,,,,1.645789300347153,0.059623273013956216,,,,,,,,,,,,
51.266427313789244,,,,,1.639052443212708,0.059538280147642196,,,,,,,,,,,,
51.33488393211008,,,,,1.6323431626605365,0.05945340843850315,,,,,,,,,,,,
51.40343196129832,,,,,1.6256613458089453,0.05936865771382989,,,,,,,,,,,,
51.472071523415984,,,,,1.6190068802382926,0.05928402780115913,,,,,,,,,,,,
51.540802740687894,,,,,1.6123796539891344,0.0591995185282737,,,,,,,,,,,,
51.60962573550227,,,,,1.6057795555602994,0.059115129723201675,,,,,,,,,,,,
51.6785406304106,,,,,1.5992064739070522,0.05903086121421654,,,,,,,,,,,,
51.74754754812809,,,,,1.5926602984391967,0.058946712829836385,,,,,,,,,,,,
51.81664661153381,,,,,1.5861409190192284,0.05886268439882381,,,,,,,,,,,,
51.88583794367089,,,,,1.5796482259604778,0.05877877575018551,,,,,,,,,,,,
51.95512166774678,,,,,1.5731821100252665,0.0586949867131719,,,,,,,,,,,,
52.024497907133444,,,,,1.5667424624230677,0.05861131711727689,,,,,,,,,,,,
52.0939667853676,,,,,1.5603291748086747,0.058527766792237326,,,,,,,,,,,,
52.163528426150826,,,,,1.5539421392803898,0.058444335568032905,,,,,,,,,,,,
52.23318295335009,,,,,1.5475812483781817,0.05836102327488546,,,,,,,,,,,,
52.302930490997504,,,,,1.5412463950819142,0.058277829743259166,,,,,,,,,,,,
52.372771163291056,,,,,1.5349374728095073,0.05819475480385954,,,,,,,,,,,,
52.44270509459434,,,,,1.528654375415182,0.05811179828763371,,,,,,,,,,,,
52.51273240943723,,,,,1.522396997187636,0.058028960025769495,,,,,,,,,,,,
52.582853232515696,,,,,1.5161652328483017,0.05794623984969568,,,,,,,,,,,,
52.653067688692346,,,,,1.5099589775495483,0.057863637591081124,,,,,,,,,,,,
52.72337590299647,,,,,1.5037781268729287,0.05778115308183471,,,,,,,,,,,,
52.793778000624314,,,,,1.497622576827422,0.057698786154104884,,,,,,,,,,,,
52.8642741069393,,,,,1.491492223847683,0.057616536640279485,,,,,,,,,,,,
52.93486434747225,,,,,1.4853869647922997,0.057534404372985175,,,,,,,,,,,,
53.00554884792164,,,,,1.4793066969420556,0.05745238918508721,,,,,,,,,,,,
53.07632773415368,,,,,1.4732513179982136,0.057370490909689174,,,,,,,,,,,,
53.14720113220284,,,,,1.467220726080769,0.05728870938013247,,,,,,,,,,,,
53.21816916827167,,,,,1.4612148197267698,0.05720704442999619,,,,,,,,,,,,
53.28923196873146,,,,,1.455233497888573,0.05712549589309648,,,,,,,,,,,,
53.36038966012202,,,,,1.449276659932182,0.057044063603486586,,,,,,,,,,,,
53.43164236915235,,,,,1.4433442056355152,0.05696274739545607,,,,,,,,,,,,
53.50299022270046,,,,,1.4374360351867561,0.05688154710353101,,,,,,,,,,,,
53.57443334781389,,,,,1.4315520491826463,0.05680046256247314,,,,,,,,,,,,
53.64597187170978,,,,,1.4256921486268272,0.05671949360727981,,,,,,,,,,,,
53.71760592177519,,,,,1.4198562349281703,0.05663864007318356,,,,,,,,,,,,
53.78933562556724,,,,,1.4140442098991193,0.05655790179565188,,,,,,,,,,,,
53.86116111081339,,,,,1.4082559757540376,0.056477278610386726,,,,,,,,,,,,
53.93308250541169,,,,,1.4024914351075612,0.05639677035332425,,,,,,,,,,,,
54.005099937430856,,,,,1.3967504909729713,0.05631637686063457,,,,,,,,,,,,
54.07721353511081,,,,,1.391033046760538,0.05623609796872122,,,,,,,,,,,,
54.1494234268625,,,,,1.3853390062759285,0.0561559335142211,,,,,,,,,,,,
54.221729741268554,,,,,1.3796682737185533,0.05607588333400376,,,,,,,,,,,,
54.294132607083085,,,,,1.3740207536799893,0.055995947265171514,,,,,,,,,,,,
54.36663215323235,,,,,1.3683963511423403,0.05591612514505873,,,,,,,,,,,,
54.439228508814566,,,,,1.3627949714766703,0.05583641681123178,,,,,,,,,,,,
54.51192180310045,,,,,1.357216520441388,0.055756822101488496,,,,,,,,,,,,
54.58471216553331,,,,,1.3516609041806713,0.055677340853857914,,,,,,,,,,,,
54.657599725729305,,,,,1.346128029222887,0.05559797290660007,,,,,,,,,,,,
54.73058461347765,,,,,1.3406178024790179,0.05551871809820545,,,,,,,,,,,,
54.803666958740905,,,,,1.335130131241096,0.055439576267394826,,,,,,,,,,,,
54.87684689165516,,,,,1.3296649231806412,0.05536054725311879,,,,,,,,,,,,
54.9501245425302,,,,,1.3242220863471184,0.05528163089455773,,,,,,,,,,,,
55.02350004184997,,,,,1.3188015291663668,0.055202827031120984,,,,,,,,,,,,
55.09697352027248,,,,,1.3134031604390919,0.055124135502447075,,,,,,,,,,,,
55.17054510863038,,,,,1.3080268893392957,0.05504555614840289,,,,,,,,,,,,
55.24421493793086,,,,,1.3026726254127818,0.05496708880908375,,,,,,,,,,,,
55.31798313935616,,,,,1.2973402785756094,0.05488873332481291,,,,,,,,,,,,
55.391849844263625,,,,,1.2920297591125887,0.05481048953614117,,,,,,,,,,,,
55.46581518418604,,,,,1.2867409776757688,0.05473235728384666,,,,,,,,,,,,
55.53987929083182,,,,,1.2814738452829348,0.05465433640893444,,,,,,,,,,,,
55.61404229608523,,,,,1.2762282733161114,0.05457642675263633,,,,,,,,,,,,
55.68830433200667,,,,,1.2710041735200703,0.054498628156410364,,,,,,,,,,,,
55.76266553083287,,,,,1.265801458000847,0.054420940461940605,,,,,,,,,,,,
55.837126024977145,,,,,1.2606200392242586,0.05434336351113676,,,,,,,,,,,,
55.911685947029554,,,,,1.255459830014442,0.054265897146134064,,,,,,,,,,,,
55.98634542975736,,,,,1.2503207435523649,0.05418854120929253,,,,,,,,,,,,
56.06110460610491,,,,,1.2452026933743954,0.05411129554319712,,,,,,,,,,,,
56.13596360919429,,,,,1.2401055933708147,0.05403415999065696,,,,,,,,,,,,
56.21092257232516,,,,,1.2350293577843985,0.05395713439470551,,,,,,,,,,,,
56.285981628975264,,,,,1.2299739012089523,0.053880218598599795,,,,,,,,,,,,
56.36114091280058,,,,,1.224939138587885,0.05380341244582035,,,,,,,,,,,,
56.43640055763554,,,,,1.2199249852127743,0.0537267157800708,,,,,,,,,,,,
56.51176069749329,,,,,1.2149313567219433,0.05365012844527756,,,,,,,,,,,,
56.58722146656593,,,,,1.20995816909904,0.053573650285589615,,,,,,,,,,,,
56.662782999224774,,,,,1.2050053386716222,0.053497281145377995,,,,,,,,,,,,
56.738445430020455,,,,,1.2000727821097592,0.05342102086923572,,,,,,,,,,,,
56.814208893683464,,,,,1.1951604164246092,0.05334486930197711,,,,,,,,,,,,
56.890073525123974,,,,,1.1902681589670507,0.05326882628863803,,,,,,,,,,,,
56.96603945943253,,,,,1.1853959274262627,0.05319289167447492,,,,,,,,,,,,
57.04210683187984,,,,,1.180543639828369,0.05311706530496507,,,,,,,,,,,,
57.118275777917475,,,,,1.17571121453503,0.053041347025805784,,,,,,,,,,,,
57.19454643317766,,,,,1.170898570242096,0.052965736682914606,,,,,,,,,,,,
57.27091893347387,,,,,1.1661056259782203,0.05289023412242852,,,,,,,,,,,,
57.347393414800884,,,,,1.1613323011035048,0.05281483919070392,,,,,,,,,,,,
57.42397001333507,,,,,1.1565785153081418,0.052739551734316166,,,,,,,,,,,,
57.50064886543466,,,,,1.1518441886110635,0.05266437160005942,,,,,,,,,,,,
57.577430107639955,,,,,1.1471292413585952,0.05258929863494615,,,,,,,,,,,,
57.6543138766736,,,,,1.1424335942231145,0.05251433268620692,,,,,,,,,,,,
57.73130030944069,,,,,1.1377571682017245,0.05243947360129013,,,,,,,,,,,,
57.80838954302936,,,,,1.1330998846149056,0.05236472122786155,,,,,,,,,,,,
57.885581714710526,,,,,1.128461665105219,0.05229007541380423,,,,,,,,,,,,
57.962876961938676,,,,,1.1238424316359583,0.052215536007217865,,,,,,,,,,,,
58.0402754223516,,,,,1.1192421064898666,0.052141102856418924,,,,,,,,,,,,
58.11777723377108,,,,,1.1146606122677993,0.052066775809939826,,,,,,,,,,,,
58.19538253420277,,,,,1.11009787188745,0.0519925547165292,,,,,,,,,,,,
58.27309146183671,,,,,1.1055538085820318,0.051918439425151085,,,,,,,,,,,,
58.35090415504741,,,,,1.1010283458989971,0.05184442978498488,,,,,,,,,,,,
58.42882075239418,,,,,1.0965214076987482,0.051770525645424954,,,,,,,,,,,,
58.506841392621354,,,,,1.0920329181533557,0.05169672685608043,,,,,,,,,,,,
58.584966214658515,,,,,1.0875628017452843,0.05162303326677475,,,,,,,,,,,,
58.6631953576208,,,,,1.0831109832661192,0.05154944472754542,,,,,,,,,,,,
58.741528960808985,,,,,1.0786773878153102,0.0514759610886438,,,,,,,,,,,,
58.81996716371006,,,,,1.074261940798892,0.05140258220053462,,,,,,,,,,,,
58.898510105997055,,,,,1.0698645679282552,0.051329307913895894,,,,,,,,,,,,
58.97715792752972,,,,,1.0654851952188689,0.05125613807961831,,,,,,,,,,,,
59.05591076835433,,,,,1.0611237489890637,0.051183072548805296,,,,,,,,,,,,
59.13476876870442,,,,,1.056780155858764,0.051110111172772414,,,,,,,,,,,,
59.21373206900055,,,,,1.0524543427482793,0.05103725380304725,,,,,,,,,,,,
59.29280080985092,,,,,1.0481462368770564,0.050964500291368994,,,,,,,,,,,,
59.371975132051446,,,,,1.0438557657624628,0.050891850489688154,,,,,,,,,,,,
59.45125517658605,,,,,1.0395828572185652,0.05081930425016637,,,,,,,,,,,,
59.53064108462693,,,,,1.0353274393549163,0.050746861425175954,,,,,,,,,,,,
59.610132997534755,,,,,1.0310894405753437,0.050674521867299684,,,,,,,,,,,,
59.68973105685903,,,,,1.0268687895767448,0.050602285429330415,,,,,,,,,,,,
59.76943540433812,,,,,1.022665415347895,0.050530151964271054,,,,,,,,,,,,
59.84924618189987,,,,,1.0184792471682342,0.05045812132533376,,,,,,,,,,,,
59.929163531661416,,,,,1.014310214606703,0.050386193365940204,,,,,,,,,,,,
60.009187595929895,,,,,1.0101582475205306,0.05031436793972077,,,,,,,,,,,,
60.08931851720225,,,,,1.0060232760540788,0.05024264490051466,,,,,,,,,,,,
60.16955643816585,,,,,1.0019052306376497,0.050171024102369406,,,,,,,,,,,,
60.24990150169853,,,,,0.9978040419863228,0.05009950539954053,,,,,,,,,,,,
60.33035385086893,,,,,0.9937196410987876,0.05002808864649135,,,,,,,,,,,,
60.41091362893675,,,,,0.9896519592561834,0.04995677369789262,,,,,,,,,,,,
60.49158097935293,,,,,0.985600928020942,0.049885560408622326,,,,,,,,,,,,
60.57235604576006,,,,,0.9815664792356354,0.04981444863376523,,,,,,,,,,,,
60.653238971992366,,,,,0.9775485450218371,0.04974343822861281,,,,,,,,,,,,
60.73422990207638,,,,,0.9735470577789621,0.0496725290486626,,,,,,,,,,,,
60.81532898023069,,,,,0.9695619501831537,0.04960172094961842,,,,,,,,,,,,
60.89653635086671,,,,,0.9655931551861255,0.04953101378738949,,,,,,,,,,,,
60.97785215858846,,,,,0.9616406060140582,0.04946040741809067,,,,,,,,,,,,
61.059276548193274,,,,,0.9577042361664515,0.049389901698041694,,,,,,,,,,,,
61.140809664671636,,,,,0.9537839794150282,0.04931949648376737,,,,,,,,,,,,
61.22245165320774,,,,,0.9498797698026034,0.04924919163199685,,,,,,,,,,,,
61.30420265917965,,,,,0.9459915416419816,0.04917898699966357,,,,,,,,,,,,
61.38606282815952,,,,,0.9421192295148515,0.04910888244390488,,,,,,,,,,,,
61.46803230591391,,,,,0.9382627682706836,0.04903887782206185,,,,,,,,,,,,
61.55011123840401,,,,,0.9344220930256354,0.04896897299167885,,,,,,,,,,,,
61.63229977178595,,,,,0.9305971391614577,0.04889916781050331,,,,,,,,,,,,
61.71459805241091,,,,,0.9267878423244147,0.04882946213648554,,,,,,,,,,,,
61.797006226825694,,,,,0.9229941384241855,0.04875985582777815,,,,,,,,,,,,
61.87952444177256,,,,,0.9192159636328073,0.048690348742736214,,,,,,,,,,,,
61.96215284418994,,,,,0.9154532543835787,0.048620940739916456,,,,,,,,,,,,
62.04489158121225,,,,,0.9117059473700129,0.04855163167807745,,,,,,,,,,,,
62.1277408001706,,,,,0.9079739795447497,0.048482421416178895,,,,,,,,,,,,
62.21070064859264,,,,,0.9042572881185166,0.04841330981338177,,,,,,,,,,,,
62.293771274203124,,,,,0.9005558105590561,0.048344296729047664,,,,,,,,,,,,
62.37695282492404,,,,,0.8968694845900813,0.04827538202273868,,,,,,,,,,,,
62.460245448874886,,,,,0.8931982481902261,0.0482065655542171,,,,,,,,,,,,
62.54364929437296,,,,,0.8895420395920023,0.0481378471834452,,,,,,,,,,,,
62.627164509933614,,,,,0.8859007972807598,0.04806922677058478,,,,,,,,,,,,
62.710791244270524,,,,,0.882274459993651,0.048000704175997,,,,,,,,,,,,
62.794529646295835,,,,,0.8786629667186061,0.04793227926024214,,,,,,,,,,,,
62.87837986512075,,,,,0.8750662566932921,0.047863951884079145,,,,,,,,,,,,
62.962342050055334,,,,,0.8714842694041108,0.047795721908465594,,,,,,,,,,,,
63.04641635060928,,,,,0.8679169445851589,0.04772758919455707,,,,,,,,,,,,
63.13060291649167,,,,,0.8643642222172357,0.04765955360370729,,,,,,,,,,,,
63.21490189761173,,,,,0.8608260425268117,0.04759161499746741,,,,,,,,,,,,
63.299313444078685,,,,,0.8573023459850433,0.047523773237586144,,,,,,,,,,,,
63.38383770620227,,,,,0.853793073306756,0.04745602818600915,,,,,,,,,,,,
63.468474834492945,,,,,0.8502981654494544,0.04738837970487891,,,,,,,,,,,,
63.55322497966212,,,,,0.8468175636123265,0.04732082765653441,,,,,,,,,,,,
63.63808829262248,,,,,0.8433512092352554,0.047253371903510935,,,,,,,,,,,,
63.723064924488185,,,,,0.8398990439978335,0.047186012308539665,,,,,,,,,,,,
63.80815502657525,,,,,0.83646100981838,0.047118748734547446,,,,,,,,,,,,
63.8933587504016,,,,,0.8330370488529701,0.04705158104465659,,,,,,,,,,,,
63.9786762476877,,,,,0.8296271034944479,0.04698450910218445,,,,,,,,,,,,
64.06410767035638,,,,,0.8262311163714763,0.04691753277064331,,,,,,,,,,,,
64.14965317053354,,,,,0.8228490303475511,0.04685065191373989,,,,,,,,,,,,
64.23531290054805,,,,,0.8194807885200591,0.0467838663953753,,,,,,,,,,,,
64.32108701293227,,,,,0.8161263342193066,0.04671717607964466,,,,,,,,,,,,
64.40697566042223,,,,,0.8127856110075723,0.046650580830836764,,,,,,,,,,,,
64.49297899595791,,,,,0.8094585626781564,0.046584080513433886,,,,,,,,,,,,
64.5790971726835,,,,,0.806145133254435,0.04651767499211146,,,,,,,,,,,,
64.66533034394769,,,,,0.8028452669889188,0.04645136413173789,,,,,,,,,,,,
64.75167866330393,,,,,0.799558908362314,0.04638514779737416,,,,,,,,,,,,
64.83814228451072,,,,,0.7962860020825895,0.046319025854273596,,,,,,,,,,,,
64.92472136153194,,,,,0.7930264930840443,0.04625299816788159,,,,,,,,,,,,
65.01141604853686,,,,,0.7897803265263883,0.04618706460383549,,,,,,,,,,,,
65.0982264999009,,,,,0.7865474477938049,0.046121225027963945,,,,,,,,,,,,
65.18515287020533,,,,,0.7833278024940514,0.04605547930628708,,,,,,,,,,,,
65.27219531423812,,,,,0.7801213364575241,0.04598982730501581,,,,,,,,,,,,
65.35935398699365,,,,,0.776927995736365,0.04592426889055196,,,,,,,,,,,,
65.44662904367345,,,,,0.7737477266035406,0.045858803929487685,,,,,,,,,,,,
65.53402063968626,,,,,0.7705804755519449,0.045793432288605315,,,,,,,,,,,,
65.6215289306483,,,,,0.7674261892934966,0.04572815383487711,,,,,,,,,,,,
65.7091540723836,,,,,0.764284814758244,0.04566296843546494,,,,,,,,,,,,
65.79689622092428,,,,,0.7611562990934708,0.04559787595772008,,,,,,,,,,,,
65.88475553251084,,,,,0.7580405896628069,0.04553287626918282,,,,,,,,,,,,
65.97273216359224,,,,,0.7549376340453474,0.045467969237582395,,,,,,,,,,,,
66.06082627082665,,,,,0.7518473800347589,0.04540315473083638,,,,,,,,,,,,
66.1490380110811,,,,,0.7487697756384182,0.045338432617050915,,,,,,,,,,,,
66.23736754143238,,,,,0.7457047690765185,0.04527380276451988,,,,,,,,,,,,
66.32581501916675,,,,,0.7426523087812175,0.04520926504172513,,,,,,,,,,,,
66.41438060178078,,,,,0.7396123433957509,0.04514481931733577,,,,,,,,,,,,
66.50306444698109,,,,,0.7365848217735856,0.04508046546020836,,,,,,,,,,,,
66.59186671268503,,,,,0.7335696929775468,0.04501620333938624,,,,,,,,,,,,
66.6807875570208,,,,,0.7305669062789664,0.04495203282409947,,,,,,,,,,,,
66.76982713832774,,,,,0.7275764111568285,0.04488795378376452,,,,,,,,,,,,
66.8589856151566,,,,,0.7245981572969196,0.044823966087984043,,,,,,,,,,,,
66.94826314626988,,,,,0.7216320945909815,0.04476006960654653,,,,,,,,,,,,
67.03765989064208,,,,,0.7186781731358681,0.04469626420942608,,,,,,,,,,,,
67.12717600745988,,,,,0.7157363432327103,0.04463254976678223,,,,,,,,,,,,
67.21681165612273,,,,,0.7128065553860682,0.04456892614895942,,,,,,,,,,,,
67.30656699624267,,,,,0.709888760303115,0.044505393226487194,,,,,,,,,,,,
67.39644218764514,,,,,0.7069829088927897,0.04444195087007936,,,,,,,,,,,,
67.48643739036872,,,,,0.7040889522649889,0.04437859895063426,,,,,,,,,,,,
67.57655276466598,,,,,0.7012068417297268,0.044315337339234054,,,,,,,,,,,,
67.66678847100322,,,,,0.6983365287963325,0.044252165907144904,,,,,,,,,,,,
67.75714467006117,,,,,0.6954779651726214,0.04418908452581632,,,,,,,,,,,,
67.84762152273505,,,,,0.6926311027640895,0.04412609306688111,,,,,,,,,,,,
67.93821919013497,,,,,0.6897958936731016,0.04406319140215504,,,,,,,,,,,,
68.02893783358613,,,,,0.6869722901980867,0.04400037940363668,,,,,,,,,,,,
68.11977761462919,,,,,0.6841602448327349,0.04393765694350699,,,,,,,,,,,,
68.2107386950205,,,,,0.6813597102651966,0.04387502389412915,,,,,,,,,,,,
68.3018212367323,,,,,0.6785706393772929,0.04381248012804832,,,,,,,,,,,,
68.39302540195338,,,,,0.67579298524371,0.0437500255179913,,,,,,,,,,,,
68.48435135308877,,,,,0.6730267011312269,0.0436876599368664,,,,,,,,,,,,
68.57579925276067,,,,,0.6702717404979105,0.04362538325776295,,,,,,,,,,,,
68.66736926380815,,,,,0.6675280569923512,0.043563195353951346,,,,,,,,,,,,
68.75906154928802,,,,,0.664795604452865,0.04350109609888253,,,,,,,,,,,,
68.85087627247452,,,,,0.662074336906733,0.043439085366187936,,,,,,,,,,,,
68.94281359686012,,,,,0.6593642085694166,0.04337716302967905,,,,,,,,,,,,
69.0348736861555,,,,,0.6566651738437919,0.04331532896334724,,,,,,,,,,,,
69.12705670429001,,,,,0.6539771873193819,0.0432535830413636,,,,,,,,,,,,
69.21936281541186,,,,,0.6513002037715928,0.04319192513807848,,,,,,,,,,,,
69.31179218388844,,,,,0.6486341781609519,0.04313035512802139,,,,,,,,,,,,
69.40434497430668,,,,,0.6459790656323504,0.04306887288590066,,,,,,,,,,,,
69.49702135147315,,,,,0.6433348215142923,0.043007478286603354,,,,,,,,,,,,
69.58982148041471,,,,,0.640701401318133,0.04294617120519469,,,,,,,,,,,,
69.68274552637833,,,,,0.6380787607373449,0.042884951516918166,,,,,,,,,,,,
69.77579365483186,,,,,0.6354668556467564,0.04282381909719494,,,,,,,,,,,,
69.86896603146391,,,,,0.6328656421018244,0.04276277382162389,,,,,,,,,,,,
69.96226282218447,,,,,0.630275076337884,0.04270181556598121,,,,,,,,,,,,
70.05568419312503,,,,,0.6276951147694171,0.04264094420622014,,,,,,,,,,,,
70.1492303106389,,,,,0.625125713989318,0.042580159618470746,,,,,,,,,,,,
70.24290134130153,,,,,0.6225668307681635,0.04251946167903967,,,,,,,,,,,,
70.33669745191084,,,,,0.620018422053485,0.042458850264409945,,,,,,,,,,,,
70.43061880948741,,,,,0.6174804449690446,0.04239832525124059,,,,,,,,,,,,
70.52466558127489,,,,,0.6149528568141134,0.04233788651636648,,,,,,,,,,,,
70.61883793474028,,,,,0.6124356150627523,0.042277533936798034,,,,,,,,,,,,
70.71313603757406,,,,,0.6099286773631016,0.04221726738972112,,,,,,,,,,,,
70.80756005769085,,,,,0.6074320015366571,0.04215708675249648,,,,,,,,,,,,
70.90211016322925,,,,,0.6049455455775755,0.04209699190265984,,,,,,,,,,,,
70.99678652255263,,,,,0.6024692676519523,0.04203698271792136,,,,,,,,,,,,
71.09158930424893,,,,,0.6000031260971319,0.04197705907616569,,,,,,,,,,,,
71.18651867713136,,,,,0.5975470794209966,0.04191722085545142,,,,,,,,,,,,
71.28157481023851,,,,,0.5951010863012728,0.041857467934011024,,,,,,,,,,,,
71.37675787283469,,,,,0.5926651055848354,0.04179780019025053,,,,,,,,,,,,
71.47206803441021,,,,,0.5902390962870149,0.041738217502749295,,,,,,,,,,,,
71.56750546468176,,,,,0.5878230175909078,0.04167871975025983,,,,,,,,,,,,
71.6630703335926,,,,,0.5854168288466899,0.04161930681170737,,,,,,,,,,,,
71.75876281131286,,,,,0.5830204895709353,0.041559978566189884,,,,,,,,,,,,
71.85458306824012,,,,,0.5806339594459269,0.04150073489297749,,,,,,,,,,,,
71.95053127499918,,,,,0.5782571983189905,0.04144157567151265,,,,,,,,,,,,
72.04660760244299,,,,,0.5758901662018057,0.04138250078140946,,,,,,,,,,,,
72.14281222165235,,,,,0.5735328232697465,0.04132351010245378,,,,,,,,,,,,
72.23914530393681,,,,,0.5711851298611981,0.04126460351460269,,,,,,,,,,,,
72.33560702083439,,,,,0.5688470464769018,0.04120578089798457,,,,,,,,,,,,
72.43219754411233,,,,,0.5665185337792815,0.04114704213289854,,,,,,,,,,,,
72.52891704576719,,,,,0.5641995525917861,0.0410883870998144,,,,,,,,,,,,
72.6257656980252,,,,,0.5618900638982292,0.0410298156793723,,,,,,,,,,,,
72.72274367334256,,,,,0.559590028842133,0.04097132775238262,,,,,,,,,,,,
72.81985114440577,,,,,0.5572994087260743,0.04091292319982559,,,,,,,,,,,,
72.91708828413195,,,,,0.5550181650110326,0.040854601902851076,,,,,,,,,,,,
73.01445526566896,,,,,0.5527462593157465,0.04079636374277846,,,,,,,,,,,,
73.11195226239612,,,,,0.5504836534160575,0.040738208601096136,,,,,,,,,,,,
73.20957944792399,,,,,0.5482303092442807,0.04068013635946167,,,,,,,,,,,,
73.30733699609523,,,,,0.54598618888855,0.04062214689970109,,,,,,,,,,,,
73.40522508098437,,,,,0.5437512545921945,0.04056424010380907,,,,,,,,,,,,
73.50324387689862,,,,,0.5415254687530889,0.040506415853948305,,,,,,,,,,,,
73.60139355837778,,,,,0.5393087939230342,0.0404486740324497,,,,,,,,,,,,
73.69967430019476,,,,,0.537101192807118,0.04039101452181172,,,,,,,,,,,,
73.79808627735586,,,,,0.5349026282630914,0.040333437204700395,,,,,,,,,,,,
73.89662966510109,,,,,0.5327130633007433,0.04027594196394897,,,,,,,,,,,,
73.99530463890441,,,,,0.5305324610812777,0.040218528682557805,,,,,,,,,,,,
74.09411137447412,,,,,0.5283607849166945,0.040161197243693936,,,,,,,,,,,,
74.19305004775319,,,,,0.5261979982691707,0.04010394753069099,,,,,,,,,,,,
74.29212083491936,,,,,0.5240440647504503,0.040046779427048936,,,,,,,,,,,,
74.39132391238587,,,,,0.5218989481212231,0.03998969281643374,,,,,,,,,,,,
74.49065945680128,,,,,0.5197626122905267,0.039932687582677304,,,,,,,,,,,,
74.59012764505027,,,,,0.5176350213151266,0.03987576360977698,,,,,,,,,,,,
74.68972865425347,,,,,0.5155161393989248,0.039818920781895625,,,,,,,,,,,,
74.78946266176828,,,,,0.5134059308923438,0.039762158983361134,,,,,,,,,,,,
74.8893298451887,,,,,0.5113043602917396,0.039705478098666355,,,,,,,,,,,,
74.98933038234597,,,,,0.5092113922387953,0.03964887801246873,,,,,,,,,,,,
75.0894644513088,,,,,0.5071269915199299,0.03959235860959015,,,,,,,,,,,,
75.18973223038368,,,,,0.5050511230657055,0.03953591977501671,,,,,,,,,,,,
75.29013389811516,,,,,0.5029837519502371,0.03947956139389843,,,,,,,,,,,,
75.39066963328624,,,,,0.500924843390605,0.039423283351549064,,,,,,,,,,,,
75.49133961491863,,,,,0.49887436274626834,0.03936708553344579,,,,,,,,,,,,
75.59214402227302,,,,,0.49683227551848735,0.03931096782522919,,,,,,,,,,,,
75.69308303484966,,,,,0.49479854734973294,0.03925493011270269,,,,,,,,,,,,
75.79415683238824,,,,,0.49277314402312145,0.03919897228183264,,,,,,,,,,,,
75.89536559486874,,,,,0.4907560314618257,0.03914309421874781,,,,,,,,,,,,
75.99670950251117,,,,,0.48874717572851395,0.03908729580973941,,,,,,,,,,,,
76.09818873577639,,,,,0.48674654302476994,0.03903157694126072,,,,,,,,,,,,
76.1998034753662,,,,,0.48475409969052835,0.038975937499926845,,,,,,,,,,,,
76.30155390222363,,,,,0.48276981220350756,0.038920377372514525,,,,,,,,,,,,
76.4034401975334,,,,,0.4807936471786457,0.0388648964459619,,,,,,,,,,,,
76.5054625427221,,,,,0.4788255713675391,0.03880949460736833,,,,,,,,,,,,
76.60762111945868,,,,,0.4768655516578819,0.03875417174399403,,,,,,,,,,,,
76.70991610965449,,,,,0.4749135550729129,0.038698927743260024,,,,,,,,,,,,
76.81234769546406,,,,,0.47296954877085223,0.03864376249274768,,,,,,,,,,,,
76.91491605928482,,,,,0.4710335000443605,0.038588675880198806,,,,,,,,,,,,
77.01762138375811,,,,,0.4691053763199759,0.03853366779351503,,,,,,,,,,,,
77.12046385176885,,,,,0.46718514515757864,0.03847873812075797,,,,,,,,,,,,
77.22344364644641,,,,,0.46527277424983315,0.0384238867501486,,,,,,,,,,,,
77.3265609511645,,,,,0.4633682314216553,0.03836911357006746,,,,,,,,,,,,
77.42981594954178,,,,,0.4614714846296633,0.03831441846905406,,,,,,,,,,,,
77.53320882544212,,,,,0.4595825019616423,0.03825980133580682,,,,,,,,,,,,
77.63673976297487,,,,,0.4577012516360063,0.03820526205918285,,,,,,,,,,,,
77.74040894649521,,,,,0.4558277020012638,0.03815080052819764,,,,,,,,,,,,
77.84421656060455,,,,,0.4539618215354854,0.03809641663202497,,,,,,,,,,,,
77.94816279015076,,,,,0.4521035788457723,0.038042110259996514,,,,,,,,,,,,
78.05224782022846,,,,,0.450252942667732,0.03798788130160181,,,,,,,,,,,,
78.15647183617965,,,,,0.44840988186494435,0.037933729646487765,,,,,,,,,,,,
78.26083502359351,,,,,0.4465743654284484,0.03787965518445882,,,,,,,,,,,,
78.3653375683074,,,,,0.4447463624762094,0.03782565780547627,,,,,,,,,,,,
78.46997965640644,,,,,0.44292584225261017,0.037771737399658445,,,,,,,,,,,,
78.57476147422462,,,,,0.441112774127923,0.037717893857280145,,,,,,,,,,,,
78.67968320834443,,,,,0.43930712759780416,0.037664127068772785,,,,,,,,,,,,
78.78474504559766,,,,,0.4375088722827736,0.037610436924723815,,,,,,,,,,,,
78.88994717306555,,,,,0.43571797792770667,0.0375568233158767,,,,,,,,,,,,
78.99528977807915,,,,,0.4339344144013251,0.03750328613313064,,,,,,,,,,,,
79.10077304821968,,,,,0.4321581516956895,0.0374498252675404,,,,,,,,,,,,
79.20639717131878,,,,,0.43038915992569465,0.03739644061031599,,,,,,,,,,,,
79.312162335459,,,,,0.42862740932856613,0.03734313205282251,,,,,,,,,,,,
79.41806872897385,,,,,0.42687287026336285,0.03728989948657998,,,,,,,,,,,,
79.52411654044862,,,,,0.4251255132104708,0.03723674280326296,,,,,,,,,,,,
79.63030595872006,,,,,0.42338530877111674,0.037183661894700536,,,,,,,,,,,,
79.73663717287747,,,,,0.42165222766686283,0.03713065665287587,,,,,,,,,,,,
79.84311037226225,,,,,0.4199262407391244,0.03707772696992623,,,,,,,,,,,,
79.94972574646899,,,,,0.4182073189486689,0.03702487273814249,,,,,,,,,,,,
80.05648348534515,,,0.2715356056583969,,0.4172444130075472,0.03696261348042179,,,,,,,,,,,,
80.16338377899189,,,0.2712250629523189,,0.4169504087411538,0.03689203133289727,,,,,,,,,,,,
80.2704268177641,,,0.2709148753995626,,0.41665661163992784,0.03682158396587338,,,,,,,,,,,,
80.37761279227092,,,0.2706050425939555,,0.41636302155789373,0.03675127112197931,,,,,,,,,,,,
80.48494189337602,,,0.2702955641297898,,0.4160696383491789,0.03668109254433574,,,,,,,,,,,,
80.59241431219786,,,0.26998643960182145,,0.41577646186801365,0.03661104797655386,,,,,,,,,,,,
80.70003024011022,,,0.26967766860527,,0.41548349196873074,0.03654113716273444,,,,,,,,,,,,
80.80778986874222,,,0.26936925073581824,,0.415190728505766,0.03647135984746699,,,,,,,,,,,,
80.91569338997914,,,0.2690611855896107,,0.4148981713336571,0.036401715775828535,,,,,,,,,,,,
81.0237409959622,,,0.26875347276325434,,0.4146058203070452,0.03633220469338317,,,,,,,,,,,,
81.13193287908948,,,0.268446111853817,,0.4143136752806727,0.036262826346180575,,,,,,,,,,,,
81.2402692320157,,,0.2681391024588279,,0.4140217361093855,0.03619358048075556,,,,,,,,,,,,
81.34875024765302,,,0.267832444176276,,0.41373000264813103,0.03612446684412686,,,,,,,,,,,,
81.45737611917109,,,0.26752613660461033,,0.41343847475195933,0.03605548518379629,,,,,,,,,,,,
81.56614703999757,,,0.2672201793427391,,0.41314715227602233,0.03598663524774783,,,,,,,,,,,,
81.67506320381838,,,0.26691457199002927,,0.41285603507557406,0.035917916784446724,,,,,,,,,,,,
81.78412480457806,,,0.2666093141463058,,0.41256512300597065,0.035849329542838496,,,,,,,,,,,,
81.89333203648015,,,0.26630440541185146,,0.4122744159226701,0.0357808732723481,,,,,,,,,,,,
82.0026850939875,,,0.2659998453874062,,0.4119839136812323,0.035712547722878976,,,,,,,,,,,,
82.11218417182265,,,0.2656956336741664,,0.41169361613731864,0.03564435264481209,,,,,,,,,,,,
82.22182946496801,,,0.2653917698737848,,0.4114035231466929,0.035576287789005206,,,,,,,,,,,,
82.33162116866667,,,0.26508825358836946,,0.41111363456521954,0.03550835290679159,,,,,,,,,,,,
82.44155947842204,,,0.2647850844204837,,0.41082395024886553,0.03544054774997968,,,,,,,,,,,,
82.55164458999897,,,0.2644822619731451,,0.4105344700536985,0.03537287207085151,,,,,,,,,,,,
82.66187669942339,,,0.2641797858498256,,0.41024519383588803,0.0353053256221624,,,,,,,,,,,,
82.77225600298317,,,0.26387765565445037,,0.409956121451705,0.03523790815713968,,,,,,,,,,,,
82.88278269722825,,,0.2635758709913976,,0.40966725275752147,0.035170619429481936,,,,,,,,,,,,
82.993456978971,,,0.263274431465498,,0.40937858760981055,0.03510345919335807,,,,,,,,,,,,
83.10427904528663,,,0.26297333668203415,,0.40909012586514676,0.03503642720340642,,,,,,,,,,,,
83.21524909351348,,,0.2626725862467401,,0.40880186738020546,0.034969523214733844,,,,,,,,,,,,
83.32636732125344,,,0.2623721797658007,,0.4085138120117631,0.03490274698291484,,,,,,,,,,,,
83.43763392637211,,,0.2620721168458515,,0.40822595961669733,0.034836098263990714,,,,,,,,,,,,
83.54904910699959,,,0.2617723970939774,,0.40793831005198594,0.03476957681446845,,,,,,,,,,,,
83.6606130615302,,,0.2614730201177133,,0.40765086317470833,0.03470318239132025,,,,,,,,,,,,
83.7723259886235,,,0.2611739855250422,,0.4073636188420438,0.03463691475198213,,,,,,,,,,,,
83.88418808720407,,,0.2608752929243962,,0.4070765769112731,0.0345707736543535,,,,,,,,,,,,
83.99619955646232,,,0.26057694192465447,,0.40678973723977674,0.03450475885679592,,,,,,,,,,,,
84.10836059585444,,,0.26027893213514414,,0.4065030996850364,0.034438870118132514,,,,,,,,,,,,
84.2206714051031,,,0.25998126316563885,,0.4062166641046339,0.034373107197646836,,,,,,,,,,,,
84.33313218419762,,,0.25968393462635847,,0.40593043035625126,0.03430746985508216,,,,,,,,,,,,
84.44574313339437,,,0.25938694612796864,,0.405644398297671,0.034241957850640506,,,,,,,,,,,,
84.55850445321713,,,0.25909029728158045,,0.40535856778677587,0.03417657094498184,,,,,,,,,,,,
84.6714163444574,,,0.25879398769874956,,0.40507293868154864,0.034111308899223126,,,,,,,,,,,,
84.78447900817491,,,0.2584980169914759,,0.404787510840072,0.0340461714749375,,,,,,,,,,,,
84.89769264569765,,,0.25820238477220336,,0.4045022841205292,0.03398115843415345,,,,,,,,,,,,
85.01105745862276,,,0.2579070906538186,,0.40421725838120265,0.033916269539353706,,,,,,,,,,,,
85.12457364881621,,,0.2576121342496516,,0.4039324334804754,0.033851504553474805,,,,,,,,,,,,
85.2382414184139,,,0.25731751517347384,,0.40364780927682953,0.03378686323990572,,,,,,,,,,,,
85.3520609698213,,,0.2570232330394994,,0.4033633856288476,0.033722345362487444,,,,,,,,,,,,
85.46603250571447,,,0.25672928746238255,,0.40307916239521097,0.03365795068551177,,,,,,,,,,,,
85.5801562290398,,,0.2564356780572192,,0.40279513943470147,0.03359367897372072,,,,,,,,,,,,
85.69443234301491,,,0.2561424044395448,,0.4025113166061998,0.033529529992305476,,,,,,,,,,,,
85.80886105112866,,,0.2558494662253349,,0.40222769376868633,0.03346550350690562,,,,,,,,,,,,
85.92344255714167,,,0.255556863031004,,0.40194427078124073,0.03340159928360827,,,,,,,,,,,,
86.03817706508663,,,0.2552645944734054,,0.40166104750304216,0.03333781708894721,,,,,,,,,,,,
86.15306477926872,,,0.25497266016983045,,0.4013780237933686,0.033274156689902,,,,,,,,,,,,
86.2681059042659,,,0.25468105973800836,,0.4010951995115976,0.03321061785389719,,,,,,,,,,,,
86.38330064492918,,,0.2543897927961057,,0.40081257451720576,0.033147200348801545,,,,,,,,,,,,
86.49864920638342,,,0.25409885896272494,,0.40053014866976827,0.0330839039429269,,,,,,,,,,,,
86.61415179402701,,,0.2538082578569059,,0.40024792182895996,0.0330207284050277,,,,,,,,,,,,
86.72980861353298,,,0.2535179890981229,,0.39996589385455367,0.03295767350429981,,,,,,,,,,,,
86.84561987084864,,,0.2532280523062865,,0.3996840646064221,0.03289473901037998,,,,,,,,,,,,
86.96158577219663,,,0.252938447101741,,0.3994024339445355,0.0328319246933447,,,,,,,,,,,,
87.0777065240747,,,0.25264917310526575,,0.39912100172896386,0.03276923032370964,,,,,,,,,,,,
87.19398233325649,,,0.2523602299380732,,0.3988397678198752,0.03270665567242861,,,,,,,,,,,,
87.3104134067917,,,0.2520716172218093,,0.39855873207753617,0.03264420051089281,,,,,,,,,,,,
87.4269999520065,,,0.2517833345785526,,0.3982778943623119,0.03258186461093001,,,,,,,,,,,,
87.54374217650394,,,0.2514953816308139,,0.3979972545346659,0.032519647744803634,,,,,,,,,,,,
87.66064028816425,,,0.2512077580015356,,0.39771681245516,0.03245754968521202,,,,,,,,,,,,
87.77769449514528,,,0.25092046331409135,,0.3974365679844542,0.03239557020528751,,,,,,,,,,,,
87.89490500588272,,,0.25063349719228595,,0.39715652098330717,0.0323337090785958,,,,,,,,,,,,
88.01227202909082,,,0.25034685926035366,,0.39687667131257476,0.03227196607913474,,,,,,,,,,,,
88.12979577376221,,,0.2500605491429593,,0.3965970188332119,0.03221034098133397,,,,,,,,,,,,
88.24747644916896,,,0.2497745664651961,,0.39631756340627056,0.0321488335600537,,,,,,,,,,,,
88.36531426486225,,,0.24948891085258693,,0.3960383048929014,0.03208744359058418,,,,,,,,,,,,
88.48330943067324,,,0.2492035819310823,,0.3957592431543525,0.03202617084864468,,,,,,,,,,,,
88.60146215671328,,,0.24891857932706077,,0.39548037805196967,0.031965015110382786,,,,,,,,,,,,
88.71977265337425,,,0.24863390266732813,,0.3952017094471966,0.03190397615237351,,,,,,,,,,,,
88.83824113132897,,,0.24834955157911703,,0.3949232372015747,0.03184305375161855,,,,,,,,,,,,
88.95686780153159,,,0.24806552569008627,,0.3946449611767426,0.03178224768554538,,,,,,,,,,,,
89.07565287521798,,,0.24778182462832052,,0.39436688123443653,0.031721557732006474,,,,,,,,,,,,
89.1945965639059,,,0.24749844802233026,,0.3940889972364906,0.03166098366927867,,,,,,,,,,,,
89.31369907939589,,,0.24721539550104993,,0.3938113090448355,0.03160052527606195,,,,,,,,,,,,
89.43296063377089,,,0.24693266669383934,,0.3935338165215,0.031540182331479094,,,,,,,,,,,,
89.55238143939745,,,0.2466502612304812,,0.3932565195286093,0.0314799546150745,,,,,,,,,,,,
89.67196170892532,,,0.2463681787411826,,0.3929794179283866,0.0314198419068137,,,,,,,,,,,,
89.79170165528858,,,0.2460864188565726,,0.3927025115831513,0.031359843987082206,,,,,,,,,,,,
89.91160149170527,,,0.24580498120770342,,0.3924258003553205,0.031299960636685074,,,,,,,,,,,,
90.0316614316784,,,0.24552386542604893,,0.39214928410740796,0.03124019163684581,,,,,,,,,,,,
90.15188168899599,,,0.2452430711435045,,0.3918729627020244,0.03118053676920573,,,,,,,,,,,,
90.27226247773152,,,0.24496259799238637,,0.3915968360018772,0.03112099581582312,,,,,,,,,,,,
90.39280401224433,,,0.24468244560543145,,0.3913209038697707,0.031061568559172404,,,,,,,,,,,,
90.51350650718003,,,0.2444026136157966,,0.39104516616860574,0.031002254782143416,,,,,,,,,,,,
90.63437017747086,,,0.24412310165705814,,0.39076962276137966,0.030943054268040535,,,,,,,,,,,,
90.75539523833588,,,0.24384390936321187,,0.390494273511187,0.030883966800582054,,,,,,,,,,,,
90.87658190528188,,,0.2435650363686714,,0.39021911828121764,0.030824992163899067,,,,,,,,,,,,
90.99793039410302,,,0.24328648230826935,,0.389944156934759,0.03076613014253507,,,,,,,,,,,,
91.11944092088201,,,0.24300824681725502,,0.38966938933519385,0.030707380521444838,,,,,,,,,,,,
91.2411137019897,,,0.24273032953129584,,0.38939481534600223,0.030648743085993916,,,,,,,,,,,,
91.36294895408625,,,0.24245273008647492,,0.3891204348307593,0.030590217621957586,,,,,,,,,,,,
91.48494689412081,,,0.24217544811929248,,0.3888462476531373,0.030531803915520305,,,,,,,,,,,,
91.60710773933238,,,0.24189848326666383,,0.38857225367690396,0.030473501753274762,,,,,,,,,,,,
91.72943170725004,,,0.24162183516591973,,0.3882984527659232,0.03041531092222119,,,,,,,,,,,,
91.8519190156933,,,0.24134550345480577,,0.3880248447841548,0.030357231209766515,,,,,,,,,,,,
91.97456988277254,,,0.2410694877714817,,0.38775142959565445,0.03029926240372366,,,,,,,,,,,,
92.0973845268894,,,0.24079378775452126,,0.3874782070645736,0.030241404292310717,,,,,,,,,,,,
92.22036316673717,,,0.24051840304291122,,0.3872051770551594,0.030183656664150182,,,,,,,,,,,,
92.343506021301,,,0.24024333327605188,,0.38693233943175487,0.030126019308268238,,,,,,,,,,,,
92.46681330985878,,,0.23996857809375496,,0.38665969405879813,0.03006849201409383,,,,,,,,,,,,
92.59028525198083,,,0.23969413713624518,,0.3863872408008236,0.030011074571458123,,,,,,,,,,,,
92.71392206753102,,,0.2394200100441577,,0.3861149795224601,0.029953766770593488,,,,,,,,,,,,
92.83772397666645,,,0.23914619645853963,,0.3858429100884329,0.029896568402132995,,,,,,,,,,,,
92.96169119983857,,,0.23887269602084774,,0.38557103236356177,0.029839479257109336,,,,,,,,,,,,
93.08582395779287,,,0.23859950837294944,,0.3852993462127623,0.029782499126954427,,,,,,,,,,,,
93.21012247156979,,,0.23832663315712146,,0.38502785150104507,0.029725627803498352,,,,,,,,,,,,
93.3345869625049,,,0.23805407001604972,,0.38475654809351556,0.029668865078968695,,,,,,,,,,,,
93.45921765222928,,,0.23778181859282876,,0.3844854358553746,0.029612210745989832,,,,,,,,,,,,
93.58401476267001,,,0.2375098785309613,,0.38421451465191786,0.02955566459758213,,,,,,,,,,,,
93.70897851605045,,,0.2372382494743578,,0.383943784348536,0.02949922642716118,,,,,,,,,,,,
93.83410913489081,,,0.23696693106733574,,0.3836732448107143,0.029442896028537058,,,,,,,,,,,,
93.95940684200819,,,0.23669592295461997,,0.3834028959040334,0.029386673195913617,,,,,,,,,,,,
94.0848718605176,,,0.2364252247813408,,0.3831327374941678,0.029330557723887596,,,,,,,,,,,,
94.21050441383154,,,0.23615483619303526,,0.3828627694468877,0.029274549407448086,,,,,,,,,,,,
94.33630472566128,,,0.23588475683564494,,0.3825929916280566,0.029218648041975492,,,,,,,,,,,,
94.46227302001643,,,0.23561498635551703,,0.38232340390363373,0.029162853423241132,,,,,,,,,,,,
94.58840952120593,,,0.23534552439940282,,0.3820540061396721,0.0291071653474062,,,,,,,,,,,,
94.71471445383821,,,0.23507637061445766,,0.3817847982023193,0.029051583611021167,,,,,,,,,,,,
94.8411880428216,,,0.23480752464824045,,0.38151577995781716,0.028996108011024972,,,,,,,,,,,,
94.96783051336476,,,0.23453898614871319,,0.3812469512725018,0.028940738344744338,,,,,,,,,,,,
95.09464209097708,,,0.2342707547642404,,0.38097831201280347,0.028885474409893,,,,,,,,,,,,
95.22162300146906,,,0.23400283014358883,,0.38070986204524676,0.028830316004570967,,,,,,,,,,,,
95.34877347095275,,,0.2337352119359269,,0.38044160123645,0.02877526292726379,,,,,,,,,,,,
95.47609372584215,,,0.2334678997908241,,0.38017352945312555,0.0287203149768418,,,,,,,,,,,,
95.60358399285343,,,0.23320089335825128,,0.37990564656208015,0.02866547195255946,,,,,,,,,,,,
95.73124449900581,,,0.23293419228857867,,0.3796379524302136,0.028610733654054466,,,,,,,,,,,,
95.85907547162128,,,0.2326677962325772,,0.37937044692452027,0.02855609988134725,,,,,,,,,,,,
95.98707713832576,,,0.2324017048414166,,0.3791031299120875,0.028501570434839935,,,,,,,,,,,,
96.11524972704878,,,0.23213591776666595,,0.3788360012600971,0.028447145115315986,,,,,,,,,,,,
96.24359346602441,,,0.2318704346602926,,0.37856906083582387,0.028392823723939167,,,,,,,,,,,,
96.37210858379144,,,0.231605255174662,,0.37830230850663626,0.02833860606225293,,,,,,,,,,,,
96.50079530919385,,,0.23134037896253715,,0.3780357441399963,0.028284491932179728,,,,,,,,,,,,
96.62965387138118,,,0.2310758056770782,,0.3777693676034593,0.028230481136020235,,,,,,,,,,,,
96.75868449980895,,,0.2308115349718419,,0.377503178764674,0.028176573476452655,,,,,,,,,,,,
96.88788742423915,,,0.23054756650078115,,0.37723717749138214,0.02812276875653196,,,,,,,,,,,,
97.01726287474034,,,0.23028389991824505,,0.37697136365141914,0.02806906677968927,,,,,,,,,,,,
97.14681108168867,,,0.23002053487897728,,0.37670573711271294,0.028015467349730958,,,,,,,,,,,,
97.27653227576751,,,0.22975747103811706,,0.37644029774328525,0.027961970270838167,,,,,,,,,,,,
97.40642668796863,,,0.22949470805119743,,0.3761750454112499,0.027908575347565794,,,,,,,,,,,,
97.53649454959191,,,0.22923224557414595,,0.3759099799848146,0.027855282384842167,,,,,,,,,,,,
97.66673609224644,,,0.2289700832632831,,0.375645101332279,0.027802091187967885,,,,,,,,,,,,
97.79715154785022,,,0.22870822077532293,,0.3753804093220364,0.027749001562615554,,,,,,,,,,,,
97.92774114863117,,,0.22844665776737177,,0.3751159038225723,0.027696013314828693,,,,,,,,,,,,
98.05850512712725,,,0.2281853938969282,,0.374851584702465,0.027643126251021267,,,,,,,,,,,,
98.1894437161869,,,0.2279244288218825,,0.3745874518303854,0.027590340177976895,,,,,,,,,,,,
98.32055714896953,,,0.2276637622005162,,0.374323505075097,0.02753765490284815,,,,,,,,,,,,
98.45184565894584,,,0.22740339369150164,,0.3740597443054557,0.027485070233155853,,,,,,,,,,,,
98.58330947989838,,,0.22714332295390144,,0.3737961693904097,0.027432585976788364,,,,,,,,,,,,
98.71494884592164,,,0.22688354964716842,,0.3735327801990001,0.02738020194200095,,,,,,,,,,,,
98.84676399142309,,,0.22662407343114443,,0.37326957660035937,0.027327917937414924,,,,,,,,,,,,
98.97875515112274,,,0.22636489396606077,,0.37300655846371306,0.027275733772017172,,,,,,,,,,,,
99.1109225600545,,,0.22610601091253693,,0.37274372565837816,0.027223649255159167,,,,,,,,,,,,
99.24326645356568,,,0.225847423931581,,0.37248107805376446,0.027171664196556637,,,,,,,,,,,,
99.37578706731824,,,0.22558913268458808,,0.37221861551937296,0.027119778406288472,,,,,,,,,,,,
99.50848463728852,,,0.22533113683334124,,0.3719563379247973,0.027067991694796366,,,,,,,,,,,,
99.6413593997681,,,0.22507343604000998,,0.3716942451397227,0.02701630387288392,,,,,,,,,,,,
99.77441159136411,,,0.2248160299671502,,0.3714323370339263,0.02696471475171604,,,,,,,,,,,,
99.90764144899954,,,0.2245589182777037,,0.37117061347727687,0.026913224142818208,,,,,,,,,,,,
100.04104920991385,,,0.22430210063499775,,0.37090907433973486,0.026861831858075804,,,,,,,,,,,,
100.17463511166308,,,0.2240455767027449,,0.3706477194913528,0.026810537709733472,,,,,,,,,,,,
100.30839939212082,,,0.22378934614504184,,0.3703865488022739,0.0267593415103943,,,,,,,,,,,,
100.4423422894779,,,0.2235334086263699,,0.370125562142734,0.02670824307301933,,,,,,,,,,,,
100.57646404224361,,,0.2232777638115937,,0.3698647593830592,0.026657242210926607,,,,,,,,,,,,
100.71076488924534,,,0.2230224113659616,,0.369604140393668,0.026606338737790867,,,,,,,,,,,,
100.84524506962974,,,0.22276735095510417,,0.36934370504506936,0.026555532467642418,,,,,,,,,,,,
100.97990482286245,,,0.22251258224503517,,0.3690834532078644,0.02650482321486691,,,,,,,,,,,,
101.11474438872925,,,0.22225810490214948,,0.3688233847527443,0.02645421079420422,,,,,,,,,,,,
101.2497640073358,,,0.22200391859322416,,0.3685634995504922,0.026403695020748123,,,,,,,,,,,,
101.38496391910839,,,0.22175002298541738,,0.3683037974719824,0.026353275709945525,,,,,,,,,,,,
101.52034436479452,,,0.22149641774626744,,0.3680442783881795,0.02630295267759561,,,,,,,,,,,,
101.65590558546322,,,0.22124310254369298,,0.36778494217013913,0.026252725739849315,,,,,,,,,,,,
101.79164782250518,,,0.22099007704599286,,0.36752578868900826,0.026202594713208772,,,,,,,,,,,,
101.92757131763344,,,0.22073734092184505,,0.3672668178160246,0.026152559414526443,,,,,,,,,,,,
102.06367631288398,,,0.22048489384030637,,0.36700802942251615,0.02610261966100451,,,,,,,,,,,,
102.199963050616,,,0.22023273547081196,,0.3667494233799017,0.026052775270194162,,,,,,,,,,,,
102.33643177351213,,,0.21998086548317528,,0.3664909995596908,0.026003026059995084,,,,,,,,,,,,
102.47308272457911,,,0.21972928354758745,,0.36623275783348364,0.025953371848654667,,,,,,,,,,,,
102.60991614714811,,,0.21947798933461687,,0.3659746980729709,0.025903812454767392,,,,,,,,,,,,
102.74693228487541,,,0.2192269825152083,,0.36571682014993323,0.025854347697274047,,,,,,,,,,,,
102.88413138174266,,,0.21897626276068277,,0.3654591239362418,0.02580497739546121,,,,,,,,,,,,
103.02151368205709,,,0.21872582974273774,,0.3652016093038583,0.02575570136896058,,,,,,,,,,,,
103.15907943045215,,,0.21847568313344592,,0.3649442761248349,0.025706519437748283,,,,,,,,,,,,
103.29682887188815,,,0.21822582260525494,,0.36468712427131306,0.02565743142214416,,,,,,,,,,,,
103.43476225165253,,,0.2179762478309868,,0.3644301536155248,0.025608437142811122,,,,,,,,,,,,
103.57287981536001,,,0.21772695848383822,,0.3641733640297923,0.025559536420754658,,,,,,,,,,,,
103.71118180895334,,,0.21747795423737953,,0.3639167553865278,0.025510729077322013,,,,,,,,,,,,
103.84966847870385,,,0.21722923476555406,,0.3636603275582331,0.025462014934201513,,,,,,,,,,,,
103.98834007121171,,,0.21698079974267817,,0.3634040804174996,0.025413393813422006,,,,,,,,,,,,
104.1271968334062,,,0.21673264884344084,,0.36314801383700923,0.025364865537352226,,,,,,,,,,,,
104.26623901254644,,,0.21648478174290303,,0.3628921276895333,0.025316429928700104,,,,,,,,,,,,
104.40546685622154,,,0.21623719811649755,,0.3626364218479326,0.02526808681051212,,,,,,,,,,,,
104.5448806123515,,,0.21598989764002793,,0.3623808961851577,0.025219836006172596,,,,,,,,,,,,
104.68448052918738,,,0.21574287998966848,,0.3621255505742483,0.025171677339403127,,,,,,,,,,,,
104.82426685531145,,,0.2154961448419643,,0.3618703848883342,0.025123610634261977,,,,,,,,,,,,
104.96423983963798,,,0.21524969187383028,,0.3616153990006343,0.02507563571514337,,,,,,,,,,,,
105.10439973141379,,,0.21500352076255064,,0.36136059278445665,0.02502775240677683,,,,,,,,,,,,
105.24474678021855,,,0.21475763118577848,,0.3611059661131987,0.02497996053422651,,,,,,,,,,,,
105.38528123596497,,,0.21451202282153597,,0.3608515188603471,0.024932259922890738,,,,,,,,,,,,
105.52600334889945,,,0.2142666953482136,,0.36059725089947803,0.02488465039850123,,,,,,,,,,,,
105.66691336960282,,,0.21402164844456917,,0.36034316210425615,0.024837131787122387,,,,,,,,,,,,
105.80801154899045,,,0.21377688178972803,,0.3600892523484353,0.02478970391515079,,,,,,,,,,,,
105.94929813831257,,,0.21353239506318272,,0.35983552150585846,0.02474236660931457,,,,,,,,,,,,
106.09077338915502,,,0.21328818794479223,,0.35958196945045745,0.024695119696672686,,,,,,,,,,,,
106.23243755343948,,,0.21304426011478178,,0.35932859605625306,0.02464796300461441,,,,,,,,,,,,
106.37429088342424,,,0.21280061125374206,,0.3590754011973546,0.024600896360858514,,,,,,,,,,,,
106.51633363170441,,,0.21255724104262894,,0.3588223847479598,0.024553919593452777,,,,,,,,,,,,
106.6585660512122,,,0.21231414916276362,,0.3585695465823557,0.024507032530773385,,,,,,,,,,,,
106.80098839521756,,,0.2120713352958317,,0.3583168865749177,0.024460235001524243,,,,,,,,,,,,
106.94360091732882,,,0.2118287991238824,,0.3580644046001097,0.024413526834736323,,,,,,,,,,,,
107.08640387149303,,,0.21158654032932875,,0.3578121005324835,0.024366907859767025,,,,,,,,,,,,
107.22939751199604,,,0.21134455859494714,,0.35755997424668023,0.024320377906299685,,,,,,,,,,,,
107.3725820934633,,,0.21110285360387693,,0.35730802561742897,0.0242739368043429,,,,,,,,,,,,
107.51595787086045,,,0.2108614250396194,,0.3570562545195469,0.024227584384229752,,,,,,,,,,,,
107.65952509949362,,,0.2106202725860378,,0.35680466082793927,0.024181320476617356,,,,,,,,,,,,
107.80328403500961,,,0.2103793959273573,,0.3565532444175999,0.024135144912486247,,,,,,,,,,,,
107.94723493339671,,,0.2101387947481641,,0.3563020051636106,0.02408905752313966,,,,,,,,,,,,
108.09137805098494,,,0.20989846873340512,,0.35605094294114126,0.024043058140203046,,,,,,,,,,,,
108.23571364444678,,,0.2096584175683875,,0.3558000576254495,0.02399714659562327,,,,,,,,,,,,
108.38024197079747,,,0.20941864093877804,,0.3555493490918806,0.023951322721668097,,,,,,,,,,,,
108.52496328739522,,,0.20917913853060346,,0.35529881721586826,0.023905586350925698,,,,,,,,,,,,
108.6698778519419,,,0.20893991003024961,,0.35504846187293393,0.02385993731630388,,,,,,,,,,,,
108.81498592248373,,,0.2087009551244606,,0.35479828293868626,0.023814375451029494,,,,,,,,,,,,
108.96028775741146,,,0.20846227350033886,,0.3545482802888217,0.02376890058864782,,,,,,,,,,,,
109.10578361546068,,,0.20822386484534489,,0.3542984537991246,0.02372351256302206,,,,,,,,,,,,
109.25147375571245,,,0.20798572884729677,,0.3540488033454669,0.023678211208332706,,,,,,,,,,,,
109.39735843759416,,,0.20774786519436897,,0.3537993288038073,0.023632996359076747,,,,,,,,,,,,
109.54343792087913,,,0.20751027357509338,,0.3535500300501928,0.023587867850067345,,,,,,,,,,,,
109.689712465688,,,0.2072729536783573,,0.3533009069607569,0.023542825516432993,,,,,,,,,,,,
109.83618233248845,,,0.20703590519340448,,0.35305195941172096,0.02349786919361709,,,,,,,,,,,,
109.98284778209594,,,0.20679912780983392,,0.3528031872793937,0.02345299871737726,,,,,,,,,,,,
110.12970907567446,,,0.20656262121759936,,0.3525545904401703,0.023408213923784726,,,,,,,,,,,,
110.27676647473668,,,0.20632638510700918,,0.35230616877053333,0.023363514649223687,,,,,,,,,,,,
110.42402024114428,,,0.20609041916872609,,0.35205792214705267,0.023318900730390904,,,,,,,,,,,,
110.5714706371086,,,0.20585472309376682,,0.35180985044638524,0.023274372004294927,,,,,,,,,,,,
110.71911792519136,,,0.20561929657350095,,0.3515619535452743,0.023229928308255487,,,,,,,,,,,,
110.86696236830483,,,0.20538413929965102,,0.3513142313205502,0.023185569479902992,,,,,,,,,,,,
111.01500422971218,,,0.2051492509642926,,0.35106668364913024,0.02314129535717794,,,,,,,,,,,,
111.16324377302806,,,0.2049146312598534,,0.35081931040801867,0.02309710577833029,,,,,,,,,,,,
111.31168126221954,,,0.20468027987911222,,0.3505721114743056,0.023053000581918802,,,,,,,,,,,,
111.46031696160566,,,0.2044461965152001,,0.35032508672516877,0.02300897960681061,,,,,,,,,,,,
111.60915113585887,,,0.20421238086159824,,0.3500782360378714,0.02296504269218045,,,,,,,,,,,,
111.7581840500047,,,0.20397883261213884,,0.34983155928976417,0.022921189677510227,,,,,,,,,,,,
111.9074159694226,,,0.2037455514610044,,0.3495850563582837,0.022877420402588364,,,,,,,,,,,,
112.05684715984658,,,0.2035125371027267,,0.34933872712095293,0.022833734707509195,,,,,,,,,,,,
112.2064778873655,,,0.20327978923218704,,0.34909257145538103,0.022790132432672333,,,,,,,,,,,,
112.3563084184233,,,0.20304730754461575,,0.3488465892392637,0.022746613418782296,,,,,,,,,,,,
112.50633901981969,,,0.20281509173559198,,0.34860078035038294,0.022703177506847735,,,,,,,,,,,,
112.65656995871089,,,0.2025831415010425,,0.34835514466660644,0.022659824538180842,,,,,,,,,,,,
112.80700150260988,,,0.2023514565372419,,0.34810968206588794,0.022616554354396867,,,,,,,,,,,,
112.95763391938655,,,0.20212003654081248,,0.3478643924262675,0.022573366797413532,,,,,,,,,,,,
113.10846747726868,,,0.2018888812087234,,0.347619275625871,0.022530261709450397,,,,,,,,,,,,
113.25950244484204,,,0.20165799023829037,,0.3473743315429105,0.02248723893302838,,,,,,,,,,,,
113.4107390910513,,,0.201427363327175,,0.34712956005568324,0.022444298310969005,,,,,,,,,,,,
113.56217768520025,,,0.20119700017338485,,0.3468849610425724,0.022401439686393968,,,,,,,,,,,,
113.71381849695209,,,0.2009669004752729,,0.34664053438204706,0.022358662902724587,,,,,,,,,,,,
113.86566179633002,,,0.20073706393153734,,0.34639627995266226,0.022315967803681155,,,,,,,,,,,,
114.01770785371811,,,0.2005074902412205,,0.3461521976330579,0.022273354233282375,,,,,,,,,,,,
114.16995693986145,,,0.20027817910370885,,0.34590828730195955,0.02223082203584475,,,,,,,,,,,,
114.32240932586643,,,0.2000491302187331,,0.3456645488381786,0.022188371055982162,,,,,,,,,,,,
114.47506528320146,,,0.1998203432863674,,0.3454209821206118,0.022146001138605223,,,,,,,,,,,,
114.62792508369766,,,0.19959181800702847,,0.3451775870282409,0.022103712128920594,,,,,,,,,,,,
114.78098899954915,,,0.19936355408147563,,0.3449343634401329,0.02206150387243057,,,,,,,,,,,,
114.93425730331326,,,0.1991355512108109,,0.34469131123544033,0.022019376214932492,,,,,,,,,,,,
115.08773026791138,,,0.1989078090964778,,0.34444843029340083,0.021977329002518135,,,,,,,,,,,,
115.24140816662926,,,0.19868032744026162,,0.3442057204933372,0.021935362081573234,,,,,,,,,,,,
115.39529127311775,,,0.1984531059442882,,0.34396318171465695,0.021893475298776763,,,,,,,,,,,,
115.54937986139316,,,0.19822614431102428,,0.34372081383685255,0.021851668501100457,,,,,,,,,,,,
115.70367420583743,,,0.19799944224327698,,0.3434786167395017,0.021809941535808383,,,,,,,,,,,,
115.85817458119888,,,0.19777299944419344,,0.3432365903022671,0.021768294250456222,,,,,,,,,,,,
116.01288126259297,,,0.1975468156172599,,0.34299473440489564,0.0217267264928907,,,,,,,,,,,,
116.16779452550252,,,0.1973208904663017,,0.34275304892721925,0.021685238111249106,,,,,,,,,,,,
116.32291464577793,,,0.1970952236954833,,0.3425115337491546,0.021643828953958753,,,,,,,,,,,,
116.47824189963798,,,0.19686981500930748,,0.34227018875070325,0.021602498869736433,,,,,,,,,,,,
116.63377656367054,,,0.19664466411261458,,0.34202901381195067,0.02156124770758772,,,,,,,,,,,,
116.78951891483275,,,0.1964197707105825,,0.3417880088130671,0.021520075316806518,,,,,,,,,,,,
116.94546923045142,,,0.19619513450872678,,0.3415471736343073,0.021478981546974616,,,,,,,,,,,,
117.10162778822372,,,0.19597075521289936,,0.3413065081560105,0.02143796624796097,,,,,,,,,,,,
117.25799486621757,,,0.19574663252928898,,0.3410660122586003,0.021397029269921247,,,,,,,,,,,,
117.41457074287239,,,0.19552276616441988,,0.3408256858225841,0.02135617046329722,,,,,,,,,,,,
117.57135569699943,,,0.19529915582515203,,0.34058552872855363,0.021315389678816212,,,,,,,,,,,,
117.728350007782,,,0.19507580121868096,,0.3403455408571851,0.02127468676749069,,,,,,,,,,,,
117.88555395477619,,,0.1948527020525371,,0.3401057220892389,0.021234061580617594,,,,,,,,,,,,
118.04296781791163,,,0.194629858034585,,0.3398660723055587,0.02119351396977776,,,,,,,,,,,,
118.20059187749176,,,0.19440726887302326,,0.33962659138707263,0.021153043786835458,,,,,,,,,,,,
118.35842641419407,,,0.19418493427638467,,0.3393872792147927,0.02111265088393788,,,,,,,,,,,,
118.51647170907081,,,0.19396285395353519,,0.3391481356698151,0.021072335113514543,,,,,,,,,,,,
118.6747280435498,,,0.19374102761367354,,0.338909160633319,0.02103209632827672,,,,,,,,,,,,
118.83319569943464,,,0.19351945496633094,,0.33867035398656775,0.020991934381216906,,,,,,,,,,,,
118.99187495890496,,,0.19329813572137122,,0.3384317156109084,0.020951849125608418,,,,,,,,,,,,
119.15076610451736,,,0.19307706958898974,,0.3381932453877717,0.020911840415004695,,,,,,,,,,,,
119.30986941920557,,,0.19285625627971353,,0.3379549431986718,0.02087190810323885,,,,,,,,,,,,
119.46918518628138,,,0.19263569550440038,,0.3377168089252062,0.02083205204442308,,,,,,,,,,,,
119.62871368943492,,,0.19241538697423863,,0.3374788424490559,0.020792272092948136,,,,,,,,,,,,
119.78845521273486,,,0.19219533040074743,,0.3372410436519855,0.020752568103482878,,,,,,,,,,,,
119.9484100406292,,,0.19197552549577573,,0.3370034124158428,0.02071293993097371,,,,,,,,,,,,
120.108578457946,,,0.19175597197150174,,0.33676594862255876,0.020673387430643928,,,,,,,,,,,,
120.26896074989365,,,0.19153666954043277,,0.33652865215414735,0.02063391045799332,,,,,,,,,,,,
120.42955720206118,,,0.19131761791540539,,0.3362915228927061,0.020594508868797642,,,,,,,,,,,,
120.59036810041893,,,0.1910988168095844,,0.33605456072041556,0.020555182519108057,,,,,,,,,,,,
120.75139373131934,,,0.1908802659364625,,0.335817765519539,0.02051593126525057,,,,,,,,,,,,
120.91263438149726,,,0.19066196500985996,,0.33558113717242277,0.020476754963825495,,,,,,,,,,,,
121.0740903380701,,,0.19044391374392464,,0.3353446755614962,0.020437653471707087,,,,,,,,,,,,
121.2357618885389,,,0.19022611185313115,,0.3351083805692715,0.020398626646042837,,,,,,,,,,,,
121.39764932078836,,,0.19000855905228095,,0.33487225207834376,0.020359674344253065,,,,,,,,,,,,
121.55975292308791,,,0.1897912550565012,,0.33463628997139044,0.02032079642403031,,,,,,,,,,,,
121.72207298409191,,,0.18957419958124483,,0.33440049413117173,0.020281992743338827,,,,,,,,,,,,
121.88460979283988,,,0.18935739234229068,,0.33416486444053073,0.020243263160414162,,,,,,,,,,,,
122.04736363875732,,,0.18914083305574242,,0.333929400782393,0.0202046075337626,,,,,,,,,,,,
122.21033481165645,,,0.1889245214380283,,0.33369410303976665,0.020166025722160506,,,,,,,,,,,,
122.37352360173648,,,0.1887084572059007,,0.3334589710957416,0.02012751758465397,,,,,,,,,,,,
122.53693029958387,,,0.18849264007643646,,0.33322400483349096,0.02008908298055826,,,,,,,,,,,,
122.70055519617313,,,0.18827706976703573,,0.33298920413627003,0.0200507217694573,,,,,,,,,,,,
122.86439858286751,,,0.18806174599542166,,0.3327545688874161,0.02001243381120311,,,,,,,,,,,,
123.02846075141937,,,0.18784666847964035,,0.3325200989703484,0.019974218965915305,,,,,,,,,,,,
123.19274199397037,,,0.18763183693806043,,0.33228579426856897,0.01993607709398066,,,,,,,,,,,,
123.35724260305241,,,0.18741725108937266,,0.33205165466566156,0.01989800805605256,,,,,,,,,,,,
123.52196287158787,,,0.18720291065258965,,0.3318176800452923,0.019860011713050477,,,,,,,,,,,,
123.68690309289056,,,0.18698881534704492,,0.3315838702912087,0.019822087926159398,,,,,,,,,,,,
123.85206356066591,,,0.18677496489239306,,0.33135022528724045,0.019784236556829427,,,,,,,,,,,,
124.0174445690113,,,0.18656135900860968,,0.33111674491729925,0.019746457466775242,,,,,,,,,,,,
124.18304641241684,,,0.18634799741599042,,0.3308834290653787,0.01970875051797564,,,,,,,,,,,,
124.34886938576612,,,0.18613487983515078,,0.3306502776155538,0.019671115572672874,,,,,,,,,,,,
124.51491378433647,,,0.18592200598702555,,0.33041729045198115,0.019633552493372262,,,,,,,,,,,,
124.68117990379929,,,0.18570937559286899,,0.33018446745889934,0.01959606114284176,,,,,,,,,,,,
124.84766804022075,,,0.1854969883742543,,0.3299518085206287,0.01955864138411134,,,,,,,,,,,,
125.01437849006267,,,0.18528484405307272,,0.32971931352157047,0.019521293080472506,,,,,,,,,,,,
125.18131155018267,,,0.18507294235153346,,0.3294869823462075,0.01948401609547778,,,,,,,,,,,,
125.34846751783458,,,0.1848612829921639,,0.3292548148791043,0.019446810292940295,,,,,,,,,,,,
125.51584669066924,,,0.1846498656978085,,0.3290228110049067,0.019409675536933256,,,,,,,,,,,,
125.68344936673482,,,0.1844386901916288,,0.32879097060834184,0.019372611691789415,,,,,,,,,,,,
125.85127584447777,,,0.18422775619710283,,0.3285592935742177,0.019335618622100526,,,,,,,,,,,,
126.01932642274302,,,0.18401706343802457,,0.3283277797874236,0.01929869619271695,,,,,,,,,,,,
126.18760140077431,,,0.1838066116385045,,0.32809642913293025,0.019261844268747153,,,,,,,,,,,,
126.35610107821496,,,0.1835964005229684,,0.3278652414957893,0.019225062715557177,,,,,,,,,,,,
126.52482575510867,,,0.18338642981615697,,0.32763421676113313,0.019188351398770134,,,,,,,,,,,,
126.69377573189978,,,0.1831766992431258,,0.32740335481417515,0.01915171018426569,,,,,,,,,,,,
126.86295130943356,,,0.18296720852924503,,0.32717265554020986,0.01911513893817972,,,,,,,,,,,,
127.03235278895703,,,0.18275795740019915,,0.32694211882461266,0.0190786375269037,,,,,,,,,,,,
127.20198047211981,,,0.18254894558198562,,0.3267117445528392,0.019042205817084136,,,,,,,,,,,,
127.37183466097383,,,0.18234017280091616,,0.32648153261042645,0.019005843675622337,,,,,,,,,,,,
127.54191565797488,,,0.18213163878361463,,0.32625148288299144,0.01896955096967362,,,,,,,,,,,,
127.7122237659822,,,0.1819233432570182,,0.32602159525623237,0.018933327566647066,,,,,,,,,,,,
127.88275928825946,,,0.18171528594837616,,0.32579186961592776,0.018897173334204976,,,,,,,,,,,,
128.05352252847555,,,0.18150746658524958,,0.32556230584793644,0.018861088140262255,,,,,,,,,,,,
128.22451379070483,,,0.181299884895511,,0.32533290383819774,0.018825071852986073,,,,,,,,,,,,
128.39573337942744,,,0.18109254060734448,,0.32510366347273145,0.01878912434079538,,,,,,,,,,,,
128.56718159953013,,,0.18088543344924504,,0.32487458463763785,0.018753245472360368,,,,,,,,,,,,
128.73885875630697,,,0.18067856315001785,,0.32464566721909716,0.018717435116602003,,,,,,,,,,,,
128.91076515545973,,,0.18047192943877816,,0.3244169111033698,0.018681693142691507,,,,,,,,,,,,
129.08290110309812,,,0.1802655320449514,,0.32418831617679644,0.018646019420049998,,,,,,,,,,,,
129.25526690574063,,,0.18005937069827252,,0.32395988232579814,0.018610413818347958,,,,,,,,,,,,
129.42786287031535,,,0.17985344512878493,,0.32373160943687534,0.01857487620750463,,,,,,,,,,,,
129.6006893041598,,,0.17964775506684152,,0.3235034973966092,0.018539406457687792,,,,,,,,,,,,
129.77374651502237,,,0.17944230024310284,,0.32327554609166004,0.01850400443931301,,,,,,,,,,,,
129.94703481106194,,,0.1792370803885381,,0.32304775540876857,0.018468670023043383,,,,,,,,,,,,
130.12055450084898,,,0.179032095234424,,0.32282012523475534,0.01843340307978901,,,,,,,,,,,,
130.29430589336621,,,0.17882734451234436,,0.3225926554565204,0.018398203480706404,,,,,,,,,,,,
130.4682892980089,,,0.17862282795419,,0.32236534596104316,0.018363071097198147,,,,,,,,,,,,
130.64250502458526,,,0.17841854529215853,,0.3221381966353834,0.018328005800912414,,,,,,,,,,,,
130.81695338331716,,,0.17821449625875402,,0.3219112073666803,0.01829300746374248,,,,,,,,,,,,
130.991634684841,,,0.17801068058678607,,0.3216843780421522,0.018258075957826202,,,,,,,,,,,,
131.16654924020793,,,0.17780709800936978,,0.321457708549097,0.018223211155545597,,,,,,,,,,,,
131.3416973608842,,,0.1776037482599259,,0.3212311987748923,0.0181884129295264,,,,,,,,,,,,
131.51707935875206,,,0.17740063107218002,,0.3210048486069951,0.01815368115263763,,,,,,,,,,,,
131.69269554611043,,,0.17719774618016174,,0.320778657932941,0.018119015697990935,,,,,,,,,,,,
131.86854623567487,,,0.17699509331820554,,0.3205526266403459,0.01808441643894039,,,,,,,,,,,,
132.044631740579,,,0.17679267222094908,,0.32032675461690385,0.018049883249081817,,,,,,,,,,,,
132.22095237437415,,,0.17659048262333385,,0.3201010417503887,0.018015416002252472,,,,,,,,,,,,
132.39750845103035,,,0.17635595563871204,,0.31986962438134753,0.01798207929119289,,,,,,,,,,,,
132.57430028493715,,,0.17609535944877616,,0.3196336212318567,0.017949666432651147,,,,,,,,,,,,
132.75132819090393,,,0.17583514833443317,,0.3193977922079541,0.017917311998576404,,,,,,,,,,,,
132.9285924841601,,,0.17557532172666795,,0.3191621371811683,0.01788501588365809,,,,,,,,,,,,
133.10609348035612,,,0.1753158790573063,,0.31892665602312253,0.017852777982775413,,,,,,,,,,,,
133.28383149556404,,,0.1750568197590131,,0.3186913486055345,0.017820598190997027,,,,,,,,,,,,
133.46180684627817,,,0.17479814326529158,,0.3184562148002164,0.01778847640358074,,,,,,,,,,,,
133.64001984941495,,,0.17453984901048256,,0.3182212544790756,0.017756412515973187,,,,,,,,,,,,
133.8184708223143,,,0.17428193642976242,,0.3179864675141136,0.017724406423809447,,,,,,,,,,,,
133.99716008273973,,,0.17402440495914237,,0.3177518537774265,0.017692458022912735,,,,,,,,,,,,
134.17608794887926,,,0.17376725403546664,,0.31751741314120463,0.017660567209294018,,,,,,,,,,,,
134.3552547393458,,,0.17351048309641165,,0.3172831454777324,0.017628733879151676,,,,,,,,,,,,
134.53466077317756,,,0.17325409158048502,,0.3170490506593889,0.017596957928871258,,,,,,,,,,,,
134.7143063698386,,,0.17299807892702426,,0.3168151285586473,0.017565239255025067,,,,,,,,,,,,
134.89419184921994,,,0.1727424445761948,,0.3165813790480747,0.01753357775437181,,,,,,,,,,,,
135.0743175316397,,,0.17248718796898943,,0.3163478020003321,0.017501973323856262,,,,,,,,,,,,
135.2546837378435,,,0.1722323085472273,,0.3161143972881746,0.017470425860609012,,,,,,,,,,,,
135.43529078900522,,,0.17197780575355234,,0.31588116478445155,0.01743893526194607,,,,,,,,,,,,
135.61613900672788,,,0.17172367903143176,,0.3156481043621056,0.01740750142536851,,,,,,,,,,,,
135.79722871304395,,,0.17146992782515513,,0.3154152158941731,0.01737612424856212,,,,,,,,,,,,
135.97856023041567,,,0.17121655157983345,,0.31518249925378444,0.017344803629397196,,,,,,,,,,,,
136.16013388173596,,,0.17096354974139766,,0.31494995431416345,0.01731353946592808,,,,,,,,,,,,
136.34194999032874,,,0.17071092175659744,,0.31471758094862773,0.0172823316563929,,,,,,,,,,,,
136.52400887995006,,,0.17045866707299975,,0.31448537903058793,0.017251180099213156,,,,,,,,,,,,
136.70631087478813,,,0.17020678513898782,,0.3142533484335482,0.017220084692993458,,,,,,,,,,,,
136.8888562994639,,,0.16995527540376026,,0.31402148903110616,0.017189045336521224,,,,,,,,,,,,
137.0716454790317,,,0.16970413731732983,,0.31378980069695295,0.017158061928766306,,,,,,,,,,,,
137.2546787389803,,,0.16945337033052135,,0.3135582833048723,0.01712713436888061,,,,,,,,,,,,
137.43795640523297,,,0.16920297389497124,,0.31332693672874123,0.017096262556197835,,,,,,,,,,,,
137.62147880414798,,,0.16895294746312672,,0.31309576084253016,0.017065446390233177,,,,,,,,,,,,
137.80524626251938,,,0.1687032904882439,,0.31286475552030246,0.017034685770682945,,,,,,,,,,,,
137.98925910757788,,,0.1684540024243866,,0.3126339206362141,0.01700398059742422,,,,,,,,,,,,
138.1735176669911,,,0.16820508272642523,,0.31240325606451375,0.016973330770514532,,,,,,,,,,,,
138.358022268864,,,0.16795653085003617,,0.31217276167954344,0.01694273619019162,,,,,,,,,,,,
138.54277324173975,,,0.1677083462516999,,0.3119424373557375,0.016912196756873006,,,,,,,,,,,,
138.72777091460003,,,0.1674605283887003,,0.3117122829676233,0.01688171237115577,,,,,,,,,,,,
138.91301561686623,,,0.16721307671912272,,0.3114822983898204,0.01685128293381608,,,,,,,,,,,,
139.0985076783995,,,0.16696599070185345,,0.31125248349704066,0.01682090834580896,,,,,,,,,,,,
139.28424742950122,,,0.16671926979657853,,0.31102283816408893,0.016790588508268044,,,,,,,,,,,,
139.47023520091383,,,0.16647291346378257,,0.31079336226586235,0.016760323322505148,,,,,,,,,,,,
139.65647132382173,,,0.16622692116474697,,0.3105640556773501,0.016730112690009912,,,,,,,,,,,,
139.84295612985147,,,0.1659812923615492,,0.31033491827363346,0.016699956512449578,,,,,,,,,,,,
140.02968995107219,,,0.16573602651706193,,0.31010594992988627,0.016669854691668658,,,,,,,,,,,,
140.21667311999647,,,0.1654911230949516,,0.30987715052137466,0.0166398071296886,,,,,,,,,,,,
140.40390596958113,,,0.16524658155967678,,0.3096485199234561,0.016609813728707387,,,,,,,,,,,,
140.59138883322763,,,0.1650024013764873,,0.3094200580115803,0.01657987439109934,,,,,,,,,,,,
140.7791220447823,,,0.1647585820114237,,0.30919176466128906,0.01654998901941475,,,,,,,,,,,,
140.9671059385375,,,0.1645151229313153,,0.3089636397482159,0.01652015751637956,,,,,,,,,,,,
141.15534084923164,,,0.16427202360377932,,0.3087356831480862,0.016490379784895075,,,,,,,,,,,,
141.3438271120506,,,0.16402928349721949,,0.3085078947367168,0.016460655728037576,,,,,,,,,,,,
141.53256506262773,,,0.16378690208082494,,0.30828027439001604,0.01643098524905804,,,,,,,,,,,,
141.72155503704428,,,0.16354487882456967,,0.30805282198398437,0.016401368251381887,,,,,,,,,,,,
141.91079737183028,,,0.16330321319921068,,0.3078255373947134,0.016371804638608607,,,,,,,,,,,,
142.10029240396545,,,0.16306190467628684,,0.30759842049838615,0.016342294314511428,,,,,,,,,,,,
142.29004047087943,,,0.16282095272811783,,0.3073714711712768,0.016312837183037,,,,,,,,,,,,
142.48004191045217,,,0.1625803568278034,,0.3071446892897512,0.016283433148305163,,,,,,,,,,,,
142.6702970610148,,,0.16234011644922192,,0.30691807473026633,0.016254082114608603,,,,,,,,,,,,
142.86080626135052,,,0.16210023106702887,,0.30669162736937017,0.016224783986412455,,,,,,,,,,,,
143.05156985069488,,,0.16186070015665596,,0.30646534708370154,0.01619553866835404,,,,,,,,,,,,
143.24258816873615,,,0.16162152319431042,,0.306239233749991,0.01616634606524266,,,,,,,,,,,,
143.43386155561635,,,0.16138269965697333,,0.30601328724505955,0.016137206082059145,,,,,,,,,,,,
143.62539035193151,,,0.16114422902239872,,0.30578750744581934,0.016108118623955624,,,,,,,,,,,,
143.8171748987328,,,0.16090611076911207,,0.30556189422927293,0.01607908359625514,,,,,,,,,,,,
144.00921553752673,,,0.16066834437640934,,0.30533644747251376,0.016050100904451418,,,,,,,,,,,,
144.2015126102756,,,0.16043092932435626,,0.3051111670527262,0.01602117045420855,,,,,,,,,,,,
144.39406645939837,,,0.16019386509378702,,0.3048860528471853,0.015992292151360676,,,,,,,,,,,,
144.58687742777138,,,0.1599571511663024,,0.3046611047332563,0.01596346590191164,,,,,,,,,,,,
144.77994585872898,,,0.1597207870242693,,0.30443632258839487,0.015934691612034688,,,,,,,,,,,,
144.97327209606357,,,0.15948477215081994,,0.3042117062901475,0.01590596918807226,,,,,,,,,,,,
145.16685648402668,,,0.15924910602985015,,0.303987255716151,0.015877298536535595,,,,,,,,,,,,
145.3606993673298,,,0.15901378814601813,,0.303762970744132,0.015848679564104424,,,,,,,,,,,,
145.55480109114472,,,0.1587788179847436,,0.3035388512519076,0.015820112177626668,,,,,,,,,,,,
145.74916200110385,,,0.15854419503220693,,0.30331489711738513,0.015791596284118206,,,,,,,,,,,,
145.94378244330127,,,0.15830991877534767,,0.3030911082185621,0.015763131790762493,,,,,,,,,,,,
146.13866276429306,,,0.15807598870186362,,0.30286748443352596,0.01573471860491034,,,,,,,,,,,,
146.3338033110983,,,0.15784240430020927,,0.3026440256404539,0.015706356634079464,,,,,,,,,,,,
146.52920443119956,,,0.15760916505959496,,0.3024207317176129,0.015678045785954334,,,,,,,,,,,,
146.72486647254303,,,0.15737627046998623,,0.3021976025433602,0.015649785968385826,,,,,,,,,,,,
146.92078978353953,,,0.1571437200221022,,0.30197463799614277,0.01562157708939093,,,,,,,,,,,,
147.11697471306542,,,0.15691151320741428,,0.3017518379544968,0.015593419057152383,,,,,,,,,,,,
147.3134216104629,,,0.15667964951814528,,0.30152920229704816,0.015565311780018442,,,,,,,,,,,,
147.51013082554041,,,0.1564481284472686,,0.30130673090251286,0.015537255166502595,,,,,,,,,,,,
147.70710270857344,,,0.15621694948850703,,0.301084423649696,0.015509249125283241,,,,,,,,,,,,
147.90433761030553,,,0.15598611213633104,,0.30086228041749197,0.015481293565203332,,,,,,,,,,,,
148.10183588194852,,,0.15575561588595804,,0.3006403010848845,0.015453388395270157,,,,,,,,,,,,
148.299597875183,,,0.15552546023335181,,0.3004184855309469,0.01542553352465504,,,,,,,,,,,,
148.4976239421593,,,0.1552956446752206,,0.30019683363484156,0.015397728862693012,,,,,,,,,,,,
148.69591443549774,,,0.1550661687090168,,0.2999753452758202,0.015369974318882542,,,,,,,,,,,,
148.89446970828993,,,0.1548370318329347,,0.2997540203332233,0.015342269802885208,,,,,,,,,,,,
149.09329011409892,,,0.15460823354591038,,0.2995328586864804,0.015314615224525397,,,,,,,,,,,,
149.2923760069595,,,0.15437977334762057,,0.29931186021511014,0.015287010493790089,,,,,,,,,,,,
149.49172774137932,,,0.15415165073848128,,0.2990910247987203,0.015259455520828533,,,,,,,,,,,,
149.69134567233965,,,0.15392386521964646,,0.298870352317007,0.015231950215951865,,,,,,,,,,,,
149.89123015529574,,,0.15369641629300718,,0.2986498426497551,0.01520449448963289,,,,,,,,,,,,
150.09138154617727,,,0.15346930346119084,,0.2984294956768387,0.015177088252505853,,,,,,,,,,,,
150.29180020138912,,,0.15324252622755982,,0.2982093112782203,0.015149731415366059,,,,,,,,,,,,
150.49248647781258,,,0.1530160840962099,,0.2979892893339506,0.015122423889169541,,,,,,,,,,,,
150.69344073280485,,,0.15278997657197027,,0.29776942972416937,0.015095165585032926,,,,,,,,,,,,
150.8946633242009,,,0.1525642031604012,,0.29754973232910426,0.015067956414232976,,,,,,,,,,,,
151.09615461031316,,,0.15233876336779403,,0.2973301970290716,0.015040796288206431,,,,,,,,,,,,
151.29791494993242,,,0.15211365670116964,,0.2971108237044763,0.01501368511854967,,,,,,,,,,,,
151.49994470232892,,,0.1518647091530474,0.4814366252932263,0.29684234956492556,0.01498558980494964,,,,,,,,,,,,
151.70224422725263,,,0.151591505756828,0.48681258396393123,0.2965238207301508,0.014956493277159593,,,,,,,,,,,,
151.9048138849336,,,0.15131879385133162,0.49224857323910365,0.29620563369505104,0.014927453244171576,,,,,,,,,,,,
152.1076540360828,,,0.15104657255237064,0.4977452634500594,0.2958877880928558,0.0148984695962934,,,,,,,,,,,,
152.31076504189338,,,0.15077484097734759,0.5033033324133728,0.29557028355718784,0.0148695422240458,,,,,,,,,,,,
152.5141472640406,,,0.1505035982452528,0.5089234655144521,0.2952531197220629,0.01484067101816211,,,,,,,,,,,,
152.71780106468245,,,0.150232843476662,0.5146063557920484,0.29493629622189016,0.014811855869587819,,,,,,,,,,,,
152.9217268064605,,,0.14996257579373293,0.5203527040237248,0.294619812691471,0.014783096669480189,,,,,,,,,,,,
153.125924852501,,,0.149692794320202,0.5261632188122857,0.29430366876599773,0.01475439330920774,,,,,,,,,,,,
153.33039556641447,,,0.14942349818138279,0.5320386166731255,0.2939878640810555,0.01472574568035,,,,,,,,,,,,
153.53513931229764,,,0.14915468650416158,0.537979622122621,0.2936723982726191,0.014697153674696947,,,,,,,,,,,,
153.74015645473293,,,0.14888635841699613,0.5439869677674422,0.29335727097705505,0.014668617184248684,,,,,,,,,,,,
153.94544735878952,,,0.14861851304991194,0.5500613943949062,0.29304248183111997,0.014640136101215045,,,,,,,,,,,,
154.15101239002445,,,0.14835114953449924,0.556203651064336,0.29272803047195944,0.01461171031801509,,,,,,,,,,,,
154.35685191448292,,,0.14808426700391059,0.5624144951994199,0.29241391653710885,0.014583339727276792,,,,,,,,,,,,
154.5629662986985,,,0.14781786459285826,0.5686946926816036,0.29210013966449294,0.014555024221836601,,,,,,,,,,,,
154.76935590969433,,,0.1475519414376113,0.5750450179445415,0.2917866994924246,0.01452676369473907,,,,,,,,,,,,
154.9760211149838,,,0.14728649667599217,0.5814662540696066,0.2914735956596048,0.014498558039236362,,,,,,,,,,,,
155.18296228257122,,,0.14702152944737434,0.5879591928824439,0.2911608278051221,0.014470407148787924,,,,,,,,,,,,
155.39017978095183,,,0.1467570388926799,0.5945246350506045,0.2908483955684526,0.0144423109170601,,,,,,,,,,,,
155.59767397911315,,,0.1464930241543764,0.6011633901822926,0.2905362985894592,0.014414269237925652,,,,,,,,,,,,
155.80544524653527,,,0.1462294843764741,0.6078762769261916,0.29022453650839153,0.014386282005463451,,,,,,,,,,,,
156.01349395319195,,,0.1459664187045228,0.6146641230724301,0.2899131089658846,0.01435834911395797,,,,,,,,,,,,
156.22182046955095,,,0.14570382628560952,0.6215277656546493,0.2896020156029593,0.014330470457898968,,,,,,,,,,,,
156.43042516657445,,,0.14544170626835606,0.6284680510532101,0.28929125606102196,0.01430264593198107,,,,,,,,,,,,
156.63930841571994,,,0.14518005780291576,0.6354858350995738,0.2889808299818637,0.014274875431103392,,,,,,,,,,,,
156.8484705889413,,,0.14491888004097056,0.642581983181848,0.2886707370076597,0.014247158850369061,,,,,,,,,,,,
157.057912058689,,,0.14465817213572835,0.649757370351491,0.28836097678096917,0.014219496085084897,,,,,,,,,,,,
157.2676331979106,,,0.14439793324192096,0.6570128814312058,0.28805154894473506,0.014191887030761024,,,,,,,,,,,,
157.47763438005163,,,0.1441381625158007,0.664349411124062,0.2877424531422836,0.014164331583110425,,,,,,,,,,,,
157.68791597905658,,,0.1438788591151375,0.6717678641238356,0.28743368901732336,0.01413682963804857,,,,,,,,,,,,
157.89847836936934,,,0.14362002219921643,0.6792691552265594,0.2871252562139452,0.014109381091693,,,,,,,,,,,,
158.10932192593341,,,0.1433616509288353,0.6868542094433184,0.2868171543766222,0.014081985840363003,,,,,,,,,,,,
158.32044702419316,,,0.14310374446630159,0.6945239621143331,0.2865093831502091,0.014054643780579149,,,,,,,,,,,,
158.5318540400941,,,0.1428463019754298,0.7022793590242877,0.2862019421799413,0.014027354809062954,,,,,,,,,,,,
158.7435433500841,,,0.1425893226215385,0.7101213565189763,0.2858948311114352,0.014000118822736421,,,,,,,,,,,,
158.9555153311137,,,0.14233280557144776,0.7180509216232219,0.2855880495906869,0.013972935718721706,,,,,,,,,,,,
159.16777036063644,,,0.14207674999347694,0.7260690321601113,0.285281597264073,0.013945805394340743,,,,,,,,,,,,
159.3803088166099,,,0.14182115505744158,0.7341766768715852,0.28497547377834964,0.013918727747114813,,,,,,,,,,,,
159.59313107749665,,,0.14156601993465032,0.7423748555403772,0.2846696787806515,0.013891702674764172,,,,,,,,,,,,
159.80623752226467,,,0.1413113437979026,0.7506645791132874,0.2843642119184919,0.013864730075207632,,,,,,,,,,,,
160.0196285303876,,,0.14105712582148647,0.759046869825834,0.2840590728397628,0.013837809846562276,,,,,,,,,,,,
160.23330448184583,,,0.14080336518117526,0.7675227613283202,0.2837542611927341,0.013810941887142969,,,,,,,,,,,,
160.44726575712747,,,0.14055006105422488,0.7760932988133113,0.28344977662605253,0.013784126095462014,,,,,,,,,,,,
160.6615127372287,,,0.1402972126193712,0.7847595391445081,0.28314561878874206,0.013757362370228739,,,,,,,,,,,,
160.87604580365405,,,0.14004481905682795,0.7935225509870591,0.2828417873302035,0.013730650610349192,,,,,,,,,,,,
161.09086533841776,,,0.13979287954828357,0.8023834149393614,0.2825382819002137,0.013703990714925689,,,,,,,,,,,,
161.30597172404396,,,0.13954139327689868,0.8113432236662993,0.28223510214892567,0.013677382583256452,,,,,,,,,,,,
161.52136534356785,,,0.13929035942730308,0.8204030820340057,0.28193224772686726,0.013650826114835224,,,,,,,,,,,,
161.73704658053617,,,0.13903977718559338,0.8295641072460936,0.2816297182849413,0.01362432120935087,,,,,,,,,,,,
161.95301581900748,,,0.13878964573933084,0.8388274289814083,0.28132751347442586,0.013597867766687073,,,,,,,,,,,,
162.16927344355312,,,0.13853996427753823,0.8481941895333454,0.2810256329469731,0.013571465686921884,,,,,,,,,,,,
162.38581983925832,,,0.13829073199069689,0.8576655439507259,0.2807240763546083,0.013545114870327361,,,,,,,,,,,,
162.60265539172255,,,0.13804194807074446,0.8672426601802162,0.2804228433497305,0.013518815217369171,,,,,,,,,,,,
162.81978048705977,,,0.1377936117110728,0.8769267192103356,0.28012193358511195,0.01349256662870629,,,,,,,,,,,,
163.0371955118996,,,0.13754572210652458,0.8867189152171032,0.2798213467138976,0.013466369005190574,,,,,,,,,,,,
163.2549008533882,,,0.13729827845339082,0.8966204557113114,0.27952108238960416,0.013440222247866352,,,,,,,,,,,,
163.47289689918873,,,0.13705127994940833,0.9066325616874134,0.27922114026612005,0.013414126257970086,,,,,,,,,,,,
163.69118403748163,,,0.13680472579375744,0.9167564677740728,0.27892151999770554,0.013388080936930042,,,,,,,,,,,,
163.90976265696594,,,0.13655861518705914,0.9269934223864336,0.27862222123899183,0.013362086186365862,,,,,,,,,,,,
164.1286331468594,,,0.13631294733137256,0.9373446878800501,0.2783232436449807,0.013336141908088201,,,,,,,,,,,,
164.3477958969,,,0.13606772143019202,0.9478115407065772,0.27802458687104387,0.01331024800409836,,,,,,,,,,,,
164.56725129734605,,,0.13582293668844467,0.9583952715711584,0.2777262505729229,0.013284404376587894,,,,,,,,,,,,
164.7869997389766,,,0.13557859231248845,0.9690971855915709,0.277428234406729,0.01325861092793831,,,,,,,,,,,,
165.0070416130926,,,0.13533468751010896,0.9799186024591796,0.27713053802894244,0.013232867560720655,,,,,,,,,,,,
165.2273773115178,,,0.13509122149051675,0.9908608566016909,0.27683316109641193,0.013207174177695106,,,,,,,,,,,,
165.4480072265992,,,0.13484819346434482,1.0019252973476886,0.2765361032663541,0.013181530681810648,,,,,,,,,,,,
165.6689317512073,,,0.13460560264364677,1.0131132890930077,0.27623936419635386,0.01315593697620474,,,,,,,,,,,,
165.89015127873725,,,0.1343634482418936,1.0244262114689997,0.27594294354436383,0.013130392964202917,,,,,,,,,,,,
166.1116662031098,,,0.1341217294739709,1.0358654595126766,0.2756468409687029,0.013104898549318374,,,,,,,,,,,,
166.3334769187718,,,0.13388044555617684,1.047432443838722,0.2753510561280567,0.013079453635251651,,,,,,,,,,,,
166.55558382069634,,,0.13363959570621955,1.0591285908134205,0.27505558868147784,0.01305405812589031,,,,,,,,,,,,
166.7779873043842,,,0.13339917914321459,1.0709553427305747,0.274760438288384,0.013028711925308502,,,,,,,,,,,,
167.00068776586406,,,0.1331591950876823,1.0829141579893415,0.274465604608559,0.013003414937766654,,,,,,,,,,,,
167.22368560169377,,,0.13291964276154505,1.0950065112740996,0.27417108730215123,0.012978167067711044,,,,,,,,,,,,
167.4469812089607,,,0.13268052138812492,1.1072338937362816,0.2738768860296735,0.01295296821977348,,,,,,,,,,,,
167.67057498528212,,,0.13244183019214165,1.119597813178232,0.2735830004520037,0.01292781829877098,,,,,,,,,,,,
167.89446732880626,,,0.1322035683997096,1.1320997942391604,0.2732894302303834,0.012902717209705376,,,,,,,,,,,,
168.1186586382133,,,0.13196573523833502,1.144741378583168,0.2729961750264172,0.012877664857762905,,,,,,,,,,,,
168.3431493127158,,,0.13172832993691394,1.157524125089337,0.27270323450207307,0.0128526611483139,,,,,,,,,,,,
168.56793975205912,,,0.1314913517257299,1.1704496100439439,0.2724106083196818,0.012827705986912475,,,,,,,,,,,,
168.79303035652228,,,0.13125479983645114,1.1835194273348524,0.2721182961419368,0.012802799279296118,,,,,,,,,,,,
169.01842152691924,,,0.13101867350212779,1.1967351886480855,0.27182629763189287,0.0127779409313853,,,,,,,,,,,,
169.2441136645991,,,0.13078297195718974,1.2100985236665458,0.2715346124529664,0.012753130849283164,,,,,,,,,,,,
169.47010717144659,,,0.1305476944374444,1.2236110802709592,0.2712432402689353,0.012728368939275205,,,,,,,,,,,,
169.69640244988327,,,0.13031284018007394,1.2372745247431092,0.27095218074393823,0.012703655107828853,,,,,,,,,,,,
169.9229999028678,,,0.13007840842363286,1.2510905419712932,0.2706614335424744,0.012678989261593169,,,,,,,,,,,,
170.14989993389736,,,0.12984439840804518,1.2650608356581226,0.2703709983294024,0.012654371307398425,,,,,,,,,,,,
170.37710294700784,,,0.1296108093746023,1.279187128530592,0.27008087476994086,0.012629801152255798,,,,,,,,,,,,
170.6046093467744,,,0.1293776405659609,1.2934711625524942,0.26979106252966756,0.01260527870335705,,,,,,,,,,,,
170.8324195383123,,,0.12914489122614015,1.3079146991392472,0.26950156127451946,0.012580803868074145,,,,,,,,,,,,
171.06053392727821,,,0.12891256060051873,1.3225195193751238,0.2692123706707917,0.012556376553958857,,,,,,,,,,,,
171.28895291987044,,,0.12868064793583303,1.3372874242328627,0.2689234903851371,0.012531996668742463,,,,,,,,,,,,
171.51767692282934,,,0.12844915248017486,1.3522202347957288,0.26863492008456685,0.012507664120335426,,,,,,,,,,,,
171.74670634343838,,,0.12821807348298866,1.3673197924821006,0.26834665943644953,0.012483378816827017,,,,,,,,,,,,
171.9760415895253,,,0.12798741019506876,1.3825879592725643,0.26805870810850996,0.012459140666484923,,,,,,,,,,,,
172.2056830694623,,,0.12775716186855746,1.3980266179395002,0.2677710657688298,0.012434949577754947,,,,,,,,,,,,
172.43563119216668,,,0.12752732775694256,1.413637672279229,0.26748373208584714,0.012410805459260687,,,,,,,,,,,,
172.6658863671018,,,0.12729790711505487,1.4294230473468112,0.26719670672835566,0.012386708219803148,,,,,,,,,,,,
172.89644900427766,,,0.1270688991990658,1.4453846896934095,0.2669099893655046,0.012362657768360423,,,,,,,,,,,,
173.12731951425215,,,0.12684030326648457,1.4615245676063597,0.266623579666798,0.012338654014087305,,,,,,,,,,,,
173.35849830813132,,,0.12661211857615612,1.4778446713518656,0.26633747730209434,0.012314696866314971,,,,,,,,,,,,
173.58998579756988,,,0.1263843443882592,1.494347013420399,0.2660516819416068,0.012290786234550682,,,,,,,,,,,,
173.82178239477216,,,0.12615697996430333,1.511033628774892,0.2657661932559026,0.012266922028477404,,,,,,,,,,,,
174.0538885124933,,,0.12593002456712632,1.5279065751017016,0.26548101091590187,0.012243104157953426,,,,,,,,,,,,
174.28630456403963,,,0.12570347746089203,1.544967933064325,0.2651961345928779,0.01221933253301206,,,,,,,,,,,,
174.51903096326893,,,0.12547733791108856,1.5622198065599477,0.2649115639584572,0.012195607063861337,,,,,,,,,,,,
174.75206812459172,,,0.12525160518452533,1.579664322978908,0.2646272986846186,0.012171927660883635,,,,,,,,,,,,
174.9854164629723,,,0.12502627854933018,1.5973036334670734,0.2643433384436923,0.012148294234635277,,,,,,,,,,,,
175.21907639392845,,,0.12480135727494839,1.6151399131910122,0.26405968290836096,0.012124706695846326,,,,,,,,,,,,
175.4530483335335,,,0.12457684063213874,1.6331753616063305,0.26377633175165754,0.012101164955420105,,,,,,,,,,,,
175.68733269841582,,,0.12435272789297241,1.6514122027287976,0.26349328464696664,0.012077668924432981,,,,,,,,,,,,
175.92192990576007,,,0.12412901833083022,1.6698526854086388,0.2632105412680233,0.012054218514133982,,,,,,,,,,,,
176.15684037330837,,,0.12390571122039971,1.6884990836078786,0.262928101288912,0.012030813635944418,,,,,,,,,,,,
176.3920645193607,,,0.12368280583767328,1.7073536966807217,0.26264596438406734,0.01200745420145759,,,,,,,,,,,,
176.62760276277518,,,0.12346030145994626,1.7264188496570672,0.2623641302282733,0.011984140122438482,,,,,,,,,,,,
176.86345552296928,,,0.12323819736581397,1.7456968935292432,0.2620825984966632,0.011960871310823407,,,,,,,,,,,,
177.0996232199208,,,0.12301649283516926,1.765190205541947,0.26180136886471833,0.011937647678719623,,,,,,,,,,,,
177.33610627416846,,,0.12279518714920044,1.784901189485362,0.2615204410082682,0.011914469138405045,,,,,,,,,,,,
177.57290510681207,,,0.12257427959038934,1.8048322759915478,0.2612398146034906,0.01189133560232795,,,,,,,,,,,,
177.8100201395138,,,0.12235376944250853,1.824985922834199,0.260959489326911,0.011868246983106607,,,,,,,,,,,,
178.04745179449938,,,0.12213365599061858,1.845364615231769,0.260679464855401,0.011845203193528893,,,,,,,,,,,,
178.2852004945576,,,0.12191393852106694,1.8659708661538243,0.26039974086618006,0.011822204146552093,,,,,,,,,,,,
178.52326666304265,,,0.12169461632148422,1.8868072166310503,0.2601203170368131,0.011799249755302424,,,,,,,,,,,,
178.7616507238733,,,0.12147568868078303,1.9078762360684858,0.25984119304521147,0.011776339933074836,,,,,,,,,,,,
179.00035310153453,,,0.12125715488915531,1.9291805225624132,0.2595623685696324,0.011753474593332628,,,,,,,,,,,,
179.2393742210784,,,0.12103901423806956,1.9507227032207703,0.2592838432886779,0.01173065364970708,,,,,,,,,,,,
179.47871450812465,,,0.12082126602026891,1.9725054344870785,0.25900561688129464,0.011707877015997176,,,,,,,,,,,,
179.71837438886092,,,0.12060390952976921,1.9945314024679834,0.25872768902677445,0.011685144606169304,,,,,,,,,,,,
179.95835429004393,,,0.12038694406185634,2.0168033232645204,0.25845005940475335,0.011662456334356896,,,,,,,,,,,,
180.1986546390007,,,0.1201703689130836,2.0393239433070827,0.2581727276952104,0.011639812114860072,,,,,,,,,,,,
180.43927586362878,,,0.11995418338126983,2.062096039694059,0.2578956935784683,0.011617211862145349,,,,,,,,,,,,
180.68021839239677,,,0.11973838676549745,2.085122420534253,0.25761895673519325,0.011594655490845353,,,,,,,,,,,,
180.92148265434557,,,0.11952297836610953,2.108405925293213,0.25734251684639364,0.011572142915758449,,,,,,,,,,,,
181.16306907908884,,,0.11930795748470814,2.1319494251433406,0.2570663735934206,0.011549674051848442,,,,,,,,,,,,
181.40497809681423,,,0.11909332342415133,2.155755823318,0.2567905266579668,0.01152724881424422,,,,,,,,,,,,
181.64721013828384,,,0.11887907548855135,2.1798280554694913,0.2565149757220662,0.011504867118239451,,,,,,,,,,,,
181.88976563483465,,,0.11866521298327262,2.204169090031018,0.2562397204680946,0.011482528879292315,,,,,,,,,,,,
182.1326450183795,,,0.11845173521492927,2.228781928582771,0.2559647605787687,0.011460234013025134,,,,,,,,,,,,
182.37584872140846,,,0.11823864149138247,2.253669606222103,0.2556900957371449,0.011437982435224031,,,,,,,,,,,,
182.61937717698902,,,0.11802593112173852,2.2788351919377616,0.25541572562662007,0.011415774061838638,,,,,,,,,,,,
182.8632308187666,,,0.11781360341634702,2.3042817889882947,0.2551416499309311,0.01139360880898182,,,,,,,,,,,,
183.1074100809657,,,0.11760165768679816,2.3300125352847667,0.25486786833415404,0.011371486592929317,,,,,,,,,,,,
183.35191539839104,,,0.11739009324592033,2.3560306037777416,0.2545943805207039,0.011349407330119398,,,,,,,,,,,,
183.59674720642784,,,0.11717890940777806,2.382339202848514,0.254321186175334,0.011327370937152576,,,,,,,,,,,,
183.84190594104237,,,0.11696810548767028,2.4089415767047058,0.2540482849831366,0.011305377330791332,,,,,,,,,,,,
184.08739203878332,,,0.11675768080212746,2.4358410057803805,0.2537756766295415,0.011283426427959748,,,,,,,,,,,,
184.33320593678198,,,0.11654763466890983,2.463040807140524,0.2535033608003164,0.011261518145743225,,,,,,,,,,,,
184.5793480727538,,,0.11633796640700463,2.490544334890147,0.2532313371815656,0.011239652401388115,,,,,,,,,,,,
184.82581888499874,,,0.11612867533662422,2.51835498058785,0.2529596054597304,0.011217829112301453,,,,,,,,,,,,
185.07261881240157,,,0.1159197607792042,2.546476173664007,0.25268816532158894,0.011196048196050672,,,,,,,,,,,,
185.3197482944332,,,0.11571122205740098,2.574911381843701,0.2524170164542553,0.011174309570363259,,,,,,,,,,,,
185.56720777115166,,,0.1155030584950891,2.603664111574385,0.25214615854517913,0.011152613153126408,,,,,,,,,,,,
185.81499768320265,,,0.11529526941735949,2.6327379084582354,0.2518755912821453,0.011130958862386747,,,,,,,,,,,,
186.0631184718199,,,0.11508785415051755,2.6621363576893238,0.2516053143532742,0.011109346616350062,,,,,,,,,,,,
186.3115705788263,,,0.11488081202208064,2.6918630844957674,0.2513353274470209,0.011087776333380957,,,,,,,,,,,,
186.56035444663502,,,0.11467414236077558,2.721921754586811,0.2510656302521742,0.011066247932002499,,,,,,,,,,,,
186.80947051825015,,,0.11446784449653682,2.752316074604818,0.2507962224578571,0.011044761330895962,,,,,,,,,,,,
187.0589192372668,,,0.11426191776050462,2.783049792582299,0.25052710375352644,0.01102331644890054,,,,,,,,,,,,
187.3087010478727,,,0.11405636148502225,2.814126698404169,0.25025827382897203,0.011001913205012998,,,,,,,,,,,,
187.55881639484846,,,0.11385117500363436,2.8455506242750395,0.24998973237431688,0.010980551518387394,,,,,,,,,,,,
187.809265723569,,,0.11364635765108412,2.8773254451918575,0.24972147908001616,0.010959231308334727,,,,,,,,,,,,
188.06004948000404,,,0.11344190876331159,2.9094550794216962,0.24945351363685697,0.010937952494322663,,,,,,,,,,,,
188.31116811071828,,,0.11323782767745169,2.9419434889848803,0.24918583573595887,0.010916714995975269,,,,,,,,,,,,
188.56262206287283,,,0.11303411373183195,2.9747946801436074,0.24891844506877275,0.010895518733072668,,,,,,,,,,,,
188.81441178422625,,,0.11283076626596981,3.008012703896022,0.24865134132708008,0.01087436362555071,,,,,,,,,,,,
189.06653772313499,,,0.11262778462057096,3.041601656475712,0.24838452420299328,0.0108532495935007,,,,,,,,,,,,
189.31900032855384,,,0.11242516813752752,3.0755656798567794,0.2481179933889555,0.010832176557169133,,,,,,,,,,,,
189.571800050037,,,0.11222291615991545,3.109908962264647,0.2478517485777397,0.010811144436957347,,,,,,,,,,,,
189.8249373377395,,,0.11202102803199225,3.1446357386925805,0.24758578946244839,0.010790153153421208,,,,,,,,,,,,
190.07841264241733,,,0.11181950309919507,3.1797502914238702,0.2473201157365133,0.010769202627270828,,,,,,,,,,,,
190.33222641542804,,,0.11161834070813899,3.215256950559837,0.24705472709369547,0.010748292779370306,,,,,,,,,,,,
190.5863791087321,,,0.11141754020661425,3.2511600945538746,0.24678962322808437,0.010727423530737376,,,,,,,,,,,,
190.84087117489324,,,0.11121710094358468,3.28746415075132,0.24652480383409808,0.010706594802543145,,,,,,,,,,,,
191.09570306707997,,,0.11101702226918497,3.3241735959354815,0.24626026860648187,0.010685806516111741,,,,,,,,,,,,
191.35087523906583,,,0.1108173035347189,3.3612929568796424,0.2459960172403089,0.010665058592920057,,,,,,,,,,,,
191.60638814522994,,,0.11061794409265753,3.3988268109052076,0.2457320494309798,0.010644350954597474,,,,,,,,,,,,
191.86224224055823,,,0.1104189432966369,3.4367797864462086,0.2454683648742219,0.01062368352292555,,,,,,,,,,,,
192.11843798064442,,,0.11022030050145547,3.475156563620114,0.24520496326608898,0.010603056219837672,,,,,,,,,,,,
192.37497582169073,,,0.11002201506307245,3.513961874804887,0.24494184430296057,0.010582468967418811,,,,,,,,,,,,
192.63185622050804,,,0.10982408633860599,3.5532005052225,0.2446790076815427,0.010561921687905249,,,,,,,,,,,,
192.88907963451732,,,0.10962651368633075,3.5928772935290723,0.2444164530988667,0.010541414303684257,,,,,,,,,,,,
193.14664652175065,,,0.10942929646567554,3.6329971324115986,0.24415418025228877,0.010520946737293771,,,,,,,,,,,,
193.40455734085182,,,0.10923243403722158,3.6735649691912347,0.24389218883948963,0.01050051891142213,,,,,,,,,,,,
193.66281255107654,,,0.1090359257627007,3.7145858064332975,0.24363047855847494,0.010480130748907815,,,,,,,,,,,,
193.92141261229403,,,0.10883977100499279,3.756064702564247,0.2433690491075743,0.010459782172739109,,,,,,,,,,,,
194.1803579849874,,,0.10864396912812412,3.798006772495394,0.24310790018544093,0.01043947310605384,,,,,,,,,,,,
194.43964913025502,,,0.1084485194972647,3.8404171882537317,0.2428470314910514,0.010419203472139048,,,,,,,,,,,,
194.69928650981097,,,0.10825342147872664,3.8833011796196617,0.242586442723705,0.010398973194430713,,,,,,,,,,,,
194.95927058598545,,,0.10805867443996232,3.9266640347718225,0.24232613358302416,0.01037878219651351,,,,,,,,,,,,
195.219601821726,,,0.10786427774956212,3.9705111009392606,0.24206610376895377,0.010358630402120487,,,,,,,,,,,,
195.48028068059884,,,0.10767023077725196,4.014847785060888,0.24180635298176004,0.010338517735132738,,,,,,,,,,,,
195.74130762678908,,,0.10747653289389168,4.0596795544521616,0.24154688092203105,0.010318444119579153,,,,,,,,,,,,
196.00268312510127,,,0.10728318347147316,4.105011937479207,0.24128768729067648,0.010298409479636167,,,,,,,,,,,,
196.2644076409607,,,0.10709018188311813,4.150850524240612,0.24102877178892695,0.010278413739627429,,,,,,,,,,,,
196.52648164041452,,,0.10689752750307574,4.197200967256832,0.2407701341183332,0.010258456824023498,,,,,,,,,,,,
196.78890559013212,,,0.10670521970672084,4.244068982167147,0.2405117739807664,0.01023853865744158,,,,,,,,,,,,
197.0516799574057,,,0.10651325787055235,4.291460348434422,0.24025369107841782,0.01021865916464528,,,,,,,,,,,,
197.31480521015166,,,0.10632164137219062,4.339380910057877,0.2399958851137982,0.01019881827054427,,,,,,,,,,,,
197.57828181691102,,,0.10613036959037588,4.387836576293679,0.23973835578973784,0.01017901590019403,,,,,,,,,,,,
197.84211024685075,,,0.10593944190496565,4.436833322383732,0.2394811028093852,0.010159251978795532,,,,,,,,,,,,
198.1062909697644,,,0.10574885769693314,4.486377190292439,0.2392241258762076,0.010139526431694973,,,,,,,,,,,,
198.37082445607243,,,0.10555861634836537,4.5364742894516805,0.2389674246939908,0.010119839184383535,,,,,,,,,,,,
198.6357111768234,,,0.10536871724246112,4.587130797514265,0.2387109989668383,0.010100190162497068,,,,,,,,,,,,
198.90095160369535,,,0.10517915976352843,4.638352961115788,0.23845484839917097,0.010080579291815779,,,,,,,,,,,,
199.1665462089961,,,0.10498994329698294,4.6901470966448695,0.2381989726957268,0.010061006498263985,,,,,,,,,,,,
199.43249546566375,,,0.10480106722934623,4.742519591021949,0.23794337156156076,0.010041471707909855,,,,,,,,,,,,
199.69879984726794,,,0.10461253094824356,4.795476902486971,0.2376880447020446,0.010021974846965116,,,,,,,,,,,,
199.96545982801103,,,0.10442433384240153,4.849025561395853,0.23743299182286576,0.010002515841784725,,,,,,,,,,,,
200.2324758827287,,,0.1042191370536264,4.853744116345757,0.2371084470136658,0.00998288594059316,,,,,,,,,,,,
200.4998484868901,,,0.1040117710388104,4.851154133649084,0.236773989383924,0.00996326359913985,,,,,,,,,,,,
200.76757811659965,,,0.10380481762253742,4.848565532980431,0.2364400035294711,0.009943679827323247,,,,,,,,,,,,
201.03566524859724,,,0.10359827598385556,4.845978313602341,0.23610648878483603,0.009924134549330978,,,,,,,,,,,,
201.30411036025976,,,0.10339214530344598,4.843392474777752,0.23577344448548626,0.009904627689499634,,,,,,,,,,,,
201.57291392960153,,,0.10318642476362018,4.840808015769988,0.23544086996782626,0.00988515917231454,,,,,,,,,,,,
201.84207643527483,,,0.10298111354831692,4.838224935842775,0.23510876456919713,0.009865728922409467,,,,,,,,,,,,
202.11159835657102,,,0.10277621084309856,4.83564323426023,0.2347771276278749,0.009846336864566351,,,,,,,,,,,,
202.3814801734219,,,0.10257171583514778,4.833062910286861,0.2344459584830682,0.00982698292371493,,,,,,,,,,,,
202.65172236640015,,,0.10236762771326452,4.8304839631875645,0.23411525647491793,0.009807667024932508,,,,,,,,,,,,
202.9223254167197,,,0.10216394566786298,4.8279063922276375,0.23378502094449635,0.009788389093443666,,,,,,,,,,,,
203.19328980623706,,,0.1019606688909683,4.825330196672765,0.23345525123380495,0.009769149054619994,,,,,,,,,,,,
203.46461601745287,,,0.10175779657621281,4.822755375789022,0.23312594668577274,0.009749946833979714,,,,,,,,,,,,
203.73630453351112,,,0.10155532791883379,4.820181928842878,0.23279710664425668,0.009730782357187495,,,,,,,,,,,,
204.00835583820185,,,0.10135326211566924,4.817609855101191,0.2324687304540381,0.009711655550054075,,,,,,,,,,,,
204.28077041596043,,,0.10115159836515564,4.815039153831214,0.23214081746082332,0.009692566338536072,,,,,,,,,,,,
204.55354875186916,,,0.10095033586732435,4.8124698243005914,0.23181336701124172,0.009673514648735617,,,,,,,,,,,,
204.82669133165845,,,0.1007494738237982,4.809901865777352,0.2314863784528437,0.009654500406900085,,,,,,,,,,,,
205.10019864170732,,,0.10054901143778844,4.807335277529919,0.23115985113409998,0.009635523539421816,,,,,,,,,,,,
205.37407116904387,,,0.1003489479140921,4.804770058827108,0.2308337844044008,0.009616583972837846,,,,,,,,,,,,
205.6483094013465,,,0.10014928245908841,4.802206208938125,0.23050817761405426,0.009597681633829642,,,,,,,,,,,,
205.92291382694523,,,0.09995001428073531,4.799643727132562,0.23018303011428423,0.009578816449222727,,,,,,,,,,,,
206.19788493482218,,,0.09975114258856685,4.7970826126804,0.22985834125722976,0.009559988345986476,,,,,,,,,,,,
206.47322321461198,,,0.09955266659368994,4.794522864852015,0.2295341103959444,0.009541197251233813,,,,,,,,,,,,
206.74892915660303,,,0.09935458550878133,4.791964482918171,0.22921033688439402,0.009522443092220967,,,,,,,,,,,,
207.02500325173912,,,0.09915689854808381,4.789407466150016,0.22888702007745515,0.00950372579634709,,,,,,,,,,,,
207.30144599161875,,,0.0989596049274042,4.786851813819095,0.2285641593309154,0.009485045291154083,,,,,,,,,,,,
207.57825786849764,,,0.09876270386410912,4.784297525197333,0.2282417540014699,0.009466401504326226,,,,,,,,,,,,
207.85543937528826,,,0.09856619457712268,4.781744599557049,0.227919803446722,0.009447794363690002,,,,,,,,,,,,
208.13299100556125,,,0.09837007628692322,4.779193036170951,0.22759830702518136,0.009429223797213724,,,,,,,,,,,,
208.41091325354668,,,0.09817434821553983,4.776642834312133,0.22727726409626178,0.009410689733007287,,,,,,,,,,,,
208.6892066141347,,,0.09797900958654948,4.774093993254073,0.22695667402028075,0.009392192099321878,,,,,,,,,,,,
208.96787158287572,,,0.0977840596250743,4.771546512270645,0.22663653615845866,0.009373730824549764,,,,,,,,,,,,
209.246908655982,,,0.0975894975577783,4.769000390636106,0.2263168498729168,0.009355305837223936,,,,,,,,,,,,
209.52631833032873,,,0.0973953226128637,4.766455627625101,0.2259976145266758,0.009336917066017846,,,,,,,,,,,,
209.80610110345464,,,0.09720153402006855,4.763912222512657,0.22567882948365472,0.009318564439745153,,,,,,,,,,,,
210.08625747356234,,,0.09700813101066376,4.761370174574195,0.22536049410867054,0.009300247887359444,,,,,,,,,,,,
210.36678793951998,,,0.09681511281744962,4.7588294830855205,0.22504260776743573,0.009281967337953974,,,,,,,,,,,,
210.64769300086158,,,0.09662247867475307,4.756290147322827,0.22472516982655788,0.009263722720761355,,,,,,,,,,,,
210.92897315778868,,,0.09643022781842431,4.75375216656269,0.2244081796535375,0.00924551396515329,,,,,,,,,,,,
211.21062891117066,,,0.09623835948583377,4.751215540082072,0.2240916366167671,0.009227341000640295,,,,,,,,,,,,
211.4926607625454,,,0.09604687291586977,4.748680267158323,0.22377554008553097,0.009209203756871493,,,,,,,,,,,,
211.77506921412038,,,0.09585576734893501,4.746146347069182,0.22345988943000272,0.009191102163634259,,,,,,,,,,,,
212.05785476877418,,,0.0956650420269432,4.743613779092764,0.22314468402124404,0.009173036150853964,,,,,,,,,,,,
212.34101793005686,,,0.09547469619331651,4.741082562507577,0.22282992323120376,0.009155005648593713,,,,,,,,,,,,
212.62455920219043,,,0.09528472909298266,4.738552696592511,0.2225156064327172,0.009137010587054123,,,,,,,,,,,,
212.90847909007024,,,0.09509513997237182,4.7360241806268455,0.22220173299950413,0.009119050896572983,,,,,,,,,,,,
213.1927780992662,,,0.09490592807941327,4.733497013890236,0.22188830230616738,0.009101126507624997,,,,,,,,,,,,
213.47745673602338,,,0.09471709266353265,4.730971195662728,0.221575313728192,0.009083237350821522,,,,,,,,,,,,
213.76251550726235,,,0.09452863297564935,4.7284467252247495,0.22126276664194433,0.009065383356910352,,,,,,,,,,,,
214.04795492058082,,,0.0943405482681731,4.725923601857115,0.22095066042467013,0.00904756445677536,,,,,,,,,,,,
214.33377548425412,,,0.09415283779500114,4.723401824841022,0.220638994454494,0.0090297805814363,,,,,,,,,,,,
214.61997770723661,,,0.09396550081151504,4.720881393458048,0.2203277681104171,0.009012031662048487,,,,,,,,,,,,
214.90656209916244,,,0.09377853657457796,4.718362306990154,0.22001698077231654,0.008994317629902555,,,,,,,,,,,,
215.19352917034564,,,0.09359194434253196,4.71584456471969,0.21970663182094488,0.008976638416424236,,,,,,,,,,,,
215.48087943178183,,,0.09340572337519475,4.713328165929388,0.21939672063792784,0.00895899395317402,,,,,,,,,,,,
215.76861339514934,,,0.09321987293385658,4.710813109902355,0.21908724660576304,0.008941384171846922,,,,,,,,,,,,
216.05673157280972,,,0.0930343922812774,4.708299395922086,0.2187782091078193,0.008923809004272198,,,,,,,,,,,,
216.3452344778083,,,0.09284928068168444,4.705787023272459,0.21846960752833555,0.008906268382413152,,,,,,,,,,,,
216.63412262387547,,,0.09266453740076885,4.703275991237736,0.2181614412524192,0.008888762238366788,,,,,,,,,,,,
216.92339652542805,,,0.09248016170568263,4.700766299102555,0.21785370966604478,0.008871290504363579,,,,,,,,,,,,
217.2130566975697,,,0.09229615286503585,4.698257946151937,0.21754641215605278,0.00885385311276719,,,,,,,,,,,,
217.50310365609158,,,0.09211251014889422,4.695750931671289,0.21723954811014906,0.00883644999607428,,,,,,,,,,,,
217.79353791747374,,,0.09192923282877552,4.693245254946396,0.21693311691690306,0.008819081086914145,,,,,,,,,,,,
218.08435999888567,,,0.09174632017764725,4.690740915263426,0.21662711796574677,0.008801746318048552,,,,,,,,,,,,
218.37557041818792,,,0.0915637714699232,4.688237911908926,0.216321550646973,0.008784445622371385,,,,,,,,,,,,
218.6671696939325,,,0.09138158598146084,4.685736244169822,0.21601641435173463,0.008767178932908444,,,,,,,,,,,,
218.95915834536342,,,0.09119976298955886,4.683235911333424,0.21571170847204388,0.008749946182817185,,,,,,,,,,,,
219.25153689241804,,,0.09101830177295367,4.680736912687422,0.21540743240077045,0.008732747305386455,,,,,,,,,,,,
219.54430585572854,,,0.09083720161181676,4.678239247519887,0.21510358553163997,0.008715582234036207,,,,,,,,,,,,
219.8374657566221,,,0.09065646178775176,4.675742915119263,0.21480016725923345,0.008698450902317257,,,,,,,,,,,,
220.1310171171218,,,0.090476081583792,4.673247914774381,0.2144971769789861,0.008681353243911078,,,,,,,,,,,,
220.4249604599476,,,0.09029606028439735,4.670754245774451,0.21419461408718615,0.00866428919262947,,,,,,,,,,,,
220.7192963085181,,,0.0901163971754512,4.66826190740906,0.21389247798097277,0.008647258682414324,,,,,,,,,,,,
221.01402518695062,,,0.08993709154425765,4.665770898968173,0.21359076805833555,0.008630261647337368,,,,,,,,,,,,
221.30914762006202,,,0.0897581426795393,4.663281219742135,0.2132894837181137,0.008613298021599962,,,,,,,,,,,,
221.60466413337016,,,0.08957954987143378,4.660792869021672,0.21298862435999433,0.00859636773953275,,,,,,,,,,,,
221.9005752530944,,,0.08940131241149131,4.658305846097888,0.21268818938451134,0.008579470735595509,,,,,,,,,,,,
222.19688150615715,,,0.08922342959267142,4.655820150262262,0.21238817819304381,0.00856260694437679,,,,,,,,,,,,
222.49358342018454,,,0.0890459007093405,4.653335780806651,0.2120885901878154,0.008545776300593732,,,,,,,,,,,,
222.7906815235067,,,0.0888687250572691,4.6508527370232935,0.21178942477189325,0.008528978739091794,,,,,,,,,,,,
223.0881763451593,,,0.08869190193362908,4.6483710182048075,0.21149068134918647,0.008512214194844539,,,,,,,,,,,,
223.38606841488487,,,0.08851543063699045,4.64589062364418,0.21119235932444475,0.008495482602953294,,,,,,,,,,,,
223.6843582631333,,,0.08833931046731884,4.643411552634781,0.21089445810325727,0.008478783898646963,,,,,,,,,,,,
223.9830464210624,,,0.08816354072597303,4.640933804470357,0.2105969770920521,0.008462118017281773,,,,,,,,,,,,
224.2821334205391,,,0.08798812071570192,4.638457378445036,0.21029991569809472,0.008445484894341047,,,,,,,,,,,,
224.5816197941412,,,0.08781304974064136,4.635982273853312,0.21000327332948612,0.008428884465434855,,,,,,,,,,,,
224.88150607515746,,,0.08763832710631188,4.633508489990061,0.2097070493951623,0.008412316666299857,,,,,,,,,,,,
225.1817927975884,,,0.08746395211961606,4.6310360261505386,0.2094112433048933,0.008395781432799064,,,,,,,,,,,,
225.4824804961478,,,0.08728992408883542,4.628564881630371,0.2091158544692817,0.008379278700921509,,,,,,,,,,,,
225.78356970626322,,,0.08711624232362795,4.626095055725568,0.20882088229976145,0.00836280840678209,,,,,,,,,,,,
226.08506096407763,,,0.08694290613502484,4.6236265477325045,0.20852632620859657,0.008346370486621235,,,,,,,,,,,,
226.38695480644995,,,0.08676991483542827,4.621159356947936,0.20823218560887988,0.008329964876804704,,,,,,,,,,,,
226.68925177095545,,,0.08659726773860874,4.618693482668993,0.2079384599145325,0.008313591513823347,,,,,,,,,,,,
226.99195239588732,,,0.08642496415970218,4.6162289241931855,0.20764514854030244,0.008297250334292872,,,,,,,,,,,,
227.29505722025795,,,0.08625300341520688,4.613765680818393,0.2073522509017627,0.008280941274953534,,,,,,,,,,,,
227.59856678379944,,,0.08608138482298122,4.611303751842866,0.20705976641531068,0.008264664272669935,,,,,,,,,,,,
227.9024816269642,,,0.08591010770224093,4.608843136565238,0.2067676944981673,0.00824841926443079,,,,,,,,,,,,
228.20680229092628,,,0.08573917137355645,4.6063838342845145,0.20647603456837574,0.008232206187348693,,,,,,,,,,,,
228.51152931758287,,,0.08556857515884977,4.603925844300073,0.20618478604479953,0.008216024978659803,,,,,,,,,,,,
228.8166632495547,,,0.08539831838139207,4.601469165911662,0.20589394834712188,0.008199875575723662,,,,,,,,,,,,
229.12220463018662,,,0.08522840036580129,4.59901379841941,0.20560352089584513,0.008183757916022943,,,,,,,,,,,,
229.4281540035493,,,0.08505882043803908,4.596559741123816,0.20531350311228877,0.008167671937163218,,,,,,,,,,,,
229.73451191443962,,,0.08488957792540827,4.594106993325752,0.20502389441858865,0.008151617576872688,,,,,,,,,,,,
230.04127890838242,,,0.08472067215654999,4.591655554326466,0.20473469423769558,0.008135594773001947,,,,,,,,,,,,
230.348455531631,,,0.08455210246144117,4.589205423427571,0.20444590199337412,0.008119603463523747,,,,,,,,,,,,
230.65604233116758,,,0.08438386817139211,4.586756599931061,0.20415751711020205,0.008103643586532771,,,,,,,,,,,,
230.96403985470477,,,0.08421596861904371,4.584309083139301,0.20386953901356905,0.008087715080245406,,,,,,,,,,,,
231.27244865068707,,,0.08404840313836429,4.581862872355025,0.2035819671296747,0.008071817882999443,,,,,,,,,,,,
231.58126926829127,,,0.08388117106464751,4.579417966881338,0.20329480088552795,0.008055951933253879,,,,,,,,,,,,
231.89050225742704,,,0.08371427173450988,4.576974366021722,0.20300803970894662,0.00804011716958869,,,,,,,,,,,,
232.2001481687383,,,0.08354770448588775,4.574532069080031,0.20272168302855548,0.0080243135307046,,,,,,,,,,,,
232.5102075536048,,,0.08338146865803461,4.572091075360484,0.20243573027378478,0.00800854095542278,,,,,,,,,,,,
232.82068096414253,,,0.08321556359151867,4.569651384167676,0.20215018087486972,0.00799279938268467,,,,,,,,,,,,
233.13156895320418,,,0.08304998862822033,4.567212994806571,0.20186503426284966,0.007977088751551726,,,,,,,,,,,,
233.442872074381,,,0.08288474311132946,4.564775906582507,0.20158028986956608,0.007961409001205203,,,,,,,,,,,,
233.75459088200316,,,0.08271982638534289,4.562340118801191,0.20129594712766238,0.007945760070945891,,,,,,,,,,,,
234.06672593114158,,,0.08255523779606144,4.559905630768698,0.20101200547058162,0.007930141900193876,,,,,,,,,,,,
234.37927777760828,,,0.08239097669058763,4.557472441791475,0.20072846433256614,0.00791455442848831,,,,,,,,,,,,
234.69224697795704,,,0.08222704241732333,4.555040551176341,0.20044532314865662,0.007898997595487236,,,,,,,,,,,,
235.00563408948483,,,0.08206343432596677,4.5526099582304855,0.20016258135469084,0.00788347134096727,,,,,,,,,,,,
235.3194396702332,,,0.08190015176750996,4.550180662261463,0.1998802383873018,0.007867975604823402,,,,,,,,,,,,
235.6336642789889,,,0.08173719409423626,4.547752662577196,0.19959829368391716,0.007852510327068763,,,,,,,,,,,,
235.94830847528436,,,0.08157456065971798,4.545325958485986,0.19931674668275873,0.007837075447834402,,,,,,,,,,,,
236.26337281939914,,,0.08141225081881369,4.5429005492964984,0.1990355968228405,0.00782167090736907,,,,,,,,,,,,
236.57885787236168,,,0.08125026392766523,4.540476434317762,0.19875484354396727,0.007806296646038914,,,,,,,,,,,,
236.8947641959486,,,0.08108859934369592,4.538053612859185,0.19847448628673492,0.007790952604327344,,,,,,,,,,,,
237.21109235268761,,,0.08092725642560727,4.535632084230534,0.19819452449252747,0.007775638722834708,,,,,,,,,,,,
237.52784290585694,,,0.08076623453337711,4.53321184774195,0.19791495760351754,0.007760354942278165,,,,,,,,,,,,
237.8450164194868,,,0.08060553302825672,4.530792902703941,0.1976357850626647,0.0077451012034913695,,,,,,,,,,,,
238.16261345836122,,,0.08044515127276809,4.528375248427383,0.19735700631371372,0.007729877447424271,,,,,,,,,,,,
238.48063458801826,,,0.08028508863070151,4.525958884223516,0.19707862080119407,0.007714683615142876,,,,,,,,,,,,
238.79908037475073,,,0.08012534446711349,4.523543809403952,0.19680062797041925,0.007699519647829073,,,,,,,,,,,,
239.1179513856076,,,0.07996591814832388,4.521130023280671,0.196523027267485,0.007684385486780338,,,,,,,,,,,,
239.43724818839553,,,0.07980680904191308,4.518717525166018,0.19624581813926809,0.007669281073409527,,,,,,,,,,,,
239.75697135167934,,,0.07964801651671988,4.5163063143727005,0.19596900003342543,0.007654206349244645,,,,,,,,,,,,
240.0771214447826,,,0.07948953994283914,4.5138963902138,0.19569257239839363,0.00763916125592867,,,,,,,,,,,,
240.39769903778912,,,0.07933137869161895,4.511487752002764,0.1954165346833871,0.007624145735219261,,,,,,,,,,,,
240.71870470154462,,,0.07917353213565799,4.509080399053401,0.19514088633839663,0.007609159728988545,,,,,,,,,,,,
241.0401390076562,,,0.07901599964880372,4.506674330679892,0.19486562681418979,0.007594203179222933,,,,,,,,,,,,
241.3620025284951,,,0.07885878060614898,4.5042695461967766,0.1945907555623078,0.0075792760280228326,,,,,,,,,,,,
241.68429583719623,,,0.07870187438403038,4.501866044918966,0.1943162720350664,0.007564378217602501,,,,,,,,,,,,
242.0070195076597,,,0.07854528036002546,4.499463826161739,0.1940421756855537,0.0075495096902897605,,,,,,,,,,,,
242.33017411455248,,,0.07838899791294984,4.4970628892407305,0.19376846596762895,0.00753467038852578,,,,,,,,,,,,
242.653760233309,,,0.07823302642285525,4.4946632334719485,0.19349514233592166,0.007519860254864864,,,,,,,,,,,,
242.97777844013143,,,0.07807736527102711,4.492264858171763,0.19322220424583117,0.0075050792319742675,,,,,,,,,,,,
243.30222931199148,,,0.07792201383998196,4.489867762656912,0.19294965115352494,0.007490327262633916,,,,,,,,,,,,
243.62711342663167,,,0.07776697151346465,4.487471946244492,0.19267748251593708,0.007475604289736199,,,,,,,,,,,,
243.9524313625661,,,0.07761223767644627,4.485077408251969,0.1924056977907679,0.007460910256285749,,,,,,,,,,,,
244.27818369908078,,,0.07745781171512178,4.48268414799717,0.19213429643648292,0.007446245105399267,,,,,,,,,,,,
244.60437101623555,,,0.0773036930169074,4.48029216479829,0.19186327791231128,0.007431608780305227,,,,,,,,,,,,
244.93099389486454,,,0.07714988097043829,4.4779014579738865,0.19159264167824536,0.007417001224343727,,,,,,,,,,,,
245.25805291657798,,,0.07699637496556586,4.4755120268428765,0.1913223871950386,0.007402422380966202,,,,,,,,,,,,
245.58554866376272,,,0.07684317439335553,4.473123870724543,0.19105251392420516,0.007387872193735243,,,,,,,,,,,,
245.9134817195828,,,0.07669027864608446,4.470736988938534,0.19078302132801933,0.0073733506063243925,,,,,,,,,,,,
246.2418526679809,,,0.07653768711723914,4.4683513808048625,0.19051390886951367,0.0073588575625179046,,,,,,,,,,,,
246.57066209368008,,,0.07638539920151254,4.4659670456438985,0.19024517601247784,0.007344393006210519,,,,,,,,,,,,
246.89991058218402,,,0.07623341429480202,4.463583982776374,0.18997682222145798,0.007329956881407248,,,,,,,,,,,,
247.22959871977787,,,0.07608173179420719,4.461202191523389,0.1897088469617558,0.007315549132223201,,,,,,,,,,,,
247.55972709352955,,,0.07593035109802729,4.4588216712064055,0.18944124969942716,0.007301169702883319,,,,,,,,,,,,
247.89029629129146,,,0.07577927160575838,4.456442421147246,0.18917402990128096,0.007286818537722161,,,,,,,,,,,,
248.22130690170098,,,0.07562849271809154,4.454064440668089,0.18890718703487797,0.007272495581183697,,,,,,,,,,,,
248.55275951418093,,,0.07547801383691044,4.451687729091484,0.1886407205685304,0.007258200777821135,,,,,,,,,,,,
248.8846547189415,,,0.07532783436528871,4.449312285740338,0.18837462997130042,0.007243934072296631,,,,,,,,,,,,
249.2169931069807,,,0.07517795370748784,4.44693810993792,0.18810891471299915,0.007229695409381151,,,,,,,,,,,,
249.54977527008631,,,0.07502837126895445,4.44456520100786,0.18784357426418527,0.007215484733954182,,,,,,,,,,,,
249.88300180083618,,,0.07487908645631806,4.442193558274145,0.18757860809616417,0.007201301991003562,,,,,,,,,,,,
250.21667329259904,,,0.07473009867738915,4.4398231810611275,0.1873140156809876,0.00718714712562527,,,,,,,,,,,,
250.55079033953592,,,0.07458140734115644,4.437454068693521,0.18704979649145181,0.007173020083023226,,,,,,,,,,,,
250.88535353660177,,,0.07443301185778438,4.435086220496398,0.18678595000109638,0.007158920808509018,,,,,,,,,,,,
251.2203634795459,,,0.07428491163861103,4.432719635795187,0.18652247568420355,0.007144849247501739,,,,,,,,,,,,
251.55582076491277,,,0.07413710609614596,4.430354313915681,0.18625937301579745,0.0071308053455277735,,,,,,,,,,,,
251.89172599004328,,,0.0739895946440676,4.427990254184037,0.18599664147164277,0.0071167890482206,,,,,,,,,,,,
252.2280797530765,,,0.07384237669722081,4.42562745592676,0.18573428052824326,0.007102800301320532,,,,,,,,,,,,
252.56488265295033,,,0.07369545167161477,4.423265918470722,0.18547228966284107,0.007088839050674512,,,,,,,,,,,,
252.90213528940174,,,0.07354881898442082,4.420905641143156,0.18521066835341612,0.007074905242235986,,,,,,,,,,,,
253.2398382629689,,,0.07340247805396993,4.418546623271648,0.1849494160786846,0.007060998822064587,,,,,,,,,,,,
253.57799217499158,,,0.07325642829975036,4.41618886418415,0.184688532318098,0.007047119736326014,,,,,,,,,,,,
253.9165976276131,,,0.07311066914240535,4.4138323632089635,0.18442801655184188,0.007033267931291743,,,,,,,,,,,,
254.2556552237808,,,0.07296520000373086,4.411477119674755,0.18416786826083492,0.0070194433533388645,,,,,,,,,,,,
254.5951655672466,,,0.07282002030667349,4.4091231329105485,0.18390808692672847,0.007005645948949883,,,,,,,,,,,,
254.9351292625686,,,0.07267512947532807,4.4067704022457255,0.18364867203190488,0.006991875664712513,,,,,,,,,,,,
255.27554691511278,,,0.07253052693493509,4.404418927010024,0.1833896230594765,0.0069781324473194226,,,,,,,,,,,,
255.61641913105342,,,0.07238621211187854,4.402068706533538,0.1831309394932846,0.006964416243568067,,,,,,,,,,,,
255.9577465173737,,,0.07224218443368406,4.399719740146725,0.18287262081789893,0.0069507270003604845,,,,,,,,,,,,
256.2995296818673,,,0.07209844332901637,4.397372027180398,0.18261466651861635,0.006937064664703104,,,,,,,,,,,,
256.64176923314,,,0.07195498822767668,4.395025566965723,0.18235707608145937,0.00692342918370648,,,,,,,,,,,,
256.98446578061044,,,0.07181181856060079,4.392680358834222,0.18209984899317544,0.006909820504585138,,,,,,,,,,,,
257.32761993451015,,,0.071668933759857,4.3903364021177795,0.1818429847412363,0.0068962385746573615,,,,,,,,,,,,
257.6712323058862,,,0.07152633325864344,4.387993696148636,0.1815864828138367,0.006882683341345003,,,,,,,,,,,,
258.0153035066009,,,0.0713840164912862,4.385652240259388,0.18133034269989326,0.006869154752173245,,,,,,,,,,,,
258.35983414933446,,,0.07124198289323665,4.383312033782983,0.1810745638890433,0.00685565275477041,,,,,,,,,,,,
258.704824847585,,,0.07110023190106947,4.380973076052725,0.180819145871644,0.006842177296867759,,,,,,,,,,,,
259.05027621566944,,,0.07095876295248063,4.378635366402282,0.18056408813877167,0.006828728326299304,,,,,,,,,,,,
259.39618886872495,,,0.0708175754862848,4.37629890416567,0.18030939018222075,0.00681530579100161,,,,,,,,,,,,
259.7425634227106,,,0.07067666894241317,4.373963688677264,0.18005505149450196,0.006801909639013548,,,,,,,,,,,,
260.08940049440804,,,0.07053604276191126,4.371629719271791,0.17980107156884195,0.006788539818476127,,,,,,,,,,,,
260.4367007014219,,,0.07039569638693696,4.369296995284334,0.1795474498991825,0.006775196277632298,,,,,,,,,,,,
260.78446466218156,,,0.07025562926075808,4.366965516050335,0.17929418598017938,0.006761878964826767,,,,,,,,,,,,
261.13269299594276,,,0.07011584082775003,4.364635280905586,0.17904127930720065,0.0067485878285057374,,,,,,,,,,,,
261.481386322788,,,0.06997633053339362,4.362306289186232,0.17878872937632626,0.006735322817216756,,,,,,,,,,,,
261.8305452636274,,,0.06983709782427332,4.359978540228776,0.17853653568434735,0.006722083879608509,,,,,,,,,,,,
262.18017044020036,,,0.0696981421480746,4.3576520333700755,0.1782846977287647,0.006708870964430634,,,,,,,,,,,,
262.53026247507626,,,0.06955946295358198,4.355326767947339,0.17803321500778796,0.006695684020533491,,,,,,,,,,,,
262.8808219916564,,,0.06942105969067652,4.353002743298133,0.1777820870203344,0.006682522996867973,,,,,,,,,,,,
263.23184961417434,,,0.0692829318103339,4.350679958760368,0.17753131326602803,0.006669387842485311,,,,,,,,,,,,
263.5833459676969,,,0.06914507876462231,4.348358413672319,0.1772808932451989,0.006656278506536911,,,,,,,,,,,,
263.93531167812534,,,0.06900750000670025,4.34603810737261,0.17703082645888218,0.006643194938274109,,,,,,,,,,,,
264.2877473721973,,,0.06887019499081408,4.343719039200214,0.17678111240881625,0.006630137087047984,,,,,,,,,,,,
264.6406536774874,,,0.06873316317229598,4.34140120849446,0.1765317505974423,0.006617104902309172,,,,,,,,,,,,
264.9940312224076,,,0.06859640400756213,4.3390846145950315,0.176282740527904,0.006604098333607674,,,,,,,,,,,,
265.347880636209,,,0.06845991695411031,4.336769256841963,0.17603408170404558,0.006591117330592677,,,,,,,,,,,,
265.7022025489836,,,0.0683237014705174,4.334455134575639,0.17578577363041092,0.006578161843012303,,,,,,,,,,,,
266.0569975916647,,,0.06818775701643764,4.332142247136795,0.17553781581224268,0.006565231820713456,,,,,,,,,,,,
266.41226639602746,,,0.06805208305260063,4.329830593866524,0.1752902077554819,0.006552327213641628,,,,,,,,,,,,
266.768009594691,,,0.0679166790408088,4.327520174106266,0.1750429489667662,0.00653944797184071,,,,,,,,,,,,
267.12422782111906,,,0.0677815444439356,4.325210987197817,0.17479603895342946,0.0065265940454527745,,,,,,,,,,,,
267.48092170962155,,,0.0676466787259229,4.322903032483317,0.17454947722349998,0.006513765384717887,,,,,,,,,,,,
267.83809189535543,,,0.06751208135177929,4.3205963093052615,0.17430326328570012,0.006500961939973917,,,,,,,,,,,,
268.19573901432545,,,0.06737775178757796,4.318290817006496,0.17405739664944547,0.00648818366165638,,,,,,,,,,,,
268.5538637033854,,,0.06724368950045453,4.315986554930221,0.17381187682484384,0.006475430500298195,,,,,,,,,,,,
268.91246660024007,,,0.0671098939586046,4.313683522419981,0.1735667033226935,0.00646270240652951,,,,,,,,,,,,
269.27154834344583,,,0.06697636463128198,4.31138171881967,0.1733218756544828,0.006449999331077505,,,,,,,,,,,,
269.63110957241116,,,0.06684310098879657,4.309081143473539,0.1730773933323896,0.006437321224766247,,,,,,,,,,,,
269.99115092739834,,,0.06671010250251237,4.306781795726185,0.1728332558692799,0.006424668038516437,,,,,,,,,,,,
270.3516730495251,,,0.06657736864484491,4.304483674922556,0.1725894627787063,0.006412039723345245,,,,,,,,,,,,
270.7126765807654,,,0.0664448988892595,4.302186780407945,0.17234601357490778,0.006399436230366122,,,,,,,,,,,,
271.0741621639497,,,0.0663126927102693,4.299891111528,0.17210290777280873,0.006386857510788612,,,,,,,,,,,,
271.43613044276725,,,0.06618074958343295,4.297596667628716,0.17186014488801762,0.006374303515918179,,,,,,,,,,,,
271.7985820617665,,,0.06604906898535258,4.295303448056438,0.17161772443682646,0.006361774197155986,,,,,,,,,,,,
272.16151766635716,,,0.06591765039367167,4.2930114521578595,0.17137564593620908,0.0063492695059987145,,,,,,,,,,,,
272.5249379028107,,,0.06578649328707295,4.290720679280017,0.17113390890382066,0.006336789394038381,,,,,,,,,,,,
272.88884341826105,,,0.06565559714527666,4.288431128770306,0.17089251285799728,0.006324333812962179,,,,,,,,,,,,
273.25323486070624,,,0.06552496144903823,4.286142799976462,0.17065145731775422,0.006311902714552253,,,,,,,,,,,,
273.6181128790102,,,0.06539458568014606,4.283855692246573,0.17041074180278504,0.006299496050685512,,,,,,,,,,,,
273.9834781229032,,,0.06526446932141958,4.281569804929069,0.17017036583346062,0.006287113773333454,,,,,,,,,,,,
274.34933124298266,,,0.06513461185670752,4.279285137372735,0.169930328930829,0.0062747558345620106,,,,,,,,,,,,
274.7156728907146,,,0.06500501277088558,4.277001688926701,0.16969063061661357,0.006262422186531316,,,,,,,,,,,,
275.0825037184359,,,0.06487567154985413,4.2747194589404405,0.16945127041321192,0.006250112781495515,,,,,,,,,,,,
275.44982437935334,,,0.06474658768053684,4.272438446763779,0.16921224784369615,0.006237827571802651,,,,,,,,,,,,
275.81763552754717,,,0.0646177606508778,4.270158651746886,0.1689735624318102,0.006225566509894385,,,,,,,,,,,,
276.18593781797,,,0.06448918994984033,4.2678800732402795,0.16873521370197048,0.0062133295483058765,,,,,,,,,,,,
276.55473190644915,,,0.06436087506740451,4.265602710594826,0.16849720117926417,0.00620111663966561,,,,,,,,,,,,
276.9240184496882,,,0.06423281549456503,4.263326563161732,0.168259524389448,0.0061889277366951306,,,,,,,,,,,,
277.2937981052677,,,0.06410501072332934,4.261051630292553,0.1680221828589476,0.0061767627922089344,,,,,,,,,,,,
277.6640715316455,,,0.06397746024671593,4.258777911339195,0.16778517611485716,0.006164621759114288,,,,,,,,,,,,
278.03483938815896,,,0.06385016355875187,4.256505405653907,0.16754850368493773,0.006152504590411008,,,,,,,,,,,,
278.4061023350263,,,0.0637231201544709,4.254234112589279,0.16731216509761615,0.006140411239191284,,,,,,,,,,,,
278.7778610333472,,,0.06359632952991148,4.251964031498251,0.16707615988198463,0.006128341658639506,,,,,,,,,,,,
279.1501161451039,,,0.063469791182115,4.24969516173411,0.16684048756779973,0.006116295802032111,,,,,,,,,,,,
279.5228683331622,,,0.06334350460912355,4.247427502650487,0.16660514768548146,0.00610427362273736,,,,,,,,,,,,
279.8961182612742,,,0.06321746930997778,4.245161053601351,0.16637013976611173,0.006092275074215156,,,,,,,,,,,,
280.2698665940769,,,0.06309168478471534,4.242895813941028,0.16613546334143445,0.00608030011001692,,,,,,,,,,,,
280.64411399709616,,,0.0629661505343684,4.240631783024177,0.1659011179438534,0.006068348683785334,,,,,,,,,,,,
281.0188611367456,,,0.06284086606096216,4.238368960205806,0.1656671031064325,0.006056420749254214,,,,,,,,,,,,
281.3941086803287,,,0.0627158308675127,4.2361073448412725,0.1654334183628943,0.006044516260248337,,,,,,,,,,,,
281.7698572960405,,,0.0625910444580247,4.2338469362862705,0.16520006324761863,0.006032635170683213,,,,,,,,,,,,
282.1461076529684,,,0.062466506337489805,4.231587733896838,0.16496703729564227,0.0060207774345649384,,,,,,,,,,,,
282.5228604210926,,,0.06234221601188466,4.229329737029361,0.16473434004265805,0.006008943005990024,,,,,,,,,,,,
282.90011627128797,,,0.062218172988168965,4.227072945040566,0.16450197102501382,0.005997131839145224,,,,,,,,,,,,
283.2778758753258,,,0.06209437677428322,4.2248173572875265,0.16426992977971108,0.005985343888307316,,,,,,,,,,,,
283.6561399058742,,,0.061970826879146984,4.222562973127651,0.16403821584440448,0.005973579107842955,,,,,,,,,,,,
284.0349090364993,,,0.06184752281265712,4.220309791918699,0.16380682875740102,0.0059618374522085035,,,,,,,,,,,,
284.41418394166635,,,0.061724464085685576,4.2180578130187705,0.16357576805765917,0.005950118875949848,,,,,,,,,,,,
284.79396529674216,,,0.06160165021007735,4.2158070357863044,0.16334503328478703,0.0059384233337021934,,,,,,,,,,,,
285.1742537779943,,,0.06147908069864905,4.213557459580089,0.1631146239790429,0.005926750780189956,,,,,,,,,,,,
285.5550500625943,,,0.06135675506518627,4.211309083759247,0.1628845396813328,0.005915101170226502,,,,,,,,,,,,
285.93635482861737,,,0.06123467282444232,4.209061907683247,0.16265477993321104,0.005903474458714038,,,,,,,,,,,,
286.3181687550439,,,0.06111283349213602,4.2068159307119,0.16242534427687835,0.0058918706006434295,,,,,,,,,,,,
286.70049252176165,,,0.06099123658494952,4.20457115220536,0.16219623225518104,0.005880289551093983,,,,,,,,,,,,
287.0833268095662,,,0.06086988162052669,4.202327571524114,0.16196744341161023,0.005868731265233309,,,,,,,,,,,,
287.46667230016163,,,0.060748768117471354,4.200085188029,0.16173897729030132,0.005857195698317141,,,,,,,,,,,,
287.85052967616224,,,0.06062789559534513,4.1978440010811955,0.1615108334360327,0.005845682805689186,,,,,,,,,,,,
288.23489962109454,,,0.0605072635746654,4.195604010042214,0.1612830113942246,0.005834192542780894,,,,,,,,,,,,
288.61978281939764,,,0.06038687157690361,4.193365214273911,0.1610555107109384,0.005822724865111325,,,,,,,,,,,,
289.0051799564241,,,0.06026671912448344,4.191127613138485,0.16082833093287616,0.0058112797282869775,,,,,,,,,,,,
289.39109171844194,,,0.0601468057407788,4.188891205998475,0.16060147160737925,0.005799857088001621,,,,,,,,,,,,
289.7775187926351,,,0.060027130950112,4.18665599221676,0.16037493228242758,0.005788456900036101,,,,,,,,,,,,
290.1644618671059,,,0.05990769427775165,4.1844219711565565,0.1601487125066384,0.005777079120258177,,,,,,,,,,,,
290.55192163087537,,,0.05978849524991096,4.18218914218142,0.15992281182926568,0.0057657237046223496,,,,,,,,,,,,
290.9398987738841,,,0.059669533393745915,4.17995750465525,0.15969722980019957,0.005754390609169706,,,,,,,,,,,,
291.328393986994,,,0.05955080823735344,4.177727057942286,0.15947196596996494,0.005743079790027754,,,,,,,,,,,,
291.71740796198986,,,0.05943231930976917,4.175497801407099,0.15924701988972062,0.005731791203410209,,,,,,,,,,,,
292.10694139158045,,,0.05931406614096586,4.173269734414605,0.15902239111125835,0.0057205248056168565,,,,,,,,,,,,
292.4969949693989,,,0.05919604826185164,4.171042856330059,0.15879807918700248,0.005709280553033387,,,,,,,,,,,,
292.88756939000433,,,0.05907826520426802,4.168817166519056,0.15857408367000878,0.005698058402131236,,,,,,,,,,,,
293.27866534888426,,,0.05896071650098776,4.166592664347525,0.15835040411396303,0.005686858309467369,,,,,,,,,,,,
293.6702835424546,,,0.05884340168571335,4.164369349181733,0.15812704007318062,0.00567568023168415,,,,,,,,,,,,
294.0624246680608,,,0.05872632029307522,4.162147220388291,0.15790399110260586,0.005664524125509171,,,,,,,,,,,,
294.4550894239797,,,0.05860947185862967,4.159926277334142,0.15768125675781086,0.005653389947755093,,,,,,,,,,,,
294.84827850942014,,,0.05849285591885721,4.157706519386573,0.15745883659499454,0.005642277655319455,,,,,,,,,,,,
295.2419926245255,,,0.05837647201116043,4.155487945913204,0.15723673017098178,0.005631187205184509,,,,,,,,,,,,
295.6362324703738,,,0.05826031967386232,4.15327055628199,0.15701493704322236,0.005620118554417061,,,,,,,,,,,,
296.0309987489787,,,0.0581443984462047,4.151054349861231,0.15679345676979067,0.005609071660168333,,,,,,,,,,,,
296.42629216329135,,,0.05802870786834616,4.148839326019558,0.15657228890938463,0.005598046479673754,,,,,,,,,,,,
296.82211341720205,,,0.05791324748136004,4.146625484125942,0.15635143302132415,0.005587042970252802,,,,,,,,,,,,
297.21846321554114,,,0.057798016827232845,4.144412823549687,0.1561308886655508,0.005576061089308854,,,,,,,,,,,,
297.6153422640794,,,0.05768301544886257,4.142201343660437,0.15591065540262716,0.005565100794329016,,,,,,,,,,,,
298.01275126953004,,,0.057568242890056645,4.139991043828173,0.15569073279373585,0.005554162042883974,,,,,,,,,,,,
298.41069093955065,,,0.05745369869553009,4.13778192342321,0.1554711204006779,0.005543244792627787,,,,,,,,,,,,
298.8091619827437,,,0.057339382410903784,4.135573981816198,0.15525181778587258,0.005532349001297755,,,,,,,,,,,,
299.2081651086572,,,0.05722529358270287,4.133367218378125,0.15503282451235678,0.005521474626714253,,,,,,,,,,,,
299.60770102778713,,,0.05711143175835471,4.131161632480314,0.15481414014378347,0.005510621626780575,,,,,,,,,,,,
300.0077704515777,,0.7005872873487803,0.05699766006220562,4.128775783925954,0.15459413361472543,0.00549977044554788,,,,,,,,,,,,
300.40837409242374,,0.6999326475295743,0.05687723706772888,4.117240699326555,0.1542922002521615,0.005487956825104649,,,,,,,,,,,,
300.8095126636714,,0.6992786194161477,0.05675706849944399,4.105737841756096,0.1539908565869765,0.0054761685805619804,,,,,,,,,,,,
301.2111868796189,,0.6986252024369132,0.05663715381980676,4.09426712117785,0.1536901014674497,0.005464405657411918,,,,,,,,,,,,
301.613397455518,,0.697972396020818,0.05651749249240881,4.082828447806633,0.15338993374410967,0.005452668001263607,,,,,,,,,,,,
302.0161451075763,,0.6973201995973417,0.05639808398197479,4.071421732108088,0.15309035226972953,0.005440955557842987,,,,,,,,,,,,
302.4194305529578,,0.6966686125964971,0.05627892775436031,4.0600468847980045,0.15279135589932308,0.0054292682729925905,,,,,,,,,,,,
302.82325450978345,,0.6960176344488307,0.05616002327654967,4.048703816841629,0.15249294349014078,0.005417606092671307,,,,,,,,,,,,
303.2276176971331,,0.6953672645854209,0.056041370016653304,4.0373924394529626,0.15219511390166496,0.005405968962954091,,,,,,,,,,,,
303.6325208350475,,0.6947175024378766,0.05592296744390525,4.026112664094035,0.15189786599560504,0.00539435683003172,,,,,,,,,,,,
304.03796464452876,,0.6940683474383382,0.05580481502866089,4.014864402474242,0.1516011986358935,0.005382769640210558,,,,,,,,,,,,
304.44394984754126,,0.6934197990194776,0.05568691224239488,4.003647566549658,0.1513051106886822,0.00537120733991231,,,,,,,,,,,,
304.85047716701365,,0.692771856614496,0.05556925855769837,3.992462068522336,0.1510096010223372,0.005359669875673777,,,,,,,,,,,,
305.25754732683964,,0.6921245196571251,0.05545185344827692,3.9813078208396235,0.1507146685074351,0.005348157194146589,,,,,,,,,,,,
305.66516105188015,,0.6914777875816246,0.055334696388947835,3.970184736193462,0.15042031201675757,0.005336669242096966,,,,,,,,,,,,
306.07331906796406,,0.6908316598227828,0.055217786855638,3.9590927275197143,0.15012653042528815,0.005325205966405475,,,,,,,,,,,,
306.4820221018888,,0.6901861358159173,0.05510112432538181,3.9480317079975022,0.14983332261020788,0.005313767314066789,,,,,,,,,,,,
306.89127088142226,,0.689541214996873,0.05498470827631847,3.9370015910485128,0.14954068745089083,0.0053023532321894535,,,,,,,,,,,,
307.3010661353049,,0.6888968968020214,0.05486853818768961,3.9260022903362986,0.14924862382889922,0.0052909636679956,,,,,,,,,,,,
307.7114085932501,,0.6882531806682602,0.05475261353983711,3.915033719765621,0.14895713062797977,0.005279598568820733,,,,,,,,,,,,
308.1222989859452,,0.6876100660330148,0.05463693381420094,3.9040957934817944,0.14866620673405956,0.005268257882113486,,,,,,,,,,,,
308.5337380450529,,0.6869675523342357,0.05452149849331667,3.893188425869997,0.14837585103524173,0.005256941555435396,,,,,,,,,,,,
308.945726503214,,0.6863256390103981,0.054406307060812946,3.8823115315545813,0.14808606242180053,0.005245649536460597,,,,,,,,,,,,
309.3582650940472,,0.6856843255005015,0.05429135900140948,3.871465025398427,0.14779683978617755,0.0052343817729756355,,,,,,,,,,,,
309.7713545521504,,0.6850436112440711,0.05417665380091474,3.860648822502286,0.14750818202297802,0.005223138212879234,,,,,,,,,,,,
310.1849956131026,,0.6844034956811547,0.05406219094622351,3.849862838204097,0.1472200880289658,0.005211918804182003,,,,,,,,,,,,
310.5991890134648,,0.6837639782523242,0.05394796992531472,3.8391069880783397,0.1469325567030597,0.0052007234950062564,,,,,,,,,,,,
311.01393549078216,,0.6831250583986732,0.05383399022724892,3.828381187935345,0.14664558694632865,0.005189552233585717,,,,,,,,,,,,
311.42923578358466,,0.6824867355618175,0.053720251342166125,3.817685353820657,0.1463591776619877,0.00517840496826529,,,,,,,,,,,,
311.8450906313878,,0.6818490091838957,0.05360675276128384,3.80701940201439,0.14607332775539464,0.0051672816475008794,,,,,,,,,,,,
312.2615007746946,,0.6812118787075677,0.0534934939768944,3.796383249030556,0.14578803613404498,0.005156182219859083,,,,,,,,,,,,
312.67846695499753,,0.680575343576013,0.05338047448236268,3.7857768116163966,0.14550330170756767,0.005145106634016975,,,,,,,,,,,,
313.0959899147791,,0.6799394032329318,0.05326769377212398,3.7752000067517475,0.1452191233877212,0.005134054838761872,,,,,,,,,,,,
313.51407039751285,,0.6793040571225446,0.05315515134168187,3.764652751648407,0.14493550008838987,0.005123026782991104,,,,,,,,,,,,
313.9327091476647,,0.6786693046895916,0.0530428466876058,3.7541349637494648,0.14465243072557932,0.0051120224157117835,,,,,,,,,,,,
314.35190691069573,,0.6780351453793309,0.052930779307528784,3.7436465607286467,0.14436991421741177,0.00510104168604053,,,,,,,,,,,,
314.7716644330621,,0.6774015786375384,0.05281894870014511,3.733187460489683,0.14408794948412249,0.00509008454320327,,,,,,,,,,,,
315.1919824622163,,0.6767686039105096,0.052707354365208424,3.7227575811656846,0.14380653544805602,0.0050791509365349955,,,,,,,,,,,,
315.6128617466091,,0.6761362206450565,0.05259599580352918,3.7123568411184746,0.14352567103366146,0.005068240815479541,,,,,,,,,,,,
316.0343030356904,,0.6755044282885084,0.0524848725169726,3.701985158937967,0.14324535516748874,0.005057354129589326,,,,,,,,,,,,
316.4563070799116,,0.6748732262887105,0.052373984008456186,3.6916424534415055,0.1429655867781838,0.005046490828525126,,,,,,,,,,,,
316.87887463072593,,0.6742426140940233,0.05226332978194762,3.681328643673245,0.14268636479648508,0.005035650862055847,,,,,,,,,,,,
317.3020064405897,,0.6736125911533244,0.052152909342462854,3.671043648903533,0.14240768815521987,0.005024834180058297,,,,,,,,,,,,
317.72570326296375,,0.6729831569160059,0.05204272219606353,3.6607873886282607,0.14212955578929956,0.0050140407325169655,,,,,,,,,,,,
318.14996585231574,,0.6723543108319735,0.05193276784985473,3.6505597825682186,0.14185196663571545,0.005003270469523757,,,,,,,,,,,,
318.5747949641209,,0.6717260523516472,0.05182304581198294,3.6403607506684827,0.1415749196335349,0.004992523341277762,,,,,,,,,,,,
319.0001913548624,,0.6710983809259611,0.0517135555916339,3.6301902130978045,0.14129841372389776,0.004981799298085086,,,,,,,,,,,,
319.4261557820337,,0.6704712960063627,0.05160429669903046,3.620048090247972,0.14102244785001197,0.0049710982903585586,,,,,,,,,,,,
319.85268900414064,,0.6698447970448104,0.051495268645429915,3.609934302733159,0.14074702095714875,0.0049604202686175086,,,,,,,,,,,,
320.2797917807007,,0.6692188834937768,0.05138647094312251,3.5998487713893614,0.1404721319926402,0.004949765183487588,,,,,,,,,,,,
320.7074648722467,,0.6685935548062442,0.05127790310542858,3.5897914172737146,0.14019777990587348,0.004939132985700454,,,,,,,,,,,,
321.1357090403262,,0.6679688104357071,0.05116956464669696,3.5797621616639312,0.13992396364828827,0.004928523626093642,,,,,,,,,,,,
321.5645250475036,,0.6673446498361713,0.05106145508230254,3.569760926057658,0.13965068217337223,0.004917937055610268,,,,,,,,,,,,
321.9939136573621,,0.6667210724621512,0.05095357392864393,3.55978763217185,0.13937793443665644,0.004907373225298821,,,,,,,,,,,,
322.4238756345047,,0.6660980777686712,0.05084592070314157,3.5498422019421705,0.13910571939571198,0.00489683208631293,,,,,,,,,,,,
322.8544117445546,,0.6654756652112662,0.05073849492423554,3.5399245575223968,0.13883403601014624,0.004886313589911177,,,,,,,,,,,,
323.28552275415745,,0.6648538342459793,0.05063129611138338,3.530034621283795,0.13856288324159854,0.0048758176874568225,,,,,,,,,,,,
323.7172094309832,,0.6642325843293612,0.05052432378505776,3.520172315814498,0.13829226005373582,0.004865344330417596,,,,,,,,,,,,
324.1494725437268,,0.6636119149184703,0.05041757746674446,3.5103375639189136,0.13802216541224907,0.004854893470365476,,,,,,,,,,,,
324.5823128621091,,0.6629918254708734,0.0503110566789404,3.5005302886171337,0.13775259828484976,0.004844465058976469,,,,,,,,,,,,
325.01573115687887,,0.6623723154446443,0.050204760945151417,3.490750413144322,0.1374835576412655,0.004834059048030399,,,,,,,,,,,,
325.4497281998148,,0.6617533842983613,0.05009868978988978,3.4809978609500867,0.13721504245323538,0.004823675389410637,,,,,,,,,,,,
325.88430476372497,,0.661135031491111,0.04999284273867267,3.4712725556979316,0.1369470516945077,0.0048133140351039345,,,,,,,,,,,,
326.3194616224507,,0.6605172564824833,0.04988721931801944,3.4615744212646056,0.13667958434083421,0.004802974937200157,,,,,,,,,,,,
326.7551995508657,,0.6599000587325744,0.04978181905545001,3.4519033817395517,0.1364126393699678,0.0047926580478920905,,,,,,,,,,,,
327.1915193248783,,0.6592834377019852,0.049676641479482614,3.4422593614242967,0.13614621576165784,0.00478236331947523,,,,,,,,,,,,
327.6284217214336,,0.6586673928518196,0.04957168611963139,3.432642284831839,0.13588031249764576,0.004772090704347511,,,,,,,,,,,,
328.06590751851405,,0.658051923643685,0.049466952506404524,3.4230520766860755,0.13561492856166193,0.00476184015500913,,,,,,,,,,,,
328.50397749514053,,0.657437029539693,0.0493624401713023,3.4134886619212264,0.13535006293942192,0.004751611624062319,,,,,,,,,,,,
328.9426324313739,,0.6568227100024575,0.04925814864681481,3.4039519656812316,0.1350857146186222,0.004741405064211124,,,,,,,,,,,,
329.3818731083175,,0.6562089644950939,0.049154077466419754,3.394441913319152,0.134821882588936,0.0047312204282611734,,,,,,,,,,,,
329.82170030811756,,0.6555957924812191,0.04905022616458046,3.384958430396599,0.1345585658420098,0.004721057669119464,,,,,,,,,,,,
330.26211481396416,,0.6549831934249523,0.048946594276744054,3.3755014426831678,0.13429576337145976,0.0047109167397941755,,,,,,,,,,,,
330.70311741009306,,0.6543711667909132,0.04884318133933906,3.3660708761558378,0.13403347417286773,0.004700797593394412,,,,,,,,,,,,
331.1447088817883,,0.6537597120442207,0.04873998688977327,3.3566666569983763,0.13377169724377658,0.004690700183129989,,,,,,,,,,,,
331.5868900153812,,0.6531488286504948,0.04863701046643207,3.3472887116008088,0.13351043158368783,0.0046806244623112505,,,,,,,,,,,,
332.0296615982543,,0.6525385160758538,0.04853425160867587,3.3379369665587855,0.13324967619405634,0.004670570384348803,,,,,,,,,,,,
332.4730244188407,,0.6519287737869155,0.04843170985683849,3.328611348673057,0.13298943007828765,0.00466053790275336,,,,,,,,,,,,
332.91697926662613,,0.6513196012507964,0.048329384752225,3.319311784948879,0.13272969224173384,0.00465052697113548,,,,,,,,,,,,
333.3615269321513,,0.6507109979351101,0.048227275837109375,3.31003820259543,0.1324704616916892,0.004640537543205359,,,,,,,,,,,,
333.80666820701265,,0.6501029633079677,0.04812538265473265,3.30079052902525,0.13221173743738673,0.004630569572772631,,,,,,,,,,,,
334.2524038838627,,0.6494954968379778,0.04802370474930108,3.291568691853694,0.13195351848999512,0.004620623013746145,,,,,,,,,,,,
334.6987347564127,,0.6488885979942461,0.04792224166598387,3.2823726188983446,0.13169580386261398,0.004610697820133774,,,,,,,,,,,,
335.1456616194341,,0.6482822662463732,0.047820992950911044,3.2732022381784356,0.13143859257027027,0.004600793946042158,,,,,,,,,,,,
335.59318526876,,0.6476765010644553,0.04771995815117154,3.264057477914304,0.13118188362991456,0.004590911345676523,,,,,,,,,,,,
336.04130650128513,,0.6470713019190845,0.0476191368148114,3.2549382665268376,0.13092567606041786,0.004581049973340469,,,,,,,,,,,,
336.490026114969,,0.6464666682813475,0.04751852849083138,3.245844532636902,0.13066996888256707,0.0045712097834357465,,,,,,,,,,,,
336.939344908836,,0.6458625996228254,0.04741813272918522,3.236776205064786,0.1304147611190619,0.00456139073046207,,,,,,,,,,,,
337.38926368297837,,0.6452590954155925,0.047317949080777334,3.2277332128296297,0.13016005179451026,0.004551592769016866,,,,,,,,,,,,
337.8397832385566,,0.6446561551322157,0.047217977097461,3.2187154851488824,0.1299058399354252,0.0045418158537950904,,,,,,,,,,,,
338.2909043778004,,0.6440537782457565,0.04711821633203642,3.2097229514377617,0.1296521245702214,0.004532059939589022,,,,,,,,,,,,
338.74262790401065,,0.6434519642297682,0.04701866633824871,3.2007555413086846,0.12939890472921112,0.004522324981288063,,,,,,,,,,,,
339.19495462156146,,0.6428507125582954,0.0469193266707856,3.191813184570707,0.12914617944460008,0.004512610933878479,,,,,,,,,,,,
339.6478853359012,,0.642250022705874,0.04682019688527571,3.182895811228986,0.12889394775048416,0.004502917752443239,,,,,,,,,,,,
340.101420853553,,0.6416498941475317,0.046721276538286616,3.174003351484244,0.12864220868284618,0.004493245392161813,,,,,,,,,,,,
340.555561982117,,0.6410503263587872,0.04662256518732281,3.165135735732213,0.12839096127955166,0.004483593808309933,,,,,,,,,,,,
341.01030953027237,,0.6404513188156479,0.0465240623908235,3.156292894563073,0.12814020458034495,0.004473962956259395,,,,,,,,,,,,
341.46566430777807,,0.639852870994611,0.046425767708160794,3.1474747587609215,0.12788993762684578,0.004464352791477857,,,,,,,,,,,,
341.9216271254738,,0.6392549823726639,0.046327680699637976,3.1386812593032487,0.12764015946254603,0.004454763269528637,,,,,,,,,,,,
342.3781987952822,,0.638657652427282,0.04622980092648715,3.1299123273603735,0.1273908691328056,0.0044451943460705155,,,,,,,,,,,,
342.8353801302098,,0.6380608806364297,0.04613212795086753,3.121167894294921,0.12714206568484898,0.004435645976857509,,,,,,,,,,,,
343.29317194434935,,0.6374646664785582,0.04603466133586326,3.1124478916612626,0.12689374816776114,0.004426118117738669,,,,,,,,,,,,
343.7515750528808,,0.6368690094326057,0.04593740064548154,3.1037522512049964,0.12664591563248434,0.004416610724657885,,,,,,,,,,,,
344.2105902720719,,0.6362739089779987,0.04584034544465096,3.0950809048624235,0.12639856713181463,0.004407123753653687,,,,,,,,,,,,
344.6702184192802,,0.6356793645946498,0.04574349529921923,3.0864337847600036,0.12615170172039816,0.004397657160859044,,,,,,,,,,,,
345.13046031295556,,0.635085375762957,0.04564684977595121,3.07781082321381,0.125905318454727,0.004388210902501133,,,,,,,,,,,,
345.5913167726407,,0.6344919419638033,0.045550408442527085,3.0692119527290136,0.1256594163931359,0.00437878493490116,,,,,,,,,,,,
346.05278861897193,,0.6338990626785582,0.04545417086754058,3.0606371059993673,0.12541399459579927,0.0043693792144741585,,,,,,,,,,,,
346.5148766736814,,0.6333067373890756,0.04535813662049689,3.052086215906665,0.1251690521247269,0.0043599936977288,,,,,,,,,,,,
346.97758175959916,,0.6327149655776926,0.04526230527181055,3.0435592155202054,0.12492458804376023,0.004350628341267142,,,,,,,,,,,,
347.4409047006541,,0.6321237467272302,0.04516667639280381,3.0350560380962794,0.12468060141856915,0.004341283101784474,,,,,,,,,,,,
347.9048463218745,,0.6315330803209932,0.04507124955570469,3.026576617077662,0.12443709131664867,0.004331957936069123,,,,,,,,,,,,
348.3694074493908,,0.6309429658427691,0.044976024333644934,3.0181208860930693,0.12419405680731488,0.004322652801002216,,,,,,,,,,,,
348.8345889104361,,0.6303534027768283,0.044881000300658225,3.0096887789566553,0.12395149696170171,0.0043133676535575165,,,,,,,,,,,,
349.30039153334883,,0.6297643906079217,0.044786177031678094,3.0012802296674725,0.12370941085275693,0.0043041024508011965,,,,,,,,,,,,
349.76681614757365,,0.6291759288212821,0.044691554102536106,2.9928951724089687,0.12346779755523885,0.0042948571498916364,,,,,,,,,,,,
350.23386358366184,,0.6285880169026241,0.044597131089960204,2.9845335415484846,0.12322665614571326,0.0042856317080792765,,,,,,,,,,,,
350.70153467327395,,0.6280006543381429,0.04450290757157255,2.9761952716367266,0.12298598570254943,0.004276426082706364,,,,,,,,,,,,
351.16983024918164,,0.6274138406145127,0.04440888312588756,2.9678802974072434,0.1227457853059163,0.004267240231206776,,,,,,,,,,,,
351.63875114526866,,0.6268275752188874,0.04431505733231017,2.959588553775926,0.12250605403777932,0.004258074111105819,,,,,,,,,,,,
352.10829819653145,,0.6262418576389014,0.044221429771134066,2.9513199758405118,0.12226679098189729,0.004248927680020041,,,,,,,,,,,,
352.57847223908146,,0.6256566873626674,0.04412800002353965,2.943074498880064,0.12202799522381848,0.004239800895657044,,,,,,,,,,,,
353.04927411014734,,0.6250720638787757,0.04403476767159214,2.934852058354453,0.12178966585087678,0.004230693715815255,,,,,,,,,,,,
353.52070464807576,,0.6244879866762945,0.043941732298239666,2.9266525899038625,0.1215518019521886,0.004221606098383751,,,,,,,,,,,,
353.99276469233195,,0.6239044552447702,0.04384889348731168,2.918476029348299,0.12131440261864972,0.004212538001342073,,,,,,,,,,,,
354.4654550835027,,0.6233214690742258,0.0437562508235168,2.9103223126870703,0.12107746694293127,0.004203489382760028,,,,,,,,,,,,
354.93877666329666,,0.6227390276551613,0.04366380389244117,2.9021913760982976,0.12084099401947668,0.0041944602007974825,,,,,,,,,,,,
355.4127302745472,,0.622157130478552,0.04357155228054632,2.894083155938397,0.12060498294449765,0.004185450413704174,,,,,,,,,,,,
355.88731676121324,,0.6215757770358485,0.04347949557516751,2.8859975887415934,0.12036943281597091,0.004176459979819516,,,,,,,,,,,,
356.3625369683798,,0.6209949668189779,0.043387633364512034,2.8779346112194366,0.12013434273363544,0.00416748885757242,,,,,,,,,,,,
356.83839174226046,,0.6204146993203418,0.04329596523765716,2.8698941602602934,0.11989971179898838,0.004158537005481099,,,,,,,,,,,,
357.3148819301993,,0.6198349740328152,0.043204490784548216,2.861876172928842,0.1196655391152814,0.00414960438215286,,,,,,,,,,,,
357.79200838067214,,0.619255790449747,0.043113209595996904,2.8538805864655896,0.1194318237875176,0.004140690946283904,,,,,,,,,,,,
358.26977194328674,,0.6186771480649605,0.04302212126367955,2.845907338286396,0.11919856492244833,0.004131796656659191,,,,,,,,,,,,
358.7481734687857,,0.618099046372752,0.04293122538013521,2.8379563659819698,0.11896576162856964,0.0041229214721521905,,,,,,,,,,,,
359.227213809048,,0.6175214848678894,0.042840521538763665,2.8300276073173674,0.11873341301611834,0.004114065351724713,,,,,,,,,,,,
359.7068938170904,,0.6169444630456125,0.04275000933382374,2.82212100023152,0.11850151819706899,0.004105228254426713,,,,,,,,,,,,
360.1872143470678,,0.6163679804016339,0.04265968836043162,2.8142364828367583,0.11827007628513096,0.004096410139396128,,,,,,,,,,,,
360.66817625427626,,0.615792036432137,0.04256955821455888,2.8063739934183105,0.11803908639574431,0.004087610965858654,,,,,,,,,,,,
361.1497803951533,,0.6152166306337761,0.042479618493030745,2.798533470433832,0.11780854764607698,0.004078830693127573,,,,,,,,,,,,
361.63202762728093,,0.6146417625036753,0.04238986879352418,2.7907148525129024,0.11757845915502078,0.004070069280603562,,,,,,,,,,,,
362.1149188093862,,0.6140674315394284,0.042300308714566116,2.782918078456562,0.11734882004318835,0.004061326687774497,,,,,,,,,,,,
362.59845480134226,,0.6134936372390997,0.04221093785553185,2.7751430872368426,0.11711962943291025,0.004052602874215297,,,,,,,,,,,,
363.0826364641702,,0.6129203791012222,0.04212175581664312,2.7673898179962753,0.11689088644823109,0.004043897799587704,,,,,,,,,,,,
363.56746466004194,,0.6123476566247968,0.04203276219896614,2.759658210047406,0.11666259021490602,0.0040352114236401,,,,,,,,,,,,
364.0529402522803,,0.6117754693092928,0.04194395660441002,2.7519482028723306,0.11643473986039764,0.004026543706207332,,,,,,,,,,,,
364.53906410536035,,0.6112038166546477,0.04185533863572503,2.744259736122234,0.11620733451387298,0.004017894607210524,,,,,,,,,,,,
365.02583708491153,,0.6106326981612663,0.0417669078965008,2.736592749616904,0.11598037330619995,0.004009264086656905,,,,,,,,,,,,
365.5132600577198,,0.6100621133300196,0.041678663991164315,2.728947183344251,0.11575385536994352,0.004000652104639589,,,,,,,,,,,,
366.0013338917286,,0.6094920616622447,0.0415906065249783,2.7213229774598475,0.11552777983936281,0.003992058621337403,,,,,,,,,,,,
366.49005945603966,,0.6089225426597458,0.04150273510403963,2.7137200722864745,0.11530214585040821,0.003983483597014741,,,,,,,,,,,,
366.97943762091546,,0.6083535558247919,0.04141504933527731,2.706138408313632,0.11507695254071743,0.0039749269920213255,,,,,,,,,,,,
367.46946925778036,,0.6077851006601178,0.04132754882645093,2.6985779261970912,0.11485219904961265,0.0039663887667920695,,,,,,,,,,,,
367.96015523922296,,0.6072171766689219,0.04124023318614862,2.691038566758407,0.11462788451809666,0.003957868881846851,,,,,,,,,,,,
368.451496438997,,0.606649783354867,0.041153102023785484,2.6835202709844697,0.11440400808884986,0.003949367297790359,,,,,,,,,,,,
368.9434937320224,,0.6060829202220802,0.04106615494960199,2.6760229800270525,0.1141805689062275,0.00394088397531191,,,,,,,,,,,,
369.43614799438706,,0.6055165867751525,0.04097939157466204,2.6685466352023415,0.11395756611625595,0.003932418875185261,,,,,,,,,,,,
369.92946010334987,,0.6049507825191365,0.040892811510851175,2.6610911779904636,0.11373499886662905,0.00392397195826842,,,,,,,,,,,,
370.4234309373408,,0.6043855069595473,0.040806414370874906,2.653656550035039,0.11351286630670532,0.003915543185503471,,,,,,,,,,,,
370.9180613759622,,0.6038207596023633,0.040720199768257186,2.646242693142738,0.11329116758750492,0.003907132517916411,,,,,,,,,,,,
371.41335229999095,,0.603256539954024,0.040634167317338446,2.638849549282812,0.11306990186170618,0.0038987399166169443,,,,,,,,,,,,
371.90930459138076,,0.6026928475214296,0.04054831663327383,2.6314770605866307,0.11284906828364195,0.0038903653427983095,,,,,,,,,,,,
372.40591913326307,,0.602129681811941,0.040462647332031566,2.624125169347237,0.11262866600929673,0.0038820087577371007,,,,,,,,,,,,
372.90319680994776,,0.6015670423333803,0.04037715903039137,2.616793818018909,0.11240869419630382,0.003873670122793096,,,,,,,,,,,,
373.401138506926,,0.601004928594029,0.04029185134594255,2.6094829492166918,0.11218915200394144,0.003865349399409081,,,,,,,,,,,,
373.8997451108708,,0.6004433401026283,0.040206723897082464,2.60219250571596,0.11197003859313011,0.003857046549110655,,,,,,,,,,,,
374.39901750964026,,0.599882276368378,0.040121776303014535,2.5949224304519523,0.1117513531264287,0.003848761533506058,,,,,,,,,,,,
374.89895659227767,,0.5993217369009363,0.04003700818374674,2.5876726665193366,0.11153309476803168,0.0038404943142859942,,,,,,,,,,,,
375.3995632490129,,0.5987617212104203,0.039952419160090014,2.580443157171776,0.1113152626837663,0.0038322448532234635,,,,,,,,,,,,
375.90083837126457,,0.5982022288074051,0.039868008853656434,2.5732338458214725,0.1110978560410889,0.003824013112173588,,,,,,,,,,,,
376.40278285164237,,0.5976432592029223,0.03978377688685739,2.566044676038714,0.11088087400908161,0.003815799053073407,,,,,,,,,,,,
376.9053975839478,,0.5970848119084601,0.03969972288290204,2.5588755915514425,0.11066431575844934,0.003807602637941724,,,,,,,,,,,,
377.4086834631752,,0.5965268864359642,0.039615846465795766,2.5517265362448267,0.11044818046151704,0.003799423828878934,,,,,,,,,,,,
377.9126413855139,,0.5959694822978364,0.039532147260338296,2.5445974541608085,0.11023246729222613,0.003791262588066842,,,,,,,,,,,,
378.4172722483513,,0.5954125990069329,0.03944862489212189,2.5374882894976523,0.11001717542613094,0.00378311887776847,,,,,,,,,,,,
378.92257695027126,,0.5948562360765665,0.03936527898753012,2.5303989866095438,0.10980230404039659,0.00377499266032793,,,,,,,,,,,,
379.4285563910593,,0.5943003930205032,0.03928210917373565,2.523329490006112,0.10958785231379464,0.003766883898170189,,,,,,,,,,,,
379.9352114717012,,0.5937450693529649,0.039199115078699026,2.516279744352033,0.10937381942670106,0.0037587925538009404,,,,,,,,,,,,
380.44254309438577,,0.593190264588627,0.039116296331166873,2.509249694466579,0.10916020456109261,0.00375071858980643,,,,,,,,,,,,
380.95055216250734,,0.5926359782426178,0.03903365256067002,2.5022392853231783,0.10894700690054339,0.003742661968853238,,,,,,,,,,,,
381.4592395806666,,0.5920822098305187,0.03895118339752202,2.495248462048993,0.10873422563022195,0.0037346226536881513,,,,,,,,,,,,
381.96860625467133,,0.5915289588683644,0.038868888472817636,2.4882771699245008,0.1085218599368887,0.00372660060713799,,,,,,,,,,,,
382.47865309153883,,0.5909762248726419,0.038786767418431005,2.4813253543830576,0.10830990900889233,0.003718595792109413,,,,,,,,,,,,
382.98938099949845,,0.5904240073602892,0.038704819867013934,2.4743929610104574,0.10809837203616639,0.0037106081715887534,,,,,,,,,,,,
383.5007908879922,,0.5898723058486958,0.03862304545199433,2.467479935544518,0.10788724821022659,0.0037026377086418483,,,,,,,,,,,,
384.0128836676756,,0.5893211198557027,0.03854144380757476,2.4605862238746674,0.10767653672416794,0.0036946843664138755,,,,,,,,,,,,
384.52566025042046,,0.5887704488996016,0.03846001456873057,2.453711772041509,0.10746623677266143,0.003686748108129189,,,,,,,,,,,,
385.03912154931714,,0.5882202924991332,0.03837875737120818,2.446856526236384,0.10725634755195043,0.0036788288970911144,,,,,,,,,,,,
385.55326847867383,,0.5876706501734894,0.03829767185152381,2.4400204328009862,0.10704686825984874,0.0036709266966818213,,,,,,,,,,,,
386.0681019540211,,0.5871215214423097,0.03821675764696139,2.4332034382269003,0.10683779809573626,0.003663041470362117,,,,,,,,,,,,
386.58362289211084,,0.5865729058256837,0.038136014395571426,2.42640548915522,0.106629136260557,0.0036551731816713185,,,,,,,,,,,,
387.09983221091926,,0.5860248028441495,0.038055441736169086,2.4196265323761144,0.10642088195681561,0.003647321794227048,,,,,,,,,,,,
387.6167308296489,,0.5854772120186923,0.03797503930833252,2.4128665148284028,0.10621303438857399,0.0036394872717250763,,,,,,,,,,,,
388.1343196687299,,0.5849301328707451,0.03789480675240139,2.4061253835991456,0.10600559276144855,0.0036316695779391554,,,,,,,,,,,,
388.6525996498206,,0.5843835649221887,0.03781474370947534,2.399403085923246,0.10579855628260755,0.0036238686767208557,,,,,,,,,,,,
389.17157169581014,,0.5838375076953508,0.03773484982141227,2.3926995691830206,0.10559192416076761,0.0036160845319994097,,,,,,,,,,,,
389.69123673082055,,0.5832919607130045,0.03765512473082671,2.386014780907784,0.10538569560619056,0.0036083171077815022,,,,,,,,,,,,
390.21159568020806,,0.5827469234983688,0.03757556808108818,2.3793486687734418,0.1051798698306806,0.0036005663681511427,,,,,,,,,,,,
390.7326494705638,,0.5822023955751092,0.03749617951631984,2.3727011806020957,0.10497444604758166,0.003592832277269503,,,,,,,,,,,,
391.2543990297163,,0.5816583764673359,0.03741695868139665,2.3660722643616174,0.10476942347177394,0.003585114799374721,,,,,,,,,,,,
391.77684528673296,,0.5811148656996039,0.037337905221943954,2.359461868165254,0.10456480131967111,0.003577413898781768,,,,,,,,,,,,
392.29998917192233,,0.580571862796912,0.03725901878433567,2.3528699402712037,0.104360578809217,0.0035697295398822546,,,,,,,,,,,,
392.8238316168353,,0.5800293672847024,0.03718029901569285,2.346296429082223,0.1041567551598828,0.0035620616871442664,,,,,,,,,,,,
393.348373554266,,0.5794873786888622,0.037101745563882245,2.3397412831452318,0.10395332959266451,0.0035544103051122432,,,,,,,,,,,,
393.87361591825385,,0.578945896535721,0.03702335807751455,2.333204451150901,0.10375030133007952,0.0035467753584067676,,,,,,,,,,,,
394.3995596440865,,0.5784049203520503,0.03694513620594275,2.326685881933241,0.10354766959616342,0.0035391568117244163,,,,,,,,,,,,
394.92620566830044,,0.5778644496650638,0.03686707959926069,2.320185524469212,0.10334543361646727,0.0035315546298375932,,,,,,,,,,,,
395.45355492868197,,0.5773244840024179,0.036789187908301546,2.313703327878332,0.10314359261805502,0.003523968777594391,,,,,,,,,,,,
395.9816083642696,,0.5767850228922103,0.03671146078463629,2.307239241422271,0.10294214582950025,0.0035163992199183976,,,,,,,,,,,,
396.51036691535654,,0.5762460658629789,0.03663389788057187,2.3007932145044445,0.10274109248088283,0.003508845921808543,,,,,,,,,,,,
397.03983152349156,,0.5757076124437018,0.03655649884914984,2.294365196669624,0.10254043180378641,0.00350130884833894,,,,,,,,,,,,
397.57000313148,,0.5751696621637986,0.03647926334414492,2.2879551376035554,0.10234016303129562,0.0034937879646587265,,,,,,,,,,,,
398.1008826833864,,0.5746322145531277,0.036402191020063264,2.2815629871325482,0.10214028539799283,0.0034862832359919076,,,,,,,,,,,,
398.6324711245355,,0.5740952691419877,0.03632528153214102,2.2751886952230937,0.10194079813995552,0.003478794627637181,,,,,,,,,,,,
399.1647694015154,,0.5735588254611149,0.03624853453634263,2.268832211981459,0.10174170049475278,0.00347132210496778,,,,,,,,,,,,
399.69777846217784,,0.5730228830416841,0.03617194968935945,2.2624934876533045,0.10154299170144288,0.003463865633431317,,,,,,,,,,,,
400.23149925563973,,0.5724874414153094,0.03609552664860824,2.256172472623306,0.10134467100057042,0.0034564251785496273,,,,,,,,,,,,
400.76593273228514,,0.571952500114042,0.03601926507222956,2.2498691174147565,0.1011467376341634,0.0034490007059186163,,,,,,,,,,,,
401.30107984376815,,0.5714180586703698,0.03594316461908612,2.243583372689167,0.10094919084572987,0.003441592181208076,,,,,,,,,,,,
401.8369415430135,,0.5708841166172176,0.03586722494876141,2.237315189245894,0.10075202988025529,0.0034341995701615306,,,,,,,,,,,,
402.37351878421754,,0.5703506734879477,0.03579144572155821,2.231064518021759,0.10055525398420015,0.0034268228385961144,,,,,,,,,,,,
402.9108125228509,,0.5698177288163577,0.03571582659849706,2.22483131009066,0.10035886240549649,0.003419461952402375,,,,,,,,,,,,
403.4488237156608,,0.5692852821366808,0.035640367241314516,2.218615516663175,0.10016285439354501,0.003412116877544122,,,,,,,,,,,,
403.987553320672,,0.5687533329835851,0.03556506731246184,2.2124170890861916,0.09996722919921236,0.0034047875800582755,,,,,,,,,,,,
404.5270022971877,,0.5682218808921742,0.035489926475103566,2.2062359788425354,0.09977198607482861,0.003397474026054723,,,,,,,,,,,,
405.0671716057926,,0.5676909253979857,0.035414944393115814,2.2000721375505763,0.09957712427418385,0.003390176181716137,,,,,,,,,,,,
405.60806220835343,,0.567160466036992,0.035340120731084904,2.193925516963857,0.09938264305252588,0.0033828940132978355,,,,,,,,,,,,
406.14967506802236,,0.5666305023455978,0.03526545515430575,2.187796068970706,0.09918854166655657,0.0033756274871276147,,,,,,,,,,,,
406.69201114923754,,0.5661010338606413,0.03519094732878037,2.1816837455938645,0.09899481937442967,0.0033683765696055964,,,,,,,,,,,,
407.23507141772416,,0.5655720601193941,0.03511659692121657,2.175588498990125,0.098801475435748,0.0033611412272040917,,,,,,,,,,,,
407.778856840497,,0.5650435806595603,0.035042403599026314,2.169510281449945,0.09860850911156042,0.0033539214264674214,,,,,,,,,,,,
408.3233683858628,,0.5645155950192752,0.03496836703032417,2.1634490453970647,0.09841591966435885,0.0033467171340117643,,,,,,,,,,,,
408.8686070234214,,0.5639881027371055,0.034894486883925865,2.1574047433881454,0.09822370635807541,0.0033395283165250094,,,,,,,,,,,,
409.41457372406654,,0.5634611033520502,0.034820762829346964,2.1513773281124045,0.09803186845808035,0.003332354940766604,,,,,,,,,,,,
409.9612694599884,,0.5629345964035387,0.03474719453680131,2.145366752391238,0.09784040523117851,0.003325196973567407,,,,,,,,,,,,
410.50869520467603,,0.5624085814314301,0.03467378167719934,2.1393729691778423,0.09764931594560643,0.0033180543818295124,,,,,,,,,,,,
411.05685193291856,,0.5618830579760136,0.03460052392214682,2.133395931556854,0.09745859987103,0.0033109271325260977,,,,,,,,,,,,
411.6057406208059,,0.5613580255780085,0.03452742094394343,2.127435592743992,0.09726825627854159,0.003303815192701311,,,,,,,,,,,,
412.1553622457317,,0.5608334837785631,0.034454472415581125,2.1214919060856774,0.09707828444065723,0.0032967185294700686,,,,,,,,,,,,
412.70571778639425,,0.5603094321192549,0.034381678010742885,2.115564825058679,0.09688868363131378,0.0032896371100179433,,,,,,,,,,,,
413.2568082227998,,0.5597858701420886,0.03430903740380095,2.109654303269734,0.09669945312586585,0.003282570901600976,,,,,,,,,,,,
413.80863453626296,,0.559262797389497,0.034236550269815556,2.103760294455194,0.09651059220108348,0.003275519871545545,,,,,,,,,,,,
414.361197709408,,0.5587402134043417,0.03416421628453356,2.097882752480672,0.09632210013514936,0.003268483987248217,,,,,,,,,,,,
414.91449872617113,,0.5582181177299107,0.03409203512438691,2.0920216313406734,0.09613397620765608,0.003261463216175605,,,,,,,,,,,,
415.46853857180355,,0.5576965099099186,0.03402000646649105,2.086176885158225,0.09594621969960285,0.0032544575258641757,,,,,,,,,,,,
416.0233182328718,,0.557175389488506,0.03394812998864362,2.0803484681845266,0.09575882989339311,0.0032474668839201403,,,,,,,,,,,,
416.57883869725913,,0.5566547560102404,0.03387640536932312,2.0745363347986014,0.09557180607283228,0.0032404912580193046,,,,,,,,,,,,
417.13510095416785,,0.5561346090201149,0.03380483228768732,2.0687404395069287,0.09538514752312431,0.0032335306159068985,,,,,,,,,,,,
417.69210599412196,,0.5556149480635468,0.033733410423571766,2.062960736943081,0.09519885353086918,0.0032265849253974308,,,,,,,,,,,,
418.24985480896817,,0.5550957726863783,0.033662139457488444,2.057197181867376,0.09501292338405999,0.003219654154374547,,,,,,,,,,,,
418.8083483918768,,0.5545770824348769,0.03359101907062444,2.051449729166533,0.09482735637208074,0.003212738270790882,,,,,,,,,,,,
419.3675877373447,,0.5540588768557334,0.03352004894484034,2.0457183338533036,0.09464215178570334,0.003205837242667916,,,,,,,,,,,,
419.92757384119636,,0.5535411554960625,0.03344922876266902,2.040002951066133,0.09445730891708477,0.003198951038095812,,,,,,,,,,,,
420.4883077005868,,0.5530239179034019,0.033378558207313905,2.0343035360687907,0.09427282705976445,0.003192079625233274,,,,,,,,,,,,
421.0497903140025,,0.5525071636257113,0.03330803696264777,2.0286200442500335,0.09408870550866134,0.003185222972307401,,,,,,,,,,,,
421.6120226812625,,0.5519908922113741,0.03323766471321141,2.022952431123261,0.09390494356007187,0.0031783810476135443,,,,,,,,,,,,
422.1750058035208,,0.5514751032091956,0.03316744114421208,2.017300652326163,0.09372154051166691,0.0031715538195151677,,,,,,,,,,,,
422.7387406832691,,0.5509597961684017,0.03309736594152204,2.011664663620359,0.09353849566248856,0.003164741256443674,,,,,,,,,,,,
423.3032283243379,,0.55044497063864,0.03302743879167721,2.006044420891064,0.09335580831294818,0.003157943326898279,,,,,,,,,,,,
423.8684697318971,,0.5499306261699791,0.03295765938187595,2.0004398801467507,0.09317347776482358,0.003151159999445868,,,,,,,,,,,,
424.43446591245885,,0.5494167623129085,0.03288802739997742,1.994850997518796,0.09299150332125626,0.003144391242720855,,,,,,,,,,,,
425.0012178738802,,0.5489033786183365,0.03281854253450021,1.9892777292611303,0.09280988428674856,0.003137637025425005,,,,,,,,,,,,
425.568726625364,,0.5483904746375916,0.032749204474620965,1.9837200317499022,0.09262861996716105,0.0031308973163273203,,,,,,,,,,,,
426.1369931774598,,0.5478780499224217,0.03268001291017315,1.9781778614831467,0.09244770966971044,0.003124172084263902,,,,,,,,,,,,
426.706018542067,,0.5473661040249939,0.03261096753164552,1.9726511750804316,0.0922671527029662,0.0031174612981377746,,,,,,,,,,,,
427.2758037324358,,0.5468546364978932,0.03254206803018075,1.9671399292825262,0.09208694837684839,0.00311076492691878,,,,,,,,,,,,
427.8463497631702,,0.5463436468941228,0.03247331409757399,1.96164408095105,0.09190709600262464,0.0031040829396433863,,,,,,,,,,,,
428.4176576502291,,0.5458331347671032,0.03240470542627154,1.9561635870681442,0.09172759489290763,0.003097415305414584,,,,,,,,,,,,
428.9897284109271,,0.5453230996706728,0.03233624170936961,1.9506984047361418,0.09154844436165295,0.0030907619934017415,,,,,,,,,,,,
429.56256306393726,,0.5448135411590872,0.032267922640612824,1.9452484911772256,0.09136964372415596,0.003084122972840443,,,,,,,,,,,,
430.13616262929366,,0.5443044587870176,0.03219974791439272,1.9398138037330832,0.09119119229704903,0.003077498213032353,,,,,,,,,,,,
430.7105281283926,,0.5437958521095514,0.03213171722574659,1.9343942998645824,0.09101308939829933,0.003070887683345076,,,,,,,,,,,,
431.2856605839932,,0.5432877206821922,0.032063830270356065,1.928989937151446,0.09083533434720618,0.003064291353212018,,,,,,,,,,,,
431.8615610202205,,0.5427800640608593,0.03199608674454578,1.9236006732919124,0.09065792646439856,0.003057709192132254,,,,,,,,,,,,
432.43823046256773,,0.5422728818018863,0.03192848634528184,1.9182264661023947,0.09048086507183181,0.0030511411696703583,,,,,,,,,,,,
433.01566993789766,,0.5417661734620208,0.031861028770170594,1.91286727351716,0.09030414949278576,0.0030445872554562842,,,,,,,,,,,,
433.5938804744432,,0.5412599385984259,0.03179371371745738,1.9075230535880077,0.09012777905186203,0.003038047419185225,,,,,,,,,,,,
434.17286310181083,,0.5407541767686779,0.031726540886025056,1.9021937644839297,0.08995175307498122,0.003031521630617474,,,,,,,,,,,,
434.7526188509814,,0.5402488875307667,0.03165950997539269,1.8968793644907902,0.08977607088938075,0.0030250098595782753,,,,,,,,,,,,
435.3331487543132,,0.5397440704430948,0.0315926206857141,1.8915798120109875,0.0896007318236115,0.0030185120759576847,,,,,,,,,,,,
435.9144538455433,,0.5392397250644773,0.031525872717776605,1.886295065563136,0.08942573520753594,0.003012028249710435,,,,,,,,,,,,
436.496535159788,,0.5387358509541418,0.03145926577299981,1.8810250837817508,0.0892510803723255,0.0030055583508558003,,,,,,,,,,,,
437.0793937335458,,0.5382324476717285,0.03139279955343412,1.8757698254169137,0.08907676665045787,0.0029991023494774635,,,,,,,,,,,,
437.6630306047005,,0.5377295147772879,0.03132647376175939,1.8705292493339452,0.08890279337571434,0.002992660215723355,,,,,,,,,,,,
438.24744681252133,,0.5372270518312818,0.03126028810128362,1.8653033145130873,0.08872915988317719,0.0029862319198055193,,,,,,,,,,,,
438.8326433976646,,0.5367250583945831,0.03119424227594173,1.8600919800491935,0.08855586550922775,0.002979817432000011,,,,,,,,,,,,
439.4186214021762,,0.5362235340284753,0.031128335990294177,1.8548952051513985,0.08838290959154338,0.00297341672264672,,,,,,,,,,,,
440.0053818694949,,0.5357224782946509,0.03106256894952547,1.849712949142788,0.08821029146909451,0.002967029762149237,,,,,,,,,,,,
440.59292584445075,,0.535221890755213,0.030996940859443184,1.8445451714601073,0.08803801048214334,0.0029606565209747515,,,,,,,,,,,,
441.18125437327103,,0.5347217709726728,0.030931451426476245,1.8393918316534132,0.08786606597223987,0.002954296969653856,,,,,,,,,,,,
441.7703685035786,,0.5342221185099512,0.030866100357674023,1.8342528893857841,0.08769445728222064,0.002947951078780474,,,,,,,,,,,,
442.3602692843952,,0.5337229329303774,0.03080088736070478,1.8291283044329927,0.08752318375620559,0.0029416188190116836,,,,,,,,,,,,
442.95095776614426,,0.5332242137976883,0.030735812143854322,1.8240180366831837,0.08735224473959532,0.002935300161067587,,,,,,,,,,,,
443.5424350006519,,0.5327259606760281,0.03067087441602478,1.8189220461365674,0.08718163957906912,0.0029289950757311776,,,,,,,,,,,,
444.13470204114776,,0.532228173129949,0.030606073886733396,1.8138402929051138,0.08701136762258226,0.0029227035338482235,,,,,,,,,,,,
444.72775994226794,,0.5317308507244103,0.030541410266111176,1.8087727372122342,0.08684142821936375,0.002916425506327107,,,,,,,,,,,,
445.32160976005764,,0.531233993024777,0.030476883264901413,1.8037193393924598,0.08667182071991315,0.002910160964138696,,,,,,,,,,,,
445.9162525519724,,0.5307375995968202,0.030412492594458544,1.7986800598911412,0.0865025444759986,0.0029039098783162163,,,,,,,,,,,,
446.51168937687856,,0.5302416700067174,0.03034823796674695,1.793654859264145,0.08633359884065463,0.002897672219955115,,,,,,,,,,,,
447.1079212950567,,0.5297462038210516,0.030284119094339562,1.7886436981775384,0.08616498316817917,0.0028914479602129366,,,,,,,,,,,,
447.70494936820444,,0.5292512006068096,0.030220135690416434,1.7836465374072685,0.08599669681413104,0.0028852370703091627,,,,,,,,,,,,
448.30277465943516,,0.5287566599313844,0.03015628746876378,1.7786633378388839,0.08582873913532811,0.0028790395215251103,,,,,,,,,,,,
448.9013982332838,,0.5282625813625716,0.030092574143772383,1.773694060467196,0.0856611094898439,0.0028728552852037726,,,,,,,,,,,,
449.5008211557054,,0.527768964468572,0.03002899543043654,1.7687386663960023,0.08549380723700616,0.0028666843327497054,,,,,,,,,,,,
450.10104449407834,,0.5272758088179896,0.02996555104435271,1.7637971168377686,0.08532683173739375,0.002860526635628896,,,,,,,,,,,,
450.70206931720713,,0.5267831139798311,0.029902240701718145,1.7588693731133194,0.0851601823528343,0.002854382165368612,,,,,,,,,,,,
451.30389669532366,,0.5262908795235055,0.029839064119329715,1.753955396651542,0.08499385844640168,0.0028482508935572725,,,,,,,,,,,,
451.90652770008785,,0.5257991050188252,0.0297760210145827,1.7490551489890922,0.08482785938241402,0.0028421327918443486,,,,,,,,,,,,
452.50996340459056,,0.5253077900360045,0.029713111105469498,1.7441685917700858,0.08466218452643107,0.0028360278319401965,,,,,,,,,,,,
453.1142048833567,,0.5248169341456586,0.029650334110578207,1.7392956867457905,0.08449683324525126,0.002829935985615937,,,,,,,,,,,,
453.7192532123458,,0.5243265369188037,0.029587689749091484,1.7344363957743345,0.0843318049069099,0.002823857224703324,,,,,,,,,,,,
454.3251094689533,,0.523836597926858,0.029525177740785384,1.7295906808204158,0.08416709888067671,0.0028177915210946323,,,,,,,,,,,,
454.9317747320137,,0.5233471167416394,0.029462797806027948,1.7247585039549918,0.0840027145370531,0.002811738846742497,,,,,,,,,,,,
455.53925008180175,,0.5228580929353664,0.029400549665778115,1.7199398273549913,0.08383865124777022,0.002805699173659818,,,,,,,,,,,,
456.14753660003544,,0.5223695260806568,0.029338433041584226,1.7151346133030068,0.08367490838578587,0.0027996724739195885,,,,,,,,,,,,
456.75663536987736,,0.5218814157505273,0.02927644765558295,1.7103428241870064,0.08351148532528262,0.0027936587196547985,,,,,,,,,,,,
457.36654747593536,,0.5213937615183943,0.0292145932304981,1.7055644225000477,0.08334838144166548,0.002787657883058308,,,,,,,,,,,,
457.9772740042658,,0.5209065629580735,0.02915286948963932,1.7007993708399756,0.08318559611155935,0.002781669936382699,,,,,,,,,,,,
458.588816042376,,0.520419819643777,0.029091276156900738,1.6960476319091229,0.08302312871280643,0.0027756948519401517,,,,,,,,,,,,
459.2011746792255,,0.5199335311501158,0.029029812956759826,1.6913091685140258,0.08286097862446393,0.002769732602102322,,,,,,,,,,,,
459.8143510052271,,0.5194476970520985,0.028968479614276295,1.68658394356514,0.08269914522680222,0.002763783159300214,,,,,,,,,,,,
460.4283461122494,,0.5189623169251311,0.0289072758550907,1.6818719200765426,0.08253762790130191,0.002757846496024059,,,,,,,,,,,,
461.04316109362026,,0.5184773903450154,0.02884620140542319,1.6771730611656361,0.08237642603065136,0.0027519225848231656,,,,,,,,,,,,
461.65879704412714,,0.5179929168879497,0.028785255992072333,1.6724873300528664,0.08221553899874473,0.0027460113983058102,,,,,,,,,,,,
462.2752550600187,,0.5175088961305292,0.02872443934241401,1.6678146900614421,0.08205496619067955,0.002740112909139113,,,,,,,,,,,,
462.8925362390077,,0.5170253276497441,0.028663751184400028,1.6631551046170372,0.08189470699275435,0.002734227090048899,,,,,,,,,,,,
463.5106416802724,,0.5165422110229803,0.028603191246557063,1.6585085372475112,0.08173476079246624,0.002728353913819592,,,,,,,,,,,,
464.1295724844596,,0.516059545828018,0.028542759257985217,1.6538749515826139,0.08157512697850837,0.0027224933532940592,,,,,,,,,,,,
464.74932975368586,,0.5155773316430318,0.028482454948356953,1.6492543113537068,0.08141580494076792,0.0027166453813735063,,,,,,,,,,,,
465.36991459153853,,0.5150955680465912,0.02842227804791597,1.6446465803934869,0.08125679407032377,0.0027108099710173496,,,,,,,,,,,,
465.99132810307844,,0.5146142546176594,0.02836222828747589,1.640051722635696,0.0810980937594442,0.0027049870952431006,,,,,,,,,,,,
466.6135713948431,,0.5141333909355927,0.028302305398418985,1.635469702114833,0.08093970340158403,0.002699176727126208,,,,,,,,,,,,
467.2366455748476,,0.5136529765801399,0.02824250911269504,1.6309004829658764,0.08078162239138291,0.0026933788397999624,,,,,,,,,,,,
467.86055175258554,,0.5131730111314436,0.02818283916282029,1.626344029424014,0.08062385012466286,0.002687593406455376,,,,,,,,,,,,
468.48529103903206,,0.5126934941700386,0.02812329528187607,1.621800305824353,0.08046638599842597,0.0026818204003410395,,,,,,,,,,,,
469.1108645466467,,0.5122144252768509,0.028063877203507573,1.6172692766016363,0.08030922941085183,0.002676059794763003,,,,,,,,,,,,
469.73727338937465,,0.5117358040331983,0.02800458466192274,1.612750906289969,0.08015237976129534,0.0026703115630846556,,,,,,,,,,,,
470.3645186826475,,0.5112576300207899,0.027945417391891166,1.608245159522549,0.07999583645028487,0.002664575678726606,,,,,,,,,,,,
470.9926015433866,,0.5107799028217264,0.027886375128742744,1.6037520010313802,0.07983959887951934,0.0026588521151665596,,,,,,,,,,,,
471.62152309000464,,0.5103026220184983,0.027827457608366645,1.5992713956470013,0.07968366645186638,0.002653140845939189,,,,,,,,,,,,
472.2512844424084,,0.509825787193986,0.027768664567209927,1.5948033082982025,0.07952803857135965,0.0026474418446360104,,,,,,,,,,,,
472.8818867220001,,0.5093493979314595,0.027709995742276474,1.5903477040117568,0.07937271464319674,0.0026417550849052673,,,,,,,,,,,,
473.51333105167856,,0.5088734538145793,0.02765145087112592,1.5859045479121525,0.07921769407373713,0.0026360805404518095,,,,,,,,,,,,
474.1456185558419,,0.5083979544273943,0.02759302969187236,1.5814738052213149,0.07906297627049985,0.0026304181850369764,,,,,,,,,,,,
474.7787503603907,,0.507922899354342,0.02753473194318313,1.5770554412583258,0.07890856064216067,0.002624767992478457,,,,,,,,,,,,
475.4127275927289,,0.5074482881802478,0.027476557364277662,1.5726494214391598,0.07875444659855046,0.002619129936650182,,,,,,,,,,,,
476.047551381765,,0.5069741204903256,0.027418505694926508,1.56825571127642,0.07860063355065282,0.0026135039914822037,,,,,,,,,,,,
476.68322285791487,,0.5065003958701776,0.02736057667544997,1.5638742763790612,0.07844712091060173,0.002607890130960585,,,,,,,,,,,,
477.31974315310475,,0.5060271139057917,0.02730277004671693,1.559505082452114,0.07829390809167922,0.0026022883291272453,,,,,,,,,,,,
477.9571134007725,,0.5055542741835433,0.027245085550143745,1.5551480952964236,0.07814099450831306,0.0025966985600798707,,,,,,,,,,,,
478.5953347358685,,0.5050818762901943,0.027187522927693178,1.5508032808083883,0.07798837957607509,0.0025911207979717964,,,,,,,,,,,,
479.2344082948589,,0.5046099198128933,0.02713008192187317,1.5464706049796821,0.0778360627116783,0.002585555017011864,,,,,,,,,,,,
479.8743352157271,,0.5041384043391741,0.027072762275735667,1.5421500338969965,0.07768404333297504,0.002580001191464327,,,,,,,,,,,,
480.51511663797703,,0.503667329456956,0.027015563732875437,1.5378415337417635,0.07753232085895453,0.0025744592956487115,,,,,,,,,,,,
481.1567537026342,,0.5031966947545428,0.02695848603742896,1.533545070789899,0.07738089470974054,0.0025689293039396956,,,,,,,,,,,,
481.79924755224664,,0.5027264998206238,0.026901528934073386,1.5292606114115441,0.0772297643065898,0.002563411190767023,,,,,,,,,,,,
482.4425993308882,,0.502256744244273,0.026844692168025302,1.5249881220707966,0.07707892907188921,0.0025579049306153527,,,,,,,,,,,,
483.0868101841613,,0.5017874276149472,0.0267879754850395,1.5207275693254407,0.0769283884291537,0.0025524104980241486,,,,,,,,,,,,
483.73188125919825,,0.5013185495224871,0.02673137863140797,1.5164789198266928,0.07677814180302402,0.002546927867587564,,,,,,,,,,,,
484.3778137046619,,0.5008501095571172,0.02667490135395878,1.512242140318946,0.07662818861926485,0.002541457013954327,,,,,,,,,,,,
485.0246086707491,,0.500382107309445,0.02661854340005489,1.5080171976395043,0.07647852830476251,0.002535997911827628,,,,,,,,,,,,
485.6722673091936,,0.49991454237045996,0.026562304517592956,1.5038040587183157,0.07632916028752229,0.0025305505359649845,,,,,,,,,,,,
486.3207907732669,,0.4994474143315335,0.026506184455002264,1.4996026905777204,0.07618008399666676,0.002525114861178136,,,,,,,,,,,,
486.9701802177796,,0.4989807227844196,0.026450182961243685,1.495413060332199,0.07603129886243357,0.0025196908623329297,,,,,,,,,,,,
487.6204367990848,,0.4985144673212535,0.026394299785808473,1.491235135188105,0.07588280431617303,0.002514278514349208,,,,,,,,,,,,
488.2715616750793,,0.4980486475345518,0.02633853467871715,1.4870688824434153,0.07573459979034633,0.0025088777922006797,,,,,,,,,,,,
488.92355600520676,,0.4975832630172112,0.026282887390518317,1.4829142694874637,0.07558668471852269,0.0025034886709148075,,,,,,,,,,,,
489.57642095045935,,0.4971183133625088,0.026227357672287618,1.4787712638006931,0.07543905853537776,0.0024981111255726975,,,,,,,,,,,,
490.23015767337847,,0.4966537981641023,0.026171945275626676,1.4746398329544064,0.07529172067669145,0.002492745131308983,,,,,,,,,,,,
490.8847673380577,,0.49618971701602943,0.02611664995266197,1.4705199446105066,0.07514467057934561,0.0024873906633117167,,,,,,,,,,,,
491.5402511101463,,0.4957260695127062,0.02606147145604355,1.4664115665212378,0.0749979076813218,0.0024820476968222377,,,,,,,,,,,,
492.1966101568499,,0.49526285524892794,0.026006409538944075,1.4623146665289386,0.07485143142169906,0.0024767162071350603,,,,,,,,,,,,
492.8538456469316,,0.4948000738198689,0.025951463955057784,1.4582292125657965,0.07470524124065238,0.002471396169597786,,,,,,,,,,,,
493.51195875071534,,0.494337724821082,0.02589663445859929,1.4541551726535913,0.07455933657944996,0.0024660875596109605,,,,,,,,,,,,
494.1709506400888,,0.4938758078484973,0.025841920804302417,1.450092514903438,0.07441371688045105,0.0024607903526279668,,,,,,,,,,,,
494.83082248850434,,0.4934143224984221,0.02578732274741918,1.4460412075155435,0.07426838158710414,0.002455504524154915,,,,,,,,,,,,
495.4915754709805,,0.492953268367542,0.025732840043718792,1.4420012187789648,0.0741233301439447,0.002450230049750531,,,,,,,,,,,,
496.153210764105,,0.49249264505291895,0.0256784724494864,1.4379725170713493,0.07397856199659322,0.0024449669050260452,,,,,,,,,,,,
496.8157295460365,,0.4920324521519918,0.025624219721522117,1.433955070858696,0.07383407659175283,0.002439715065645072,,,,,,,,,,,,
497.4791329965076,,0.4915726892625749,0.025570081617139796,1.4299488486950978,0.07368987337720712,0.002434474507323498,,,,,,,,,,,,
498.14342229682643,,0.4911133559828583,0.02551605789416604,1.4259538192225023,0.07354595180181826,0.002429245205829369,,,,,,,,,,,,
498.80859862987734,,0.4906544519114083,0.025462148310939174,1.4219699511704718,0.07340231131552498,0.0024240271369827954,,,,,,,,,,,,
499.47466318012437,,0.4901959766471662,0.025408352626308126,1.4179972133559333,0.0732589513693404,0.0024188202766558175,,,,,,,,,,,,
500.14161713361403,,0.4897379297894475,0.025354670599631212,1.4140355746829272,0.07311587141534955,0.002413624600772302,,,,,,,,,,,,
500.80946167797674,,0.489280310937942,0.025301101990775184,1.4100850041423711,0.07297307090670757,0.0024084400853078315,,,,,,,,,,,,
501.4781980024277,,0.48882311969271436,0.025247646560114214,1.4061454708118226,0.07283054929763796,0.0024032667062895943,,,,,,,,,,,,
502.1478272977699,,0.4883663556542027,0.025194304068528753,1.4022169438552312,0.07268830604343,0.002398104439796282,,,,,,,,,,,,
502.8183507563977,,0.48791001842321813,0.02514107427740437,1.3982993925226908,0.0725463406004368,0.00239295326195796,,,,,,,,,,,,
503.48976957229763,,0.48745410760094454,0.02508795694863077,1.3943927861502052,0.07240465242607307,0.0023878131489559573,,,,,,,,,,,,
504.16208494104944,,0.48699862278893935,0.02503495184460084,1.3904970941594545,0.0722632409788135,0.0023826840770227874,,,,,,,,,,,,
504.8352980598298,,0.4865435635891317,0.0249820587282094,1.3866122860575458,0.07212210571819042,0.002377566022442002,,,,,,,,,,,,
505.5094101274138,,0.4860889296038232,0.024929277362852272,1.3827383314367818,0.07198124610479165,0.0023724589615481077,,,,,,,,,,,,
506.1844223441779,,0.48563472043568656,0.024876607512425087,1.378875199974412,0.07184066160025848,0.0023673628707264333,,,,,,,,,,,,
506.8603359121017,,0.4851809356877653,0.024824048941322317,1.3750228614324036,0.07170035166728356,0.002362277726413035,,,,,,,,,,,,
507.5371520347686,,0.48472757496347496,0.024771601414436274,1.3711812856572085,0.07156031576960913,0.0023572035050945894,,,,,,,,,,,,
508.2148719173694,,0.4842746378666015,0.02471926469715604,1.367350442579523,0.0714205533720249,0.0023521401833082804,,,,,,,,,,,,
508.89349676670497,,0.48382212400130037,0.024667038555366255,1.3635303022140461,0.07128106394036549,0.002347087737641685,,,,,,,,,,,,
509.57302779118777,,0.483370032972097,0.024614922755446213,1.35972083465925,0.07114184694150899,0.0023420461447326694,,,,,,,,,,,,
510.2534662008429,,0.4829183643838871,0.024562917064268865,1.3559220100971523,0.07100290184337477,0.0023370153812692935,,,,,,,,,,,,
510.93481320731104,,0.48246711784193536,0.024511021249199703,1.352133798793078,0.07086422811492141,0.002331995423989684,,,,,,,,,,,,
511.61707002385253,,0.48201629295187437,0.02445923507809561,1.3483561710954157,0.07072582522614444,0.0023269862496819306,,,,,,,,,,,,
512.3002378653456,,0.4815658893197068,0.024407558319304103,1.3445890974354076,0.07058769264807482,0.002321987835183992,,,,,,,,,,,,
512.9843179482928,,0.4811159065518018,0.02435599074166196,1.3408325483268944,0.07044982985277631,0.0023170001573835676,,,,,,,,,,,,
513.6693114908194,,0.48066634425489757,0.024304532114494463,1.3370864943661045,0.07031223631334402,0.0023120231932180165,,,,,,,,,,,,
514.3552197126777,,0.4802172020360998,0.024253182207614264,1.333350906231415,0.07017491150390211,0.0023070569196742296,,,,,,,,,,,,
515.0420438352493,,0.4797684795028803,0.02420194079132027,1.3296257546831178,0.0700378548996017,0.0023021013137885286,,,,,,,,,,,,
515.7297850815469,,0.47932017626307805,0.024150807636396692,1.3259110105631946,0.06990106597661888,0.002297156352646561,,,,,,,,,,,,
516.4184446762154,,0.47887229192489905,0.024099782514112118,1.3222066447950955,0.06976454421215311,0.002292222013383198,,,,,,,,,,,,
517.1080238455347,,0.4784248260969152,0.02404886519621836,1.3185126283835054,0.06962828908442482,0.0022872982731824325,,,,,,,,,,,,
517.7985238174234,,0.47797777838806377,0.023998055454949416,1.3148289324141116,0.06949230007267342,0.0022823851092772535,,,,,,,,,,,,
518.4899458214398,,0.4775311484076472,0.023947353063020482,1.3111555280533826,0.06935657665715528,0.002277482498949558,,,,,,,,,,,,
519.1822910887829,,0.4770849357653339,0.023896757793627047,1.3074923865483492,0.06922111831914211,0.0022725904195300462,,,,,,,,,,,,
519.8755608522957,,0.4766391400711568,0.023846269420443777,1.3038394792263723,0.06908592454091882,0.002267708848398112,,,,,,,,,,,,
520.569756346469,,0.4761937609355124,0.023795887717623386,1.3001967774949108,0.06895099480578099,0.0022628377629817296,,,,,,,,,,,,
521.26487880744,,0.47574879796916236,0.02374561245979594,1.2965642528413177,0.06881632859803394,0.0022579771407573754,,,,,,,,,,,,
521.9609294729987,,0.47530425078323096,0.023695443422067478,1.2929418768325942,0.06868192540298965,0.00225312695924989,,,,,,,,,,,,
522.6579095825862,,0.4748601189892067,0.023645380380019308,1.2893296211151866,0.06854778470696563,0.002248287196032397,,,,,,,,,,,,
523.3558203772985,,0.4744164021989412,0.02359542310970688,1.2857274574147564,0.06841390599728277,0.0022434578287262048,,,,,,,,,,,,
524.0546630998905,,0.4739731000246481,0.023545571387658722,1.2821353575359524,0.06828028876226287,0.0022386388350006717,,,,,,,,,,,,
524.7544389947759,,0.4735302120789032,0.023495824990875484,1.2785532933621975,0.06814693249122727,0.00223383019257313,,,,,,,,,,,,
525.4551493080294,,0.4730877379746454,0.023446183696829086,1.2749812368554718,0.06801383667449476,0.0022290318792087854,,,,,,,,,,,,
526.1567952873893,,0.4726456773251747,0.02339664728346155,1.2714191600560898,0.06788100080337958,0.002224243872720596,,,,,,,,,,,,
526.8593781822615,,0.4722040297441523,0.023347215529183993,1.267867035082474,0.0677484243701894,0.0022194661509691775,,,,,,,,,,,,
527.5628992437198,,0.4717627948456002,0.023297888212875716,1.264324834130944,0.06761610686822327,0.0022146986918627,,,,,,,,,,,,
528.267359724508,,0.4713219722439016,0.023248665113883238,1.2607925294755036,0.06748404779177024,0.0022099414733567913,,,,,,,,,,,,
528.9727608790427,,0.4708815615537999,0.02319954601201928,1.2572700934676146,0.0673522466361068,0.0022051944734544334,,,,,,,,,,,,
529.6791039634153,,0.4704415623903987,0.023150530687561763,1.2537574985359876,0.06722070289749536,0.002200457670205856,,,,,,,,,,,,
530.3863902353955,,0.4700019743691606,0.023101618921252773,1.250254717186357,0.06708941607318201,0.0021957310417084334,,,,,,,,,,,,
531.0946209544327,,0.46956279710590754,0.023052810494297638,1.246761722001271,0.06695838566139467,0.002191014566106588,,,,,,,,,,,,
531.8037973816566,,0.4691240302168212,0.02300410518836402,1.2432784856398835,0.06682761116134155,0.002186308221591691,,,,,,,,,,,,
532.5139207798811,,0.4686856733184417,0.022955502785580863,1.2398049808377334,0.06669709207320887,0.002181611986401964,,,,,,,,,,,,
533.2249924136075,,0.468247726027667,0.02290700306853735,1.2363411804065265,0.06656682789815879,0.0021769258388223646,,,,,,,,,,,,
533.9370135490256,,0.46781018796175294,0.022858605820282027,1.2328870572339286,0.06643681813832789,0.0021722497571844955,,,,,,,,,,,,
534.6499854540145,,0.46737305873831364,0.02281031082432185,1.229442584283357,0.06630706229682509,0.0021675837198665057,,,,,,,,,,,,
535.363909398147,,0.4669363379753206,0.022762117864621186,1.2260077345937652,0.06617755987773002,0.002162927705292998,,,,,,,,,,,,
536.0787866526916,,0.46650002529110157,0.022714026725600765,1.2225824812794261,0.06604831038609049,0.0021582816919349015,,,,,,,,,,,,
536.7946184906147,,0.4660641203043411,0.022666037192136793,1.219166797529726,0.06591931332792103,0.0021536456583093966,,,,,,,,,,,,
537.5114061865813,,0.4656286226340804,0.022618149049560027,1.215760656608961,0.06579056821020123,0.0021490195829798183,,,,,,,,,,,,
538.2291510169591,,0.46519353189971663,0.022570362083654785,1.2123640318561195,0.06566207454087337,0.0021444034445555374,,,,,,,,,,,,
538.9478542598195,,0.46475884772100273,0.022522676080657965,1.2089768966846788,0.06553383182884101,0.002139797221691882,,,,,,,,,,,,
539.6675171949416,,0.46432456971804636,0.022475090827258046,1.205599224582389,0.0654058395839665,0.002135200893090022,,,,,,,,,,,,
540.3881411038137,,0.4638906975113102,0.022427606110594186,1.2022309891110712,0.0652780973170695,0.0021306144374968693,,,,,,,,,,,,
541.1097272696338,,0.4634572307216121,0.022380221718255325,1.1988721639064148,0.06515060453992537,0.002126037833705007,,,,,,,,,,,,
541.8322769773134,,0.4630241689701244,0.02233293743827918,1.195522722677767,0.06502336076526288,0.0021214710605525614,,,,,,,,,,,,
542.5557915134813,,0.4625915118783726,0.022285753059151266,1.1921826392079211,0.0648963655067624,0.0021169140969231146,,,,,,,,,,,,
543.2802721664838,,0.462159259068236,0.022238668369803927,1.1888518873529168,0.06476961827905399,0.002112366921745605,,,,,,,,,,,,
544.0057202263866,,0.4617274101619478,0.022191683159615543,1.1855304410418408,0.06464311859771595,0.0021078295139942407,,,,,,,,,,,,
544.7321369849783,,0.4612959647820941,0.022144797218409475,1.1822182742766172,0.06451686597927268,0.00210330185268839,,,,,,,,,,,,
545.4595237357734,,0.4608649225516132,0.022098010336453085,1.178915361131799,0.06439085994119263,0.002098783916892484,,,,,,,,,,,,
546.1878817740134,,0.46043428309379564,0.022051322304456836,1.175621675754371,0.0642651000018867,0.002094275685715925,,,,,,,,,,,,
546.9172123966684,,0.4600040460322845,0.02200473291357344,1.1723371923635513,0.06413958568070652,0.0020897771383129897,,,,,,,,,,,,
547.6475169024412,,0.4595742109910745,0.021958241955396855,1.1690618852505827,0.06401431649794236,0.002085288253882737,,,,,,,,,,,,
548.3787965917679,,0.45914477759451167,0.021911849221961346,1.1657957287785363,0.06388929197482156,0.0020808090116689023,,,,,,,,,,,,
549.1110527668222,,0.45871574546729266,0.02186555450574051,1.1625386973821037,0.06376451163350626,0.002076339390959803,,,,,,,,,,,,
549.8442867315167,,0.45828711423446483,0.021819357599646406,1.159290765567401,0.06363997499709194,0.002071879371088247,,,,,,,,,,,,
550.578499791504,,0.4578588835214263,0.021773258297028666,1.156051907911775,0.06351568158960562,0.0020674289314314364,,,,,,,,,,,,
551.3136932541801,,0.45743105295392544,0.021727256391673565,1.1528220990635991,0.06339163093600393,0.002062988051410879,,,,,,,,,,,,
552.0498684286879,,0.4570036221580596,0.021681351677802968,1.1496013137420698,0.06326782256217121,0.0020585567104922766,,,,,,,,,,,,
552.7870266259185,,0.4565765907602757,0.0216355439500735,1.1463895267370134,0.06314425599491764,0.0020541348881854323,,,,,,,,,,,,
553.5251691585124,,0.45614995838736994,0.02158983300357571,1.1431867129086948,0.06302093076197789,0.0020497225640441806,,,,,,,,,,,,
554.2642973408626,,0.4557237246664877,0.02154421863383306,1.1399928471876137,0.06289784639200889,0.0020453197176662657,,,,,,,,,,,,
555.0044124891186,,0.4552978892251217,0.021498700636800965,1.1368079045743062,0.06277500241458799,0.002040926328693254,,,,,,,,,,,,
555.7455159211873,,0.4548724516911131,0.021453278808865932,1.1336318601391515,0.06265239836021136,0.00203654237681044,,,,,,,,,,,,
556.4876089567342,,0.4544474116926514,0.02140795294684475,1.1304646890221832,0.06253003376029222,0.002032167841746766,,,,,,,,,,,,
557.2306929171875,,0.4540227688582729,0.021362722847983417,1.1273063664328866,0.062407908147159026,0.0020278027032747084,,,,,,,,,,,,
557.9747691257397,,0.45359852281686164,0.02131758830995636,1.1241568676500104,0.0622860210540536,0.0020234469412101956,,,,,,,,,,,,
558.7198389073509,,0.4531746731976477,0.021272549130865404,1.1210161680213648,0.062164372015129206,0.0020191005354125093,,,,,,,,,,,,
559.4659035887505,,0.4527512196302076,0.02122760510923893,1.117884242963634,0.06204296056544902,0.0020147634657841904,,,,,,,,,,,,
560.2129644984385,,0.45232816174446455,0.021182756044031043,1.1147610679621887,0.06192178624098436,0.002010435712270961,,,,,,,,,,,,
560.9610229666889,,0.45190549917068773,0.02113800173462065,1.1116466185708893,0.06180084857861291,0.0020061172548616136,,,,,,,,,,,,
561.7100803255531,,0.4514832315394911,0.021093341980810414,1.1085408704118898,0.0616801471161166,0.002001808073587923,,,,,,,,,,,,
562.460137908861,,0.45106135848183365,0.021048776582825994,1.105443799175451,0.061559681392180196,0.001997508148524556,,,,,,,,,,,,
563.2111970522228,,0.4506398796290201,0.021004305341315182,1.1023553806197566,0.06143945094638955,0.0019932174597889823,,,,,,,,,,,,
563.9632590930318,,0.45021879461269937,0.020959928057346953,1.099275590570717,0.06131945531922973,0.0019889359875413853,,,,,,,,,,,,
564.7163253704686,,0.44979810306486423,0.020915644532410526,1.0962044049217763,0.061199694052083184,0.0019846637119845557,,,,,,,,,,,,
565.4703972255016,,0.44937780461785115,0.020871454568414504,1.0931417996337285,0.061080166687227946,0.001980400613363805,,,,,,,,,,,,
566.2254760008893,,0.4489578989043409,0.020827357967686116,1.090087750734533,0.06096087276783633,0.001976146671966892,,,,,,,,,,,,
566.9815630411833,,0.44853838555735703,0.02078335453297016,1.0870422343191215,0.06084181183797266,0.0019719018681239077,,,,,,,,,,,,
567.73865969273,,0.4481192642102664,0.020739444067428232,1.0840052265492137,0.06072298344259185,0.001967666182207203,,,,,,,,,,,,
568.4967673036749,,0.4477005344967778,0.020695626374637743,1.0809767036531253,0.060604387127537455,0.001963439594631281,,,,,,,,,,,,
569.2558872239638,,0.4472821960509423,0.020651901258591093,1.0779566419255857,0.0604860224395399,0.0019592220858527147,,,,,,,,,,,,
570.0160208053436,,0.44686424850715356,0.020608268523694857,1.0749450177275575,0.06036788892621517,0.001955013636370063,,,,,,,,,,,,
570.7771694013666,,0.4464466915001468,0.020564727974768892,1.0719418074860463,0.06024998613606272,0.001950814226723772,,,,,,,,,,,,
571.5393343673933,,0.44602952466499807,0.020521279417045322,1.0689469876939126,0.060132313618463634,0.0019466238374960861,,,,,,,,,,,,
572.3025170605944,,0.4456127476371242,0.020477922656167782,1.0659605349096914,0.060014870923679166,0.001942442449310955,,,,,,,,,,,,
573.0667188399512,,0.4451963600522835,0.02043465749819061,1.0629824257574136,0.05989765760284901,0.0019382700428339597,,,,,,,,,,,,
573.8319410662604,,0.4447803615465746,0.020391483749577895,1.0600126369264187,0.059780673207989625,0.0019341065987722058,,,,,,,,,,,,
574.5981851021361,,0.4443647517564354,0.020348401217202567,1.0570511451711675,0.05966391729199216,0.0019299520978742382,,,,,,,,,,,,
575.3654523120124,,0.44394953031864376,0.020305409708345577,1.0540979273110649,0.05954738940862099,0.0019258065209299547,,,,,,,,,,,,
576.1337440621443,,0.4435346968703172,0.02026250903069514,1.0511529602302825,0.059431089112512284,0.0019216698487705187,,,,,,,,,,,,
576.9030617206114,,0.44312025104891256,0.020219698992345724,1.048216220877572,0.059315015959171845,0.001917542062268272,,,,,,,,,,,,
577.6734066573197,,0.4427061924922252,0.020176979401797284,1.0452876862660878,0.05919916950497381,0.00191342314233664,,,,,,,,,,,,
578.4447802440055,,0.4422925208383886,0.020134350067954315,1.0423673334732018,0.059083549307158464,0.0019093130699300437,,,,,,,,,,,,
579.217183854237,,0.4418792357258743,0.020091810800125034,1.0394551396403269,0.05896815492383084,0.001905211826043815,,,,,,,,,,,,
579.9906188634153,,0.4414663367934924,0.020049361408020654,1.0365510819727444,0.058852985913959315,0.0019011193917141097,,,,,,,,,,,,
580.765086648778,,0.44105382368039026,0.020007001701754373,1.033655137739419,0.058738041837373474,0.0018970357480178244,,,,,,,,,,,,
581.540588589403,,0.4406416960260521,0.019964731491840547,1.0307672842728184,0.058623322254762564,0.0018929608760724934,,,,,,,,,,,,
582.3171260662095,,0.44022995347029864,0.019922550589193854,1.0278874989687392,0.05850882672767372,0.0018888947570362123,,,,,,,,,,,,
583.09470046196,,0.43981859565328824,0.019880458805128533,1.0250157592861344,0.0583945548185106,0.001884837372107554,,,,,,,,,,,,
583.8733131612627,,0.4394076222155151,0.01983845595135747,1.0221520427469333,0.0582805060905316,0.001880788702525477,,,,,,,,,,,,
584.6529655505764,,0.43899703279780894,0.01979654183999132,1.01929632693586,0.05816668010784781,0.0018767487295692348,,,,,,,,,,,,
585.433659018211,,0.43858682704133506,0.01975471628353767,1.0164485895002635,0.05805307643542178,0.001872717434558292,,,,,,,,,,,,
586.2153949543292,,0.43817700458759457,0.019712979094900326,1.0136088081499464,0.05793969463906576,0.0018686947988522484,,,,,,,,,,,,
586.9981747509504,,0.4377675650784234,0.019671330087378328,1.010776960656984,0.057826534285439955,0.0018646808038507347,,,,,,,,,,,,
587.7819998019525,,0.4373585081559924,0.019629769074665227,1.0079530248555553,0.05771359494205108,0.001860675430993347,,,,,,,,,,,,
588.5668715030754,,0.4369498334628062,0.019588295870848118,1.0051369786417614,0.05760087617725024,0.0018566786617595335,,,,,,,,,,,,
589.3527912519231,,0.4365415406417034,0.01954691029040689,1.0023287999734587,0.05748837756023169,0.001852690477668532,,,,,,,,,,,,
590.1397604479646,,0.4361336293358571,0.019505612148213478,0.9995284668700898,0.05737609866103118,0.001848710860279284,,,,,,,,,,,,
590.9277804925375,,0.43572609918877364,0.019464401259530924,0.9967359574125066,0.05726403905052422,0.001844739791190337,,,,,,,,,,,,
591.716852788852,,0.4353189498442919,0.01942327744001252,0.9939512497427956,0.05715219830042432,0.0018407772520397639,,,,,,,,,,,,
592.5069787419916,,0.4349121809465838,0.019382240505701046,0.9911743220641103,0.05704057598328136,0.001836823224505079,,,,,,,,,,,,
593.2981597589153,,0.434505792140154,0.019341290273027986,0.988405152640505,0.05692917167248036,0.0018328776903031557,,,,,,,,,,,,
594.0903972484607,,0.4340997830698396,0.019300426558812703,0.9856437197967606,0.056817984942239434,0.0018289406311901455,,,,,,,,,,,,
594.8836926213485,,0.4336941533808086,0.01925964918026145,0.9828900019182084,0.056707015367608055,0.0018250120289613771,,,,,,,,,,,,
595.6780472901803,,0.43328890271856163,0.01921895795496681,0.9801439774505759,0.056596262524466055,0.0018210918654512922,,,,,,,,,,,,
596.4734626694469,,0.4328840307289295,0.019178352700906634,0.9774056248998009,0.05648572598952117,0.001817180122533343,,,,,,,,,,,,
597.269940175526,,0.432479537058075,0.019137833236443438,0.9746749228318782,0.0563754053403082,0.0018132767821199295,,,,,,,,,,,,
598.0674812266864,,0.4320754213524912,0.01909739938032349,0.9719518498726856,0.056265300155187,0.0018093818261622986,,,,,,,,,,,,
598.8660872430918,,0.43167168325900124,0.01905705095167594,0.9692363847078123,0.056155410013340706,0.0018054952366504645,,,,,,,,,,,,
599.6657596468028,,0.43126832242475804,0.0190167877700121,0.9665285060823963,0.05604573449477445,0.001801616995613127,,,,,,,,,,,,
600.4664998617773,0.10697702377922608,0.43061172701700257,0.018971966546307284,0.963398538000424,0.0559289388491151,0.001796996070158109,,,,,,,,,,,,
601.2683093138745,0.10676620734649112,0.4297746696268588,0.01892393056646014,0.9599717740913286,0.05580713969807794,0.0017918501200637417,,,,,,,,,,,,
602.0711894308592,0.10655580636341758,0.4289392393755746,0.01887601621108215,0.9565571990224957,0.05568560579493388,0.0017867189061186698,,,,,,,,,,,,
602.8751416424025,0.10634582001129107,0.428105433100187,0.01882822317222678,0.9531547694387831,0.055564336562039705,0.0017816023861238596,,,,,,,,,,,,
603.680167380083,0.10613624747301087,0.4272732476438831,0.018780551142727277,0.9497644421392664,0.0554433314230103,0.0017765005180011323,,,,,,,,,,,,
604.4862680773916,0.10592708793308657,0.4264426798559861,0.01873299981619462,0.9463861740766845,0.055322589802715816,0.0017714132597928004,,,,,,,,,,,,
605.2934451697347,0.10571834057763423,0.42561372659194197,0.01868556888701543,0.943019922356886,0.05520211112727856,0.0017663405696613176,,,,,,,,,,,,
606.101700094433,0.10551000459437455,0.4247863847133118,0.018638258050350274,0.9396656442383022,0.05508189482407101,0.0017612824058889649,,,,,,,,,,,,
606.911034290729,0.10530207917262832,0.4239606510877551,0.018591067002131433,0.9363232971313838,0.05496194032171233,0.0017562387268774682,,,,,,,,,,,,
607.7214491997853,0.10509456350331431,0.4231365225890219,0.01854399543906115,0.9329928385980786,0.054842247050066247,0.0017512094911476882,,,,,,,,,,,,
608.5329462646887,0.10488745677894581,0.4223139960969394,0.018497043058609608,0.9296742263512839,0.054722814440238104,0.0017461946573392672,,,,,,,,,,,,
609.3455269304543,0.104680758193627,0.4214930684973989,0.018450209559012914,0.9263674182543058,0.05460364192457199,0.0017411941842102794,,,,,,,,,,,,
610.1591926440268,0.10447446694305032,0.4206737366823449,0.01840349463927122,0.9230723723203283,0.05448472893664821,0.0017362080306369066,,,,,,,,,,,,
610.9739448542817,0.10426858222449344,0.41985599754976505,0.018356897999146863,0.919789046711886,0.054366074911280746,0.0017312361556130966,,,,,,,,,,,,
611.7897850120293,0.10406310323681602,0.4190398480036768,0.018310419339162366,0.916517399740327,0.05424767928451444,0.0017262785182502248,,,,,,,,,,,,
612.6067145700181,0.10385802918045609,0.41822528495411465,0.018264058360598454,0.9132573898652792,0.05412954149362205,0.0017213350777767484,,,,,,,,,,,,
613.424734982937,0.10365335925742748,0.41741230531711965,0.018217814765492175,0.9100089756941275,0.05401166097710188,0.001716405793537885,,,,,,,,,,,,
614.2438477074156,0.10344909267131679,0.4166009060147288,0.01817168825663508,0.9067721159814938,0.0538940371746752,0.0017114906249952747,,,,,,,,,,,,
615.0640542020291,0.10324522862728014,0.4157910839749625,0.01812567853757124,0.9035467696287075,0.05377666952728339,0.0017065895317266463,,,,,,,,,,,,
615.8853559273016,0.10304176633203958,0.4149828361318107,0.018079785312595225,0.9003328956832767,0.05365955747708512,0.0017017024734254716,,,,,,,,,,,,
616.7077543457054,0.102838704993881,0.4141761594252257,0.01803400828675045,0.8971304533383856,0.053542700467454185,0.0016968294099006644,,,,,,,,,,,,
617.5312509216681,0.10263604382264996,0.4133710508011059,0.017988347165827027,0.8939394019323564,0.05342609794297627,0.001691970301076213,,,,,,,,,,,,
618.3558471215707,0.10243378202974951,0.41256750721128826,0.01794280165636007,0.8907597009481507,0.05330974934944686,0.00168712510699088,,,,,,,,,,,,
619.1815444137524,0.10223191882813691,0.411765525613535,0.017897371465627743,0.8875913100128466,0.053193654133868354,0.0016822937877978622,,,,,,,,,,,,
620.0083442685144,0.10203045343231998,0.41096510297152083,0.017852056301649294,0.8844341888971228,0.05307781174444722,0.0016774763037644604,,,,,,,,,,,,
620.8362481581211,0.10182938505835457,0.4101662362548228,0.017806855873183244,0.8812882975147511,0.05296222163059169,0.0016726726152717511,,,,,,,,,,,,
621.6652575568015,0.10162871292384165,0.4093689224389098,0.017761769889725602,0.8781535959220936,0.05284688324290914,0.0016678826828142737,,,,,,,,,,,,
622.4953739407534,0.10142843624792416,0.4085731585051302,0.017716798061507902,0.8750300443175896,0.052731796033203424,0.001663106466999695,,,,,,,,,,,,
623.326598788147,0.10122855425128342,0.40777894144069904,0.017671940099495312,0.871917603041246,0.05261695945447205,0.0016583439285484853,,,,,,,,,,,,
624.158933579126,0.10102906615613666,0.4069862682386877,0.0176271957153848,0.8688162325741385,0.052502372960903744,0.0016535950282935933,,,,,,,,,,,,
624.9923797958097,0.100829971186234,0.40619513589801404,0.017582564621603368,0.865725893537915,0.05238803600787607,0.0016488597271801355,,,,,,,,,,,,
625.8269389222968,0.10063126856685531,0.40540554142342905,0.017538046531306115,0.8626465466942871,0.05227394805195253,0.0016441379862650626,,,,,,,,,,,,
626.6626124446674,0.10043295752480726,0.40461748182550666,0.017493641158374443,0.8595781529445382,0.05216010855088022,0.0016394297667168532,,,,,,,,,,,,
627.4994018509869,0.10023503728841987,0.4038309541206306,0.017449348217414118,0.8565206733290192,0.05204651696358688,0.0016347350298151731,,,,,,,,,,,,
628.337308631308,0.10003750708754397,0.4030459553309846,0.017405167423753528,0.8534740690266585,0.051933172750178634,0.001630053736950571,,,,,,,,,,,,
629.1763342776719,0.09984036615354833,0.4022624824845419,0.017361098493441883,0.850438301354474,0.05182007537193752,0.0016253858496241642,,,,,,,,,,,,
630.0164802841117,0.09964361371931643,0.40148053261505323,0.017317141143247342,0.8474133317670771,0.05170722429131875,0.0016207313294473219,,,,,,,,,,,,
630.8577481466571,0.09944724901924326,0.4007001027620339,0.017273295090655134,0.844399121856179,0.05159461897194802,0.0016160901381413332,,,,,,,,,,,,
631.7001393633356,0.09925127128923249,0.3999211899707542,0.017229560053865788,0.8413956333501071,0.05148225887861911,0.0016114622375371047,,,,,,,,,,,,
632.5436554341733,0.09905567976669397,0.39914379129222927,0.017185935751793408,0.8384028281133241,0.051370143477291505,0.0016068475895748512,,,,,,,,,,,,
633.3882978611996,0.09886047369054018,0.39836790378320663,0.01714242190406379,0.8354206681459391,0.05125827223508772,0.0016022461563037816,,,,,,,,,,,,
634.234068148451,0.09866565230118332,0.39759352450615404,0.017099018231012564,0.8324491155832202,0.05114664462029052,0.0015976578998817706,,,,,,,,,,,,
635.0809678019721,0.09847121484053244,0.39682065052924936,0.017055724453683443,0.8294881326951189,0.05103526010234067,0.001593082782575061,,,,,,,,,,,,
635.9289983298171,0.09827716055199083,0.3960492789263708,0.01701254029382651,0.8265376818857951,0.050924118151834515,0.0015885207667579563,,,,,,,,,,,,
636.7781612420551,0.09808348868045268,0.395279406777084,0.01696946547389634,0.8235977256931333,0.050813218240521214,0.0015839718149125083,,,,,,,,,,,,
637.6284580507706,0.09789019847230024,0.3945110311666322,0.01692649971705025,0.8206682267882709,0.050702559841300406,0.0015794358896282046,,,,,,,,,,,,
638.4798902700685,0.09769728917540074,0.3937441491859234,0.016883642747146453,0.8177491479751183,0.050592142428219466,0.0015749129536016587,,,,,,,,,,,,
639.3324594160755,0.09750476003910362,0.3929787579315204,0.01684089428874235,0.8148404521898902,0.050481965476471165,0.0015704029696363055,,,,,,,,,,,,
640.1861670069416,0.09731261031423787,0.3922148545056312,0.016798254067092802,0.8119421025006404,0.05037202846239132,0.001565905900642109,,,,,,,,,,,,
641.041014562844,0.09712083925310876,0.39145243601609686,0.016755721808148303,0.8090540621067873,0.05026233086345619,0.0015614217096352413,,,,,,,,,,,,
641.897003605991,0.09692944610949482,0.39069149957637905,0.016713297238553165,0.8061762943386435,0.050152872158279724,0.001556950359737777,,,,,,,,,,,,
642.7541356606237,0.09673843013864515,0.38993204230555073,0.016670980085643827,0.8033087626569536,0.0500436518266114,0.001552491814177397,,,,,,,,,,,,
643.6124122530169,0.0965477905972768,0.38917406132828614,0.016628770077447154,0.8004514306524351,0.04993466934933378,0.001548046036287089,,,,,,,,,,,,
644.4718349114839,0.09635752674357148,0.3884175537748487,0.016586666942678633,0.7976042620453115,0.04982592420845996,0.0015436129895048463,,,,,,,,,,,,
645.3324051663799,0.0961676378371726,0.38766251678107927,0.01654467041074058,0.7947672206848478,0.04971741588713091,0.0015391926373733527,,,,,,,,,,,,
646.1941245501033,0.0959781231391825,0.3869089474883861,0.016502780211720428,0.7919402705488952,0.0496091438696132,0.0015347849435396927,,,,,,,,,,,,
647.0569945970979,0.09578898191216001,0.3861568430437356,0.01646099607638909,0.7891233757434382,0.049501107641296685,0.0015303898717550586,,,,,,,,,,,,
647.9210168438568,0.09560021342011706,0.38540620059963926,0.016419317736199115,0.7863165005021329,0.04939330668869183,0.0015260073858744468,,,,,,,,,,,,
648.7861928289242,0.09541181692851597,0.38465701731414453,0.016377744923283033,0.7835196091858564,0.04928574049942746,0.0015216374498563591,,,,,,,,,,,,
649.6525240929001,0.09522379170426648,0.3839092903508221,0.01633627737045153,0.7807326662822485,0.04917840856224798,0.001517280027762502,,,,,,,,,,,,
650.5200121784417,0.09503613701572292,0.38316301687875626,0.016294914811191823,0.7779556364052646,0.04907131036701127,0.0015129350837574948,,,,,,,,,,,,
651.3886586302647,0.09484885213268181,0.38241819407253547,0.01625365697966596,0.775188484294731,0.04896444540468628,0.0015086025821085878,,,,,,,,,,,,
652.2584649951475,0.09466193632637852,0.3816748191122405,0.016212503610709098,0.7724311748158927,0.048857813167350515,0.001504282487185352,,,,,,,,,,,,
653.1294328219354,0.09447538886948442,0.3809328891834323,0.016171454439827693,0.7696836729589633,0.04875141314818745,0.0014999747634593865,,,,,,,,,,,,
654.0015636615419,0.09428920903610419,0.3801924014771431,0.0161305092031979,0.7669459438386846,0.04864524484148429,0.0014956793755040295,,,,,,,,,,,,
654.8748590669497,0.09410339610177323,0.37945335318986645,0.016089667637663924,0.7642179526938877,0.048539307742629684,0.0014913962879940792,,,,,,,,,,,,
655.7493205932158,0.09391794934345474,0.3787157415235454,0.016048929480736246,0.7614996648870476,0.04843360134811124,0.0014871254657054878,,,,,,,,,,,,
656.6249497974745,0.09373286803953632,0.3779795636855611,0.01600829447058993,0.7587910459038393,0.04832812515551286,0.0014828668735150717,,,,,,,,,,,,
657.5017482389399,0.09354815146982776,0.3772448168887233,0.01596776234606294,0.7560920613527035,0.04822287866351266,0.0014786204764002267,,,,,,,,,,,,
658.3797174789062,0.09336379891555838,0.37651149835126063,0.015927332846654547,0.7534026769644143,0.048117861371880614,0.0014743862394386502,,,,,,,,,,,,
659.2588590807535,0.09317980965937385,0.3757796052968088,0.015887005712523584,0.750722858591638,0.048013072781476034,0.0014701641278080382,,,,,,,,,,,,
660.1391746099487,0.0929961829853335,0.37504913495440084,0.015846780684486802,0.748052572208503,0.04790851239424527,0.0014659541067858085,,,,,,,,,,,,
661.0206656340504,0.09281291817890744,0.37432008455845517,0.015806657504017125,0.7453917839101624,0.04780417971321917,0.0014617561417488054,,,,,,,,,,,,
661.9033337227105,0.09263001452697375,0.3735924513487661,0.01576663591324208,0.742740459912367,0.04770007424251089,0.0014575701981730258,,,,,,,,,,,,
662.7871804476755,0.09244747131781628,0.37286623257049467,0.01572671565494215,0.740098566551041,0.0475961954873136,0.0014533962416333316,,,,,,,,,,,,
663.6722073827904,0.09226528784112119,0.3721414254741569,0.015686896472549092,0.73746607028185,0.047492542953898084,0.0014492342378031682,,,,,,,,,,,,
664.5584161040034,0.09208346338797438,0.3714180273156124,0.015647178110144214,0.7348429376797709,0.04738911614961012,0.001445084152454274,,,,,,,,,,,,
665.4458081893672,0.09190199725085868,0.37069603535605505,0.015607560312456798,0.7322291354386724,0.047285914582868446,0.0014409459514564027,,,,,,,,,,,,
666.3343852190399,0.09172088872365151,0.3699754468620038,0.015568042824862521,0.7296246303708952,0.047182937763162444,0.0014368196007770557,,,,,,,,,,,,
667.22414877529,0.09154013710162189,0.36925625910529103,0.015528625393381748,0.7270293894068272,0.04708018520104972,0.0014327050664811865,,,,,,,,,,,,
668.1151004425,0.09135974168142716,0.3685384693630513,0.015489307764677865,0.724443379594479,0.04697765640815361,0.0014286023147309218,,,,,,,,,,,,
669.007241807168,0.0911797017611109,0.36782207491771224,0.01545008968605567,0.7218665680990705,0.04687535089716101,0.001424511311785287,,,,,,,,,,,,
669.9005744579094,0.09100001664010023,0.36710707305698503,0.015410970905459842,0.7192989222026168,0.04677326818182021,0.001420432023999939,,,,,,,,,,,,
670.7950999854614,0.09082068561920277,0.3663934610738528,0.015371951171473218,0.7167404093035077,0.04667140777693836,0.0014163644178268732,,,,,,,,,,,,
671.6908199826847,0.09064170800060403,0.3656812362665611,0.015333030233315241,0.7141909969160971,0.046569769198379324,0.0014123084598141567,,,,,,,,,,,,
672.5877360445684,0.09046308308786456,0.36497039593860664,0.015294207840840247,0.7116506526702853,0.04646835196306111,0.0014082641166056503,,,,,,,,,,,,
673.4858497682312,0.09028481018591727,0.36426093739872745,0.01525548374453595,0.7091193443111113,0.046367155588953775,0.0014042313549407297,,,,,,,,,,,,
674.3851627529234,0.09010688860106518,0.36355285796089437,0.015216857695521857,0.7065970396983473,0.04626617959507729,0.001400210141654025,,,,,,,,,,,,
675.2856766000305,0.0899293176409782,0.3628461549442995,0.015178329445547629,0.7040837068060871,0.04616542350149905,0.001396200443675139,,,,,,,,,,,,
676.1873929130778,0.08975209661469045,0.362140825673345,0.015139898746991426,0.7015793137223351,0.04606488682933148,0.00139220222802837,,,,,,,,,,,,
677.090313297732,0.08957522483259772,0.36143686747763404,0.015101565352858372,0.699083828648605,0.04596456910072991,0.0013882154618324505,,,,,,,,,,,,
677.9944393618023,0.08939870160645498,0.36073427769196187,0.015063329016779028,0.6965972198995205,0.04586446983889043,0.001384240112300275,,,,,,,,,,,,
678.8997727152447,0.08922252624937362,0.3600330536563046,0.015025189493007744,0.6941194559024085,0.045764588568047514,0.0013802761467386297,,,,,,,,,,,,
679.8063149701666,0.08904669807581819,0.3593331927158079,0.014987146536421043,0.6916505051968945,0.045664924813471536,0.001376323532547915,,,,,,,,,,,,
680.7140677408281,0.0888712164016044,0.35863469222077826,0.014949199902516067,0.6891903364345074,0.045565478101466765,0.0013723822372218896,,,,,,,,,,,,
681.6230326436432,0.08869608054389644,0.35793754952667395,0.014911349347409095,0.6867389183782847,0.045466247959369176,0.0013684522283473994,,,,,,,,,,,,
682.5332112971853,0.08852128982120408,0.35724176199409324,0.014873594627833874,0.6842962199023704,0.04536723391554403,0.0013645334736041073,,,,,,,,,,,,
683.4446053221881,0.08834684355338007,0.35654732698876573,0.014835935501140119,0.6818622099916238,0.04526843549938375,0.001360625940764237,,,,,,,,,,,,
684.3572163415512,0.08817274106161739,0.3558542418815407,0.01479837172529185,0.6794368577412199,0.04516985224130549,0.0013567295976922912,,,,,,,,,,,,
685.271045980341,0.08799898166844665,0.35516250404837807,0.014760903058865942,0.6770201323562604,0.04507148367274904,0.001352844412344798,,,,,,,,,,,,
686.1860958657926,0.08782556469773382,0.35447211087033964,0.014723529261050566,0.6746120031513869,0.04497332932617472,0.0013489703527700516,,,,,,,,,,,,
687.1023676273139,0.08765248947467735,0.3537830597335782,0.014686250091643628,0.6722124395503878,0.04487538873506107,0.0013451073871078478,,,,,,,,,,,,
688.0198628964902,0.0874797553258051,0.35309534802932646,0.014649065311051155,0.6698214110858053,0.04477766143390238,0.001341255483589209,,,,,,,,,,,,
688.9385833070851,0.08730736157897223,0.3524089731538882,0.014611974680285808,0.6674388873985533,0.04468014695820679,0.0013374146105361341,,,,,,,,,,,,
689.8585304950427,0.08713530756335873,0.35172393250862954,0.014574977960965416,0.6650648382375354,0.044582844844494054,0.0013335847363613418,,,,,,,,,,,,
690.7797060984914,0.0869635926094666,0.35104022349996816,0.014538074915311365,0.6626992334592564,0.04448575463029331,0.001329765829568004,,,,,,,,,,,,
691.7021117577491,0.08679221604911663,0.3503578435393616,0.01450126530614702,0.6603420430274354,0.04438887585414062,0.001325957858749484,,,,,,,,,,,,
692.6257491153214,0.08662117721544707,0.34967679004330143,0.01446454889689636,0.6579932370126356,0.044292208055577265,0.0013221607925890896,,,,,,,,,,,,
693.5506198159097,0.08645047544290976,0.34899706043329903,0.014427925451582252,0.6556527855918712,0.044195750775147036,0.0013183745998597983,,,,,,,,,,,,
694.47672550641,0.08628011006726856,0.3483186521358798,0.014391394734825131,0.6533206590482405,0.04409950355439448,0.0013145992494240175,,,,,,,,,,,,
695.4040678359167,0.08611008042559615,0.34764156258257156,0.014354956511841401,0.6509968277705437,0.0440034659358626,0.001310834710233326,,,,,,,,,,,,
696.3326484557284,0.0859403858562715,0.34696578920989385,0.014318610548441864,0.6486812622529026,0.0439076374630904,0.0013070809513282039,,,,,,,,,,,,
697.262469019348,0.08577102569897745,0.3462913294593494,0.014282356611030273,0.6463739330943904,0.043812017680611,0.0013033379418377902,,,,,,,,,,,,
698.1935311824853,0.08560199929469824,0.34561818077741524,0.014246194466601912,0.6440748109986617,0.04371660613394956,0.0012996056509796303,,,,,,,,,,,,
699.1258366030611,0.08543330598571697,0.34494634061553237,0.014210123882742,0.6417838667735765,0.04362140236962094,0.0012958840480594242,,,,,,,,,,,,
700.0593869412112,0.08526494511561242,0.34427580643009464,0.01417414462762416,0.6395010713308266,0.04352640593512745,0.0012921731024707597,,,,,,,,,,,,
700.9941838592882,0.08509691602925713,0.3436065756824405,0.014138256470008997,0.6372263956855694,0.04343161637895684,0.0012884727836948715,,,,,,,,,,,,
701.9302290218634,0.08492921807281488,0.3429386458388442,0.014102459179242651,0.6349598109560637,0.04333703325058024,0.0012847830613003934,,,,,,,,,,,,
702.8675240957302,0.08476185059373799,0.34227201437050536,0.014066752525255272,0.6327012883632992,0.04324265610044999,0.0012811039049431072,,,,,,,,,,,,
703.8060707499105,0.08459481294076422,0.3416066787535375,0.014031136278559434,0.6304507992306261,0.043148484479997126,0.001277435284365678,,,,,,,,,,,,
704.7458706556515,0.0844281044639154,0.3409426364689626,0.013995610210248898,0.6282083149834029,0.04305451794162989,0.001273777169397429,,,,,,,,,,,,
705.6869254864351,0.08426172451449368,0.34027988500269707,0.013960174091996874,0.6259738071486199,0.04296075603873101,0.0012701295299540696,,,,,,,,,,,,
706.6292369179757,0.08409567244508005,0.3396184218455459,0.013924827696054767,0.62374724735455,0.04286719832565599,0.0012664923360374708,,,,,,,,,,,,
707.5728066282253,0.08392994760953117,0.3389582444931917,0.013889570795250631,0.6215286073303826,0.042773844357730864,0.0012628655577354047,,,,,,,,,,,,
708.5176362973777,0.08376454936297692,0.33829935044618403,0.013854403162987656,0.6193178589058619,0.04268069369124992,0.001259249165221296,,,,,,,,,,,,
709.4637276078706,0.083599477061818,0.33764173720993135,0.013819324573242748,0.6171149740109323,0.0425877458834737,0.0012556431287539824,,,,,,,,,,,,
710.4110822443866,0.08343473006372364,0.33698540229469204,0.013784334800565174,0.6149199246753855,0.0424950004926271,0.001252047418677477,,,,,,,,,,,,
711.3597018938581,0.08327030772762896,0.3363303432155643,0.013749433620075005,0.612732683028502,0.04240245707789706,0.001248462005420714,,,,,,,,,,,,
712.3095882454711,0.08310620941373204,0.33567655749247594,0.01371462080746165,0.6105532212986937,0.04231011519943034,0.0012448868594973042,,,,,,,,,,,,
713.2607429906678,0.08294243448349187,0.3350240426501753,0.013679896138982456,0.6083815118131547,0.042217974418331645,0.0012413219515052974,,,,,,,,,,,,
714.2131678231472,0.08277898229962607,0.33437279621822363,0.013645259391461335,0.6062175269975136,0.042126034296661584,0.0012377672521269433,,,,,,,,,,,,
715.1668644388697,0.08261585222610814,0.3337228157309843,0.013610710342287266,0.6040612393754795,0.042034294397434495,0.0012342227321284508,,,,,,,,,,,,
716.1218345360629,0.08245304362816447,0.333074098727612,0.013576248769412777,0.6019126215684885,0.04194275428461617,0.0012306883623597331,,,,,,,,,,,,
717.0780798152191,0.08229055587227303,0.33242664275204725,0.013541874451352737,0.5997716462953675,0.04185141352312222,0.0012271641137541894,,,,,,,,,,,,
718.0356019791041,0.0821283883261597,0.33178044535300266,0.013507587167182675,0.5976382863719747,0.04176027167881552,0.0012236499573284444,,,,,,,,,,,,
718.994402732755,0.08196654035879673,0.3311355040839574,0.01347338669653758,0.5955125147108663,0.04166932831850456,0.0012201458641821318,,,,,,,,,,,,
719.9544837834862,0.08180501134039997,0.33049181650314635,0.013439272819610387,0.5933943043209468,0.04157858300994125,0.0012166518054976421,,,,,,,,,,,,
720.915846840893,0.08164380064242599,0.3298493801735499,0.01340524531715052,0.5912836283071237,0.04148803532181863,0.0012131677525398846,,,,,,,,,,,,
721.8784936168533,0.08148290763757014,0.32920819266288576,0.013371303970462536,0.5891804598699691,0.04139768482376907,0.001209693676656055,,,,,,,,,,,,
722.8424258255302,0.08132233169976417,0.3285682515436007,0.01333744856140476,0.5870847723053828,0.0413075310863623,0.0012062295492754086,,,,,,,,,,,,
723.8076451833749,0.08116207220417368,0.32792955439286026,0.01330367887238786,0.5849965390042496,0.041217573681103216,0.0012027753419090138,,,,,,,,,,,,
724.7741534091325,0.08100212852719521,0.3272920987925388,0.013269994686373354,0.5829157334520986,0.04112781218042977,0.001199331026149517,,,,,,,,,,,,
725.7419522238432,0.08084250004645435,0.32665588232921117,0.0132363957868723,0.5808423292287697,0.04103824615771102,0.0011958965736709115,,,,,,,,,,,,
726.7110433508436,0.08068318614080339,0.3260209025941446,0.013202881957943946,0.5787763000080811,0.040948875187245236,0.0011924719562283153,,,,,,,,,,,,
727.6814285157725,0.0805241861903186,0.32538715718328826,0.01316945298419426,0.5767176195574906,0.04085969884425771,0.0011890571456577236,,,,,,,,,,,,
728.653109446572,0.08036549957629797,0.3247546436972647,0.013136108650774608,0.5746662617377655,0.04077071670489888,0.0011856521138757857,,,,,,,,,,,,
729.6260878734931,0.08020712568125855,0.3241233597413599,0.013102848743380278,0.5726222005026457,0.04068192834624201,0.0011822568328795665,,,,,,,,,,,,
730.6003655290973,0.08004906388893428,0.3234933029255147,0.013069673048249186,0.5705854098985169,0.04059333334628147,0.0011788712747463246,,,,,,,,,,,,
731.5759441482579,0.07989131358427372,0.32286447086431697,0.013036581352160515,0.5685558640640833,0.040504931283930755,0.0011754954116332803,,,,,,,,,,,,
732.5528254681652,0.07973387415343759,0.3222368611769915,0.013003573442433317,0.5665335372300371,0.04041672173902037,0.001172129215777387,,,,,,,,,,,,
733.5310112283303,0.07957674498379591,0.3216104714873901,0.012970649106925091,0.5645184037187267,0.04032870429229572,0.0011687726594950952,,,,,,,,,,,,
734.5105031705872,0.07941992546392611,0.32098529942398335,0.012937808134030466,0.5625104379438357,0.04024087852541526,0.0011654257151821352,,,,,,,,,,,,
735.4913030390943,0.07926341498361074,0.3203613426198531,0.01290505031267989,0.5605096144100595,0.040153244020948595,0.0011620883553132867,,,,,,,,,,,,
736.4734125803391,0.0791072129338349,0.3197385987126819,0.012872375432338252,0.5585159077127794,0.040065800362374414,0.0011587605524421532,,,,,,,,,,,,
737.4568335431425,0.07895131870678354,0.31911706534474343,0.012839783283003427,0.5565292925377365,0.03997854713407829,0.0011554422792009287,,,,,,,,,,,,
738.4415676786607,0.07879573169583949,0.31849674016289475,0.012807273655205013,0.5545497436607137,0.03989148392135098,0.0011521335083001824,,,,,,,,,,,,
739.427616740387,0.07864045129558127,0.31787762081856785,0.012774846340003025,0.5525772359472184,0.03980461031038646,0.001148834212528632,,,,,,,,,,,,
740.4149824841564,0.07848547690178034,0.3172597049677597,0.012742501128986481,0.5506117443521582,0.03971792588827981,0.0011455443647529167,,,,,,,,,,,,
741.4036666681482,0.07833080791139897,0.31664299027102405,0.012710237814272107,0.5486532439195271,0.03963143024302539,0.001142263937917378,,,,,,,,,,,,
742.3936710528906,0.07817644372258764,0.3160274743934615,0.01267805618850292,0.5467017097820831,0.03954512296351466,0.0011389929050438328,,,,,,,,,,,,
743.3849974012629,0.07802238373468287,0.31541315500471145,0.012645956044846973,0.5447571171610358,0.03945900363953439,0.0011357312392313512,,,,,,,,,,,,
744.3776474784967,0.07786862734820511,0.3148000297789439,0.012613937176996042,0.5428194413657349,0.03937307186176481,0.0011324789136560435,,,,,,,,,,,,
745.3716230521808,0.07771517396485625,0.31418809639485024,0.012581999379164264,0.5408886577933536,0.039287327221777545,0.0011292359015708322,,,,,,,,,,,,
746.3669258922658,0.07756202298751684,0.3135773525356332,0.012550142446086768,0.5389647419285732,0.039201769312033515,0.0011260021763052337,,,,,,,,,,,,
747.3635577710658,0.0774091738202443,0.3129677958889989,0.012518366173018401,0.5370476693432749,0.03911639772588122,0.0011227777112651348,,,,,,,,,,,,
748.3615204632597,0.07725662586827065,0.3123594241471496,0.012486670355732466,0.5351374156962324,0.03903121205755483,0.001119562479932584,,,,,,,,,,,,
749.3608157458966,0.077104378538,0.3117522350067733,0.012455054790519346,0.5332339567328003,0.03894621190217218,0.0011163564558655673,,,,,,,,,,,,
750.3614453983996,0.07695243123700596,0.31114622616903453,0.012423519274185179,0.5313372682846025,0.038861396855732706,0.0011131596126977893,,,,,,,,,,,,
751.3634112025682,0.07680078337402968,0.3105413953395666,0.012392063604050556,0.529447326269229,0.038776766515115677,0.0011099719241384545,,,,,,,,,,,,
752.3667149425793,0.07664943435897771,0.3099377402284635,0.012360687577949302,0.5275641066899327,0.03869232047807835,0.0011067933639720613,,,,,,,,,,,,
753.3713584049934,0.07649838360291933,0.3093352585502702,0.012329390994227085,0.5256875856353204,0.038608058343253926,0.001103623906058176,,,,,,,,,,,,
754.3773433787555,0.07634763051808462,0.30873394802397497,0.012298173651740183,0.5238177392790517,0.03852397971014976,0.0011004635243312272,,,,,,,,,,,,
755.3846716552013,0.07619717451786154,0.3081338063729987,0.012267035349854094,0.5219545438795331,0.03844008417914518,0.0010973121928002786,,,,,,,,,,,,
756.3933450280579,0.07604701501679424,0.307534831325188,0.012235975888442338,0.5200979757796185,0.03835637135148987,0.0010941698855488227,,,,,,,,,,,,
757.4033652934467,0.07589715143058079,0.3069370206128073,0.012204995067885171,0.5182480114063118,0.038272840829301984,0.0010910365767345723,,,,,,,,,,,,
758.4147342498869,0.07574758317607075,0.30634037197252884,0.012174092689068284,0.5164046272704654,0.03818949221556616,0.001087912240589245,,,,,,,,,,,,
759.4274536983014,0.07559830967126255,0.30574488314542386,0.012143268553381461,0.5145677999664786,0.03810632511413152,0.0010847968514183432,,,,,,,,,,,,
760.4415254420176,0.07544933033530164,0.3051505518769547,0.01211252246271736,0.512737506172003,0.0380233391297099,0.0010816903836009491,,,,,,,,,,,,
761.4569512867691,0.07530064458847839,0.3045573759169671,0.012081854219470285,0.5109137226476498,0.037940533867874084,0.001078592811589518,,,,,,,,,,,,
762.4737330407012,0.07515225185222556,0.3039653530196807,0.012051263626534858,0.5090964262366917,0.03785790893505586,0.0010755041099096668,,,,,,,,,,,,
763.4918725143748,0.07500415154911576,0.3033744809436801,0.012020750487304733,0.5072855938647657,0.03777546393854392,0.0010724242531599548,,,,,,,,,,,,
764.5113715207688,0.07485634310285964,0.30278475745190647,0.011990314605671343,0.5054812025395836,0.037693198486482234,0.0010693532160116828,,,,,,,,,,,,
765.5322318752811,0.07470882593830372,0.3021961803116509,0.011959955786022707,0.5036832293506422,0.037611112187868244,0.001066290973208688,,,,,,,,,,,,
766.5544553957349,0.07456159948142782,0.30160874729454384,0.011929673833242102,0.5018916514689288,0.037529204652550836,0.0010632374995671295,,,,,,,,,,,,
767.5780439023794,0.07441466315934314,0.30102245617654805,0.011899468552706856,0.5001064461466334,0.0374474754912286,0.0010601927699752883,,,,,,,,,,,,
768.6029992178965,0.0742680164002895,0.30043730473794855,0.011869339750287014,0.4983275907168564,0.03736592431544782,0.0010571567593933497,,,,,,,,,,,,
769.6293231674016,0.07412165863363358,0.2998532907633454,0.011839287232344163,0.4965550625933235,0.03728455073760074,0.0010541294428532046,,,,,,,,,,,,
770.657017578446,0.0739755892898668,0.2992704120416456,0.01180931080573021,0.49478883927010114,0.03720335437092379,0.001051110795458247,,,,,,,,,,,,
771.686084281021,0.07382980780060291,0.2986886663660549,0.011779410277786099,0.4930288983213085,0.03712233482949576,0.001048100792383169,,,,,,,,,,,,
772.7165251075631,0.07368431359857544,0.2981080515340673,0.011749585456340531,0.4912752174008297,0.03704149172823564,0.0010450994088737457,,,,,,,,,,,,
773.7483418929561,0.07353910611763591,0.29752856534745836,0.011719836149708781,0.4895277742420332,0.036960824682901135,0.001042106620246641,,,,,,,,,,,,
774.7815364745317,0.07339418479275174,0.296950205612278,0.011690162166691498,0.4877865466574914,0.036880333310086805,0.0010391224018892057,,,,,,,,,,,,
775.8161106920754,0.07324954906000382,0.29637297013884034,0.011660563316573435,0.48605151253869616,0.036800017227222176,0.0010361467292592757,,,,,,,,,,,,
776.852066387831,0.07310519835658416,0.29579685674171546,0.011631039409122197,0.484322649855776,0.03671987605256981,0.0010331795778849597,,,,,,,,,,,,
777.8894054065022,0.07296113212079379,0.2952218632397216,0.011601590254587027,0.48259993665721834,0.03663990940522358,0.0010302209233644455,,,,,,,,,,,,
778.9281295952543,0.07281734979204096,0.29464798745591775,0.011572215663697661,0.480883351069594,0.03656011690510701,0.0010272707413658026,,,,,,,,,,,,
779.96824080372,0.07267385081083855,0.29407522721759427,0.011542915447663034,0.4791728712972751,0.036480498172971255,0.0010243290076267795,,,,,,,,,,,,
781.0097408840011,0.07253063461880212,0.2935035803562654,0.01151368941817011,0.47746847562216105,0.03640105283039348,0.0010213956979546017,,,,,,,,,,,,
782.0526316906739,0.07238770065864732,0.2929330447076597,0.011484537387382603,0.47577014240339915,0.03632178049977476,0.001018470788225771,,,,,,,,,,,,
783.0969150807913,0.07224504837418809,0.2923636181117129,0.011455459167939833,0.47407785007711206,0.03624268080433858,0.001015554254385869,,,,,,,,,,,,
784.1425929138845,0.07210267721033466,0.29179529841256063,0.011426454572955536,0.47239157715612673,0.03616375336812901,0.0010126460724493686,,,,,,,,,,,,
785.1896670519674,0.07196058661309117,0.291228083458529,0.011397523416016641,0.470711302229699,0.03608499781600888,0.0010097462184994249,,,,,,,,,,,,
786.2381393595421,0.0718187760295532,0.290661971102126,0.011368665511182015,0.4690370039632392,0.03600641377365783,0.0010068546686876785,,,,,,,,,,,,
787.2880117036003,0.07167724490790597,0.2900969592000341,0.011339880672981324,0.46736866109804387,0.035928000867570725,0.0010039713992340635,,,,,,,,,,,,
788.3392859536253,0.0715359926974224,0.28953304561310284,0.011311168716413873,0.4657062524510281,0.03584975872505589,0.0010010963864266176,,,,,,,,,,,,
789.3919639815965,0.0713950188484607,0.28897022820634033,0.01128252945694738,0.46404975691445455,0.035771686974233344,0.0009982296066212784,,,,,,,,,,,,
790.4460476619946,0.071254322812462,0.2884085048489035,0.011253962710516758,0.46239915345566235,0.03569378524403276,0.0009953710362416886,,,,,,,,,,,,
791.5015388718035,0.07111390404194841,0.28784787341409185,0.011225468293522941,0.46075442111680276,0.03561605316419199,0.000992520651779004,,,,,,,,,,,,
792.5584394905117,0.07097376199052124,0.28728833177933955,0.011197046022831782,0.45911553901457597,0.035538490365255304,0.0009896784297917082,,,,,,,,,,,,
793.6167514001181,0.07083389611285845,0.28672987782620635,0.011168695715772796,0.4574824863399616,0.035461096478571506,0.000986844346905408,,,,,,,,,,,,
794.6764764851342,0.07069430586471277,0.28617250944037054,0.011140417190138032,0.4558552423579572,0.03538387113629228,0.0009840183798126491,,,,,,,,,,,,
795.7376166325894,0.07055499070290913,0.2856162245116195,0.011112210264180826,0.45423378640731155,0.035306813971370275,0.0009812005052727171,,,,,,,,,,,,
796.8001737320324,0.07041595008534302,0.28506102093384245,0.01108407475661471,0.45261809790026425,0.035229924617557494,0.00097839070011145,,,,,,,,,,,,
797.8641496755341,0.07027718347097837,0.28450689660502365,0.011056010486612243,0.4510081563222872,0.035153202709403635,0.000975588941221055,,,,,,,,,,,,
798.9295463576915,0.07013869031984539,0.28395384942723356,0.011028017273803844,0.44940394123182154,0.035076647882254265,0.0009727952055599088,,,,,,,,,,,,
799.9963656756332,0.07000047009303814,0.28340187730661953,0.011000094938276566,0.4478054322600156,0.03500025977224893,0.0009700094701523679,,,,,,,,,,,,
801.0646095290211,0.06985172951290236,0.282746323423418,0.010977999766129511,0.4460799952336345,0.03490982222180073,0.0009676496281688746,,,,,,,,,,,,
802.134279820052,0.06970326819710579,0.28209192932951627,0.010955968605102721,0.44436075527892654,0.03481956992754759,0.0009652969516703445,,,,,,,,,,,,
803.2053784534629,0.06955512241769533,0.2814390497791994,0.010933981657235588,0.4426481414586654,0.03472955096237212,0.0009629499953070239,,,,,,,,,,,,
804.2779073365357,0.06940729150403685,0.28078768126717507,0.010912038833799062,0.4409421282350197,0.03463976472304903,0.0009606087451713682,,,,,,,,,,,,
805.3518683790991,0.0692597747869216,0.2801378202962636,0.010890140046242175,0.43924269016858375,0.03455021060791257,0.0009582731873896494,,,,,,,,,,,,
806.4272634935305,0.06911257159856325,0.27948946337738045,0.010868285206191687,0.4375498019180005,0.034460888016852625,0.0009559433081218721,,,,,,,,,,,,
807.5040945947616,0.06896568127259484,0.2788426070295155,0.010846474225451694,0.43586343823958007,0.03437179635131045,0.0009536190935616894,,,,,,,,,,,,
808.5823636002805,0.06881910314406564,0.27819724777971594,0.010824707016003302,0.43418357398692553,0.03428293501427483,0.0009513005299363245,,,,,,,,,,,,
809.6620724301371,0.068672836549438,0.2775533821630657,0.01080298349000424,0.43251018411055436,0.03419430341027784,0.0009489876035064825,,,,,,,,,,,,
810.7432230069454,0.06852688082658463,0.27691100672266794,0.010781303559788505,0.4308432436575275,0.034105900945391086,0.0009466803005662737,,,,,,,,,,,,
811.8258172558851,0.06838123531478567,0.27627011800962775,0.010759667137866066,0.42918272777107974,0.03401772702722173,0.0009443786074431353,,,,,,,,,,,,
812.9098571047062,0.06823589935472546,0.2756307125830322,0.010738074136922467,0.42752861169024636,0.03392978106490846,0.0009420825104977465,,,,,,,,,,,,
813.9953444837352,0.06809087228848958,0.27499278700993113,0.010716524469818458,0.42588087074949166,0.03384206246911738,0.0009397919961239473,,,,,,,,,,,,
815.0822813258753,0.06794615345956181,0.2743563378653197,0.010695018049589654,0.42423948037834336,0.03375457065203822,0.0009375070507486552,,,,,,,,,,,,
816.17066956661,0.06780174221282151,0.27372136173212097,0.010673554789446225,0.4226044161010292,0.033667305027380474,0.0009352276608317941,,,,,,,,,,,,
817.2605111440064,0.06765763789454046,0.2730878552011665,0.010652134602772515,0.42097565353610894,0.033580265010369405,0.0009329538128662074,,,,,,,,,,,,
818.3518079987226,0.06751383985237948,0.27245581487117676,0.010630757403126658,0.41935316839610726,0.033493450017741865,0.000930685493377574,,,,,,,,,,,,
819.4445620740046,0.06737034743538635,0.2718252373487461,0.01060942310424031,0.41773693648716054,0.033406859467742904,0.0009284226889243404,,,,,,,,,,,,
820.5387753156965,0.0672271599939919,0.27119611924832054,0.010588131620018202,0.4161269337086457,0.033320492780121294,0.0009261653860976263,,,,,,,,,,,,
821.6344496722384,0.06708427688000781,0.2705684571921835,0.010566882864537878,0.41452313605283,0.033234349376126154,0.0009239135715211589,,,,,,,,,,,,
822.7315870946717,0.06694169744662355,0.26994224781043535,0.01054567675204934,0.4129255196045087,0.033148428678502824,0.0009216672318511864,,,,,,,,,,,,
823.8301895366453,0.06679942104840295,0.2693174877409754,0.010524513196974625,0.4113340605406467,0.0330627301114889,0.000919426353776399,,,,,,,,,,,,
824.9302589544166,0.06665744704128168,0.268694173629484,0.010503392113907516,0.4097487351300253,0.03297725310081047,0.0009171909240178486,,,,,,,,,,,,
826.0317973068534,0.06651577478256457,0.26807230212940575,0.010482313417613222,0.40816951973289095,0.032891997073678486,0.0009149609293288771,,,,,,,,,,,,
827.1348065554392,0.06637440363092234,0.2674518699019307,0.01046127702302802,0.40659639080060006,0.032806961458784666,0.0009127363564950333,,,,,,,,,,,,
828.2392886642788,0.06623333294638853,0.26683287361597524,0.010440282845258851,0.4050293248752657,0.032722145686297624,0.0009105171923339913,,,,,,,,,,,,
829.345245600099,0.06609256209035701,0.2662153099481655,0.010419330799583027,0.40346829858941036,0.03263754918785915,0.0009083034236954755,,,,,,,,,,,,
830.4526793322518,0.065952090425579,0.26559917558281987,0.010398420801447917,0.4019132886656193,0.03255317139658055,0.0009060950374611857,,,,,,,,,,,,
831.5615918327184,0.06581191731616008,0.26498446721193103,0.01037755276647057,0.4003642719161917,0.03246901174703871,0.00090389202054472,,,,,,,,,,,,
832.6719850761158,0.06567204212755723,0.26437118153514616,0.010356726610437343,0.39882122524279096,0.032385069675272084,0.0009016943598914848,,,,,,,,,,,,
833.7838610396947,0.06553246422657631,0.26375931525975266,0.010335942249303651,0.3972841256361087,0.03230134461877742,0.0008995020424786351,,,,,,,,,,,,
834.897221703349,0.06539318298136856,0.26314886510065705,0.010315199599193513,0.39575295017551204,0.032217836016505436,0.0008973150553149817,,,,,,,,,,,,
836.0120690496141,0.06525419776142856,0.2625398277803701,0.010294498576399313,0.39422767602871034,0.032134543308857524,0.0008951333854409266,,,,,,,,,,,,
837.1284050636726,0.0651155079375908,0.26193220002898804,0.010273839097381441,0.39270828045141093,0.0320514659376818,0.0008929570199283804,,,,,,,,,,,,
838.2462317333598,0.06497711288202693,0.26132597858417433,0.010253221078767895,0.3911947407869779,0.03196860334626925,0.0008907859458806824,,,,,,,,,,,,
839.365551049165,0.06483901196824288,0.26072116019114266,0.010232644437353985,0.38968703446609626,0.0318859549793501,0.0008886201504325302,,,,,,,,,,,,
840.4863650042341,0.06470120457107628,0.2601177416026407,0.010212109090102036,0.38818513900643803,0.031803520283090275,0.0008864596207499021,,,,,,,,,,,,
841.6086755943743,0.06456369006669363,0.25951571957893155,0.010191614954141025,0.38668903201232435,0.03172129870508748,0.0008843043440299813,,,,,,,,,,,,
842.7324848180596,0.06442646783258693,0.2589150908877756,0.010171161946766191,0.3851986911743896,0.031639289694367474,0.000882154307501075,,,,,,,,,,,,
843.8577946764324,0.06428953724757132,0.25831585230441395,0.010150749985438762,0.3837140942692507,0.031557492701380405,0.0008800094984225429,,,,,,,,,,,,
844.9846071733057,0.06415289769178245,0.257718000611552,0.010130378987785627,0.3822352191591782,0.031475907177997316,0.0008778699040847247,,,,,,,,,,,,
846.1129243151692,0.06401654854667319,0.2571215325993409,0.010110048871598987,0.3807620437917627,0.03139453257750625,0.00087573551180886,,,,,,,,,,,,
847.2427481111906,0.06388048919501128,0.2565264450653613,0.010089759554836023,0.37929454619958825,0.03131336835460874,0.0008736063089470154,,,,,,,,,,,,
848.3740805732227,0.06374471902087606,0.2559327348146047,0.010069510955618536,0.37783270449990136,0.031232413965415942,0.0008714822828820079,,,,,,,,,,,,
849.5069237158045,0.06360923740965588,0.25534039865945696,0.010049302992232641,0.3763764968942871,0.031151668867445137,0.0008693634210273284,,,,,,,,,,,,
850.6412795561632,0.06347404374804567,0.2547494334196826,0.010029135583128483,0.3749259016683461,0.031071132519616206,0.0008672497108270741,,,,,,,,,,,,
851.7771501142197,0.06333913742404382,0.2541598359224064,0.010009008646919853,0.3734808971913688,0.030990804382247883,0.0008651411397558702,,,,,,,,,,,,
852.9145374125941,0.0632045178269492,0.25357160300209547,0.009988922102383838,0.3720414619160102,0.030910683917054014,0.0008630376953187911,,,,,,,,,,,,
854.0534434766068,0.06307018434735878,0.2529847315005437,0.009968875868460545,0.37060757437797126,0.03083077058714007,0.000860939365051291,,,,,,,,,,,,
855.1938703342815,0.06293613637716483,0.2523992182668549,0.00994886986425277,0.36917921319568087,0.030751063856999692,0.0008588461365191325,,,,,,,,,,,,
856.3358200163497,0.06280237330955207,0.2518150601574256,0.009928904009025658,0.3677563570699746,0.030671563192510954,0.0008567579973183096,,,,,,,,,,,,
857.4792945562559,0.06266889453899487,0.25123225403592697,0.009908978222206362,0.3663389847837753,0.030592268060932654,0.0008546749350749735,,,,,,,,,,,,
858.6242959901606,0.06253569946125441,0.2506507967732891,0.009889092423383709,0.3649270752017786,0.03051317793090094,0.0008525969374453576,,,,,,,,,,,,
859.7708263569409,0.06240278747337636,0.2500706852476847,0.009869246532307944,0.36352060727013996,0.03043429227242576,0.0008505239921157116,,,,,,,,,,,,
860.9188876981975,0.06227015797368787,0.2494919163445115,0.009849440468890334,0.36211956001615764,0.03035561055688721,0.000848456086802222,,,,,,,,,,,,
862.0684820582566,0.06213781036179485,0.24891448695637602,0.009829674153202917,0.360723912547962,0.03027713225703208,0.0008463932092509434,,,,,,,,,,,,
863.2196114841756,0.0620057440385792,0.24833839398307583,0.009809947505478063,0.3593336440542006,0.030198856846970143,0.00084433534723772,,,,,,,,,,,,
864.3722780257456,0.06187395840619606,0.2477636343315836,0.009790260446108253,0.35794873380373027,0.03012078380217076,0.0008422824885681171,,,,,,,,,,,,
865.5264837354928,0.06174245286807146,0.24719020491603153,0.009770612895645745,0.3565691611453102,0.030042912599459473,0.0008402346210773516,,,,,,,,,,,,
866.6822306686846,0.061611226828899406,0.24661810265769363,0.009751004774802235,0.3551949055072913,0.0299652427170144,0.0008381917326302189,,,,,,,,,,,,
867.8395208833341,0.06148027969463892,0.2460473244849687,0.009731436004448526,0.353825946397308,0.029887773634362586,0.0008361538111210138,,,,,,,,,,,,
868.9983564402029,0.06134961087251156,0.24547786733336444,0.009711906505614196,0.3524622634019744,0.029810504832376673,0.0008341208444734646,,,,,,,,,,,,
870.1587394028023,0.061219219770999055,0.24490972814548195,0.009692416199487339,0.351103836186582,0.029733435793271507,0.0008320928206406644,,,,,,,,,,,,
871.3206718373991,0.061089105799840226,0.24434290387099847,0.009672965007414245,0.3497506444947945,0.02965656600060057,0.0008300697276049962,,,,,,,,,,,,
872.4841558130211,0.06095926837002826,0.2437773914666501,0.009653552850898972,0.34840266814834364,0.029579894939252387,0.0008280515533780581,,,,,,,,,,,,
873.6491934014587,0.06082970689380827,0.2432131878962163,0.009634179651603143,0.3470598870467303,0.029503422095447207,0.0008260382860005978,,,,,,,,,,,,
874.8157866772672,0.06070042078467465,0.24265029013050443,0.009614845331345608,0.34572228116692694,0.029427146956733662,0.0008240299135424414,,,,,,,,,,,,
875.9839377177727,0.06057140945736837,0.24208869514733236,0.009595549812102103,0.3443898305630758,0.02935106901198518,0.00082202642410242,,,,,,,,,,,,
877.1536486030748,0.06044267232787429,0.241528399931513,0.009576293016004954,0.34306251536619375,0.02927518775139663,0.0008200278058083019,,,,,,,,,,,,
878.3249214160518,0.060314208813418355,0.2409694014748367,0.00955707486534275,0.3417403157838726,0.029199502666480817,0.0008180340468167177,,,,,,,,,,,,
879.4977582423637,0.06018601833246518,0.24041169677605617,0.009537895282559992,0.34042321209998644,0.029124013250065087,0.0008160451353130931,,,,,,,,,,,,
880.6721611704537,0.060058100304715506,0.23985528284087118,0.009518754190256907,0.33911118467439927,0.029048718996288112,0.0008140610595115821,,,,,,,,,,,,
881.8481322915537,0.059930454151103374,0.23930015668191132,0.009499651511189014,0.33780421394267035,0.028973619400596375,0.0008120818076549943,,,,,,,,,,,,
883.0256736996896,0.05980307929379352,0.2387463153187196,0.009480587168266818,0.33650228041576036,0.028898713959740644,0.0008101073680147204,,,,,,,,,,,,
884.2047874916839,0.05967597515617866,0.238193755777737,0.009461561084555554,0.3352053646797428,0.028824002171772757,0.0008081377288906699,,,,,,,,,,,,
885.3854757671568,0.05954914116287724,0.23764247509228742,0.009442573183274868,0.33391344739551665,0.02874948353604234,0.0008061728786112,,,,,,,,,,,,
886.5677406285323,0.05942257673973067,0.23709247030256086,0.00942362338779849,0.33262650929851556,0.028675157553193352,0.0008042128055330463,,,,,,,,,,,,
887.7515841810438,0.059296281313800416,0.23654373845559676,0.009404711621653919,0.3313445311984192,0.028601023725160626,0.0008022574980412495,,,,,,,,,,,,
888.9370085327355,0.05917025431336563,0.235996276605269,0.00938583780852208,0.33006749397886864,0.028527081555166638,0.0008003069445490905,,,,,,,,,,,,
890.1240157944649,0.05904449516792088,0.23545008181227073,0.009367001872237142,0.32879537859718333,0.0284533305477183,0.0007983611334980243,,,,,,,,,,,,
891.3126080799091,0.058919003308173054,0.2349051511440976,0.009348203736786074,0.3275281660840745,0.028379770208603456,0.0007964200533576071,,,,,,,,,,,,
892.5027875055664,0.05879377816603921,0.2343614816750327,0.009329443326308421,0.32626583754336375,0.0283064000448877,0.0007944836926254303,,,,,,,,,,,,
893.6945561907634,0.05866881917464353,0.23381907048612963,0.009310720565095921,0.32500837415169875,0.02823321956491088,0.0007925520398270504,,,,,,,,,,,,
894.8879162576566,0.058544125768315025,0.23327791466519762,0.00929203537759228,0.3237557571582745,0.02816022827828397,0.0007906250835159199,,,,,,,,,,,,
896.0828698312345,0.05841969738258524,0.2327380113067868,0.009273387688392833,0.32250796788455527,0.028087425695885824,0.0007887028122733253,,,,,,,,,,,,
897.2794190393226,0.058295533454185325,0.23219935751217186,0.009254777422244252,0.3212649877239947,0.028014811329859828,0.0007867852147083164,,,,,,,,,,,,
898.4775660125905,0.05817163342104342,0.23166195038933524,0.009236204504044214,0.32002679814175583,0.027942384693610507,0.0007848722794576343,,,,,,,,,,,,
899.677312884552,0.058047996722282384,0.23112578705295292,0.00921766885884108,0.31879338067443724,0.02787014530180039,0.0007829639951856483,,,,,,,,,,,,
900.8786617915682,0.05792462279821719,0.2305908646243796,0.009199170411833702,0.3175647169297991,0.02779809267034685,0.0007810603505842916,,,,,,,,,,,,
902.0816148728534,0.057801511090352475,0.2300571802316323,0.009180709088371018,0.31634078858648734,0.027726226316418773,0.0007791613343729901,,,,,,,,,,,,
903.2861742704796,0.05767866104137963,0.22952473100937418,0.009162284813951743,0.31512157739375846,0.027654545758433176,0.0007772669352985958,,,,,,,,,,,,
904.4923421293796,0.05755607209517456,0.22899351409890004,0.009143897514224128,0.31390706517120925,0.027583050516052122,0.0007753771421353183,,,,,,,,,,,,
905.7001205973481,0.057433743696795304,0.2284635266481218,0.009125547114985656,0.31269723380850756,0.02751174011017961,0.0007734919436846651,,,,,,,,,,,,
906.9095118250491,0.05731167529247935,0.22793476581155173,0.009107233542182704,0.3114920652651196,0.027440614062958165,0.0007716113287753689,,,,,,,,,,,,
908.1205179660172,0.05718986632964112,0.2274072287502883,0.009088956721910275,0.31029154157004235,0.0273696718977658,0.0007697352862633255,,,,,,,,,,,,
909.3331411766648,0.05706831625686941,0.22688091263199955,0.009070716580411671,0.30909564482153357,0.027298913139212615,0.0007678638050315213,,,,,,,,,,,,
910.5473836162832,0.056947024523924916,0.22635581463090876,0.009052513044078215,0.30790435718684583,0.02722833731313771,0.0007659968739899747,,,,,,,,,,,,
911.7632474470457,0.056825990581737956,0.22583193192778003,0.009034346039448962,0.306717660901963,0.027157943946606197,0.0007641344820756679,,,,,,,,,,,,
912.9807348340128,0.05670521388240592,0.2253092617099024,0.00901621549321041,0.30553553827133345,0.027087732567905826,0.0007622766182524818,,,,,,,,,,,,
914.1998479451374,0.05658469387919043,0.22478780117107372,0.00899812133219613,0.30435797166760403,0.02701770270654376,0.0007604232715111268,,,,,,,,,,,,
915.4205889512679,0.056464430026515154,0.22426754751158684,0.008980063483386565,0.30318494353135966,0.026947853893243525,0.0007585744308690806,,,,,,,,,,,,
916.642960026149,0.05634442177996355,0.22374849793821494,0.0089620418739087,0.3020164363708626,0.026878185659941985,0.0007567300853705257,,,,,,,,,,,,
917.8669633464285,0.056224668596276096,0.22323064966419595,0.008944056431035763,0.3008524327617903,0.02680869753978608,0.0007548902240862823,,,,,,,,,,,,
919.0926010916622,0.056105169933347736,0.22271399990921675,0.008926107082186923,0.29969291534697357,0.0267393890671296,0.0007530548361137391,,,,,,,,,,,,
920.3198754443167,0.05598592525022565,0.22219854589939905,0.008908193754927,0.2985378668361396,0.02667025977753016,0.0007512239105767946,,,,,,,,,,,,
921.5487885897705,0.055866934007106836,0.2216842848672853,0.008890316376966202,0.29738727000565596,0.026601309207746213,0.0007493974366257919,,,,,,,,,,,,
922.7793427163217,0.05574819566533559,0.22117121405182247,0.008872474876159803,0.296241107698271,0.026532536895733778,0.0007475754034374523,,,,,,,,,,,,
924.0115400151891,0.05562970968740106,0.2206593306983483,0.008854669180507866,0.29509936282285987,0.026463942380643445,0.0007457578002148135,,,,,,,,,,,,
925.2453826805197,0.055511475536934626,0.2201486320585752,0.008836899218154943,0.29396201835416697,0.026395525202817124,0.0007439446161871613,,,,,,,,,,,,
926.48087290939,0.055393492678707745,0.2196391153905762,0.008819164917389757,0.2928290573325538,0.02632728490378509,0.0007421358406099686,,,,,,,,,,,,
927.7180129018086,0.05527576057862954,0.21913077795877114,0.00880146620664499,0.29170046286374807,0.026259221026262995,0.0007403314627648347,,,,,,,,,,,,
928.956804860722,0.05515827870374425,0.21862361703391117,0.008783803014496945,0.29057621811858947,0.026191333114148705,0.0007385314719594183,,,,,,,,,,,,
930.1972509920197,0.05504104652222878,0.21811762989306316,0.008766175269665236,0.28945630633277764,0.026123620712519165,0.0007367358575273741,,,,,,,,,,,,
931.439353504537,0.05492406350339026,0.2176128138195961,0.00874858290101253,0.28834071080662355,0.02605608336762741,0.0007349446088282876,,,,,,,,,,,,
932.6831146100573,0.054807329117663936,0.2171091661031672,0.008731025837544275,0.28722941490480214,0.025988720626899643,0.0007331577152476185,,,,,,,,,,,,
933.9285365233164,0.05469084283661064,0.21660668403970648,0.00871350400840839,0.2861224020561028,0.025921532038932125,0.0007313751661966344,,,,,,,,,,,,
935.1756214620101,0.0545746041329141,0.21610536493140164,0.008696017342894977,0.2850196557531805,0.02585451715348802,0.0007295969511123439,,,,,,,,,,,,
936.4243716467954,0.05445861248037878,0.21560520608668413,0.008678565770436015,0.2839211595523111,0.025787675521494483,0.0007278230594574384,,,,,,,,,,,,
937.6747893012925,0.054342867353927765,0.21510620482021575,0.008661149220605145,0.28282689707314823,0.02572100669503976,0.0007260534807202316,,,,,,,,,,,,
938.9268766520918,0.054227368229599934,0.21460835845287268,0.00864376762311732,0.281736851998476,0.025654510227370034,0.000724288204414593,,,,,,,,,,,,
940.1806359287561,0.05411211458454796,0.2141116643117323,0.008626420907828584,0.2806510080739678,0.025588185672886538,0.0007225272200798885,,,,,,,,,,,,
941.4360693638271,0.05399710589703555,0.2136161197300575,0.00860910900473568,0.27956934910794146,0.025522032587142394,0.0007207705172809162,,,,,,,,,,,,
942.6931791928276,0.053882341646435246,0.213121722047283,0.008591831843975875,0.27849185897111894,0.025456050526839764,0.0007190180856078434,,,,,,,,,,,,
943.9519676542639,0.05376782131322642,0.21262846860900203,0.008574589355826645,0.2774185215963881,0.025390239049826957,0.0007172699146761511,,,,,,,,,,,,
945.2124369896311,0.05365354437899251,0.2121363567669513,0.00855738147070539,0.27634932097856085,0.025324597715095386,0.0007155259941265683,,,,,,,,,,,,
946.4745894434193,0.05353951032641861,0.21164538387899576,0.008540208119169142,0.27528424117413347,0.025259126082776487,0.000713786313625008,,,,,,,,,,,,
947.738427263116,0.05342571863928943,0.21115554730911554,0.008523069231914268,0.2742232663010501,0.025193823714138922,0.0007120508628625078,,,,,,,,,,,,
949.0039526992076,0.05331216880248685,0.21066684442739234,0.008505964739776255,0.27316638053846765,0.025128690171585664,0.0007103196315551752,,,,,,,,,,,,
950.2711680051856,0.05319886030198767,0.2101792726099946,0.008488894573729413,0.2721135681265182,0.02506372501865103,0.0007085926094441189,,,,,,,,,,,,
951.5400754375537,0.0530857926248609,0.20969282923916227,0.008471858664886502,0.27106481336607163,0.024998927819997567,0.0007068697862953869,,,,,,,,,,,,
952.8106772558248,0.052972965259266015,0.20920751170319543,0.008454856944498598,0.2700201006185072,0.024934298141413506,0.000705151151899915,,,,,,,,,,,,
954.0829757225325,0.05286037769445011,0.20872331739643726,0.008437889343954695,0.26897941430547384,0.02486983554980944,0.0007034366960734545,,,,,,,,,,,,
955.3569731032292,0.05274802942074598,0.2082402437192625,0.008420955794781516,0.26794273890866366,0.02480553961321579,0.0007017264086565231,,,,,,,,,,,,
956.6326716664921,0.052635919929569674,0.20775828807806265,0.008404056228643191,0.2669100589695778,0.024741409900779724,0.0007000202795143387,,,,,,,,,,,,
957.91007368393,0.052524048713418064,0.2072774478852312,0.008387190577340985,0.26588135908929456,0.024677445982762218,0.0006983182985367573,,,,,,,,,,,,
959.1891814301846,0.0524124152658666,0.20679772055915033,0.008370358772812989,0.2648566239282413,0.024613647430535235,0.0006966204556382178,,,,,,,,,,,,
960.4699971829332,0.05230101908156723,0.206319103524178,0.008353560747133957,0.2638358382059674,0.024550013816578974,0.0006949267407576811,,,,,,,,,,,,
961.7525232228944,0.052189859656246035,0.20584159421063328,0.00833679643251493,0.2628189867009147,0.024486544714478902,0.0006932371438585709,,,,,,,,,,,,
963.0367618338345,0.05207893648670063,0.20536519005478185,0.00832006576130296,0.261806054250189,0.024423239698922794,0.0006915516549287098,,,,,,,,,,,,
964.322715302569,0.051968249070798125,0.2048898884988228,0.008303368665980887,0.2607970257493354,0.024360098345697977,0.0006898702639802637,,,,,,,,,,,,
965.6103859189652,0.051857796907473094,0.204415686990876,0.008286705079167064,0.2597918861521149,0.024297120231688608,0.0006881929610496849,,,,,,,,,,,,
966.8997759759482,0.05174757949672496,0.20394258298496726,0.008270074933615064,0.2587906204702782,0.0242343049348727,0.0006865197361976498,,,,,,,,,,,,
968.1908877695075,0.05163759633961569,0.2034705739410139,0.008253478162213388,0.25779321377334,0.02417165203431921,0.0006848505795089983,,,,,,,,,,,,
969.483723598695,0.05152784693826793,0.20299965732481343,0.008236914697985256,0.2567996511883619,0.02410916111018549,0.0006831854810926808,,,,,,,,,,,,
970.7782857656358,0.0514183307958622,0.20252983060802715,0.008220384474088264,0.2558099178997241,0.024046831743714123,0.0006815244310816915,,,,,,,,,,,,
972.074576575527,0.051309047416635244,0.20206109126816904,0.008203887423814176,0.25482399914891035,0.023984663517230456,0.0006798674196330185,,,,,,,,,,,,
973.3725983366429,0.05119999630587742,0.20159343678859123,0.008187423480588638,0.253841880234285,0.023922656014139645,0.0006782144369275816,,,,,,,,,,,,
974.6723533603428,0.051091176969930374,0.20112686465846968,0.008170992577970859,0.2528635465108727,0.023860808818923773,0.0006765654731701714,,,,,,,,,,,,
975.9738439610719,0.05098258891618503,0.20066137237279152,0.008154594649653407,0.25188898339014154,0.023799121517139157,0.0006749205185893935,,,,,,,,,,,,
977.2770724563642,0.05087423165307938,0.20019695743234214,0.008138229629461933,0.2509181763397866,0.02373759369541368,0.0006732795634376143,,,,,,,,,,,,
978.5820411668482,0.05076610469009623,0.1997336173436913,0.008121897451354882,0.24995111088351224,0.0236762249414439,0.0006716425979908987,,,,,,,,,,,,
979.8887524162532,0.050658207537760715,0.1992713496191788,0.008105598049423233,0.24898777260081434,0.023615014843992227,0.0006700096125489535,,,,,,,,,,,,
981.1972085314114,0.050550539707638294,0.1988101517769019,0.008089331357890197,0.2480281471267671,0.02355396299288422,0.0006683805974350676,,,,,,,,,,,,
982.50741184226,0.0504431007123327,0.19835002134070281,0.008073097311111057,0.2470722201518101,0.023493068979005976,0.0006667555429960609,,,,,,,,,,,,
983.8193646818484,0.050335890065483516,0.19789095584015426,0.008056895843572791,0.24611997742153272,0.023432332394301213,0.000665134439602222,,,,,,,,,,,,
985.1330693863404,0.05022890728176404,0.19743295281054693,0.008040726889893879,0.24517140473646318,0.023371752831768653,0.0006635172776472538,,,,,,,,,,,,
986.4485282950212,0.05012215187687901,0.1969760097928752,0.008024590384823971,0.2442264879518543,0.023311329885459118,0.000661904047548212,,,,,,,,,,,,
987.7657437502999,0.050015623367562385,0.19652012433382454,0.008008486263243686,0.24328521297747463,0.023251063150472977,0.0006602947397454533,,,,,,,,,,,,
989.0847180977111,0.04990932127157542,0.19606529398575914,0.007992414460164337,0.2423475657773991,0.023190952222957445,0.0006586893447025783,,,,,,,,,,,,
990.4054536859217,0.049803245107704376,0.19561151630670817,0.007976374910727663,0.24141353236979882,0.023130996700103816,0.000657087852906374,,,,,,,,,,,,
991.7279528667367,0.04969739439575803,0.19515878886035168,0.007960367550205542,0.24048309882673077,0.023071196180144683,0.0006554902548667544,,,,,,,,,,,,
993.0522179951016,0.04959176865656578,0.19470710921600853,0.007944392313999753,0.23955625127393174,0.023011550262351323,0.0006538965411167076,,,,,,,,,,,,
994.3782514291042,0.04948636741197565,0.19425647494862386,0.00792844913764173,0.2386329758906129,0.022952058547031105,0.0006523067022122411,,,,,,,,,,,,
995.7060555299814,0.04938119018485184,0.19380688363875534,0.007912537956792297,0.2377132589092521,0.022892720635524735,0.0006507207287323244,,,,,,,,,,,,
997.0356326621248,0.0492762364990725,0.19335833287255966,0.007896658707241351,0.23679708661538754,0.022833536130203468,0.000649138611278829,,,,,,,,,,,,
998.3669851930836,0.04917150587952779,0.19291082024178002,0.007880811324907677,0.23588444534741407,0.022774504634466546,0.0006475603404764786,,,,,,,,,,,,
999.7001154935658,0.04906699785211772,0.1924643433437342,0.007864995745838668,0.23497532149638148,0.022715625752738645,0.0006459859069727919,,,,,,,,,,,,
1001.0350259374468,0.04896271194374994,0.19201889978130032,0.00784921190621005,0.2340697015057891,0.022656899090467073,0.0006444153014380257,,,,,,,,,,,,
1002.3717189017701,0.04885864768233763,0.19157448716290487,0.007833459742325645,0.23316757187138518,0.022598324254119208,0.0006428485145651219,,,,,,,,,,,,
1003.7101967667559,0.048754804596797166,0.19113110310250875,0.007817739190617089,0.23226891914096345,0.02253990085117974,0.0006412855370696485,,,,,,,,,,,,
1005.0504619158022,0.04865118221704623,0.1906887452195951,0.0078020501876435834,0.23137372991416383,0.02248162849014815,0.0006397263596897471,,,,,,,,,,,,
1006.3925167354882,0.048547780074001685,0.1902474111391574,0.00778639267009167,0.23048199084227405,0.022423506780536135,0.0006381709731860801,,,,,,,,,,,,
1007.7363636155793,0.04844459769957738,0.18980709849168573,0.007770766574774946,0.22959368862802923,0.022365535332864915,0.0006366193683417735,,,,,,,,,,,,
1009.0820049490344,0.04834163462668194,0.18936780491315358,0.007755171838633805,0.22870881002541207,0.022307713758662553,0.0006350715359623617,,,,,,,,,,,,
1010.4294431320076,0.04823889038921665,0.18892952804500587,0.007739608398735171,0.2278273418394571,0.022250041670461417,0.0006335274668757322,,,,,,,,,,,,
1011.7786805638506,0.04813636452207361,0.18849226553414683,0.007724076192272304,0.22694927092605477,0.02219251868179569,0.0006319871519320762,,,,,,,,,,,,
1013.1297196471189,0.048034056561133485,0.18805601503292674,0.007708575156564498,0.22607458419175444,0.022135144407198687,0.0006304505820038305,,,,,,,,,,,,
1014.4825627875784,0.04793196604326319,0.1876207741991287,0.0076931052290568225,0.22520326859356762,0.022077918462200172,0.0006289177479856223,,,,,,,,,,,,
1015.8372123942073,0.04783009250631395,0.1871865406959567,0.007677666347319885,0.224335311138775,0.022020840463323883,0.0006273886407942165,,,,,,,,,,,,
1017.1936708791985,0.04772843548911944,0.18675331219202354,0.007662258449049597,0.22347069888473384,0.02196391002808505,0.0006258632513684648,,,,,,,,,,,,
1018.551940657967,0.047626994531493334,0.18632108636133776,0.007646881472066894,0.22260941893868308,0.021907126774987695,0.0006243415706692488,,,,,,,,,,,,
1019.9120241491519,0.047525769174227545,0.1858898608832914,0.007631535354317503,0.22175145845755243,0.021850490323522157,0.0006228235896794271,,,,,,,,,,,,
1021.2739237746242,0.04742475895908975,0.18545963344264677,0.007616220033871681,0.2208968046477688,0.02179400029416243,0.000621309299403782,,,,,,,,,,,,
1022.637641959489,0.04732396342882155,0.18503040172952456,0.007600935448923939,0.22004544476506693,0.021737656308363686,0.000619798690868964,,,,,,,,,,,,
1024.0031811320862,0.047223382127136684,0.18460216343939256,0.007585681537792874,0.2191973661143012,0.021681457988559874,0.0006182917551234449,,,,,,,,,,,,
1025.3705437240026,0.04712301459871831,0.18417491627305077,0.007570458238920825,0.21835255604925205,0.021625404958160923,0.0006167884832374561,,,,,,,,,,,,
1026.7397321700691,0.047022860389217505,0.18374865793662162,0.007555265490873696,0.21751100197244153,0.02156949684155045,0.0006152888663029435,,,,,,,,,,,,
1028.1107489083672,0.0469229190452511,0.1833233861415365,0.007540103232340674,0.21667269133494382,0.021513733264083172,0.0006137928954335113,,,,,,,,,,,,
1029.4835963802377,0.04682319011439923,0.18289909860452253,0.0075249714021339694,0.21583761163619597,0.02145811385208224,0.0006123005617643672,,,,,,,,,,,,
1030.858277030277,0.04672367314520396,0.18247579304759257,0.007509869939188614,0.21500575042381617,0.021402638232837046,0.0006108118564522755,,,,,,,,,,,,
1032.2347933063497,0.04662436768716652,0.18205346719803045,0.00749479878256216,0.21417709529341297,0.021347306034600378,0.0006093267706754968,,,,,,,,,,,,
1033.6131476595856,0.046525273290745905,0.18163211878838123,0.0074797578714344976,0.21335163388840514,0.02129211688658627,0.0006078452956337453,,,,,,,,,,,,
1034.9933425443908,0.04642638950735635,0.18121174555643657,0.007464747145107514,0.21252935389983255,0.021237070418967184,0.0006063674225481268,,,,,,,,,,,,
1036.3753804184453,0.04632771588936571,0.1807923452452252,0.007449766543004992,0.21171024306617767,0.02118216626287186,0.0006048931426610962,,,,,,,,,,,,
1037.7592637427144,0.046229251990092944,0.180373915602998,0.007434816004672196,0.21089428917317765,0.021127404050382506,0.000603422447236396,,,,,,,,,,,,
1039.1449949814462,0.046130997363806735,0.17995645438321878,0.007419895469775778,0.21008148005364727,0.021072783414532698,0.0006019553275590139,,,,,,,,,,,,
1040.532576602183,0.04603295156572275,0.1795399593445494,0.007405004878103428,0.20927180358729228,0.02101830398930453,0.0006004917749351236,,,,,,,,,,,,
1041.9220110757578,0.04593380649925137,0.1790996329869234,0.007388242975083271,0.2084366486295445,0.020959475942371193,0.0005990485219770078,,,,,,,,,,,,
1043.3133008763075,0.04583421304181155,0.17864784008451945,0.007370556909677536,0.20759037769092006,0.020898541787409904,0.0005976172104126282,,,,,,,,,,,,
1044.706448481269,0.04573483552242526,0.17819718686522512,0.007352913181389101,0.20674754268597745,0.020837784782452316,0.0005961893186927507,,,,,,,,,,,,
1046.101456371388,0.04563567347289667,0.1777476704541006,0.007335311688870892,0.20590812966452746,0.020777204412481508,0.0005947648386463131,,,,,,,,,,,,
1047.4983270307252,0.045536726426044935,0.17729928798345718,0.007317752331018368,0.20507212473301797,0.0207168001639777,0.0005933437621217755,,,,,,,,,,,,
1048.897062946655,0.04543799391570246,0.17685203659284163,0.007300235006969094,0.20423951405430837,0.02065657152491422,0.000591926080987075,,,,,,,,,,,,
1050.2976666098768,0.04533947547671207,0.17640591342901488,0.00728275961610202,0.2034102838474356,0.020596517984752767,0.0005905117871295781,,,,,,,,,,,,
1051.7001405144117,0.0452411706449254,0.17596091564593694,0.007265326058037002,0.20258442038739097,0.020536639034439516,0.0005891008724560373,,,,,,,,,,,,
1053.1044871576155,0.04514307895720026,0.17551704040474567,0.007247934232634158,0.20176191000488794,0.020476934166400382,0.0005876933288925381,,,,,,,,,,,,
1054.510709040174,0.045045199951398836,0.1750742848737416,0.0072305840399933515,0.2009427390861411,0.0204174028745371,0.0005862891483844621,,,,,,,,,,,,
1055.9188086661175,0.04494753316638505,0.17463264622836713,0.0072132753804535574,0.20012689407263565,0.02035804465422258,0.0005848883228964306,,,,,,,,,,,,
1057.3287885428144,0.044850078142022985,0.17419212165119116,0.007196008154592352,0.199314361460908,0.020298859002296967,0.0005834908444122693,,,,,,,,,,,,
1058.7406511809866,0.044752834419174076,0.17375270833188836,0.007178782263225279,0.19850512780231733,0.02023984541706305,0.0005820967049349517,,,,,,,,,,,,
1060.1543990947036,0.044655801539695526,0.1733144034672241,0.007161597607405341,0.19769917970282802,0.02018100339828234,0.0005807058964865637,,,,,,,,,,,,
1061.5700348013966,0.0445589790464376,0.17287720426103373,0.007144454088422372,0.1968965038227828,0.02012233244717047,0.0005793184111082482,,,,,,,,,,,,
1062.987560821855,0.04446236648324204,0.1724411079242072,0.007127351607802513,0.19609708687668645,0.020063832066393308,0.0005779342408601676,,,,,,,,,,,,
1064.4069796802344,0.04436596339493953,0.17200611167467011,0.007110290067307665,0.1953009156329841,0.020005501760062577,0.0005765533778214552,,,,,,,,,,,,
1065.8282939040637,0.04426976932734745,0.17157221273736523,0.007093269368934816,0.19450797691384025,0.01994734103373155,0.0005751758140901659,,,,,,,,,,,,
1067.251506024243,0.044173783827268304,0.17113940834423683,0.007076289414915639,0.193718257594925,0.019889349394391125,0.0005738015417832392,,,,,,,,,,,,
1068.6766185750564,0.044078006442486856,0.1707076957342105,0.007059350107715782,0.19293174460519197,0.019831526350465343,0.0005724305530364467,,,,,,,,,,,,
1070.103634094167,0.04398243672176863,0.1702770721531782,0.0070424513500344154,0.19214842492666678,0.019773871411807538,0.0005710628400043528,,,,,,,,,,,,
1071.5325551226317,0.04388707421485732,0.16984753485397813,0.007025593044803595,0.1913682855942267,0.019716384089695827,0.000569698394860263,,,,,,,,,,,,
1072.9633842048952,0.04379191847247306,0.1694190810963795,0.00700877509518777,0.19059131369539092,0.01965906389682935,0.000568337209796188,,,,,,,,,,,,
1074.3961238888053,0.04369696904630985,0.16899170814706285,0.006991997404583167,0.18981749637010215,0.01960191034732377,0.0005669792770227896,,,,,,,,,,,,
1075.8307767256063,0.04360222548903402,0.16856541327960503,0.006975259876617292,0.1890468208105183,0.019544922956707494,0.0005656245887693449,,,,,,,,,,,,
1077.2673452699546,0.04350768735428151,0.1681401937744591,0.00695856241514832,0.18827927426079602,0.019488101241917244,0.0005642731372836938,,,,,,,,,,,,
1078.7058320799144,0.04341335419665622,0.16771604691893943,0.006941904924264586,0.18751484401688337,0.01943144472129424,0.000562924914832201,,,,,,,,,,,,
1080.1462397169653,0.043319225571727855,0.16729297000720336,0.006925287308284049,0.18675351742630808,0.019374952914580006,0.0005615799136997102,,,,,,,,,,,,
1081.5885707460109,0.04322530103602945,0.16687096034023294,0.0069087094717536395,0.18599528188796627,0.019318625342912135,0.000560238126189495,,,,,,,,,,,,
1083.0328277353753,0.04313158014705586,0.16645001522582004,0.006892171319448872,0.18524012485191793,0.01926246152882061,0.0005588995446232233,,,,,,,,,,,,
1084.4790132568164,0.04303806246326108,0.16603013197854644,0.006875672756373125,0.1844880338191746,0.01920646099622331,0.0005575641613409048,,,,,,,,,,,,
1085.927129885522,0.0429447475440568,0.1656113079197695,0.006859213687757258,0.18373899634149718,0.01915062327042239,0.0005562319687008556,,,,,,,,,,,,
1087.3771802001227,0.042851634949809654,0.1651935403776023,0.0068427940190589325,0.18299300002118504,0.019094947878099906,0.0005549029590796454,,,,,,,,,,,,
1088.8291667826882,0.04275872424183979,0.16477682668689933,0.006826413655962166,0.18225003251087565,0.019039434347314105,0.000553577124872063,,,,,,,,,,,,
1090.2830922187404,0.0426660149824182,0.16436116418923677,0.006810072504376719,0.1815100815133357,0.018984082207495128,0.0005522544584910653,,,,,,,,,,,,
1091.738959097249,0.04257350673476528,0.16394655023289822,0.006793770470437614,0.18077313478126178,0.01892889098944135,0.0005509349523677397,,,,,,,,,,,,
1093.1967700106459,0.04248119906304814,0.16353298217285508,0.0067775074605045445,0.18003918011707348,0.018873860225315023,0.0005496185989512545,,,,,,,,,,,,
1094.6565275548196,0.04238909153237912,0.16312045737075237,0.0067612833811613844,0.1793082053727159,0.018818989448638714,0.0005483053907088234,,,,,,,,,,,,
1096.1182343291293,0.04229718370881326,0.1627089731948894,0.006745098139215605,0.1785801984494539,0.01876427819429098,0.000546995320125654,,,,,,,,,,,,
1097.5818929364027,0.042205475159346646,0.16229852702020484,0.0067289516416977726,0.17785514729767604,0.018709725998502715,0.0005456883797049122,,,,,,,,,,,,
1099.047505982942,0.04211396545191417,0.1618891162282595,0.0067128437958610355,0.17713303991669338,0.01865533239885309,0.0005443845619676764,,,,,,,,,,,,
1100.5150760785336,0.04202265415538741,0.16148073820721845,0.00669677450918049,0.1764138643545391,0.018601096934265537,0.0005430838594528909,,,,,,,,,,,,
1101.9846058364444,0.04193154083957291,0.1610733903518365,0.006680743689352804,0.17569760870777462,0.01854701914500411,0.0005417862647173312,,,,,,,,,,,,
1103.4560978734346,0.041840625075209685,0.16066707006343917,0.006664751244295519,0.17498426112128818,0.018493098572669234,0.0005404917703355528,,,,,,,,,,,,
1104.929554809755,0.04174990643396781,0.16026177474990855,0.006648797082146677,0.17427380978810306,0.018439334760194197,0.0005392003688998568,,,,,,,,,,,,
1106.404979269159,0.04165938448844574,0.1598575018256644,0.006632881111264171,0.1735662429491775,0.018385727251840928,0.0005379120530202398,,,,,,,,,,,,
1107.8823738788994,0.04156905881216889,0.15945424871165007,0.006617003240225297,0.17286154889321484,0.018332275593196442,0.0005366268153243593,,,,,,,,,,,,
1109.3617412697417,0.041478928979587076,0.15905201283531334,0.006601163377826176,0.17215971595646512,0.018278979331168694,0.0005353446484574832,,,,,,,,,,,,
1110.84308407596,0.041388994566073124,0.1586507916305929,0.0065853614330812806,0.17146073252253632,0.018225838013983028,0.0005340655450824565,,,,,,,,,,,,
1112.3264049353495,0.0412992551479202,0.15825058253789917,0.006569597315222857,0.1707645870221979,0.018172851191178056,0.0005327894978796516,,,,,,,,,,,,
1113.8117064892244,0.041209710302340406,0.15785138300410065,0.0065538709337004605,0.17007126793319338,0.018120018413602154,0.0005315164995469326,,,,,,,,,,,,
1115.29899138243,0.04112035960746235,0.15745319048250508,0.006538182198180379,0.16938076378004574,0.018067339233409304,0.0005302465427996071,,,,,,,,,,,,
1116.7882622633392,0.04103120264232947,0.15705600243284532,0.006522531018545159,0.16869306313387084,0.018014813204055624,0.0005289796203703911,,,,,,,,,,,,
1118.2795217838623,0.04094223898689789,0.15665981632126225,0.006506917304893094,0.1680081546121868,0.017962439880295424,0.0005277157250093644,,,,,,,,,,,,
1119.7727725994534,0.040853468222034374,0.1562646296202877,0.006491340967537621,0.16732602687872417,0.017910218818177354,0.000526454849483926,,,,,,,,,,,,
1121.2680173691085,0.040764889929514624,0.15587043980883047,0.006475801917006949,0.16664666864324168,0.017858149575040866,0.00052519698657876,,,,,,,,,,,,
1122.7652587553785,0.040676503692020895,0.15547724437215776,0.006460300064043386,0.1659700686613354,0.017806231709512194,0.0005239421290957858,,,,,,,,,,,,
1124.2644994243644,0.040588309093140575,0.1550850408018816,0.006444835319602978,0.16529621573425668,0.017754464781500903,0.0005226902698541256,,,,,,,,,,,,
1125.765742045733,0.04050030571736359,0.15469382659594053,0.006429407594854875,0.16462509870872286,0.017702848352195828,0.0005214414016900546,,,,,,,,,,,,
1127.268989292711,0.04041249315008107,0.15430359925858575,0.006414016801180902,0.1639567064767364,0.017651381984061715,0.0005201955174569685,,,,,,,,,,,,
1128.7742438420985,0.040324870977582805,0.15391435630036315,0.006398662850174994,0.16329102797539738,0.017600065240835162,0.0005189526100253345,,,,,,,,,,,,
1130.2815083742662,0.040237438787055914,0.1535260952380995,0.00638334565364274,0.1626280521867241,0.017548897687521242,0.0005177126722826585,,,,,,,,,,,,
1131.7907855731683,0.040150196166582254,0.15313881359488454,0.006368065123600823,0.16196776813746686,0.017497878890389507,0.000516475697133436,,,,,,,,,,,,
1133.3020781263383,0.04006314270513708,0.15275250890005734,0.006352821172276568,0.16131016489893024,0.01744700841697063,0.0005152416774991197,,,,,,,,,,,,
1134.815388724903,0.039976277992586545,0.15236717868918817,0.006337613712107385,0.16065523158678843,0.017396285836052402,0.0005140106063180724,,,,,,,,,,,,
1136.3307200635793,0.03988960161968632,0.15198282050406492,0.006322442655740306,0.1600029573609083,0.017345710717676363,0.0005127824765455312,,,,,,,,,,,,
1137.848074840682,0.03980311317807932,0.15159943189267658,0.006307307916031494,0.15935333142516864,0.01729528263313409,0.0005115572811535653,,,,,,,,,,,,
1139.3674557581332,0.03971681226029369,0.15121701040919655,0.006292209406045656,0.15870634302727996,0.017245001154963337,0.0005103350131310332,,,,,,,,,,,,
1140.8888655214575,0.039630698459741334,0.15083555361396928,0.006277147039055681,0.15806198145861,0.017194865856944783,0.0005091156654835488,,,,,,,,,,,,
1142.4123068397976,0.039544771370715444,0.15045505907349224,0.006262120728541988,0.15742023605400238,0.017144876314098077,0.0005078992312334341,,,,,,,,,,,,
1143.9377824259082,0.03945903058838908,0.15007552436040278,0.006247130388192183,0.15678109619160427,0.017095032102678518,0.0005066857034196869,,,,,,,,,,,,
1145.4652949961717,0.039373475708812875,0.14969694705346026,0.006232175931900431,0.15614455129268653,0.0170453328001732,0.0005054750750979326,,,,,,,,,,,,
1146.9948472705928,0.03928810632891349,0.149319324737533,0.006217257273767054,0.1555105908214725,0.0169957779852977,0.0005042673393403933,,,,,,,,,,,,
1148.5264419728132,0.03920292204649128,0.14894265500358053,0.006202374328097973,0.1548792042849598,0.01694636723799222,0.0005030624892358394,,,,,,,,,,,,
1150.0600818301066,0.039117922460218946,0.14856693544864047,0.006187527009404274,0.1542503812327503,0.016897100139418322,0.0005018605178895586,,,,,,,,,,,,
1151.595769573393,0.03903310716963904,0.14819216367581106,0.0061727152324016574,0.1536241112568737,0.016847976271955094,0.0005006614184233081,,,,,,,,,,,,
1153.1335079372348,0.03894847577516267,0.14781833729423802,0.006157938912010007,0.15300038399161878,0.01679899521919588,0.0004994651839752831,,,,,,,,,,,,
1154.67329965985,0.038864027878067045,0.1474454539190969,0.006143197963352847,0.1523791891133581,0.01675015656594448,0.00049827180770007,,,,,,,,,,,,
1156.2151474831098,0.03877976308049413,0.14707351117158027,0.006128492301756889,0.15176051634038049,0.016701459898211878,0.0004970812827686141,,,,,,,,,,,,
1157.7590541525467,0.038695680985448455,0.14670250667888118,0.006113821842751566,0.15114435543271945,0.016652904803212618,0.0004958936023681768,,,,,,,,,,,,
1159.3050224173626,0.038611781196795154,0.14633243807417765,0.006099186502068452,0.15053069619198214,0.016604490869361187,0.0004947087597022956,,,,,,,,,,,,
1160.853055030426,0.038528063319258544,0.14596330299661914,0.006084586195640921,0.14991952846118398,0.016556217686268814,0.0004935267479907495,,,,,,,,,,,,
1162.4031547482862,0.03844452695841968,0.14559509909130947,0.006070020839603511,0.14931084212457685,0.016508084844739673,0.0004923475604695141,,,,,,,,,,,,
1163.9553243311677,0.03836117172071503,0.14522782400929404,0.006055490350291584,0.14870462710748522,0.01646009193676771,0.0004911711903907302,,,,,,,,,,,,
1165.5095665429867,0.038277997213434216,0.14486147540754252,0.0060409946442407355,0.1481008733761358,0.0164122385555329,0.0004899976310226573,,,,,,,,,,,,
1167.0658841513448,0.038195003044718505,0.1444960509489361,0.0060265336381863845,0.14749957093749516,0.01636452429539808,0.0004888268756496432,,,,,,,,,,,,
1168.6242799275437,0.038112188823558546,0.14413154830225064,0.006012107249063248,0.14690070983910056,0.01631694875190523,0.0004876589175720775,,,,,,,,,,,,
1170.1847566465813,0.03802955415979308,0.14376796514214357,0.00599771539400491,0.14630428016889896,0.016269511521772334,0.000486493750106361,,,,,,,,,,,,
1171.7473170871656,0.03794709866410649,0.1434052991491372,0.005983357990343296,0.14571027205507936,0.01622221220288965,0.00048533136658486,,,,,,,,,,,,
1173.3119640317113,0.03786482194802746,0.14304354800960567,0.005969034955608235,0.1451186756659125,0.016175050394316586,0.00048417176035587455,,,,,,,,,,,,
1174.878700266349,0.037782723623927005,0.14268270941575947,0.005954746207527,0.14452948120958678,0.016128025696278175,0.0004830149247835978,,,,,,,,,,,,
1176.4475285809324,0.03770080330501635,0.14232278106562982,0.0059404916640237474,0.14394267893404486,0.016081137710161595,0.000481860853248075,,,,,,,,,,,,
1178.0184517690368,0.037619060605345624,0.14196376066305594,0.005926271243219182,0.14335825912682545,0.01603438603851301,0.0004807095391451722,,,,,,,,,,,,
1179.5914726279716,0.03753749513980152,0.14160564591766822,0.0059120848634299375,0.14277621211489883,0.015987770285033946,0.00047956097588653106,,,,,,,,,,,,
1181.1665939587772,0.03745610652410601,0.1412484345448758,0.005897932443168256,0.1421965282645104,0.015941290054578207,0.0004784151568995382,,,,,,,,,,,,
1182.7438185662388,0.03737489437481398,0.14089212426584966,0.005883813901141374,0.14161919798101777,0.01589494495314822,0.00047727207562728183,,,,,,,,,,,,
1184.3231492588827,0.03729385830931192,0.14053671280751054,0.005869729156251194,0.1410442117087353,0.015848734587892013,0.00047613172552851907,,,,,,,,,,,,
1185.904588848989,0.037212997945815694,0.14018219790251207,0.005855678127593702,0.14047155993077257,0.01580265856709959,0.00047499410007763255,,,,,,,,,,,,
1187.48814015259,0.037132312903369206,0.13982857728922854,0.005841660734458584,0.1399012331688803,0.01575671650019988,0.00047385919276460075,,,,,,,,,,,,
1189.0738059894811,0.03705180280184207,0.1394758487117382,0.005827676896328709,0.13933322198328996,0.015710907997757154,0.00047272699709495253,,,,,,,,,,,,
1190.6615891832198,0.03697146726192832,0.13912400991981122,0.005813726532879711,0.13876751697256098,0.015665232671468018,0.0004715975065897379,,,,,,,,,,,,
1192.251492561138,0.03689130590514424,0.13877305866889303,0.0057998095639794816,0.1382041087734219,0.015619690134157807,0.0004704707147854834,,,,,,,,,,,,
1193.8435189543397,0.036811318353826845,0.13842299272009193,0.005785925909687747,0.13764298806061812,0.015574279999777577,0.00046934661523416156,,,,,,,,,,,,
1195.4376711977088,0.036731504231131994,0.138073809840164,0.005772075490255617,0.1370841455467564,0.01552900188340074,0.00046822520150315114,,,,,,,,,,,,
1197.0339521299188,0.03665186316103252,0.1377255078014981,0.005758258226125048,0.13652757198214988,0.015483855401219647,0.0004671064671751978,,,,,,,,,,,,
1198.6323645934287,0.0365723947683167,0.13737808438210342,0.005744474037928513,0.13597325815466785,0.015438840170542617,0.0004659904058483835,,,,,,,,,,,,
1200.2329114344975,0.036493098678586154,0.13703153736559323,0.005730722846488406,0.13542119488958007,0.015393955809790418,0.0004648770111360828,,,,,,,,,,,,
1201.8355955031807,0.03641397451825452,0.1366858645411729,0.005717004572816727,0.13487137304940813,0.015349201938493278,0.00046376627666693367,,,,,,,,,,,,
1203.440419653344,0.036335021914545164,0.13634106370362367,0.0057033191381144896,0.13432378353377092,0.015304578177287418,0.0004626581960847933,,,,,,,,,,,,
1205.0473867426588,0.03625624049548998,0.13599713265329058,0.005689666463771399,0.13377841727923737,0.015260084147912098,0.0004615527630487089,,,,,,,,,,,,
1206.6564996326179,0.03617762988992708,0.13565406919606657,0.005676046471365296,0.13323526525917292,0.015215719473206112,0.00046044997123287617,,,,,,,,,,,,
1208.2677611885294,0.03609918972749963,0.1353118711433803,0.005662459082661775,0.13269431848359378,0.015171483777104908,0.0004593498143266071,,,,,,,,,,,,
1209.881174279533,0.03602091963865351,0.13497053631218026,0.0056489042196136855,0.1321555679990145,0.015127376684637105,0.0004582522860342887,,,,,,,,,,,,
1211.4967417785945,0.03594281925463611,0.13463006252492293,0.005635381804360734,0.13161900488830328,0.015083397821921583,0.00045715738007535387,,,,,,,,,,,,
1213.1144665625209,0.03586488820749415,0.13429044760955677,0.005621891759228983,0.13108462027053094,0.01503954681616405,0.00045606509018423813,,,,,,,,,,,,
1214.7343515119567,0.03578712613007229,0.13395168939951022,0.005608434006730445,0.13055240530082696,0.014995823295654116,0.0004549754101103499,,,,,,,,,,,,
1216.3563995113934,0.03570953265601121,0.13361378573367694,0.005595008469562648,0.13002235117023167,0.014952226889762044,0.00045388833361803245,,,,,,,,,,,,
1217.9806134491776,0.035632107419745866,0.1332767344564015,0.005581615070608107,0.1294944491055494,0.014908757228935492,0.000452803854486525,,,,,,,,,,,,
1219.606996217508,0.03555485005650397,0.13294053341746734,0.005568253732934014,0.12896869036920594,0.01486541394469664,0.00045172196650993375,,,,,,,,,,,,
1221.2355507124498,0.0354777602023039,0.13260518047208084,0.005554924379791655,0.12844506625910093,0.014822196669638786,0.0004506426634971892,,,,,,,,,,,,
1222.866279833931,0.03540083749395352,0.13227067348085983,0.005541626934616102,0.12792356810846675,0.014779105037423497,0.00044956593927201777,,,,,,,,,,,,
1224.4991864857564,0.03532408156904787,0.13193701030981797,0.005528361321025648,0.12740418728572214,0.014736138682777242,0.0004484917876728992,,,,,,,,,,,,
1226.1342735756036,0.035247492065968014,0.1316041888303531,0.005515127462821485,0.12688691519433232,0.014693297241488552,0.0004474202025530388,,,,,,,,,,,,
1227.7715440150375,0.03517106862387881,0.13127220691923144,0.005501925283987168,0.1263717432726636,0.014650580350404686,0.00044635117778032464,,,,,,,,,,,,
1229.4110007195063,0.03509481088272778,0.13094106245857642,0.005488754708688252,0.12585866299384485,0.014607987647428801,0.00044528470723729965,,,,,,,,,,,,
1231.052646608356,0.035018718483242804,0.13061075333585287,0.005475615661271798,0.1253476658656233,0.014565518771516612,0.0004442207848211208,,,,,,,,,,,,
1232.6964846048259,0.034942791066931,0.1302812774438557,0.005462508066265993,0.12483874343022691,0.01452317336267362,0.0004431594044435291,,,,,,,,,,,,
1234.3425176360631,0.03486702827607653,0.12995263268069443,0.005449431848379663,0.12433188726422148,0.014480951061951786,0.000442100560030809,,,,,,,,,,,,
1235.9907486331208,0.03479142975373935,0.12962481694978148,0.005436386932501879,0.12382708897837372,0.014438851511446707,0.00044104424552375966,,,,,,,,,,,,
1237.6411805309651,0.034715995143753293,0.1292978281598181,0.005423373243701539,0.12332434021751146,0.014396874354294494,0.00043999045487765753,,,,,,,,,,,,
1239.2938162684857,0.034640724090724266,0.12897166422478024,0.005410390707226854,0.12282363266038408,0.014355019234668654,0.00043893918206221904,,,,,,,,,,,,
1240.9486587884905,0.03456561624002901,0.12864632306390697,0.005397439248505041,0.12232495801952746,0.0143132857977773,0.0004378904210615725,,,,,,,,,,,,
1242.605711037723,0.03449067123781289,0.12832180260168535,0.005384518793141766,0.12182830804112385,0.014271673689859855,0.00043684416587421636,,,,,,,,,,,,
1244.2649759668566,0.0344158887309887,0.12799810076783896,0.00537162926692085,0.12133367450486819,0.014230182558184359,0.0004358004105129921,,,,,,,,,,,,
1245.9264565305086,0.03434126836723465,0.12767521549731292,0.005358770595803704,0.12084104922382902,0.0141888120510442,0.00043475914900504274,,,,,,,,,,,,
1247.590155687238,0.034266809794993004,0.12735314473026255,0.005345942705929033,0.1203504240443161,0.014147561817755373,0.0004337203753917859,,,,,,,,,,,,
1249.2560763995584,0.03419251266346807,0.1270318864120383,0.005333145523612312,0.1198617908457424,0.014106431508653284,0.0004326840837288726,,,,,,,,,,,,
1250.9242216339348,0.034118376622625006,0.12671143849317465,0.005320378975345427,0.11937514154049263,0.014065420775090012,0.0004316502680861602,,,,,,,,,,,,
1252.5945943607983,0.03404440132318764,0.12639179892937502,0.005307642987796209,0.11889046807378642,0.01402452926943111,0.00043061892254767146,,,,,,,,,,,,
1254.2671975545427,0.03396738477808949,0.12606251273123256,0.005294928330735791,0.11839966231183918,0.013985304798769782,0.0004295171006997617,,,,,,,,,,,,
1255.942034193533,0.03388572615742633,0.12571836496348382,0.005282230357139752,0.1178987198961997,0.013948518309938006,0.00042830841482568803,,,,,,,,,,,,
1257.6191072601157,0.0338042638465577,0.12537515671124563,0.0052695628350481255,0.11739989694018403,0.013911828583084589,0.00042710313026331816,,,,,,,,,,,,
1259.2984197406145,0.03372299737354903,0.1250328854096628,0.005256925691433982,0.11690318447647663,0.013875235363690033,0.0004259012374411677,,,,,,,,,,,,
1260.9799746253457,0.03364192626760008,0.12469154850088089,0.005244318853445498,0.1164085735757006,0.013838738397904215,0.0004247027268146819,,,,,,,,,,,,
1262.6637749086133,0.033561050059042634,0.1243511434340296,0.005231742248405596,0.11591605534626032,0.013802337432544843,0.0004235075888661691,,,,,,,,,,,,
1264.3498235887253,0.03348036827933735,0.12401166766520134,0.005219195803811448,0.11542562093417844,0.013766032215095468,0.0004223158141047173,,,,,,,,,,,,
1266.0381236679875,0.03339988046107148,0.12367311865743427,0.005206679447334128,0.1149372615229399,0.01372982249370399,0.00042112739306612607,,,,,,,,,,,,
1267.7286781527205,0.03331958613795578,0.12333549388069148,0.0051941931068181365,0.11445096833333024,0.01369370801718063,0.00041994231631282427,,,,,,,,,,,,
1269.4214900532538,0.03323948484482215,0.12299879081184402,0.005181736710281049,0.11396673262328093,0.013657688534996458,0.0004187605744338021,,,,,,,,,,,,
1271.116562383942,0.03315957611762053,0.1226630069346499,0.005169310185913031,0.11348454568770909,0.01362176379728141,0.0004175821580445289,,,,,,,,,,,,
1272.8138981631596,0.03307985949341677,0.12232813973973757,0.005156913462076482,0.11300439885836407,0.013585933554822778,0.0004164070577868876,,,,,,,,,,,,
1274.5135004133163,0.033000334510389286,0.12199418672458485,0.005144546467305571,0.1125262835036687,0.013550197559063287,0.0004152352643290905,,,,,,,,,,,,
1276.2153721608543,0.03292100070782697,0.12166114539350227,0.005132209130305881,0.11205019102856656,0.013514555562099519,0.0004140667683656131,,,,,,,,,,,,
1277.9195164362566,0.03284185762612624,0.1213290132576135,0.005119901379953973,0.11157611287436645,0.01347900731668014,0.00041290156061711715,,,,,,,,,,,,
1279.6259362740575,0.03276290480678829,0.12099778783483597,0.005107623145296924,0.11110404051858744,0.013443552576204096,0.0004117396318303746,,,,,,,,,,,,
1281.3346347128372,0.03268414179241674,0.12066746664986423,0.005095374355552025,0.11063396547480818,0.013408191094719085,0.00041058097277819975,,,,,,,,,,,,
1283.0456147952393,0.0326055681267146,0.12033804723414927,0.005083154940106266,0.1101658792925115,0.013372922626919664,0.0004094255742593694,,,,,,,,,,,,
1284.7588795679644,0.032527183354482035,0.12000952712588224,0.005070964828516022,0.10969977355693528,0.013337746928145723,0.0004082734270985565,,,,,,,,,,,,
1286.4744320817874,0.032448987021613335,0.11968190386997396,0.005058803950506547,0.10923563988891839,0.013302663754380592,0.00040712452214625015,,,,,,,,,,,,
1288.192275391551,0.032370978675094676,0.1193551750180385,0.005046672235971681,0.1087734699447529,0.013267672862249565,0.00040597885027869124,,,,,,,,,,,,
1289.9124125561825,0.032293157863001076,0.11902933812837307,0.005034569614973338,0.10831325541603119,0.013232774009017992,0.0004048364023977909,,,,,,,,,,,,
1291.6348466386887,0.032215524134494224,0.11870439076594166,0.005022496017741204,0.10785498802949949,0.013197966952589806,0.00040369716943106657,,,,,,,,,,,,
1293.3595807061718,0.032138077039819385,0.11838033050235477,0.005010451374672225,0.10739865954690632,0.013163251451505655,0.0004025611423315628,,,,,,,,,,,,
1295.0866178298238,0.03206081613030329,0.11805715491585347,0.004998435616330322,0.10694426176485719,0.0131286272649414,0.0004014283120777861,,,,,,,,,,,,
1296.8159610849439,0.031983740958351096,0.11773486159128907,0.004986448673445885,0.10649178651466426,0.013094094152706258,0.00040029866967362677,,,,,,,,,,,,
1298.5476135509327,0.03190685107744412,0.11741344812010696,0.004974490476915463,0.10604122566220207,0.013059651875241315,0.0003991722061482931,,,,,,,,,,,,
1300.2815783113035,0.03183014604213714,0.11709291210032789,0.004962560957801303,0.10559257110776013,0.01302530019361778,0.00039804891255623763,,,,,,,,,,,,
1302.0178584536907,0.03175362540805564,0.11677325113652912,0.0049506600473309655,0.10514581478589641,0.01299103886953527,0.00039692877997708347,,,,,,,,,,,,
1303.7564570698466,0.031677288731893606,0.11645446283982838,0.0049387876768969665,0.10470094866529465,0.01295686766532031,0.00039581179951556056,,,,,,,,,,,,
1305.4973772556568,0.03160113557141051,0.11613654482786409,0.004926943778056321,0.10425796474861729,0.01292278634392449,0.00039469796230142616,,,,,,,,,,,,
1307.2406221111364,0.03152516548542922,0.1158194947247793,0.004915128282530204,0.10381685507236442,0.012888794668923032,0.00039358725948940266,,,,,,,,,,,,
1308.9861947404443,0.03144937803383299,0.11550331016120226,0.004903341122203505,0.10337761170672785,0.01285489240451293,0.00039247968225910023,,,,,,,,,,,,
1310.7340982518797,0.031373772777563355,0.11518798877423038,0.004891582229124502,0.10294022675545146,0.012821079315511552,0.0003913752218149534,,,,,,,,,,,,
1312.4843357578977,0.031298349278617105,0.1148735282074109,0.004879851535504393,0.10250469235568625,0.012787355167354757,0.00039027386938614474,,,,,,,,,,,,
1314.2369103751037,0.03122310710004425,0.11455992611072503,0.004868148973716968,0.10207100067785195,0.012753719726095505,0.00038917561622654154,,,,,,,,,,,,
1315.9918252242705,0.031148045805945032,0.11424718014056849,0.0048564744762981706,0.1016391439254934,0.01272017275840202,0.0003880804536146197,,,,,,,,,,,,
1317.7490834303328,0.031073164961467795,0.11393528795973602,0.004844827975945767,0.10120911433514318,0.012686714031556369,0.00038698837285340223,,,,,,,,,,,,
1319.508688122403,0.030998464132806092,0.11362424723740183,0.004833209405518888,0.10078090417617935,0.01265334331345267,0.00038589936527038174,,,,,,,,,,,,
1321.2706424337682,0.03092394288719651,0.113314055649104,0.0048216186980376925,0.10035450575068879,0.012620060372595623,0.00038481342221745844,,,,,,,,,,,,
1323.0349495018993,0.03084960079291602,0.11300471087672637,0.0048100557866829815,0.09992991139332778,0.012586864978098853,0.00038373053507086884,,,,,,,,,,,,
1324.8016124684607,0.030775437419279277,0.11269621060848035,0.004798520604795768,0.09950711347118334,0.012553756899683223,0.0003826506952311148,,,,,,,,,,,,
1326.5706344793064,0.03070145233663656,0.11238855253888957,0.004787013085876948,0.09908610438363818,0.012520735907675414,0.00038157389412290095,,,,,,,,,,,,
1328.3420186844965,0.030627645116370828,0.11208173436877057,0.004775533163586865,0.09866687656223148,0.01248780177300613,0.00038050012319505987,,,,,,,,,,,,
1330.1157682382923,0.03055401533089566,0.11177575380521747,0.0047640807717449895,0.09824942247052548,0.012454954267208728,0.00037942937392049106,,,,,,,,,,,,
1331.8918862991725,0.030480562553652304,0.11147060856158311,0.00475265584432947,0.09783373460396741,0.012422193162417395,0.0003783616377960861,,,,,,,,,,,,
1333.6703760298271,0.030407286359107777,0.11116629635746378,0.004741258315476805,0.09741980548975707,0.0123895182313658,0.00037729690634266905,,,,,,,,,,,,
1335.4512405971757,0.030334186322751786,0.11086281491868019,0.004729888119481423,0.09700762768671005,0.012356929247385304,0.00037623517110492075,,,,,,,,,,,,
1337.2344831723608,0.030261262021094828,0.11056016197726255,0.004718545190795352,0.09659719378512643,0.01232442598440358,0.0003751764236513191,,,,,,,,,,,,
1339.0201069307648,0.03018851303166527,0.11025833527143156,0.004707229464027785,0.09618849640665501,0.012292008216942877,0.00037412065557406593,,,,,,,,,,,,
1340.8081150520047,0.030115938933007333,0.10995733254558347,0.004695940873944752,0.09578152820416326,0.012259675720118613,0.00037306785848902584,,,,,,,,,,,,
1342.598510719949,0.030043539304678176,0.10965715155027143,0.0046846793554686985,0.09537628186160277,0.012227428269637644,0.0003720180240356541,,,,,,,,,,,,
1344.3912971227137,0.029971313727245902,0.10935779004219011,0.004673444843678167,0.09497275009387982,0.01219526564179687,0.00037097114387693526,,,,,,,,,,,,
1346.1864774526712,0.02989926178228698,0.1090592457841584,0.004662237273807374,0.09457092564672347,0.012163187613481608,0.0003699272096993146,,,,,,,,,,,,
1347.9840549064616,0.029827383052383555,0.108761516545102,0.0046510565812458386,0.09417080129655436,0.012131193962163994,0.00036888621321262964,,,,,,,,,,,,
1349.7840326849873,0.029755677121121496,0.1084646001000382,0.004639902701538059,0.09377236985035686,0.012099284465901573,0.00036784814615005115,,,,,,,,,,,,
1351.5864139934313,0.029684143573087553,0.10816849423005763,0.004628775570383075,0.09337562414554743,0.012067458903335588,0.0003668130002680089,,,,,,,,,,,,
1353.3912020412504,0.029612781993867337,0.10787319672230934,0.004617675123634149,0.09298055704984819,0.012035717053689634,0.000365780767346134,,,,,,,,,,,,
1355.1984000421924,0.029541591970042493,0.10757870536998254,0.004606601297298356,0.09258716146115628,0.012004058696767933,0.0003647514391871873,,,,,,,,,,,,
1357.0080112142912,0.02947057308918877,0.1072850179722919,0.004595554027536267,0.09219543030741871,0.011972483612953996,0.0003637250076169998,,,,,,,,,,,,
1358.8200387798831,0.029399724939873192,0.1069921323344592,0.004584533250661514,0.0918053565465028,0.01194099158320892,0.00036270146448440254,,,,,,,,,,,,
1360.6344859656026,0.029329047111652087,0.10670004626769893,0.004573538903140484,0.09141693316607184,0.01190958238907004,0.00036168080166116705,,,,,,,,,,,,
1362.4513560023968,0.02925853919506825,0.1064087575891999,0.0045625709215919,0.09103015318345681,0.011878255812649237,0.000360663011041935,,,,,,,,,,,,
1364.270652125524,0.02918820078164906,0.10611826412211071,0.004551629242786509,0.09064500964553283,0.011847011636631587,0.0003596480845441602,,,,,,,,,,,,
1366.0923775745623,0.02911803146390382,0.1058285636955227,0.0045407138036466935,0.09026149562859336,0.01181584964427378,0.0003586360141080402,,,,,,,,,,,,
1367.91653559342,0.0290480308353213,0.10553965414445297,0.004529824541246063,0.08987960423822465,0.011784769619402566,0.0003576267916964515,,,,,,,,,,,,
1369.7431294303308,0.028978198490367753,0.10525153330983,0.004518961392809182,0.08949932860918415,0.011753771346413389,0.0003566204092948904,,,,,,,,,,,,
1371.5721623378722,0.02890853402448415,0.10496419903847558,0.004508124295711121,0.0891206619052746,0.01172285461026872,0.0003556168589114035,,,,,,,,,,,,
1373.4036375729588,0.028839037034084237,0.10467764918309037,0.004497313187477175,0.08874359731922338,0.011692019196496756,0.0003546161325765302,,,,,,,,,,,,
1375.23755839686,0.02876970711655176,0.1043918816022364,0.004486528005782409,0.088368128072558,0.011661264891189732,0.0003536182223432335,,,,,,,,,,,,
1377.0739280751945,0.028700543870238602,0.1041068941603226,0.004475768688451405,0.08799424741548645,0.011630591481002648,0.00035262312028684276,,,,,,,,,,,,
1378.912749877947,0.028631546894462012,0.10382268472758706,0.004465035173457807,0.08762194862677342,0.011599998753151574,0.0003516308185049845,,,,,,,,,,,,
1380.754027079463,0.028562715789502684,0.10353925118008307,0.00445432739892405,0.0872512250136222,0.011569486495412373,0.000350641309117527,,,,,,,,,,,,
1382.597762958466,0.028494050156602068,0.10325659139966126,0.004443645303120907,0.08688206991155153,0.011539054496119047,0.00034965458426650965,,,,,,,,,,,,
1384.443960798052,0.028425549597960426,0.10297470327395569,0.004432988824467239,0.08651447668427846,0.011508702544162442,0.0003486706361160879,,,,,,,,,,,,
1386.292623885707,0.028357213716734133,0.10269358469636632,0.0044223579015295455,0.08614843872359666,0.011478430428988624,0.0003476894568524648,,,,,,,,,,,,
1388.1437555133016,0.028289042117033755,0.10241323356604456,0.004411752473021682,0.08578394944925956,0.011448237940597546,0.0003467110386838341,,,,,,,,,,,,
1389.9973589771027,0.02822103440392158,0.10213364778787727,0.004401172477804467,0.08542100230886125,0.011418124869541543,0.000345735373840316,,,,,,,,,,,,
1391.8534375777833,0.028153190183409203,0.10185482527247015,0.004390617854885321,0.08505959077771791,0.011388091006923803,0.00034476245457389364,,,,,,,,,,,,
1393.7119946204173,0.028085509062455553,0.10157676393613382,0.0043800885434179685,0.08469970835875233,0.011358136144397088,0.0003437922731583558,,,,,,,,,,,,
1395.5730334144985,0.028017990648964274,0.1012994617008665,0.004369584482702018,0.08434134858237499,0.011328260074162084,0.0003428248218892317,,,,,,,,,,,,
1397.4365572739334,0.0279506345517818,0.10102291649434002,0.00435910561218267,0.08398450500636995,0.011298462588966182,0.000341860093083733,,,,,,,,,,,,
1399.30256951706,0.027883440380694704,0.1007471262498829,0.004348651871450321,0.08362917121577686,0.011268743482101808,0.0003408980790806888,,,,,,,,,,,,
1401.1710734666408,0.027816407746427848,0.10047208890646647,0.0043382232002402675,0.08327534082277775,0.011239102547405207,0.00033993877224048984,,,,,,,,,,,,
1403.042072449882,0.02774953626064175,0.1001978024086877,0.0043278195384323015,0.08292300746658016,0.011209539579254815,0.0003389821649450226,,,,,,,,,,,,
1404.9155697984258,0.027682825535930683,0.09992426470675562,0.004317440826050411,0.08257216481330477,0.011180054372570018,0.00033802824959761394,,,,,,,,,,,,
1406.79156884837,0.027616275185820043,0.09965147375647442,0.004307087003262394,0.08222280655586951,0.011150646722809564,0.0003370770186229655,,,,,,,,,,,,
1408.67007294026,0.02754988482476454,0.09937942751922957,0.004296758010379564,0.08187492641387828,0.011121316425970291,0.0003361284644670991,,,,,,,,,,,,
1410.5510854191093,0.027483654068145565,0.0991081239619711,0.004286453787856347,0.081528518133506,0.011092063278585557,0.00033518257959729063,,,,,,,,,,,,
1412.4346096343925,0.02741758253226926,0.09883756105720003,0.004276174276289979,0.0811835754873879,0.01106288707772398,0.00033423935650201666,,,,,,,,,,,,
1414.3206489400573,0.027351669834364184,0.09856773678295218,0.004265919416420169,0.08084009227450685,0.011033787620987959,0.00033329878769089064,,,,,,,,,,,,
1416.2092066945338,0.02728591559257897,0.0982986491227827,0.0042556891491287085,0.08049806232008114,0.011004764706512215,0.0003323608656946026,,,,,,,,,,,,
1418.1002862607315,0.027220319425980403,0.0980302960657526,0.004245483415439189,0.08015747947545518,0.01097581813296253,0.0003314255830648645,,,,,,,,,,,,
1419.993891006056,0.027154880954550847,0.09776267560641169,0.004235302156516612,0.07981833761798705,0.01094694769953418,0.0003304929323743453,,,,,,,,,,,,
1421.8900243024032,0.027089599799186438,0.09749578574478543,0.004225145313667104,0.07948063065094041,0.010918153205950723,0.00032956290621661774,,,,,,,,,,,,
1423.7886895261781,0.027024475581694515,0.09722962448635852,0.004215012828337517,0.07914435250337276,0.010889434452462427,0.00032863549720609403,,,,,,,,,,,,
1425.6898900582878,0.026959507924791765,0.0969641898420613,0.0042049046421151455,0.07880949713002854,0.010860791239845059,0.00032771069797797234,,,,,,,,,,,,
1427.5936292841602,0.026894696452101713,0.09669947982825346,0.004194820696727341,0.07847605851122826,0.010832223369398347,0.000326788501188173,,,,,,,,,,,,
1429.4999105937377,0.026830040788152883,0.09643549246671072,0.0041847609340412316,0.07814403065276242,0.010803730642944745,0.0003258688995132866,,,,,,,,,,,,
1431.4087373814953,0.02676554055837624,0.09617222578460873,0.004174725296063328,0.07781340758578163,0.010775312862827905,0.00032495188565050847,,,,,,,,,,,,
1433.3201130464345,0.026701195389103424,0.09590967781450943,0.0041647137249392376,0.07748418336669145,0.010746969831911474,0.00032403745231758763,,,,,,,,,,,,
1435.234040992102,0.02663700490756421,0.09564784659434514,0.004154726162953288,0.07715635207704334,0.01071870135357755,0.00032312559225276295,,,,,,,,,,,,
1437.1505246265847,0.02657296874188465,0.09538673016740525,0.004144762552528246,0.07682990782343023,0.010690507231725488,0.0003222162982147105,,,,,,,,,,,,
1439.0695673625198,0.026509086521084805,0.09512632658232083,0.00413482283622494,0.0765048447373797,0.010662387270770443,0.00032130956298248353,,,,,,,,,,,,
1440.9911726171067,0.0264453578750764,0.0948666338930495,0.004124906956741935,0.07618115697524777,0.010634341275641971,0.0003204053793554538,,,,,,,,,,,,
1442.9153438121011,0.026381782434661126,0.09460765015886251,0.004115014856915242,0.07585883871811559,0.010606369051782822,0.0003195037401532582,,,,,,,,,,,,
1444.8420843738343,0.02631835983152798,0.09434937344432828,0.00410514647971793,0.07553788417168285,0.01057847040514741,0.0003186046382157379,,,,,,,,,,,,
1446.7713977332066,0.02625508969825161,0.09409180181929974,0.004095301768259846,0.07521828756616555,0.010550645142200665,0.00031770806640288497,,,,,,,,,,,,
1448.7032873257058,0.026191971668289786,0.09383493335889842,0.004085480665787249,0.07490004315619041,0.010522893069916479,0.00031681401759478143,,,,,,,,,,,,
1450.6377565914008,0.026129005375981628,0.09357876614350136,0.004075683115682528,0.07458314522069345,0.01049521399577657,0.0003159224846915478,,,,,,,,,,,,
1452.5748089749607,0.026066190456545124,0.09332329825872535,0.004065909061463821,0.07426758806281518,0.01046760772776896,0.0003150334606132815,,,,,,,,,,,,
1454.5144479256476,0.0260035265460754,0.0930685277954143,0.004056158446784739,0.07395336600980021,0.010440074074386815,0.0003141469383000058,,,,,,,,,,,,
1456.4566768973357,0.02594101328154225,0.0928144528496232,0.0040464312154339975,0.07364047341289336,0.010412612844626964,0.0003132629107116085,,,,,,,,,,,,
1458.4014993485055,0.025878650300788383,0.09256107152260555,0.004036727311335144,0.07332890464723986,0.010385223847988715,0.0003123813708277914,,,,,,,,,,,,
1460.348918742261,0.025816437242526927,0.09230838192079759,0.004027046678546175,0.07301865411178256,0.010357906894472382,0.0003115023116480088,,,,,,,,,,,,
1462.2989385463268,0.02575437374633975,0.09205638215580564,0.004017389261259258,0.0727097162291627,0.010330661794578111,0.00031062572619141785,,,,,,,,,,,,
1464.2515622330573,0.025692459452675145,0.09180507034439117,0.004007755003800406,0.07240208544561905,0.010303488359304504,0.0003097516074968192,,,,,,,,,,,,
1466.2067932794484,0.025630694002845622,0.09155444460845627,0.003998143850629119,0.07209575623088729,0.010276386400147238,0.0003088799486226013,,,,,,,,,,,,
1468.164635167133,0.025569077039026198,0.09130450307503109,0.003988555746338125,0.07179072307810233,0.010249355729097923,0.000308010742646689,,,,,,,,,,,,
1470.1250913823988,0.025507608204251925,0.09105524387625803,0.003978990635652986,0.07148698050369737,0.010222396158642602,0.00030714398266648395,,,,,,,,,,,,
1472.0881654161826,0.0254462871424162,0.09080666514937952,0.003969448463431859,0.07118452304730719,0.010195507501760636,0.0003062796617988144,,,,,,,,,,,,
1474.0538607640894,0.025385113498268278,0.09055876503672257,0.003959929174665106,0.07088334527166819,0.01016868957192324,0.00030541777317987597,,,,,,,,,,,,
1476.0221809263853,0.02532408691741171,0.09031154168568627,0.003950432714475045,0.07058344176252244,0.01014194218309234,0.0003045583099651817,,,,,,,,,,,,
1477.9931294080163,0.025263207046301788,0.09006499324872651,0.003940959028115555,0.07028480712851841,0.010115265149719147,0.0003037012653295028,,,,,,,,,,,,
1479.9667097186032,0.025202473532243926,0.08981911788334379,0.003931508060971846,0.06998743600111622,0.010088658286743,0.0003028466324668204,,,,,,,,,,,,
1481.9429253724586,0.02514188602339126,0.08957391375206775,0.0039220797585600665,0.06969132303448884,0.010062121409589937,0.00030199440459026476,,,,,,,,,,,,
1483.9217798885836,0.025081444168742906,0.0893293790224448,0.003912674066527054,0.06939646290542796,0.010035654334171557,0.0003011445749320669,,,,,,,,,,,,
1485.903276790678,0.0250211476181418,0.08908551186702407,0.0039032909306499805,0.06910285031324742,0.010009256876883673,0.0003002971367435028,,,,,,,,,,,,
1487.8874196071522,0.024957582073940252,0.0887998171735854,0.0038933550599000713,0.06878107341923759,0.009978144907347617,0.00029960535060246697,,,,,,,,,,,,
1489.8742118711207,0.024892334120474112,0.08849210916592197,0.003883133795986221,0.0684449494455374,0.00994454795528683,0.00029899799983196707,,,,,,,,,,,,
1491.8636571204229,0.0248272567482533,0.08818546742416966,0.003872939366058575,0.06811046806506908,0.009911064125975618,0.0002983918802643067,,,,,,,,,,,,
1493.8557588976162,0.024762349511318137,0.08787988825351764,0.0038627716996696175,0.0677776212506981,0.00987769303852361,0.00029778698940362947,,,,,,,,,,,,
1495.8505207499936,0.02469761196487468,0.0875753679719575,0.003852630726556747,0.06744640101451645,0.009844434313322869,0.0002971833247591378,,,,,,,,,,,,
1497.8479462295802,0.024633043665292037,0.08727190291024053,0.003842516376641851,0.06711679940765297,0.009811287572043652,0.00029658088384508486,,,,,,,,,,,,
1499.848038893149,0.024568644170098873,0.08696948941183173,0.0038324285800307744,0.06678880852008061,0.00977825243763004,0.00029597966418076066,,,,,,,,,,,,
1501.8508023022164,0.0245044130379809,0.08666812383286773,0.0038223672670128755,0.06646242048042854,0.00974532853429572,0.0002953796632904864,,,,,,,,,,,,
1503.8562400230617,0.02444034982877731,0.08636780254211077,0.0038123323680604965,0.0661376274557913,0.009712515487519606,0.0002947808787035996,,,,,,,,,,,,
1505.864355626719,0.02437645410347829,0.08606852192090694,0.003802323813828543,0.06581442165154275,0.009679812924041742,0.00029418330795444856,,,,,,,,,,,,
1507.8751526889978,0.024312725424221537,0.08577027836314076,0.0037923415351539427,0.06549279531114713,0.009647220471858849,0.0002935869485823774,,,,,,,,,,,,
1509.888634790477,0.0242491633542896,0.08547306827519335,0.0037823854630552154,0.06517274071597452,0.009614737760220284,0.00029299179813172037,,,,,,,,,,,,
1511.9048055165174,0.0241857674581068,0.08517688807589832,0.003772455528731992,0.06485425018511494,0.009582364419623747,0.0002923978541517896,,,,,,,,,,,,
1513.9236684572718,0.024122537301236015,0.08488173419649803,0.0037625516635644896,0.06453731607519327,0.009550100081810982,0.0002918051141968636,,,,,,,,,,,,
1515.9452272076803,0.024059472450376134,0.08458760308060216,0.0037526737991131097,0.06422193078018752,0.009517944379763795,0.00029121357582618065,,,,,,,,,,,,
1517.9694853674905,0.023996572473358645,0.084294491184143,0.003742821867117896,0.06390808673124435,0.009485896947699647,0.00029062323660392574,,,,,,,,,,,,
1519.9964465412497,0.023933836939145036,0.08400239497533475,0.003732995799498129,0.06359577639649937,0.009453957421067721,0.000290034094099222,,,,,,,,,,,,
1522.026114338325,0.023871265417823542,0.08371131093462887,0.0037231955283517854,0.06328499228089443,0.009422125436544563,0.0002894461458861201,,,,,,,,,,,,
1524.058492372897,0.023808857480606484,0.08342123555467362,0.00371342098595515,0.06297572692599972,0.009390400632030118,0.00028885938954358953,,,,,,,,,,,,
1526.0935842639783,0.023746612699827023,0.08313216534027004,0.0037036721047622586,0.06266797290983284,0.009358782646643497,0.0002882738226555058,,,,,,,,,,,,
1528.131393635408,0.023684530648936594,0.0828440968083316,0.0036939488174045137,0.06236172284668251,0.009327271120718957,0.0002876894428106445,,,,,,,,,,,,
1530.17192411587,0.023622610902501538,0.08255702648784038,0.003684251056690148,0.062056969386929596,0.009295865695801727,0.0002871062476026668,,,,,,,,,,,,
1532.2151793388882,0.02356085303620069,0.0822709509198071,0.0036745787556038256,0.06175370521687244,0.00926456601464402,0.00028652423463011446,,,,,,,,,,,,
1534.2611629428438,0.023499256626821955,0.08198586665722762,0.0036649318473061113,0.06145192305854959,0.00923337172120085,0.00028594340149639487,,,,,,,,,,,,
1536.309878570972,0.023437821252259863,0.08170177026504297,0.003655310265133079,0.06115161566956668,0.009202282460626125,0.00028536374580977555,,,,,,,,,,,,
1538.3613298713728,0.023376546491512426,0.08141865832009737,0.0036457139425958044,0.06085277584292199,0.009171297879268542,0.0002847852651833725,,,,,,,,,,,,
1540.4155204970227,0.0233154319246782,0.08113652741109621,0.003636142813379899,0.06055539640683276,0.00914041762466747,0.0002842079572351385,,,,,,,,,,,,
1542.4724541057687,0.023254477132953703,0.08085537413856651,0.003626596811345099,0.060259470224564696,0.009109641345549155,0.0002836318195878573,,,,,,,,,,,,
1544.5321343603498,0.023193681698630123,0.08057519511481422,0.00361707587052475,0.05996499019425888,0.009078968691822481,0.0002830568498691304,,,,,,,,,,,,
1546.5945649283885,0.023133045205090918,0.08029598696388525,0.003607579925125407,0.059671949248763116,0.009048399314575219,0.00028248304571136887,,,,,,,,,,,,
1548.6597494824114,0.02307256723680853,0.08001774632152288,0.003598108909526334,0.05938034035546058,0.00901793286606984,0.000281910404751783,,,,,,,,,,,,
1550.7276916998433,0.023012247379341905,0.07974046983512902,0.0035886627582790887,0.059090156516102756,0.008987568999739771,0.00028133892463237404,,,,,,,,,,,,
1552.7983952630245,0.022952085219333333,0.07946415416372214,0.003579241406107025,0.058801390766639795,0.008957307370185245,0.0002807686029999213,,,,,,,,,,,,
1554.8718638592077,0.022892080344505905,0.07918879597789868,0.0035698447879048984,0.0585140361770551,0.008927147633169574,0.00028019943750597667,,,,,,,,,,,,
1556.9481011805744,0.022832232343660424,0.07891439195979119,0.003560472838738355,0.058228085851197264,0.008897089445615044,0.0002796314258068506,,,,,,,,,,,,
1559.02711092423,0.02277254080667284,0.07864093880303022,0.0035511254938435416,0.05794353292661633,0.008867132465599163,0.0002790645655636066,,,,,,,,,,,,
1561.108896792224,0.022713005324491168,0.07836843321270257,0.00354180268862661,0.05766037057439738,0.00883727635235068,0.00027849885444204773,,,,,,,,,,,,
1563.193462491543,0.02265362548913296,0.07809687190531313,0.0035325043586633023,0.0573785919989981,0.008807520766245741,0.00027793429011271025,,,,,,,,,,,,
1565.280811734125,0.022594400893682358,0.07782625160874485,0.003523230439698498,0.05709819043808512,0.008777865368804073,0.0002773708702508527,,,,,,,,,,,,
1567.370948236869,0.02253533113228722,0.07755656906221843,0.003513980867645745,0.05681915916237105,0.008748309822684989,0.0002768085925364447,,,,,,,,,,,,
1569.46387572163,0.022476415800156593,0.07728782101625464,0.003504755578586866,0.05654149147545446,0.008718853791683752,0.0002762474546541607,,,,,,,,,,,,
1571.5595979152404,0.022417654493557638,0.07702000423263353,0.0034955545087714604,0.056265180713657555,0.00868949694072754,0.0002756874542933679,,,,,,,,,,,,
1573.6581185495018,0.0223590468098132,0.07675311548435694,0.0034863775946165176,0.05599022024586782,0.00866023893587185,0.0002751285891481175,,,,,,,,,,,,
1575.7594413612055,0.022300592347298642,0.07648715155560806,0.0034772247727059336,0.05571660347337733,0.00863107944429647,0.0002745708569171352,,,,,,,,,,,,
1577.863570092127,0.022242290705439555,0.07622210924171438,0.003468095979790109,0.05544432382972595,0.008602018134301928,0.00027401425530381275,,,,,,,,,,,,
1579.9705084890434,0.022184141484708538,0.07595798534910729,0.0034589911527854703,0.05517337478054219,0.008573054675305496,0.0002734587820161957,,,,,,,,,,,,
1582.0802603037293,0.022126144286622913,0.0756947766952853,0.0034499102287740857,0.05490374982338794,0.008544188737837636,0.0002729044347669779,,,,,,,,,,,,
1584.1928292929751,0.022068298713741597,0.07543248010877411,0.0034408531450031738,0.054635442487600855,0.008515419993538048,0.0002723512112734877,,,,,,,,,,,,
1586.3082192185834,0.02201060436966266,0.07517109242908979,0.0034318198388847173,0.05436844633414046,0.00848674811515213,0.0002717991092576825,,,,,,,,,,,,
1588.4264338473793,0.02195306085902055,0.07491061050670003,0.0034228102479950213,0.05410275495543299,0.008458172776527125,0.00027124812644613793,,,,,,,,,,,,
1590.547476951223,0.021895667787483163,0.07465103120298569,0.0034138243100742417,0.053838361975217096,0.008429693652608435,0.00027069826057003613,,,,,,,,,,,,
1592.6713523070048,0.02183842476174953,0.07439235139020427,0.003404861963026017,0.05357526104839211,0.008401310419435978,0.00027014950936516107,,,,,,,,,,,,
1594.7980636966647,0.021781331389546736,0.07413456795145072,0.00339592314491698,0.05331344586086428,0.008373022754140398,0.00026960187057188434,,,,,,,,,,,,
1596.9276149071866,0.021724387279627545,0.0738776777806215,0.0033870077939763855,0.05305291012939674,0.008344830334939551,0.00026905534193516007,,,,,,,,,,,,
1599.0600097306171,0.021667592041767443,0.07362167778237544,0.003378115848595625,0.05279364760145723,0.008316732841134648,0.0002685099212045128,,,,,,,,,,,,
1601.1952519640604,0.02161094528676225,0.0733665648720981,0.0033692472473278684,0.05253565205506953,0.008288729953106812,0.0002679656061340292,,,,,,,,,,,,
1603.3333454096974,0.02155444662642514,0.073112335975863,0.003360401928887566,0.052278917298662624,0.00826082135231324,0.00026742239448234877,,,,,,,,,,,,
1605.4742938747795,0.021498095673584332,0.07285898803039628,0.0033515798321500927,0.05202343717092366,0.008233006721283775,0.00026688028401265556,,,,,,,,,,,,
1607.6181011716483,0.021441892042080045,0.07260651798303804,0.0033427808961512657,0.051769205540648545,0.008205285743617107,0.0002663392724926661,,,,,,,,,,,,
1609.76477111773,0.021385835346762264,0.07235492279170715,0.0033340050600869802,0.051516216306596294,0.00817765810397736,0.00026579935769462446,,,,,,,,,,,,
1611.9143075355544,0.021329925203487678,0.07210419942486318,0.003325252263312731,0.05126446339734116,0.008150123488090317,0.00026526053739528844,,,,,,,,,,,,
1614.0667142527507,0.021274161229117433,0.07185434486147106,0.0033165224453432533,0.05101394077112819,0.008122681582740016,0.0002647228093759244,,,,,,,,,,,,
1616.2219951020593,0.021218543041514326,0.07160535609096426,0.0033078155458520645,0.05076464241572769,0.008095332075765077,0.00026418617142229646,,,,,,,,,,,,
1618.3801539213434,0.021163070259540034,0.07135723011320777,0.0032991315046710414,0.05051656234829036,0.008068074656055175,0.0002636506213246557,,,,,,,,,,,,
1620.5411945535843,0.021107742503052893,0.07110996393846339,0.0032904702617900477,0.05026969461520507,0.008040909013547537,0.000263116156877735,,,,,,,,,,,,
1622.7051208469015,0.02105255939290483,0.07086355458735218,0.0032818317573564655,0.05002403329195442,0.008013834839223355,0.00026258277588073545,,,,,,,,,,,,
1624.8719366545465,0.020997520550939217,0.07061799909082007,0.003273215931674831,0.0497795724829741,0.007986851825104349,0.0002620504761373214,,,,,,,,,,,,
1627.0416458349223,0.02094262559998788,0.07037329449010059,0.0032646227252063845,0.04953630632150989,0.007959959664249148,0.0002615192554556085,,,,,,,,,,,,
1629.2142522515778,0.02088787416386885,0.0701294378366806,0.003256052078568689,0.04929422896947838,0.007933158050749964,0.000260989111648156,,,,,,,,,,,,
1631.3897597732273,0.020833265867383488,0.06988642619226348,0.0032475039325351824,0.049053334617325285,0.007906446679728918,0.0002604600425319572,,,,,,,,,,,,
1633.568172273745,0.02077880033631419,0.06964425662873501,0.0032389782280348176,0.04881361748388772,0.007879825247334764,0.0002599320459284318,,,,,,,,,,,,
1635.7494936321834,0.02072447719742155,0.06940292622812673,0.0032304749061516,0.048575071816253666,0.007853293450739249,0.0002594051196634139,,,,,,,,,,,,
1637.9337277327695,0.02067029607844211,0.06916243208258228,0.0032219939081242314,0.04833769188962573,0.00782685098813385,0.0002588792615671472,,,,,,,,,,,,
1640.1208784649227,0.020616256608085453,0.06892277129432076,0.0032135351753456633,0.04810147200718195,0.007800497558726159,0.0002583544694742718,,,,,,,,,,,,
1642.310949723251,0.020562358416031993,0.06868394097560315,0.0032050986493627194,0.04786640649994065,0.00777423286273662,0.0002578307412238189,,,,,,,,,,,,
1644.5039454075632,0.02050860113293027,0.06844593824869712,0.0031966842718756834,0.04763248972662364,0.007748056601395053,0.00025730807465920014,,,,,,,,,,,,
1646.6998694228807,0.020454984390394323,0.06820876024584152,0.003188291984737875,0.047399716073520407,0.007721968476937181,0.0002567864676281977,,,,,,,,,,,,
1648.8987256794321,0.020401507821001474,0.06797240410921335,0.003179921729955293,0.047168079954354604,0.007695968192601409,0.00025626591798295857,,,,,,,,,,,,
1651.1005180926745,0.0203481710582894,0.06773686699089175,0.0031715734496861585,0.04693757581014849,0.00767005545262527,0.00025574642357998175,,,,,,,,,,,,
1653.3052505832868,0.020294973736754058,0.06750214605282516,0.003163247086240582,0.04670819810909118,0.007644229962242208,0.0002552279822801132,,,,,,,,,,,,
1655.5129270771893,0.020241915491846754,0.06726823846679565,0.0031549425820800916,0.04647994134640412,0.00761849142767812,0.0002547105919485345,,,,,,,,,,,,
1657.7235515055384,0.02018899595997204,0.0670351414143864,0.0031466598798173,0.04625280004421075,0.007592839556148091,0.00025419425045475493,,,,,,,,,,,,
1659.9371278047465,0.02013621477848489,0.06680285208694617,0.0031383989222154556,0.04602676875140332,0.007567274055852995,0.00025367895567260243,,,,,,,,,,,,
1662.1536599164754,0.020083571585688475,0.06657136768555688,0.003130159652188095,0.04580184204351376,0.0075417946359762475,0.0002531647054802161,,,,,,,,,,,,
1664.373151787657,0.020031066020831455,0.06634068542099857,0.0031219420127985968,0.04557801452258182,0.007516401006680401,0.0002526514977600346,,,,,,,,,,,,
1666.5956073704872,0.01997869772410574,0.0661108025137172,0.0031137459472598506,0.045355280817027145,0.007491092879103987,0.0002521393303987913,,,,,,,,,,,,
1668.8210306224455,0.019926466336643786,0.06588171619378963,0.003105571398933794,0.04513363558151889,0.00746586996535806,0.0002516282012875015,,,,,,,,,,,,
1671.0494255062915,0.01987437150051636,0.06565342370089157,0.0030974183113310814,0.044913073496848574,0.007440731978523079,0.00025111810832145715,,,,,,,,,,,,
1673.2807959900756,0.01982241285872996,0.06542592228426376,0.0030892866281106665,0.04469358926980211,0.0074156786326455785,0.0002506090494002171,,,,,,,,,,,,
1675.515146047152,0.019770590055224316,0.06519920920267833,0.0030811762930793986,0.04447517763303197,0.007390709642734842,0.00025010102242759637,,,,,,,,,,,,
1677.7524796561745,0.019718902734870137,0.064973281724407,0.003073087250191676,0.044257833344932315,0.007365824724759827,0.00024959402531166136,,,,,,,,,,,,
1679.9928008011154,0.019667350543466453,0.0647481371271867,0.003065019443549006,0.044041551189511474,0.007341023595645746,0.00024908805596471725,,,,,,,,,,,,
1682.2361134712605,0.01961593312773842,0.06452377269818821,0.0030569728173996816,0.04382632597626849,0.007316305973271029,0.0002485831123033033,,,,,,,,,,,,
1684.4824216612299,0.019564650135334635,0.06430018573398208,0.0030489473161383262,0.043612152540066874,0.007291671576463938,0.0002480791922481802,,,,,,,,,,,,
1686.73172937097,0.019513501214825053,0.06407737354050749,0.0030409428843055732,0.04339902574101221,0.00726712012499954,0.0002475762937243256,,,,,,,,,,,,
1688.9840406057756,0.019462486015698176,0.06385533343303833,0.0030329594665876283,0.04318694046432741,0.007242651339596359,0.00024707441466092204,,,,,,,,,,,,
1691.239359376283,0.019411604188359077,0.06363406273615219,0.003024997007815939,0.04297589162023126,0.007218264941913328,0.00024657355299135137,,,,,,,,,,,,
1693.4976896984908,0.019360855384126616,0.06341355878369691,0.003017055452966759,0.042765874143814976,0.007193960654546535,0.0002460737066531831,,,,,,,,,,,,
1695.7590355937534,0.01931023925523137,0.06319381891875964,0.00300913474716083,0.04255688299492196,0.007169738201026133,0.00024557487358816944,,,,,,,,,,,,
1698.0234010888018,0.019259755454812993,0.06297484049363367,0.0030012348356629353,0.042348913158025574,0.007145597305813133,0.0002450770517422333,,,,,,,,,,,,
1700.2907902157388,0.01920940363691802,0.06275662086978749,0.0029933556638815765,0.04214195964210984,0.007121537694296314,0.00024458023906546284,,,,,,,,,,,,
1702.5612070120508,0.019159183456497482,0.06253915741783263,0.002985497177368575,0.0419360174805492,0.007097559092789116,0.00024408443351210178,,,,,,,,,,,,
1704.8346555206217,0.019109094569404322,0.062322447517491435,0.0029776593218186764,0.041731081730988905,0.0070736612285264245,0.00024358963304053948,,,,,,,,,,,,
1707.111139789726,0.019059136632391407,0.062106488557566716,0.0029698420430692173,0.041527147475227434,0.007049843829661626,0.00024309583561330596,,,,,,,,,,,,
1709.3906638730514,0.019009309303108804,0.061891277935908866,0.002962045287099711,0.04132420981909727,0.0070261066252633435,0.0002426030391970596,,,,,,,,,,,,
1711.6732318296913,0.018959612240101734,0.06167681305938586,0.002954269000031509,0.04112226389234861,0.007002449345312526,0.00024211124176258254,,,,,,,,,,,,
1713.9588477241666,0.018910045102807988,0.06146309134385074,0.0029465131281273863,0.04092130484853137,0.006978871720699204,0.00024162044128476872,,,,,,,,,,,,
1716.2475156264181,0.01886060755155582,0.06125011021411169,0.0029387776177912223,0.04072132786487996,0.006955373483219604,0.00024113063574261888,,,,,,,,,,,,
1718.5392396118289,0.018811299247561378,0.0610378671038999,0.0029310624155675768,0.040522328142196466,0.006931954365572922,0.00024064182311922948,,,,,,,,,,,,
1720.834023761216,0.018762119852926674,0.060826359455839675,0.0029233674681413678,0.04032430090473657,0.006908614101358457,0.00024015400140178685,,,,,,,,,,,,
1723.1318721608536,0.01871306903063692,0.06061558472141653,0.002915692722337468,0.04012724140009381,0.006885352425072412,0.00023966716858155588,,,,,,,,,,,,
1725.4327889024667,0.018664146444558546,0.06040554036094749,0.0029080381251203598,0.03993114489908656,0.006862169072105003,0.00023918132265387498,,,,,,,,,,,,
1727.7367780832437,0.018615351759436728,0.06019622384355013,0.0029004036235937623,0.039736006695644026,0.006839063778737419,0.00023869646161814637,,,,,,,,,,,,
1730.0438438058497,0.01856668464089303,0.05998763264711149,0.0028927891650002467,0.03954182210669297,0.006816036282138736,0.00023821258347782632,,,,,,,,,,,,
1732.3539901784209,0.01851814475542335,0.059779764258258816,0.0028851946967209134,0.039348586472046275,0.006793086320363078,0.0002377296862404204,,,,,,,,,,,,
1734.6672213145864,0.018469731770395296,0.05957261617232807,0.0028776201662749756,0.039156295154289956,0.0067702136323464735,0.00023724776791747137,,,,,,,,,,,,
1736.9835413334608,0.018421445354046294,0.05936618589333494,0.002870065521319458,0.03896494353867304,0.006747417957904049,0.00023676682652455487,,,,,,,,,,,,
1739.3029543596667,0.018373285175480928,0.05916047093394355,0.002862530709648769,0.038774527032995644,0.006724699037726906,0.00023628686008126732,,,,,,,,,,,,
1741.6254645233269,0.018325250904669025,0.05895546881543777,0.0028550156791943998,0.03858504106749993,0.006702056613379333,0.00023580786661122176,,,,,,,,,,,,
1743.9510759600857,0.01827734221244309,0.05875117706769003,0.0028475203780245146,0.03839648109475931,0.006679490427295707,0.0002353298441420357,,,,,,,,,,,,
1746.279792811104,0.018229558770496306,0.05854759322913282,0.0028400447543436365,0.03820884258957039,0.006657000222777721,0.00023485279070532678,,,,,,,,,,,,
1748.6116192230784,0.018181900251380053,0.058344714846727805,0.0028325887564922434,0.03802212104884334,0.006634585743991307,0.00023437670433670182,,,,,,,,,,,,
1750.946559348236,0.01813436632850189,0.058142539475937574,0.002825152332946466,0.03783631199149484,0.0066122467359638806,0.0002339015830757501,,,,,,,,,,,,
1753.2846173443554,0.01808695667612309,0.057941064680694813,0.0028177354323176704,0.037651410958339494,0.006589982944581287,0.0002334274249660347,,,,,,,,,,,,
1755.625797374762,0.018039670969356617,0.0577402880333741,0.002810338003352153,0.03746741351198378,0.0065677941165850524,0.0002329542280550853,,,,,,,,,,,,
1757.9701036083404,0.017992508884164794,0.05754020711476222,0.0028029599949307682,0.037284315236719094,0.006545679999569413,0.00023248199039438967,,,,,,,,,,,,
1760.317540219547,0.017945470097357013,0.05734081951402846,0.0027956013560685553,0.03710211173841544,0.006523640341978453,0.00023201071003938422,,,,,,,,,,,,
1762.6681113884058,0.017898554286587706,0.05714212282869682,0.002788262035914426,0.03692079864441688,0.006501674893103294,0.00023154038504944922,,,,,,,,,,,,
1765.0218213005294,0.017851761130353923,0.05694411466461564,0.002780941983750778,0.03674037160343552,0.006479783403079155,0.00023107101348789693,,,,,,,,,,,,
1767.378674147112,0.01780509030799337,0.05674679263593002,0.0027736411489931714,0.03656082628544817,0.006457965622882636,0.00023060259342196754,,,,,,,,,,,,
1769.7386741249518,0.017758541499681913,0.05655015436505194,0.0027663594811899467,0.03638215838159137,0.0064362213043287295,0.00023013512292281742,,,,,,,,,,,,
1772.1018254364442,0.01771211438643173,0.05635419748263278,0.0027590969300219192,0.03620436360405901,0.006414550200068165,0.00022966860006551487,,,,,,,,,,,,
1774.4681322896024,0.017665808650088766,0.05615891962753355,0.0027518534453019835,0.03602743768599842,0.006392952063584428,0.00022920302292902845,,,,,,,,,,,,
1776.8375988980522,0.017619623973330903,0.055964318446797605,0.002744628976974815,0.03585137638140897,0.006371426649191118,0.00022873838959622272,,,,,,,,,,,,
1779.210229481053,0.017573560039665474,0.05577039159562118,0.0027374234751164736,0.03567617546503917,0.006349973712028994,0.00022827469815384755,,,,,,,,,,,,
1781.5860282634903,0.017527616533427354,0.05557713673732625,0.0027302368899341165,0.03550183073228628,0.006328593008063351,0.00022781194669253157,,,,,,,,,,,,
1783.9649994758993,0.01748179313977656,0.05538455154333131,0.0027230691717655907,0.035328337999094385,0.006307284294081079,0.00022735013330677382,,,,,,,,,,,,
1786.3471473544585,0.0174360895446963,0.05519263369312418,0.0027159202710791423,0.035155693101854874,0.006286047327688042,0.00022688925609493652,,,,,,,,,,,,
1788.732476141003,0.01739050543499075,0.05500138087423372,0.0027087901384730533,0.03498389189730614,0.006264881867306257,0.00022642931315923712,,,,,,,,,,,,
1791.120990083037,0.017345040498282782,0.05481079078220148,0.0027016787246752836,0.03481293026243378,0.0062437876721710955,0.00022597030260573879,,,,,,,,,,,,
1793.5126934337302,0.017299694423012053,0.05462086112055504,0.0026945859805431677,0.0346428040943725,0.006222764502328647,0.00022551222254434586,,,,,,,,,,,,
1795.9075904519382,0.01725446689843264,0.05443158960077903,0.0026875118570630395,0.03447350931030667,0.006201812118632908,0.0002250550710887924,,,,,,,,,,,,
1798.305685402196,0.01720935761461113,0.05424297394228882,0.0026804563053499245,0.034305041847373326,0.006180930282743117,0.00022459884635663802,,,,,,,,,,,,
1800.7069825547414,0.017164366262424267,0.054055011872401866,0.0026734192766471663,0.03413739766256371,0.006160118757120995,0.00022414354646925664,,,,,,,,,,,,
1803.1114861855058,0.017119492533557094,0.053867701126311424,0.0026664007223261314,0.03397057273262717,0.006139377305028096,0.0002236891695518322,,,,,,,,,,,,
1805.519200576138,0.01707473612050053,0.05368103944705826,0.00265940059388583,0.033804563053973676,0.0061187056905230375,0.0002232357137333474,,,,,,,,,,,,
1807.9301300139973,0.01703009671654961,0.05349502458550439,0.0026524188429526223,0.03363936464257869,0.006098103678458932,0.00022278317714657947,,,,,,,,,,,,
1810.3442787921747,0.01698557401580103,0.05330965430030501,0.0026454554212798492,0.033474973533886586,0.00607757103448057,0.00022233155792808986,,,,,,,,,,,,
1812.761651209487,0.01694116771315139,0.05312492635788251,0.0026385102807475287,0.03331138578271649,0.006057107525021901,0.0002218808542182177,,,,,,,,,,,,
1815.1822515704978,0.01689687750429479,0.05294083853239852,0.0026315833733619896,0.03314859746316661,0.006036712917303233,0.00022143106416107187,,,,,,,,,,,,
1817.606084185514,0.016852703085720993,0.05275738860572805,0.0026246746512555747,0.03298660466852087,0.00601638697932871,0.00022098218590452403,,,,,,,,,,,,
1820.0331533705973,0.016808644154713257,0.052574574367432306,0.0026177840666862947,0.03282540351115483,0.005996129479883617,0.00022053421760019973,,,,,,,,,,,,
1822.4634634475792,0.016764700409346127,0.05239239361473165,0.0026109115720374786,0.03266499012244194,0.005975940188531698,0.00022008715740347157,,,,,,,,,,,,
1824.8970187440539,0.016720871548483642,0.05221084415248003,0.0026040571198174944,0.03250536065266165,0.005955818875612661,0.0002196410034734524,,,,,,,,,,,,
1827.333823593402,0.01667715727177698,0.05202992379313752,0.002597220662659359,0.032346511270905966,0.005935765312239427,0.0002191957539729852,,,,,,,,,,,,
1829.7738823347831,0.016633557279662654,0.051849630356744884,0.002590402153320468,0.03218843816498852,0.005915779270295638,0.0002187514070686391,,,,,,,,,,,,
1832.2171993131585,0.01659007127336024,0.05166996167089635,0.0025836015446822225,0.03203113754135213,0.005895860522432988,0.00021830796093069802,,,,,,,,,,,,
1834.6637788792837,0.01654669895487052,0.051490915570714474,0.0025768187897497437,0.03187460562497868,0.0058760088420686885,0.00021786541373315684,,,,,,,,,,,,
1837.1136253897312,0.016503440026973272,0.05131248989882295,0.0025700538416515073,0.0317188386592976,0.005856224003382843,0.00021742376365371032,,,,,,,,,,,,
1839.5667432068838,0.016460294193225394,0.0511346825053218,0.0025633066536390687,0.03156383290609666,0.005836505781315933,0.00021698300887374884,,,,,,,,,,,,
1842.0231366989567,0.016417261157958697,0.05095749124776025,0.0025565771790866847,0.0314095846454313,0.00581685395156618,0.00021654314757834853,,,,,,,,,,,,
1844.4828102399922,0.016374340626278062,0.05078091399111193,0.002549865371491037,0.0312560901755362,0.0057972682905870895,0.00021610417795626472,,,,,,,,,,,,
1846.9457682098737,0.016331532304059312,0.05060494860774876,0.0025431711844708924,0.031103345812736036,0.00577774857558486,0.00021566609819992504,,,,,,,,,,,,
1849.4120149943383,0.016288835897947145,0.050429592977414825,0.002536494571766768,0.03095134789135682,0.005758294584515794,0.00021522890650542078,,,,,,,,,,,,
1851.8815549849724,0.0162462511153533,0.05025484498720195,0.002529835487240644,0.03080009276363865,0.005738906096083901,0.00021479260107250023,,,,,,,,,,,,
1854.3543925792337,0.016203777664454324,0.05008070253152294,0.002523193884875615,0.030649576799647305,0.005719582889738232,0.00021435718010456088,,,,,,,,,,,,
1856.8305321804444,0.016161415254189838,0.04990716351208743,0.002516569718775596,0.03049979638718801,0.005700324745670517,0.00021392264180864317,,,,,,,,,,,,
1859.3099781978142,0.01611916359426024,0.049734225837875456,0.002509962943164977,0.03035074793171787,0.005681131444812523,0.00021348898439542052,,,,,,,,,,,,
1861.7927350464327,0.016077022395125033,0.04956188742511344,0.002503373512388342,0.03020242785626048,0.005662002768833699,0.00021305620607919553,,,,,,,,,,,,
1864.2788071472928,0.016034991368000517,0.049390146197247874,0.002496801380910115,0.030054832601319206,0.005642938500138559,0.0002126243050778888,,,,,,,,,,,,
1866.7681989272828,0.01599307022485814,0.04921900008492144,0.0024902465033142833,0.029907958624792636,0.005623938421864338,0.0002121932796130354,,,,,,,,,,,,
1869.2609148192105,0.01595125867842222,0.049048447025946997,0.0024837088343040515,0.02976180240188871,0.005605002317878398,0.00021176312790977377,,,,,,,,,,,,
1871.756959261795,0.01590955644216822,0.04887848496528379,0.002477188328701556,0.029616360425040986,0.005586129972775878,0.0002113338481968419,,,,,,,,,,,,
1874.2563366996897,0.015867963230320584,0.04870911185501171,0.002470684941447521,0.0294716292038236,0.005567321171877166,0.00021090543870656758,,,,,,,,,,,,
1876.7590515834777,0.015826478757850943,0.04854032565430737,0.0024641986276009798,0.029327605264868262,0.005548575701225502,0.0002104778976748619,,,,,,,,,,,,
1879.265108369685,0.01578510274047611,0.048372124329419265,0.002457729342338951,0.02918428515178057,0.0055298933475845516,0.0002100512233412127,,,,,,,,,,,,
1881.774511520794,0.015743834894656028,0.04820450585364282,0.0024512770409561113,0.029041665425056748,0.0055112738984359,0.00020962541394867616,,,,,,,,,,,,
1884.2872655052386,0.015702674937592007,0.04803746820729692,0.0024448416788645207,0.02889974266200183,0.005492717141976764,0.00020920046774387016,,,,,,,,,,,,
1886.8033747974266,0.01566162258722461,0.047871009377698476,0.0024384232115932836,0.0287585134566467,0.005474222867117442,0.0002087763829769668,,,,,,,,,,,,
1889.322843877733,0.015620677562231882,0.04770512735913923,0.002432021594788267,0.028617974419667163,0.0054557908634790524,0.00020835315790168624,,,,,,,,,,,,
1891.8456772325237,0.015579839582027256,0.047539820152860596,0.0024256367842117638,0.028478122178301805,0.005437420921391002,0.00020793079077528718,,,,,,,,,,,,
1894.3718793541468,0.015539108366757837,0.04737508576703052,0.002419268735742224,0.028338953376271844,0.005419112831888736,0.00020750927985856285,,,,,,,,,,,,
1896.9014547409572,0.015498483637302213,0.0472109222167186,0.002412917405373911,0.028200464673699785,0.005400866386711231,0.00020708862341583037,,,,,,,,,,,,
1899.434407897309,0.015457965115268858,0.04704732752387301,0.002406582749216635,0.028062652747030077,0.005382681378298751,0.0002066688197149272,,,,,,,,,,,,
1901.9707433335784,0.015417552522993894,0.04688429971729579,0.0024002647234954177,0.027925514288948544,0.005364557599790364,0.0002062498670272004,,,,,,,,,,,,
1904.5104655661564,0.015377245583539511,0.046721836832620024,0.002393963284550216,0.02778904600830381,0.005346494845021713,0.00020583176362750283,,,,,,,,,,,,
1907.0535791174734,0.015337044020691784,0.04655993691228519,0.0023876783888355925,0.02765324463002752,0.005328492908522541,0.00020541450779418364,,,,,,,,,,,,
1909.600088515992,0.015296947558958982,0.04639859800551451,0.002381409992920443,0.027518106895056446,0.005310551585514477,0.00020499809780908206,,,,,,,,,,,,
1912.1499982962218,0.015256955923569633,0.04623781816829096,0.0023751580534876844,0.027383629560253964,0.005292670671908634,0.000204582531957521,,,,,,,,,,,,
1914.7033129987335,0.015217068840470496,0.04607759546333353,0.002368922527333937,0.02724980939833194,0.005274849964303268,0.00020416780852829862,,,,,,,,,,,,
1917.2600371701533,0.015177286036324945,0.04591792796007474,0.00236270337136927,0.02711664319777395,0.005257089259981562,0.00020375392581368224,,,,,,,,,,,,
1919.8201753631856,0.01513760723851083,0.04575881373463647,0.00235650054261685,0.026984127762757444,0.00523938835690919,0.00020334088210940078,,,,,,,,,,,,
1922.383732136607,0.015098032175118837,0.04560025086980759,0.0023503139982126936,0.026852259913077818,0.005221747053732154,0.0002029286757146389,,,,,,,,,,,,
1924.9507120552887,0.01505856057495042,0.04544223745502003,0.0023441436954053296,0.026721036484071314,0.005204165149774357,0.00020251730493202758,,,,,,,,,,,,
1927.5211196901903,0.015019192167516137,0.045284771586326676,0.0023379895915555406,0.026590454326539854,0.00518664244503546,0.00020210676806764035,,,,,,,,,,,,
1930.0949596183823,0.014979926683033603,0.04512785136637743,0.0023318516441360303,0.026460510306674696,0.005169178740188465,0.00020169706343098296,,,,,,,,,,,,
1932.6722364230393,0.014940763852425858,0.04497147490439742,0.002325729810731175,0.026331201305981992,0.005151773836577588,0.00020128818933498973,,,,,,,,,,,,
1935.2529546934638,0.014901703407319264,0.044815640316163134,0.0023196240490366785,0.026202524221207123,0.005134427536215862,0.0002008801440960133,,,,,,,,,,,,
1937.8371190250787,0.014862745080041958,0.04466034572398072,0.00231353431685933,0.02607447596426115,0.00511713964178302,0.00020047292603382098,,,,,,,,,,,,
1940.4247340194509,0.01482388860362171,0.04450558925666241,0.0023074605721166673,0.025947053462145715,0.005099909956623116,0.00020006653347158455,,,,,,,,,,,,
1943.0158042842857,0.014785133711784377,0.044351369049504874,0.002301402772836724,0.025820253656880177,0.005082738284742411,0.00019966096473587628,,,,,,,,,,,,
1945.6103344334417,0.014746480138951915,0.044197683244266234,0.0022953608771577195,0.025694073505427788,0.005065624430807065,0.00019925621815666052,,,,,,,,,,,,
1948.2083290869439,0.014707927620240532,0.04404452998914348,0.0022893348433277675,0.02556850997962245,0.005048568200140925,0.0001988522920672866,,,,,,,,,,,,
1950.8097928709788,0.014669475891459054,0.043891907438750884,0.0022833246297046033,0.025443560066096677,0.005031569398723354,0.0001984491848044828,,,,,,,,,,,,
1953.414730417918,0.014631124689106852,0.04373981375409685,0.0022773301947552715,0.025319220766208548,0.005014627833186948,0.00019804689470834873,,,,,,,,,,,,
1956.0231463663108,0.014592873750372328,0.043588247102562754,0.0022713514970558713,0.025195489095970483,0.004997743310815439,0.00019764542012234984,,,,,,,,,,,,
1958.6350453609089,0.014554722813130843,0.04343720565787983,0.0022653884952912335,0.025072362085976834,0.004980915639541383,0.00019724475939330826,,,,,,,,,,,,
1961.2504320526575,0.014516671615943142,0.04328668760010813,0.0022594411482546716,0.0249498367813335,0.0049641446279441006,0.00019684491087139887,,,,,,,,,,,,
1963.8693110987208,0.014478719898053376,0.043136691115613676,0.0022535094148476665,0.024827910241586097,0.004947430085247372,0.00019644587291013955,,,,,,,,,,,,
1966.4916871624732,0.014440867399387493,0.04298721439704759,0.002247593254079608,0.0247065795406503,0.004930771821317395,0.00019604764386638743,,,,,,,,,,,,
1969.1175649135246,0.014403113860551278,0.04283825564332328,0.0022416926250674817,0.024585841766740724,0.004914169646660496,0.00019565022210032892,,,,,,,,,,,,
1971.7469490277124,0.014365459022828755,0.04268981305959573,0.0022358074870356234,0.024465694022301938,0.004897623372421098,0.0001952536059754763,,,,,,,,,,,,
1974.3798441871252,0.014327902628180223,0.04254188485723895,0.0022299377993153986,0.024346133423938043,0.004881132810379449,0.00019485779385865768,,,,,,,,,,,,
1977.0162550800978,0.014290444419240681,0.042394469253825166,0.002224083521344952,0.02422715710234422,0.004864697772949592,0.000194462784120013,,,,,,,,,,,,
1979.6561864012258,0.014253084139317944,0.042247564473103155,0.002218244612668923,0.024108762202237583,0.004848318073177177,0.00019406857513298606,,,,,,,,,,,,
1982.299642851379,0.014215821532390857,0.042101168744976304,0.002212421032938138,0.023990945882288305,0.004831993524737303,0.00019367516527431757,,,,,,,,,,,,
1984.9466291376968,0.014178656343107679,0.0419552803054822,0.002206612741909373,0.023873705315052195,0.004815723941932472,0.00019328255292403904,,,,,,,,,,,,
1987.5971499736117,0.01414158831678416,0.04180989739677045,0.0022008196994450376,0.023757037686901964,0.004799509139690419,0.00019289073646546574,,,,,,,,,,,,
1990.251210078842,0.014104617199401995,0.04166501826708234,0.0021950418655129313,0.02364094019796059,0.004783348933562044,0.00019249971428519105,,,,,,,,,,,,
1992.9088141794168,0.014067742737606836,0.041520641170728984,0.0021892792001859344,0.023525410062033243,0.004767243139719277,0.0001921094847730776,,,,,,,,,,,,
1995.5699670076676,0.01403096467870684,0.04137676436807097,0.0021835316636417625,0.02341044450654128,0.004751191574953032,0.00019172004632225356,,,,,,,,,,,,
1998.2346733022532,0.013994282770670647,0.04123338612549671,0.002177799216162667,0.023296040772454875,0.00473519405667106,0.00019133139732910304,,,,,,,,,,,,
2000.9029378081518,0.013957696762125927,0.04109050471540225,0.002172081818135181,0.023182196114227588,0.004719250402895963,0.00019094353619326243,,,,,,,,,,,,
2003.5747652766854,0.013921206402357415,0.04094811841616975,0.0021663794300498204,0.023068907799729758,0.004703360432263011,0.00019055646131761078,,,,,,,,,,,,
2006.2501604655154,0.013884811441305371,0.04080622551214741,0.002160692012500839,0.02295617311018352,0.004687523964018185,0.000190170171108266,,,,,,,,,,,,
2008.9291281386547,0.013848511629563822,0.04066482429362846,0.002155019526185942,0.022843989340097355,0.004671740818016071,0.00018978466397457698,,,,,,,,,,,,
2011.6116730664853,0.013812306718378724,0.04052391305683027,0.002149361931906,0.0227323537972008,0.004656010814717775,0.00018939993832911602,,,,,,,,,,,,
2014.29780002575,0.013776196459646495,0.04038349010387455,0.0021437191905648192,0.02262126380238057,0.0046403337751889755,0.00018901599258767498,,,,,,,,,,,,
2016.9875137995782,0.01374018060591207,0.040243553742766114,0.0021380912631688196,0.02251071668961546,0.004624709521097775,0.00018863282516925556,,,,,,,,,,,,
2019.6808191774785,0.01370425891036741,0.04010410228737321,0.002132478110826812,0.022400709805913112,0.004609137874712787,0.00018825043449606583,,,,,,,,,,,,
2022.377720955363,0.01366843112684964,0.039965134057406454,0.0021268796947496904,0.022291240511245668,0.004593618658900999,0.0001878688189935113,,,,,,,,,,,,
2025.0782239355397,0.01363269700983952,0.03982664737839939,0.002121295976250201,0.022182306178487047,0.00457815169712587,0.0001874879770901904,,,,,,,,,,,,
2027.7823329267371,0.013597056314459599,0.03968864058168748,0.002115726916742635,0.022073904193349266,0.0045627368134452196,0.0001871079072178858,,,,,,,,,,,,
2030.490052744097,0.013561508796472728,0.039551112004388884,0.0021101724777426076,0.021966031954320345,0.004547373832509307,0.00018672860781156065,,,,,,,,,,,,
2033.2013882091992,0.013526054212280153,0.03941405998938349,0.0021046326208667434,0.02185868687260123,0.004532062579558782,0.00018635007730934922,,,,,,,,,,,,
2035.9163441500532,0.013490692318920111,0.03927748288529385,0.0020991073078324555,0.021751866372044286,0.0045168028804227385,0.00018597231415255343,,,,,,,,,,,,
2038.6349254011236,0.013455422874065886,0.03914137904646442,0.0020935965004576424,0.02164556788909087,0.004501594561516693,0.00018559531678563347,,,,,,,,,,,,
2041.3571368033247,0.013420245636024397,0.03900574683294252,0.0020881001606604557,0.02153978887271035,0.004486437449840639,0.00018521908365620396,,,,,,,,,,,,
2044.0829832040347,0.013385160363734433,0.038870584610458156,0.0020826182504590216,0.021434526784338614,0.0044713313729770904,0.00018484361321502652,,,,,,,,,,,,
2046.8124694571109,0.013350166816764897,0.038735890750404116,0.0020771507319711736,0.021329779097816977,0.004456276159089054,0.00018446890391600218,,,,,,,,,,,,
2049.545600422883,0.013315264755313406,0.038601663629817,0.0020716975674142098,0.021225543299332038,0.0044412716369181746,0.00018409495421616769,,,,,,,,,,,,
2052.282380968181,0.013280453940204362,0.03846790163135687,0.0020662587191046023,0.021121816887354778,0.00442631763578268,0.0001837217625756861,,,,,,,,,,,,
2055.022815966323,0.013245734132887592,0.03833460314328862,0.0020608341494577735,0.021018597372581115,0.004411413985575545,0.00018334932745784336,,,,,,,,,,,,
2057.766910297144,0.013211105095436465,0.03820176655946168,0.0020554238209877984,0.020915882277871566,0.004396560516762453,0.0001829776473290396,,,,,,,,,,,,
2060.5146688469868,0.013176566590546467,0.03806939027929148,0.0020500276963071793,0.020813669138192402,0.00438175706037997,0.0001826067206587848,,,,,,,,,,,,
2063.2660965087266,0.013142118381533395,0.037937472707739374,0.002044645738126563,0.020711955500555882,0.004367003448033517,0.00018223654591969013,,,,,,,,,,,,
2066.0211981817647,0.013107760232331907,0.037806012255294265,0.002039277909254501,0.02061073892396199,0.004352299511895565,0.0001818671215874646,,,,,,,,,,,,
2068.779978772053,0.013073491907493733,0.037675007337952586,0.0020339241725971704,0.020510016979339265,0.004337645084703617,0.00018149844614090568,,,,,,,,,,,,
2071.542443192084,0.01303931317218625,0.03754445637720001,0.002028584491158147,0.020409787249487076,0.004323039999758396,0.00018113051806189608,,,,,,,,,,,,
2074.3085963609215,0.013005223792190651,0.03741435779999171,0.0020232588280381185,0.020310047329017047,0.004308484090921886,0.0001807633358353945,,,,,,,,,,,,
2077.078443204189,0.012971223533900561,0.03728471003873399,0.0020179471464346534,0.020210794824295834,0.004293977192615477,0.00018039689794943203,,,,,,,,,,,,
2079.8519886540885,0.012937312164320309,0.03715551153126523,0.0020126494096419454,0.020112027353387456,0.004279519139818089,0.00018003120289510467,,,,,,,,,,,,
2082.629237649414,0.012903489451063298,0.03702676072083667,0.0020073655810505324,0.02001374254599593,0.004265109768064233,0.0001796662491665663,,,,,,,,,,,,
2085.4101951355447,0.012869755162350581,0.036898456056094334,0.002002095624147084,0.019915938043408868,0.004250748913442235,0.00017930203526102468,,,,,,,,,,,,
2088.194866064474,0.012836109067009032,0.036770595991059626,0.0019968395025141104,0.019818611498440324,0.004236436412592269,0.00017893855967873263,,,,,,,,,,,,
2090.9832553947977,0.012802550934470028,0.03664317898511145,0.0019915971798297465,0.019721760575375016,0.004222172102704604,0.00017857582092298447,,,,,,,,,,,,
2093.7753680917426,0.012769080534767602,0.03651620350296683,0.0019863686198674643,0.01962538294991171,0.004207955821517644,0.0001782138175001079,,,,,,,,,,,,
2096.5712091271557,0.012735697638537127,0.03638966801466326,0.001981153786495864,0.019529476309108004,0.004193787407316189,0.00017785254791945866,,,,,,,,,,,,
2099.3707834795323,0.012702402017013507,0.03626357099553941,0.00197595264367838,0.01943403835132426,0.004179666698929492,0.00017749201069341413,,,,,,,,,,,,
2102.1740961340074,0.012669193442029806,0.0361379109262176,0.0019707651554730725,0.019339066786168927,0.004165593535729526,0.00017713220433736808,,,,,,,,,,,,
2104.98115208238,0.01263607168601552,0.036012686292584674,0.0019655912860323432,0.019244559334443013,0.00415156775762906,0.00017677312736972257,,,,,,,,,,,,
2107.7919563231076,0.012603036521995169,0.0358878955857746,0.0019604309996027218,0.019150513728085947,0.004137589205079932,0.00017641477831188454,,,,,,,,,,,,
2110.6065138613294,0.012570087723586589,0.03576353730214941,0.001955284260524583,0.0190569277101206,0.004123657719071139,0.00017605715568825685,,,,,,,,,,,,
2113.424829708863,0.01253722506499953,0.035639609943281816,0.0019501510332319387,0.01896379903459958,0.004109773141127117,0.0001757002580262347,,,,,,,,,,,,
2116.246908884217,0.012504448321034027,0.035516112015936865,0.0019450312822521648,0.018871125466551154,0.004095935313305887,0.0001753440838561986,,,,,,,,,,,,
2119.0727564126087,0.012471757267078803,0.0353930420320537,0.0019399249722057547,0.0187789047819254,0.004082144078197243,0.00017498863171150702,,,,,,,,,,,,
2121.902377325956,0.012439151679109885,0.03527039850872819,0.0019348320678061,0.018687134767541285,0.004068399278921034,0.00017463390012849308,,,,,,,,,,,,
2124.735776662906,0.012406631333688892,0.035148179968194415,0.0019297525338592143,0.01859581322103305,0.004054700759125283,0.00017427988764645555,,,,,,,,,,,,
2127.572959468824,0.012374196007961672,0.03502638493780753,0.0019246863352635223,0.018504937950797853,0.004041048362984507,0.00017392659280765556,,,,,,,,,,,,
2130.4139307958217,0.012341845479656605,0.034905011950025315,0.0019196334370095835,0.018414506775942672,0.004027441935197849,0.00017357401415730856,,,,,,,,,,,,
2133.2586957027484,0.012309579527083274,0.03478405954239126,0.00191459380417989,0.01832451752623248,0.0040138813209874055,0.00017322215024357933,,,,,,,,,,,,
2136.107259255217,0.012277397929130716,0.034663526257516154,0.001909567401948581,0.018234968042037634,0.004000366366096369,0.00017287099961757553,,,,,,,,,,,,
2138.959626525595,0.012245300465266151,0.03454341064306127,0.001904554195581242,0.018145856174282583,0.003986896916787374,0.00017252056083334272,,,,,,,,,,,,
2141.815802593034,0.012213286915533248,0.03442371125172011,0.0018995541504346325,0.018057179784393758,0.003973472819840646,0.0001721708324478564,,,,,,,,,,,,
2144.675792543457,0.012181357060550806,0.034304426641201834,0.0018945672319564755,0.01796893674424877,0.003960093922552361,0.00017182181302101876,,,,,,,,,,,,
2147.5396014695884,0.01214951068151108,0.03418555537421294,0.0018895934056851879,0.017881124936124832,0.003946760072732807,0.00017147350111564985,,,,,,,,,,,,
2150.4072344709452,0.012117747560178426,0.034067096018440726,0.0018846326372496756,0.01779374225264838,0.003933471118704742,0.00017112589529748426,,,,,,,,,,,,
2153.2786966538547,0.012086067478887763,0.03394904714653574,0.0018796848923690742,0.01770678659674429,0.0039202269093016155,0.00017077899413516398,,,,,,,,,,,,
2156.153993131469,0.012054470220542969,0.033831407336094244,0.001874750136852507,0.017620255881585393,0.003907027293865853,0.00017043279620023168,,,,,,,,,,,,
2159.0331290237596,0.0120229555686156,0.033714175169641834,0.0018698283365988749,0.017534148030542814,0.003893872122247171,0.00017008730006712704,,,,,,,,,,,,
2161.916109457543,0.0119915233071432,0.03359734923461549,0.001864919457596589,0.01744846097713563,0.0038807612448008314,0.00016974250431317823,,,,,,,,,,,,
2164.8029395664726,0.011960173220727994,0.03348092812334738,0.0018600234659233647,0.017363192664981795,0.0038676945123859788,0.00016939840751859867,,,,,,,,,,,,
2167.6936244910657,0.011928905094535258,0.03336491043304712,0.0018551403277459646,0.017278341047748273,0.0038546717763638916,0.00016905500826647918,,,,,,,,,,,,
2170.5881693786955,0.011897718714292,0.033249294765785656,0.0018502700093199836,0.01719390408910244,0.0038416928885963665,0.00016871230514278315,,,,,,,,,,,,
2173.4865793836175,0.011866613866285328,0.03313407972847764,0.0018454124769895926,0.01710987976266271,0.0038287577014439415,0.00016837029673634016,,,,,,,,,,,,
2176.3888596669594,0.01183559033736117,0.033019263932865375,0.0018405676971873348,0.017026266051950394,0.0038158660677643126,0.00016802898163884128,,,,,,,,,,,,
2179.2950153967518,0.011804647914922604,0.03290484599550139,0.0018357356364338629,0.016943060950340833,0.003803017840910564,0.0001676883584448312,,,,,,,,,,,,
2182.2050517479174,0.011773786386928603,0.03279082453773237,0.0018309162613377335,0.016860262461015654,0.0037902128747295837,0.00016734842575170478,,,,,,,,,,,,
2185.1189739022902,0.011743005541892466,0.03267719818568233,0.0018261095385951709,0.01677786859691467,0.003777451023560365,0.0001670091821597001,,,,,,,,,,,,
2188.03678704863,0.011712305168880343,0.032563965570235734,0.0018213154349898159,0.016695877380688007,0.0037647321422323143,0.0001666706262718919,,,,,,,,,,,,
2190.958496382616,0.011681685057509933,0.03245112532702162,0.0018165339173925284,0.016614286844649086,0.003752056086063683,0.00016633275669418801,,,,,,,,,,,,
2193.884107106875,0.011651144997948837,0.0323386760963965,0.001811764952761129,0.01653309503072691,0.0037394227108598294,0.00016599557203532094,,,,,,,,,,,,
2196.813624430971,0.011620684780913345,0.03222661652342867,0.0018070085081401982,0.016452299990419552,0.0037268318729116547,0.00016565907090684492,,,,,,,,,,,,
2199.7470535714333,0.011590304197666781,0.032114945257881146,0.0018022645506608182,0.01637189978474692,0.003714283428993918,0.0001653232519231275,,,,,,,,,,,,
2202.6843997517494,0.011560003040018283,0.032003660954196114,0.0017975330475403827,0.016291892484204686,0.0037017772363636394,0.00016498811370134624,,,,,,,,,,,,
2205.625668202389,0.011529781100321185,0.03189276227147803,0.0017928139660823295,0.01621227616871753,0.003689313152758448,0.00016465365486148127,,,,,,,,,,,,
2208.5708641607985,0.011499638171471756,0.03178224787347815,0.0017881072736759518,0.016133048927593523,0.003676891036394996,0.0001643198740263104,,,,,,,,,,,,
2211.5199928714255,0.01146957404690764,0.03167211642857773,0.0017834129377961412,0.016054208859477784,0.0036645107459672985,0.00016398676982140318,,,,,,,,,,,,
2214.473059585713,0.011439588520606577,0.03156236660977271,0.0017787309260031924,0.01597575407230735,0.0036521721406451964,0.00016365434087511603,,,,,,,,,,,,
2217.430069562124,0.011409681387084845,0.03145299709465697,0.0017740612059425481,0.015897682683265277,0.003639875080072669,0.0001633225858185847,,,,,,,,,,,,
2220.3910280661376,0.011379852441396,0.03134400656540703,0.0017694037453446078,0.015819992818735872,0.0036276194243663146,0.00016299150328572093,,,,,,,,,,,,
2223.3559403702634,0.011350101479129385,0.031235393708765945,0.0017647585120244835,0.015742682614259554,0.0036154050341137265,0.00016266109191320568,,,,,,,,,,,,
2226.324811754058,0.011320428296408695,0.031127157216027178,0.0017601254738817736,0.01566575021448794,0.0036032317703718745,0.00016233135034048263,,,,,,,,,,,,
2229.2976475041187,0.0112908326898907,0.03101929578301944,0.0017555045989003642,0.015589193773139708,0.0035910994946656014,0.0001620022772097549,,,,,,,,,,,,
2232.2744529141123,0.011261314456763712,0.03091180811009031,0.0017508958551481792,0.015513011452955852,0.003579008068985958,0.00016167387116597671,,,,,,,,,,,,
2235.255233284764,0.011231873394746347,0.030804692902091233,0.001746299210776987,0.015437201425656022,0.003566957355788723,0.0001613461308568505,,,,,,,,,,,,
2238.2399939238862,0.011202509302085953,0.030697948868361257,0.001741714634022158,0.015361761871894215,0.0035549472179927516,0.00016101905493281883,,,,,,,,,,,,
2241.228740146371,0.011173221977557444,0.030591574722712168,0.0017371420932024639,0.015286690981215545,0.003542977518978501,0.00016069264204706106,,,,,,,,,,,,
2244.2214772742145,0.011144011220461695,0.030485569183412276,0.001732581556719837,0.015211986952012367,0.003531048122586393,0.00016036689085548622,,,,,,,,,,,,
2247.218210636513,0.011114876830624384,0.030379930973171657,0.0017280329930591785,0.015137647991481465,0.0035191588931153374,0.0001600418000167282,,,,,,,,,,,,
2250.218945569485,0.01108581860839443,0.030274658819126114,0.0017234963707881122,0.015063672315580602,0.0035073096953211363,0.00015971736819213978,,,,,,,,,,,,
2253.2236874164682,0.011056836354642779,0.030169751452822517,0.0017189716585567954,0.014990058148986128,0.0034955003944149824,0.00015939359404578825,,,,,,,,,,,,
2256.232441527942,0.011027929870760905,0.030065207610202812,0.0017144588250976736,0.014916803725049959,0.003483730856061895,0.00015907047624444777,,,,,,,,,,,,
2259.245213261525,0.010999098958659562,0.029961026031589382,0.0017099578392252945,0.014843907285757534,0.0034720009463792127,0.00015874801345759624,,,,,,,,,,,,
2262.262007981989,0.010970343420767392,0.029857205461669638,0.001705468669836072,0.014771367081685487,0.003460310531935079,0.00015842620435740868,,,,,,,,,,,,
2265.282831061277,0.010941663060029498,0.02975374464948063,0.0017009912859080674,0.014699181371959486,0.0034486594797468757,0.00015810504761875095,,,,,,,,,,,,
2268.3076878784964,0.010913057679906218,0.02965064234839459,0.0016965256565007994,0.014627348424212835,0.003437047657279784,0.00015778454191917637,,,,,,,,,,,,
2271.336583819945,0.010884527084371655,0.02954789731610319,0.0016920717507550001,0.01455586651454447,0.0034254749324451965,0.0001574646859389179,,,,,,,,,,,,
2274.3695242791055,0.010856071077912456,0.029445508314603255,0.0016876295378924291,0.014484733927478014,0.0034139411735992966,0.00015714547836088508,,,,,,,,,,,,
2277.4065146566704,0.010827689465526338,0.029343474110181213,0.0016831989872156399,0.014413948955920191,0.0034024462495414786,0.00015682691787065624,,,,,,,,,,,,
2280.447560360536,0.01079938205272091,0.02924179347339887,0.001678780068107785,0.014343509901120263,0.0033909900295129363,0.0001565090031564753,,,,,,,,,,,,
2283.4926668058274,0.010771148645512152,0.029140465179077937,0.0016743727500323833,0.01427341507262886,0.003379572383195096,0.00015619173290924466,,,,,,,,,,,,
2286.5418394148924,0.010742989050423294,0.029039488006285908,0.0016699770025331354,0.014203662788257819,0.003368193180708213,0.00015587510582252076,,,,,,,,,,,,
2289.595083617329,0.01071490307448327,0.028938860738320728,0.0016655927952336854,0.014134251374039402,0.0033568522926098153,0.00015555912059250822,,,,,,,,,,,,
2292.652404849974,0.010686890525225621,0.02883858216269674,0.0016612200978374364,0.014065179164186536,0.0033455495898933106,0.00015524377591805523,,,,,,,,,,,,
2295.713808556937,0.010658951210686968,0.028738651071129512,0.0016568588801273215,0.013996444501052403,0.0033342849439864414,0.00015492907050064666,,,,,,,,,,,,
2298.7793001895866,0.010631084939405844,0.028639066259521735,0.0016525091119656077,0.013928045735091077,0.003323058226749881,0.00015461500304440052,,,,,,,,,,,,
2301.848885206572,0.010603291520421354,0.028539826527948526,0.0016481707632936848,0.013859981224817712,0.0033118693104757634,0.00015430157225606184,,,,,,,,,,,,
2304.9225690738394,0.010575570763271754,0.028440930680642736,0.001643843804131845,0.013792249336769044,0.0033007180678861904,0.00015398877684499635,,,,,,,,,,,,
2308.0003572646233,0.010547922477993335,0.028342377525981108,0.0016395282045791007,0.013724848445464519,0.0032896043721318538,0.0001536766155231874,,,,,,,,,,,,
2311.0822552594755,0.010520346475118939,0.02824416587646925,0.0016352239348129487,0.0136577769333669,0.0032785280967905137,0.00015336508700522806,,,,,,,,,,,,
2314.1682685462583,0.010492842565676806,0.028146294548727965,0.0016309309650891968,0.013591033190843836,0.003267489115865642,0.00015305419000831842,,,,,,,,,,,,
2317.2584026201703,0.010465410561189156,0.028048762363478395,0.0016266492657417224,0.013524615616128818,0.003256487303784907,0.00015274392325225776,,,,,,,,,,,,
2320.352662983738,0.010438050273671019,0.027951568145528398,0.001622378807182301,0.013458522615283198,0.003245522535398826,0.00015243428545944169,,,,,,,,,,,,
2323.4510551468466,0.010410761515628817,0.027854710723757788,0.001618119559900373,0.013392752602157446,0.0032345946859792603,0.000152125275354855,,,,,,,,,,,,
2326.5535846267276,0.010383544100059218,0.027758188931104856,0.0016138714944628658,0.013327303998353583,0.003223703631218079,0.0001518168916660674,,,,,,,,,,,,
2329.66025694799,0.010356397840447704,0.027662001604551657,0.001609634581513964,0.0132621752331868,0.0032128492472256634,0.0001515091331232279,,,,,,,,,,,,
2332.771077642613,0.010329322550767446,0.027566147585110532,0.0016054087917749338,0.013197364743648216,0.00320203141052957,0.0001512019984590601,,,,,,,,,,,,
2335.8860522499617,0.01030231804547793,0.027470625717809977,0.0016011940960439033,0.01313287097436713,0.003191249998073081,0.00015089548640885613,,,,,,,,,,,,
2339.005186316806,0.010275384139523674,0.02737543485168042,0.0015969904651956558,0.0130686923775736,0.003180504887213811,0.00015058959571047196,,,,,,,,,,,,
2342.1284853973125,0.010248520648333058,0.027280573839740918,0.0015927978701814507,0.01300482741306163,0.0031697959557223333,0.00015028432510432268,,,,,,,,,,,,
2345.2559550530746,0.01022172738781693,0.027186041538984747,0.0015886162820287963,0.012941274548151784,0.0031591230817807495,0.00014997967333337575,,,,,,,,,,,,
2348.3876008531015,0.010195004174367493,0.027091836810366195,0.0015844456718412737,0.012878032257654864,0.0031484861439813635,0.00014967563914314807,,,,,,,,,,,,
2351.523428373849,0.010168350824856872,0.026997958518786266,0.0015802860107983184,0.012815099023834832,0.0031378850213252276,0.0001493722212816983,,,,,,,,,,,,
2354.6634431992097,0.01014176715663605,0.026904405533079608,0.0015761372701550364,0.012752473336372857,0.0031273195932208417,0.00014906941849962432,,,,,,,,,,,,
2357.8076509205416,0.010115252987533425,0.026811176726000262,0.001571999421241987,0.012690153692330605,0.0031167897394827056,0.00014876722955005546,,,,,,,,,,,,
2360.956057136659,0.010088808135853743,0.026718270974208667,0.0015678724354650088,0.012628138596114636,0.0031062953403300287,0.00014846565318864992,,,,,,,,,,,,
2364.1086674538637,0.010062432420376691,0.026625687158257562,0.0015637562843049955,0.012566426559440036,0.003095836276385291,0.0001481646881735872,,,,,,,,,,,,
2367.265487485932,0.010036125660355798,0.02653342416257909,0.001559650939317724,0.012505016101295185,0.00308541242867296,0.00014786433326556517,,,,,,,,,,,,
2370.426522854147,0.010009887675517058,0.026441480875470734,0.0015555563721336377,0.012443905747905736,0.003075023678618063,0.00014756458722779331,,,,,,,,,,,,
2373.5917791872907,0.00998371828605782,0.026349856189082452,0.001551472554457664,0.012383094032699642,0.0030646699080449044,0.0001472654488259888,,,,,,,,,,,,
2376.761262121661,0.009957617312645498,0.02625854899940312,0.001547399458069015,0.012322579496271814,0.0030543509991756914,0.0001469669168283705,,,,,,,,,,,,
2379.9349773010886,0.009931584576416293,0.026167558206246982,0.0015433370548209818,0.012262360686348905,0.003044066834629171,0.00014666899000565433,,,,,,,,,,,,
2383.1129303769326,0.009905619898974094,0.026076882713240955,0.001539285316640762,0.01220243615775486,0.0030338172974193446,0.00014637166713104877,,,,,,,,,,,,
2386.2951270081066,0.009879723102389104,0.025986521427810792,0.0015352442155292401,0.01214280447237579,0.0030236022709540953,0.00014607494698024812,,,,,,,,,,,,
2389.481572861071,0.009853894009196774,0.02589647326116849,0.001531213723560818,0.012083464199125891,0.0030134216390338914,0.0001457788283314298,,,,,,,,,,,,
2392.6722736098636,0.00982813244239644,0.025806737128298618,0.0015271938128832037,0.012024413913912676,0.0030032752858504385,0.00014548330996524685,,,,,,,,,,,,
2395.8672349360877,0.009802438225450235,0.025717311947945846,0.0015231844557172332,0.011965652199603202,0.0029931630959853903,0.0001451883906648253,,,,,,,,,,,,
2399.0664625289437,0.009776811182281768,0.02562819664260128,0.0015191856243566607,0.011907177645989694,0.0029830849544089954,0.0001448940692157569,,,,,,,,,,,,
2402.2699620852186,0.009751251137275051,0.025539390138490076,0.0015151972911679904,0.01184898884975604,0.0029730407464788485,0.00014460034440609624,,,,,,,,,,,,
2405.4777393093173,0.009725757915273142,0.025450891365557966,0.0015112194285902608,0.011791084414443778,0.0029630303579385145,0.00014430721502635372,,,,,,,,,,,,
2408.6897999132507,0.009700331341577073,0.02536269925745886,0.0015072520091348768,0.01173346295041893,0.002953053674916301,0.00014401467986949253,,,,,,,,,,,,
2411.906149616668,0.009674971241944556,0.02527481275154153,0.0015032950053854024,0.011676123074838294,0.0029431105839238937,0.00014372273773092191,,,,,,,,,,,,
2415.126794146847,0.009649677442588878,0.025187230788837212,0.001499348389997382,0.011619063411616571,0.002933200971855125,0.00014343138740849373,,,,,,,,,,,,
2418.351739238715,0.009624449770177665,0.02509995231404666,0.0014954121356981495,0.011562282591393224,0.002923324725984662,0.00014314062770249633,,,,,,,,,,,,
2421.580990634863,0.009599288051831651,0.025012976275527232,0.0014914862152866294,0.011505779251499442,0.002913481733966698,0.00014285045741565006,,,,,,,,,,,,
2424.814554085542,0.009574192115123583,0.02492630162528073,0.001487570601633169,0.011449552035925783,0.002903671883833736,0.00014256087535310293,,,,,,,,,,,,
2428.05243534869,0.009549161788076948,0.02483992731894017,0.0014836652676793259,0.011393599595289274,0.0028938950639952467,0.00014227188032242414,,,,,,,,,,,,
2431.2946401899235,0.009524196899164906,0.024753852315757757,0.0014797701864377108,0.011337920586801362,0.002884151163236456,0.00014198347113360125,,,,,,,,,,,,
2434.5411743825684,0.009499297277308971,0.024668075578591832,0.0014758853309917688,0.011282513674235358,0.0028744400707170414,0.00014169564659903306,,,,,,,,,,,,
2437.7920437076505,0.009474462751878007,0.024582596073894868,0.0014720106744956223,0.0112273775278947,0.0028647616759698976,0.00014140840553352702,,,,,,,,,,,,
2441.0472539539237,0.009449693152686858,0.024497412771700554,0.0014681461901738604,0.011172510824580713,0.0028551158688998554,0.00014112174675429197,,,,,,,,,,,,
2444.3068109178625,0.009424988309995401,0.024412524645611826,0.0014642918513213784,0.01111791224756118,0.002845502539782454,0.0001408356690809356,,,,,,,,,,,,
2447.570720403691,0.009400348054507186,0.024327930672788038,0.0014604476313031668,0.01106358048653842,0.0028359215792626707,0.00014055017133545735,,,,,,,,,,,,
2450.8389882233746,0.00937577221736844,0.024243629833933123,0.0014566135035541578,0.011009514237618161,0.002826372878353699,0.0001402652523422457,,,,,,,,,,,,
2454.111620196649,0.009351260630166771,0.024159621113282813,0.0014527894415790092,0.010955712203277932,0.0028168563284356758,0.0001399809109280716,,,,,,,,,,,,
2457.3886221510124,0.009326813124930097,0.024075903498592868,0.001448975418951947,0.010902173092336199,0.0028073718212544884,0.00013969714592208446,,,,,,,,,,,,
2460.6699999217462,0.00930242953412551,0.023992475981126634,0.0014451714093165738,0.01084889561992126,0.002797919248920523,0.00013941395615580757,,,,,,,,,,,,
2463.955759351931,0.009278109690658025,0.023909337555642743,0.0014413773863856763,0.010795878507440296,0.0027884985039074092,0.00013913134046313234,,,,,,,,,,,,
2467.2459062924395,0.009253853427869576,0.023826487220383413,0.0014375933239410639,0.010743120482548956,0.0027791094790508585,0.00013884929768031489,,,,,,,,,,,,
2470.5404466019663,0.009229660579537733,0.023743923977061925,0.0014338191958333697,0.010690620279120511,0.002769752067547375,0.00013856782664596926,,,,,,,,,,,,
2473.8393861470204,0.00920553097987468,0.023661646830851025,0.0014300549759818843,0.010638376637215778,0.0027604261629531122,0.00013828692620106514,,,,,,,,,,,,
2477.1427308019533,0.009181464463525982,0.023579654790370486,0.0014263006383743579,0.01058638830305258,0.0027511316591825896,0.00013800659518892056,,,,,,,,,,,,
2480.450486448952,0.009157460865569563,0.02349794686767565,0.0014225561570668421,0.010534654028975956,0.002741868450507557,0.00013772683245519943,,,,,,,,,,,,
2483.762658978066,0.00913352002151444,0.023416522078245006,0.0014188215061834888,0.010483172573427922,0.002732636431555727,0.00013744763684790467,,,,,,,,,,,,
2487.079254287202,0.009109641767299748,0.023335379440968886,0.0014150966599163915,0.010431942700917967,0.0027234354973096264,0.0001371690072173755,,,,,,,,,,,,
2490.4002782821512,0.009085825939293432,0.023254517978137063,0.0014113815925253903,0.010380963181993113,0.00271426554310537,0.00013689094241628065,,,,,,,,,,,,
2493.7257368765804,0.009062072374291337,0.02317393671542751,0.0014076762783379083,0.010330232793208705,0.0027051264646314912,0.00013661344129961567,,,,,,,,,,,,
2497.0556359920643,0.009038380909515892,0.023093634681894185,0.0014039806917487574,0.010279750317098749,0.002696018157927735,0.00013633650272469662,,,,,,,,,,,,
2500.389981558076,0.009014751382615144,0.023013610909955705,0.0014002948072199795,0.010229514542146958,0.0026869405193838914,0.00013606012555115603,,,,,,,,,,,,
2503.7287795120073,0.008991183631661591,0.02293386443538358,0.0013966185992806614,0.010179524262757561,0.0026778934457386237,0.0001357843086409385,,,,,,,,,,,,
2507.0720357991845,0.008967677495150986,0.022854394297290345,0.0013929520425267489,0.01012977827922627,0.002668876834078253,0.00013550905085829516,,,,,,,,,,,,
2510.419756372864,0.008944232812001414,0.02277519953811843,0.0013892951116208972,0.01008027539771173,0.00265989058183565,0.00013523435106978018,,,,,,,,,,,,
2513.771947194261,0.008920849421552,0.022696279203628135,0.0013856477812922644,0.010031014430206592,0.0026509345867890004,0.0001349602081442444,,,,,,,,,,,,
2517.128614232541,0.008897527163561967,0.02261763234288665,0.0013820100263363644,0.009981994194509283,0.002642008747060711,0.00013468662095283287,,,,,,,,,,,,
2520.48976346485,0.008874265878209399,0.022539258008256065,0.0013783818216148705,0.00993321351419535,0.002633112961116182,0.00013441358836897786,,,,,,,,,,,,
2523.855400876306,0.00885106540609026,0.022461155255382448,0.0013747631420554622,0.009884671218589514,0.0026242471277627176,0.00013414110926839652,,,,,,,,,,,,
2527.2255324600274,0.008827925588217204,0.022383323143183996,0.001371153962651631,0.009836366142737266,0.0026154111461483137,0.000133869182529084,,,,,,,,,,,,
2530.600164217127,0.008804846266018601,0.022305760733840156,0.0013675542584625276,0.009788297127377268,0.00260660491576057,0.00013359780703131103,,,,,,,,,,,,
2533.9793021567402,0.008781827281337308,0.022228467092779907,0.0013639640046127735,0.009740463018913147,0.0025978283364254864,0.0001333269816576171,,,,,,,,,,,,
2537.3629522960196,0.008758868476429725,0.02215144128867082,0.0013603831762923,0.009692862669386128,0.002589081308306379,0.0001330567052928079,,,,,,,,,,,,
2540.7511206601507,0.00873596969396462,0.022074682393407728,0.0013568117487561733,0.009645494936447356,0.0025803637319027134,0.00013278697682394972,,,,,,,,,,,,
2544.1438132823746,0.008713130777022059,0.021998189482101332,0.001353249697324415,0.009598358683330387,0.0025716755080489617,0.0001325177951403641,,,,,,,,,,,,
2547.541036203977,0.008690351569092411,0.021921961633067515,0.0013496969973818503,0.009551452778824132,0.002563016537913521,0.00013224915913362522,,,,,,,,,,,,
2550.9427954743205,0.008667631914075147,0.0218459979278157,0.0013461536243779145,0.00950477609724544,0.0025543867229975287,0.00013198106769755355,,,,,,,,,,,,
2554.3490971508363,0.008644971656277919,0.0217702974510383,0.0013426195538265105,0.009458327518412376,0.0025457859651338032,0.00013171351972821215,,,,,,,,,,,,
2557.759947299054,0.008622370640415314,0.021694859290599208,0.00133909476130581,0.009412105927617017,0.002537214166485668,0.00013144651412390178,,,,,,,,,,,,
2561.175351992592,0.008599828711607992,0.021619682537523256,0.001335579222458112,0.009366110215599056,0.0025286712295458967,0.00013118004978515714,,,,,,,,,,,,
2564.5953173131893,0.008577345715381442,0.02154476628598485,0.0013320729129896506,0.009320339278518816,0.0025201570571355457,0.00013091412561474076,,,,,,,,,,,,
2568.019849350696,0.008554921497665072,0.021470109633297447,0.0013285758086704499,0.009274792017931093,0.0025116715524029086,0.00013064874051764048,,,,,,,,,,,,
2571.448954203104,0.008532555904791026,0.021395711679902264,0.0013250878853341328,0.009229467340758482,0.002503214618822353,0.00013038389340106293,,,,,,,,,,,,
2574.8826379765374,0.00851024878349323,0.02132157152935789,0.0013216091188777816,0.009184364159265478,0.0024947861601932837,0.000130119583174431,,,,,,,,,,,,
2578.3209067852845,0.008487999980906265,0.021247688288329007,0.001318139485261741,0.009139481391032019,0.0024863860806389883,0.00012985580874937737,,,,,,,,,,,,
2581.7637667517906,0.008465809344564394,0.02117406106657608,0.0013146789605094768,0.009094817958927809,0.002478014284605602,0.00012959256903974177,,,,,,,,,,,,
2585.2112240066754,0.00844367672240048,0.021100688976944382,0.0013112275207074007,0.009050372791086342,0.002469670676860984,0.00012932986296156578,,,,,,,,,,,,
2588.663284688754,0.008421601962744905,0.021027571135353192,0.001307785142004697,0.009006144820879062,0.002461355162493641,0.0001290676894330876,,,,,,,,,,,,
2592.119954945027,0.008399584914324605,0.020954706660785503,0.0013043518006131747,0.008962132986890059,0.0024530676469116637,0.00012880604737473917,,,,,,,,,,,,
2595.581240930715,0.008377625426261961,0.020882094675277005,0.0013009274728070883,0.00891833623289025,0.0024448080358416193,0.00012854493570914045,,,,,,,,,,,,
2599.0471488092453,0.008355723348073855,0.020809734303905893,0.0012975121349229858,0.008874753507812356,0.0024365762353275263,0.00012828435336109553,,,,,,,,,,,,
2602.517684752288,0.008333878529670522,0.020737624674781924,0.0012941057633595297,0.008831383765725379,0.002428372151729728,0.000128024299257588,,,,,,,,,,,,
2605.9928549397423,0.00831209082135466,0.020665764919036322,0.0012907083345773543,0.008788225965809785,0.002420195691723887,0.00012776477232777714,,,,,,,,,,,,
2609.472665559771,0.008290360073820235,0.02059415417081089,0.0012873198250988817,0.008745279072332269,0.0024120467622998644,0.00012750577150299206,,,,,,,,,,,,
2612.957122808788,0.008268686138151642,0.020522791567248035,0.0012839402115081783,0.00870254205462113,0.0024039252707607215,0.00012724729571672933,,,,,,,,,,,,
2616.4462328914933,0.008247068865822525,0.02045167624847988,0.0012805694704507787,0.008660013887041294,0.002395831124721605,0.00012698934390464647,,,,,,,,,,,,
2619.9400020208614,0.00822550810869489,0.02038080735761838,0.0012772075786335363,0.008617693548969959,0.002387764232108757,0.00012673191500455963,,,,,,,,,,,,
2623.438436418173,0.008204003719017972,0.02031018404074454,0.0012738545128244479,0.00857558002477186,0.0023797245011584053,0.00012647500795643713,,,,,,,,,,,,
2626.9415423130085,0.0081825555494273,0.020239805446898542,0.0012705102498525081,0.00853367230377508,0.002371711840415776,0.00012621862170239694,,,,,,,,,,,,
2630.4493259432666,0.008161163452943699,0.02016967072806928,0.0012671747666075438,0.008491969380246739,0.002363726158734026,0.00012596275518670153,,,,,,,,,,,,
2633.961793555184,0.008139827282972183,0.020099779039184012,0.0012638480400400433,0.008450470253368725,0.002355767365273191,0.0001257074073557528,,,,,,,,,,,,
2637.478951403327,0.008118546893301087,0.02003012953809854,0.0012605300471610216,0.00840917392721393,0.0023478353694991877,0.00012545257715808932,,,,,,,,,,,,
2641.000805750624,0.008097322138100937,0.01996072138558664,0.0012572207650418327,0.00836807941072209,0.002339930081182754,0.00012519826354438066,,,,,,,,,,,,
2644.5273628683562,0.008076152871923554,0.019891553745330397,0.0012539201708140371,0.008327185717676242,0.002332051410398446,0.00012494446546742365,,,,,,,,,,,,
2648.05862903619,0.008055038949700962,0.019822625783909666,0.0012506282416692215,0.008286491866678796,0.0023241992675235913,0.00012469118188213792,,,,,,,,,,,,
2651.5946105421654,0.008033980226744508,0.01975393667079246,0.0012473449548588622,0.008245996881128257,0.002316373563237296,0.00012443841174556214,,,,,,,,,,,,
2655.13531368273,0.008012976558743742,0.019685485578324554,0.001244070287694146,0.008205699789195537,0.0023085742085193943,0.0001241861540168483,,,,,,,,,,,,
2658.680744762729,0.00799202780176556,0.019617271681719874,0.0012408042175458384,0.008165599623800859,0.0023008011146494825,0.00012393440765725943,,,,,,,,,,,,
2662.2309100954362,0.007971133812253067,0.019549294159050233,0.0012375467218441005,0.008125695422590312,0.0022930541932058546,0.00012368317163016324,,,,,,,,,,,,
2665.7858160025457,0.007950294447024761,0.01948155219123573,0.001234297778078357,0.008085986227913004,0.0022853333560645546,0.00012343244490102984,,,,,,,,,,,,
2669.3454688142037,0.007929509563273396,0.019414044962034558,0.0012310573637971196,0.008046471086797848,0.002277638515398315,0.0001231822264374256,,,,,,,,,,,,
2672.9098748690008,0.007908779018565123,0.019346771658033463,0.0012278254566078506,0.008007149050930876,0.0022699695836756097,0.0001229325152090104,,,,,,,,,,,,
2676.4790405139906,0.007888102670838476,0.019279731468637866,0.0012246020341767983,0.007968019176632412,0.0022623264736596352,0.00012268331018753294,,,,,,,,,,,,
2680.0529721047124,0.007867480378403312,0.01921292358606186,0.0012213870742288364,0.007929080524834316,0.002254709098407298,0.00012243461034682556,,,,,,,,,,,,
2683.631676005179,0.007846911999940006,0.019146347205318878,0.0012181805545473311,0.007890332161057678,0.0022471173712682755,0.00012218641466280164,,,,,,,,,,,,
2687.2151585879137,0.007826397394498318,0.01908000152421159,0.00121498245297396,0.00785177315539015,0.002239551205883973,0.00012193872211345014,,,,,,,,,,,,
2690.803426233937,0.007805936421496573,0.019013885743322613,0.0012117927474085853,0.007813402582463852,0.0022320105161865965,0.00012169153167883189,,,,,,,,,,,,
2694.3964853328016,0.007785528940720561,0.018947999066004525,0.0012086114158090778,0.0077752195214329314,0.0022244952163981238,0.00012144484234107516,,,,,,,,,,,,
2697.9943422825813,0.007765174812322689,0.01888234069837061,0.0012054384361911866,0.007737223055951708,0.0022170052210293686,0.00012119865308437219,,,,,,,,,,,,
2701.5970034899037,0.007744873896820929,0.01881690984928493,0.0012022737866283647,0.007699412274152457,0.0022095404448789807,0.00012095296289497349,,,,,,,,,,,,
2705.2044753699415,0.0077246260550979705,0.01875170573035317,0.0011991174452516426,0.007661786268623733,0.002202100803032496,0.00012070777076118564,,,,,,,,,,,,
2708.816764346443,0.007704431148400136,0.01868672755591276,0.0011959693902494507,0.007624344136388371,0.002194686210861353,0.00012046307567336512,,,,,,,,,,,,
2712.433876851727,0.007684289038336558,0.018621974543023757,0.001192829599867489,0.007587084978882033,0.002187296584021944,0.00012021887662391581,,,,,,,,,,,,
2716.0558193267016,0.007664199586878146,0.018557445911459226,0.0011896980524085706,0.007550007901931532,0.00217993183845466,0.00011997517260728424,,,,,,,,,,,,
2719.682598220883,0.007644162656356643,0.018493140883695736,0.0011865747262324619,0.007513112015733323,0.0021725918903829017,0.00011973196261995456,,,,,,,,,,,,
2723.3142199923886,0.007624178109463763,0.0184290586849043,0.001183459599755751,0.007476396434832309,0.0021652766563121776,0.00011948924566044622,,,,,,,,,,,,
2726.9506911079716,0.007604245809250126,0.018365198542940695,0.0011803526514516827,0.00743986027810038,0.0021579860530291004,0.00011924702072930787,,,,,,,,,,,,
2730.592018043008,0.00758436561912446,0.01830155968833648,0.0011772538598500222,0.007403502668715498,0.002150719997600493,0.00011900528682911507,,,,,,,,,,,,
2734.2382072815312,0.007564537402852503,0.018238141354289396,0.0011741632035368926,0.0073673227341404385,0.0021434784073723918,0.00011876404296446483,,,,,,,,,,,,
2737.889265316224,0.007544761024556242,0.01817494277665448,0.0011710806611546446,0.007331319606102048,0.0021362611999691606,0.00011852328814197216,,,,,,,,,,,,
2741.545198648447,0.007525036348712832,0.018111963193934474,0.0011680062114016892,0.007295492420570197,0.0021290682932924997,0.00011828302137026566,,,,,,,,,,,,
2745.2060137882327,0.007505363240153789,0.018049201847271074,0.00116493983303237,0.007259840317737269,0.0021218996055205656,0.00011804324165998413,,,,,,,,,,,,
2748.871717254318,0.0074857415640639585,0.017986657980435344,0.0011618815048568,0.0072243624419973135,0.0021147550551069887,0.00011780394802377114,,,,,,,,,,,,
2752.542315574132,0.007466171185980674,0.017924330839819015,0.0011588312057407295,0.007189057941925713,0.002107634560779988,0.0001175651394762727,,,,,,,,,,,,
2756.2178152838324,0.007446651971792768,0.017862219674425025,0.001155788914605383,0.007153925970258535,0.0021005380415414186,0.00011732681503413139,,,,,,,,,,,,
2759.8982229282956,0.007427183787739722,0.017800323735858815,0.0011527546104273313,0.007118965683872405,0.0020934654166658642,0.00011708897371598396,,,,,,,,,,,,
2763.5835450611366,0.007407766500410718,0.01773864227831913,0.0011497282722383382,0.00708417624376417,0.002086416605699725,0.00011685161454245648,,,,,,,,,,,,
2767.273788244732,0.0073883999767436785,0.017677174558588932,0.0011467098791252072,0.00704955681503071,0.00207939152846027,0.0001166147365361597,,,,,,,,,,,,
2770.968959050208,0.007369084084024441,0.017615919836026745,0.001143699410229658,0.007015106566849059,0.0020723901050347755,0.00011637833872168669,,,,,,,,,,,,
2774.669064057478,0.0073498186898857615,0.017554877372557363,0.0011406968447481576,0.006980824672456265,0.0020654122557795603,0.00011614242012560682,,,,,,,,,,,,
2778.374109855229,0.007330603662306509,0.017494046432663366,0.0011377021619317985,0.006946710309129765,0.002058457901319134,0.00011590697977646363,,,,,,,,,,,,
2782.0841030409583,0.007311438869610644,0.01743342628337582,0.0011347153410861369,0.006912762658167439,0.002051526962545244,0.00011567201670476948,,,,,,,,,,,,
2785.799050220962,0.007292324180466417,0.01737301619426587,0.001131736361571067,0.0068789809048681455,0.0020446193606160224,0.00011543752994300221,,,,,,,,,,,,
2789.5189580103665,0.007273259463885388,0.017312815437435528,0.0011287652028006598,0.006845364238511977,0.002037735016955043,0.00011520351852560081,,,,,,,,,,,,
2793.2438330331233,0.007254244589221617,0.017252823287509326,0.0011258018442430427,0.00681191185234101,0.0020308738532504736,0.00011496998148896214,,,,,,,,,,,,
2796.9736819220384,0.00723527942617066,0.017193039021625153,0.001122846265420234,0.006778622943539747,0.0020240357914541388,0.0001147369178714356,,,,,,,,,,,,
2800.708511318763,0.0072163638447687965,0.01713346191942593,0.0011198984459080223,0.0067454967132160384,0.0020172207537806804,0.00011450432671332098,,,,,,,,,,,,
2804.4483278738307,0.007197497715392022,0.01707409126305058,0.0011169583653358078,0.006712532366381707,0.002010428662706622,0.00011427220705686256,,,,,,,,,,,,
2808.193138246644,0.007178680908755242,0.017014926337125674,0.0011140260033864762,0.006679729111933662,0.0020036594409695344,0.00011404055794624693,,,,,,,,,,,,
2811.9429491055002,0.007159913295911375,0.016955966428756703,0.0011111013397962508,0.006647086162634819,0.0019969130115671282,0.00011380937842759821,,,,,,,,,,,,
2815.6977671276077,0.007141194748250406,0.01689721082751932,0.0011081843543545506,0.006614602735095156,0.0019901892977563737,0.00011357866754897351,,,,,,,,,,,,
2819.4575989990803,0.007122525137498616,0.016838658825451117,0.0011052750269038587,0.006582278049753067,0.0019834882230526604,0.00011334842436036064,,,,,,,,,,,,
2823.2224514149725,0.00710390433571756,0.016780309717042727,0.0011023733373395704,0.006550111330856451,0.0019768097112288817,0.0001131186479136723,,,,,,,,,,,,
2826.9923310792647,0.007085332215303347,0.016722162799229678,0.001099479265609871,0.006518101806444311,0.0019701536863146168,0.00011288933726274403,,,,,,,,,,,,
2830.767244704903,0.007066808648985625,0.016664217371383596,0.0010965927917155785,0.006486248708328031,0.0019635200725952153,0.00011266049146332851,,,,,,,,,,,,
2834.5471990137853,0.007048333509826828,0.01660647273530406,0.0010937138957100231,0.0064545512720731195,0.0019569087946109884,0.00011243210957309337,,,,,,,,,,,,
2838.3322007367956,0.007029906671221201,0.01654892819520989,0.0010908425576988958,0.0064230087369806736,0.0019503197771562984,0.00011220419065161594,,,,,,,,,,,,
2842.122256613796,0.007011528006894014,0.016491583057731084,0.0010879787578401215,0.006391620346069326,0.0019437529452787541,0.00011197673376038049,,,,,,,,,,,,
2845.917373393658,0.006993197390900632,0.016434436631900116,0.0010851224763437093,0.006360385346056888,0.001937208224278309,0.00011174973796277303,,,,,,,,,,,,
2849.717557834256,0.00697491469762573,0.016377488229143988,0.0010822736934716318,0.00632930298734245,0.0019306855397064587,0.0001115232023240792,,,,,,,,,,,,
2853.5228167024975,0.006956679801782333,0.01632073716327554,0.0010794323895376712,0.006298372523988203,0.0019241848173653484,0.0001112971259114785,,,,,,,,,,,,
2857.3331567743176,0.006938492578411057,0.016264182750485526,0.0010765985449072988,0.0062675932137017136,0.00191770598330697,0.0001110715077940421,,,,,,,,,,,,
2861.1485848347006,0.006920352902879185,0.016207824309334207,0.0010737721399975315,0.006236964317818028,0.0019112489638322954,0.00011084634704272837,,,,,,,,,,,,
2864.969107677699,0.006902260650879815,0.016151661160743055,0.0010709531552767944,0.006206485101281892,0.0019048136854904407,0.00011062164273037828,,,,,,,,,,,,
2868.7947321064244,0.006884215698431075,0.016095692627986838,0.0010681415712647945,0.006176154832630253,0.001898400075077843,0.00011039739393171321,,,,,,,,,,,,
2872.625464933087,0.006866217921875169,0.016039918036685124,0.0010653373685323726,0.006145972783974522,0.0018920080596374121,0.00011017359972332936,,,,,,,,,,,,
2876.4613129789795,0.006848267197877651,0.015984336714794517,0.0010625405277013861,0.006115938230983304,0.0018856375664577174,0.00010995025918369572,,,,,,,,,,,,
2880.302283074516,0.0068303634034264345,0.015928947992600195,0.0010597510294445575,0.006086050452864832,0.0018792885230721373,0.00010972737139314848,,,,,,,,,,,,
2884.148382059219,0.006812506415831112,0.015873751202708217,0.001056968854485357,0.006056308732349835,0.0018729608572580691,0.0001095049354338889,,,,,,,,,,,,
2887.999616781756,0.006794696112721966,0.015818745680037098,0.0010541939835978554,0.006026712355674145,0.0018666544970360652,0.00010928295038997827,,,,,,,,,,,,
2891.8559940999276,0.006776932372049251,0.015763930761810152,0.0010514263976066042,0.005997260612561761,0.0018603693706690594,0.00010906141534733516,,,,,,,,,,,,
2895.717520880704,0.006759215072082259,0.015709305787547173,0.001048666077386488,0.005967952796207625,0.0018541054066615057,0.00010884032939373034,,,,,,,,,,,,
2899.584204000212,0.00674154409140856,0.01565487009905683,0.0010459130038626093,0.005938788203260823,0.0018478625337586094,0.00010861969161878478,,,,,,,,,,,,
2903.456050343774,0.006723919308933105,0.015600623040428356,0.0010431671580101404,0.005909766133807528,0.0018416406809454724,0.000108399501113964,,,,,,,,,,,,
2907.333066805895,0.006706340603877466,0.015546563958023972,0.001040428520854204,0.005880885891354376,0.0018354397774463245,0.00010817975697257594,,,,,,,,,,,,
2911.215260290289,0.006688807855778972,0.015492692200470875,0.0010376970734697418,0.005852146782811666,0.001829259752723701,0.00010796045828976659,,,,,,,,,,,,
2915.1026377098947,0.006671320944489849,0.015439007118653262,0.001034972796981369,0.005823548118476679,0.0018231005364776265,0.00010774160416251553,,,,,,,,,,,,
2918.995205986872,0.0066538797501764675,0.015385508065704821,0.0010322556725632654,0.005795089212017262,0.001816962058644843,0.00010752319368963385,,,,,,,,,,,,
2922.892972052635,0.00663648415331845,0.015332194397000575,0.0010295456814390248,0.005766769380455184,0.0018108442493979914,0.00010730522597175856,,,,,,,,,,,,
2926.7959428478416,0.006619134034707936,0.01527906547014945,0.001026842804881544,0.005738587944149929,0.0018047470391448315,0.00010708770011135076,,,,,,,,,,,,
2930.7041253224297,0.006601829275448661,0.015226120644986223,0.0010241470242128748,0.005710544226782215,0.001798670358527437,0.0001068706152126901,,,,,,,,,,,,
2934.617526435606,0.006584569756955262,0.015173359283564135,0.0010214583208041153,0.005682637555337921,0.0017926141384214224,0.00010665397038187281,,,,,,,,,,,,
2938.5361531558806,0.0065673553609523205,0.015120780750146858,0.0010187766760752595,0.00565486726009177,0.0017865783099351334,0.00010643776472680674,,,,,,,,,,,,
2942.4600124610583,0.00655018596947371,0.01506838441120117,0.0010161020714950886,0.005627232674591426,0.0017805628044088974,0.00010622199735720828,,,,,,,,,,,,
2946.389111338272,0.006533061464861647,0.015016169635389005,0.001013434488581026,0.005599733135641348,0.0017745675534142009,0.0001060066673845985,,,,,,,,,,,,
2950.3234567839763,0.006515981729765989,0.014964135793560112,0.0010107739088990233,0.005572367983286989,0.0017685924887529494,0.00010579177392229974,,,,,,,,,,,,
2954.263055803969,0.006498946647143391,0.014912282258744388,0.0010081203140634267,0.005545136560798924,0.0017626375424566747,0.00010557731608543193,,,,,,,,,,,,
2958.2079154134103,0.006481956100256445,0.014860608406144154,0.001005473685736847,0.005518038214657004,0.0017567026467857462,0.0001053632929909081,,,,,,,,,,,,
2962.1580426368164,0.006465009972673008,0.01480911361312694,0.0010028340056300418,0.005491072294534836,0.0017507877342286377,0.00010514970375743238,,,,,,,,,,,,
2966.113444508096,0.00644810814826527,0.014757797259217652,0.001000201255501776,0.0054642381532840085,0.0017448927375011164,0.00010493654750549454,,,,,,,,,,,,
2970.074128070538,0.006431250511209076,0.01470665872609143,0.000997575417158712,0.005437535146918712,0.0017390175895455207,0.0001047238233573681,,,,,,,,,,,,
2974.040100376847,0.006414436945983029,0.014655697397565856,0.000994956472455267,0.0054109626346001295,0.0017331622235299544,0.00010451153043710506,,,,,,,,,,,,
2978.0113684891353,0.006397667337367777,0.014604912659593853,0.000992344403293503,0.005384519978621217,0.001727326572847569,0.00010429966787053398,,,,,,,,,,,,
2981.9879394789564,0.006380941570445163,0.014554303900255987,0.00098973919162299,0.005358206544391252,0.0017215105711157657,0.0001040882347852546,,,,,,,,,,,,
2985.9698204272936,0.006364259530597508,0.014503870509753386,0.0009871408194406905,0.0053320217004207415,0.001715714152175473,0.00010387723031063598,,,,,,,,,,,,
2989.9570184245986,0.006347621103506737,0.01445361188040009,0.0009845492687908237,0.005305964818306118,0.001709937250090373,0.00010366665357781163,,,,,,,,,,,,
2993.949540570779,0.006331026175153698,0.014403527406616053,0.000981964521764757,0.0052800352727148244,0.0017041797991461643,0.0001034565037196765,,,,,,,,,,,,
2997.9473939752343,0.006314474631817254,0.014353616484919514,0.0009793865605008643,0.005254232441370129,0.0016984417338498036,0.00010324677987088324,,,,,,,,,,,,
3001.950585756849,0.006297966360073636,0.01430387851392,0.0009768153671844185,0.0052285557050363645,0.0016927229889287688,0.00010303748116783887,,,,,,,,,,,,
3005.959123044013,0.006281501246795596,0.014254312894310964,0.0009742509240474609,0.005203004447503971,0.001687023499330321,0.00010282860674870121,,,,,,,,,,,,
3009.973012974644,0.006265079179151603,0.01420491902886248,0.0009716932133686756,0.005177578055574663,0.0016813432002207402,0.00010262015575337452,,,,,,,,,,,,
3013.9922626961798,0.006248700044605166,0.014155696322414263,0.000969142217473276,0.005152275919046854,0.0016756820269846259,0.00010241212732350744,,,,,,,,,,,,
3018.0168793656126,0.006232363730913933,0.014106644181868225,0.0009665979187328703,0.005127097430700863,0.0016700399152241201,0.00010220452060248788,,,,,,,,,,,,
3022.0468701494806,0.006216070126129063,0.014057762016181629,0.0009640602995653545,0.005102041986284478,0.0016644168007582168,0.00010199733473544096,,,,,,,,,,,,
3026.0822422239034,0.006199819118594333,0.014009049236359648,0.0009615293424347753,0.0050771089844983104,0.0016588126196219902,0.00010179056886922405,,,,,,,,,,,,
3030.123002774571,0.006183610596945477,0.013960505255448608,0.0009590050298512237,0.005052297826981525,0.0016532273080659082,0.00010158422215242477,,,,,,,,,,,,
3034.1691589967804,0.0061674444501093354,0.013912129488528572,0.0009564873443707019,0.005027607918297307,0.0016476608025550667,0.00010137829373535585,,,,,,,,,,,,
3038.2207180954238,0.0061513205673031585,0.013863921352706605,0.000953976268595013,0.005003038665918763,0.0016421130397685072,0.00010117278277005326,,,,,,,,,,,,
3042.2776872850277,0.0061352388380337955,0.013815880267109462,0.0009514717851716293,0.0049785894802144995,0.0016365839565984563,0.00010096768841027147,,,,,,,,,,,,
3046.340073789739,0.006119199152097004,0.013768005652876895,0.0009489738767935861,0.004954259774434662,0.0016310734901496475,0.00010076300981148055,,,,,,,,,,,,
3050.407884843364,0.006103201399576607,0.013720296933154349,0.0009464825261993473,0.004930048964696677,0.001625581577738568,0.00010055874613086249,,,,,,,,,,,,
3054.481127689359,0.006087245470843831,0.013672753533086293,0.0009439977161726989,0.004905956469971405,0.0016201081568927738,0.0001003548965273081,,,,,,,,,,,,
3058.5598095808514,0.006071331256556489,0.013625374879809181,0.000941519429542627,0.004881981712069102,0.0016146531653501738,0.00010015146016141297,,,,,,,,,,,,
3062.6439377806646,0.006055458647658239,0.013578160402444429,0.0009390476491831888,0.004858124115625507,0.0016092165410583007,9.994843619547431e-05,,,,,,,,,,,,
3066.7335195613073,0.006039627535377891,0.013531109532091818,0.0009365823580134108,0.004834383108088165,0.00160379822217364,9.974582379348788e-05,,,,,,,,,,,,
3070.828562205011,0.006023837811228574,0.013484221701822317,0.000934123538997155,0.0048107581197025275,0.0015983981470608889,9.954362212114347e-05,,,,,,,,,,,,
3074.9290730037205,0.006008089367007093,0.01343749634667155,0.0009316711751430156,0.004787248583498454,0.001593016254292293,9.934183034582294e-05,,,,,,,,,,,,
3079.0350592591276,0.00599238209479307,0.013390932903632708,0.0009292252495041864,0.004763853935276415,0.0015876524826469091,9.914044763659525e-05,,,,,,,,,,,,
3083.146528282664,0.005976715886948335,0.013344530811650063,0.0009267857451783623,0.004740573613594137,0.0015823067711099482,9.893947316421455e-05,,,,,,,,,,,,
3087.2634873955353,0.005961090636116066,0.013298289511611893,0.0009243526453076013,0.004717407059752961,0.0015769790588720408,9.873890610111526e-05,,,,,,,,,,,,
3091.385943928711,0.00594550623522016,0.013252208446344046,0.0009219259330782274,0.004694353717784585,0.0015716692853285862,9.853874562141017e-05,,,,,,,,,,,,
3095.513905222964,0.005929962577464407,0.013206287060602949,0.000919505591720698,0.004671413034437591,0.0015663773900790232,9.83389909008855e-05,,,,,,,,,,,,
3099.6473786288534,0.005914459556331828,0.013160524801069181,0.0009170916045095035,0.004648584459164285,0.0015611033129261816,9.81396411169991e-05,,,,,,,,,,,,
3103.7863715067692,0.00589899706558389,0.013114921116340541,0.0009146839547630354,0.004625867444107359,0.001555846993875559,9.794069544887546e-05,,,,,,,,,,,,
3107.93089122692,0.005883574999259832,0.013069475456925661,0.000912282625843488,0.004603261444086861,0.0015506083731346737,9.774215307730371e-05,,,,,,,,,,,,
3112.0809451693535,0.005868193251675914,0.01302418727523724,0.0009098876011567321,0.004580765916587077,0.0015453873911123641,9.754401318473363e-05,,,,,,,,,,,,
3116.236540723985,0.005852851717424661,0.01297905602558537,0.0009074988641521988,0.004558380321743422,0.0015401839884181057,9.734627495527177e-05,,,,,,,,,,,,
3120.397685290582,0.005837550291374199,0.012934081164171217,0.0009051163983227769,0.004536104122329639,0.0015349981058613619,9.714893757467939e-05,,,,,,,,,,,,
3124.5643862788074,0.005822288868667476,0.012889262149080156,0.000902740187204684,0.00451393678374475,0.0015298296844508757,9.695200023036758e-05,,,,,,,,,,,,
3128.7366511082055,0.005807067344721616,0.012844598440275537,0.0009003702143773668,0.00449187777400037,0.001524678665394035,9.675546211139526e-05,,,,,,,,,,,,
3132.9144872082393,0.0057918856152271115,0.012800089499591908,0.0008980064634633764,0.00446992656370781,0.0015195449900961672,9.655932240846507e-05,,,,,,,,,,,,
3137.0979020182817,0.005776743576147212,0.012755734790728793,0.0008956489181282644,0.004448082626065495,0.00151442860015991,9.636358031392045e-05,,,,,,,,,,,,
3141.286902987651,0.005761641123717089,0.012711533779243956,0.0008932975620804588,0.004426345436846189,0.001509329437384509,9.616823502174148e-05,,,,,,,,,,,,
3145.4814975756003,0.005746578154443257,0.012667485932547259,0.0008909523790711656,0.004404714474384553,0.0015042474437651939,9.5973285727543e-05,,,,,,,,,,,,
3149.6816932513552,0.005731554565102747,0.012623590719893937,0.0008886133528942415,0.004383189219564499,0.0014991825614924807,9.577873162856963e-05,,,,,,,,,,,,
3153.887497494103,0.005716570252742499,0.012579847612378486,0.0008862804673860958,0.004361769155806849,0.0014941347329515521,9.558457192369415e-05,,,,,,,,,,,,
3158.098917793031,0.005701625114678564,0.012536256082928033,0.0008839537064255675,0.0043404537690568115,0.001489103900721564,9.539080581341257e-05,,,,,,,,,,,,
3162.3159616473167,0.005686719048495467,0.012492815606296219,0.0008816330539338215,0.004319242547771766,0.001484090007575027,9.519743249984219e-05,,,,,,,,,,,,
3166.538636566152,0.0056718519520455,0.012449525659056748,0.0008793184938742357,0.00429813498290893,0.0014790929964771332,9.500445118671778e-05,,,,,,,,,,,,
3170.7669500687643,0.005657023723447962,0.012406385719596999,0.0008770100102522833,0.004277130567913102,0.001474112810585112,9.481186107938767e-05,,,,,,,,,,,,
3175.0009096844096,0.005642234261088554,0.01236339526811197,0.0008747075871154357,0.0042562287987046084,0.00146914939324759,9.461966138481188e-05,,,,,,,,,,,,
3179.240522952411,0.005627483463618589,0.012320553786597743,0.000872411208553037,0.004235429173667081,0.001464202688003937,9.442785131155725e-05,,,,,,,,,,,,
3183.4857974221454,0.005612771229954372,0.012277860758845528,0.0008701208586962084,0.004214731193635548,0.0014592726385836364,9.42364300697958e-05,,,,,,,,,,,,
3187.7367406530834,0.005598097459276449,0.012235315670435152,0.0008678365217177272,0.004194134361884334,0.0014543591889056252,9.404539687129989e-05,,,,,,,,,,,,
3191.9933602147776,0.005583462051028982,0.012192918008729133,0.0008655581818319264,0.004173638184115253,0.0014494622830776844,9.385475092944047e-05,,,,,,,,,,,,
3196.2556636868994,0.0055688649049189754,0.012150667262866243,0.0008632858232945753,0.0041532421684456235,0.00144458186539577,9.366449145918242e-05,,,,,,,,,,,,
3200.5236586592314,0.005554305920915687,0.012108562923755629,0.0008610194304027834,0.0041329458253965955,0.0014397178803434135,9.347461767708275e-05,,,,,,,,,,,,
3204.797352731701,0.0055397849992498294,0.01206660448407039,0.0008587589874948786,0.004112748667881278,0.0014348702725910565,9.328512880128587e-05,,,,,,,,,,,,
3209.076753514376,0.005525302040412997,0.012024791438241705,0.0008565044789503094,0.004092650211193152,0.0014300389869954509,9.309602405152174e-05,,,,,,,,,,,,
3213.3618686274854,0.005510856945156927,0.011983123282452646,0.0008542558891895363,0.0040726499729943945,0.001425223968599019,9.290730264910204e-05,,,,,,,,,,,,
3217.6527057014428,0.0054964496144927965,0.011941599514632004,0.0008520132026739125,0.004052747473304255,0.001420425162629215,9.271896381691643e-05,,,,,,,,,,,,
3221.949272376839,0.005482079949690622,0.011900219634448487,0.000849776403905593,0.004032942234487648,0.0014156425144979327,9.253100677943064e-05,,,,,,,,,,,,
3226.251576304479,0.0054677478522784755,0.011858983143304396,0.0008475454774274127,0.004013233781243574,0.0014108759698008497,9.234343076268181e-05,,,,,,,,,,,,
3230.559625145372,0.00545345322404193,0.011817889544329902,0.0008453204078227931,0.003993621640593819,0.0014061254743168434,9.215623499427675e-05,,,,,,,,,,,,
3234.87342657077,0.005439195967023275,0.01177693834237679,0.0008431011797156211,0.003974105341871487,0.0014013909740073402,9.196941870338735e-05,,,,,,,,,,,,
3239.192988262155,0.005424975983520941,0.011736129044012772,0.0008408877777701606,0.003954684416709835,0.0013966724150157297,9.178298112074859e-05,,,,,,,,,,,,
3243.5183179112787,0.005410793176088748,0.011695461157515252,0.0008386801866909265,0.00393535839903091,0.0013919697436667316,9.159692147865495e-05,,,,,,,,,,,,
3247.849423220152,0.0053966474475353006,0.011654934192865667,0.0008364783912225972,0.003916126825034471,0.001387282906465799,9.141123901095654e-05,,,,,,,,,,,,
3252.1863119010827,0.005382538700923268,0.01161454766174335,0.000834282376149894,0.003896989233186751,0.001382611850098499,9.122593295305722e-05,,,,,,,,,,,,
3256.5289916766637,0.005368466839568788,0.011574301077519864,0.0008320921262974901,0.003877945164209495,0.0013779565214299173,9.104100254191079e-05,,,,,,,,,,,,
3260.8774702798137,0.005354431767040719,0.011534193955252932,0.0008299076265298909,0.0038589941610688273,0.0013733168675040376,9.08564470160173e-05,,,,,,,,,,,,
3265.2317554537663,0.005340433387160065,0.011494225811680761,0.0008277288617513445,0.0038401357689643732,0.0013686928355431597,9.067226561542106e-05,,,,,,,,,,,,
3269.5918549520957,0.005326471603999255,0.011454396165216159,0.0008255558169057278,0.003821369535318311,0.0013640843729472894,9.048845758170692e-05,,,,,,,,,,,,
3273.9577765387394,0.005312546321881497,0.011414704535940628,0.0008233884769764405,0.0038026950097644584,0.0013594914272935263,9.030502215799665e-05,,,,,,,,,,,,
3278.3295279879885,0.005298657445380163,0.011375150445598817,0.0008212268269863122,0.003784111744137573,0.001354913946335498,9.012195858894706e-05,,,,,,,,,,,,
3282.7071170845284,0.005284804879318072,0.011335733417592479,0.0008190708519974852,0.003765619292462484,0.0013503518780027314,8.99392661207454e-05,,,,,,,,,,,,
3287.0905516234266,0.005270988528766893,0.011296452976974994,0.0008169205371113247,0.003747217210943494,0.0013458051704000943,8.97569440011078e-05,,,,,,,,,,,,
3291.479839410172,0.005257208299046446,0.011257308650445406,0.0008147758674683049,0.0037289050579536183,0.0013412737718071716,8.957499147927468e-05,,,,,,,,,,,,
3295.874988260665,0.005243464095724115,0.011218299966342946,0.000812636828247915,0.003710682394024101,0.0013367576306777104,8.939340780600904e-05,,,,,,,,,,,,
3300.276006001253,0.005229755824614123,0.011179426454641135,0.000810503404668547,0.0036925487818337635,0.0013322566956390012,8.921219223359205e-05,,,,,,,,,,,,
3304.6829004687224,0.005216083391776974,0.011140687646942328,0.0008083755819874057,0.0036745037861986058,0.0013277709154913206,8.903134401582132e-05,,,,,,,,,,,,
3309.0956795103375,0.005202446703518707,0.01110208307647185,0.000806253345500394,0.003656546974061258,0.0013233002392073305,8.885086240800642e-05,,,,,,,,,,,,
3313.5143509838276,0.005188845666390367,0.01106361227807261,0.0008041366805420229,0.0036386779144807016,0.0013188446159315096,8.867074666696726e-05,,,,,,,,,,,,
3317.938922757428,0.005175280187187259,0.011025274788199249,0.0008020255724853011,0.0036208961786218198,0.0013144039949795653,8.84909960510296e-05,,,,,,,,,,,,
3322.3694027098695,0.005161750172948392,0.01098707014491278,0.0007999200067416399,0.0036032013397451898,0.0013099783258378637,8.83116098200232e-05,,,,,,,,,,,,
3326.8057987304046,0.005148255530955812,0.010948997887874906,0.0007978199687607513,0.0035855929731968116,0.0013055675581628585,8.813258723527831e-05,,,,,,,,,,,,
3331.248118718831,0.005134796168733916,0.010911057558342414,0.0007957254440305411,0.0035680706563978684,0.0013011716417805001,8.795392755962204e-05,,,,,,,,,,,,
3335.696370585479,0.005121371994048921,0.010873248699161828,0.0007936364180770206,0.0035506339688346853,0.0012967905266856928,8.777563005737654e-05,,,,,,,,,,,,
3340.1505622512586,0.005107982914908131,0.010835570854763677,0.0007915528764641923,0.0035332824920485343,0.001292424163041695,8.759769399435467e-05,,,,,,,,,,,,
3344.610701647641,0.00509462883955939,0.01079802357115726,0.0007894748047939667,0.003516015809625687,0.001288072501179585,8.742011863785827e-05,,,,,,,,,,,,
3349.0767967167017,0.005081309676490382,0.010760606395924903,0.0007874021887060449,0.0034988335071873193,0.0012837354915976613,8.724290325667379e-05,,,,,,,,,,,,
3353.548855411109,0.00506802533442806,0.01072331887821676,0.0007853350138778354,0.0034817351723796753,0.0012794130849609147,8.706604712107052e-05,,,,,,,,,,,,
3358.026885694163,0.0050547757223379725,0.010686160568745157,0.0007832732660243415,0.0034647203948640704,0.0012751052321004334,8.6889549502797e-05,,,,,,,,,,,,
3362.510895539785,0.005041560749423698,0.0106491310197794,0.0007812169308980754,0.0034477887663071378,0.0012708118840128754,8.671340967507756e-05,,,,,,,,,,,,
3367.0008929325563,0.0050283803251261515,0.01061222978514015,0.0007791659942889465,0.0034309398803709272,0.0012665329918598804,8.653762691261034e-05,,,,,,,,,,,,
3371.4968858677075,0.005015234359123045,0.010575456420194274,0.0007771204420241784,0.003414173332703262,0.0012622685069675445,8.63622004915638e-05,,,,,,,,,,,,
3375.9988823511576,0.005002122761328169,0.010538810481849266,0.0007750802599681943,0.0033974887209279347,0.0012580183808258377,8.618712968957321e-05,,,,,,,,,,,,
3380.506890399507,0.004989045441890878,0.010502291528548096,0.000773045434022533,0.003380885644635129,0.0012537825650880737,8.601241378573871e-05,,,,,,,,,,,,
3385.02091804006,0.004976002311195423,0.01046589912026383,0.000771015950125746,0.0033643637053717805,0.0012495610115703555,8.58380520606218e-05,,,,,,,,,,,,
3389.5409733108513,0.00496299327986031,0.010429632818494206,0.0007689917942532961,0.0033479225066319718,0.0012453536722510114,8.566404379624194e-05,,,,,,,,,,,,
3394.0670642606333,0.004950018258737767,0.010393492186256575,0.0007669729524174708,0.0033315616538475076,0.0012411604992700767,8.549038827607469e-05,,,,,,,,,,,,
3398.599198948921,0.00493707715891303,0.010357476788082399,0.000764959410667273,0.0033152807543783526,0.0012369814449287178,8.531708478504748e-05,,,,,,,,,,,,
3403.1373854459775,0.004924169891703845,0.010321586190012243,0.0007629511550883394,0.0032990794175032927,0.001232816461688722,8.5144132609538e-05,,,,,,,,,,,,
3407.6816318328556,0.004911296368659761,0.010285819959590301,0.0007609481718028282,0.003282957254410468,0.0012286655021719241,8.497153103736985e-05,,,,,,,,,,,,
3412.2319462013857,0.004898456501561604,0.010250177665859417,0.0007589504469693376,0.00326691387818814,0.0012245285191596993,8.479927935781104e-05,,,,,,,,,,,,
3416.788336654216,0.004885650202420804,0.01021465887935568,0.0007569579667827981,0.0032509489038153126,0.0012204054655923957,8.462737686156969e-05,,,,,,,,,,,,
3421.3508113048015,0.00487287738347885,0.010179263172103447,0.0007549707174743888,0.0032350619481525803,0.0012162962945688283,8.445582284079241e-05,,,,,,,,,,,,
3425.919378277444,0.0048601379572066365,0.010143990117610007,0.0007529886853114291,0.0032192526299328395,0.0012122009593457158,8.428461658906013e-05,,,,,,,,,,,,
3430.4940457072853,0.004847431836303914,0.010108839290860585,0.0007510118565972983,0.003203520569752227,0.0012081194133371775,8.411375740138626e-05,,,,,,,,,,,,
3435.0748217403275,0.004834758933698669,0.01007381026831317,0.0007490402176713308,0.003187865390060973,0.0012040516101141836,8.394324457421339e-05,,,,,,,,,,,,
3439.661714533462,0.004822119162546499,0.010038902627893318,0.0007470737549087209,0.0031722867151543137,0.001199997503404032,8.377307740540976e-05,,,,,,,,,,,,
3444.2547322544588,0.004809512436230069,0.01000411594898927,0.0007451124547204383,0.003156784171163547,0.0011959570470898271,8.360325519426771e-05,,,,,,,,,,,,
3448.8538830820075,0.0047969386683584655,0.009969449812446645,0.0007431563035531221,0.0031413573860469696,0.0011919301952099477,8.343377724149931e-05,,,,,,,,,,,,
3453.459175205705,0.0047843977727666685,0.009934903800563633,0.0007412052878889982,0.0031260059895810446,0.0011879169019575332,8.326464284923488e-05,,,,,,,,,,,,
3458.0706168260976,0.004771889663514884,0.009900477497085726,0.0007392593942457775,0.003110729613351425,0.0011839171216799474,8.309585132101878e-05,,,,,,,,,,,,
3462.6882161546687,0.004759414254888038,0.009866170487200907,0.0007373186091765697,0.0030955278907442004,0.0011799308088782825,8.292740196180789e-05,,,,,,,,,,,,
3467.3119814138795,0.004746971461395092,0.00983198235753447,0.0007353829192697812,0.003080400456937004,0.0011759579182068136,8.275929407796734e-05,,,,,,,,,,,,
3471.9419208371573,0.004734561197768569,0.00979791269614424,0.0007334523111490344,0.0030653469488903552,0.0011719984044725117,8.259152697726892e-05,,,,,,,,,,,,
3476.578042668938,0.004722183378963862,0.00976396109251538,0.0007315267714730625,0.0030503670053388587,0.0011680522226345006,8.242409996888768e-05,,,,,,,,,,,,
3481.220355164652,0.004709837920158742,0.00973012713755568,0.0007296062869356292,0.0030354602667826158,0.0011641193278035737,8.225701236339858e-05,,,,,,,,,,,,
3485.8688665907666,0.004697524736752703,0.009696410423590408,0.0007276908442654273,0.003020626375478509,0.0011601996752416543,8.209026347277464e-05,,,,,,,,,,,,
3490.5235852247783,0.0046852437443664265,0.009662810544357553,0.0007257804302259932,0.0030058649754317024,0.0011562932203613122,8.192385261038366e-05,,,,,,,,,,,,
3495.184519355235,0.004672994858841207,0.009629327095002915,0.0007238750316156137,0.0029911757123870547,0.0011523999187252449,8.175777909098486e-05,,,,,,,,,,,,
3499.8516772817643,0.004660777996238328,0.009595959672075086,0.0007219746352672299,0.0029765582338205955,0.0011485197260457638,8.159204223072704e-05,,,,,,,,,,,,
3504.5250673150617,0.004648593072838552,0.009562707873520813,0.0007200792280483564,0.0029620121889311324,0.0011446525981843089,8.142664134714529e-05,,,,,,,,,,,,
3509.2046977769346,0.004636440005141485,0.009529571298679927,0.0007181887968609782,0.0029475372286317464,0.0011407984911509304,8.126157575915766e-05,,,,,,,,,,,,
3513.8905770002875,0.004624318709865052,0.009496549548280702,0.0007163033286414741,0.002933133005541504,0.0011369573611038006,8.109684478706356e-05,,,,,,,,,,,,
3518.582713329167,0.004612229103944887,0.009463642224434885,0.0007144228103605118,0.002918799173977038,0.0011331291643487046,8.093244775253958e-05,,,,,,,,,,,,
3523.281115118747,0.004600171104533814,0.009430848930633081,0.0007125472290229708,0.0029045353899443296,0.0011293138573385537,8.076838397863808e-05,,,,,,,,,,,,
3527.9857907353726,0.004588144629001212,0.009398169271739762,0.0007106765716678415,0.002890341311130367,0.0011255113966728762,8.0604652789783e-05,,,,,,,,,,,,
3532.696748556546,0.004576149594932528,0.009365602853988731,0.0007088108253681465,0.0028762165968950217,0.0011217217390973439,8.044125351176849e-05,,,,,,,,,,,,
3537.413996970971,0.00456418592012862,0.009333149284978151,0.0007069499772308394,0.00286216090826279,0.0011179448415032552,8.027818547175474e-05,,,,,,,,,,,,
3542.1375443785373,0.004552253522605291,0.009300808173666046,0.00070509401439673,0.002848173907914734,0.0011141806609270709,8.011544799826658e-05,,,,,,,,,,,,
3546.8673991903665,0.00454035232059264,0.009268579130365369,0.0007032429240403791,0.0028342552601803065,0.0011104291545498994,7.995304042118936e-05,,,,,,,,,,,,
3551.603569828801,0.004528482232534572,0.009236461766739468,0.000701396693370024,0.0028204046310293706,0.001106690279697032,7.979096207176737e-05,,,,,,,,,,,,
3556.3460647274283,0.0045166431770882086,0.009204455695797378,0.0006995553096274837,0.0028066216880641487,0.001102963993837449,7.962921228260056e-05,,,,,,,,,,,,
3561.09489233111,0.004504835073123291,0.00917256053188904,0.0006977187600880675,0.002792906100511221,0.001099250254583324,7.946779038764137e-05,,,,,,,,,,,,
3565.850061095968,0.004493057839721715,0.00914077589070085,0.0006958870320604958,0.0027792575392136492,0.0010955490196895663,7.930669572219303e-05,,,,,,,,,,,,
3570.6115794894317,0.004481311396176882,0.009109101389250826,0.0006940601128868039,0.002765675676623001,0.0010918602470533138,7.91459276229056e-05,,,,,,,,,,,,
3575.3794559902217,0.0044695956619932265,0.009077536645884171,0.0006922379899422619,0.002752160186791571,0.00108818389471348,7.898548542777452e-05,,,,,,,,,,,,
3580.1536990883956,0.0044579105568855965,0.009046081280268512,0.0006904206506352787,0.0027387107453644794,0.001084519920850251,7.882536847613654e-05,,,,,,,,,,,,
3584.9343172853323,0.004446256000778753,0.009014734913389501,0.0006886080824073256,0.0027253270295719643,0.0010808682837846323,7.866557610866839e-05,,,,,,,,,,,,
3589.721319093778,0.004434631913806782,0.008983497167546033,0.0006868002727328385,0.0027120087182215527,0.0010772289419779585,7.850610766738264e-05,,,,,,,,,,,,
3594.514713037832,0.004423038216312598,0.008952367666345917,0.0006849972091191413,0.002698755491690443,0.0010736018540314317,7.834696249562626e-05,,,,,,,,,,,,
3599.3145076529886,0.004411474828847331,0.008921346034701136,0.0006831988791063522,0.0026855670319177382,0.001069986978685642,7.818813993807735e-05,,,,,,,,,,,,
3604.120711486127,0.0043999416721698615,0.0088904318988235,0.0006814052702673033,0.002672443022396918,0.0010663842748201073,7.802963934074195e-05,,,,,,,,,,,,
3608.9333330955537,0.004388438667246181,0.008859624886219986,0.0006796163702074472,0.0026593831481681336,0.0010627937014527913,7.787146005095238e-05,,,,,,,,,,,,
3613.7523810509906,0.004376965735248946,0.008828924625688404,0.0006778321665647805,0.0026463870958107387,0.0010592152177396558,7.771360141736398e-05,,,,,,,,,,,,
3618.5778639336036,0.004365522797556892,0.008798330747312844,0.0006760526470097535,0.0026334545534357325,0.0010556487829741865,7.755606278995206e-05,,,,,,,,,,,,
3623.4097903360293,0.004354109775754271,0.008767842882459145,0.0006742777992451815,0.002620585210678239,0.00105209435658692,7.739884352001003e-05,,,,,,,,,,,,
3628.248168862362,0.00434272659163038,0.008737460663770642,0.0006725076110061682,0.0026077787586901453,0.001048551898145006,7.724194296014644e-05,,,,,,,,,,,,
3633.0930081282,0.00433137316717894,0.008707183725163528,0.0006707420700600136,0.0025950348901325874,0.0010450213673517204,7.708536046428164e-05,,,,,,,,,,,,
3637.9443167606323,0.004320049424597656,0.00867701170182263,0.000668981164206135,0.0025823532991686706,0.0010415027240460333,7.692909538764641e-05,,,,,,,,,,,,
3642.8021033982814,0.004308755286287594,0.008646944230196841,0.000667224881275976,0.00256973368145604,0.0010379959282021266,7.677314708677789e-05,,,,,,,,,,,,
3647.6663766912907,0.004297490674852729,0.00861698094799493,0.0006654732091329313,0.0025571757341396706,0.0010345009399289637,7.661751491951828e-05,,,,,,,,,,,,
3652.53714530137,0.004286255513099345,0.008587121494180967,0.0006637261356722528,0.0025446791558445007,0.001031017719469811,7.646219824501094e-05,,,,,,,,,,,,
3657.4144179017785,0.004275049724035559,0.008557365508970181,0.0006619836488209758,0.0025322436466682923,0.0010275462272018102,7.630719642369895e-05,,,,,,,,,,,,
3662.298203177373,0.004263873230870752,0.008527712633824427,0.0006602457365378275,0.0025198689081743484,0.0010240864236355036,7.615250881732124e-05,,,,,,,,,,,,
3667.188509824592,0.004252725957015089,0.008498162511448044,0.0006585123868131505,0.0025075546433844316,0.001020638269414406,7.59981347889113e-05,,,,,,,,,,,,
3672.085346551502,0.004241607826078938,0.008468714785783387,0.0006567835876688119,0.0024953005567715644,0.0010172017253145412,7.584407370279314e-05,,,,,,,,,,,,
3676.9887220777855,0.004230518761872406,0.008439369102006683,0.0006550593271581289,0.002483106354252992,0.001013776752244005,7.569032492457995e-05,,,,,,,,,,,,
3681.8986451347682,0.004219458688404772,0.008410125106523697,0.0006533395933657827,0.002470971743183108,0.0010103633112425216,7.553688782117085e-05,,,,,,,,,,,,
3686.815124465447,0.004208427529883971,0.00838098244696539,0.000651624374407731,0.002458896432346391,0.0010069613634809864,7.538376176074794e-05,,,,,,,,,,,,
3691.7381688244777,0.004197425210716113,0.00835194077218383,0.0006499136584311384,0.0024468801319505,0.001003570870261047,7.523094611277475e-05,,,,,,,,,,,,
3696.6677869782225,0.0041864516555049055,0.008322999732247793,0.0006482074336142793,0.002434922553619223,0.0010001917930146378,7.507844024799239e-05,,,,,,,,,,,,
3701.6039877047324,0.004175506789051205,0.008294158978438734,0.0006465056881664698,0.002423023410385647,0.0009968240933035661,7.492624353841816e-05,,,,,,,,,,,,
3706.5467797937968,0.004164590536352421,0.00826541816324638,0.000644808410327975,0.0024111824166851885,0.000993467732819051,7.477435535734182e-05,,,,,,,,,,,,
3711.496172046926,0.00415370282260209,0.008236776940364744,0.0006431155883699381,0.002399399288348816,0.0009901226733813107,7.462277507932419e-05,,,,,,,,,,,,
3716.4521732773983,0.004142843573189283,0.008208234964687755,0.0006414272105942887,0.002387673742596164,0.000986788876939106,7.447150208019331e-05,,,,,,,,,,,,
3721.4147923102455,0.004132012713698162,0.008179791892305303,0.000639743265333674,0.002376005498028808,0.0009834663055693286,7.432053573704317e-05,,,,,,,,,,,,
3726.384037982299,0.004121210169907412,0.008151447380498892,0.0006380637409513648,0.002364394274623444,0.000980154921476549,7.416987542822988e-05,,,,,,,,,,,,
3731.3599191421786,0.004110435867789768,0.008123201087737668,0.0006363886258411867,0.0023528397937252316,0.0009768546869926057,7.401952053337016e-05,,,,,,,,,,,,
3736.342444650319,0.004099689733511515,0.008095052673674262,0.0006347179084274345,0.002341341778041086,0.0009735655645761654,7.38694704333384e-05,,,,,,,,,,,,
3741.3316233789988,0.004088971693431931,0.008067001799140598,0.0006330515771647894,0.0023298999516329815,0.0009702875168122927,7.371972451026354e-05,,,,,,,,,,,,
3746.3274642123283,0.004078281674102856,0.008039048126143974,0.0006313896205382472,0.0023185140399114056,0.000967020506412041,7.357028214752757e-05,,,,,,,,,,,,
3751.3299760462955,0.0040676196022681145,0.008011191317862808,0.0006297320270630306,0.00230718376962869,0.0009637644962120058,7.342114272976227e-05,,,,,,,,,,,,
3756.3391677887525,0.004056985404863075,0.007983431038642741,0.0006280787852845167,0.0022959088688725275,0.0009605194491739255,7.327230564284705e-05,,,,,,,,,,,,
3761.3550483594618,0.0040463790090140995,0.007955766953992445,0.0006264298837781503,0.002284689067059379,0.0009572853283842369,7.312377027390579e-05,,,,,,,,,,,,
3766.377626690081,0.004035800342038094,0.007928198730579759,0.0006247853111493742,0.002273524094928041,0.0009540620970536779,7.297553601130538e-05,,,,,,,,,,,,
3771.4069117242093,0.004025249331441955,0.00790072603622748,0.00062314505603354,0.0022624136845331203,0.0009508497185168466,7.282760224465199e-05,,,,,,,,,,,,
3776.442912417373,0.0040147259049221375,0.00787334853990956,0.00062150910709584,0.0022513575692386717,0.000947648156231807,7.267996836478975e-05,,,,,,,,,,,,
3781.4856377370725,0.004004229990364076,0.007846065911746932,0.0006198774530312206,0.0022403554837117337,0.0009444573737796504,7.253263376379706e-05,,,,,,,,,,,,
3786.535096662767,0.003993761515841787,0.007818877823003681,0.0006182500825643102,0.0022294071639160228,0.0009412773348641034,7.23855978349853e-05,,,,,,,,,,,,
3791.591298185922,0.003983320409617286,0.007791783946082988,0.0006166269844493347,0.00221851234710553,0.0009381080033110933,7.223885997289507e-05,,,,,,,,,,,,
3796.654251309997,0.003972906600140168,0.007764783954523231,0.000615008147470047,0.002207670771818279,0.0009349493430683567,7.209241957329484e-05,,,,,,,,,,,,
3801.723965050475,0.003962520016047074,0.007737877522994073,0.0006133935604396464,0.0021968821778700224,0.0009318013182050166,7.194627603317789e-05,,,,,,,,,,,,
3806.800448434887,0.003952160586161202,0.007711064327292426,0.000611783212200697,0.002186146306347977,0.0009286638929111747,7.180042875075952e-05,,,,,,,,,,,,
3811.8837105028056,0.003941828239491857,0.007684344044338724,0.0006101770916250593,0.0021754628996046607,0.000925537031497511,7.16548771254755e-05,,,,,,,,,,,,
3816.9737603058884,0.003931522905233911,0.007657716352172842,0.0006085751876138052,0.002164831701251649,0.0009224206983948692,7.150962055797848e-05,,,,,,,,,,,,
3822.0706069078637,0.003921244512767374,0.007631180929950382,0.0006069774890971482,0.0021542524561534854,0.0009193148581538611,7.136465845013665e-05,,,,,,,,,,,,
3827.1742593845793,0.003910992991656855,0.0076047374579386595,0.0006053839850343587,0.002143724910421498,0.000916219475444451,7.121999020503015e-05,,,,,,,,,,,,
3832.2847268239857,0.0039007682716511263,0.007578385617513008,0.0006037946644136976,0.0021332488114077634,0.0009131345150555715,7.107561522694975e-05,,,,,,,,,,,,
3837.402018326185,0.0038905702826826016,0.007552125091152765,0.00060220951625233,0.002122823907698983,0.0009100599418947017,7.093153292139326e-05,,,,,,,,,,,,
3842.526143003414,0.003880398954866904,0.007525955562437626,0.0006006285295962587,0.0021124499491105143,0.0009069957209874904,7.078774269506419e-05,,,,,,,,,,,,
3847.657109980094,0.003870254218502331,0.007499876716043661,0.0005990516935202412,0.002102126686680305,0.0009039418174773354,7.064424395586824e-05,,,,,,,,,,,,
3852.7949283928137,0.003860136004069425,0.007473888237739663,0.0005974789971277199,0.002091853872662975,0.0009008981966250101,7.050103611291189e-05,,,,,,,,,,,,
3857.939607390379,0.0038500442422304574,0.007447989814383227,0.0005959104295507401,0.002081631260523813,0.0008978648238082453,7.035811857649894e-05,,,,,,,,,,,,
3863.0911561337984,0.0038399788638289922,0.0074221811339171065,0.0005943459799498822,0.002071458604932913,0.0008948416645213555,7.021549075812903e-05,,,,,,,,,,,,
3868.249583796315,0.003829939799889393,0.007396461885365391,0.0005927856375141838,0.0020613356617592633,0.0008918286843748374,7.007315207049476e-05,,,,,,,,,,,,
3873.414899563432,0.0038199269816163307,0.007370831758829701,0.0005912293914610598,0.0020512621880648687,0.000888825849094971,6.993110192747891e-05,,,,,,,,,,,,
3878.5871126329025,0.0038099403403943507,0.007345290445485577,0.0005896772310362402,0.0020412379420989665,0.0008858331245234483,6.978933974415282e-05,,,,,,,,,,,,
3883.766232214778,0.0037999798077873645,0.007319837637578631,0.0005881291455136808,0.0020312626832921666,0.0008828504766169648,6.964786493677359e-05,,,,,,,,,,,,
3888.9522675313906,0.0037900453155382263,0.007294473028420983,0.0005865851241955027,0.0020213361722507413,0.0008798778714468484,6.950667692278124e-05,,,,,,,,,,,,
3894.145227817405,0.0037801367955682084,0.007269196312387391,0.0005850451564119069,0.0020114581707508217,0.0008769152751986623,6.936577512079715e-05,,,,,,,,,,,,
3899.3451223198,0.0037702541799765994,0.007244007184911754,0.0005835092315211113,0.0020016284417327325,0.0008739626541718284,6.922515895062128e-05,,,,,,,,,,,,
3904.551960297918,0.003760397401040162,0.007218905342483261,0.0005819773389092658,0.001991846749295248,0.0008710199747792365,6.90848278332293e-05,,,,,,,,,,,,
3909.7657510234494,0.003750566391212753,0.0071938904826429105,0.0005804494679903919,0.0019821128586899914,0.0008680872035468708,6.894478119077123e-05,,,,,,,,,,,,
3914.9865037804825,0.0037407610831247857,0.0071689623039796965,0.000578925608206296,0.001972426536315743,0.0008651643071134167,6.880501844656797e-05,,,,,,,,,,,,
3920.2142278654846,0.003730981409582831,0.007144120506127126,0.000577405749026508,0.0019627875497128873,0.0008622512522298993,6.866553902510993e-05,,,,,,,,,,,,
3925.4489325873546,0.0037212273035691005,0.007119364789759466,0.0005758898799481995,0.001953195667557778,0.0008593480057592837,6.852634235205368e-05,,,,,,,,,,,,
3930.6906272674087,0.003711498698241026,0.007094694856588261,0.0005743779904961181,0.001943650659657242,0.0008564545346761173,6.838742785422047e-05,,,,,,,,,,,,
3935.93932123941,0.0037017955269307997,0.007070110409358681,0.0005728700702225121,0.001934152296943026,0.000853570806066146,6.82487949595935e-05,,,,,,,,,,,,
3941.1950238495974,0.0036921177231448816,0.0070456111518458825,0.0005713661087070563,0.0019247003514662857,0.000850696787125932,6.811044309731512e-05,,,,,,,,,,,,
3946.4577444566735,0.0036824652205635993,0.00702119678885156,0.0005698660955567853,0.0019152945963921582,0.0008478324451624985,6.797237169768544e-05,,,,,,,,,,,,
3951.7274924318535,0.0036728379530406373,0.006996867026200264,0.0005683700204060141,0.0019059348059942633,0.0008449777475929378,6.783458019215891e-05,,,,,,,,,,,,
3957.004277158852,0.0036632358546026277,0.0069726215707359915,0.0005668778729162756,0.0018966207556493442,0.0008421326619440605,6.769706801334307e-05,,,,,,,,,,,,
3962.2881080339266,0.003653658859448663,0.0069484601303185,0.00056538964277624,0.0018873522218318237,0.0008392971558520072,6.755983459499513e-05,,,,,,,,,,,,
3967.578994465868,0.0036441069019498883,0.006924382413819949,0.0005639053197016515,0.001878128982108489,0.0008364711970618959,6.74228793720207e-05,,,,,,,,,,,,
3972.876945876047,0.0036345799166489956,0.006900388131121237,0.0005624248934352511,0.0018689508151331,0.0008336547534274442,6.728620178047035e-05,,,,,,,,,,,,
3978.181971698397,0.0036250778382598387,0.006876476993108629,0.000560948353746711,0.0018598175006411355,0.0008308477929106117,6.714980125753849e-05,,,,,,,,,,,,
3983.4940813794656,0.003615600601666913,0.006852648711670194,0.0005594756904325573,0.0018507288194444524,0.0008280502835812283,6.701367724155982e-05,,,,,,,,,,,,
3988.813284378403,0.0036061481419249804,0.006828902999692376,0.0005580068933161068,0.0018416845534260685,0.0008252621936166359,6.687782917200809e-05,,,,,,,,,,,,
3994.139590166989,0.00359672039425859,0.006805239571056547,0.0005565419522473933,0.0018326844855349122,0.0008224834913013286,6.674225648949329e-05,,,,,,,,,,,,
3999.4730082296646,0.003587317294061615,0.006781658140635466,0.000555080857103093,0.0018237283997805886,0.00081971414502658,6.660695863575902e-05,,,,,,,,,,,,
4004.8135480635183,0.0035779387768968642,0.006758158424289994,0.0005536235977864659,0.0018148160812282476,0.0008169541232901019,6.647193505368108e-05,,,,,,,,,,,,
4010.161219178337,0.0035685847784955684,0.0067347401388655114,0.0005521701642272722,0.0018059473159933732,0.0008142033946956661,6.63371851872641e-05,,,,,,,,,,,,
4015.5160310965894,0.0035592552347570193,0.006711403002188643,0.0005507205463817152,0.0017971218912366984,0.0008114619279527671,6.620270848164024e-05,,,,,,,,,,,,
4020.877993353476,0.0035499500817480576,0.006688146733063738,0.0005492747342323614,0.0017883395951590456,0.0008087296918762462,6.606850438306646e-05,,,,,,,,,,,,
4026.2471154969144,0.0035406692557026984,0.006664971051269615,0.0005478327177880809,0.0017796002169963,0.0008060066553859569,6.593457233892184e-05,,,,,,,,,,,,
4031.6234070875867,0.0035314126930216364,0.006641875677556029,0.0005463944870839689,0.0017709035470142981,0.0008032927875063913,6.580091179770613e-05,,,,,,,,,,,,
4037.006877698926,0.0035221803302718565,0.006618860333640473,0.0005449600321812857,0.0017622493765038442,0.0008005880573663474,6.566752220903707e-05,,,,,,,,,,,,
4042.397536917164,0.0035129721041861624,0.0065959247422046645,0.000543529343167381,0.0017536374977756488,0.0007978924341985586,6.55344030236477e-05,,,,,,,,,,,,
4047.7953943413186,0.003503787951662784,0.006573068626891343,0.000542102410155631,0.0017450677041553999,0.000795205887339363,6.540155369338504e-05,,,,,,,,,,,,
4053.2004595832404,0.0034946278097648955,0.006550291712300816,0.0005406792232853635,0.0017365397899787515,0.0007925283862283359,6.526897367120681e-05,,,,,,,,,,,,
4058.6127422676022,0.003485491615720233,0.006527593723987758,0.000539259772721797,0.0017280535505864289,0.0007898599004079562,6.513666241118007e-05,,,,,,,,,,,,
4064.03225203193,0.0034763793069206316,0.006504974388457845,0.0005378440486559693,0.0017196087823193012,0.0007872003995232573,6.500461936847856e-05,,,,,,,,,,,,
4069.4589985266307,0.003467290820921596,0.0064824334331644124,0.0005364320413046661,0.0017112052825134715,0.0007845498533214715,6.487284399938008e-05,,,,,,,,,,,,
4074.89299141498,0.003458226095441907,0.006459970586505277,0.0005350237409103627,0.0017028428494954612,0.000781908231651703,6.474133576126518e-05,,,,,,,,,,,,
4080.3342403731754,0.0034491850683631433,0.006437585577819352,0.0005336191377411452,0.0016945212825773197,0.0007792755044645665,6.46100941126139e-05,,,,,,,,,,,,
4085.7827550903166,0.0034401676777293137,0.006415278137383512,0.000532218222090654,0.0016862403820518555,0.0007766516418118641,6.447911851300447e-05,,,,,,,,,,,,
4091.2385452684603,0.0034311738617463644,0.0063930479964091945,0.000530820984278007,0.0016779999491877927,0.0007740366138462256,6.43484084231102e-05,,,,,,,,,,,,
4096.701620622599,0.0034222035587818302,0.006370894887039319,0.000529427414647742,0.0016697997862250551,0.0007714303908207877,6.421796330469823e-05,,,,,,,,,,,,
4102.171990880717,0.003413256707364345,0.006348818542344901,0.0005280375035697406,0.0016616396963699714,0.0007688329430888371,6.408778262062622e-05,,,,,,,,,,,,
4107.64966578377,0.003404333246183278,0.006326818696321994,0.000526651241439172,0.0016535194837905968,0.0007662442411034922,6.395786583484127e-05,,,,,,,,,,,,
4113.134655085738,0.003395433114088261,0.006304895083888331,0.0005252686186764156,0.0016454389536119658,0.0007636642554173478,6.382821241237657e-05,,,,,,,,,,,,
4118.62696855361,0.0033865562500888136,0.006283047440880267,0.0005238896257270048,0.0016373979119114665,0.0007610929566821589,6.369882181935039e-05,,,,,,,,,,,,
4124.126615967432,0.003377702593353886,0.006261275504049472,0.0005225142530615521,0.0016293961657141394,0.0007585303156484888,6.356969352296269e-05,,,,,,,,,,,,
4129.633607120298,0.003368872083211483,0.006239579011059875,0.0005211424911756913,0.0016214335229880826,0.0007559763031653922,6.344082699149388e-05,,,,,,,,,,,,
4135.147951818378,0.003360064659148225,0.006217957700484445,0.000519774330590007,0.00161350979263983,0.0007534308901800743,6.331222169430231e-05,,,,,,,,,,,,
4140.66965988095,0.0033512802608089186,0.006196411311801998,0.0005184097618499687,0.0016056247845097453,0.0007508940477375605,6.318387710182159e-05,,,,,,,,,,,,
4146.198741140386,0.0033425188279961795,0.0061749395853941584,0.00051704877552587,0.0015977783093675002,0.0007483657469803735,6.30557926855594e-05,,,,,,,,,,,,
4151.735205442205,0.003333780300669981,0.006153542262542122,0.0005156913622127562,0.00158997017890749,0.0007458459591481941,6.292796791809424e-05,,,,,,,,,,,,
4157.279062645055,0.003325064618947288,0.0061322190854236625,0.0005143375125303682,0.0015822002057443545,0.0007433346555775492,6.280040227307418e-05,,,,,,,,,,,,
4162.830322620765,0.0033163717231015927,0.00611096979710988,0.0005129872171230685,0.0015744682034084373,0.0007408318077014683,6.267309522521426e-05,,,,,,,,,,,,
4168.38899525433,0.0033077015535625644,0.0060897941415622575,0.0005116404666597848,0.0015667739863413587,0.000738337387049176,6.2546046250294e-05,,,,,,,,,,,,
4173.955090443963,0.003299054050915573,0.0060686918636294294,0.0005102972518339391,0.0015591173698915168,0.0007358513652457509,6.241925482515598e-05,,,,,,,,,,,,
4179.528618101072,0.0032904291559013566,0.006047662709044228,0.0005089575633633887,0.0015514981703096985,0.0007333737140118205,6.229272042770335e-05,,,,,,,,,,,,
4185.109588150323,0.0032818268094155474,0.00602670642442054,0.0005076213919903557,0.0015439162047446253,0.0007309044051632212,6.216644253689718e-05,,,,,,,,,,,,
4190.698010529614,0.003273246952508325,0.006005822757250309,0.0005062887284813712,0.0015363712912386115,0.0007284434106106963,6.204042063275535e-05,,,,,,,,,,,,
4196.293895190131,0.0032646895263839593,0.005985011455900421,0.0005049595636272023,0.0015288632487231548,0.0007259907023595579,6.191465419634928e-05,,,,,,,,,,,,
4201.897252096333,0.003256154472400445,0.005964272269609765,0.0005036338882427962,0.0015213918970146244,0.0007235462525093853,6.178914270980276e-05,,,,,,,,,,,,
4207.50809122599,0.0032476417320690975,0.005943604948486164,0.0005023116931672153,0.0015139570568099246,0.0007211100332536972,6.166388565628938e-05,,,,,,,,,,,,
4213.126422570203,0.003239151247054118,0.005923009243503317,0.0005009929692635673,0.0015065585496821712,0.0007186820168796363,6.153888252003004e-05,,,,,,,,,,,,
4218.7522561334,0.003230682959172246,0.005902484906497899,0.0004996777074189521,0.001499196198076452,0.0007162621757676594,6.141413278629175e-05,,,,,,,,,,,,
4224.385601933383,0.003222236810392308,0.005882031690166464,0.0004983658985443894,0.001491869825305522,0.0007138504823912167,6.128963594138443e-05,,,,,,,,,,,,
4230.026470001317,0.0032138127428348626,0.005861649348062585,0.0004970575335747644,0.0014845792555456035,0.0007114469093164453,6.116539147265986e-05,,,,,,,,,,,,
4235.674870381774,0.003205410698771768,0.005841337634593745,0.0004957526034687566,0.0014773243138321227,0.000709051429201848,6.104139886850855e-05,,,,,,,,,,,,
4241.330813132727,0.0031970306206258277,0.005821096305018524,0.0004944510992087876,0.0014701048260555578,0.0007066640147979957,6.09176576183586e-05,,,,,,,,,,,,
4246.994308325592,0.0031886724509703466,0.005800925115443511,0.0004931530118009466,0.0014629206189572172,0.000704284638947201,6.079416721267265e-05,,,,,,,,,,,,
4252.665366045219,0.0031803361325287924,0.005780823822820484,0.0004918583322749397,0.0014557715201251212,0.0007019132745832265,6.067092714294675e-05,,,,,,,,,,,,
4258.343996389942,0.0031720216081743374,0.0057607921849433755,0.000490567051684019,0.001448657357989822,0.0006995498947309596,6.054793690170729e-05,,,,,,,,,,,,
4264.03020947156,0.00316372882092954,0.005740829960445475,0.0004892791611049279,0.0014415779618203329,0.0006971944725061233,6.042519598250986e-05,,,,,,,,,,,,
4269.724015415392,0.003155457713965889,0.005720936908796379,0.0004879946516378323,0.0014345331617199816,0.0006948469811149522,6.0302703879936236e-05,,,,,,,,,,,,
4275.425424360266,0.0031472082306034615,0.005701112790299227,0.0004867135144062669,0.0014275227886223804,0.0006925073938539041,6.0180460089593116e-05,,,,,,,,,,,,
4281.134446458549,0.0031389803143105203,0.0056813573660877284,0.0004854357405570687,0.0014205466742873419,0.0006901756841093485,6.005846410810968e-05,,,,,,,,,,,,
4286.851091876174,0.0031307739087030927,0.0056616703981233,0.0004841613212603143,0.0014136046512968306,0.0006878518253572583,5.993671543313518e-05,,,,,,,,,,,,
4292.575370792635,0.003122588957544648,0.0056420516491922324,0.00048289024770926573,0.0014066965530509837,0.0006855357911629226,5.98152135633377e-05,,,,,,,,,,,,
4298.307293401034,0.0031144254047456507,0.005622500882902764,0.00048162251112030143,0.0013998222137640653,0.0006832275551806301,5.96939579984011e-05,,,,,,,,,,,,
4304.046869908068,0.003106283194363228,0.005603017863682335,0.0004803581027328634,0.0013929814684605392,0.0006809270911533823,5.9572948239023866e-05,,,,,,,,,,,,
4309.794110534081,0.0030981622706007382,0.00558360235677462,0.0004790970138093886,0.0013861741529710566,0.0006786343729125859,5.945218378691662e-05,,,,,,,,,,,,
4315.549025513043,0.0030900625778074293,0.005564254128236841,0.000477839235635258,0.001379400103928566,0.0006763493743777617,5.933166414479976e-05,,,,,,,,,,,,
4321.3116250926105,0.003081984060478023,0.0055449729449368055,0.00047658475951872586,0.0013726591587643448,0.0006740720695562418,5.9211388816402116e-05,,,,,,,,,,,,
4327.081919534107,0.0030739266632523747,0.005525758574550226,0.0004753335767908694,0.0013659511557041492,0.0006718024325428806,5.9091357306458516e-05,,,,,,,,,,,,
4332.859919112573,0.0030658903309150444,0.0055066107855578075,0.0004740856788055204,0.0013592759337642784,0.0006695404375197513,5.897156912070745e-05,,,,,,,,,,,,
4338.645634116758,0.003057875008394968,0.005487529347242559,0.00047284105693921256,0.0013526333327477547,0.0006672860587558625,5.88520237658897e-05,,,,,,,,,,,,
4344.439074849149,0.003049880640765046,0.005468514029686966,0.00047159970259111843,0.0013460231932404627,0.0006650392706068606,5.8732720749745964e-05,,,,,,,,,,,,
4350.240251626004,0.003041907173241769,0.0054495646037701784,0.0004703616071829887,0.0013394453566073043,0.0006628000475147318,5.861365958101449e-05,,,,,,,,,,,,
4356.049174777338,0.0030339545511848735,0.005430680841165341,0.00046912676215909733,0.0013328996649884363,0.0006605683640075257,5.849483976942986e-05,,,,,,,,,,,,
4361.865854646979,0.0030260227200969193,0.005411862514336745,0.0004678951589861761,0.0013263859612954291,0.0006583441946990491,5.837626082572004e-05,,,,,,,,,,,,
4367.690301592547,0.0030181116256229696,0.0053931093965371955,0.00046666678915336323,0.0013199040892075472,0.0006561275142885939,5.825792226160531e-05,,,,,,,,,,,,
4373.522525985514,0.003010221213550157,0.0053744212618051556,0.0004654416441721368,0.0013134538931679504,0.0006539182975606322,5.813982358979528e-05,,,,,,,,,,,,
4379.36253821118,0.0030023514298073805,0.005355797884962149,0.00046421971557626305,0.0013070352183800098,0.0006517165193845468,5.802196432398789e-05,,,,,,,,,,,,
4385.210348668732,0.0029945022204648708,0.005337239041609929,0.0004630009949217325,0.001300647910803542,0.0006495221547143288,5.7904343978866387e-05,,,,,,,,,,,,
4391.065967771225,0.0029866735317338753,0.005318744508127872,0.0004617854737867062,0.0012942918171511592,0.0006473351785883062,5.778696207009833e-05,,,,,,,,,,,,
4396.929405945635,0.0029788653099662435,0.0053003140616702145,0.0004605731437714517,0.0012879667848845486,0.000645155566128851,5.766981811433263e-05,,,,,,,,,,,,
4402.800673632847,0.002971077501654094,0.005281947480163424,0.00045936399649829226,0.0012816726622108508,0.0006429832925421016,5.755291162919851e-05,,,,,,,,,,,,
4408.679781287703,0.0029633100534294204,0.005263644542303452,0.00045815802361154145,0.0012754092980789816,0.000640818333117677,5.7436242133302534e-05,,,,,,,,,,,,
4414.566739378992,0.002955562912063753,0.005245405027553149,0.00045695521677745134,0.0012691765421760347,0.0006386606632283979,5.731980914622753e-05,,,,,,,,,,,,
4420.461558389483,0.002947836024467781,0.005227228716139572,0.0004557555676841542,0.0012629742449236643,0.0006365102583300089,5.720361218853019e-05,,,,,,,,,,,,
4426.364248815957,0.0029401293376909716,0.005209115389051286,0.00045455906804159926,0.0012568022574744775,0.0006343670939608901,5.7087650781738764e-05,,,,,,,,,,,,
4432.274821169191,0.0029324427989212403,0.005191064828035825,0.0004533657095815039,0.0012506604317085032,0.0006322311457417927,5.697192444835192e-05,,,,,,,,,,,,
4438.193285974016,0.0029247763554845554,0.005173076815596957,0.00045217548405728853,0.0012445486202295887,0.0006301023893755465,5.6856432711835844e-05,,,,,,,,,,,,
4444.119653769302,0.0029171299548446158,0.005155151134992173,0.0004509883832440272,0.0012384666763619082,0.0006279808006467991,5.6741175096623186e-05,,,,,,,,,,,,
4450.053935108005,0.002909503544602447,0.005137287570229955,0.00044980439893838275,0.0012324144541464013,0.0006258663554217244,5.662615112811019e-05,,,,,,,,,,,,
4455.9961405571585,0.00290189707249608,0.005119485906067301,0.0004486235229585593,0.0012263918083373084,0.0006237590296477642,5.651136033265568e-05,,,,,,,,,,,,
4461.94628069792,0.0028943104864001612,0.005101745928007006,0.0004474457471442359,0.001220398594398651,0.0006216587993533387,5.6396802237578146e-05,,,,,,,,,,,,
4467.904366125563,0.0028867437343256326,0.005084067422295186,0.00044627106335651875,0.0012144346685007948,0.0006195656406475896,5.6282476371154655e-05,,,,,,,,,,,,
4473.870407449523,0.0028791967644193305,0.005066450175918609,0.0004450994634778778,0.0012084998875169627,0.0006174795297200925,5.61683822626184e-05,,,,,,,,,,,,
4479.844415293386,0.002871669524963676,0.0050488939766022275,0.0004439309394120976,0.0012025941090198383,0.0006154004428406019,5.6054519442157015e-05,,,,,,,,,,,,
4485.826400294942,0.002864161964376279,0.005031398612806508,0.00044276548308421355,0.0011967171912781122,0.0006133283563587659,5.594088744091019e-05,,,,,,,,,,,,
4491.816373106172,0.0028566740312096126,0.005013963873724991,0.0004416030864404647,0.0011908689932531085,0.0006112632467038688,5.582748579096842e-05,,,,,,,,,,,,
4497.814344393282,0.00284920567415066,0.004996589549281681,0.000440443741448232,0.0011850493745953897,0.0006092050903845605,5.571431402537071e-05,,,,,,,,,,,,
4503.820324836731,0.0028417568420205353,0.004979275430128525,0.00043928744009598267,0.0011792581956413723,0.0006071538639885814,5.5601371678102356e-05,,,,,,,,,,,,
4509.8343251312235,0.0028343274837741776,0.004962021307642924,0.0004381341743932199,0.001173495317410009,0.0006051095441825095,5.548865828409379e-05,,,,,,,,,,,,
4515.856355985765,0.002826917548499945,0.004944826973925156,0.00043698393637042103,0.0011677606015994184,0.0006030721077114804,5.5376173379217755e-05,,,,,,,,,,,,
4521.886428123638,0.0028195269854193275,0.004927692221795968,0.00043583671807898895,0.0011620539105835976,0.0006010415313989375,5.5263916500288336e-05,,,,,,,,,,,,
4527.924552282467,0.002812155743886543,0.004910616844793958,0.0004346925115911919,0.0011563751074090858,0.0005990177921463535,5.515188718505809e-05,,,,,,,,,,,,
4533.970739214193,0.0028048037733882374,0.004893600637173216,0.0004335513090001131,0.001150724055791714,0.0005970008669329824,5.504008497221712e-05,,,,,,,,,,,,
4540.0249996851335,0.002797471023543097,0.004876643393900719,0.0004324131024195906,0.0011451006201132995,0.0005949907328155831,5.492850940139018e-05,,,,,,,,,,,,
4546.0873444759645,0.002790157444101537,0.004859744910653973,0.0004312778839841698,0.0011395046654184237,0.0005929873669281727,5.4817160013135785e-05,,,,,,,,,,,,
4552.157784381775,0.002782862984945328,0.0048429049838184515,0.00043014564584904183,0.001133936057411159,0.0005909907464817523,5.4706036348943327e-05,,,,,,,,,,,,
4558.236330212051,0.002775587596087288,0.0048261234104852455,0.00042901638018999624,0.0011283946624518824,0.0005890008487640618,5.459513795123214e-05,,,,,,,,,,,,
4564.322992790732,0.0027683312276708966,0.004809399988448505,0.0004278900792033597,0.0011228803475540343,0.0005870176511393073,5.448446436334871e-05,,,,,,,,,,,,
4570.417782956195,0.0027610938299699947,0.00479273451620311,0.00042676673510594993,0.0011173929803809535,0.0005850411310479171,5.4374015129565574e-05,,,,,,,,,,,,
4576.52071156129,0.0027538753533884173,0.004776126792942177,0.00042564634013501657,0.0011119324292426917,0.0005830712660062761,5.426378979507908e-05,,,,,,,,,,,,
4582.631789473374,0.002746675748459653,0.004759576618554629,0.0004245288865481866,0.0011064985630928376,0.0005811080336064719,5.415378790600724e-05,,,,,,,,,,,,
4588.751027574295,0.0027394949658465324,0.004743083793622865,0.00042341436662341684,0.0011010912515254038,0.0005791514115160432,5.404400900938857e-05,,,,,,,,,,,,
4594.878436760453,0.0027323329563408495,0.004726648119420243,0.00042230277265893314,0.0010957103647716653,0.000577201377477719,5.3934452653179414e-05,,,,,,,,,,,,
4601.014027942777,0.00272518967086307,0.004710269397908806,0.0004211940969731841,0.0010903557736970735,0.0005752579093091759,5.3825118386252896e-05,,,,,,,,,,,,
4607.157812046784,0.0027180650604619414,0.004693947431736778,0.0004200883319047825,0.001085027349798127,0.000573320984902773,5.3716005758396213e-05,,,,,,,,,,,,
4613.309800012563,0.0027109590763142164,0.0046776820242363,0.0004189854698124569,0.0010797249651993202,0.0005713905822253136,5.360711432030968e-05,,,,,,,,,,,,
4619.470002794828,0.0027038716697242652,0.004661472979420952,0.0004178855030749935,0.001074448492650044,0.0005694666793177811,5.349844362360395e-05,,,,,,,,,,,,
4625.638431362906,0.002696802792123786,0.004645320101983486,0.00041678842409119,0.0010691978055215605,0.0005675492542951031,5.338999322079899e-05,,,,,,,,,,,,
4631.815096700785,0.0026897523950714353,0.00462922319729339,0.0004156942252797961,0.001063972777803933,0.0005656382853458884,5.3281762665321874e-05,,,,,,,,,,,,
4638.000009807106,0.002682720430252523,0.004613182071394631,0.00041460289907946775,0.0010587732841030352,0.0005637337507321932,5.3173751511504625e-05,,,,,,,,,,,,
4644.193181695212,0.0026757068494786588,0.0045971965310032175,0.00041351443794870955,0.0010535991996375108,0.0005618356287892588,5.306595931458305e-05,,,,,,,,,,,,
4650.39462339314,0.002668711604687448,0.004581266383504968,0.0004124288343658262,0.0010484504002358035,0.0005599438979252796,5.2958385630694434e-05,,,,,,,,,,,,
4656.604345943652,0.0026617346479421464,0.004565391436953132,0.00041134608082886963,0.001043326762333168,0.000558058536621148,5.2851030016875994e-05,,,,,,,,,,,,
4662.822360404271,0.002654775931431321,0.004549571500066061,0.00041026616985558403,0.0010382281629686902,0.0005561795234302111,5.274389203106254e-05,,,,,,,,,,,,
4669.048677847265,0.0026478354074685475,0.004533806382224987,0.00040918909398336033,0.001033154479782366,0.0005543068369780308,5.2636971232085494e-05,,,,,,,,,,,,
4675.2833093597055,0.0026409130284920585,0.004518095893471615,0.00040811484576917735,0.0010281055910121345,0.0005524404559621352,5.2530267179670146e-05,,,,,,,,,,,,
4681.526266043451,0.002634008747064448,0.004502439844505945,0.00040704341778955864,0.001023081375490984,0.000550580359151782,5.242377943443473e-05,,,,,,,,,,,,
4687.777559015202,0.0026271225158723058,0.004486838046683888,0.0004059748026405122,0.0010180817126440131,0.0005487265253877094,5.2317507557887755e-05,,,,,,,,,,,,
4694.037199406487,0.0026202542877259423,0.004471290312015082,0.0004049089929374875,0.0010131064824855708,0.0005468789335819061,5.2211451112427055e-05,,,,,,,,,,,,
4700.305198363714,0.002613404015559006,0.004455796453160549,0.00040384598131531737,0.0010081555656163456,0.0005450375627173587,5.2105609661337144e-05,,,,,,,,,,,,
4706.581567048158,0.002606571652428226,0.004440356283430522,0.00040278576042817395,0.0010032288432205287,0.0005432023918478257,5.199998276878823e-05,,,,,,,,,,,,
4712.866316636016,0.0025997571515130303,0.004424969616782095,0.00040172832294951057,0.0009983261970629325,0.0005413734000975862,5.189456999983362e-05,,,,,,,,,,,,
4719.159458318395,0.002592960466115271,0.004409636267817084,0.0004006736615720189,0.0009934475094861815,0.0005395505666612139,5.178937092040865e-05,,,,,,,,,,,,
4725.461003301346,0.002586181549658888,0.004394356051779723,0.0003996217690075731,0.0009885926634078752,0.0005377338708033357,5.168438509732855e-05,,,,,,,,,,,,
4731.7709628058965,0.0025794203556895627,0.004379128784554451,0.00039857263798717907,0.0009837615423177702,0.0005359232918583903,5.157961209828641e-05,,,,,,,,,,,,
4738.08934806804,0.002572676837874454,0.004363954282663727,0.0003975262612609293,0.0009789540302750058,0.0005341188092304053,5.1475051491852073e-05,,,,,,,,,,,,
4744.41617033879,0.002565950950001828,0.004348832363265754,0.0003964826315979461,0.0009741700119052947,0.0005323204023927494,5.137070284746956e-05,,,,,,,,,,,,
4750.751440884169,0.002559242645980785,0.004333762844152368,0.0003954417417863382,0.0009694093723981827,0.0005305280508879122,5.1266565735456115e-05,,,,,,,,,,,,
4757.095170985258,0.002552551879840906,0.0043187455437467374,0.00039440358463314564,0.0009646719975042663,0.0005287417343272588,5.1162639726999594e-05,,,,,,,,,,,,
4763.447371938184,0.002545878605731966,0.004303780281101279,0.00039336815296429407,0.0009599577735324766,0.0005269614323908082,5.1058924394157565e-05,,,,,,,,,,,,
4769.808055054178,0.0025392227779235973,0.004288866875895381,0.00039233543962454077,0.0009552665873473232,0.0005251871248269952,5.0955419309854676e-05,,,,,,,,,,,,
4776.177231659555,0.0025325843508050053,0.004274005148433313,0.0003913054374774307,0.0009505983263662082,0.000523418791452445,5.0852124047881756e-05,,,,,,,,,,,,
4782.554913095773,0.002525963278884618,0.004259194919641989,0.00039027813940524124,0.0009459528785566976,0.0005216564121517391,5.07490381828932e-05,,,,,,,,,,,,
4788.941110719416,0.0025193595167898168,0.004244436011068889,0.00038925353830893865,0.0009413301324338573,0.0005198999668771913,5.064616129040598e-05,,,,,,,,,,,,
4795.335835902251,0.002512773019266575,0.004229728244879812,0.0003882316271081244,0.000936729977057551,0.0005181494356486128,5.054349294679756e-05,,,,,,,,,,,,
4801.739100031216,0.0025062037411791994,0.004215071443856832,0.0003872123987409894,0.0009321523020298038,0.0005164047985530934,5.044103272930384e-05,,,,,,,,,,,,
4808.150914508455,0.002499651637509995,0.0042004654313961024,0.00038619584616426445,0.0009275969974921396,0.0005146660357447709,5.033878021601806e-05,,,,,,,,,,,,
4814.571290751348,0.002493116663358944,0.004185910031505714,0.00038518196235316863,0.000923063954122938,0.0005129331274446003,5.0236734985888725e-05,,,,,,,,,,,,
4821.000240192507,0.0024865987739434345,0.0041714050688036524,0.00038417074030136646,0.0009185530631348308,0.0005112060539401398,5.013489661871757e-05,,,,,,,,,,,,
4827.437774279824,0.002480097924597906,0.004156950368515582,0.0003831621730209132,0.0009140642162720655,0.0005094847955853149,5.003326469515847e-05,,,,,,,,,,,,
4833.883904476463,0.0024736140707735965,0.004142545756472845,0.00038215625354221216,0.0009095973058079347,0.0005077693328002058,4.993183879671537e-05,,,,,,,,,,,,
4840.338642260911,0.002467147168038188,0.00412819105911026,0.00038115297491396233,0.0009051522245421651,0.0005060596460708139,4.983061850574027e-05,,,,,,,,,,,,
4846.801999126965,0.0024606971720755435,0.00411388610346413,0.0003801523302031137,0.0009007288657983695,0.000504355715948851,4.972960340543223e-05,,,,,,,,,,,,
4853.273986583786,0.0024542640386853677,0.0040996307171700655,0.00037915431249481516,0.0008963271234214593,0.0005026575230515064,4.962879307983482e-05,,,,,,,,,,,,
4859.754616155888,0.002447847723782933,0.00408542472846099,0.0003781589148923721,0.0008919468917751261,0.0005009650480612385,4.952818711383525e-05,,,,,,,,,,,,
4866.24389938319,0.002441448183398751,0.004071267966164992,0.00037716613051719304,0.0008875880657392801,0.000499278271725543,4.9427785093161786e-05,,,,,,,,,,,,
4872.741847821004,0.002435065373678304,0.004057160259703351,0.0003761759525087475,0.0008832505407075515,0.0004975971748567444,4.932758660438295e-05,,,,,,,,,,,,
4879.248473040088,0.0024286992508817055,0.004043101439088382,0.00037518837402451404,0.0008789342125847537,0.0004959217383317703,4.9227591234904915e-05,,,,,,,,,,,,
4885.763786626639,0.0024223497713834366,0.004029091334921483,0.00037420338823993617,0.0008746389777844108,0.0004942519430919376,4.912779857297058e-05,,,,,,,,,,,,
4892.287800182322,0.0024160168916720253,0.004015129778391035,0.0003732209883483744,0.0008703647332262593,0.0004925877701427371,4.9028208207657535e-05,,,,,,,,,,,,
4898.820525324311,0.002409700568349745,0.00400121660127036,0.00037224116756105644,0.0008661113763337671,0.0004909292005536099,4.892881972887607e-05,,,,,,,,,,,,
4905.3619736852725,0.0024034007581323446,0.003987351635915761,0.0003712639191070357,0.0008618788050316916,0.0004892762154577435,4.882963272736821e-05,,,,,,,,,,,,
4911.912156913426,0.002397117417848713,0.003973534715264408,0.0003702892362331379,0.0008576669177436052,0.00048762879605184503,4.873064679470521e-05,,,,,,,,,,,,
4918.471086672524,0.002390850504440626,0.003959765672832427,0.00036931711220392234,0.0008534756133894838,0.000485986923595939,4.863186152328668e-05,,,,,,,,,,,,
4925.038774641915,0.002384599974962402,0.003946044342712795,0.00036834754030162656,0.0008493047913832565,0.0004843505794131426,4.85332765063381e-05,,,,,,,,,,,,
4931.615232516521,0.0023783657865806608,0.0039323705595734225,0.0003673805138261278,0.000845154351630415,0.00048271974488946527,4.8434891337909965e-05,,,,,,,,,,,,
4938.2004720069035,0.002372147896573983,0.003918744158655094,0.00036641602609489013,0.0008410241945255861,0.0004810944014735845,4.833670561287528e-05,,,,,,,,,,,,
4944.79450483924,0.0023659462623326563,0.003905164975769559,0.00036545407044292447,0.0008369142209501678,0.0004794745306766472,4.823871892692872e-05,,,,,,,,,,,,
4951.397342755385,0.0023597608413583496,0.00389163284729746,0.0003644946402227359,0.0008328243322699268,0.00047786011407204725,4.814093087658415e-05,,,,,,,,,,,,
4958.008997512851,0.0023535915912638486,0.0038781476101864597,0.0003635377288042854,0.0008287544303326528,0.00047625113329522785,4.8043341059173695e-05,,,,,,,,,,,,
4964.629480884875,0.0023474384697727427,0.0038647091019491818,0.00036258332957493574,0.0008247044174657798,0.0004746475700434612,4.794594907284571e-05,,,,,,,,,,,,
4971.258804660396,0.0023413014347191583,0.0038513171606613375,0.0003616314359394126,0.0008206741964740649,0.00047304940607564876,4.7848754516562923e-05,,,,,,,,,,,,
4977.8969806440955,0.0023351804440474586,0.0038379716249597236,0.00036068204131975613,0.0008166636706372444,0.00047145662321211227,4.775175699010128e-05,,,,,,,,,,,,
4984.5440206564335,0.002329075455811943,0.0038246723340402684,0.00035973513915527365,0.0008126727437077064,0.0004698692033343804,4.76549560940481e-05,,,,,,,,,,,,
4991.199936533634,0.002322986428176585,0.0038114191276561586,0.0003587907229024987,0.0008087013199081988,0.0004682871283849937,4.755835142980003e-05,,,,,,,,,,,,
4997.864740127748,0.002316913319414718,0.0037982118461158195,0.00035784878603514184,0.0008047493039295081,0.00046671038036728716,4.74619425995621e-05,,,,,,,,,,,,
5004.5384433066265,0.002310856087908782,0.0037850503302810845,0.0003569093220440488,0.0008008166009281965,0.00046513894134519746,4.73657292063457e-05,,,,,,,,,,,,
5011.221057953995,0.0023048146921500006,0.0037719344215651875,0.0003559723244371514,0.0007969031165243027,0.0004635727934430472,4.7269710853966705e-05,,,,,,,,,,,,
5017.912595969424,0.002298789090738138,0.0037588639619309306,0.00035503778673942794,0.0007930087567990986,0.0004620119188453529,4.717388714704452e-05,,,,,,,,,,,,
5024.613069268394,0.002292779242381165,0.00374583879388871,0.000354105702492853,0.0007891334282928123,0.00046045629979661135,4.707825769099964e-05,,,,,,,,,,,,
5031.322489782275,0.002286785105895034,0.0037328587604946936,0.0003531760652563578,0.0007852770380024091,0.0004589059186011085,4.698282209205286e-05,,,,,,,,,,,,
5038.040869458391,0.002280806640203343,0.0037199237053488453,0.0003522488686057816,0.0007814394933793377,0.0004573607576227072,4.688757995722281e-05,,,,,,,,,,,,
5044.7682202600045,0.002274843804337093,0.0037070334725931202,0.0003513241061338302,0.0007776207023273264,0.00045582079928465686,4.679253089432508e-05,,,,,,,,,,,,
5051.504554166351,0.002268896557434395,0.0036941879069095416,0.00035040177145003094,0.0007738205732001666,0.0004542860260693867,4.669767451197026e-05,,,,,,,,,,,,
5058.24988317268,0.0022629648587401668,0.0036813868535183147,0.00034948185818068576,0.0007700390147995029,0.0004527564205183079,4.660301041956209e-05,,,,,,,,,,,,
5065.004219290235,0.0022570486676058996,0.0036686301581760274,0.0003485643599688327,0.0007662759363726661,0.0004512319652316172,4.650853822729648e-05,,,,,,,,,,,,
5071.767574546318,0.0022511479434893333,0.0036559176671737046,0.0003476492704741953,0.000762531247610473,0.0004497126428680958,4.6414257546159156e-05,,,,,,,,,,,,
5078.539960984276,0.0022452626459542185,0.0036432492273350474,0.00034673658337314644,0.0007588048586450796,0.00044819843614491583,4.6320167987924824e-05,,,,,,,,,,,,
5085.321390663553,0.0022393927346700034,0.0036306246860144955,0.00034582629235865636,0.0007550966800478023,0.0004466893278374382,4.622626916515482e-05,,,,,,,,,,,,
5092.111875659677,0.0022335381694115874,0.0036180438910954796,0.0003449183911402566,0.0007514066228269961,0.00044518530077902486,4.613256069119625e-05,,,,,,,,,,,,
5098.911428064322,0.0022276989100590196,0.0036055066909885017,0.00034401287344399024,0.0007477345984258933,0.00044368633786083354,4.603904218017966e-05,,,,,,,,,,,,
5105.720059985287,0.002221874916597254,0.0035930129346293835,0.00034310973301237413,0.0007440805187205059,0.00044219242203163365,4.594571324701819e-05,,,,,,,,,,,,
5112.537783546559,0.0022160661491158395,0.003580562471477378,0.00034220896360435027,0.0007404442960174816,0.0004407035362976017,4.585257350740524e-05,,,,,,,,,,,,
5119.364610888293,0.0022102725678086856,0.003568155151513433,0.0003413105589952478,0.0007368258430520268,0.0004392196637221386,4.575962257781366e-05,,,,,,,,,,,,
5126.200554166879,0.0022044941329737435,0.0035557908252382927,0.00034041451297673583,0.0007332250729857865,0.0004377407874256664,4.566686007549336e-05,,,,,,,,,,,,
5133.045625554919,0.0021987308050127807,0.003543469343670785,0.0003395208193567833,0.0007296418994047845,0.0004362668905854456,4.5574285618470465e-05,,,,,,,,,,,,
5139.8998372412725,0.0021929825444310857,0.003531190558345971,0.00033862947195961545,0.000726076236317336,0.0004347979564353798,4.548189882554541e-05,,,,,,,,,,,,
5146.76320143109,0.002187249311837187,0.003518954321313351,0.0003377404646256687,0.0007225279981519779,0.0004333339682658209,4.538969931629112e-05,,,,,,,,,,,,
5153.635730345799,0.002181531067942617,0.0035067604851351402,0.0003368537912115533,0.0007189970997554354,0.00043187490942338854,4.5297686711051965e-05,,,,,,,,,,,,
5160.5174362231655,0.002175827773561596,0.003494608902884411,0.0003359694455900043,0.000715483456390554,0.00043042076331077005,4.5205860630941965e-05,,,,,,,,,,,,
5167.408331317278,0.0021701393896108156,0.003482499428143408,0.00033508742164984674,0.000711986983734292,0.00042897151338654063,4.511422069784291e-05,,,,,,,,,,,,
5174.308427898609,0.002164465877109125,0.0034704319150017002,0.00033420771329594563,0.0007085075978756697,0.000427527143164969,4.502276653440339e-05,,,,,,,,,,,,
5181.217738253992,0.0021588071971773005,0.0034584062180544974,0.00033333031444917054,0.0007050452153137816,0.00042608763621583394,4.4931497764036946e-05,,,,,,,,,,,,
5188.136274686692,0.002153163311037748,0.003446422192400831,0.00033245521904634806,0.0007015997529557674,0.0004246529761642341,4.484041401092025e-05,,,,,,,,,,,,
5195.064049516378,0.002147534180014263,0.0034344796936418816,0.00033158242104022506,0.0006981711281148446,0.0004232231466904053,4.4749514899992185e-05,,,,,,,,,,,,
5202.001075079195,0.0021419197655317425,0.0034225785778791555,0.00033071191439942144,0.0006947592585082961,0.0004217981315295295,4.46588000569516e-05,,,,,,,,,,,,
5208.947363727735,0.002136320029115948,0.003410718701712836,0.0003298436931083949,0.000691364062255522,0.00042037791447155793,4.4568269108256476e-05,,,,,,,,,,,,
5215.90292783111,0.0021307349323932113,0.0033988999222399723,0.0003289777511673922,0.0006879854578760503,0.00041896247936101675,4.447792168112165e-05,,,,,,,,,,,,
5222.867779774928,0.0021251644370901927,0.0033871220970528347,0.00032811408259241366,0.0006846233642876014,0.00041755181009683234,4.4387757403517935e-05,,,,,,,,,,,,
5229.8419319613395,0.0021196085050336198,0.0033753850842371514,0.0003272526814151694,0.0006812777008041357,0.00041614589063214424,4.429777590417033e-05,,,,,,,,,,,,
5236.82539680907,0.0021140670981500023,0.0033636887423703896,0.00032639354168303617,0.0006779483871339055,0.0004147447049741189,4.420797681255616e-05,,,,,,,,,,,,
5243.818186753407,0.002108540178465406,0.00335203293052011,0.0003255366574590205,0.0006746353433775497,0.0004133482371837764,4.411835975890427e-05,,,,,,,,,,,,
5250.8203142462635,0.0021030277081051578,0.0033404175082421906,0.00032468202282171383,0.0006713384900261532,0.00041195647137579934,4.4028924374192695e-05,,,,,,,,,,,,
5257.831791756161,0.002097529649293614,0.0033288423355792135,0.00032382963186525465,0.0006680577479593634,0.00041056939171836196,4.393967029014793e-05,,,,,,,,,,,,
5264.852631768286,0.002092045964353879,0.0033173072730587035,0.0003229794786992839,0.0006647930384434654,0.0004091869824329407,4.385059713924264e-05,,,,,,,,,,,,
5271.882846784482,0.0020865766157075723,0.003305812181691514,0.0003221315574489092,0.0006615442831295172,0.00040780922779414214,4.376170455469488e-05,,,,,,,,,,,,
5278.922449323305,0.0020811215658745404,0.0032943569229700906,0.00032128586225465893,0.0006583114040514466,0.0004064361121295194,4.367299217046593e-05,,,,,,,,,,,,
5285.971451920003,0.0020756807774726343,0.0032829413588668717,0.00032044238727244674,0.0006550943236242014,0.000405067619819397,4.358445962125939e-05,,,,,,,,,,,,
5293.029867126588,0.002070254213217413,0.0032715653518325463,0.0003196011266735271,0.0006518929646418686,0.0004037037352966901,4.349610654251904e-05,,,,,,,,,,,,
5300.097707511809,0.002064841835921932,0.003260228764794478,0.0003187620746444584,0.0006487072502758391,0.0004023444430467313,4.340793257042806e-05,,,,,,,,,,,,
5307.1749856612205,0.002059443608496449,0.0032489314611549754,0.00031792522538705894,0.0006455371040729448,0.00040098972760708844,4.3319937341906746e-05,,,,,,,,,,,,
5314.261714177166,0.0020540594939482,0.003237673304789704,0.0003170905731183708,0.000642382449953642,0.00039963957356739565,4.323212049461172e-05,,,,,,,,,,,,
5321.3579056788185,0.0020486894553811345,0.0032264541600460356,0.00031625811207061834,0.0006392432122101771,0.0003982939655691744,4.314448166693413e-05,,,,,,,,,,,,
5328.463572802216,0.0020433334559956428,0.003215273891741371,0.0003154278364911657,0.0006361193155047643,0.00039695288830565554,4.305702049799788e-05,,,,,,,,,,,,
5335.5787282002475,0.0020379914590883453,0.0032041323651615834,0.000314599740642483,0.0006330106848677921,0.00039561632652161335,4.2969736627658815e-05,,,,,,,,,,,,
5342.703384542721,0.0020326634280517994,0.003193029446059316,0.00031377381880209974,0.0006299172456960056,0.00039428426501318247,4.2882629696502475e-05,,,,,,,,,,,,
5349.837554516342,0.0020273493263742843,0.0031819650006524435,0.0003129500652625715,0.000626838923750736,0.0003929566886276946,4.2795699345843266e-05,,,,,,,,,,,,
5356.981250824773,0.0020220491176395185,0.003170938895622385,0.00031212847433143514,0.0006237756451561006,0.0003916335822634965,4.270894521772263e-05,,,,,,,,,,,,
5364.134486188625,0.002016762765526436,0.0031599509981125634,0.00031130904033117445,0.0006207273363972465,0.00039031493086978783,4.262236695490774e-05,,,,,,,,,,,,
5371.297273345511,0.002011490233808918,0.0031490011757267446,0.00031049175759917576,0.000617693924318569,0.0003890007194464402,4.2535964200889654e-05,,,,,,,,,,,,
5378.469625050034,0.0020062314863555654,0.0031380892965275076,0.0003096766204876949,0.000614675336121974,0.00038769093304383647,4.244973659988251e-05,,,,,,,,,,,,
5385.65155407385,0.002000986487129426,0.0031272152290345813,0.0003088636233638113,0.0006116714993651144,0.00038638555676269107,4.236368379682133e-05,,,,,,,,,,,,
5392.843073205647,0.0019957552001877766,0.003116378842223336,0.00030805276060939547,0.0006086823419596671,0.00038508457575388836,4.227780543736125e-05,,,,,,,,,,,,
5400.04419525121,0.00199053758968184,0.0031055800055231337,0.0003072440266210646,0.0006057077921695857,0.0003837879752183086,4.2192101167875386e-05,,,,,,,,,,,,
5407.2549330334095,0.0019853336198565785,0.0030948185888158048,0.0003064374158101485,0.0006027477786093959,0.00038249574040666204,4.2106570635453975e-05,,,,,,,,,,,,
5414.475299392239,0.0019801432550504293,0.0030840944624340744,0.0003056329226026486,0.0005998022302424739,0.00038120785661932246,4.202121348790266e-05,,,,,,,,,,,,
5421.705307184851,0.001974966459695048,0.003073407497159957,0.0003048305414391989,0.0005968710763793373,0.00037992430920615397,4.193602937374077e-05,,,,,,,,,,,,
5428.944969285547,0.0019698031983150974,0.00306275756422327,0.00030403026677502997,0.0005939542466759615,0.00037864508356635316,4.185101794220052e-05,,,,,,,,,,,,
5436.19429858584,0.0019646534355279633,0.003052144535300008,0.00030323209307992697,0.0005910516711320746,0.0003773701651482737,4.176617884322481e-05,,,,,,,,,,,,
5443.453307994437,0.0019595171360435562,0.003041568282510862,0.00030243601483819616,0.0005881632800894959,0.0003760995394492701,4.1681511727466536e-05,,,,,,,,,,,,
5450.722010437301,0.0019543942646640298,0.003031028678419619,0.00030164202654862156,0.0005852890042304474,0.00037483319201552336,4.159701624628642e-05,,,,,,,,,,,,
5458.000418857637,0.0019492847862835722,0.0030205255960316915,0.00030085012272443215,0.0005824287745759053,0.0003735711084418859,4.1512692051752295e-05,,,,,,,,,,,,
5465.288546215952,0.0019441886658881377,0.003010058908792515,0.0003000602978932586,0.0005795825224839283,0.00037231327437170855,4.1428538796636956e-05,,,,,,,,,,,,
5472.5864054900385,0.0019391058685552293,0.0029996284905860976,0.0002992725465971017,0.0005767501796480283,0.00037105967549668623,4.1344556134417424e-05,,,,,,,,,,,,
5479.894009675042,0.0019340363594536395,0.0029892342157334245,0.0002984868633922876,0.0005739316780955138,0.0003698102975566861,4.1260743719272854e-05,,,,,,,,,,,,
5487.211371783443,0.0019289801038432325,0.002978875958991015,0.00029770324284943616,0.0005711269501858726,0.0003685651263395938,4.1177101206083684e-05,,,,,,,,,,,,
5494.538504845094,0.0019239370670746949,0.002968553595549369,0.0002969216795534209,0.0005683359286091429,0.0003673241476811465,4.109362825042997e-05,,,,,,,,,,,,
5501.87542190727,0.0019189072145892893,0.0029582670010314584,0.00029614216810333003,0.0005655585463842909,0.0003660873474647723,4.101032450858971e-05,,,,,,,,,,,,
5509.22213603464,0.001913890511918637,0.0029480160514912777,0.00029536470311243275,0.000562794736857619,0.00036485471162143253,4.092718963753802e-05,,,,,,,,,,,,
5516.578660309344,0.0019088869246844614,0.002937800623412281,0.00029458927920813875,0.0005600444337011497,0.00036362622612945677,4.0844223294945065e-05,,,,,,,,,,,,
5523.9450078309665,0.0019038964185983775,0.0029276205937059665,0.0002938158910319639,0.0005573075709110493,0.00036240187701439024,4.0761425139175286e-05,,,,,,,,,,,,
5531.321191716607,0.0018989189594616261,0.002917475839710324,0.00029304453323948963,0.0005545840828060271,0.0003611816503488267,4.067879482928535e-05,,,,,,,,,,,,
5538.70722510086,0.0018939545131648734,0.0029073662391884175,0.0002922752005003305,0.0005518739040257768,0.00035996553225225845,4.0596332025023315e-05,,,,,,,,,,,,
5546.103121135878,0.0018890030456879378,0.0028972916703268576,0.00029150788749809274,0.0005491769695293921,0.00035875350889090995,4.051403638682702e-05,,,,,,,,,,,,
5553.5088929913545,0.0018840645230996,0.002887252011734394,0.00029074258893034164,0.0005464932145938199,0.00035754556647758903,4.043190757582236e-05,,,,,,,,,,,,
5560.924553854592,0.0018791389115573318,0.002877247142440385,0.0002899792995085616,0.0005438225748122923,0.00035634169127152145,4.034994525382247e-05,,,,,,,,,,,,
5568.350116930479,0.0018742261773070964,0.002867276941893409,0.00028921801395812263,0.0005411649860927962,0.0003551418695782031,4.026814908332603e-05,,,,,,,,,,,,
5575.785595441558,0.0018693262866830887,0.0028573412899597457,0.00028845872701824005,0.0005385203846565213,0.00035394608774923594,4.018651872751564e-05,,,,,,,,,,,,
5583.231002628013,0.0018644392061075235,0.002847440066921979,0.00028770143344194224,0.0005358887070363403,0.0003527543321821801,4.010505385025694e-05,,,,,,,,,,,,
5590.686351747706,0.0018595649020904058,0.002837573153477544,0.00028694612799603245,0.0005332698900752821,0.0003515665893203946,4.002375411609698e-05,,,,,,,,,,,,
5598.151656076221,0.0018547033412292817,0.0028277404307372528,0.0002861928054610506,0.0005306638709250087,0.0003503828456528837,3.994261919026257e-05,,,,,,,,,,,,
5605.626928906843,0.0018498544902090387,0.0028179417802239254,0.0002854414606312426,0.0005280705870443217,0.00034920308771414527,3.9861648738659496e-05,,,,,,,,,,,,
5613.112183550636,0.0018450183158016482,0.0028081770838708927,0.000284692088314518,0.0005254899761976465,0.00034802730208401486,3.9780842427870486e-05,,,,,,,,,,,,
5620.6074333364095,0.001840194784865961,0.0027984462240206445,0.00028394468333241946,0.0005229219764535519,0.0003468554753875162,3.970019992515447e-05,,,,,,,,,,,,
5628.112691610799,0.0018353838643474611,0.002788749083423342,0.0002831992405200827,0.0005203665261832499,0.00034568759429470455,3.9619720898444606e-05,,,,,,,,,,,,
5635.627971738234,0.001830585521278062,0.002779085545235467,0.00028245575472620496,0.000517823564059132,0.0003445236455205215,3.9539405016347495e-05,,,,,,,,,,,,
5643.153287101019,0.0018257997227758525,0.0027694554930183597,0.00028171422081300473,0.0005152930290532827,0.0003433636158246361,3.945925194814124e-05,,,,,,,,,,,,
5650.688651099298,0.0018210264360449028,0.002759858810736872,0.0002809746336561919,0.0005127748604360285,0.0003422074920113024,3.937926136377467e-05,,,,,,,,,,,,
5658.234077151137,0.0018162656283750031,0.0027502953827579077,0.000280236988144926,0.0005102689977744663,0.0003410552609292011,3.929943293386538e-05,,,,,,,,,,,,
5665.789578692494,0.0018115172671414803,0.002740765093849093,0.0002795012791817868,0.0005077753809310278,0.00033990690947129836,3.921976632969898e-05,,,,,,,,,,,,
5673.355169177291,0.0018067813198049366,0.0027312678291773252,0.00027876750168273406,0.0005052939500620231,0.00033876242457468806,3.914026122322714e-05,,,,,,,,,,,,
5680.930862077397,0.0018020577539110548,0.0027218034743074376,0.0002780356505770763,0.000502824645616214,0.00033762179322045094,3.9060917287066775e-05,,,,,,,,,,,,
5688.516670882674,0.0017973465370903672,0.00271237191520081,0.000277305720807434,0.000500367408333383,0.00033648500243350297,3.898173419449844e-05,,,,,,,,,,,,
5696.112609101009,0.001792647637058014,0.00270297303821396,0.00027657770732970405,0.0004979221792429025,0.00033535203928244494,3.8902711619464806e-05,,,,,,,,,,,,
5703.718690258307,0.0017879610216135604,0.0026936067300972356,0.00027585160511302693,0.0004954888996623342,0.00033422289087942233,3.882384923656979e-05,,,,,,,,,,,,
5711.334927898558,0.0017832866586407377,0.0026842728779933834,0.00027512740913974884,0.0004930675111960068,0.00033309754437997114,3.8745146721076656e-05,,,,,,,,,,,,
5718.96133558381,0.0017786245161072558,0.002674971369436245,0.000274405114405391,0.0004906579557336274,0.00033197598698287795,3.866660374890728e-05,,,,,,,,,,,,
5726.597926894247,0.0017739745620645553,0.002665702092349365,0.00027368471591861086,0.0004882601754488726,0.00033085820593003014,3.8588219996640165e-05,,,,,,,,,,,,
5734.244715428165,0.0017693367646476107,0.002656464935044666,0.0002729662087011715,0.00048587411279801644,0.0003297441885062736,3.85099951415097e-05,,,,,,,,,,,,
5741.9017148020375,0.0017647110920746935,0.0026472597862210703,0.0002722495877879041,0.00048349971051853466,0.00032863392203926557,3.843192886140455e-05,,,,,,,,,,,,
5749.568938650497,0.0017600975126471777,0.002638086534963209,0.00027153484822667627,0.00048113691162774406,0.0003275273938993333,3.8354020834866146e-05,,,,,,,,,,,,
5757.246400626411,0.0017554959947492928,0.002628945070740023,0.00027082198507835464,0.00047878565942142075,0.0003264245914993263,3.82762707410878e-05,,,,,,,,,,,,
5764.934114400848,0.0017509065068479408,0.0026198352834034956,0.0002701109934167748,0.0004764458974724542,0.00032532550229447935,3.819867825991313e-05,,,,,,,,,,,,
5772.632093663158,0.0017463290174924411,0.0026107570631872658,0.0002694018683287028,0.0004741175696294793,0.00032423011378226194,3.8121243071834555e-05,,,,,,,,,,,,
5780.340352120955,0.0017417634953143539,0.002601710300705348,0.0002686946049138051,0.00047180062001553975,0.00032313841350224345,3.804396485799242e-05,,,,,,,,,,,,
5788.058903500152,0.0017372099090272447,0.0025926948869508084,0.00026798919828461285,0.00046949499302674285,0.0003220503890359482,3.796684330017345e-05,,,,,,,,,,,,
5795.7877615450125,0.001732668227426463,0.0025837107132944165,0.0002672856435664874,0.00046720063333091893,0.0003209660280067111,3.78898780808092e-05,,,,,,,,,,,,
5803.526940018127,0.0017281384193889534,0.002574757671483393,0.000266583935897589,0.0004649174858663066,0.00031988531807954394,3.781306888297531e-05,,,,,,,,,,,,
5811.2764527004865,0.0017236204538730083,0.0025658356536400473,0.0002658840704288397,0.0004626454958402177,0.00031880824696098727,3.773641539038957e-05,,,,,,,,,,,,
5819.036313391463,0.0017191142999180937,0.0025569445522605266,0.00026518604232389427,0.0004603846087277349,0.00031773480239897806,3.7659917287411244e-05,,,,,,,,,,,,
5826.806535908876,0.0017146199266446008,0.002548084260213478,0.000264489846759102,0.0004581347702703897,0.00031666497218270297,3.758357425903912e-05,,,,,,,,,,,,
5834.5871340889735,0.001710137303253666,0.002539254670738806,0.0002637954789234777,0.0004558959264748747,0.0003155987441424669,3.750738599091088e-05,,,,,,,,,,,,
5842.378121786503,0.0017056663990269315,0.0025304556774463282,0.0002631029340186653,0.00045366802361173454,0.00031453610614954724,3.743135216930114e-05,,,,,,,,,,,,
5850.179512874686,0.0017012071833263577,0.002521687174314555,0.00026241220725890704,0.00045145100821408855,0.00031347704611606197,3.7355472481120835e-05,,,,,,,,,,,,
5857.991321245298,0.0016967596255939952,0.0025129490556893524,0.0002617232938710076,0.0004492448270763347,0.0003124215519948281,3.727974661391524e-05,,,,,,,,,,,,
5865.813560808643,0.0016923236953517915,0.0025042412162827143,0.00026103618909430415,0.0004470494272528852,0.0003113696117792268,3.720417425586327e-05,,,,,,,,,,,,
5873.6462454936,0.0016878993622013755,0.002495563551171484,0.0002603508881806323,0.0004448647560568899,0.00031032121350306734,3.7128755095775966e-05,,,,,,,,,,,,
5881.489389247665,0.0016834865958238391,0.002486915955796058,0.00025966738639429096,0.0004426907610589681,0.0003092763452404467,3.705348882309496e-05,,,,,,,,,,,,
5889.343006036935,0.0016790853659795473,0.0024782983259591814,0.00025898567901201495,0.0004405273900859605,0.0003082349951056208,3.6978375127891746e-05,,,,,,,,,,,,
5897.20710984618,0.0016746956425079138,0.002469710557824633,0.00025830576132293586,0.00043837459121966426,0.0003071971512528617,3.6903413700865796e-05,,,,,,,,,,,,
5905.0817146788195,0.0016703173953272143,0.0024611525479160327,0.0002576276286285554,0.0004362323127956007,0.00030616280187633054,3.682860423334388e-05,,,,,,,,,,,,
5912.966834556998,0.0016659505944343555,0.0024526241931155392,0.0002569512762427082,0.0004341005034017628,0.0003051319352099354,3.675394641727821e-05,,,,,,,,,,,,
5920.862483521556,0.0016615952099046977,0.0024441253906626547,0.0002562766994915334,0.0004319791118773929,0.0003041045395272054,3.667943994524576e-05,,,,,,,,,,,,
5928.76867563211,0.0016572512118918168,0.002435656038152944,0.0002556038937134383,0.00042986808731174255,0.0003030806031411494,3.66050845104464e-05,,,,,,,,,,,,
5936.685424967027,0.001652918570627336,0.0024272160335368506,0.00025493285425907123,0.000427767379042864,0.0003020601144041308,3.653087980670215e-05,,,,,,,,,,,,
5944.612745623493,0.001648597256420688,0.0024188052751184085,0.0002542635764912835,0.00042567693665638195,0.0003010430617077275,3.645682552845574e-05,,,,,,,,,,,,
5952.550651717498,0.0016442872396589417,0.002410423661554076,0.00025359605578510275,0.0004235967099842953,0.0003000294334826073,3.638292137076905e-05,,,,,,,,,,,,
5960.499157383905,0.0016399884908065718,0.0024020710918514604,0.0002529302875276966,0.00042152664910376057,0.0002990192181983891,3.6309167029322374e-05,,,,,,,,,,,,
5968.4582767764305,0.0016357009804052749,0.00239374746536814,0.00025226626711834433,0.00041946670433590596,0.0002980124043635172,3.62355622004129e-05,,,,,,,,,,,,
5976.4280240676935,0.0016314246790737673,0.0023854526818104464,0.00025160398996840324,0.0004174168262446332,0.00029700898052512927,3.616210658095325e-05,,,,,,,,,,,,
5984.408413449255,0.001627159557507566,0.0023771866412322217,0.0002509434515012764,0.0004153769656354278,0.0002960089352689227,3.6088799868470683e-05,,,,,,,,,,,,
5992.399459131601,0.0016229055864788139,0.0023689492440336704,0.00025028464715238336,0.0004133470735541879,0.00029501225721903073,3.601564176110562e-05,,,,,,,,,,,,
6000.401175344219,0.0016186627368360547,0.0023607403909601025,0.0002496275723691251,0.00041132710128603746,0.0002940189350378863,3.594263195761019e-05,,,,,,,,,,,,
6008.4135763355725,0.0016144309795040521,0.002352559983100782,0.0002489722226108567,0.00040931700035417,0.00029302895742610023,3.586977015734747e-05,,,,,,,,,,,,
6016.436676373173,0.0016102102854835744,0.002344407921887707,0.00024831859334885185,0.0004073167225186731,0.0002920423131223252,3.579705606028971e-05,,,,,,,,,,,,
6024.470489743563,0.0016060006258512161,0.002336284109094443,0.0002476666800662753,0.00040532621977538204,0.0002910589909031352,3.572448936701766e-05,,,,,,,,,,,,
6032.5150307523845,0.0016018019717591746,0.002328188446834909,0.0002470164782581485,0.00040334544435471567,0.00029007897958289054,3.5652069778718736e-05,,,,,,,,,,,,
6040.570313724356,0.0015976142944350796,0.0023201208375622454,0.0002463679834313214,0.00040137434872054313,0.0002891022680136176,3.55797969971864e-05,,,,,,,,,,,,
6048.636353003352,0.0015934375651817652,0.002312081184067581,0.00024572119110443784,0.0003994128855690294,0.0002881288450848751,3.5507670724818334e-05,,,,,,,,,,,,
6056.713162952373,0.001589271755377107,0.00230406938947892,0.0002450760968079088,0.00039746100782751456,0.0002871586997236348,3.5435690664615806e-05,,,,,,,,,,,,
6064.800757953624,0.0015851168364737949,0.002296085357259921,0.0002444326960838772,0.0003955186686533691,0.00028619182089414843,3.5363856520181854e-05,,,,,,,,,,,,
6072.899152408497,0.0015809727799991626,0.002288128991208772,0.00024379098448619073,0.0003935858214328823,0.00028522819759782856,3.5292167995720586e-05,,,,,,,,,,,,
6081.008360737614,0.0015768395575549768,0.0022802001954570273,0.0002431509575803694,0.000391662419780138,0.00028426781887311937,3.5220624796035735e-05,,,,,,,,,,,,
6089.12839738087,0.0015727171408172422,0.002272298874468418,0.00024251261094357433,0.00038974841753589847,0.00028331067379537274,3.514922662652923e-05,,,,,,,,,,,,
6097.259276797421,0.0015686055015360237,0.002264424933037755,0.00024187594016457923,0.000387843768766505,0.00028235675147672573,3.507797319320048e-05,,,,,,,,,,,,
6105.401013465749,0.001564504611535229,0.002256578276289727,0.00024124094084373686,0.00038594842776276477,0.0002814060410659733,3.5006864202644616e-05,,,,,,,,,,,,
6113.553621883651,0.0015604144427124405,0.002248758809677806,0.00024060760859295248,0.00038406234903886596,0.00028045853174845,3.493589936205182e-05,,,,,,,,,,,,
6121.717116568304,0.0015563349670386995,0.0022409664389830626,0.0002399759390356494,0.00038218548733127326,0.0002795142127459006,3.486507837920558e-05,,,,,,,,,,,,
6129.891512056246,0.0015522661565583323,0.0022332010703130798,0.00023934592780674253,0.00038031779759765554,0.0002785730733163642,3.4794400962482013e-05,,,,,,,,,,,,
6138.07682290345,0.001548207983388744,0.0022254626101007677,0.00023871757055260535,0.00037845923501579035,0.00027763510275404527,3.472386682084815e-05,,,,,,,,,,,,
6146.273063685302,0.0015441604197202453,0.002217750965103292,0.00023809086293104207,0.0003766097549825019,0.0002767002903891987,3.465347566386127e-05,,,,,,,,,,,,
6154.480248996676,0.00154012343781584,0.0022100660424008945,0.00023746580061125488,0.00037476931311257775,0.00027576862558800156,3.458322720166714e-05,,,,,,,,,,,,
6162.698393451908,0.0015360970100110549,0.002202407749395828,0.00023684237927381753,0.0003729378652377174,0.00027484009775243895,3.4513121144999326e-05,,,,,,,,,,,,
6170.927511684875,0.001532081108713733,0.0021947759938111895,0.00023622059461064174,0.0003711153674054577,0.0002739146963201768,3.444315720517772e-05,,,,,,,,,,,,
6179.167618348974,0.0015280757064038608,0.0021871706836898474,0.00023560044232495044,0.00036930177587813024,0.0002729924107644473,3.4373335094107475e-05,,,,,,,,,,,,
6187.4187281171735,0.0015240807756333721,0.002179591727393323,0.00023498191813124772,0.00036749704713180686,0.000272073230593927,3.4303654524277564e-05,,,,,,,,,,,,
6195.680855682049,0.001520096289025952,0.002172039033600662,0.0002343650177552862,0.00036570113785525007,0.00027115714535261504,3.423411520876001e-05,,,,,,,,,,,,
6203.95401575577,0.0015161222192768642,0.0021645125113073805,0.0002337497369340419,0.0003639140049488858,0.0002702441446197187,3.416471686120846e-05,,,,,,,,,,,,
6212.238223070181,0.0015121585391527496,0.0021570120698243167,0.00023313607141568071,0.00036213560552375497,0.00026933421800953114,3.4095459195856854e-05,,,,,,,,,,,,
6220.53349237677,0.001508205221491457,0.002149537618776585,0.0002325240169595328,0.00036036589690049715,0.0002684273551713161,3.4026341927518684e-05,,,,,,,,,,,,
6228.8398384467455,0.0015042622392018347,0.0021420890681024454,0.00023191356933605924,0.0003586048366083145,0.0002675235457891874,3.39573647715853e-05,,,,,,,,,,,,
6237.15727607102,0.0015003295652635704,0.0021346663280522623,0.00023130472432682762,0.00035685238238396407,0.00026662277958199466,3.388852744402527e-05,,,,,,,,,,,,
6245.4858200602785,0.001496407172726976,0.0021272693091873743,0.00023069747772447757,0.0003551084921707326,0.00026572504630320234,3.3819829661382675e-05,,,,,,,,,,,,
6253.825485244958,0.0014924950347128354,0.0021198979223790667,0.0002300918253326965,0.0003533731241174374,0.0002648303357407785,3.375127114077648e-05,,,,,,,,,,,,
6262.1762864753255,0.0014885931244121918,0.0021125520788074495,0.00022948776296618652,0.0003516462365774115,0.00026393863771707264,3.3682851599898815e-05,,,,,,,,,,,,
6270.538238621451,0.0014847014150861878,0.002105231689960429,0.00022888528645063937,0.000349927788107515,0.00026304994208870583,3.361457075701438e-05,,,,,,,,,,,,
6278.911356573286,0.0014808198800658604,0.002097936667632604,0.00022828439162270352,0.00034821773746713055,0.0002621642387464496,3.354642833095872e-05,,,,,,,,,,,,
6287.295655240645,0.0014769484927519732,0.0020906669239242376,0.00022768507432995957,0.00034651604361718127,0.0002612815176151159,3.347842404113757e-05,,,,,,,,,,,,
6295.691149553255,0.0014730872266148344,0.0020834223712401833,0.00022708733043088895,0.00034482266571914333,0.0002604017686534406,3.3410557607525454e-05,,,,,,,,,,,,
6304.097854460794,0.0014692360551940996,0.00207620292228881,0.00022649115579484452,0.00034313756313406106,0.00025952498185396653,3.3342828750664354e-05,,,,,,,,,,,,
6312.51578493288,0.0014653949520986125,0.0020690084900809856,0.00022589654630202538,0.00034146069542158113,0.0002586511472429354,3.3275237191663055e-05,,,,,,,,,,,,
6320.944955959142,0.0014615638910062032,0.002061838987929002,0.00022530349784344444,0.0003397920223389724,0.0002577802548801681,3.32077826521954e-05,,,,,,,,,,,,
6329.385382549204,0.001457742845663524,0.002054694329445549,0.0002247120063209036,0.0003381315038401692,0.000256912294858957,3.314046485449974e-05,,,,,,,,,,,,
6337.837079732754,0.0014539317898858554,0.00204757442854265,0.00022412206764696273,0.0003364791000748004,0.0002560472573059493,3.3073283521377206e-05,,,,,,,,,,,,
6346.300062559527,0.0014501306975569445,0.002040479199430661,0.00022353367774491354,0.00033483477138724336,0.00025518513238103745,3.300623837619116e-05,,,,,,,,,,,,
6354.774346099376,0.001446339542628804,0.0020334085566171903,0.0002229468325487488,0.00033319847831566305,0.00025432591027724504,3.293932914286544e-05,,,,,,,,,,,,
6363.259945442255,0.0014425582991215579,0.002026362414906119,0.00022236152800313763,0.00033157018159107345,0.0002534695812206176,3.287255554588384e-05,,,,,,,,,,,,
6371.756875698291,0.0014387869411232352,0.002019340689396525,0.00022177776006339386,0.0003299498421363857,0.00025261613547010805,3.280591731028839e-05,,,,,,,,,,,,
6380.26515199777,0.0014350254427896207,0.002012343295481696,0.000221195524695451,0.00032833742106547974,0.00025176556331746986,3.2739414161678713e-05,,,,,,,,,,,,
6388.784789491179,0.001431273778344064,0.002005370148848106,0.0002206148178758339,0.00032673287968226625,0.0002509178550871449,3.267304582621068e-05,,,,,,,,,,,,
6397.315803349258,0.0014275319220772948,0.001998421165474368,0.00022003563559162823,0.0003251361794797557,0.0002500730011361506,3.26068120305951e-05,,,,,,,,,,,,
6405.858208762978,0.00142379984834727,0.0019914962616302714,0.00021945797384045687,0.00032354728213914146,0.00024923099185397615,3.254071250209698e-05,,,,,,,,,,,,
6414.4120209436205,0.0014200775315789667,0.001984595353875723,0.00021888182863044834,0.0003219661495288707,0.00024839181766246664,3.247474696853413e-05,,,,,,,,,,,,
6422.977255122751,0.0014163649462642408,0.001977718359059784,0.0002183071959802129,0.00032039274370373956,0.0002475554690157204,3.240891515827621e-05,,,,,,,,,,,,
6431.553926552302,0.0014126620669616223,0.0019708651943196307,0.00021773407191881116,0.0003188270269039729,0.00024672193639997436,3.2343216800243304e-05,,,,,,,,,,,,
6440.142050504546,0.001408968868296166,0.0019640357770795962,0.0002171624524857311,0.00031726896155432694,0.0002458912103335018,3.227765162390529e-05,,,,,,,,,,,,
6448.741642272174,0.0014052853249592553,0.0019572300250501307,0.00021659233373085593,0.00031571851026317827,0.0002450632813664983,3.221221935928019e-05,,,,,,,,,,,,
6457.352717168272,0.0014016114117084465,0.0019504478562268571,0.00021602371171444096,0.00031417563582163615,0.00024423814008098075,3.2146919736933586e-05,,,,,,,,,,,,
6465.975290526398,0.001397947103367282,0.0019436891888895338,0.00021545658250708293,0.00031264030120264067,0.0002434157770906739,3.2081752487977006e-05,,,,,,,,,,,,
6474.609377700562,0.001394292374825134,0.00193695394160112,0.0002148909421896962,0.0003111124695600823,0.0002425961830409087,3.201671734406729e-05,,,,,,,,,,,,
6483.2549940653,0.0013906472010370109,0.0019302420332067472,0.00021432678685348217,0.0003095921042279088,0.0002417793486085125,3.195181403740503e-05,,,,,,,,,,,,
6491.91215501566,0.0013870115570234081,0.001923553382832776,0.00021376411259990517,0.0003080791687192539,0.00024096526450170477,3.1887042300733854e-05,,,,,,,,,,,,
6500.5808759672445,0.0013833854178701222,0.001916887909885815,0.00021320291554066505,0.0003065736267255575,0.00024015392145999194,3.1822401867339185e-05,,,,,,,,,,,,
6509.261172356264,0.0013797687587280795,0.0019102455340517244,0.00021264319179766766,0.0003050754421156918,0.00023934531025405855,3.175789247104692e-05,,,,,,,,,,,,
6517.9530596395125,0.0013761615548131807,0.0019036261752946914,0.000212084937503002,0.00030358457893510095,0.00023853942168566757,3.1693513846222804e-05,,,,,,,,,,,,
6526.65655329445,0.0013725637814061098,0.0018970297538562204,0.00021152814879890988,0.00030210100140492976,0.00023773624658755019,3.16292657277708e-05,,,,,,,,,,,,
6535.371668819177,0.0013689754138521881,0.0018904561902542126,0.00021097282183776258,0.000300624673921174,0.00023693577582330704,3.1565147851132515e-05,,,,,,,,,,,,
6544.098421732517,0.0013653964275611781,0.001883905405281971,0.00021041895278203066,0.0002991555610538177,0.00023613800028729866,3.150115995228562e-05,,,,,,,,,,,,
6552.836827573989,0.001361826798007145,0.0018773773200072862,0.00020986653780426178,0.0002976936275459905,0.0002353429109045477,3.143730176774326e-05,,,,,,,,,,,,
6561.586901903886,0.0013582665007282606,0.0018708718557714412,0.00020931557308704943,0.00029623883831311315,0.00023455049863062985,3.137357303455243e-05,,,,,,,,,,,,
6570.348660303256,0.00135471551132666,0.0018643889341883081,0.000208766054823011,0.0002947911584420646,0.00023376075445157666,3.130997349029348e-05,,,,,,,,,,,,
6579.122118373977,0.0013511738054682537,0.0018579284771433615,0.00020821797921475766,0.0002933505531903358,0.0002329736693837674,3.124650287307842e-05,,,,,,,,,,,,
6587.907291738734,0.001347641358882576,0.0018514904067927743,0.00020767134247487163,0.00029191698798520344,0.00023218923447383254,3.118316092155045e-05,,,,,,,,,,,,
6596.704196041101,0.0013441181473626065,0.0018450746455624457,0.00020712614082587635,0.0002904904284228922,0.00023140744079854617,3.1119947374882303e-05,,,,,,,,,,,,
6605.512846945518,0.0013406041467646178,0.0018386811161470989,0.0002065823705002142,0.00028907084026775685,0.0002306282794647297,3.105686197277565e-05,,,,,,,,,,,,
6614.333260137344,0.001337099333008002,0.0018323097415093347,0.00020604002774021797,0.0002876581894514571,0.00022985174160914767,3.0993904455459833e-05,,,,,,,,,,,,
6623.165451322905,0.0013336036820751,0.001825960444878687,0.00020549910879808444,0.00028625244207213733,0.00022907781839840623,3.093107456369061e-05,,,,,,,,,,,,
6632.009436229469,0.00133011717001105,0.00181963314975073,0.00020495960993585118,0.0002848535643936196,0.00022830650102885654,3.086837203874944e-05,,,,,,,,,,,,
6640.865230605334,0.00132663977292361,0.0018133277798861296,0.0002044215274253674,0.0002834615228445859,0.00022753778072648939,3.080579662244228e-05,,,,,,,,,,,,
6649.732850219799,0.0013231714669830104,0.001807044259309745,0.00020388485754827137,0.00028207628401778116,0.00022677164874684088,3.0743348057098266e-05,,,,,,,,,,,,
6658.612310863248,0.0013197122284217698,0.001800782512309689,0.00020334959659596208,0.00028069781466920324,0.00022600809637488746,3.0681026085569096e-05,,,,,,,,,,,,
6667.503628347122,0.001316262033534556,0.00179454246343645,0.0002028157408695759,0.00027932608171731286,0.00022524711492495227,3.061883045122772e-05,,,,,,,,,,,,
6676.406818504002,0.0013128208586779958,0.0017883240375019414,0.00020228328667995832,0.0002779610522422315,0.00022448869574060083,3.055676089796716e-05,,,,,,,,,,,,
6685.321897187585,0.0013093886802705433,0.0017821271595786395,0.0002017522303476417,0.00027660269348496003,0.00022373283019454807,3.0494817170199837e-05,,,,,,,,,,,,
6694.248880272763,0.0013059654747922908,0.001775951754998638,0.0002012225682028165,0.0002752509728465845,0.0002229795096885548,3.0432999012856048e-05,,,,,,,,,,,,
6703.187783655599,0.0013025512187848304,0.0017697977493527856,0.000200694296585309,0.0002739058578875011,0.0002222287256533352,3.037130617138341e-05,,,,,,,,,,,,
6712.1386232534105,0.0012991458888510742,0.0017636650684897564,0.0002001674118445535,0.0002725673163266301,0.00022148046954845405,3.030973839174531e-05,,,,,,,,,,,,
6721.101415004749,0.0012957494616551055,0.0017575536385151867,0.00019964191033956886,0.0002712353160406482,0.00022073473286223443,3.02482954204203e-05,,,,,,,,,,,,
6730.076174869447,0.0012923619139220209,0.0017514633857907713,0.00019911778843893278,0.0002699098250632143,0.00021999150711165784,3.018697700440086e-05,,,,,,,,,,,,
6739.062918828671,0.001288983222437756,0.0017453942369333607,0.00019859504252075537,0.00026859081158420016,0.0002192507838422681,3.0125782891192173e-05,,,,,,,,,,,,
6748.061662884898,0.0012856133640489471,0.001739346118814108,0.00019807366897265697,0.0002672782439489329,0.00021851255462807673,3.006471282881152e-05,,,,,,,,,,,,
6757.072423062004,0.001282252315662752,0.0017333189585575551,0.00019755366419173972,0.00026597209065742786,0.0002177768110714643,3.000376656578675e-05,,,,,,,,,,,,
6766.095215405231,0.0012789000542467084,0.0017273126835407914,0.00019703502458456664,0.00026467232036364054,0.00021704354480308897,2.9942943851155726e-05,,,,,,,,,,,,
6775.130055981275,0.0012755565568285617,0.0017213272213925362,0.00019651774656713247,0.00026337890187470695,0.0002163127474817863,2.988224443446482e-05,,,,,,,,,,,,
6784.176960878259,0.0012722218004961251,0.0017153624999923104,0.0001960018265648429,0.00026209180415020204,0.0002155844107944797,2.982166806576835e-05,,,,,,,,,,,,
6793.235946205815,0.0012688957623971009,0.0017094184474695246,0.00019548726101248638,0.00026081099630138703,0.00021485852645608045,2.976121449562708e-05,,,,,,,,,,,,
6802.307028095061,0.0012655784197389479,0.0017034949922026558,0.0001949740463542128,0.00025953644759047645,0.00021413508620939887,2.9700883475107667e-05,,,,,,,,,,,,
6811.39022269868,0.001262269749788698,0.0016975920628183433,0.00019446217904350545,0.0002582681274298928,0.00021341408182504496,2.9640674755781157e-05,,,,,,,,,,,,
6820.485546190905,0.0012589697298728266,0.0016917095881905596,0.00019395165554316005,0.00025700600538153837,0.00021269550510133955,2.9580588089722388e-05,,,,,,,,,,,,
6829.593014767566,0.0012556783373770851,0.0016858474974397468,0.0001934424723252581,0.0002557500511560627,0.000211979347864219,2.9520623229508784e-05,,,,,,,,,,,,
6838.712644646141,0.001252395549746338,0.001680005719931941,0.0001929346258711419,0.00025450023461213214,0.00021126560196714015,2.9460779928219155e-05,,,,,,,,,,,,
6847.844452065733,0.001249121344484429,0.0016741841852779586,0.0001924281126713929,0.00025325652575571375,0.00021055425929099233,2.9401057939433096e-05,,,,,,,,,,,,
6856.98845328716,0.0012458556991540007,0.001668382823332509,0.00019192292922580437,0.00025201889473934805,0.00020984531174399998,2.9341457017229507e-05,,,,,,,,,,,,
6866.144664592925,0.0012425985913763684,0.001662601564193384,0.00019141907204336017,0.00025078731186143943,0.0002091387512616347,2.9281976916185987e-05,,,,,,,,,,,,
6875.3131022873,0.0012393499988313421,0.0016568403382005833,0.00019091653764220746,0.0002495617475655362,0.0002084345698065207,2.9222617391377652e-05,,,,,,,,,,,,
6884.493782696301,0.0012361098992570952,0.0016510990759355112,0.00019041532254963648,0.000248342172439629,0.00020773275936834535,2.9163378198375935e-05,,,,,,,,,,,,
6893.686722167772,0.0012328782704499916,0.0016453777082200995,0.00018991542330205226,0.00024712855721543774,0.00020703331196376636,2.9104259093247953e-05,,,,,,,,,,,,
6902.8919370713575,0.0012296550902644507,0.0016396761661160158,0.00018941683644495462,0.00024592087276771574,0.00020633621963632272,2.9045259832555313e-05,,,,,,,,,,,,
6912.109443798591,0.0012264403366127811,0.001633994380923793,0.0001889195585329109,0.00024471909011354386,0.0002056414744563417,2.8986380173352936e-05,,,,,,,,,,,,
6921.339258762863,0.001223233987465046,0.0016283322841820357,0.00018842358612953535,0.00024352318041164232,0.00020494906852085246,2.892761987318847e-05,,,,,,,,,,,,
6930.581398399512,0.001220036020848892,0.001622689807666565,0.0001879289158074621,0.0002423331149616717,0.00020425899395349134,2.8868978690100823e-05,,,,,,,,,,,,
6939.835879165799,0.0012168464148494184,0.001617066883389625,0.00018743554414832488,0.00024114886520354946,0.0002035712429044168,2.8810456382619566e-05,,,,,,,,,,,,
6949.102717540963,0.0012136651476090138,0.0016114634435990501,0.00018694346774273106,0.00023997040271676268,0.000202885807550218,2.8752052709763778e-05,,,,,,,,,,,,
6958.381930026266,0.0012104921973272067,0.0016058794207774339,0.00018645268319023784,0.00023879769921968276,0.00020220268009382423,2.8693767431040873e-05,,,,,,,,,,,,
6967.673533144978,0.0012073275422605284,0.0016003147476413497,0.00018596318709933113,0.00023763072656889336,0.0002015218527644203,2.8635600306446018e-05,,,,,,,,,,,,
6976.977543442462,0.0012041711607223458,0.001594769357140503,0.00018547497608739912,0.00023646945675850803,0.00020084331781735336,2.857755109646067e-05,,,,,,,,,,,,
6986.293977486143,0.0012010230310827326,0.0015892431824569555,0.0001849880467807117,0.00023531386191950464,0.00020016706753404965,2.851961956205207e-05,,,,,,,,,,,,
6995.622851865601,0.001197883131768298,0.0015837361570042914,0.00018450239581439495,0.00023416391431904952,0.00019949309422192187,2.846180546467178e-05,,,,,,,,,,,,
7004.9641831925355,0.0011947514412620648,0.0015782482144268467,0.00018401801983240963,0.00023301958635983943,0.0001988213902142865,2.840410856625519e-05,,,,,,,,,,,,
7014.317988100859,0.001191627938103298,0.0015727792885988725,0.00018353491548752594,0.00023188085057943223,0.00019815194787027186,2.8346528629220028e-05,,,,,,,,,,,,
7023.684283246666,0.0011885126008873781,0.0015673293136237785,0.00018305307944130303,0.00023074767964959429,0.0001974847595747352,2.8289065416465894e-05,,,,,,,,,,,,
7033.063085308321,0.0011854054082656368,0.0015618982238332995,0.00018257250836406304,0.00022962004637563783,0.00019681981773817328,2.8231718691372793e-05,,,,,,,,,,,,
7042.454410986432,0.0011823063389452243,0.0015564859537867384,0.0001820931989348708,0.00022849792369577542,0.00019615711479663804,2.8174488217800628e-05,,,,,,,,,,,,
7051.858277003932,0.0011792153716889517,0.0015510924382701474,0.00018161514784150874,0.000227381284680464,0.0001954966432116487,2.811737376008777e-05,,,,,,,,,,,,
7061.274700106067,0.0011761324853151584,0.0015457176122955706,0.0001811383517804554,0.0002262701025317636,0.0001948383954701075,2.8060375083050484e-05,,,,,,,,,,,,
7070.703697060441,0.0011730576586975595,0.0015403614111002472,0.00018066280745686233,0.00022516435058269262,0.00019418236408421435,2.8003491951981802e-05,,,,,,,,,,,,
7080.145284657071,0.001169990870765096,0.001535023770145819,0.0001801885115845299,0.00022406400229658455,0.00019352854159137908,2.7946724132650364e-05,,,,,,,,,,,,
7089.599479708363,0.0011669321005018018,0.001529704625117579,0.00017971546088588734,0.00022296903126645755,0.00019287692055414078,2.789007139129987e-05,,,,,,,,,,,,
7099.066299049204,0.0011638813269466484,0.0015244039119236695,0.0001792436520919668,0.00022187941121437423,0.0001922274935600786,2.783353349464766e-05,,,,,,,,,,,,
7108.54575953693,0.001160838529193415,0.0015191215666943393,0.00017877308194238445,0.00022079511599081692,0.000191580253221732,2.7777110209884135e-05,,,,,,,,,,,,
7118.037878051417,0.0011578036863905286,0.0015138575257811397,0.00017830374718531407,0.00021971611957405376,0.00019093519217651202,2.7720801304671656e-05,,,,,,,,,,,,
7127.542671495051,0.0011547767777409356,0.0015086117257561945,0.0001778356445774681,0.00021864239606952108,0.00019029230308662242,2.766460654714339e-05,,,,,,,,,,,,
7137.060156792818,0.0011517577825019476,0.0015033841034113983,0.00017736877088407217,0.00021757391970919553,0.00018965157863897123,2.7608525705902716e-05,,,,,,,,,,,,
7146.590350892273,0.0011487466799851127,0.0014981745957576922,0.00017690312287884556,0.0002165106648509816,0.00018901301154509247,2.755255855002209e-05,,,,,,,,,,,,
7156.133270763633,0.0011457434495560572,0.001492983140024269,0.00017643869734397606,0.00021545260597809,0.00018837659454105864,2.749670484904192e-05,,,,,,,,,,,,
7165.688933399745,0.0011427480706343615,0.001487809673657848,0.00017597549107010104,0.00021439971769843206,0.0001877423203874019,2.7440964372970035e-05,,,,,,,,,,,,
7175.257355816176,0.001139760522693403,0.0014826541343218938,0.0001755135008562816,0.00021335197474400318,0.00018711018186902905,2.7385336892280257e-05,,,,,,,,,,,,
7184.838555051192,0.0011367807852602262,0.001477516459895891,0.00017505272350998346,0.00021230935197028342,0.0001864801717951409,2.7329822177911875e-05,,,,,,,,,,,,
7194.432548165811,0.0011338088379154027,0.001472396588474583,0.00017459315584705375,0.0002112718243556301,0.00018585228299915086,2.727442000126852e-05,,,,,,,,,,,,
7204.0393522438535,0.0011308446602928794,0.0014672944583672151,0.00017413479469169797,0.00021023936700067568,0.00018522650833860068,2.7219130134217057e-05,,,,,,,,,,,,
7213.658984391924,0.001127888232079858,0.0014622100080968153,0.00017367763687646027,0.0002092119551277356,0.00018460284069508345,2.716395234908704e-05,,,,,,,,,,,,
7223.291461739499,0.001124939533016632,0.001457143176399428,0.00017322167924219942,0.00020818956408020798,0.00018398127297415803,2.710888641866933e-05,,,,,,,,,,,,
7232.936801438899,0.001121998542896474,0.0014520939022234051,0.00017276691863806889,0.00020717216932198703,0.00018336179810527297,2.7053932116215593e-05,,,,,,,,,,,,
7242.595020665376,0.0011190652415654734,0.0014470621247286357,0.00017231335192149282,0.00020615974643686864,0.00018274440904168142,2.6999089215436942e-05,,,,,,,,,,,,
7252.266136617089,0.0011161396089224185,0.001442047783285849,0.00017186097595814698,0.00020515227112797075,0.00018212909876036556,2.694435749050343e-05,,,,,,,,,,,,
7261.950166515189,0.0011132216249186413,0.0014370508174758505,0.0001714097876219343,0.00020414971921714335,0.0001815158602619523,2.688973671604268e-05,,,,,,,,,,,,
7271.6471276037955,0.0011103112695578937,0.0014320711670888218,0.000170959783794966,0.00020315206664439588,0.00018090468657063792,2.6835226667139414e-05,,,,,,,,,,,,
7281.357037150082,0.0011074085228961988,0.0014271087721235704,0.00017051096136753773,0.0002021592894673117,0.00018029557073410448,2.678082711933407e-05,,,,,,,,,,,,
7291.079912444251,0.0011045133650417292,0.0014221635727868346,0.00017006331723811005,0.00020117136386048126,0.000179688505823445,2.6726537848622327e-05,,,,,,,,,,,,
7300.815770799621,0.001101625776154652,0.0014172355094925308,0.0001696168483132847,0.00020018826611492292,0.00017908348493308045,2.667235863145373e-05,,,,,,,,,,,,
7310.564629552607,0.0010987457364470105,0.0014123245228610645,0.0001691715515077857,0.00019920997263752095,0.00017848050118068488,2.6618289244731175e-05,,,,,,,,,,,,
7320.326506062775,0.0010958732261825777,0.0014074305537186036,0.00016872742374443678,0.0001982364599504553,0.00017787954770710513,2.6564329465809803e-05,,,,,,,,,,,,
7330.101417712892,0.0010930082256767207,0.0014025535430963521,0.00016828446195413927,0.00019726770469063673,0.00017728061767628199,2.6510479072495936e-05,,,,,,,,,,,,
7339.889381908907,0.0010901507152962769,0.0013976934322298654,0.00016784266307585296,0.00019630368360915157,0.00017668370427517563,2.6456737843046537e-05,,,,,,,,,,,,
7349.690416080043,0.0010873006754594026,0.0013928501625583153,0.00016740202405657298,0.00019534437357069702,0.000176088800713684,2.6403105556167866e-05,,,,,,,,,,,,
7359.504537678764,0.0010844580866354585,0.001388023675723814,0.00016696254185131045,0.0001943897515530333,0.00017549590022456976,2.6349581991014935e-05,,,,,,,,,,,,
7369.331764180869,0.0010816229293448528,0.0013832139135706778,0.0001665242134230693,0.00019343979464642343,0.0001749049960633791,2.6296166927190458e-05,,,,,,,,,,,,
7379.172113085465,0.001078795184158932,0.0013784208181447594,0.00016608703574282782,0.00019249448005309068,0.00017431608150836935,2.624286014474376e-05,,,,,,,,,,,,
7389.025601915051,0.001075974831699827,0.0013736443316927191,0.00016565100578951517,0.00019155378508666485,0.00017372914986042807,2.6189661424170218e-05,,,,,,,,,,,,
7398.892248215499,0.0010731618526403372,0.0013688843966613554,0.00016521612054999288,0.00019061768717164396,0.00017314419444300133,2.613657054641016e-05,,,,,,,,,,,,
7408.772069556138,0.001070356227703783,0.0013641409556968867,0.00016478237701903205,0.00018968616384284695,0.0001725612086020133,2.608358729284785e-05,,,,,,,,,,,,
7418.665083529735,0.0010675579376638843,0.0013594139516442845,0.00016434977219929398,0.00018875919274487896,0.00017198018570579462,2.6030711445310867e-05,,,,,,,,,,,,
7428.571307752547,0.0010647669633446278,0.001354703327546573,0.00016391830310130904,0.00018783675163159305,0.00017140111914500436,2.597794278606906e-05,,,,,,,,,,,,
7438.49075986438,0.0010619832856201261,0.0013500090266441323,0.00016348796674345493,0.00018691881836555382,0.00017082400233255527,2.592528109783351e-05,,,,,,,,,,,,
7448.4234575285645,0.0010592068854145024,0.001345330992374037,0.00016305876015193835,0.0001860053709175122,0.00017024882870353989,2.587272616375598e-05,,,,,,,,,,,,
7458.369418432043,0.001056437743701743,0.0013406691683693506,0.00016263068036077158,0.0001850963873658695,0.00016967559171515446,2.582027776742761e-05,,,,,,,,,,,,
7468.32866028535,0.00105367584150558,0.0013360234984584744,0.00016220372441175544,0.00018419184589615819,0.00016910428484662583,2.576793569287845e-05,,,,,,,,,,,,
7478.301200822697,0.0010509211598993522,0.0013313939266644374,0.00016177788935445506,0.00018329172480051217,0.00016853490159913606,2.571569972457615e-05,,,,,,,,,,,,
7488.2870578019465,0.0010481736800058855,0.0013267803972042563,0.0001613531722461829,0.00018239600247715157,0.00016796743549574983,2.5663569647425484e-05,,,,,,,,,,,,
7498.286249004703,0.0010454333829973495,0.0013221828544882298,0.00016092957015197555,0.00018150465742985914,0.00016740188008133872,2.561154524676706e-05,,,,,,,,,,,,
7508.298792236285,0.0010427002500951457,0.0013176012431193017,0.00016050708014457612,0.00018061766826746924,0.00016683822892251088,2.5559626308376842e-05,,,,,,,,,,,,
7518.324705325818,0.0010399742625697584,0.0013130355078923618,0.0001600856993044112,0.00017973501370334918,0.0001662764756075341,2.5507812618464846e-05,,,,,,,,,,,,
7528.364006126204,0.0010372554017406483,0.0013084855937936083,0.0001596654247195739,0.000178856672554894,0.00016571661374626675,2.54561039636747e-05,,,,,,,,,,,,
7538.416712514212,0.0010345436489761048,0.0013039514459998605,0.00015924625348580032,0.00017798262374301295,0.00016515863697008117,2.5404500131082317e-05,,,,,,,,,,,,
7548.482842390464,0.001031838985693133,0.0012994330098779212,0.00015882818270645215,0.00017711284629162765,0.00016460253893179472,2.535300090819541e-05,,,,,,,,,,,,
7558.5624136794795,0.0010291413933573223,0.0012949302309839068,0.00015841120949249576,0.00017624731932716717,0.0001640483133055961,2.530160608295245e-05,,,,,,,,,,,,
7568.655444329741,0.0010264508534827074,0.001290443055062582,0.00015799533096248116,0.00017538602207806483,0.00016349595378697179,2.525031544372163e-05,,,,,,,,,,,,
7578.761952313664,0.0010237673476316638,0.0012859714280467275,0.00015758054424252406,0.00017452893387426448,0.00016294545409263796,2.5199128779300368e-05,,,,,,,,,,,,
7588.881955627693,0.0010210908574147597,0.0012815152960564654,0.0001571668464662844,0.00017367603414671955,0.00016239680796046506,2.514804587891402e-05,,,,,,,,,,,,
7599.015472292276,0.0010184213644906489,0.0012770746053986364,0.00015675423477494774,0.00017282730242690385,0.00016185000914940986,2.5097066532215423e-05,,,,,,,,,,,,
7609.162520351951,0.0010157588505659279,0.0012726493025661217,0.00015634270631720396,0.00017198271834631564,0.00016130505143944216,2.5046190529283614e-05,,,,,,,,,,,,
7619.323117875321,0.001013103297395024,0.001268239334237231,0.0001559322582492297,0.00017114226163599393,0.00016076192863147563,2.4995417660623385e-05,,,,,,,,,,,,
7629.49728295515,0.0010104546867800597,0.0012638446472750288,0.00015552288773466633,0.00017030591212602715,0.00016022063454729598,2.4944747717164006e-05,,,,,,,,,,,,
7639.685033708326,0.0010078130005707411,0.0012594651887267198,0.00015511459194460255,0.0001694736497450737,0.00015968116302949204,2.4894180490258718e-05,,,,,,,,,,,,
7649.886388275963,0.001005178220664216,0.0012551009058229935,0.0001547073680575531,0.00016864545451987536,0.00015914350794138371,2.4843715771683727e-05,,,,,,,,,,,,
7660.1013648233675,0.0010025503290049702,0.0012507517459774012,0.00015430121325944076,0.00016782130657478316,0.00015860766316695528,2.479335335363719e-05,,,,,,,,,,,,
7670.329981540132,0.0009999293075846807,0.0012464176567857062,0.00015389612474357503,0.00016700118613127555,0.0001580736226107819,2.4743093028738667e-05,,,,,,,,,,,,
7680.572256640116,0.0009973151384421142,0.0012420985860252722,0.0001534920997106348,0.00016618507350748754,0.00015754138019796388,2.4692934590028062e-05,,,,,,,,,,,,
7690.8282083614995,0.0009947078036629932,0.0012377944816544242,0.00015308913536864806,0.00016537294911773696,0.0001570109298740561,2.4642877830964872e-05,,,,,,,,,,,,
7701.097854966838,0.000992107285379869,0.0012335052918118115,0.00015268722893297163,0.00016456479347205224,0.00015648226560499757,2.4592922545427137e-05,,,,,,,,,,,,
7711.381214743045,0.0009895135657720126,0.0012292309648158032,0.00015228637762627393,0.00016376058717570922,0.00015595538137704623,2.454306852771094e-05,,,,,,,,,,,,
7721.678306001483,0.0009869266270652749,0.0012249714491638448,0.00015188657867851407,0.00016296031092876104,0.00015543027119670671,2.4493315572529162e-05,,,,,,,,,,,,
7731.989147077932,0.0009843464515319853,0.001220726693531861,0.00015148782932692406,0.00016216394552557925,0.00015490692909066598,2.444366347501104e-05,,,,,,,,,,,,
7742.313756332691,0.0009817730214908102,0.0012164966467736087,0.000151090126815988,0.0001613714718543883,0.00015438534910572156,2.4394112030700903e-05,,,,,,,,,,,,
7752.652152150541,0.0009792063193066497,0.0012122812579200917,0.0001506934683974252,0.00016058287089681182,0.00015386552530871763,2.4344661035557766e-05,,,,,,,,,,,,
7763.004352940848,0.0009766463273905015,0.0012080804761789169,0.000150297851330169,0.00015979812372741154,0.0001533474517864739,2.4295310285954062e-05,,,,,,,,,,,,
7773.370377137523,0.0009740930281993514,0.0012038942509337077,0.00014990327288034989,0.00015901721151323747,0.0001528311226457213,2.4246059578675203e-05,,,,,,,,,,,,
7783.750243199129,0.0009715464042360445,0.0011997225317434712,0.00014950973032127476,0.0001582401155133713,0.000152316532013033,2.4196908710918365e-05,,,,,,,,,,,,
7794.143969608843,0.0009690064380491766,0.0011955652683420161,0.00014911722093340982,0.0001574668170784815,0.00015180367403475883,2.4147857480292034e-05,,,,,,,,,,,,
7804.551574874553,0.0009664731122329593,0.0011914224106373181,0.00014872574200435973,0.0001566972976503713,0.0001512925428769577,2.409890568481477e-05,,,,,,,,,,,,
7814.97307752884,0.0009639464094271165,0.001187293908710943,0.00014833529082885097,0.00015593153876153676,0.00015078313272533187,2.405005312291475e-05,,,,,,,,,,,,
7825.40849612903,0.0009614263123167547,0.0011831797128174296,0.00014794586470871223,0.0001551695220347224,0.00015027543778516137,2.4001299593428756e-05,,,,,,,,,,,,
7835.857849257252,0.0009589128036322449,0.0011790797733836871,0.00014755746095285467,0.00015441122918247798,0.00014976945228123583,2.3952644895601222e-05,,,,,,,,,,,,
7846.321155520419,0.0009564058661491137,0.0011749940410084182,0.000147170076877256,0.000153656642006724,0.0001492651704577921,2.3904088829083737e-05,,,,,,,,,,,,
7856.798433550317,0.0009539054826879109,0.0011709224664614955,0.00014678370980493872,0.0001529057423983105,0.0001487625865784452,2.3855631193933845e-05,,,,,,,,,,,,
7867.289702003584,0.0009514116361141083,0.001166865000683398,0.00014639835706595458,0.00015215851233658662,0.0001482616949261267,2.3807271790614596e-05,,,,,,,,,,,,
7877.7949795618015,0.0009489243093379625,0.0011628215947845901,0.00014601401599736354,0.00015141493388896364,0.00014776248980301603,2.3759010419993336e-05,,,,,,,,,,,,
7888.314284931462,0.0009464434853144197,0.0011587922000449629,0.00014563068394321782,0.00015067498921048935,0.00014726496553047925,2.3710846883341288e-05,,,,,,,,,,,,
7898.8476368440715,0.0009439691470429789,0.0011547767679132178,0.00014524835825454094,0.00014993866054341544,0.00014676911644900099,2.3662780982332337e-05,,,,,,,,,,,,
7909.395054056115,0.0009415012775675923,0.0011507752500063068,0.00014486703628931253,0.0001492059302167754,0.00014627493691812344,2.361481251904255e-05,,,,,,,,,,,,
7919.956555349157,0.0009390398599765344,0.0011467875981088275,0.0001444867154124466,0.00014847678064595606,0.00014578242131637896,2.3566941295949227e-05,,,,,,,,,,,,
7930.532159529807,0.0009365848774022979,0.0011428137641724654,0.00014410739299577653,0.00014775119433228017,0.00014529156404122887,2.3519167115929923e-05,,,,,,,,,,,,
7941.121885429822,0.0009341363130214682,0.0011388537003153892,0.00014372906641803418,0.0001470291538625823,0.0001448023595089978,2.347148978226195e-05,,,,,,,,,,,,
7951.725751906078,0.0009316941500546179,0.001134907358821698,0.00014335173306483396,0.00014631064190879416,0.00014431480215481118,2.3423909098621407e-05,,,,,,,,,,,,
7962.343777840633,0.0009292583717661868,0.0011309746921408321,0.0001429753903286537,0.00014559564122752753,0.00014382888643253228,2.3376424869082222e-05,,,,,,,,,,,,
7972.9759821407815,0.000926828961464363,0.0011270556528869971,0.00014260003560881638,0.00014488413465965866,0.0001433446068146971,2.3329036898115656e-05,,,,,,,,,,,,
7983.6223837390335,0.000924405902500977,0.0011231501938386112,0.00014222566631147323,0.00014417610512992032,0.00014286195779245455,2.328174499058933e-05,,,,,,,,,,,,
7994.283001593211,0.0009219891782713797,0.0011192582679377106,0.0001418522798495842,0.00014347153564648788,0.00014238093387550048,2.323454895176629e-05,,,,,,,,,,,,
8004.95785468642,0.0009195787722143382,0.00111537982828941,0.0001414798736429021,0.00014277040930057552,0.0001419015295920186,2.318744858730454e-05,,,,,,,,,,,,
8015.646962027147,0.0009171746678119094,0.0011115148281613113,0.0001411084451179526,0.00014207270926602612,0.0001414237394886148,2.3140443703255858e-05,,,,,,,,,,,,
8026.350342649226,0.0009147768485893422,0.0011076632209829618,0.00014073799170801848,0.00014137841879891203,0.00014094755813025853,2.3093534106065376e-05,,,,,,,,,,,,
8037.068015611942,0.0009123852981149463,0.0011038249603452781,0.0001403685108531203,0.00014068752123712894,0.00014047298010021764,2.3046719602570402e-05,,,,,,,,,,,,
8047.799999999997,0.0009099999999999997,0.0010999999999999996,0.00014000000000000004,0.00014000000000000004,0.00014000000000000004,2.300000000000001e-05,,,,,,,,,,,,
