Photon Energy / eV,2s,2p,3s,3p,Unnamed: 5,Unnamed: 6,Unnamed: 7,Unnamed: 8,Unnamed: 9,Unnamed: 10,Unnamed: 11,Unnamed: 12,Unnamed: 13,Unnamed: 14,Unnamed: 15,Unnamed: 16,Unnamed: 17,Unnamed: 18
10.2,,,,,,,,,,,,,,,,,,
10.21362017100584,,,,,,,,,,,,,,,,,,
10.22725852917425,,,,,,,,,,,,,,,,,,
10.24091509879075,,,,,,,,,,,,,,,,,,
10.25458990417328,,,,,,,,,,,,,,,,,,
10.26828296967226,,,,,,,,,,,,,,,,,,
10.281994319670622,,,,,,,,,,,,,,,,,,
10.29572397858386,,,,,,,,,,,,,,,,,,
10.30947197086006,,,,,,,,,,,,,,,,,,
10.323238320979964,,,,,,,,,,,,,,,,,,
10.337023053457003,,,,,,,,,,,,,,,,,,
10.350826192837335,,,,,,,,,,,,,,,,,,
10.3646477636999,,,,,,,,,,,,,,,,,,
10.378487790656457,,,,,,,,,,,,,,,,,,
10.39234629835163,,,,,,,,,,,,,,,,,,
10.406223311462949,,,,,,,,,,,,,,,,,,
10.420118854700899,,,,,,,,,,,,,,,,,,
10.434032952808957,,,,,,,,,,,,,,,,,,
10.447965630563646,,,,,,,,,,,,,,,,,,
10.461916912774575,,,,,,,,,,,,,,,,,,
10.475886824284464,,,,,,,,,,,,,,,,,,
10.489875389969226,,,,,,,,,,,,,,,,,,
10.503882634737984,,,,,,,,,,,,,,,,,,
10.51790858353312,,,,,,,,,,,,,,,,,,
10.531953261330328,,,,,,,,,,,,,,,,,,
10.546016693138645,,,,,,,,,,,,,,,,,,
10.560098904000506,,,,,,,,,,,,,,,,,,
10.574199918991788,,,,,,,,,,,,,,,,,,
10.588319763221847,,,,,,,,,,,,,,,,,,
10.602458461833573,,,,,,,,,,,,,,,,,,
10.616616040003423,,,,,,,,,,,,,,,,,,
10.630792522941482,,,,,,,,,,,,,,,,,,
10.644987935891493,,,,,,,,,,,,,,,,,,
10.659202304130899,,,,,,,,,,,,,,,,,,
10.673435652970909,,,,,,,,,,,,,,,,,,
10.687688007756526,,,,,,,,,,,,,,,,,,
10.701959393866595,,,,,,,,,,,,,,,,,,
10.716249836713851,,,,,,,,,,,,,,,,,,
10.730559361744964,,,,,,,,,,,,,,,,,,
10.74488799444058,,,,,,,,,,,,,,,,,,
10.75923576031537,,,,,,,,,,,,,,,,,,
10.77360268491808,,,,,,,,,,,,,,,,,,
10.787988793831566,,,,,,,,,,,,,,,,,,
10.802394112672848,,,,,,,,,,,,,,,,,,
10.816818667093155,,,,,,,,,,,,,,,,,,
10.831262482777957,,,,,,,,,,,,,,,,,,
10.845725585447031,,,,,,,,,,,,,,,,,,
10.860208000854502,,,,,,,,,,,,,,,,,,
10.874709754788878,,,,,,,,,,,,,,,,,,
10.889230873073103,,,,,,,,,,,,,,,,,,
10.903771381564605,,,,,,,,,,,,,,,,,,
10.91833130615534,,,,,,,,,,,,,,,,,,
10.932910672771834,,,,,,,,,,,,,,,,,,
10.947509507375239,,,,,,,,,,,,,,,,,,
10.962127835961367,,,,,,,,,,,,,,,,,,
10.976765684560746,,,,,,,,,,,,,,,,,,
10.991423079238663,,,,,,,,,,,,,,,,,,
11.006100046095213,,,,,,,,,,,,,,,,,,
11.02079661126533,,,,,,,,,,,,,,,,,,
11.035512800918863,,,,,,,,,,,,,,,,,,
11.050248641260591,,,,,,,,,,,,,,,,,,
11.0650041585303,,,,,,,,,,,,,,,,,,
11.079779379002801,,,,,,,,,,,,,,,,,,
11.094574328987996,,,,,,,,,,,,,,,,,,
11.109389034830919,,,,,,,,,,,,,,,,,,
11.124223522911782,,,,,,,,,,,,,,,,,,
11.13907781964602,,,,,,,,,,,,,,,,,,
11.153951951484348,,,,,,,,,,,,,,,,,,
11.168845944912793,,,,,,,,,,,,,,,,,,
11.183759826452752,,,,,,,,,,,,,,,,,,
11.198693622661045,,,,,,,,,,,,,,,,,,
11.213647360129933,,,,,,,,,,,,,,,,,,
11.228621065487202,,,,,,,,,,,,,,,,,,
11.243614765396194,,,,,,,,,,,,,,,,,,
11.258628486555848,,,,,,,,,,,,,,,,,,
11.273662255700762,,,,,,,,,,,,,,,,,,
11.288716099601224,,,,,,,,,,,,,,,,,,
11.303790045063277,,,,,,,,,,,,,,,,,,
11.318884118928755,,,,,,,,,,,,,,,,,,
11.333998348075333,,,,,,,,,,,,,,,,,,
11.349132759416577,,,,,,,,,,,,,,,,,,
11.364287379901992,,,,,,,,,,,,,,,,,,
11.379462236517073,,,,,,,,,,,,,,,,,,
11.394657356283334,,,,,,,,,,,,,,,,,,
11.409872766258385,,,,,,,,,,,,,,,,,,
11.425108493535966,,,,,,,,,,,,,,,,,,
11.440364565245988,,,,,,,,,,,,,,,,,,
11.455641008554595,,,,,,,,,,,,,,,,,,
11.470937850664205,,,,,,,,,,,,,,,,,,
11.48625511881356,,,,,,,,,,,,,,,,,,
11.50159284027777,,,,,,,,,,,,,,,,,,
11.516951042368369,,,,,,,,,,,,,,,,,,
11.532329752433364,,,,,,,,,,,,,,,,,,
11.547728997857273,,,,,,,,,,,,,,,,,,
11.563148806061186,,,,,,,,,,,,,,,,,,
11.578589204502812,,,,,,,,,,,,,,,,,,
11.594050220676507,,,,,,,,,,,,,,,,,,
11.60953188211336,,,,,,,,,,,,,,,,,,
11.625034216381218,,,,,,,,,,,,,,,,,,
11.640557251084733,,,,,,,,,,,,,,,,,,
11.656101013865422,,,,,,,,,,,,,,,,,,
11.671665532401715,,,,,,,,,,,,,,,,,,
11.687250834408998,,,,,,,,,,,,,,,,,,
11.702856947639663,,,,,,,,,,,,,,,,,,
11.718483899883166,,,,,,,,,,,,,,,,,,
11.734131718966067,,,,,,,,,,,,,,,,,,
11.749800432752084,,,,,,,,,,,,,,,,,,
11.765490069142146,,,,,,,,,,,,,,,,,,
11.781200656074423,,,,,,,,,,,,,,,,,,
11.796932221524408,,,,,,,,,,,,,,,,,,
11.812684793504943,,,,,,,,,,,,,,,,,,
11.828458400066278,,,,,,,,,,,,,,,,,,
11.844253069296117,,,,,,,,,,,,,,,,,,
11.860068829319673,,,,,,,,,,,,,,,,,,
11.875905708299708,,,,,,,,,,,,,,,,,,
11.891763734436596,,,,,,,,,,,,,,,,,,
11.907642935968369,,,,,,,,,,,,,,,,,,
11.923543341170758,,,,,,,,,,,,,,,,,,
11.939464978357256,,,,,,,,,,,,,,,,,,
11.955407875879164,,,,,,,,,,,,,,,,,,
11.971372062125644,,,,,,,,,,,,,,,,,,
11.98735756552375,,,,,,,,,,,,,,,,,,
12.003364414538513,,,,,,,,,,,,,,,,,,
12.019392637672967,,,,,,,,,,,,,,,,,,
12.035442263468205,,,,,,,,,,,,,,,,,,
12.051513320503435,,,,,,,,,,,,,,,,,,
12.067605837396025,,,,,,,,,,,,,,,,,,
12.083719842801555,,,,,,,,,,,,,,,,,,
12.09985536541387,,,,,,,,,,,,,,,,,,
12.116012433965132,,,,,,,,,,,,,,,,,,
12.132191077225865,,,,,,,,,,,,,,,,,,
12.148391324005015,,,,,,,,,,,,,,,,,,
12.164613203149997,,,,,,,,,,,,,,,,,,
12.180856743546748,,,,,,,,,,,,,,,,,,
12.197121974119762,,,,,,,,,,,,,,,,,,
12.213408923832173,,,,,,,,,,,,,,,,,,
12.229717621685785,,,,,,,,,,,,,,,,,,
12.246048096721127,,,,,,,,,,,,,,,,,,
12.262400378017508,,,,,,,,,,,,,,,,,,
12.278774494693064,,,,,,,,,,,,,,,,,,
12.295170475904815,,,,,,,,,,,,,,,,,,
12.311588350848714,,,,,,,,,,,,,,,,,,
12.328028148759701,,,,,,,,,,,,,,,,,,
12.344489898911752,,,,,,,,,,,,,,,,,,
12.360973630617933,,,,,,,,,,,,,,,,,,
12.377479373230457,,,,,,,,,,,,,,,,,,
12.394007156140717,,,,,,,,,,,,,,,,,,
12.410557008779367,,,,,,,,,,,,,,,,,,
12.427128960616358,,,,,,,,,,,,,,,,,,
12.443723041160986,,,,,,,,,,,,,,,,,,
12.460339279961959,,,,,,,,,,,,,,,,,,
12.476977706607435,,,,,,,,,,,,,,,,,,
12.493638350725087,,,,,,,,,,,,,,,,,,
12.510321241982146,,,,,,,,,,,,,,,,,,
12.527026410085458,,,,,,,,,,,,,,,,,,
12.54375388478154,,,,,,,,,,,,,,,,,,
12.560503695856626,,,,,,,,,,,,,,,,,,
12.577275873136736,,,,,,,,,,,,,,,,,,
12.594070446487692,,,,,,,,,,,,,,,,,,
12.610887445815216,,,,,,,,,,,,,,,,,,
12.627726901064962,,,,,,,,,,,,,,,,,,
12.644588842222564,,,,,,,,,,,,,,,,,,
12.661473299313702,,,,,,,,,,,,,,,,,,
12.678380302404145,,,,,,,,,,,,,,,,,,
12.695309881599814,,,,,,,,,,,,,,,,,,
12.712262067046824,,,,,,,,,,,,,,,,,,
12.729236888931553,,,,,,,,,,,,,,,,,,
12.746234377480679,,,,,,,,,,,,,,,,,,
12.763254562961247,,,,,,,,,,,,,,,,,,
12.780297475680719,,,,,,,,,,,,,,,,,,
12.797363145987026,,,,,,,,,,,,,,,,,,
12.814451604268612,,,,,,,,,,,,,,,,,,
12.831562880954513,,,,,,,,,,,,,,,,,,
12.848697006514394,,,,,,,,,,,,,,,,,,
12.865854011458604,,,,,,,,,,,,,,,,,,
12.883033926338236,,,,,,,,,,,,,,,,,,
12.900236781745173,,,,,,,,,,,,,,,,,,
12.917462608312153,,,,,,,,,,,,,,,,,,
12.934711436712814,,,,,,,,,,,,,,,,,,
12.951983297661757,,,,,,,,,,,,,,,,,,
12.969278221914594,,,,,,,,,,,,,,,,,,
12.986596240268005,,,,,,,,,,,,,,,,,,
13.003937383559792,,,,,,,,,,,,,,,,,,
13.021301682668948,,,,,,,,,,,,,,,,,,
13.038689168515672,,,,,,,,,,,,,,,,,,
13.056099872061473,,,,,,,,,,,,,,,,,,
13.073533824309198,,,,,,,,,,,,,,,,,,
13.090991056303093,,,,,,,,,,,,,,,,,,
13.108471599128855,,,,,,,,,,,,,,,,,,
13.12597548391369,,,,,,,,,,,,,,,,,,
13.143502741826373,,,,,,,,,,,,,,,,,,
13.161053404077295,,,,,,,,,,,,,,,,,,
13.178627501918522,,,,,,,,,,,,,,,,,,
13.196225066643855,,,,,,,,,,,,,,,,,,
13.213846129588878,,,,,,,,,,,,,,,,,,
13.23149072213102,,,,,,,,,,,,,,,,,,
13.249158875689616,,,,,,,,,,,,,,,,,,
13.266850621725933,,,,,,,,,,,,,,,,,,
13.28456599174327,,,,,,,,,,,,,,,,,,
13.302305017286987,,,,,,,,,,,,,,,,,,
13.320067729944563,,,,,,,,,,,,,,,,,,
13.337854161345662,,,,,,,,,,,,,,,,,,
13.35566434316218,,,,,,,,,,,,,,,,,,
13.373498307108303,,,,,,,,,,,,,,,,,,
13.39135608494057,,,,,,,,,,,,,,,,,,
13.409237708457923,,,,,,,,,,,,,,,,,,
13.42714320950176,,,,,,,,,,,,,,,,,,
13.445072619956013,,,,,,,,,,,,,,,,,,
13.463025971747165,,,,,,,,,,,,,,,,,,
13.481003296844346,,,,,,,,,,,,,,,,,,
13.499004627259376,,,,,,,,,,,,,,,,,,
13.517029995046817,,,,,,,,,,,,,,,,,,
13.535079432304032,,,,,,,,,,,,,,,,,,
13.553152971171249,,,,,,,,,,,,,,,,,,
13.571250643831608,,,,,,,,,,,,,,,,,,
13.589372482511225,,,,,,,,,,,,,,,,,,
13.60751851947925,,,,,,,,,,,,,,,,,,
13.62568878704792,,,,,,,,,,,,,,,,,,
13.643883317572621,,,,,,,,,,,,,,,,,,
13.662102143451941,,,,,,,,,,,,,,,,,,
13.680345297127738,,,,,,,,,,,,,,,,,,
13.698612811085171,,,,,,,,,,,,,,,,,,
13.716904717852795,,,,,,,,,,,,,,,,,,
13.735221050002595,,,,,,,,,,,,,,,,,,
13.75356184015005,,,,,,,,,,,,,,,,,,
13.771927120954192,,,,,,,,,,,,,,,,,,
13.790316925117658,,,,,,,,,,,,,,,,,,
13.80873128538676,,,,,,,,,,,,,,,,,,
13.827170234551529,,,,,,,,,,,,,,,,,,
13.845633805445788,,,,,,,,,,,,,,,,,,
13.8641220309472,,,,,,,,,,,,,,,,,,
13.882634943977331,,,,,,,,,,,,,,,,,,
13.901172577501706,,,,,,,,,,,,,,,,,,
13.919734964529876,,,,,,,,,,,,,,,,,,
13.938322138115451,,,,,,,,,,,,,,,,,,
13.956934131356197,,,,,,,,,,,,,,,,,,
13.97557097739407,,,,,,,,,,,,,,,,,,
13.994232709415282,,,,,,,,,,,,,,,,,,
14.012919360650356,,,,,,,,,,,,,,,,,,
14.03163096437419,,,,,,,,,,,,,,,,,,
14.050367553906112,,,,,,,,,,,,,,,,,,
14.069129162609945,,,,,,,,,,,,,,,,,,
14.087915823894063,,,,,,,,,,,,,,,,,,
14.106727571211445,,,,,,,,,,,,,,,,,,
14.12556443805975,,,,,,,,,,,,,,,,,,
14.144426457981355,,,,,,,,,,,,,,,,,,
14.163313664563443,,,,,,,,,,,,,,,,,,
14.182226091438022,,,,,,,,,,,,,,,,,,
14.201163772282028,,,,,,,,,,,,,,,,,,
14.220126740817363,,,,,,,,,,,,,,,,,,
14.239115030810957,,,,,,,,,,,,,,,,,,
14.258128676074826,,,,,,,,,,,,,,,,,,
14.27716771046614,,,,,,,,,,,,,,,,,,
14.296232167887277,,,,,,,,,,,,,,,,,,
14.315322082285887,,,,,,,,,,,,,,,,,,
14.334437487654945,,,,,,,,,,,,,,,,,,
14.353578418032827,,,,,,,,,,,,,,,,,,
14.372744907503357,,,,,,,,,,,,,,,,,,
14.39193699019585,,,,,,,,,,,,,,,,,,
14.411154700285243,,,,,,,,,,,,,,,,,,
14.430398071992057,,,,,,,,,,,,,,,,,,
14.449667139582534,,,,,,,,,,,,,,,,,,
14.46896193736867,,,,,,,,,,,,,,,,,,
14.488282499708271,,,,,,,,,,,,,,,,,,
14.507628861005031,,,,,,,,,,,,,,,,,,
14.527001055708574,,,,,,,,,,,,,,,,,,
14.546399118314532,,,,,,,,,,,,,,,,,,
14.565823083364595,,,,,,,,,,,,,,,,,,
14.585272985446577,,,,,,,,,,,,,,,,,,
14.604748859194483,,,,,,,,,,,,,,,,,,
14.624250739288566,,,,,,,,,,,,,,,,,,
14.64377866045537,,,,,,,,,,,,,,,,,,
14.663332657467826,,,,,,,,,,,,,,,,,,
14.6829127651453,,,,,,,,,,,,,,,,,,
14.702519018353644,,,,,,,,,,,,,,,,,,
14.72215145200527,,,,,,,,,,,,,,,,,,
14.74181010105921,,,,,,,,,,,,,,,,,,
14.761495000521174,,,,,,,,,,,,,,,,,,
14.78120618544362,,,,,,,,,,,,,,,,,,
14.800943690925807,,,,,,,,,,,,,,,,,,
14.820707552113868,,,,,,,,,,,,,,,,,,
14.840497804200862,,,,,,,,,,,,,,,,,,
14.860314482426842,,,,,,,,,,,,,,,,,,
14.88015762207893,,,,,,,,,,,,,,,,,,
14.900027258491336,,,,,,,,,,,,,,,,,,
14.919923427045486,,,,,,,,,,,,,,,,,,
14.939846163170035,,,,,,,,,,,,,,,,,,
14.959795502340949,,,,,,,,,,,,,,,,,,
14.979771480081563,,,,,,,,,,,,,,,,,,
14.999774131962653,,,,,,,,,,,,,,,,,,
15.019803493602486,,,,,,,,,,,,,,,,,,
15.039859600666896,,,,,,,,,,,,,,,,,,
15.059942488869337,,,,,,,,,,,,,,,,,,
15.080052193970955,,,,,,,,,,,,,,,,,,
15.10018875178065,,,,,,,,,,,,,,,,,,
15.12035219815513,,,,,,,,,,,,,,,,,,
15.140542568999,,,,,,,,,,,,,,,,,,
15.16075990026478,,,,,,,,,,,,,,,,,,
15.181004227953025,,,,,,,,,,,,,,,,,,
15.201275588112347,,,,,,,,,,,,,,,,,,
15.221574016839503,,,,,,,,,,,,,,,,,,
15.241899550279445,,,,,,,,,,,,,,,,,,
15.262252224625389,,,,,,,,,,,,,,,,,,
15.282632076118885,,,,,,,,,,,,,,,,,,
15.303039141049872,,,,,,,,,,,,,,,,,,
15.32347345575675,,,,,,,,,,,,,,,,,,
15.343935056626442,,,,,,,,,,,,,,,,,,
15.364423980094456,,,,,,,,,,,,,,,,,,
15.384940262644957,,,,,,,,,,,,,,,,,,
15.405483940810834,,,,,,,,,,,,,,,,,,
15.426055051173732,,,,,,,,,,,,,,,,,,
15.446653630364171,,,,,,,,,,,,,,,,,,
15.467279715061576,,,,,,,,,,,,,,,,,,
15.48793334199435,,,,,,,,,,,,,,,,,,
15.508614547939938,,,,,,,,,,,,,,,,,,
15.5293233697249,,,,,,,,,,,,,,,,,,
15.550059844224961,,,,,,,,,,,,,,,,,,
15.570824008365097,,,,,,,,,,,,,,,,,,
15.591615899119585,,,,,,,,,,,,,,,,,,
15.612435553512073,,,,,,,,,,,,,,,,,,
15.633283008615658,,,,,,,,,,,,,,,,,,
15.654158301552908,,,,,,,,,,,,,,,,,,
15.675061469496017,,,,,,,,,,,,,,,,,,
15.69599254966676,,,,,,,,,,,,,,,,,,
15.716951579336648,,,,,,,,,,,,,,,,,,
15.737938595826948,,,,,,,,,,,,,,,,,,
15.75895363650877,,,,,,,,,,,,,,,,,,
15.779996738803117,,,,,,,,,,,,,,,,,,
15.80106794018097,,,,,,,,,,,,,,,,,,
15.822167278163336,,,,,,,,,,,,,,,,,,
15.843294790321336,,,,,,,,,,,,,,,,,,
15.864450514276248,,,,,,,,,,,,,,,,,,
15.885634487699594,,,,,,,,,,,,,,,,,,
15.906846748313203,,,,,,,,,,,,,,,,,,
15.928087333889254,,,,,,,,,,,,,,,,,,
15.949356282250383,,,,,,,,,,,,,,,,,,
15.970653631269727,,,,,,,,,,,,,,,,,,
15.991979418870994,,,,,,,,,,,,,,,,,,
16.013333683028534,,,,,,,,,,,,,,,,,,
16.0347164617674,,,,,,,,,,,,,,,,,,
16.05612779316342,,,,,,,,,,,,,,,,,,
16.07756771534327,,,,,,,,,,,,,,,,,,
16.099036266484543,,,,,,,,,,,,,,,,,,
16.12053348481579,,,,,,,,,,,,,,,,,,
16.14205940861663,,,,,,,,,,,,,,,,,,
16.163614076217783,,,,,,,,,,,,,,,,,,
16.185197526001172,,,,,,,,,,,,,,,,,,
16.20680979639994,,,,,,,,,,,,,,,,,,
16.228450925898578,,,,,,,,,,,,,,,,,,
16.25012095303295,,,,,,,,,,,,,,,,,,
16.271819916390392,,,,,,,,,,,,,,,,,,
16.29354785460975,,,,,,,,,,,,,,,,,,
16.315304806381477,,,,,,,,,,,,,,,,,,
16.337090810447684,,,,,,,,,,,,,,,,,,
16.358905905602217,,,,,,,,,,,,,,,,,,
16.38075013069072,,,,,,,,,,,,,,,,,,
16.402623524610714,,,,,,,,,,,,,,,,,,
16.424526126311658,,,,,,,,,,,,,,,,,,
16.446457974795013,,,,,,,,,,,,,,,,,,
16.468419109114343,,,,,,,,,,,,,,,,,,
16.49040956837532,,,,,,,,,,,,,,,,,,
16.51242939173587,,,,,,,,,,,,,,,,,,
16.534478618406194,,,,,,,,,,,,,,,,,,
16.55655728764885,,,,,,,,,,,,,,,,,,
16.578665438778824,,,,,,,,,,,,,,,,,,
16.600803111163607,,,,,,,,,,,,,,,,,,
16.622970344223248,,,,,,,,,,,,,,,,,,
16.645167177430434,,,,,,,,,,,,,,,,,,
16.667393650310572,,,,,,,,,,,,,,,,,,
16.689649802441835,,,,,,,,,,,,,,,,,,
16.711935673455258,,,,18.141807270742756,,,,,,,,,,,,,,
16.734251303034764,,,,17.99666087038505,,,,,,,,,,,,,,
16.756596730917327,,,,17.852675736775492,,,,,,,,,,,,,,
16.778971996892913,,,,17.709842579015824,,,,,,,,,,,,,,
16.801377140804664,,,,17.568152180540903,,,,,,,,,,,,,,
16.823812202548915,,,,17.427595398524197,,,,,,,,,,,,,,
16.846277222075273,,,,17.28816316328782,,,,,,,,,,,,,,
16.86877223938669,,,,17.149846477717258,,,,,,,,,,,,,,
16.891297294539534,,,,17.012636416680877,,,,,,,,,,,,,,
16.91385242764366,,,,16.876524126453933,,,,,,,,,,,,,,
16.93643767886249,,,,16.741500824147327,,,,,,,,,,,,,,
16.959053088413064,,,,16.607557797140835,,,,,,,,,,,,,,
16.98169869656613,,,,16.474686402520966,,,,,,,,,,,,,,
17.004374543646225,,,,16.342878066523145,,,,,,,,,,,,,,
17.02708067003169,,,,16.212124283978763,,,,,,,,,,,,,,
17.04981711615484,,,,16.082416617765812,,,,,,,,,,,,,,
17.07258392250193,,,,15.953746698265174,,,,,,,,,,,,,,
17.09538112961331,,,,15.826106222819979,,,,,,,,,,,,,,
17.11820877808344,,,,15.69948695520013,,,,,,,,,,,,,,
17.141066908561005,,,,15.57388072507079,,,,,,,,,,,,,,
17.163955561748956,,,,15.449279427465195,,,,,,,,,,,,,,
17.18687477840461,,,,15.325675022261635,,,,,,,,,,,,,,
17.20982459933969,,,,15.203059533664668,,,,,,,,,,,,,,
17.23280506542043,,,,15.081425049690461,,,,,,,,,,,,,,
17.255816217567617,,,,14.960763721656281,,,,,,,,,,,,,,
17.278858096756696,,,,14.841067763674005,,,,,,,,,,,,,,
17.301930744017827,,,,14.722329452147696,,,,,,,,,,,,,,
17.32503420043594,,,,14.6045411252754,,,,,,,,,,,,,,
17.348168507150838,,,,14.48769518255451,,,,,,,,,,,,,,
17.37133370535726,,,,14.371784084291466,,,,,,,,,,,,,,
17.394529836304955,,,,14.256800351115226,,,,,,,,,,,,,,
17.41775694129874,,,,14.14273656349463,,,,,,,,,,,,,,
17.44101506169861,,,,14.029585361259677,,,,,,,,,,,,,,
17.464304238919762,,,,13.917339443126549,,,,,,,,,,,,,,
17.487624514432714,,,,13.80599156622651,,,,,,,,,,,,,,
17.51097592976335,,,,13.695534545638534,,,,,,,,,,,,,,
17.53435852649301,,,,13.585961253925717,,,,,,,,,,,,,,
17.557772346258552,,,,13.477264620675319,,,,,,,,,,,,,,
17.58121743075244,,,,13.369437632042562,,,,,,,,,,,,,,
17.604693821722808,,,,13.262473330297999,,,,,,,,,,,,,,
17.628201560973526,,,,13.156364813378739,,,,,,,,,,,,,,
17.6517406903643,,,,13.051105234442794,,,,,,,,,,,,,,
17.67531125181072,,,,12.946687801427464,,,,,,,,,,,,,,
17.698913287284356,,,,12.843105776611035,,,,,,,,,,,,,,
17.72254683881282,,,,12.740352476177987,,,,,,,,,,,,,,
17.746211948479846,,,,12.638421269787731,,,,,,,,,,,,,,
17.76990865842535,,,,12.537305580146759,,,,,,,,,,,,,,
17.79363701084554,,,,12.436998882584257,,,,,,,,,,,,,,
17.817397047992944,,,,12.337494704631059,,,,,,,,,,,,,,
17.841188812176537,,,,12.238786625602016,,,,,,,,,,,,,,
17.865012345761762,,,,12.140868276181681,,,,,,,,,,,,,,
17.888867691170656,,,,12.043733338013343,,,,,,,,,,,,,,
17.9127548908819,,,,11.947375543291246,,,,,,,,,,,,,,
17.93667398743087,,,,11.851788674356326,,,,,,,,,,,,,,
17.960625023409772,,,,11.756966563294764,,,,,,,,,,,,,,
17.984608041467673,,,,11.662903091540171,,,,,,,,,,,,,,
18.008623084310596,,,,11.569592189478694,,,,,,,,,,,,,,
18.032670194701577,,,,11.477027836057395,,,,,,,,,,,,,,
18.056749415460768,,,,11.38520405839572,,,,,,,,,,,,,,
18.08086078946549,,,,11.2941149314001,,,,,,,,,,,,,,
18.105004359650323,,,,11.20375457738161,,,,,,,,,,,,,,
18.129180169007178,,,,11.114117165676697,,,,,,,,,,,,,,
18.15338826058537,,,,11.02519691227096,,,,,,,,,,,,,,
18.17762867749171,,,,10.9369880794259,,,,,,,,,,,,,,
18.201901462890532,,,,10.849484975308819,,,,,,,,,,,,,,
18.22620666000388,,,,10.762681953625203,,,,,,,,,,,,,,
18.25054431211143,,,,10.67657341325483,,,,,,,,,,,,,,
18.274914462550704,,,,10.591153797890025,,,,,,,,,,,,,,
18.29931715471708,,,,10.506417595677231,,,,,,,,,,,,,,
18.323752432063877,,,,10.422359338861368,,,,,,,,,,,,,,
18.348220338102447,,,,10.338973603432981,,,,,,,,,,,,,,
18.372720916402226,,,,10.256255008778284,,,,,,,,,,,,,,
18.39725421059085,,,,10.174198217331922,,,,,,,,,,,,,,
18.4218202643542,,,,10.092797934232584,,,,,,,,,,,,,,
18.446419121436488,,,,10.012048906981331,,,,,,,,,,,,,,
18.471050825640347,,,,9.931945925102685,,,,,,,,,,,,,,
18.495715420826905,,,,9.852483819808358,,,,,,,,,,,,,,
18.520412950915816,,,,9.773657463663895,,,,,,,,,,,,,,
18.54514345988546,,,,9.695461770257488,,,,,,,,,,,,,,
18.569906991772857,,,,9.617891693872172,,,,,,,,,,,,,,
18.594703590673884,,,,9.540942229159928,,,,,,,,,,,,,,
18.619533300743285,,,,9.464608410818835,,,,,,,,,,,,,,
18.64439616619476,,,,9.388885313272672,,,,,,,,,,,,,,
18.669292231301053,,,,9.313768050353055,,,,,,,,,,,,,,
18.694221540394025,,,,9.23925177498417,,,,,,,,,,,,,,
18.719184137864733,,,,9.165331678870002,,,,,,,,,,,,,,
18.74418006816351,,,,9.092002992184065,,,,,,,,,,,,,,
18.769209375800042,,,,9.019260983261624,,,,,,,,,,,,,,
18.794272105343456,,,,8.947100958294387,,,,,,,,,,,,,,
18.819368301422394,,,,8.875518261027572,,,,,,,,,,,,,,
18.844498008725054,,,,8.804508272459632,,,,,,,,,,,,,,
18.86966127199938,,,,8.734066410543862,,,,,,,,,,,,,,
18.894858136053,,,,8.664188129893148,,,,,,,,,,,,,,
18.920088645753403,,,,8.594868921486357,,,,,,,,,,,,,,
18.945352846027994,,,,8.526104312377516,,,,,,,,,,,,,,
18.97065078186416,,,,8.457889865407166,,,,,,,,,,,,,,
18.99598249830936,,,,8.390221178916043,,,,,,,,,,,,,,
19.021348040471214,,,,8.323093886461058,,,,,,,,,,,,,,
19.04674745351757,,,,8.256503656533535,,,,,,,,,,,,,,
19.072180782676583,,,,8.19044619227973,,,,,,,,,,,,,,
19.097648073236822,,,,8.124917231223517,,,,,,,,,,,,,,
19.123149370547285,,,,8.059912544991496,,,,,,,,,,,,,,
19.148684720017595,,,,7.995427939039861,,,,,,,,,,,,,,
19.174254167117944,,,,7.931459252384092,,,,,,,,,,,,,,
19.199857757379274,,,,7.868002357330178,,,,,,,,,,,,,,
19.225495536393325,,,,7.805053159208413,,,,,,,,,,,,,,
19.251167549812706,,,,7.742607596109135,,,,,,,,,,,,,,
19.27687384335099,,,,7.68066163862064,,,,,,,,,,,,,,
19.3026144627828,,,,7.619211289569162,,,,,,,,,,,,,,
19.328389453943867,,,,7.558252583760968,,,,,,,,,,,,,,
19.354198862731142,,,,7.497781587726471,,,,,,,,,,,,,,
19.380042735102847,,,,7.437794399466442,,,,,,,,,,,,,,
19.40592111707859,,,,7.378287148200207,,,,,,,,,,,,,,
19.43183405473943,,,,7.319255994115868,,,,,,,,,,,,,,
19.457781594227914,,,,7.260697128122633,,,,,,,,,,,,,,
19.483763781748284,,,,7.2026067716047955,,,,,,,,,,,,,,
19.509780663566403,,,,7.14498117617821,,,,,,,,,,,,,,
19.53583228600995,,,,7.087816623448191,,,,,,,,,,,,,,
19.561918695468467,,,,7.03110942476967,,,,,,,,,,,,,,
19.58803993839343,,,,6.974855921009178,,,,,,,,,,,,,,
19.614196061298344,,,,6.919052482308714,,,,,,,,,,,,,,
19.64038711075883,,,,6.863695507851536,,,,,,,,,,,,,,
19.666613133412696,,,,6.808781425629802,,,,,,,,,,,,,,
19.692874175960025,,,,6.754306692214089,,,,,,,,,,,,,,
19.719170285163266,,,,6.700267792524736,,,,,,,,,,,,,,
19.745501507847305,,,,6.646661239605039,,,,,,,,,,,,,,
19.771867890899564,,,,6.593483574396218,,,,,,,,,,,,,,
19.798269481270037,,,,6.540731365514324,,,,,,,,,,,,,,
19.82470632597148,,,,6.488401209028595,,,,,,,,,,,,,,
19.85117847207935,,,,6.4364897282421,,,,,,,,,,,,,,
19.877685966732013,,,,6.384993573473622,,,,,,,,,,,,,,
19.904228857130764,,,,6.333909421841622,,,,,,,,,,,,,,
19.93080719053993,,,,6.283233977049798,,,,,,,,,,,,,,
19.957421014286947,,,,6.23296396917439,,,,,,,,,,,,,,
19.98407037576245,,,,6.18309615445318,,,,,,,,,,,,,,
20.010755322420355,,,,6.1336273150761835,,,,,,,,,,,,,,
20.03747590177794,,,,6.084554258978011,,,,,,,,,,,,,,
20.06423216141594,,,,6.035873819631905,,,,,,,,,,,,,,
20.091024148978622,,,,5.987582855845397,,,,,,,,,,,,,,
20.117851912173883,,,,5.939678251557614,,,,,,,,,,,,,,
20.14471549877328,,,,5.892156915638293,,,,,,,,,,,,,,
20.17161495661224,,,,5.845015781688118,,,,,,,,,,,,,,
20.198550333589985,,,,5.798251807841117,,,,,,,,,,,,,,
20.225521677669747,,,,5.751861976568172,,,,,,,,,,,,,,
20.252529036878784,,,,5.705843294482406,,,,,,,,,,,,,,
20.27957245930849,,,,5.6601927921460025,,,,,,,,,,,,,,
20.30665199311448,,,,5.6149075238786095,,,,,,,,,,,,,,
20.333767686516666,,,,5.569984567567247,,,,,,,,,,,,,,
20.36091958779935,,,,5.525421024477774,,,,,,,,,,,,,,
20.38810774531131,,,,5.48121401906782,,,,,,,,,,,,,,
20.41533220746589,,,,5.437360698801237,,,,,,,,,,,,,,
20.44259302274105,,,,5.393858233964107,,,,,,,,,,,,,,
20.46989023967954,,,,5.350703817481972,,,,,,,,,,,,,,
20.497223906888873,,,,5.30789466473893,,,,,,,,,,,,,,
20.524594073041502,,,,5.265428013397776,,,,,,,,,,,,,,
20.552000786874864,,,,5.223301123221837,,,,,,,,,,,,,,
20.57944409719147,,,,5.181511275898139,,,,,,,,,,,,,,
20.606924052859007,,,,5.140055774861996,,,,,,,,,,,,,,
20.63444070281041,,,,5.098931945123019,,,,,,,,,,,,,,
20.66199409604395,,,,5.058137133092502,,,,,,,,,,,,,,
20.68958428162334,,,,5.017668706412196,,,,,,,,,,,,,,
20.717211308677793,,,,4.977524053784447,,,,,,,,,,,,,,
20.744875226402137,,,,4.937700584803706,,,,,,,,,,,,,,
20.772576084056894,,,,4.898195729789357,,,,,,,,,,,,,,
20.800313930968322,,,,4.85900693961998,,,,,,,,,,,,,,
20.82808881652862,,,,4.820131685568699,,,,,,,,,,,,,,
20.855900790195868,,,,4.781567459140223,,,,,,,,,,,,,,
20.88374990149423,,,,4.7433117719088145,,,,,,,,,,,,,,
20.91163620001399,,,,4.705362155357796,,,,,,,,,,,,,,
20.939559735411645,,,,4.667716160720246,,,,,,,,,,,,,,
20.96752055741001,,,,4.6303713588209945,,,,,,,,,,,,,,
20.995518715798283,,,,4.593325339919866,,,,,,,,,,,,,,
21.023554260432153,,,,4.556575713556199,,,,,,,,,,,,,,
21.05162724123388,,,,4.520120108394584,,,,,,,,,,,,,,
21.079737708192393,,,,4.4839561720718635,,,,,,,,,,,,,,
21.107885711363355,,,,4.448081571045328,,,,,,,,,,,,,,
21.136071300869297,,,,4.412493990442133,,,,,,,,,,,,,,
21.164294526899624,,,,4.377191133909997,,,,,,,,,,,,,,
21.192555439710844,,,,4.342170723468872,,,,,,,,,,,,,,
21.220854089626492,,,,4.3061174539984295,,,,,,,,,,,,,,
21.249190527037342,,,,4.2698984794175665,,,,,,,,,,,,,,
21.277564802401454,,,,4.233984144488013,,,,,,,,,,,,,,
21.305976966244252,,,,4.198371886870051,,,,,,,,,,,,,,
21.334427069158636,,,,4.163059165775933,,,,,,,,,,,,,,
21.362915161805063,,,,4.128043461788606,,,,,,,,,,,,,,
21.391441294911633,,,,4.093322276681964,,,,,,,,,,,,,,
21.42000551927419,,,,4.0588931332426075,,,,,,,,,,,,,,
21.448607885756402,,,,4.024753575093107,,,,,,,,,,,,,,
21.477248445289852,,,,3.99090116651675,,,,,,,,,,,,,,
21.505927248874155,,,,3.9573334922837478,,,,,,,,,,,,,,
21.534644347576968,,,,3.9240481574789845,,,,,,,,,,,,,,
21.563399792534227,,,,3.8910427873310094,,,,,,,,,,,,,,
21.59219363495007,,,,3.8583150270427864,,,,,,,,,,,,,,
21.621025926097055,,,,3.825862541623544,,,,,,,,,,,,,,
21.649896717316185,,,,3.793683015722254,,,,,,,,,,,,,,
21.678806060017028,,,,3.76177415346242,,,,,,,,,,,,,,
21.7077540056778,,,,3.730133678278285,,,,,,,,,,,,,,
21.73674060584545,,,,3.698759332752402,,,,,,,,,,,,,,
21.765765912135763,,,,3.6676488784545747,,,,,,,,,,,,,,
21.794829976233444,,,,3.6368000957821627,,,,,,,,,,,,,,
21.82393284989222,,,,3.6062107838017123,,,,,,,,,,,,,,
21.853074584934916,,,,3.575878760091938,,,,,,,,,,,,,,
21.882255233253574,,,,3.545801860587999,,,,,,,,,,,,,,
21.911474846809476,,,,3.5159779394271586,,,,,,,,,,,,,,
21.94073347763338,,,,3.4864048687955638,,,,,,,,,,,,,,
21.970031177825433,,,,3.4570805387765913,,,,,,,,,,,,,,
21.999367999555393,,,,3.4280028572001906,,,,,,,,,,,,,,
22.028743995062683,,,,3.3991697494936703,,,,,,,,,,,,,,
22.058159216656467,,,,3.3705791585336784,,,,,,,,,,,,,,
22.087613716715772,,,,3.34222904449943,,,,,,,,,,,,,,
22.117107547689557,,,,3.31411738472718,,,,,,,,,,,,,,
22.14664076209682,,,,3.2862421735659115,,,,,,,,,,,,,,
22.17621341252669,,,,3.2586014222342383,,,,,,,,,,,,,,
22.205825551638522,,,,3.231193158678509,,,,,,,,,,,,,,
22.23547723216196,,,,3.2040154274321577,,,,,,,,,,,,,,
22.26516850689712,,,,3.1770662894760737,,,,,,,,,,,,,,
22.294899428714547,,,,3.1503438221004085,,,,,,,,,,,,,,
22.324670050555437,,,,3.123846118767285,,,,,,,,,,,,,,
22.354480425431664,,,,3.097571288974822,,,,,,,,,,,,,,
22.384330606425888,,,,3.0715174581222477,,,,,,,,,,,,,,
22.41422064669165,,,,3.0456827673761526,,,,,,,,,,,,,,
22.44415059945347,,,,3.0200653735378724,,,,,,,,,,,,,,
22.474120518006938,,,,2.994663448911978,,,,,,,,,,,,,,
22.504130455718812,,,,2.969475181175883,,,,,,,,,,,,,,
22.534180466027106,,,,2.944498773250537,,,,,,,,,,,,,,
22.564270602441198,,,,2.9197324431722156,,,,,,,,,,,,,,
22.594400918541925,,,,2.895174423965372,,,,,,,,,,,,,,
22.624571467981625,,,,2.8708229635166185,,,,,,,,,,,,,,
22.654782304484357,,,,2.8466763244496187,,,,,,,,,,,,,,
22.685033481845842,,,,2.8227327840012615,,,,,,,,,,,,,,
22.71532505393368,,,,2.7989906338986486,,,,,,,,,,,,,,
22.745657074687383,,,,2.7754481802372606,,,,,,,,,,,,,,
22.776029598118505,,,,2.752103743360097,,,,,,,,,,,,,,
22.806442678310706,,,,2.728955657737838,,,,,,,,,,,,,,
22.83689636941987,,,,2.706002271850016,,,,,,,,,,,,,,
22.867390725674195,,,,2.6832419480671867,,,,,,,,,,,,,,
22.8979258013743,,,,2.6606730625340917,,,,,,,,,,,,,,
22.928501650893292,,,,2.638294005053802,,,,,,,,,,,,,,
22.959118328676904,,,,2.6161031789728364,,,,,,,,,,,,,,
22.98977588924357,,,,2.594099001067241,,,,,,,,,,,,,,
23.020474387184485,,,,2.5722799014296727,,,,,,,,,,,,,,
23.05121387716381,,,,2.5506443233573015,,,,,,,,,,,,,,
23.08199441391863,,,,2.5291907232408617,,,,,,,,,,,,,,
23.11281605225916,,,,2.5079175704544325,,,,,,,,,,,,,,
23.143678847068795,,,,2.4868233472462737,,,,,,,,,,,,,,
23.17458285330422,,,,2.465906548630533,,,,,,,,,,,,,,
23.205528125995492,,,,2.445165682279871,,,,,,,,,,,,,,
23.23651472024617,,,,2.4245992684189894,,,,,,,,,,,,,,
23.26754269123337,,,,2.404205839719058,,,,,,,,,,,,,,
23.298612094207908,,,,2.383983941193022,,,,,,,,,,,,,,
23.32972298449436,,,,2.3639321300917984,,,,,,,,,,,,,,
23.360875417491194,,,,2.344048975801341,,,,,,,,,,,,,,
23.392069448670846,,,,2.3243330597405634,,,,,,,,,,,,,,
23.42330513357979,,,,2.3047829752601685,,,,,,,,,,,,,,
23.45458252783876,,,,2.285397327542205,,,,,,,,,,,,,,
23.485901687142654,,,,2.2661747335006597,,,,,,,,,,,,,,
23.517262667260812,,,,2.247113821682696,,,,,,,,,,,,,,
23.548665524037023,,,,2.2282132321708468,,,,,,,,,,,,,,
23.580110313389643,,,,2.209471616485979,,,,,,,,,,,,,,
23.611597091311694,,,,2.1908876374910866,,,,,,,,,,,,,,
23.643125913870975,,,,2.1724599692958924,,,,,,,,,,,,,,
23.674696837210142,,,,2.1541872971622484,,,,,,,,,,,,,,
23.70630991754683,,,,2.1360683174103396,,,,,,,,,,,,,,
23.737965211173748,,,,2.1181017373256594,,,,,,,,,,,,,,
23.76966277445872,,,,2.1002862750668165,,,,,,,,,,,,,,
23.801402663844936,,,,2.0826206595740073,,,,,,,,,,,,,,
23.833184935850845,,,,2.0651036304784296,,,,,,,,,,,,,,
23.865009647070476,,,,2.047733938012256,,,,,,,,,,,,,,
23.89687685417333,,,,2.030510342919565,,,,,,,,,,,,,,
23.928786613904638,,,,2.0134316163678547,,,,,,,,,,,,,,
23.960738983085385,,,,1.9964965398604033,,,,,,,,,,,,,,
23.992734018612435,,,,1.9797039051493268,,,,,,,,,,,,,,
24.024771777458625,,,,1.963052514149376,,,,,,,,,,,,,,
24.056852316672867,,,,1.9465411788524585,,,,,,,,,,,,,,
24.08897569338025,,,,1.9301687212428784,,,,,,,,,,,,,,
24.121141964782147,,,,1.9139339732132905,,,,,,,,,,,,,,
24.15335118815632,,,,1.8978357764813545,,,,,,,,,,,,,,
24.185603420856975,,,,1.881872982507126,,,,,,,,,,,,,,
24.217898720314977,,,,1.8660444524110467,,,,,,,,,,,,,,
24.2502371440378,,,,1.8503490568927752,,,,,,,,,,,,,,
24.282618749609757,,,,1.8347856761505486,,,,,,,,,,,,,,
24.315043594692042,,,,1.8193531998013204,,,,,,,,,,,,,,
24.34751173702284,,,,1.8040505268015323,,,,,,,,,,,,,,
24.380023234417443,,,,1.7888765653685603,,,,,,,,,,,,,,
24.412578144768336,,,,1.7738302329028204,,,,,,,,,,,,,,
24.445176526045312,,,,1.7589104559105277,,,,,,,,,,,,,,
24.477818436295575,,,,1.7441161699271102,,,,,,,,,,,,,,
24.510503933643836,,,,1.7294463194412606,,,,,,,,,,,,,,
24.543233076292417,,,,1.7148998578196324,,,,,,,,,,,,,,
24.57600592252138,,,,1.7004757472321597,,,,,,,,,,,,,,
24.60882253068855,,,,1.6861729585780403,,,,,,,,,,,,,,
24.641682959229772,,,,1.6719904714122538,,,,,,,,,,,,,,
24.67458726665883,,,,1.6579272738728332,,,,,,,,,,,,,,
24.70753551156769,,,,1.6439823626086123,,,,,,,,,,,,,,
24.740527752626555,,,,1.6301547427076686,,,,,,,,,,,,,,
24.773564048583957,,,,1.6164434276263344,,,,,,,,,,,,,,
24.806644458266884,,,,1.6028474391188126,,,,,,,,,,,,,,
24.83976904058087,,,,1.58936580716738,,,,,,,,,,,,,,
24.872937854510113,,,,1.5759975699131827,,,,,,,,,,,,,,
24.906150959117568,,,,1.562741773587612,,,,,,,,,,,,,,
24.939408413545063,,,,1.5495974724442543,,,,,,,,,,,,,,
24.97271027701339,,,,1.5365637286914184,,,,,,,,,,,,,,
25.006056608822444,,,,1.523639612425222,,,,,,,,,,,,,,
25.03944746835124,,,,1.5108242015632718,,,,,,,,,,,,,,
25.072882915058184,,,,1.498116581778822,,,,,,,,,,,,,,
25.10636300848098,,,,1.4855158464356104,,,,,,,,,,,,,,
25.13988780823688,,,,1.4730210965231196,,,,,,,,,,,,,,
25.173457374022743,,,,1.4606314405924603,,,,,,,,,,,,,,
25.207071765615137,,,,1.4483459946927657,,,,,,,,,,,,,,
25.240731042870447,,,,1.4361638823081244,,,,,,,,,,,,,,
25.274435265724986,,,,1.4240842342950464,,,,,,,,,,,,,,
25.308184494195103,,,,1.4121061888204511,,,,,,,,,,,,,,
25.341978788377286,,,,1.4002288913001808,,,,,,,,,,,,,,
25.375818208448273,,,,1.3884514943380284,,,,,,,,,,,,,,
25.409702814665152,,,,1.37677315766528,,,,,,,,,,,,,,
25.44363266736549,,,,1.3651930480807606,,,,,,,,,,,,,,
25.47760782696737,,,,1.3537103393914105,,,,,,,,,,,,,,
25.511628353969638,,,,1.342324212353291,,,,,,,,,,,,,,
25.54569430895184,,,,1.331033854613198,,,,,,,,,,,,,,
25.579805752574472,,,,1.3198384606506526,,,,,,,,,,,,,,
25.613962745579006,,,,1.3087372317204558,,,,,,,,,,,,,,
25.648165348788023,,,,1.297729375795695,,,,,,,,,,,,,,
25.682413623105333,,,,1.2868141075112358,,,,,,,,,,,,,,
25.71670762951606,,,,1.2759906481076912,,,,,,,,,,,,,,
25.75104742908676,,,,1.2652582253758589,,,,,,,,,,,,,,
25.78543308296555,,,,1.2546160736016276,,,,,,,,,,,,,,
25.819864652382194,,,,1.2440634335113432,,,,,,,,,,,,,,
25.85434219864817,,,,1.2335995522176564,,,,,,,,,,,,,,
25.888865783156916,,,,1.2232236831657646,,,,,,,,,,,,,,
25.92343546738376,,,,1.2129350860802035,,,,,,,,,,,,,,
25.958051312886177,,,,1.202733026911988,,,,,,,,,,,,,,
25.992713381303812,,,,1.1926167777862609,,,,,,,,,,,,,,
26.02742173435863,,,,1.1825856169503566,,,,,,,,,,,,,,
26.062176433855008,,,,1.1726388287223093,,,,,,,,,,,,,,
26.09697754167986,,,,1.1627757034397905,,,,,,,,,,,,,,
26.131825119802723,,,,1.1529955374094778,,,,,,,,,,,,,,
26.166719230275902,,,,1.1432976328568496,,,,,,,,,,,,,,
26.201659935234545,,,,1.1336812978764013,,,,,,,,,,,,,,
26.236647296896773,,,,1.124145846382281,,,,,,,,,,,,,,
26.271681377563812,,,,1.114690598059337,,,,,,,,,,,,,,
26.30676223962001,,,,1.1053148783145967,,,,,,,,,,,,,,
26.34188994553312,,,,1.0960180182290993,,,,,,,,,,,,,,
26.377064557854215,,,,1.0867993545102197,,,,,,,,,,,,,,
26.412286139217944,,,,1.077658229444308,,,,,,,,,,,,,,
26.447554752342583,,,,1.0685939908497804,,,,,,,,,,,,,,
26.482870460030153,,,,1.0596059920305854,,,,,,,,,,,,,,
26.518233325166538,,,,1.0506935917300662,,,,,,,,,,,,,,
26.553643410721588,,,,1.0418561540852076,,,,,,,,,,,,,,
26.58910077974925,,,,1.0330930485812717,,,,,,,,,,,,,,
26.624605495387648,,,,1.0244036500068114,,,,,,,,,,,,,,
26.660157620859238,,,,1.0157873384090659,,,,,,,,,,,,,,
26.695757219470877,,,,1.0072434990497285,,,,,,,,,,,,,,
26.731404354613986,,,,0.9987715223610848,,,,,,,,,,,,,,
26.76709908976457,,,,0.9903708039025385,,,,,,,,,,,,,,
26.80284148848349,,,0.2482371596769092,0.9825788559601012,,,,,,,,,,,,,,
26.83863161441639,,,0.24870534540530556,0.9810553544797393,,,,,,,,,,,,,,
26.874469531293947,,,0.24917441415168584,0.979534215208524,,,,,,,,,,,,,,
26.910355302931933,,,0.24964436758145916,0.9780154344838187,,,,,,,,,,,,,,
26.946288993231327,,,0.25011520736317555,0.9764990086486659,,,,,,,,,,,,,,
26.982270666178444,,,0.2505869351685321,0.9749849340517782,,,,,,,,,,,,,,
27.01830038584503,,,0.25105955267237884,0.9734732070475299,,,,,,,,,,,,,,
27.0543782163884,,,0.2515330615527244,0.9719638239959474,,,,,,,,,,,,,,
27.090504222051525,,,0.2520074634907425,0.9704567812627013,,,,,,,,,,,,,,
27.126678467163167,,,0.25248276017077736,0.9689520752190971,,,,,,,,,,,,,,
27.16290101613799,,,0.2529589532803503,0.9674497022420666,,,,,,,,,,,,,,
27.19917193347668,,,0.25343604451016505,0.9659496587141589,,,,,,,,,,,,,,
27.235491283766,,,0.2539140355541138,0.9644519410235339,,,,,,,,,,,,,,
27.271859131679047,,,0.25439292810928454,0.9629565455639482,,,,,,,,,,,,,,
27.30827554197519,,,0.2548727238759648,0.9614634687347534,,,,,,,,,,,,,,
27.344740579500314,,,0.25535342455764987,0.959972706940882,,,,,,,,,,,,,,
27.381254309186897,,,0.2558350318610473,0.9584842565928411,,,,,,,,,,,,,,
27.4178167960541,,,0.2563175474960838,0.9569981141067037,,,,,,,,,,,,,,
27.45442810520793,,,0.2568009731759112,0.9555142759040991,,,,,,,,,,,,,,
27.49108830184131,,,0.2572853106169121,0.9540327384122056,,,,,,,,,,,,,,
27.52779745123422,,,0.2577705615387066,0.9525534980637408,,,,,,,,,,,,,,
27.564555618753822,,,0.2582567276641578,0.9510765512969533,,,,,,,,,,,,,,
27.601362869854547,,,0.2587438107193784,0.9496018945556147,,,,,,,,,,,,,,
27.638219270078242,,,0.25923181243373644,0.9481295242890103,,,,,,,,,,,,,,
27.67512488505427,,,0.25972073453986194,0.9466594369519302,,,,,,,,,,,,,,
27.71207978049959,,,0.2602105787736519,0.9451916290046638,,,,,,,,,,,,,,
27.749084022219005,,,0.26070134687427876,0.9437260969129848,,,,,,,,,,,,,,
27.786137676105085,,,0.2611930405841935,0.9422628371481508,,,,,,,,,,,,,,
27.823240808138454,,,0.2616856616491345,0.9408018461868886,,,,,,,,,,,,,,
27.860393484387817,,,0.2621792118181323,0.9393431205113881,,,,,,,,,,,,,,
27.897595771010106,,,0.2626736928435164,0.937886656609294,,,,,,,,,,,,,,
27.934847734250592,,,0.2631691064809209,0.9364324509736969,,,,,,,,,,,,,,
27.972149440443,,,0.2636654544892914,0.9349805001031245,,,,,,,,,,,,,,
28.009500956009642,,,0.2641627386308909,0.933530800501534,,,,,,,,,,,,,,
28.04690234746151,,,0.26466096067130607,0.9320833486783033,,,,,,,,,,,,,,
28.08435368139844,,,0.2651601223794536,0.9306381411482216,,,,,,,,,,,,,,
28.121855024509124,,,0.2656602255275859,0.9291951744314847,,,,,,,,,,,,,,
28.15940644357142,,,0.2661612718912991,0.9277544450536794,,,,,,,,,,,,,,
28.19700800545224,,,0.2666632632495371,0.9263159495457841,,,,,,,,,,,,,,
28.234659777107858,,,0.26716620138459923,0.9248796844441534,,,,,,,,,,,,,,
28.27236182558393,,,0.2676700880821466,0.9234456462905128,,,,,,,,,,,,,,
28.310114218015634,,,0.26817492513120794,0.9220138316319504,,,,,,,,,,,,,,
28.347917021627815,,,0.2686807143241862,0.9205842370209074,,,,,,,,,,,,,,
28.38577030373506,,,0.26918745745686484,0.919156859015171,,,,,,,,,,,,,,
28.423674131741862,,,0.26969515632841423,0.9177316941778654,,,,,,,,,,,,,,
28.461628573142704,,,0.2702038127413982,0.9163087390774437,,,,,,,,,,,,,,
28.499633695522203,,,0.27071342850178026,0.9148879902876798,,,,,,,,,,,,,,
28.537689566555223,,,0.2712240054189297,0.9134694443876598,,,,,,,,,,,,,,
28.575796254007006,,,0.27173554530562904,0.9120530979617736,,,,,,,,,,,,,,
28.61395382573323,,,0.2722480499780787,0.9106389475997092,,,,,,,,,,,,,,
28.65216234968027,,,0.272761521255906,0.9092269898964385,,,,,,,,,,,,,,
28.690421893885148,,,0.27327596096216883,0.9078172214522165,,,,,,,,,,,,,,
28.728732526475774,,,0.27379137092336403,0.9064096388725681,,,,,,,,,,,,,,
28.76709431567103,,,0.2743077529694333,0.9050042387682811,,,,,,,,,,,,,,
28.80550732978089,,,0.2748251089337697,0.9036010177553986,,,,,,,,,,,,,,
28.843971637206536,,,0.2753434406532239,0.9021999724552109,,,,,,,,,,,,,,
28.882487306440492,,,0.2758627499681112,0.9008010994942465,,,,,,,,,,,,,,
28.921054406066737,,,0.27638303872221776,0.8994043955042649,,,,,,,,,,,,,,
28.959673004760838,,,0.2769043087628071,0.8980098571222479,,,,,,,,,,,,,,
28.99834317129006,,,0.2774265619406268,0.8966174809903918,,,,,,,,,,,,,,
29.037064974513488,,,0.2779498001099151,0.8952272637560994,,,,,,,,,,,,,,
29.075838483382185,,,0.2784740251284075,0.8938392020719708,,,,,,,,,,,,,,
29.114663766939213,,,0.2789992388573426,0.8924532925957985,,,,,,,,,,,,,,
29.15354089431994,,,0.27952544316147065,0.8910695319905538,,,,,,,,,,,,,,
29.192469934751937,,,0.2800526399090575,0.8896879169243855,,,,,,,,,,,,,,
29.231450957555285,,,0.2805808309718935,0.8883084440706064,,,,,,,,,,,,,,
29.27048403214261,,,0.2811100182252992,0.8869311101076879,,,,,,,,,,,,,,
29.309569228019225,,,0.28164020354813163,0.8855559117192514,,,,,,,,,,,,,,
29.348706614783257,,,0.28217138882279197,0.8841828455940608,,,,,,,,,,,,,,
29.387896262125764,,,0.28270357593523143,0.8828119084260135,,,,,,,,,,,,,,
29.427138239830864,,,0.28323676677495807,0.8814430969141335,,,,,,,,,,,,,,
29.46643261777586,,,0.28377096323504386,0.8800764077625628,,,,,,,,,,,,,,
29.50577946593137,,,0.28430616721213114,0.8787118376805538,,,,,,,,,,,,,,
29.545178854361424,,,0.28484238060643946,0.8773493833824613,,,,,,,,,,,,,,
29.584630853223647,,,0.28537960532177215,0.8759890415877336,,,,,,,,,,,,,,
29.624135532769277,,,0.2859178432655227,0.8746308090209081,,,,,,,,,,,,,,
29.663692963343454,,,0.28645709634868344,0.873274682411597,,,,,,,,,,,,,,
29.70330321538517,,,0.2869973664858494,0.8719206584944871,,,,,,,,,,,,,,
29.742966359427506,,,0.2875386555952273,0.8705687340093256,,,,,,,,,,,,,,
29.782682466097736,,,0.28808096559864166,0.8692189057009158,,,,,,,,,,,,,,
29.82245160611743,,,0.28862429842154164,0.8678711703191078,,,,,,,,,,,,,,
29.862273850302596,,,0.28916865599300784,0.8665255246187914,,,,,,,,,,,,,,
29.902149269563804,,,0.28971404024575903,0.8651819653598879,,,,,,,,,,,,,,
29.942077934906315,,,0.2902604531161595,0.8638404893073423,,,,,,,,,,,,,,
29.9820599174302,,,0.2908078965442253,0.8625010932311157,,,,,,,,,,,,,,
30.02209528833048,,,0.2913563724736318,0.8611637739061767,,,,,,,,,,,,,,
30.0621841188972,,,0.29190588285171937,0.8598285281124969,,,,,,,,,,,,,,
30.102326480515686,,,0.2924564296295025,0.8584953526350364,,,,,,,,,,,,,,
30.142522444666493,,,0.2930080147616741,0.8571642442637442,,,,,,,,,,,,,,
30.18277208292568,,,0.29356064020661443,0.8558351997935444,,,,,,,,,,,,,,
30.223075466964872,,,0.2941143079263971,0.854508216024331,,,,,,,,,,,,,,
30.26343266855139,,,0.2946690198867963,0.8531832897609603,,,,,,,,,,,,,,
30.303843759548386,,,0.2952247780572938,0.851860417813242,,,,,,,,,,,,,,
30.344308811914985,,,0.29578158441108593,0.8505395969959326,,,,,,,,,,,,,,
30.384827897706383,,,0.2963394409250904,0.8492208241287275,,,,,,,,,,,,,,
30.425401089074008,,,0.2968983495799536,0.8479040960362528,,,,,,,,,,,,,,
30.466028458265622,,,0.29745831236005743,0.8465894095480586,,,,,,,,,,,,,,
30.50671007762546,,,0.2980193312535266,0.8452767614986104,,,,,,,,,,,,,,
30.547446019594382,,,0.29858140825223534,0.8439661487272815,,,,,,,,,,,,,,
30.588236356709906,,,0.29914454535181406,0.8426575680783478,,,,,,,,,,,,,,
30.629081161606535,,,0.2997087445516586,0.8413510164009748,,,,,,,,,,,,,,
30.669980507015634,,,0.3002740078549341,0.8400464905492168,,,,,,,,,,,,,,
30.710934465765764,,,0.30084033726858445,0.8387439873820038,,,,,,,,,,,,,,
30.75194311078271,,,0.30140773480333877,0.837443503763137,,,,,,,,,,,,,,
30.793006515089644,,,0.3019762024737184,0.8361450365612798,,,,,,,,,,,,,,
30.834124751807238,,,0.30254574229804426,0.8348485826499512,,,,,,,,,,,,,,
30.875297894153807,,,0.30311635629844363,0.8335541389075175,,,,,,,,,,,,,,
30.916526015445438,,,0.3036880465008579,0.8322617022171855,,,,,,,,,,,,,,
30.95780918909611,,,0.3042608149350493,0.8309712694669943,,,,,,,,,,,,,,
30.99914748861784,,,0.3048346636346085,0.8296828375498083,,,,,,,,,,,,,,
31.0405409876208,,,0.30540959463696116,0.8283964033633096,,,,,,,,,,,,,,
31.08198975981348,,,0.30598560998337626,0.8271119638099897,,,,,,,,,,,,,,
31.123493879002723,,,0.3065627117189717,0.8258295157971453,,,,,,,,,,,,,,
31.165053419094036,,,0.30714090189272397,0.8245490562368645,,,,,,,,,,,,,,
31.206668454091506,,,0.30772018255747263,0.8232705820460268,,,,,,,,,,,,,,
31.2483390580981,,,0.30830055576992976,0.8219940901462902,,,,,,,,,,,,,,
31.29006530531572,,,0.3088820235906864,0.8207195774640864,,,,,,,,,,,,,,
31.33184727004536,,,0.30946458808421984,0.8194470409306123,,,,,,,,,,,,,,
31.37368502668721,,,0.310048251318901,0.8181764774818231,,,,,,,,,,,,,,
31.41557864974082,,,0.31063301536700194,0.8169078840584253,,,,,,,,,,,,,,
31.45752821380522,,,0.31121888230470324,0.8156412576058684,,,,,,,,,,,,,,
31.499533793579047,,,0.31180585421210083,0.8143765950743379,,,,,,,,,,,,,,
31.54159546386069,,,0.31239393317321423,0.8131138934187487,,,,,,,,,,,,,,
31.583713299548418,,,0.3129831212759933,0.8118531495987367,,,,,,,,,,,,,,
31.62588737564052,,,0.3135734206123261,0.8105943605786514,,,,,,,,,,,,,,
31.66811776723537,,,0.3141648332780453,0.8093375233275513,,,,,,,,,,,,,,
31.71040454953174,,,0.3147573613729377,0.8080826348191907,,,,,,,,,,,,,,
31.7527477978287,,,0.31535100700074903,0.8068296920320199,,,,,,,,,,,,,,
31.79514758752593,,,0.3159457722691936,0.8055786919491721,,,,,,,,,,,,,,
31.83760399412377,,,0.316541659289961,0.8043296315584585,,,,,,,,,,,,,,
31.880117093223397,,,0.31713867017872294,0.8030825078523608,,,,,,,,,,,,,,
31.922686960526917,,,0.317736807055142,0.801837317828024,,,,,,,,,,,,,,
31.96531367183753,,,0.31833607204287817,0.8005940584872491,,,,,,,,,,,,,,
32.00799730305966,,,0.3189364672695969,0.7993527268364856,,,,,,,,,,,,,,
32.050737930199084,,,0.3195379948669764,0.7981133198868249,,,,,,,,,,,,,,
32.093535629363075,,,0.3201406569707156,0.7968758346539925,,,,,,,,,,,,,,
32.13639047676052,,,0.32074445572054094,0.7956402681583409,,,,,,,,,,,,,,
32.1793025487021,,,0.3213493932602152,0.7944066174248425,,,,,,,,,,,,,,
32.22227192160031,,,0.3219554717375432,0.7931748794830843,,,,,,,,,,,,,,
32.26529867196982,,,0.3225626933043823,0.7919450513672553,,,,,,,,,,,,,,
32.308382876427345,,,0.32317106011664665,0.7907171301161469,,,,,,,,,,,,,,
32.35152461169196,,,0.3237805743343177,0.7894911127731395,,,,,,,,,,,,,,
32.39472395458518,,,0.3243912381214501,0.7882669963861987,,,,,,,,,,,,,,
32.43798098203111,,,0.32500305364618043,0.7870447780078669,,,,,,,,,,,,,,
32.481295771056544,,,0.3256160230807341,0.7858244546952565,,,,,,,,,,,,,,
32.52466839879116,,,0.3262301486014338,0.7846060235100436,,,,,,,,,,,,,,
32.5680989424676,,,0.3268454323887064,0.7833894815184592,,,,,,,,,,,,,,
32.61158747942167,,,0.3274618766270916,0.782174825791284,,,,,,,,,,,,,,
32.655134087092435,,,0.3280794835052491,0.7809620534038395,,,,,,,,,,,,,,
32.698738843022305,,,0.3286982552159659,0.779751161435984,,,,,,,,,,,,,,
32.742401824857346,,,0.329318193956166,0.7785421469721003,,,,,,,,,,,,,,
32.786123110347184,,,0.3299393019269153,0.7773350071010957,,,,,,,,,,,,,,
32.829902777345374,,,0.3305615813334326,0.7761297389163871,,,,,,,,,,,,,,
32.87374090380935,,,0.3311850343850945,0.7749263395159018,,,,,,,,,,,,,,
32.91763756780068,,,0.33180966329544526,0.7737248060020646,,,,,,,,,,,,,,
32.96159284748516,,,0.33243547028220394,0.7725251354817938,,,,,,,,,,,,,,
33.005606821132965,,,0.3330624575672721,0.7713273250664932,,,,,,,,,,,,,,
33.04967956711878,,,0.3336906273767421,0.7701313718720454,,,,,,,,,,,,,,
33.093811163921956,,,0.3343199819409047,0.7689372730188051,,,,,,,,,,,,,,
33.138001690126636,,,0.3349505234942573,0.7677450256315912,,,,,,,,,,,,,,
33.18225122442185,,,0.3355822542755108,0.7665546268396828,,,,,,,,,,,,,,
33.226559845601805,,,0.3362151765276,0.7653660737768064,,,,,,,,,,,,,,
33.270927632565794,,,0.336849292497688,0.7641793635811368,,,,,,,,,,,,,,
33.3153546643186,,,0.3374846044371783,0.7629944933952822,,,,,,,,,,,,,,
33.35984101997037,,,0.33812111460171845,0.761811460366285,,,,,,,,,,,,,,
33.40438677873701,,,0.3387588252512122,0.7606302616456072,,,,,,,,,,,,,,
33.448992019940114,,,0.3393977386498241,0.7594508943891312,,,,,,,,,,,,,,
33.49365682300723,,,0.34003785706598977,0.7582733557571468,,,,,,,,,,,,,,
33.53838126747196,,,0.340679182772423,0.7570976429143479,,,,,,,,,,,,,,
33.58316543297412,,,0.3413217180461241,0.7559237530298242,,,,,,,,,,,,,,
33.62800939925985,,,0.34196546516838777,0.7547516832770548,,,,,,,,,,,,,,
33.67291324618181,,,0.3426104264248115,0.7535814308339015,,,,,,,,,,,,,,
33.717877053699254,,,0.34325660410530345,0.7524129928826011,,,,,,,,,,,,,,
33.76290090187818,,,0.34390400050409003,0.7512463666097616,,,,,,,,,,,,,,
33.807984870891616,,,0.3445526179197262,0.7500815492063497,,,,,,,,,,,,,,
33.85312904101948,,,0.3452024586551,0.7489185378676914,,,,,,,,,,,,,,
33.898333492649044,,,0.3458535250174451,0.7477573297934577,,,,,,,,,,,,,,
33.9435983062748,,,0.3465058193183444,0.7465979221876649,,,,,,,,,,,,,,
33.98892356249884,,,0.34715934387374275,0.7454403122586613,,,,,,,,,,,,,,
34.03430934203077,,,0.34781410100395116,0.7442844972191266,,,,,,,,,,,,,,
34.07975572568803,,,0.3484700930336577,0.7431304742860606,,,,,,,,,,,,,,
34.12526279439598,,,0.34912732229193505,0.7419782406807786,,,,,,,,,,,,,,
34.17083062918803,,,0.3497857911122481,0.7408277936289042,,,,,,,,,,,,,,
34.21645931120579,,,0.35044550183246315,0.7396791303603628,,,,,,,,,,,,,,
34.262148921699215,,,0.3511064567948556,0.7385322481093748,,,,,,,,,,,,,,
34.30789954202679,,,0.3517686583461188,0.7373871441144485,,,,,,,,,,,,,,
34.353711253655554,,,0.35243210883737114,0.7362438156183758,,,,,,,,,,,,,,
34.39958413816146,,,0.3530968106241669,0.7351022598682205,,,,,,,,,,,,,,
34.44551827722924,,,0.35376276606650126,0.7339624741153185,,,,,,,,,,,,,,
34.49151375265285,,,0.35442997752882216,0.7328244556152639,,,,,,,,,,,,,,
34.53757064633532,,,0.3550984473800352,0.7316882016279095,,,,,,,,,,,,,,
34.583689040289194,,,0.3557681779935158,0.7305537094173534,,,,,,,,,,,,,,
34.629869016636405,,,0.3564391717471139,0.7294209762519388,,,,,,,,,,,,,,
34.676110657608604,,,0.35711143102316517,0.7282899994042425,,,,,,,,,,,,,,
34.72241404554723,,,0.3577849582084982,0.7271607761510708,,,,,,,,,,,,,,
34.7687792629037,,,0.35845975569444316,0.726033303773452,,,,,,,,,,,,,,
34.81520639223949,,,0.3591358258768406,0.7249075795566308,,,,,,,,,,,,,,
34.86169551622634,,,0.3598131711560495,0.7237836007900605,,,,,,,,,,,,,,
34.908246717646406,,,0.36049179393695635,0.7226613647673973,,,,,,,,,,,,,,
34.95486007939231,,,0.36117169662898235,0.7215408687864948,,,,,,,,,,,,,,
35.00153568446748,,,0.36185288164609475,0.7204221101493938,,,,,,,,,,,,,,
35.048273615986034,,,0.36253535140681165,0.7193050861623215,,,,,,,,,,,,,,
35.09507395717323,,,0.36321910833421456,0.7181897941356783,,,,,,,,,,,,,,
35.14193679136531,,,0.36390415485595307,0.717076231384038,,,,,,,,,,,,,,
35.1888622020099,,,0.36459049340425687,0.7159643952261366,,,,,,,,,,,,,,
35.23585027266601,,,0.36527812641594226,0.7148542829848676,,,,,,,,,,,,,,
35.282901087004234,,,0.3659670563324217,0.7137458919872757,,,,,,,,,,,,,,
35.330014728806894,,,0.36665728559971217,0.7126392195645496,,,,,,,,,,,,,,
35.37719128196819,,,0.36734881666844404,0.7115342630520164,,,,,,,,,,,,,,
35.42443083049435,,,0.36804165199386984,0.7104310197891344,,,,,,,,,,,,,,
35.471733458503735,,,0.36873579403587176,0.7093294871194885,,,,,,,,,,,,,,
35.51909925022712,,,0.3694312452589733,0.7082296623907799,,,,,,,,,,,,,,
35.56652829000764,,,0.3701280081323441,0.7071315429548249,,,,,,,,,,,,,,
35.614020662301186,,,0.3708260851298127,0.7060351261675434,,,,,,,,,,,,,,
35.66157645167627,,,0.3715254787298715,0.7049404093889574,,,,,,,,,,,,,,
35.70919574281449,,,0.3722261914156894,0.7038473899831796,,,,,,,,,,,,,,
35.756878620510385,,,0.3729282256751169,0.7027560653184123,,,,,,,,,,,,,,
35.804625169671795,,,0.3736315840006976,0.7016664327669366,,,,,,,,,,,,,,
35.85243547531992,,,0.37433626888967614,0.7005784897051086,,,,,,,,,,,,,,
35.9003096225895,,,0.3750422828440067,0.6994922335133524,,,,,,,,,,,,,,
35.94824769672894,,,0.37574962837036263,0.6984076615761537,,,,,,,,,,,,,,
35.99624978310048,,,0.3764583079801447,0.6973247712820535,,,,,,,,,,,,,,
36.04431596718038,,,0.3771683241894907,0.6962435600236415,,,,,,,,,,,,,,
36.092446334558936,,,0.37787967951928275,0.6951640251975522,,,,,,,,,,,,,,
36.1406409709409,,,0.37859237649515964,0.6940861642044532,,,,,,,,,,,,,,
36.18889996214528,,,0.37930641764752104,0.6930099744490463,,,,,,,,,,,,,,
36.23722339410585,,,0.3800218055115416,0.6919354533400537,,,,,,,,,,,,,,
36.28561135287098,,,0.380738542627175,0.6908625982902186,,,,,,,,,,,,,,
36.334063924604095,,,0.38145663153916765,0.6897914067162927,,,,,,,,,,,,,,
36.382581195583526,,,0.38217607479706356,0.688721876039036,,,,,,,,,,,,,,
36.43116325220291,,,0.3828968749552164,0.6876540036832058,,,,,,,,,,,,,,
36.47981018097121,,,0.3836190345727971,0.6865877870775529,,,,,,,,,,,,,,
36.52852206851291,,,0.3843425562138034,0.6855232236548148,,,,,,,,,,,,,,
36.577299001568186,,,0.3850674424470687,0.6844603108517096,,,,,,,,,,,,,,
36.62614106699299,,,0.38579369584627154,0.6833990461089295,,,,,,,,,,,,,,
36.67504835175933,,,0.3865213189899446,0.6823394268711354,,,,,,,,,,,,,,
36.724020942955235,,,0.3872503144614827,0.6812814505869508,,,,,,,,,,,,,,
36.773058927785165,,,0.3879806848491552,0.680225114708953,,,,,,,,,,,,,,
36.822162393569876,,,0.38871243274611056,0.6791704166936722,,,,,,,,,,,,,,
36.87133142774688,,,0.3894455607503904,0.678117354001579,,,,,,,,,,,,,,
36.92056611787028,,,0.3901800714649341,0.677065924097085,,,,,,,,,,,,,,
36.96986655161126,,,0.3909159674975925,0.6760161244485297,,,,,,,,,,,,,,
37.01923281675793,,,0.391653251461133,0.6749679525281809,,,,,,,,,,,,,,
37.0686650012157,,,0.39239192597325195,0.6739214058122243,,,,,,,,,,,,,,
37.11816319300734,,,0.39313199365658247,0.6728764817807589,,,,,,,,,,,,,,
37.167727480273165,,,0.39387345713870414,0.6718331779177911,,,,,,,,,,,,,,
37.21735795127118,,,0.39461631905215205,0.6707914917112282,,,,,,,,,,,,,,
37.267054694377244,,,0.39536058203442676,0.6697514206528727,,,,,,,,,,,,,,
37.316817798085246,,,0.3961062487280031,0.6687129622384156,,,,,,,,,,,,,,
37.36664735100716,,,0.3968533217803389,0.6676761139674323,,,,,,,,,,,,,,
37.416543441873415,,,0.3976018038438871,0.6666408733433726,,,,,,,,,,,,,,
37.466506159532784,,,0.39835169757610095,0.6656072378735602,,,,,,,,,,,,,,
37.51653559295282,,,0.39910300563944817,0.664575205069181,,,,,,,,,,,,,,
37.566631831219745,,,0.3998557307014158,0.663544772445282,,,,,,,,,,,,,,
37.61679496353883,,,0.4006098754345233,0.662515937520762,,,,,,,,,,,,,,
37.66702507923442,,,0.4013654425163301,0.6614886978183668,,,,,,,,,,,,,,
37.71732226775015,,,0.4021224346294457,0.6604630508646838,,,,,,,,,,,,,,
37.76768661864908,,,0.4028808544615391,0.6594389941901349,,,,,,,,,,,,,,
37.81811822161388,,,0.4036407047053484,0.6584165253289712,,,,,,,,,,,,,,
37.86861716644696,,,0.40440198805869026,0.6573956418192674,,,,,,,,,,,,,,
37.91918354307066,,,0.4051647072244695,0.6563763412029149,,,,,,,,,,,,,,
37.96981744152739,,,0.40592886491068925,0.6553586210256164,,,,,,,,,,,,,,
38.02051895197973,,,0.40669446383045854,0.6543424788368813,,,,,,,,,,,,,,
38.0712881647108,,,0.40746150670200576,0.6533279121900162,,,,,,,,,,,,,,
38.122125170124114,,,0.40822999624868356,0.6523149186421241,,,,,,,,,,,,,,
38.17303005874405,,,0.40899993519898326,0.6513034957540927,,,,,,,,,,,,,,
38.22400292121573,,,0.4097713262865401,0.6502936410905944,,,,,,,,,,,,,,
38.2750438483054,,,0.4105441722501465,0.6492853522200758,,,,,,,,,,,,,,
38.32615293090049,,,0.41131847583375974,0.6482786267147544,,,,,,,,,,,,,,
38.37733026000979,,,0.41209423978651266,0.6472734621506119,,,,,,,,,,,,,,
38.42857592676361,,,0.4128714668627228,0.6462698561073882,,,,,,,,,,,,,,
38.47989002241394,,,0.4136501598219026,0.6452678061685762,,,,,,,,,,,,,,
38.53127263833466,,,0.4144303214287693,0.644267309921415,,,,,,,,,,,,,,
38.58272386602158,,,0.4152119544532534,0.6432683649568863,,,,,,,,,,,,,,
38.63424379709281,,,0.4159950616705115,0.6422709688697046,,,,,,,,,,,,,,
38.68583252328864,,,0.41677964586093214,0.6412751192583165,,,,,,,,,,,,,,
38.73749013647204,,,0.41756570981014995,0.6402808137248894,,,,,,,,,,,,,,
38.78921672862847,,,0.4183532563090512,0.6392880498753115,,,,,,,,,,,,,,
38.84101239186638,,,0.41914228815378807,0.6382968253191803,,,,,,,,,,,,,,
38.892877218417084,,,0.4199328081457845,0.637307137669802,,,,,,,,,,,,,,
38.944811300635116,,,0.420724819091749,0.6363189845441819,,,,,,,,,,,,,,
38.99681473099834,,,0.4215183238036837,0.6353323635630209,,,,,,,,,,,,,,
39.04888760210807,,,0.42231332509889385,0.6343472723507088,,,,,,,,,,,,,,
39.10103000668929,,,0.4231098257999987,0.6333637085353186,,,,,,,,,,,,,,
39.15324203759082,,,0.4239078287349406,0.6323816697486015,,,,,,,,,,,,,,
39.20552378778545,,,0.42470733673699634,0.6314011536259798,,,,,,,,,,,,,,
39.25787535037005,,,0.4255083526447847,0.630422157806544,,,,,,,,,,,,,,
39.31029681856595,,,0.42631087930228073,0.6294446799330424,,,,,,,,,,,,,,
39.36278828571879,,,0.42711491955882064,0.6284687176518813,,,,,,,,,,,,,,
39.415349845299026,,,0.4279204762691171,0.6274942686131133,,,,,,,,,,,,,,
39.46798159090175,,,0.4287275522932646,0.6265213304704376,,,,,,,,,,,,,,
39.5206836162472,,,0.4295361504967541,0.6255499008811882,,,,,,,,,,,,,,
39.57345601518063,,,0.430346273750479,0.6245799775063346,,,,,,,,,,,,,,
39.626298881672675,,,0.4311579249307486,0.623611558010471,,,,,,,,,,,,,,
39.67921230981943,,,0.4319711069192965,0.6226446400618129,,,,,,,,,,,,,,
39.732196393842635,,,0.43278582260329174,0.6216792213321918,,,,,,,,,,,,,,
39.78525122808987,,,0.43360207487534824,0.6207152994970488,,,,,,,,,,,,,,
39.83837690703466,,,0.43441986663353593,0.6197528722354292,,,,,,,,,,,,,,
39.89157352527673,,,0.4352392007813906,0.6187919372299767,,,,,,,,,,,,,,
39.94484117754203,,,0.43606008022792325,0.6178324921669296,,,,,,,,,,,,,,
39.99817995868315,,,0.43688250788763333,0.6168745347361109,,,,,,,,,,,,,,
40.05158996367918,,,0.4377064866805149,0.6159180626309287,,,,,,,,,,,,,,
40.105071287636164,,,0.43853201953207155,0.6149630735483647,,,,,,,,,,,,,,
40.15862402578703,,,0.4393591093733221,0.6140095651889741,,,,,,,,,,,,,,
40.212248273491994,,,0.440187759140816,0.6130575352568746,,,,,,,,,,,,,,
40.26594412623849,,,0.4410179717766387,0.6121069814597464,,,,,,,,,,,,,,
40.31971167964152,,,0.44184975022842604,0.6111579015088222,,,,,,,,,,,,,,
40.37355102944376,,,0.4426830974493727,0.6102102931188842,,,,,,,,,,,,,,
40.42746227151572,,,0.4435180163982434,0.6092641540082575,,,,,,,,,,,,,,
40.48144550185594,,,0.4443545100393831,0.6083194818988054,,,,,,,,,,,,,,
40.53550081659112,,,0.4451925813427277,0.6073762745159229,,,,,,,,,,,,,,
40.58962831197637,,,0.4460322332838149,0.606434529588532,,,,,,,,,,,,,,
40.64382808439523,,,0.4468734688437929,0.6054942448490771,,,,,,,,,,,,,,
40.6981002303601,,,0.44771629100943494,0.6045554180335162,,,,,,,,,,,,,,
40.75244484651206,,,0.44856070277314475,0.6036180468813205,,,,,,,,,,,,,,
40.806862029621456,,,0.44926015180837237,0.6028184527674435,,,,,,,,,,,,,,
40.86135187658764,,,0.44894408911999173,0.6029648920473775,,,,,,,,,,,,,,
40.9159144844395,,,0.44862824878746127,0.603111366900978,,,,,,,,,,,,,,
40.97054995033542,,,0.4483126306543495,0.603257877336887,,,,,,,,,,,,,,
41.02525837156354,,,0.4479972345643352,0.6034044233637482,,,,,,,,,,,,,,
41.08003984554192,,,0.447682060361207,0.6035510049902075,,,,,,,,,,,,,,
41.13489446981868,,,0.4473671078888633,0.6036976222249129,,,,,,,,,,,,,,
41.18982234207224,,,0.44705237699131256,0.6038442750765145,,,,,,,,,,,,,,
41.24482356011136,,,0.446737867512673,0.6039909635536646,,,,,,,,,,,,,,
41.29989822187554,,,0.4464235792971721,0.6041376876650174,,,,,,,,,,,,,,
41.3550464254349,,,0.44610951218914763,0.6042844474192294,,,,,,,,,,,,,,
41.41026826899069,,,0.44579566603304593,0.6044312428249591,,,,,,,,,,,,,,
41.465563850875114,,,0.44548204067342384,0.604578073890867,,,,,,,,,,,,,,
41.520933269551854,,,0.4451686359549466,0.6047249406256161,,,,,,,,,,,,,,
41.57637662361591,,,0.44485545172238933,0.604871843037871,,,,,,,,,,,,,,
41.631894011794024,,,0.4445424878206362,0.6050187811362987,,,,,,,,,,,,,,
41.68748553294478,,,0.44422974409468047,0.6051657549295681,,,,,,,,,,,,,,
41.74315128605871,,,0.44391722038962445,0.6053127644263506,,,,,,,,,,,,,,
41.798891370258595,,,0.4436049165506794,0.6054598096353194,,,,,,,,,,,,,,
41.854705884799515,,,0.44329283242316553,0.6056068905651497,,,,,,,,,,,,,,
41.910594929069156,,,0.4429809678525118,0.6057540072245192,,,,,,,,,,,,,,
41.9665586025878,,,0.44266932268425613,0.6059011596221071,,,,,,,,,,,,,,
42.022597005008784,,,0.4423578967640447,0.6060483477665956,,,,,,,,,,,,,,
42.07871023611835,,,0.4420466899376329,0.6061955716666679,,,,,,,,,,,,,,
42.134898395836125,,,0.4417357020508837,0.6063428313310105,,,,,,,,,,,,,,
42.19116158421502,,,0.4414249329497697,0.6064901267683109,,,,,,,,,,,,,,
42.24749990144171,,,0.4411143824803706,0.6066374579872597,,,,,,,,,,,,,,
42.3039134478365,,,0.4408040504888755,0.6067848249965487,,,,,,,,,,,,,,
42.36040232385373,,,0.44049393682158106,0.6069322278048725,,,,,,,,,,,,,,
42.41696663008187,,,0.4401840413248921,0.6070796664209275,,,,,,,,,,,,,,
42.473606467243705,,,0.43987436384532186,0.6072271408534122,,,,,,,,,,,,,,
42.53032193619651,,,0.4395649042294912,0.6073746511110274,,,,,,,,,,,,,,
42.587113137932235,,,0.43925566232412894,0.6075221972024758,,,,,,,,,,,,,,
42.64398017357772,,,0.43894663797607186,0.6076697791364624,,,,,,,,,,,,,,
42.70092314439473,,,0.4386378310322646,0.607817396921694,,,,,,,,,,,,,,
42.757942151780426,,,0.4383292413397591,0.6079650505668801,,,,,,,,,,,,,,
42.815037297267175,,,0.4380208687457154,0.6081127400807317,,,,,,,,,,,,,,
42.872208682523095,,,0.4377127130974003,0.6082604654719622,,,,,,,,,,,,,,
42.9294564093519,,,0.43740477424218915,0.6084082267492872,,,,,,,,,,,,,,
42.9867805796934,,,0.4370970520275634,0.6085560239214242,,,,,,,,,,,,,,
43.044181295623396,,,0.436789546301113,0.608703856997093,,,,,,,,,,,,,,
43.10165865935406,,,0.4364822569105343,0.6088517259850154,,,,,,,,,,,,,,
43.15921277323403,,,0.4361751837036312,0.6089996308939153,,,,,,,,,,,,,,
43.216843739748626,,,0.43586832652831453,0.6091475717325188,,,,,,,,,,,,,,
43.27455166152,,,0.4355616852326021,0.6092955485095543,,,,,,,,,,,,,,
43.33233664130735,,,0.43525525966461864,0.6094435612337518,,,,,,,,,,,,,,
43.3901987820071,,,0.43494904967259573,0.609591609913844,,,,,,,,,,,,,,
43.44813818665299,,,0.43464305510487206,0.6097396945585654,,,,,,,,,,,,,,
43.5061549584165,,,0.43433727580989234,0.6098878151766526,,,,,,,,,,,,,,
43.564249200606696,,,0.4340317116362087,0.6100359717768443,,,,,,,,,,,,,,
43.62242101667076,,,0.43372636243247886,0.6101841643678818,,,,,,,,,,,,,,
43.68067051019388,,,0.43342122804746797,0.6103323929585079,,,,,,,,,,,,,,
43.738997784899624,,,0.433116308330047,0.6104806575574677,,,,,,,,,,,,,,
43.79740294465005,,,0.4328116031291934,0.6106289581735087,,,,,,,,,,,,,,
43.85588609344592,,,0.43250711229399097,0.6107772948153803,,,,,,,,,,,,,,
43.91444733542683,,,0.4322028356736294,0.610925667491834,,,,,,,,,,,,,,
43.97308677487148,,,0.43189877311740477,0.6110740762116234,,,,,,,,,,,,,,
44.031804516197795,,,0.43159492447471903,0.6112225209835044,,,,,,,,,,,,,,
44.09060066396312,,,0.43129128959508006,0.6113710018162348,,,,,,,,,,,,,,
44.149475322864454,,,0.43098786832810165,0.6115195187185749,,,,,,,,,,,,,,
44.208428597738504,,,0.4306846605235037,0.6116680716992867,,,,,,,,,,,,,,
44.26746059356212,,,0.4303816660311111,0.6118166607671346,,,,,,,,,,,,,,
44.32657141545215,,,0.4300788847008553,0.6119652859308848,,,,,,,,,,,,,,
44.385761168666,,,0.42977631638277236,0.6121139471993063,,,,,,,,,,,,,,
44.44502995860145,,,0.4294739609270048,0.6122626445811696,,,,,,,,,,,,,,
44.504377890797116,,,0.4291718181837998,0.6124113780852475,,,,,,,,,,,,,,
44.56380507093253,,,0.4288698880035104,0.612560147720315,,,,,,,,,,,,,,
44.62331160482831,,,0.4285681702365946,0.6127089534951491,,,,,,,,,,,,,,
44.68289759844642,,,0.42826666473361574,0.6128577954185291,,,,,,,,,,,,,,
44.74256315789027,,,0.4279653713452423,0.6130066734992364,,,,,,,,,,,,,,
44.802308389405,,,0.4276642899222477,0.6131555877460546,,,,,,,,,,,,,,
44.86213339937753,,,0.4273634203155108,0.613304538167769,,,,,,,,,,,,,,
44.92203829433699,,,0.42706276237601454,0.6134535247731677,,,,,,,,,,,,,,
44.98202318095459,,,0.42676231595484754,0.6136025475710404,,,,,,,,,,,,,,
45.04208816604415,,,0.4264620809032024,0.6137516065701791,,,,,,,,,,,,,,
45.10223335656193,,,0.42616205707237736,0.6139007017793782,,,,,,,,,,,,,,
45.16245885960722,,,0.4258622443137742,0.6140498332074339,,,,,,,,,,,,,,
45.222764782422125,,,0.4255626424789001,0.6141990008631445,,,,,,,,,,,,,,
45.28315123239207,,,0.4252632514193662,0.6143482047553107,,,,,,,,,,,,,,
45.343618317045845,,,0.42496407098688843,0.6144974448927353,,,,,,,,,,,,,,
45.404166144055814,,,0.42466510103328664,0.6146467212842229,,,,,,,,,,,,,,
45.46479482123813,,,0.4243663414104852,0.6147960339385808,,,,,,,,,,,,,,
45.5255044565529,,,0.4240677919705125,0.614945382864618,,,,,,,,,,,,,,
45.58629515810443,,,0.42376945256550097,0.6150947680711457,,,,,,,,,,,,,,
45.647167034141276,,,0.42347132304768764,0.6152441895669774,,,,,,,,,,,,,,
45.7081201930567,,,0.42317340326941255,0.6153936473609286,,,,,,,,,,,,,,
45.76915474338853,,,0.4228756930831205,0.615543141461817,,,,,,,,,,,,,,
45.8302707938197,,,0.4225781923413594,0.6156926718784625,,,,,,,,,,,,,,
45.891468453178085,,,0.42228090089678155,0.6158422386196871,,,,,,,,,,,,,,
45.95274783043707,,,0.4219838186021422,0.6159918416943149,,,,,,,,,,,,,,
46.01410903471538,,,0.4216869453103008,0.6161414811111721,,,,,,,,,,,,,,
46.07555217527756,,,0.42139028087422004,0.6162911568790872,,,,,,,,,,,,,,
46.137077361534004,,,0.42109382514696614,0.6164408690068907,,,,,,,,,,,,,,
46.19868470304124,,,0.4207975779817086,0.6165906175034152,,,,,,,,,,,,,,
46.26037430950205,,,0.4205015392317201,0.6167404023774957,,,,,,,,,,,,,,
46.32214629076573,,,0.42020570875037705,0.6168902236379693,,,,,,,,,,,,,,
46.38400075682828,,,0.41991008639115823,0.6170400812936749,,,,,,,,,,,,,,
46.44593781783247,,,0.4196146720076465,0.6171899753534539,,,,,,,,,,,,,,
46.50795758406833,,,0.4193194654535266,0.6173399058261497,,,,,,,,,,,,,,
46.57006016597295,,,0.41902446658258724,0.6174898727206078,,,,,,,,,,,,,,
46.632245674131084,,,0.4187296752487191,0.6176398760456763,,,,,,,,,,,,,,
46.694514219274986,,,0.41843509130591655,0.6177899158102047,,,,,,,,,,,,,,
46.75686591228492,,,0.4181407146082757,0.6179399920230452,,,,,,,,,,,,,,
46.81930086418908,,,0.4178465450099962,0.6180901046930518,,,,,,,,,,,,,,
46.881819186163995,,,0.4175525823653796,0.6182402538290811,,,,,,,,,,,,,,
46.94442098953462,,,0.4172588265288305,0.6183904394399914,,,,,,,,,,,,,,
47.007106385774584,,,0.41696527735485545,0.6185406615346434,,,,,,,,,,,,,,
47.06987548650634,,,0.4166719346980637,0.6186909201219,,,,,,,,,,,,,,
47.132728403501424,,,0.4163787984131666,0.6188412152106259,,,,,,,,,,,,,,
47.19566524868061,,,0.41608586835497763,0.6189915468096883,,,,,,,,,,,,,,
47.25868613411406,,,0.41579314437841297,0.6191419149279564,,,,,,,,,,,,,,
47.321791172021726,,,0.4155006263384899,0.6192923195743019,,,,,,,,,,,,,,
47.38498047477322,,,0.41520831409032877,0.6194427607575979,,,,,,,,,,,,,,
47.448254154888424,,,0.4149162074891509,0.6195932384867205,,,,,,,,,,,,,,
47.51161232503726,,,0.41462430639028014,0.6197437527705474,,,,,,,,,,,,,,
47.57505509804022,,,0.41433261064914184,0.6198943036179586,,,,,,,,,,,,,,
47.63858258686841,,,0.41404112012126304,0.6200448910378363,,,,,,,,,,,,,,
47.7021949046438,,,0.41374983466227255,0.6201955150390649,,,,,,,,,,,,,,
47.765892164639396,,,0.4134587541279006,0.620346175630531,,,,,,,,,,,,,,
47.829674480279486,,,0.4131678783739791,0.620496872821123,,,,,,,,,,,,,,
47.89354196513979,,,0.4128772072564412,0.6206476066197318,,,,,,,,,,,,,,
47.95749473294769,,,0.4125867406313215,0.6207983770352505,,,,,,,,,,,,,,
48.02153289758245,,,0.41229647835475575,0.6209491840765743,,,,,,,,,,,,,,
48.08565657307533,,,0.41200642028298134,0.6211000277526002,,,,,,,,,,,,,,
48.149865873610004,,,0.41171656627233605,0.6212509080722279,,,,,,,,,,,,,,
48.21416091352241,,,0.4114269161792597,0.6214018250443589,,,,,,,,,,,,,,
48.27854180730138,,,0.411137469860292,0.6215527786778972,,,,,,,,,,,,,,
48.34300866958844,,,0.4108482271720745,0.6217037689817484,,,,,,,,,,,,,,
48.4075616151783,,,0.4105591879713492,0.621854795964821,,,,,,,,,,,,,,
48.47220075901894,,,0.410270352114959,0.6220058596360248,,,,,,,,,,,,,,
48.5369262162118,,,0.40998171945984735,0.6221569600042728,,,,,,,,,,,,,,
48.60173810201206,,,0.40969328986305853,0.6223080970784791,,,,,,,,,,,,,,
48.66663653182877,,,0.4094050631817372,0.6224592708675608,,,,,,,,,,,,,,
48.73162162122512,,,0.40911703927312876,0.6226104813804368,,,,,,,,,,,,,,
48.796693485918524,,,0.40882921799457905,0.622761728626028,,,,,,,,,,,,,,
48.86185224178107,,,0.4085415992035337,0.6229130126132579,,,,,,,,,,,,,,
48.927098004839394,,,0.4082541827575396,0.6230643333510517,,,,,,,,,,,,,,
48.99243089127524,,,0.40796696851424286,0.6232156908483373,,,,,,,,,,,,,,
49.057851017425314,,,0.40767995633139065,0.6233670851140443,,,,,,,,,,,,,,
49.123358499781844,,,0.4073931460668293,0.6235185161571046,,,,,,,,,,,,,,
49.18895345499245,,,0.4071065375785059,0.6236699839864525,,,,,,,,,,,,,,
49.25463599986061,,,0.40682013072446727,0.6238214886110242,,,,,,,,,,,,,,
49.32040625134576,,,0.4065339253628598,0.6239730300397579,,,,,,,,,,,,,,
49.386264326563484,,,0.40624792135193005,0.6241246082815947,,,,,,,,,,,,,,
49.45221034278578,,,0.4059621185500241,0.6242762233454769,,,,,,,,,,,,,,
49.518244417441224,,,0.40567651681558775,0.6244278752403499,,,,,,,,,,,,,,
49.584366668115216,,,0.4053911160071663,0.6245795639751607,,,,,,,,,,,,,,
49.6505772125501,,,0.40510591598340495,0.6247312895588585,,,,,,,,,,,,,,
49.71687616864557,,,0.40482091660304753,0.624883052000395,,,,,,,,,,,,,,
49.783263654458594,,,0.4045361177249383,0.6250348513087235,,,,,,,,,,,,,,
49.84973978820396,,,0.40425151920801977,0.6251866874928003,,,,,,,,,,,,,,
49.91630468825413,,,0.40396712091133474,0.6253385605615831,,,,,,,,,,,,,,
49.9829584731398,,,0.4036829226940241,0.6254904705240323,,,,,,,,,,,,,,
50.0497012615498,,,0.40339892441532865,0.6256424173891101,,,,,,,,,,,,,,
50.116533172331515,,,0.403115125934588,0.625794401165781,,,,,,,,,,,,,,
50.183454324491024,,,0.40283152711124043,0.625946421863012,,,,,,,,,,,,,,
50.25046483719331,,,0.4025481278048236,0.6260984794897718,,,,,,,,,,,,,,
50.317564829762475,,,0.40226492787497353,0.6262505740550315,,,,,,,,,,,,,,
50.38475442168197,,,0.40198192718142517,0.6264027055677645,,,,,,,,,,,,,,
50.45203373259479,,,0.40169912558401216,0.626554874036946,,,,,,,,,,,,,,
50.51940288230362,,,0.401416522942667,0.6267070794715537,,,,,,,,,,,,,,
50.58686199077128,,,0.4011341191174201,0.6268593218805676,,,,,,,,,,,,,,
50.65441117812058,,,0.4008519139684011,0.6270116012729693,,,,,,,,,,,,,,
50.722050564634934,,,0.40056990735583714,0.6271639176577435,,,,,,,,,,,,,,
50.78978027075816,,,0.40028809914005486,0.627316271043876,,,,,,,,,,,,,,
50.85760041709512,,,0.40000648918147796,0.6274686614403557,,,,,,,,,,,,,,
50.92551112441154,,,0.3997250773406292,0.6276210888561732,,,,,,,,,,,,,,
50.99351251363451,,,0.3994438634781291,0.6277735533003213,,,,,,,,,,,,,,
51.06160470585257,,,0.3991628474546962,0.6279260547817952,,,,,,,,,,,,,,
51.129787822315926,,,0.39888202913114723,0.6280785933095921,,,,,,,,,,,,,,
51.198061984436734,,,0.3986014083683967,0.6282311688927116,,,,,,,,,,,,,,
51.266427313789244,,,0.3983209850274569,0.6283837815401552,,,,,,,,,,,,,,
51.33488393211008,,,0.398040758969438,0.6285364312609267,,,,,,,,,,,,,,
51.40343196129832,,,0.3977607300555482,0.6286891180640323,,,,,,,,,,,,,,
51.472071523415984,,,0.3974808981470925,0.62884184195848,,,,,,,,,,,,,,
51.540802740687894,,,0.39720126310547443,0.6289946029532802,,,,,,,,,,,,,,
51.60962573550227,,,0.39692182479219423,0.6291474010574457,,,,,,,,,,,,,,
51.6785406304106,,,0.39664258306885025,0.629300236279991,,,,,,,,,,,,,,
51.74754754812809,,,0.3963635377971378,0.6294531086299332,,,,,,,,,,,,,,
51.81664661153381,,,0.39608468883884945,0.6296060181162915,,,,,,,,,,,,,,
51.88583794367089,,,0.3958060360558753,0.629758964748087,,,,,,,,,,,,,,
51.95512166774678,,,0.3955275793102023,0.6299119485343435,,,,,,,,,,,,,,
52.024497907133444,,,0.3952493184639148,0.6300649694840866,,,,,,,,,,,,,,
52.0939667853676,,,0.39497125337919387,0.6302180276063443,,,,,,,,,,,,,,
52.163528426150826,,,0.3946933839183179,0.6303711229101465,,,,,,,,,,,,,,
52.23318295335009,,,0.39441570994366165,0.6305242554045257,,,,,,,,,,,,,,
52.302930490997504,,,0.3941382313176973,0.6306774250985163,,,,,,,,,,,,,,
52.372771163291056,,,0.3938609479029933,0.6308306320011551,,,,,,,,,,,,,,
52.44270509459434,,,0.3935838595622152,0.6309838761214809,,,,,,,,,,,,,,
52.51273240943723,,,0.39330696615812455,0.6311371574685348,,,,,,,,,,,,,,
52.582853232515696,,,0.3930302675535802,0.6312904760513601,,,,,,,,,,,,,,
52.653067688692346,,,0.392753763611537,0.6314438318790022,,,,,,,,,,,,,,
52.72337590299647,,,0.39247745419504637,0.6315972249605089,,,,,,,,,,,,,,
52.793778000624314,,,0.3922013391672561,0.6317506553049299,,,,,,,,,,,,,,
52.8642741069393,,,0.39192541839141,0.6319041229213174,,,,,,,,,,,,,,
52.93486434747225,,,0.3916496917308485,0.6320576278187257,,,,,,,,,,,,,,
53.00554884792164,,,0.39137415904900774,0.6322111700062112,,,,,,,,,,,,,,
53.07632773415368,,,0.3910988202094206,0.6323647494928324,,,,,,,,,,,,,,
53.14720113220284,,,0.390823675075715,0.6325183662876506,,,,,,,,,,,,,,
53.21816916827167,,,0.39054872351161574,0.6326720203997284,,,,,,,,,,,,,,
53.28923196873146,,,0.3902739653809427,0.6328257118381313,,,,,,,,,,,,,,
53.36038966012202,,,0.38999940054761245,0.6329794406119268,,,,,,,,,,,,,,
53.43164236915235,,,0.3897250288756362,0.6331332067301846,,,,,,,,,,,,,,
53.50299022270046,,,0.3894508502291219,0.6332870102019764,,,,,,,,,,,,,,
53.57443334781389,,,0.3891768644722724,0.6334408510363764,,,,,,,,,,,,,,
53.64597187170978,,,0.3889030714693864,0.633594729242461,,,,,,,,,,,,,,
53.71760592177519,,,0.38862947108485796,0.6337486448293084,,,,,,,,,,,,,,
53.78933562556724,,,0.3883560631831765,0.6339025978059996,,,,,,,,,,,,,,
53.86116111081339,,,0.3880828476289269,0.6340565881816173,,,,,,,,,,,,,,
53.93308250541169,,,0.3878098242867891,0.6342106159652466,,,,,,,,,,,,,,
54.005099937430856,,,0.38753699302153877,0.634364681165975,,,,,,,,,,,,,,
54.07721353511081,,,0.3872643536980459,0.634518783792892,,,,,,,,,,,,,,
54.1494234268625,,,0.3869919061812762,0.6346729238550891,,,,,,,,,,,,,,
54.221729741268554,,,0.38671965033629,0.6348271013616604,,,,,,,,,,,,,,
54.294132607083085,,,0.386447586028243,0.6349813163217022,,,,,,,,,,,,,,
54.36663215323235,,,0.386175713122385,0.6351355687443127,,,,,,,,,,,,,,
54.439228508814566,,,0.38590403148406155,0.6352898586385922,,,,,,,,,,,,,,
54.51192180310045,,,0.3856325409787122,0.6354441860136439,,,,,,,,,,,,,,
54.58471216553331,,,0.38536124147187156,0.6355985508785728,,,,,,,,,,,,,,
54.657599725729305,,,0.38509013282916865,0.6357529532424858,,,,,,,,,,,,,,
54.73058461347765,,,0.384819214916327,0.6359073931144925,,,,,,,,,,,,,,
54.803666958740905,,,0.3845484875991648,0.6360618705037046,,,,,,,,,,,,,,
54.87684689165516,,,0.38427795074359433,0.6362163854192358,,,,,,,,,,,,,,
54.9501245425302,,,0.3840076042156228,0.636370937870202,,,,,,,,,,,,,,
55.02350004184997,,,0.38373744788135083,0.6365255278657219,,,,,,,,,,,,,,
55.09697352027248,,,0.383467481606974,0.6366801554149156,,,,,,,,,,,,,,
55.17054510863038,,,0.38319770525878155,0.6368348205269061,,,,,,,,,,,,,,
55.24421493793086,,,0.38292811870315696,0.636989523210818,,,,,,,,,,,,,,
55.31798313935616,,,0.3826587218065779,0.6371442634757788,,,,,,,,,,,,,,
55.391849844263625,,,0.38238951443561553,0.6372990413309175,,,,,,,,,,,,,,
55.46581518418604,,,0.38212049645693524,0.6374538567853659,,,,,,,,,,,,,,
55.53987929083182,,,0.3818516677372962,0.6376087098482577,,,,,,,,,,,,,,
55.61404229608523,,,0.3815830281435511,0.6377636005287289,,,,,,,,,,,,,,
55.68830433200667,,,0.38131457754264647,0.6379185288359178,,,,,,,,,,,,,,
55.76266553083287,,,0.3810463158016224,0.6380734947789648,,,,,,,,,,,,,,
55.837126024977145,,,0.38077824278761246,0.6382284983670126,,,,,,,,,,,,,,
55.911685947029554,,,0.3805103583678441,0.6383835396092059,,,,,,,,,,,,,,
55.98634542975736,,,0.38024266240963733,0.6385386185146922,,,,,,,,,,,,,,
56.06110460610491,,,0.3799751547804065,0.6386937350926204,,,,,,,,,,,,,,
56.13596360919429,,,0.37970783534765834,0.6388488893521423,,,,,,,,,,,,,,
56.21092257232516,,,0.37944070397899343,0.6390040813024116,,,,,,,,,,,,,,
56.285981628975264,,,0.3791737605421053,0.6391593109525843,,,,,,,,,,,,,,
56.36114091280058,,,0.3789070049047804,0.6393145783118187,,,,,,,,,,,,,,
56.43640055763554,,,0.37864043693489835,0.6394698833892751,,,,,,,,,,,,,,
56.51176069749329,,,0.37837405650043177,0.6396252261941163,,,,,,,,,,,,,,
56.58722146656593,,,0.37810786346944597,0.6397806067355073,,,,,,,,,,,,,,
56.662782999224774,,,0.37784185771009915,0.639936025022615,,,,,,,,,,,,,,
56.738445430020455,,,0.37757603909064263,0.6400914810646088,,,,,,,,,,,,,,
56.814208893683464,,,0.3773104074794197,0.6402469748706604,,,,,,,,,,,,,,
56.890073525123974,,,0.377044962744867,0.6404025064499435,,,,,,,,,,,,,,
56.96603945943253,,,0.37677970475551303,0.6405580758116343,,,,,,,,,,,,,,
57.04210683187984,,,0.3765146333799795,0.6407136829649107,,,,,,,,,,,,,,
57.118275777917475,,,0.3762497484869799,0.6408693279189537,,,,,,,,,,,,,,
57.19454643317766,,,0.37598504994532056,0.6410250106829456,,,,,,,,,,,,,,
57.27091893347387,,,0.3757205376238999,0.6411807312660716,,,,,,,,,,,,,,
57.347393414800884,,,0.3754562113917086,0.6413364896775188,,,,,,,,,,,,,,
57.42397001333507,,,0.3751920711178294,0.6414922859264766,,,,,,,,,,,,,,
57.50064886543466,,,0.37492811667143733,0.6416481200221366,,,,,,,,,,,,,,
57.577430107639955,,,0.3746643479217994,0.6418039919736929,,,,,,,,,,,,,,
57.6543138766736,,,0.3744007647382744,0.6419599017903415,,,,,,,,,,,,,,
57.73130030944069,,,0.3741373669903135,0.6421158494812805,,,,,,,,,,,,,,
57.80838954302936,,,0.37387415454745904,0.6422718350557111,,,,,,,,,,,,,,
57.885581714710526,,,0.3736111272793459,0.6424278585228355,,,,,,,,,,,,,,
57.962876961938676,,,0.37334828505569995,0.6425839198918591,,,,,,,,,,,,,,
58.0402754223516,,,0.37308562774633924,0.6427400191719891,,,,,,,,,,,,,,
58.11777723377108,,,0.37282315522117304,0.642896156372435,,,,,,,,,,,,,,
58.19538253420277,,,0.3725608673502024,0.6430523315024087,,,,,,,,,,,,,,
58.27309146183671,,,0.3722987640035198,0.643208544571124,,,,,,,,,,,,,,
58.35090415504741,,,0.372036845051309,0.6433647955877972,,,,,,,,,,,,,,
58.42882075239418,,,0.37177511036384503,0.643521084561647,,,,,,,,,,,,,,
58.506841392621354,,,0.3715135598114945,0.6436774115018938,,,,,,,,,,,,,,
58.584966214658515,,,0.37125219326471476,0.6438337764177609,,,,,,,,,,,,,,
58.6631953576208,,,0.37099101059405465,0.6439901793184732,,,,,,,,,,,,,,
58.741528960808985,,,0.3707300116701542,0.6441466202132583,,,,,,,,,,,,,,
58.81996716371006,,,0.37046919636374376,0.644303099111346,,,,,,,,,,,,,,
58.898510105997055,,,0.3702085645456456,0.6444596160219678,,,,,,,,,,,,,,
58.97715792752972,,,0.36994811608677186,0.6446161709543583,,,,,,,,,,,,,,
59.05591076835433,,,0.36968785085812644,0.6447727639177537,,,,,,,,,,,,,,
59.13476876870442,,,0.3694277687308032,0.6449293949213928,,,,,,,,,,,,,,
59.21373206900055,,,0.36916786957598713,0.6450860639745164,,,,,,,,,,,,,,
59.29280080985092,,,0.36890815326495385,0.6452427710863676,,,,,,,,,,,,,,
59.371975132051446,,,0.36864861966906937,0.645399516266192,,,,,,,,,,,,,,
59.45125517658605,,,0.3683892686597902,0.645556299523237,,,,,,,,,,,,,,
59.53064108462693,,,0.3681301001086634,0.6457131208667526,,,,,,,,,,,,,,
59.610132997534755,,,0.36787111388732635,0.6458699803059909,,,,,,,,,,,,,,
59.68973105685903,,,0.36761230986750665,0.6460268778502063,,,,,,,,,,,,,,
59.76943540433812,,,0.3673536879210224,0.6461838135086554,,,,,,,,,,,,,,
59.84924618189987,,,0.3670952479197814,0.6463407872905972,,,,,,,,,,,,,,
59.929163531661416,,,0.3668369897357822,0.6464977992052925,,,,,,,,,,,,,,
60.009187595929895,,,0.3665789132411127,0.6466548492620051,,,,,,,,,,,,,,
60.08931851720225,,,0.3663210183079515,0.6468119374700003,,,,,,,,,,,,,,
60.16955643816585,,,0.3660633048085666,0.6469690638385461,,,,,,,,,,,,,,
60.24990150169853,,,0.36580577261531605,0.6471262283769127,,,,,,,,,,,,,,
60.33035385086893,,,0.3655484216006477,0.6472834310943724,,,,,,,,,,,,,,
60.41091362893675,,,0.36529125163709913,0.6474406720001997,,,,,,,,,,,,,,
60.49158097935293,,,0.36503426259729754,0.6475979511036717,,,,,,,,,,,,,,
60.57235604576006,,,0.3647774543539598,0.6477552684140675,,,,,,,,,,,,,,
60.653238971992366,,,0.36452082677989245,0.6479126239406683,,,,,,,,,,,,,,
60.73422990207638,,,0.3642643797479911,0.6480700176927581,,,,,,,,,,,,,,
60.81532898023069,,,0.3640081131312414,0.6482274496796223,,,,,,,,,,,,,,
60.89653635086671,,,0.36375202680271757,0.6483849199105497,,,,,,,,,,,,,,
60.97785215858846,,,0.363496120635584,0.6485424283948301,,,,,,,,,,,,,,
61.059276548193274,,,0.3632403945030935,0.6486999751417565,,,,,,,,,,,,,,
61.140809664671636,,,0.36298484827858873,0.6488575601606238,,,,,,,,,,,,,,
61.22245165320774,,,0.362729481835501,0.6490151834607292,,,,,,,,,,,,,,
61.30420265917965,,,0.36247429504735085,0.649172845051372,,,,,,,,,,,,,,
61.38606282815952,,,0.36221928778774776,0.6493305449418539,,,,,,,,,,,,,,
61.46803230591391,,,0.36196445993039006,0.6494882831414792,,,,,,,,,,,,,,
61.55011123840401,,,0.36170981134906516,0.6496460596595537,,,,,,,,,,,,,,
61.63229977178595,,,0.3614553419176489,0.6498038745053862,,,,,,,,,,,,,,
61.71459805241091,,,0.3612010515101063,0.6499617276882872,,,,,,,,,,,,,,
61.797006226825694,,,0.36094694000049055,0.65011961921757,,,,,,,,,,,,,,
61.87952444177256,,,0.36069300726294407,0.6502775491025495,,,,,,,,,,,,,,
61.96215284418994,,,0.36043925317169695,0.6504355173525436,,,,,,,,,,,,,,
62.04489158121225,,,0.36018567760106884,0.6505935239768718,,,,,,,,,,,,,,
62.1277408001706,,,0.35993228042546666,0.6507515689848563,,,,,,,,,,,,,,
62.21070064859264,,,0.3596790615193867,0.6509096523858214,,,,,,,,,,,,,,
62.293771274203124,,,0.359426020757413,0.6510677741890937,,,,,,,,,,,,,,
62.37695282492404,,,0.35917315801421784,0.651225934404002,,,,,,,,,,,,,,
62.460245448874886,,,0.3589204731645619,0.6513841330398776,,,,,,,,,,,,,,
62.54364929437296,,,0.35866796608329365,0.6515423701060536,,,,,,,,,,,,,,
62.627164509933614,,,0.35841563664535003,0.6517006456118659,,,,,,,,,,,,,,
62.710791244270524,,,0.3581634847257555,0.6518589595666525,,,,,,,,,,,,,,
62.794529646295835,,,0.3579115101996229,0.6520173119797532,,,,,,,,,,,,,,
62.87837986512075,,,0.35765971294215254,0.6521757028605109,,,,,,,,,,,,,,
62.962342050055334,,,0.3574080928286329,0.6523341322182699,,,,,,,,,,,,,,
63.04641635060928,,,0.35715664973443956,0.6524926000623776,,,,,,,,,,,,,,
63.13060291649167,,,0.35690538353503676,0.6526511064021829,,,,,,,,,,,,,,
63.21490189761173,,,0.3566542941059752,0.6528096512470377,,,,,,,,,,,,,,
63.299313444078685,,,0.3564033813228943,0.6529682346062957,,,,,,,,,,,,,,
63.38383770620227,,,0.35615264506152006,0.6531268564893128,,,,,,,,,,,,,,
63.468474834492945,,,0.3559020851976663,0.6532855169054476,,,,,,,,,,,,,,
63.55322497966212,,,0.35565170160723425,0.6534442158640605,,,,,,,,,,,,,,
63.63808829262248,,,0.35540149416621225,0.6536029533745147,,,,,,,,,,,,,,
63.723064924488185,,,0.35515146275067605,0.6537617294461752,,,,,,,,,,,,,,
63.80815502657525,,,0.35490160723678843,0.6539205440884094,,,,,,,,,,,,,,
63.8933587504016,,,0.3546519275007996,0.6540793973105871,,,,,,,,,,,,,,
63.9786762476877,,,0.35440242341904626,0.6542382891220804,,,,,,,,,,,,,,
64.06410767035638,,,0.3541530948679529,0.6543972195322634,,,,,,,,,,,,,,
64.14965317053354,,,0.35390394172403,0.6545561885505128,,,,,,,,,,,,,,
64.23531290054805,,,0.35365496386387585,0.6547151961862073,,,,,,,,,,,,,,
64.32108701293227,,,0.35340616116417495,0.6548742424487283,,,,,,,,,,,,,,
64.40697566042223,,,0.35315753350169876,0.6550333273474589,,,,,,,,,,,,,,
64.49297899595791,,,0.3529090807533054,0.6551924508917849,,,,,,,,,,,,,,
64.5790971726835,,,0.3526608027959396,0.6553516130910942,,,,,,,,,,,,,,
64.66533034394769,,,0.3524126995066328,0.6555108139547772,,,,,,,,,,,,,,
64.75167866330393,,,0.3521647707625027,0.6556700534922262,,,,,,,,,,,,,,
64.83814228451072,,,0.35191701644075374,0.6558293317128361,,,,,,,,,,,,,,
64.92472136153194,,,0.3516694364186764,0.655988648626004,,,,,,,,,,,,,,
65.01141604853686,,,0.35142203057364796,0.6561480042411293,,,,,,,,,,,,,,
65.0982264999009,,,0.35117479878313146,0.6563073985676136,,,,,,,,,,,,,,
65.18515287020533,,,0.3509277409246766,0.6564668316148607,,,,,,,,,,,,,,
65.27219531423812,,,0.3506808568759187,0.656626303392277,,,,,,,,,,,,,,
65.35935398699365,,,0.3504341465145798,0.656785813909271,,,,,,,,,,,,,,
65.44662904367345,,,0.3501876097184675,0.6569453631752534,,,,,,,,,,,,,,
65.53402063968626,,,0.3499412463654756,0.6571049511996372,,,,,,,,,,,,,,
65.6215289306483,,,0.3496950563335835,0.657264577991838,,,,,,,,,,,,,,
65.7091540723836,,,0.3494490395008568,0.6574242435612733,,,,,,,,,,,,,,
65.79689622092428,,,0.3492031957454468,0.657583947917363,,,,,,,,,,,,,,
65.88475553251084,,,0.3489575249455902,0.6577436910695293,,,,,,,,,,,,,,
65.97273216359224,,,0.34871202697961,0.6579034730271968,,,,,,,,,,,,,,
66.06082627082665,,,0.34846670172591404,0.6580632937997923,,,,,,,,,,,,,,
66.1490380110811,,,0.3482215490629965,0.6582231533967449,,,,,,,,,,,,,,
66.23736754143238,,,0.34797656886943623,0.658383051827486,,,,,,,,,,,,,,
66.32581501916675,,,0.3477317610238982,0.658542989101449,,,,,,,,,,,,,,
66.41438060178078,,,0.34748712540513216,0.6587029652280704,,,,,,,,,,,,,,
66.50306444698109,,,0.34724266189197367,0.6588629802167879,,,,,,,,,,,,,,
66.59186671268503,,,0.3469983703633432,0.6590230340770423,,,,,,,,,,,,,,
66.6807875570208,,,0.34675425069824656,0.6591831268182766,,,,,,,,,,,,,,
66.76982713832774,,,0.3465103027757746,0.6593432584499357,,,,,,,,,,,,,,
66.8589856151566,,,0.34626652647510325,0.6595034289814671,,,,,,,,,,,,,,
66.94826314626988,,,0.34602292167549353,0.6596636384223205,,,,,,,,,,,,,,
67.03765989064208,,,0.34577948825629107,0.6598238867819479,,,,,,,,,,,,,,
67.12717600745988,,,0.3455362260969271,0.6599841740698037,,,,,,,,,,,,,,
67.21681165612273,,,0.34529313507691667,0.6601445002953445,,,,,,,,,,,,,,
67.30656699624267,,,0.3450502150758606,0.6603048654680292,,,,,,,,,,,,,,
67.39644218764514,,,0.3448074659734436,0.6604652695973191,,,,,,,,,,,,,,
67.48643739036872,,,0.3445648876494356,0.6606257126926774,,,,,,,,,,,,,,
67.57655276466598,,,0.3443224799836907,0.6607861947635704,,,,,,,,,,,,,,
67.66678847100322,,,0.34408024285614786,0.6609467158194657,,,,,,,,,,,,,,
67.75714467006117,,,0.34383817614683027,0.6611072758698341,,,,,,,,,,,,,,
67.84762152273505,,,0.34359627973584567,0.661267874924148,,,,,,,,,,,,,,
67.93821919013497,,,0.343354553503386,0.6614285129918825,,,,,,,,,,,,,,
68.02893783358613,,,0.34311299732972766,0.6615891900825152,,,,,,,,,,,,,,
68.11977761462919,,,0.3428716110952312,0.6617499062055252,,,,,,,,,,,,,,
68.2107386950205,,,0.34263039468034107,0.6619106613703949,,,,,,,,,,,,,,
68.3018212367323,,,0.3423893479655865,0.6620714555866082,,,,,,,,,,,,,,
68.39302540195338,,,0.34214847083158,0.6622322888636517,,,,,,,,,,,,,,
68.48435135308877,,,0.3419077631590188,0.6623931612110142,,,,,,,,,,,,,,
68.57579925276067,,,0.3416672248286833,0.6625540726381871,,,,,,,,,,,,,,
68.66736926380815,,,0.34142685572143844,0.6627150231546634,,,,,,,,,,,,,,
68.75906154928802,,,0.3411866557182324,0.6628760127699392,,,,,,,,,,,,,,
68.85087627247452,,,0.3409466247000978,0.6630370414935124,,,,,,,,,,,,,,
68.94281359686012,,,0.3407067625481503,0.6631981093348833,,,,,,,,,,,,,,
69.0348736861555,,,0.3404670691435896,0.6633592163035547,,,,,,,,,,,,,,
69.12705670429001,,,0.34022754436769875,0.6635203624090315,,,,,,,,,,,,,,
69.21936281541186,,,0.33998818810184445,0.6636815476608209,,,,,,,,,,,,,,
69.31179218388844,,,0.33974900022747684,0.6638427720684327,,,,,,,,,,,,,,
69.40434497430668,,,0.3395099806261293,0.6640040356413787,,,,,,,,,,,,,,
69.49702135147315,,,0.3392711291794191,0.664165338389173,,,,,,,,,,,,,,
69.58982148041471,,,0.33903244576904584,0.6643266803213324,,,,,,,,,,,,,,
69.68274552637833,,,0.33879393027679344,0.6644880614473753,,,,,,,,,,,,,,
69.77579365483186,,,0.338555582584528,0.6646494817768234,,,,,,,,,,,,,,
69.86896603146391,,,0.3383174025741994,0.6648109413191997,,,,,,,,,,,,,,
69.96226282218447,,,0.3380793901278404,0.6649724400840302,,,,,,,,,,,,,,
70.05568419312503,,,0.33784154512756653,0.6651339780808428,,,,,,,,,,,,,,
70.1492303106389,,,0.3376038674555766,0.6652955553191683,,,,,,,,,,,,,,
70.24290134130153,,,0.33736635699415196,0.665457171808539,,,,,,,,,,,,,,
70.33669745191084,,,0.337129013625657,0.6656188275584901,,,,,,,,,,,,,,
70.43061880948741,,,0.3368918372325389,0.665780522578559,,,,,,,,,,,,,,
70.52466558127489,,,0.3366548276973273,0.6659422568782852,,,,,,,,,,,,,,
70.61883793474028,,,0.3364179849026346,0.666104030467211,,,,,,,,,,,,,,
70.71313603757406,,,0.33618130873115604,0.6662658433548804,,,,,,,,,,,,,,
70.80756005769085,,,0.3359447990656688,0.6664276955508401,,,,,,,,,,,,,,
70.90211016322925,,,0.3357084557890334,0.666589587064639,,,,,,,,,,,,,,
70.99678652255263,,,0.3354722787841917,0.6667515179058285,,,,,,,,,,,,,,
71.09158930424893,,,0.33523626793416883,0.6669134880839621,,,,,,,,,,,,,,
71.18651867713136,,,0.33500042312207173,0.6670754976085959,,,,,,,,,,,,,,
71.28157481023851,,,0.33476474423108976,0.6672375464892877,,,,,,,,,,,,,,
71.37675787283469,,,0.33452923114449434,0.6673996347355983,,,,,,,,,,,,,,
71.47206803441021,,,0.33429388374563906,0.6675617623570905,,,,,,,,,,,,,,
71.56750546468176,,,0.3340587019179596,0.6677239293633296,,,,,,,,,,,,,,
71.6630703335926,,,0.33382368554497355,0.6678861357638831,,,,,,,,,,,,,,
71.75876281131286,,,0.33358883451028076,0.6680483815683207,,,,,,,,,,,,,,
71.85458306824012,,,0.33335414869756247,0.6682106667862148,,,,,,,,,,,,,,
71.95053127499918,,,0.33311962799058226,0.6683729914271396,,,,,,,,,,,,,,
72.04660760244299,,,0.3328852722731849,0.668535355500672,,,,,,,,,,,,,,
72.14281222165235,,,0.3326510814292976,0.6686977590163912,,,,,,,,,,,,,,
72.23914530393681,,,0.3324170553429285,0.6688602019838789,,,,,,,,,,,,,,
72.33560702083439,,,0.33218319389816797,0.6690226844127184,,,,,,,,,,,,,,
72.43219754411233,,,0.3319494969791875,0.6691852063124961,,,,,,,,,,,,,,
72.52891704576719,,,0.33171596447024027,0.6693477676928005,,,,,,,,,,,,,,
72.6257656980252,,,0.3314825962556608,0.6695103685632223,,,,,,,,,,,,,,
72.72274367334256,,,0.331249392219865,0.6696730089333546,,,,,,,,,,,,,,
72.81985114440577,,,0.3310163522473501,0.6698356888127929,,,,,,,,,,,,,,
72.91708828413195,,,0.3307834762226946,0.669998408211135,,,,,,,,,,,,,,
73.01445526566896,,,0.33055076403055833,0.6701611671379807,,,,,,,,,,,,,,
73.11195226239612,,,0.33031821555568186,0.670323965602933,,,,,,,,,,,,,,
73.20957944792399,,,0.3300858306828875,0.670486803615596,,,,,,,,,,,,,,
73.30733699609523,,,0.3298536092970778,0.6706496811855773,,,,,,,,,,,,,,
73.40522508098437,,,0.32962155128323706,0.6708125983224862,,,,,,,,,,,,,,
73.50324387689862,,,0.32938965652642976,0.6709755550359345,,,,,,,,,,,,,,
73.60139355837778,,,0.32915792491180196,0.6711385513355362,,,,,,,,,,,,,,
73.69967430019476,,,0.32892635632457995,0.6713015872309078,,,,,,,,,,,,,,
73.79808627735586,,,0.32869495065007104,0.671464662731668,,,,,,,,,,,,,,
73.89662966510109,,,0.32846370777366324,0.6716277778474381,,,,,,,,,,,,,,
73.99530463890441,,,0.328232627580825,0.6717909325878415,,,,,,,,,,,,,,
74.09411137447412,,,0.32800170995710554,0.6719541269625038,,,,,,,,,,,,,,
74.19305004775319,,,0.3277709547881345,0.6721173609810533,,,,,,,,,,,,,,
74.29212083491936,,,0.3275403619596221,0.6722806346531204,,,,,,,,,,,,,,
74.39132391238587,,,0.32730993135735875,0.6724439479883378,,,,,,,,,,,,,,
74.49065945680128,,,0.3270796628672155,0.6726073009963409,,,,,,,,,,,,,,
74.59012764505027,,,0.32684955637514324,0.6727706936867671,,,,,,,,,,,,,,
74.68972865425347,,,0.32661961176717375,0.6729341260692561,,,,,,,,,,,,,,
74.78946266176828,,,0.3263898289294182,0.6730975981534502,,,,,,,,,,,,,,
74.8893298451887,,,0.32616020774806864,0.6732611099489938,,,,,,,,,,,,,,
74.98933038234597,,,0.3259307481093968,0.6734246614655338,,,,,,,,,,,,,,
75.0894644513088,,,0.3257014498997543,0.6735882527127195,,,,,,,,,,,,,,
75.18973223038368,,,0.32547231300557306,0.6737518837002023,,,,,,,,,,,,,,
75.29013389811516,,,0.32524333731336463,0.6739155544376361,,,,,,,,,,,,,,
75.39066963328624,,,0.3250145227097205,0.6740792649346773,,,,,,,,,,,,,,
75.49133961491863,,,0.3247858690813118,0.6742430152009843,,,,,,,,,,,,,,
75.59214402227302,,,0.32455737631488984,0.6744068052462179,,,,,,,,,,,,,,
75.69308303484966,,,0.324329044297285,0.6745706350800417,,,,,,,,,,,,,,
75.79415683238824,,,0.32410087291540784,0.674734504712121,,,,,,,,,,,,,,
75.89536559486874,,,0.32387286205624777,0.6748984141521241,,,,,,,,,,,,,,
75.99670950251117,,,0.3236450116068746,0.6750623634097211,,,,,,,,,,,,,,
76.09818873577639,,,0.32341732145443686,0.6752263524945847,,,,,,,,,,,,,,
76.1998034753662,,,0.32318979148616284,0.6753903814163899,,,,,,,,,,,,,,
76.30155390222363,,,0.32296242158936006,0.675554450184814,,,,,,,,,,,,,,
76.4034401975334,,,0.3227352116514152,0.6757185588095368,,,,,,,,,,,,,,
76.5054625427221,,,0.32250816155979456,0.6758827073002404,,,,,,,,,,,,,,
76.60762111945868,,,0.322281271202043,0.6760468956666092,,,,,,,,,,,,,,
76.70991610965449,,,0.3220545404657852,0.6762111239183298,,,,,,,,,,,,,,
76.81234769546406,,,0.32182796923872425,0.6763753920650917,,,,,,,,,,,,,,
76.91491605928482,,,0.3216015574086427,0.6765397001165859,,,,,,,,,,,,,,
77.01762138375811,,,0.3213753048634017,0.6767040480825066,,,,,,,,,,,,,,
77.12046385176885,,,0.3211492114909418,0.6768684359725498,,,,,,,,,,,,,,
77.22344364644641,,,0.3209232771792816,0.6770328637964141,,,,,,,,,,,,,,
77.3265609511645,,,0.32069750181651924,0.6771973315638005,,,,,,,,,,,,,,
77.42981594954178,,,0.3204718852908312,0.6773618392844121,,,,,,,,,,,,,,
77.53320882544212,,,0.3202464274904728,0.6775263869679545,,,,,,,,,,,,,,
77.63673976297487,,,0.32002112830377777,0.6776909746241357,,,,,,,,,,,,,,
77.74040894649521,,,0.3197959876191585,0.6778556022626662,,,,,,,,,,,,,,
77.84421656060455,,,0.31957100532510596,0.6780202698932585,,,,,,,,,,,,,,
77.94816279015076,,,0.3193461813101894,0.6781849775256277,,,,,,,,,,,,,,
78.05224782022846,,,0.3191215154630568,0.6783497251694911,,,,,,,,,,,,,,
78.15647183617965,,,0.31889700767243395,0.6785145128345687,,,,,,,,,,,,,,
78.26083502359351,,,0.31867265782712556,0.6786793405305822,,,,,,,,,,,,,,
78.3653375683074,,,0.3184484658160138,0.6788442082672567,,,,,,,,,,,,,,
78.46997965640644,,,0.31822443152805996,0.6790091160543186,,,,,,,,,,,,,,
78.57476147422462,,,0.3180005548523024,0.6791740639014973,,,,,,,,,,,,,,
78.67968320834443,,,0.31777683567785847,0.6793390518185242,,,,,,,,,,,,,,
78.78474504559766,,,0.3175532738939229,0.6795040798151334,,,,,,,,,,,,,,
78.88994717306555,,,0.31732986938976876,0.6796691479010613,,,,,,,,,,,,,,
78.99528977807915,,,0.31710662205474677,0.6798342560860463,,,,,,,,,,,,,,
79.10077304821968,,,0.3168835317782856,0.6799994043798296,,,,,,,,,,,,,,
79.20639717131878,,,0.3166605984498917,0.6801645927921546,,,,,,,,,,,,,,
79.312162335459,,,0.31643782195914916,0.6803298213327671,,,,,,,,,,,,,,
79.41806872897385,,,0.3162152021957202,0.6804950900114151,,,,,,,,,,,,,,
79.52411654044862,,,0.3159927390493437,0.6806603988378493,,,,,,,,,,,,,,
79.63030595872006,,,0.3157704324098373,0.6808257478218224,,,,,,,,,,,,,,
79.73663717287747,,,0.31554828216709524,0.6809911369730898,,,,,,,,,,,,,,
79.84311037226225,,,0.3153262882110897,0.6811565663014089,,,,,,,,,,,,,,
79.94972574646899,,,0.31510445043186996,0.6813220358165399,,,,,,,,,,,,,,
80.05648348534515,,,0.31471085447602665,0.6807929296555224,,,,,,,,,,,,,,
80.16338377899189,,,0.31416490251586415,0.6796466411470782,,,,,,,,,,,,,,
80.2704268177641,,,0.31361989765853765,0.6785022827076569,,,,,,,,,,,,,,
80.37761279227092,,,0.31307583826103846,0.6773598510874953,,,,,,,,,,,,,,
80.48494189337602,,,0.3125327226832084,0.6762193430423016,,,,,,,,,,,,,,
80.59241431219786,,,0.3119905492877343,0.675080755333247,,,,,,,,,,,,,,
80.70003024011022,,,0.3114493164401432,0.6739440847269552,,,,,,,,,,,,,,
80.80778986874222,,,0.3109090225087984,0.6728093279954964,,,,,,,,,,,,,,
80.91569338997914,,,0.31036966586489245,0.6716764819163724,,,,,,,,,,,,,,
81.0237409959622,,,0.30983124488244496,0.6705455432725145,,,,,,,,,,,,,,
81.13193287908948,,,0.30929375793829467,0.6694165088522672,,,,,,,,,,,,,,
81.2402692320157,,,0.3087572034120976,0.6682893754493858,,,,,,,,,,,,,,
81.34875024765302,,,0.3082215796863199,0.6671641398630225,,,,,,,,,,,,,,
81.45737611917109,,,0.3076868851462338,0.6660407988977189,,,,,,,,,,,,,,
81.56614703999757,,,0.3071531181799131,0.6649193493633976,,,,,,,,,,,,,,
81.67506320381838,,,0.30662027717822743,0.6637997880753519,,,,,,,,,,,,,,
81.78412480457806,,,0.3060883605348381,0.662682111854238,,,,,,,,,,,,,,
81.89333203648015,,,0.30555736664619343,0.6615663175260648,,,,,,,,,,,,,,
82.0026850939875,,,0.30502729391152295,0.6604524019221856,,,,,,,,,,,,,,
82.11218417182265,,,0.30449814073283327,0.6593403618792887,,,,,,,,,,,,,,
82.22182946496801,,,0.3039699055149039,0.6582301942393899,,,,,,,,,,,,,,
82.33162116866667,,,0.3034425866652803,0.6571218958498198,,,,,,,,,,,,,,
82.44155947842204,,,0.3029161825942721,0.6560154635632205,,,,,,,,,,,,,,
82.55164458999897,,,0.3023906917149451,0.6549108942375299,,,,,,,,,,,,,,
82.66187669942339,,,0.3018661124431194,0.6538081847359797,,,,,,,,,,,,,,
82.77225600298317,,,0.30134244319736253,0.652707331927081,,,,,,,,,,,,,,
82.88278269722825,,,0.30081968239898554,0.6516083326846184,,,,,,,,,,,,,,
82.993456978971,,,0.30029782847203845,0.6505111838876402,,,,,,,,,,,,,,
83.10427904528663,,,0.29977687984330487,0.6494158824204492,,,,,,,,,,,,,,
83.21524909351348,,,0.29925683494229766,0.6483224251725951,,,,,,,,,,,,,,
83.32636732125344,,,0.29873769220125407,0.6472308090388635,,,,,,,,,,,,,,
83.43763392637211,,,0.2982194500551318,0.6461410309192709,,,,,,,,,,,,,,
83.54904910699959,,,0.29770210694160193,0.6450530877190497,,,,,,,,,,,,,,
83.6606130615302,,,0.29718566130104773,0.6439669763486472,,,,,,,,,,,,,,
83.7723259886235,,,0.2966701115765563,0.6428826937237089,,,,,,,,,,,,,,
83.88418808720407,,,0.29615545621391726,0.6418002367650772,,,,,,,,,,,,,,
83.99619955646232,,,0.2956416936616148,0.6407196023987757,,,,,,,,,,,,,,
84.10836059585444,,,0.29512882237082616,0.6396407875560065,,,,,,,,,,,,,,
84.2206714051031,,,0.2946168407954144,0.6385637891731375,,,,,,,,,,,,,,
84.33313218419762,,,0.29410574739192513,0.6374886041916952,,,,,,,,,,,,,,
84.44574313339437,,,0.2935955406195816,0.6364152295583557,,,,,,,,,,,,,,
84.55850445321713,,,0.2930862189402798,0.6353436622249364,,,,,,,,,,,,,,
84.6714163444574,,,0.29257778081858393,0.6342738991483872,,,,,,,,,,,,,,
84.78447900817491,,,0.29207022472172184,0.6332059372907808,,,,,,,,,,,,,,
84.89769264569765,,,0.29156354911958116,0.6321397736193072,,,,,,,,,,,,,,
85.01105745862276,,,0.2910577524847022,0.6310754051062598,,,,,,,,,,,,,,
85.12457364881621,,,0.29055283329227705,0.6300128287290333,,,,,,,,,,,,,,
85.2382414184139,,,0.29004879002014117,0.6289520414701083,,,,,,,,,,,,,,
85.3520609698213,,,0.28954562114877236,0.6278930403170495,,,,,,,,,,,,,,
85.46603250571447,,,0.2890433251612828,0.6268358222624907,,,,,,,,,,,,,,
85.5801562290398,,,0.28854190054341755,0.625780384304132,,,,,,,,,,,,,,
85.69443234301491,,,0.2880413457835476,0.624726723444727,,,,,,,,,,,,,,
85.80886105112866,,,0.2875416593726667,0.6236748366920767,,,,,,,,,,,,,,
85.92344255714167,,,0.2870428398043863,0.6226247210590197,,,,,,,,,,,,,,
86.03817706508663,,,0.28654488557493096,0.6215763735634245,,,,,,,,,,,,,,
86.15306477926872,,,0.28604779518313417,0.620529791228181,,,,,,,,,,,,,,
86.2681059042659,,,0.2855515671304333,0.6194849710811909,,,,,,,,,,,,,,
86.38330064492918,,,0.28505619992086617,0.6184419101553624,,,,,,,,,,,,,,
86.49864920638342,,,0.2845616920610643,0.6174006054885963,,,,,,,,,,,,,,
86.61415179402701,,,0.2840680420602516,0.6163610541237843,,,,,,,,,,,,,,
86.72980861353298,,,0.2835752484302365,0.6153232531087937,,,,,,,,,,,,,,
86.84561987084864,,,0.2830833096854106,0.6142871994964658,,,,,,,,,,,,,,
86.96158577219663,,,0.28259222434274134,0.6132528903446012,,,,,,,,,,,,,,
87.0777065240747,,,0.28210199092176996,0.6122203227159568,,,,,,,,,,,,,,
87.19398233325649,,,0.28161260794460535,0.611189493678234,,,,,,,,,,,,,,
87.3104134067917,,,0.2811240739359203,0.6101604003040715,,,,,,,,,,,,,,
87.4269999520065,,,0.2806363874229473,0.609133039671037,,,,,,,,,,,,,,
87.54374217650394,,,0.2801495469354732,0.6081074088616191,,,,,,,,,,,,,,
87.66064028816425,,,0.27966355100583573,0.6070835049632185,,,,,,,,,,,,,,
87.77769449514528,,,0.2791783981689184,0.6060613250681397,,,,,,,,,,,,,,
87.89490500588272,,,0.27869408696214715,0.6050408662735848,,,,,,,,,,,,,,
88.01227202909082,,,0.27821061592548374,0.6040221256816404,,,,,,,,,,,,,,
88.12979577376221,,,0.2777279836014243,0.6030051003992759,,,,,,,,,,,,,,
88.24747644916896,,,0.277246188534992,0.6019897875383287,,,,,,,,,,,,,,
88.36531426486225,,,0.27676522927373526,0.6009761842155016,,,,,,,,,,,,,,
88.48330943067324,,,0.27628510436772136,0.5999642875523511,,,,,,,,,,,,,,
88.60146215671328,,,0.2758058123695334,0.5989540946752803,,,,,,,,,,,,,,
88.71977265337425,,,0.27532735183426504,0.5979456027155309,,,,,,,,,,,,,,
88.83824113132897,,,0.2748497213195166,0.5969388088091746,,,,,,,,,,,,,,
88.95686780153159,,,0.27437291938539093,0.5959337100971058,,,,,,,,,,,,,,
89.07565287521798,,,0.27389694459448827,0.5949303037250321,,,,,,,,,,,,,,
89.1945965639059,,,0.2734217955119032,0.5939285868434686,,,,,,,,,,,,,,
89.31369907939589,,,0.2729474707052184,0.5929285566077258,,,,,,,,,,,,,,
89.43296063377089,,,0.27247396874450286,0.5919302101779068,,,,,,,,,,,,,,
89.55238143939745,,,0.2720012882023047,0.5909335447188935,,,,,,,,,,,,,,
89.67196170892532,,,0.2715294276536497,0.5899385574003443,,,,,,,,,,,,,,
89.79170165528858,,,0.2710583856760344,0.5889452453966803,,,,,,,,,,,,,,
89.91160149170527,,,0.2705881608494243,0.5879536058870827,,,,,,,,,,,,,,
90.0316614316784,,,0.27011875175624733,0.586963636055481,,,,,,,,,,,,,,
90.15188168899599,,,0.26965015698139116,0.5859753330905464,,,,,,,,,,,,,,
90.27226247773152,,,0.26918237511219817,0.5849886941856839,,,,,,,,,,,,,,
90.39280401224433,,,0.2687154047384613,0.5840037165390239,,,,,,,,,,,,,,
90.51350650718003,,,0.26824924445242,0.5830203973534147,,,,,,,,,,,,,,
90.63437017747086,,,0.2677838928487557,0.5820387338364137,,,,,,,,,,,,,,
90.75539523833588,,,0.2673193485245884,0.5810587232002817,,,,,,,,,,,,,,
90.87658190528188,,,0.2668556100794705,0.5800803626619709,,,,,,,,,,,,,,
90.99793039410302,,,0.2663926761153854,0.5791036494431221,,,,,,,,,,,,,,
91.11944092088201,,,0.2659305452367402,0.5781285807700516,,,,,,,,,,,,,,
91.2411137019897,,,0.26546921605036444,0.5771551538737486,,,,,,,,,,,,,,
91.36294895408625,,,0.26500868716550324,0.5761833659898616,,,,,,,,,,,,,,
91.48494689412081,,,0.26454895719381544,0.5752132143586967,,,,,,,,,,,,,,
91.60710773933238,,,0.26409002474936766,0.5742446962252046,,,,,,,,,,,,,,
91.72943170725004,,,0.26363188844863106,0.5732778088389753,,,,,,,,,,,,,,
91.8519190156933,,,0.2631745469104769,0.57231254945423,,,,,,,,,,,,,,
91.97456988277254,,,0.26271799875617224,0.5713489153298131,,,,,,,,,,,,,,
92.0973845268894,,,0.2622622426093761,0.5703869037291844,,,,,,,,,,,,,,
92.22036316673717,,,0.2618072770961349,0.5694265119204109,,,,,,,,,,,,,,
92.343506021301,,,0.26135310084487917,0.5684677371761611,,,,,,,,,,,,,,
92.46681330985878,,,0.26089971248641775,0.5675105767736929,,,,,,,,,,,,,,
92.59028525198083,,,0.260447110653936,0.5665550279948518,,,,,,,,,,,,,,
92.71392206753102,,,0.25999529398298904,0.5656010881260569,,,,,,,,,,,,,,
92.83772397666645,,,0.25954426111150025,0.5646487544582994,,,,,,,,,,,,,,
92.96169119983857,,,0.2590940106797548,0.5636980242871289,,,,,,,,,,,,,,
93.08582395779287,,,0.2586445413303976,0.5627488949126508,,,,,,,,,,,,,,
93.21012247156979,,,0.2581958517084276,0.5618013636395154,,,,,,,,,,,,,,
93.3345869625049,,,0.25774794046119487,0.5608554277769116,,,,,,,,,,,,,,
93.45921765222928,,,0.2573008062383956,0.5599110846385589,,,,,,,,,,,,,,
93.58401476267001,,,0.2568544476920685,0.5589683315426998,,,,,,,,,,,,,,
93.70897851605045,,,0.25640886347659103,0.5580271658120923,,,,,,,,,,,,,,
93.83410913489081,,,0.25596405224867447,0.5570875847740019,,,,,,,,,,,,,,
93.95940684200819,,,0.25552001266736124,0.5561495857601957,,,,,,,,,,,,,,
94.0848718605176,,,0.2550767433940188,0.5552131661069308,,,,,,,,,,,,,,
94.21050441383154,,,0.2546342430923383,0.5542783231549526,,,,,,,,,,,,,,
94.33630472566128,,,0.2541925104283274,0.5533450542494809,,,,,,,,,,,,,,
94.46227302001643,,,0.25375154407030953,0.5524133567402081,,,,,,,,,,,,,,
94.58840952120593,,,0.25331134268891736,0.5514832279812875,,,,,,,,,,,,,,
94.71471445383821,,,0.25287190495708994,0.5505546653313279,,,,,,,,,,,,,,
94.8411880428216,,,0.25243322955006836,0.5496276661533855,,,,,,,,,,,,,,
94.96783051336476,,,0.25199531514539214,0.5487022278149565,,,,,,,,,,,,,,
95.09464209097708,,,0.2515581604228947,0.5477783476879694,,,,,,,,,,,,,,
95.22162300146906,,,0.2511217640646997,0.546856023148778,,,,,,,,,,,,,,
95.34877347095275,,,0.2506861247552172,0.5459352515781536,,,,,,,,,,,,,,
95.47609372584215,,,0.250251241181139,0.5450160303612771,,,,,,,,,,,,,,
95.60358399285343,,,0.24981711203143628,0.5440983568877337,,,,,,,,,,,,,,
95.73124449900581,,,0.24938373599735303,0.5431822285515013,,,,,,,,,,,,,,
95.85907547162128,,,0.24895111177240525,0.5422676427509489,,,,,,,,,,,,,,
95.98707713832576,,,0.24851923805237378,0.5413545968888226,,,,,,,,,,,,,,
96.11524972704878,,,0.24808811353530333,0.5404430883722445,,,,,,,,,,,,,,
96.24359346602441,,,0.24765773692149656,0.5395331146127011,,,,,,,,,,,,,,
96.37210858379144,,,0.2472281069135109,0.5386246730260374,,,,,,,,,,,,,,
96.50079530919385,,,0.24679922221615452,0.53771776103245,,,,,,,,,,,,,,
96.62965387138118,,,0.2463710815364826,0.5368123760564782,,,,,,,,,,,,,,
96.75868449980895,,,0.24594368358379315,0.5359085155269989,,,,,,,,,,,,,,
96.88788742423915,,,0.24551702706962308,0.5350061768772173,,,,,,,,,,,,,,
97.01726287474034,,,0.24509111070774525,0.5341053575446618,,,,,,,,,,,,,,
97.14681108168867,,,0.24466593321416263,0.533206054971173,,,,,,,,,,,,,,
97.27653227576751,,,0.24424149330710693,0.5323082666029016,,,,,,,,,,,,,,
97.40642668796863,,,0.24381778970703216,0.5314119898902958,,,,,,,,,,,,,,
97.53649454959191,,,0.2433948211366134,0.5305172222880989,,,,,,,,,,,,,,
97.66673609224644,,,0.24297258632074015,0.5296239612553374,,,,,,,,,,,,,,
97.79715154785022,,,0.24255108398651515,0.5287322042553184,,,,,,,,,,,,,,
97.92774114863117,,,0.24213031286324885,0.5278419487556191,,,,,,,,,,,,,,
98.05850512712725,,,0.24171027168245593,0.5269531922280807,,,,,,,,,,,,,,
98.1894437161869,,,0.2412909591778517,0.5260659321488012,,,,,,,,,,,,,,
98.32055714896953,,,0.2408723740853484,0.5251801659981284,,,,,,,,,,,,,,
98.45184565894584,,,0.2404545151430509,0.5242958912606527,,,,,,,,,,,,,,
98.58330947989838,,,0.24003738109125308,0.5234131054251991,,,,,,,,,,,,,,
98.71494884592164,,,0.23962097067243485,0.5225318059848226,,,,,,,,,,,,,,
98.84676399142309,,,0.23920528263125646,0.5216519904367963,,,,,,,,,,,,,,
98.97875515112274,,,0.2387903157145571,0.5207736562826107,,,,,,,,,,,,,,
99.1109225600545,,,0.23837606867134883,0.5198968010279601,,,,,,,,,,,,,,
99.24326645356568,,,0.237962540252815,0.5190214221827412,,,,,,,,,,,,,,
99.37578706731824,,,0.23754972921230405,0.5181475172610409,,,,,,,,,,,,,,
99.50848463728852,,,0.23713763430532833,0.5172750837811343,,,,,,,,,,,,,,
99.6413593997681,,,0.23672625428955846,0.5164041192654732,,,,,,,,,,,,,,
99.77441159136411,,,0.23631558792482027,0.5155346212406821,,,,,,,,,,,,,,
99.90764144899954,,,0.23590563397309103,0.5146665872375494,,,,,,,,,,,,,,
100.04104920991385,,,0.23549639119849566,0.513800014791021,,,,,,,,,,,,,,
100.17463511166308,,,0.2350878583673036,0.5129349014401946,,,,,,,,,,,,,,
100.30839939212082,,,0.23468003424792333,0.5120712447283092,,,,,,,,,,,,,,
100.4423422894779,,,0.23427291761090124,0.5112090422027431,,,,,,,,,,,,,,
100.57646404224361,,,0.23386650722891533,0.5103482914150014,,,,,,,,,,,,,,
100.71076488924534,,,0.23346080187677382,0.5094889899207145,,,,,,,,,,,,,,
100.84524506962974,,,0.23305580033140924,0.508631135279626,,,,,,,,,,,,,,
100.97990482286245,,,0.23265150137187712,0.507774725055591,,,,,,,,,,,,,,
101.11474438872925,,,0.23224790377934965,0.5069197568165636,,,,,,,,,,,,,,
101.2497640073358,,,0.2318450063371145,0.5060662281345951,,,,,,,,,,,,,,
101.38496391910839,,,0.23144280783057,0.5052141365858246,,,,,,,,,,,,,,
101.52034436479452,,,0.23104130704722092,0.5043634797504712,,,,,,,,,,,,,,
101.65590558546322,,,0.23064050277667547,0.5035142552128286,,,,,,,,,,,,,,
101.79164782250518,,,0.2302403938106422,0.5026664605612587,,,,,,,,,,,,,,
101.92757131763344,,,0.2298409789429258,0.5018200933881845,,,,,,,,,,,,,,
102.06367631288398,,,0.22944225696942272,0.5009751512900811,,,,,,,,,,,,,,
102.199963050616,,,0.22904422668811836,0.5001316318674709,,,,,,,,,,,,,,
102.33643177351213,,,0.22864688689908394,0.49928953272491744,,,,,,,,,,,,,,
102.47308272457911,,,0.22825023640447198,0.4984488514710172,,,,,,,,,,,,,,
102.60991614714811,,,0.22785427400851327,0.4976095857183935,,,,,,,,,,,,,,
102.74693228487541,,,0.22745899851751245,0.4967717330836884,,,,,,,,,,,,,,
102.88413138174266,,,0.22706440873984476,0.4959352911875569,,,,,,,,,,,,,,
103.02151368205709,,,0.2266705034859535,0.49510025765466154,,,,,,,,,,,,,,
103.15907943045215,,,0.2262772815683454,0.4942666301136642,,,,,,,,,,,,,,
103.29682887188815,,,0.2258847418015867,0.4934344061972184,,,,,,,,,,,,,,
103.43476225165253,,,0.2254928830023001,0.4926035835419636,,,,,,,,,,,,,,
103.57287981536001,,,0.22510170398916177,0.4917741597885199,,,,,,,,,,,,,,
103.71118180895334,,,0.2247112035828972,0.49094613258148007,,,,,,,,,,,,,,
103.84966847870385,,,0.22432138060627702,0.49011949956940126,,,,,,,,,,,,,,
103.98834007121171,,,0.22393223388411418,0.4892942584048003,,,,,,,,,,,,,,
104.1271968334062,,,0.22354376224326084,0.4884704067441475,,,,,,,,,,,,,,
104.26623901254644,,,0.22315596451260403,0.4876479422478587,,,,,,,,,,,,,,
104.40546685622154,,,0.22276883952306267,0.48682686258028957,,,,,,,,,,,,,,
104.5448806123515,,,0.22238238610758332,0.4860071654097271,,,,,,,,,,,,,,
104.68448052918738,,,0.2219966031011368,0.48518884840838455,,,,,,,,,,,,,,
104.82426685531145,,,0.2216114893407159,0.4843719092523956,,,,,,,,,,,,,,
104.96423983963798,,,0.22122704366533077,0.48355634562180694,,,,,,,,,,,,,,
105.10439973141379,,,0.22084326491600514,0.48274215520057,,,,,,,,,,,,,,
105.24474678021855,,,0.22046015193577323,0.4819293356765361,,,,,,,,,,,,,,
105.38528123596497,,,0.22007770356967699,0.4811178847414509,,,,,,,,,,,,,,
105.52600334889945,,,0.21969591866476187,0.4803078000909464,,,,,,,,,,,,,,
105.66691336960282,,,0.21931479607007287,0.47949907942453357,,,,,,,,,,,,,,
105.80801154899045,,,0.21893433463665168,0.47869172044559666,,,,,,,,,,,,,,
105.94929813831257,,,0.21855453321753376,0.47788572086138825,,,,,,,,,,,,,,
106.09077338915502,,,0.21817539066774394,0.47708107838302055,,,,,,,,,,,,,,
106.23243755343948,,,0.21779690584429368,0.47627779072546056,,,,,,,,,,,,,,
106.37429088342424,,,0.21741907760617668,0.4754758556075212,,,,,,,,,,,,,,
106.51633363170441,,,0.21704190481436592,0.47467527075185656,,,,,,,,,,,,,,
106.6585660512122,,,0.21666538633181104,0.4738760338849563,,,,,,,,,,,,,,
106.80098839521756,,,0.21628952102343413,0.4730781427371383,,,,,,,,,,,,,,
106.94360091732882,,,0.21591430775612588,0.4722815950425406,,,,,,,,,,,,,,
107.08640387149303,,,0.21553974539874263,0.4714863885391165,,,,,,,,,,,,,,
107.22939751199604,,,0.2151658328221035,0.47069252096862935,,,,,,,,,,,,,,
107.3725820934633,,,0.21479256889898665,0.46989999007664474,,,,,,,,,,,,,,
107.51595787086045,,,0.21441995250412493,0.4691087936125227,,,,,,,,,,,,,,
107.65952509949362,,,0.21404798251420343,0.4683189293294132,,,,,,,,,,,,,,
107.80328403500961,,,0.21367665780785647,0.46753039498425036,,,,,,,,,,,,,,
107.94723493339671,,,0.21330597726566336,0.4667431883377445,,,,,,,,,,,,,,
108.09137805098494,,,0.2129359397701457,0.4659573071543769,,,,,,,,,,,,,,
108.23571364444678,,,0.21256654420576307,0.46517274920239177,,,,,,,,,,,,,,
108.38024197079747,,,0.21219778945891019,0.4643895122537911,,,,,,,,,,,,,,
108.52496328739522,,,0.21182967441791428,0.46360759408432933,,,,,,,,,,,,,,
108.6698778519419,,,0.21146219797303104,0.4628269924735062,,,,,,,,,,,,,,
108.81498592248373,,,0.21109535901644078,0.46204770520455873,,,,,,,,,,,,,,
108.96028775741146,,,0.21072915644224557,0.46126973006445676,,,,,,,,,,,,,,
109.10578361546068,,,0.2103635891464666,0.46049306484389724,,,,,,,,,,,,,,
109.25147375571245,,,0.2099986560270402,0.4597177073372972,,,,,,,,,,,,,,
109.39735843759416,,,0.20963435598381355,0.4589436553427856,,,,,,,,,,,,,,
109.54343792087913,,,0.20927068791854364,0.458170906662201,,,,,,,,,,,,,,
109.689712465688,,,0.20890765073489148,0.45739945910108093,,,,,,,,,,,,,,
109.83618233248845,,,0.20854524333842084,0.4566293104686595,,,,,,,,,,,,,,
109.98284778209594,,,0.208183464636594,0.4558604585778597,,,,,,,,,,,,,,
110.12970907567446,,,0.20782231353876818,0.45509290124528556,,,,,,,,,,,,,,
110.27676647473668,,,0.20746178895619236,0.45432663629121767,,,,,,,,,,,,,,
110.42402024114428,,,0.20710188980200497,0.45356166153960786,,,,,,,,,,,,,,
110.5714706371086,,,0.2067426149912299,0.4527979748180719,,,,,,,,,,,,,,
110.71911792519136,,,0.20638396344077264,0.45203557395788196,,,,,,,,,,,,,,
110.86696236830483,,,0.20602593406941763,0.4512744567939621,,,,,,,,,,,,,,
111.01500422971218,,,0.2056685257978255,0.45051462116488283,,,,,,,,,,,,,,
111.16324377302806,,,0.2053117375485293,0.449756064912854,,,,,,,,,,,,,,
111.31168126221954,,,0.20495556824593036,0.448998785883717,,,,,,,,,,,,,,
111.46031696160566,,,0.2046000168162971,0.44824278192694245,,,,,,,,,,,,,,
111.60915113585887,,,0.20424508218775952,0.4474880508956197,,,,,,,,,,,,,,
111.7581840500047,,,0.20389076329030786,0.4467345906464548,,,,,,,,,,,,,,
111.9074159694226,,,0.20353705905578862,0.4459823990397625,,,,,,,,,,,,,,
112.05684715984658,,,0.20318396841790076,0.445231473939459,,,,,,,,,,,,,,
112.2064778873655,,,0.20283149031219294,0.44448181321305735,,,,,,,,,,,,,,
112.3563084184233,,,0.20247962367606104,0.44373341473166217,,,,,,,,,,,,,,
112.50633901981969,,,0.20212836744874427,0.4429862763699627,,,,,,,,,,,,,,
112.65656995871089,,,0.20177772057132154,0.4422403960062255,,,,,,,,,,,,,,
112.80700150260988,,,0.20142768198670868,0.4414957715222896,,,,,,,,,,,,,,
112.95763391938655,,,0.2010782506396559,0.44075240080356165,,,,,,,,,,,,,,
113.10846747726868,,,0.20072942547674383,0.4400102817390083,,,,,,,,,,,,,,
113.25950244484204,,,0.20038120544638055,0.43926941222115096,,,,,,,,,,,,,,
113.4107390910513,,,0.20003358949879815,0.4385297901460587,,,,,,,,,,,,,,
113.56217768520025,,,0.19968657658604977,0.4377914134133429,,,,,,,,,,,,,,
113.71381849695209,,,0.19934016566200694,0.4370542799261526,,,,,,,,,,,,,,
113.86566179633002,,,0.19899435568235607,0.43631838759116753,,,,,,,,,,,,,,
114.01770785371811,,,0.1986491456045947,0.43558373431859093,,,,,,,,,,,,,,
114.16995693986145,,,0.19830453438802878,0.4348503180221446,,,,,,,,,,,,,,
114.32240932586643,,,0.1979605209937702,0.43411813661906434,,,,,,,,,,,,,,
114.47506528320146,,,0.19761710438473315,0.43338718803009285,,,,,,,,,,,,,,
114.62792508369766,,,0.19727428352563034,0.43265747017947265,,,,,,,,,,,,,,
114.78098899954915,,,0.19693205738297045,0.43192898099494126,,,,,,,,,,,,,,
114.93425730331326,,,0.19659042492505563,0.43120171840772664,,,,,,,,,,,,,,
115.08773026791138,,,0.19624938512197754,0.4304756803525393,,,,,,,,,,,,,,
115.24140816662926,,,0.19590893694561454,0.42975086476756796,,,,,,,,,,,,,,
115.39529127311775,,,0.19556907936962828,0.4290272695944717,,,,,,,,,,,,,,
115.54937986139316,,,0.19522981136946083,0.42830489277837525,,,,,,,,,,,,,,
115.70367420583743,,,0.19489113192233204,0.4275837322678645,,,,,,,,,,,,,,
115.85817458119888,,,0.19455304000723617,0.4268637860149794,,,,,,,,,,,,,,
116.01288126259297,,,0.19421553460493818,0.426145051975207,,,,,,,,,,,,,,
116.16779452550252,,,0.193878614697971,0.4254275281074769,,,,,,,,,,,,,,
116.32291464577793,,,0.1935422792706333,0.4247112123741564,,,,,,,,,,,,,,
116.47824189963798,,,0.1932065273089858,0.42399610274104366,,,,,,,,,,,,,,
116.63377656367054,,,0.19287135780084752,0.4232821971773609,,,,,,,,,,,,,,
116.78951891483275,,,0.1925367697357935,0.4225694936557495,,,,,,,,,,,,,,
116.94546923045142,,,0.19220276210515214,0.4218579901522657,,,,,,,,,,,,,,
117.10162778822372,,,0.19186933390200134,0.4211476846463731,,,,,,,,,,,,,,
117.25799486621757,,,0.191536484121166,0.42043857512093763,,,,,,,,,,,,,,
117.41457074287239,,,0.1912042117592144,0.4197306595622207,,,,,,,,,,,,,,
117.57135569699943,,,0.19087251581445547,0.41902393595987436,,,,,,,,,,,,,,
117.728350007782,,,0.1905413952869363,0.4183184023069366,,,,,,,,,,,,,,
117.88555395477619,,,0.1902108491784388,0.4176140565998247,,,,,,,,,,,,,,
118.04296781791163,,,0.18988087649247604,0.4169108968383284,,,,,,,,,,,,,,
118.20059187749176,,,0.18955147623428956,0.4162089210256052,,,,,,,,,,,,,,
118.35842641419407,,,0.1892226474108473,0.41550812716817603,,,,,,,,,,,,,,
118.51647170907081,,,0.18889438903083983,0.4148085132759182,,,,,,,,,,,,,,
118.6747280435498,,,0.18856670010467694,0.414110077362059,,,,,,,,,,,,,,
118.83319569943464,,,0.18823957964448507,0.4134128174431709,,,,,,,,,,,,,,
118.99187495890496,,,0.18791302666410495,0.41271673153916677,,,,,,,,,,,,,,
119.15076610451736,,,0.18758704017908784,0.4120218176732934,,,,,,,,,,,,,,
119.30986941920557,,,0.1872616192066929,0.41132807387212617,,,,,,,,,,,,,,
119.46918518628138,,,0.1869367627658838,0.4106354981655622,,,,,,,,,,,,,,
119.62871368943492,,,0.18661246987732602,0.40994408858681586,,,,,,,,,,,,,,
119.78845521273486,,,0.18628873956338446,0.40925384317241403,,,,,,,,,,,,,,
119.9484100406292,,,0.18596557084812,0.40856475996218977,,,,,,,,,,,,,,
120.108578457946,,,0.18564296275728603,0.40787683699927546,,,,,,,,,,,,,,
120.26896074989365,,,0.18532091431832606,0.4071900723300983,,,,,,,,,,,,,,
120.42955720206118,,,0.18499942456037127,0.40650446400437595,,,,,,,,,,,,,,
120.59036810041893,,,0.18467849251423704,0.4058200100751098,,,,,,,,,,,,,,
120.75139373131934,,,0.1843581172124196,0.4051367085985786,,,,,,,,,,,,,,
120.91263438149726,,,0.1840382976890936,0.4044545576343337,,,,,,,,,,,,,,
121.0740903380701,,,0.18371903298010966,0.40377355524519476,,,,,,,,,,,,,,
121.2357618885389,,,0.18340032212299073,0.4030936994972427,,,,,,,,,,,,,,
121.39764932078836,,,0.1830821641569296,0.40241498845981527,,,,,,,,,,,,,,
121.55975292308791,,,0.18276455812278547,0.40173742020549974,,,,,,,,,,,,,,
121.72207298409191,,,0.18244750306308138,0.4010609928101289,,,,,,,,,,,,,,
121.88460979283988,,,0.18213099802200192,0.40038570435277626,,,,,,,,,,,,,,
122.04736363875732,,,0.1818150420453897,0.3997115529157498,,,,,,,,,,,,,,
122.21033481165645,,,0.18149963418074222,0.39903853658458516,,,,,,,,,,,,,,
122.37352360173648,,,0.18118477347720918,0.3983666534480419,,,,,,,,,,,,,,
122.53693029958387,,,0.18087045898559045,0.39769590159809814,,,,,,,,,,,,,,
122.70055519617313,,,0.18055668975833244,0.3970262791299451,,,,,,,,,,,,,,
122.86439858286751,,,0.18024346484952494,0.3963577841419799,,,,,,,,,,,,,,
123.02846075141937,,,0.17993078331489862,0.3956904147358017,,,,,,,,,,,,,,
123.19274199397037,,,0.17961864421182272,0.3950241690162069,,,,,,,,,,,,,,
123.35724260305241,,,0.1793070465993016,0.39435904509118275,,,,,,,,,,,,,,
123.52196287158787,,,0.1789959895379721,0.39369504107190245,,,,,,,,,,,,,,
123.68690309289056,,,0.17868547209010027,0.39303215507271855,,,,,,,,,,,,,,
123.85206356066591,,,0.17837549331957894,0.3923703852111587,,,,,,,,,,,,,,
124.0174445690113,,,0.17806605229192526,0.39170972960792094,,,,,,,,,,,,,,
124.18304641241684,,,0.1777571480742776,0.39105018638686784,,,,,,,,,,,,,,
124.34886938576612,,,0.17744877973539208,0.39039175367501977,,,,,,,,,,,,,,
124.51491378433647,,,0.17714094634564032,0.38973442960255084,,,,,,,,,,,,,,
124.68117990379929,,,0.17683364697700715,0.3890782123027844,,,,,,,,,,,,,,
124.84766804022075,,,0.17652688070308725,0.3884230999121868,,,,,,,,,,,,,,
125.01437849006267,,,0.176220646599082,0.38776909057036135,,,,,,,,,,,,,,
125.18131155018267,,,0.175914943741797,0.38711618242004353,,,,,,,,,,,,,,
125.34846751783458,,,0.17560977120963997,0.3864643736070972,,,,,,,,,,,,,,
125.51584669066924,,,0.17530512808261708,0.3858136622805074,,,,,,,,,,,,,,
125.68344936673482,,,0.17500101344233063,0.3851640465923766,,,,,,,,,,,,,,
125.85127584447777,,,0.1746974263719758,0.3845155246979175,,,,,,,,,,,,,,
126.01932642274302,,,0.1743943659563382,0.3838680947554491,,,,,,,,,,,,,,
126.18760140077431,,,0.17409183128179154,0.38322175492639216,,,,,,,,,,,,,,
126.35610107821496,,,0.17378982143629448,0.3825765033752633,,,,,,,,,,,,,,
126.52482575510867,,,0.17348833550938747,0.3819323382696686,,,,,,,,,,,,,,
126.69377573189978,,,0.1731873725921903,0.38128925778029943,,,,,,,,,,,,,,
126.86295130943356,,,0.17288693177739994,0.3806472600809284,,,,,,,,,,,,,,
127.03235278895703,,,0.17258701215928737,0.3800063433484028,,,,,,,,,,,,,,
127.20198047211981,,,0.17228761283369412,0.3793665057626382,,,,,,,,,,,,,,
127.37183466097383,,,0.1719887328980311,0.37872774550661703,,,,,,,,,,,,,,
127.54191565797488,,,0.17169037145127414,0.3780900607663788,,,,,,,,,,,,,,
127.7122237659822,,,0.1713925275939628,0.37745344973101896,,,,,,,,,,,,,,
127.88275928825946,,,0.17109520042819695,0.37681791059268205,,,,,,,,,,,,,,
128.05352252847555,,,0.17079838905763375,0.3761834415465556,,,,,,,,,,,,,,
128.22451379070483,,,0.17050209258748528,0.37555004079086596,,,,,,,,,,,,,,
128.39573337942744,,,0.17020631012451629,0.3749177065268743,,,,,,,,,,,,,,
128.56718159953013,,,0.16991104077704114,0.3742864369588702,,,,,,,,,,,,,,
128.73885875630697,,,0.16961628365492065,0.3736562302941661,,,,,,,,,,,,,,
128.91076515545973,,,0.16932203786955966,0.37302708474309276,,,,,,,,,,,,,,
129.08290110309812,,,0.1690283025339051,0.3723989985189953,,,,,,,,,,,,,,
129.25526690574063,,,0.1687350767624428,0.37177196983822697,,,,,,,,,,,,,,
129.42786287031535,,,0.16844235967119392,0.371145996920143,,,,,,,,,,,,,,
129.6006893041598,,,0.1681501503777141,0.3705210779870986,,,,,,,,,,,,,,
129.77374651502237,,,0.167858448001089,0.3698972112644403,,,,,,,,,,,,,,
129.94703481106194,,,0.16756725166193306,0.3692743949805041,,,,,,,,,,,,,,
130.12055450084898,,,0.16727656048238615,0.3686526273666088,,,,,,,,,,,,,,
130.29430589336621,,,0.16698637358611074,0.36803190665705066,,,,,,,,,,,,,,
130.4682892980089,,,0.16669669009828952,0.3674122310890987,,,,,,,,,,,,,,
130.64250502458526,,,0.16640750914562322,0.366793598902991,,,,,,,,,,,,,,
130.81695338331716,,,0.1661188298563275,0.36617600834192865,,,,,,,,,,,,,,
130.991634684841,,,0.16583065136013,0.36555945765206976,,,,,,,,,,,,,,
131.16654924020793,,,0.16554297278826802,0.3649439450825255,,,,,,,,,,,,,,
131.3416973608842,,,0.1652557932734864,0.36432946888535606,,,,,,,,,,,,,,
131.51707935875206,,,0.16496911195003458,0.3637160273155648,,,,,,,,,,,,,,
131.69269554611043,,,0.1646829279536631,0.36310361863109164,,,,,,,,,,,,,,
131.86854623567487,,,0.1643972404216227,0.3624922410928117,,,,,,,,,,,,,,
132.044631740579,,,0.16411204849265995,0.3618818929645265,,,,,,,,,,,,,,
132.22095237437415,,,0.16382735130701614,0.36127257251296224,,,,,,,,,,,,,,
132.39750845103035,,,0.16352171845262345,0.36056561624666156,,,,,,,,,,,,,,
132.57430028493715,,,0.16319930628044696,0.35978018382693966,,,,,,,,,,,,,,
132.75132819090393,,,0.1628775298012518,0.35899646234153304,,,,,,,,,,,,,,
132.9285924841601,,,0.16255638776165646,0.3582144480634555,,,,,,,,,,,,,,
133.10609348035612,,,0.1622358789107506,0.35743413727383944,,,,,,,,,,,,,,
133.28383149556404,,,0.1619160020000897,0.35665552626191716,,,,,,,,,,,,,,
133.46180684627817,,,0.1615967557836909,0.3558786113250041,,,,,,,,,,,,,,
133.64001984941495,,,0.16127813901802848,0.3551033887684827,,,,,,,,,,,,,,
133.8184708223143,,,0.1609601504620282,0.35432985490578267,,,,,,,,,,,,,,
133.99716008273973,,,0.16064278887706324,0.35355800605836524,,,,,,,,,,,,,,
134.17608794887926,,,0.16032605302694827,0.3527878385557033,,,,,,,,,,,,,,
134.3552547393458,,,0.16000994167793547,0.35201934873526536,,,,,,,,,,,,,,
134.53466077317756,,,0.15969445359871004,0.35125253294249953,,,,,,,,,,,,,,
134.7143063698386,,,0.15937958756038484,0.35048738753081465,,,,,,,,,,,,,,
134.89419184921994,,,0.1590653423364953,0.34972390886156185,,,,,,,,,,,,,,
135.0743175316397,,,0.1587517167029951,0.3489620933040184,,,,,,,,,,,,,,
135.2546837378435,,,0.1584387094382516,0.34820193723537185,,,,,,,,,,,,,,
135.43529078900522,,,0.1581263193230411,0.34744343704070124,,,,,,,,,,,,,,
135.61613900672788,,,0.15781454514054322,0.3466865891129591,,,,,,,,,,,,,,
135.79722871304395,,,0.15750338567633665,0.3459313898529552,,,,,,,,,,,,,,
135.97856023041567,,,0.1571928397183952,0.34517783566934074,,,,,,,,,,,,,,
136.16013388173596,,,0.15688290605708202,0.3444259229785897,,,,,,,,,,,,,,
136.34194999032874,,,0.15657358348514558,0.3436756482049825,,,,,,,,,,,,,,
136.52400887995006,,,0.1562648707977142,0.34292700778058754,,,,,,,,,,,,,,
136.70631087478813,,,0.15595676679229176,0.3421799981452455,,,,,,,,,,,,,,
136.8888562994639,,,0.15564927026875355,0.34143461574655337,,,,,,,,,,,,,,
137.0716454790317,,,0.15534238002934125,0.34069085703984636,,,,,,,,,,,,,,
137.2546787389803,,,0.15503609487865747,0.3399487184881802,,,,,,,,,,,,,,
137.43795640523297,,,0.1547304136236619,0.33920819656231505,,,,,,,,,,,,,,
137.62147880414798,,,0.15442533507366688,0.3384692877407002,,,,,,,,,,,,,,
137.80524626251938,,,0.15412085804033251,0.3377319885094561,,,,,,,,,,,,,,
137.98925910757788,,,0.15381698133766145,0.33699629536235637,,,,,,,,,,,,,,
138.1735176669911,,,0.1535137037819946,0.33626220480081237,,,,,,,,,,,,,,
138.358022268864,,,0.15321102419200733,0.3355297133338577,,,,,,,,,,,,,,
138.54277324173975,,,0.15290894138870384,0.33479881747813,,,,,,,,,,,,,,
138.72777091460003,,,0.1526074541954132,0.3340695137578552,,,,,,,,,,,,,,
138.91301561686623,,,0.15230656143778398,0.3333417987048296,,,,,,,,,,,,,,
139.0985076783995,,,0.15200626194378034,0.33261566885840443,,,,,,,,,,,,,,
139.28424742950122,,,0.1517065545436776,0.3318911207654705,,,,,,,,,,,,,,
139.47023520091383,,,0.15140743807005755,0.3311681509804406,,,,,,,,,,,,,,
139.65647132382173,,,0.15110891135780313,0.330446756065232,,,,,,,,,,,,,,
139.84295612985147,,,0.15081097324409468,0.3297269325892514,,,,,,,,,,,,,,
140.02968995107219,,,0.15051362256840564,0.32900867712937953,,,,,,,,,,,,,,
140.21667311999647,,,0.15021685817249758,0.3282919862699537,,,,,,,,,,,,,,
140.40390596958113,,,0.14992067890041536,0.3275768566027507,,,,,,,,,,,,,,
140.59138883322763,,,0.14962508359848303,0.3268632847269716,,,,,,,,,,,,,,
140.7791220447823,,,0.14933007111529967,0.3261512672492265,,,,,,,,,,,,,,
140.9671059385375,,,0.1490356403017344,0.32544080078351706,,,,,,,,,,,,,,
141.15534084923164,,,0.14874179001092228,0.3247318819512212,,,,,,,,,,,,,,
141.3438271120506,,,0.14844851909825912,0.3240245073810755,,,,,,,,,,,,,,
141.53256506262773,,,0.1481558264213976,0.32331867370916045,,,,,,,,,,,,,,
141.72155503704428,,,0.1478637108402431,0.32261437757888517,,,,,,,,,,,,,,
141.91079737183028,,,0.147572171216949,0.32191161564097065,,,,,,,,,,,,,,
142.10029240396545,,,0.14728120641591158,0.32121038455343265,,,,,,,,,,,,,,
142.29004047087943,,,0.14699081530376626,0.32051068098156676,,,,,,,,,,,,,,
142.48004191045217,,,0.14670099674938353,0.31981250159793406,,,,,,,,,,,,,,
142.6702970610148,,,0.14641174962386402,0.31911584308234353,,,,,,,,,,,,,,
142.86080626135052,,,0.1461230728005338,0.3184207021218359,,,,,,,,,,,,,,
143.05156985069488,,,0.1458349651549405,0.3177270754106683,,,,,,,,,,,,,,
143.24258816873615,,,0.14554742556484893,0.3170349596503002,,,,,,,,,,,,,,
143.43386155561635,,,0.1452604529102367,0.3163443515493758,,,,,,,,,,,,,,
143.62539035193151,,,0.14497404607328984,0.31565524782370935,,,,,,,,,,,,,,
143.8171748987328,,,0.1446882039383978,0.31496764519626835,,,,,,,,,,,,,,
144.00921553752673,,,0.1444029253921498,0.3142815403971586,,,,,,,,,,,,,,
144.2015126102756,,,0.1441182093233308,0.31359693016360995,,,,,,,,,,,,,,
144.39406645939837,,,0.14383405462291654,0.3129138112399596,,,,,,,,,,,,,,
144.58687742777138,,,0.14355046018406917,0.31223218037763556,,,,,,,,,,,,,,
144.77994585872898,,,0.143267424902133,0.3115520343351425,,,,,,,,,,,,,,
144.97327209606357,,,0.14298494767463094,0.3108733698780471,,,,,,,,,,,,,,
145.16685648402668,,,0.14270302740125956,0.31019618377896163,,,,,,,,,,,,,,
145.3606993673298,,,0.1424216629838844,0.30952047281752787,,,,,,,,,,,,,,
145.55480109114472,,,0.14214085332653623,0.3088462337804024,,,,,,,,,,,,,,
145.74916200110385,,,0.14186059733540715,0.3081734634612426,,,,,,,,,,,,,,
145.94378244330127,,,0.14158089391884565,0.3075021586606899,,,,,,,,,,,,,,
146.13866276429306,,,0.1413017419873529,0.3068323161863555,,,,,,,,,,,,,,
146.3338033110983,,,0.1410231404535776,0.3061639328528036,,,,,,,,,,,,,,
146.52920443119956,,,0.14074508823231255,0.3054970054815375,,,,,,,,,,,,,,
146.72486647254303,,,0.1404675842404906,0.3048315309009852,,,,,,,,,,,,,,
146.92078978353953,,,0.14019062739717997,0.3041675059464835,,,,,,,,,,,,,,
147.11697471306542,,,0.1399142166235798,0.3035049274602617,,,,,,,,,,,,,,
147.3134216104629,,,0.13963835084301632,0.30284379229142816,,,,,,,,,,,,,,
147.51013082554041,,,0.13936302898093886,0.3021840972959557,,,,,,,,,,,,,,
147.70710270857344,,,0.13908824996491556,0.3015258393366658,,,,,,,,,,,,,,
147.90433761030553,,,0.13881401272462868,0.30086901528321286,,,,,,,,,,,,,,
148.10183588194852,,,0.1385403161918706,0.30021362201207036,,,,,,,,,,,,,,
148.299597875183,,,0.1382671593005405,0.29955965640651666,,,,,,,,,,,,,,
148.4976239421593,,,0.13799454098663919,0.298907115356619,,,,,,,,,,,,,,
148.69591443549774,,,0.13772246018826562,0.29825599575921946,,,,,,,,,,,,,,
148.89446970828993,,,0.1374509158456121,0.29760629451791903,,,,,,,,,,,,,,
149.09329011409892,,,0.1371799069009604,0.2969580085430635,,,,,,,,,,,,,,
149.2923760069595,,,0.13690943229867839,0.2963111347517301,,,,,,,,,,,,,,
149.49172774137932,,,0.13663949098521513,0.29566567006771155,,,,,,,,,,,,,,
149.69134567233965,,,0.13637008190909658,0.29502161142150085,,,,,,,,,,,,,,
149.89123015529574,,,0.1361012040209219,0.294378955750277,,,,,,,,,,,,,,
150.09138154617727,,,0.1358328562733597,0.29373769999789223,,,,,,,,,,,,,,
150.29180020138912,,,0.13556503762114364,0.293097841114856,,,,,,,,,,,,,,
150.49248647781258,,,0.13529774702106764,0.29245937605831884,,,,,,,,,,,,,,
150.69344073280485,,,0.13503098343198333,0.29182230179206187,,,,,,,,,,,,,,
150.8946633242009,,,0.13476474581479436,0.291186615286478,,,,,,,,,,,,,,
151.09615461031316,,,0.13449903313245373,0.29055231351856126,,,,,,,,,,,,,,
151.29791494993242,,,0.1342338443499591,0.2899193934718906,,,,,,,,,,,,,,
151.49994470232892,,,0.13395885999644525,0.2892409603984861,,,,,,,,,,,,,,
151.70224422725263,,,0.13367391494092445,0.28851630699341635,,,,,,,,,,,,,,
151.9048138849336,,,0.1333895759945081,0.28779346910768633,,,,,,,,,,,,,,
152.1076540360828,,,0.13310584186793645,0.28707244219276296,,,,,,,,,,,,,,
152.31076504189338,,,0.1328227112746918,0.2863532217115077,,,,,,,,,,,,,,
152.5141472640406,,,0.13254018293099287,0.28563580313814907,,,,,,,,,,,,,,
152.71780106468245,,,0.13225825555578968,0.28492018195825547,,,,,,,,,,,,,,
152.9217268064605,,,0.13197692787075713,0.28420635366870556,,,,,,,,,,,,,,
153.125924852501,,,0.13169619860028858,0.28349431377765844,,,,,,,,,,,,,,
153.33039556641447,,,0.13141606647149168,0.28278405780452887,,,,,,,,,,,,,,
153.53513931229764,,,0.13113653021418076,0.282075581279955,,,,,,,,,,,,,,
153.74015645473293,,,0.1308575885608726,0.2813688797457741,,,,,,,,,,,,,,
153.94544735878952,,,0.13057924024678008,0.2806639487549926,,,,,,,,,,,,,,
154.15101239002445,,,0.13030148400980596,0.27996078387175716,,,,,,,,,,,,,,
154.35685191448292,,,0.13002431859053765,0.27925938067132805,,,,,,,,,,,,,,
154.5629662986985,,,0.12974774273224193,0.278559734740052,,,,,,,,,,,,,,
154.76935590969433,,,0.1294717551808587,0.27786184167533373,,,,,,,,,,,,,,
154.9760211149838,,,0.129196354684995,0.2771656970856067,,,,,,,,,,,,,,
155.18296228257122,,,0.1289215399959197,0.27647129659030706,,,,,,,,,,,,,,
155.39017978095183,,,0.12864730986755835,0.275778635819847,,,,,,,,,,,,,,
155.59767397911315,,,0.12837366305648676,0.27508771041558533,,,,,,,,,,,,,,
155.80544524653527,,,0.12810059832192583,0.2743985160298014,,,,,,,,,,,,,,
156.01349395319195,,,0.1278281144257354,0.27371104832566645,,,,,,,,,,,,,,
156.22182046955095,,,0.1275562101324089,0.27302530297721656,,,,,,,,,,,,,,
156.43042516657445,,,0.1272848842090682,0.27234127566932737,,,,,,,,,,,,,,
156.63930841571994,,,0.1270141354254577,0.2716589620976852,,,,,,,,,,,,,,
156.8484705889413,,,0.1267439625539383,0.2709783579687594,,,,,,,,,,,,,,
157.057912058689,,,0.12647436436948215,0.27029945899977603,,,,,,,,,,,,,,
157.2676331979106,,,0.1262053396496676,0.2696222609186921,,,,,,,,,,,,,,
157.47763438005163,,,0.12593688717467322,0.26894675946416774,,,,,,,,,,,,,,
157.68791597905658,,,0.1256690057272719,0.26827295038553806,,,,,,,,,,,,,,
157.89847836936934,,,0.12540169409282567,0.26760082944278785,,,,,,,,,,,,,,
158.10932192593341,,,0.12513495105928066,0.2669303924065255,,,,,,,,,,,,,,
158.32044702419316,,,0.12486877541716095,0.2662616350579552,,,,,,,,,,,,,,
158.5318540400941,,,0.1246031659595635,0.2655945531888512,,,,,,,,,,,,,,
158.7435433500841,,,0.12433812148215206,0.26492914260152983,,,,,,,,,,,,,,
158.9555153311137,,,0.1240736407831522,0.26426539910882413,,,,,,,,,,,,,,
159.16777036063644,,,0.12380972266334615,0.26360331853405866,,,,,,,,,,,,,,
159.3803088166099,,,0.12354636592606703,0.26294289671102195,,,,,,,,,,,,,,
159.59313107749665,,,0.12328356937719297,0.26228412948393937,,,,,,,,,,,,,,
159.80623752226467,,,0.12302133182514213,0.261627012707448,,,,,,,,,,,,,,
160.0196285303876,,,0.12275965208086774,0.2609715422465717,,,,,,,,,,,,,,
160.23330448184583,,,0.12249852895785221,0.2603177139766938,,,,,,,,,,,,,,
160.44726575712747,,,0.12223796127210146,0.25966552378353036,,,,,,,,,,,,,,
160.6615127372287,,,0.1219779478421398,0.2590149675631052,,,,,,,,,,,,,,
160.87604580365405,,,0.12171848748900516,0.25836604122172513,,,,,,,,,,,,,,
161.09086533841776,,,0.12145957903624299,0.25771874067595246,,,,,,,,,,,,,,
161.30597172404396,,,0.12120122130990142,0.25707306185258083,,,,,,,,,,,,,,
161.52136534356785,,,0.12094341313852533,0.2564290006886073,,,,,,,,,,,,,,
161.73704658053617,,,0.12068615335315132,0.2557865531312086,,,,,,,,,,,,,,
161.95301581900748,,,0.12042944078730297,0.2551457151377161,,,,,,,,,,,,,,
162.16927344355312,,,0.12017327427698508,0.25450648267558956,,,,,,,,,,,,,,
162.38581983925832,,,0.11991765266067798,0.25386885172239054,,,,,,,,,,,,,,
162.60265539172255,,,0.1196625747793327,0.25323281826575855,,,,,,,,,,,,,,
162.81978048705977,,,0.11940803947636608,0.2525983783033864,,,,,,,,,,,,,,
163.0371955118996,,,0.11915404559765512,0.251965527842994,,,,,,,,,,,,,,
163.2549008533882,,,0.11890059199153136,0.2513342629023025,,,,,,,,,,,,,,
163.47289689918873,,,0.11864767750877611,0.2507045795090101,,,,,,,,,,,,,,
163.69118403748163,,,0.11839530100261556,0.250076473700768,,,,,,,,,,,,,,
163.90976265696594,,,0.11814346132871502,0.2494499415251541,,,,,,,,,,,,,,
164.1286331468594,,,0.11789215734517414,0.2488249790396489,,,,,,,,,,,,,,
164.3477958969,,,0.11764138791252104,0.24820158231160958,,,,,,,,,,,,,,
164.56725129734605,,,0.11739115189370775,0.2475797474182458,,,,,,,,,,,,,,
164.7869997389766,,,0.11714144815410522,0.2469594704465963,,,,,,,,,,,,,,
165.0070416130926,,,0.11689227556149791,0.24634074749350318,,,,,,,,,,,,,,
165.2273773115178,,,0.11664363298607826,0.2457235746655865,,,,,,,,,,,,,,
165.4480072265992,,,0.11639551930044187,0.24510794807922046,,,,,,,,,,,,,,
165.6689317512073,,,0.1161479333795829,0.24449386386051028,,,,,,,,,,,,,,
165.89015127873725,,,0.11590087410088849,0.24388131814526662,,,,,,,,,,,,,,
166.1116662031098,,,0.11565434034413331,0.24327030707898029,,,,,,,,,,,,,,
166.3334769187718,,,0.11540833099147496,0.2426608268167992,,,,,,,,,,,,,,
166.55558382069634,,,0.11516284492744902,0.24205287352350494,,,,,,,,,,,,,,
166.7779873043842,,,0.11491788103896373,0.24144644337348714,,,,,,,,,,,,,,
167.00068776586406,,,0.11467343821529513,0.24084153255072052,,,,,,,,,,,,,,
167.22368560169377,,,0.11442951534808156,0.24023813724873933,,,,,,,,,,,,,,
167.4469812089607,,,0.11418611133131892,0.2396362536706144,,,,,,,,,,,,,,
167.67057498528212,,,0.11394322506135611,0.2390358780289302,,,,,,,,,,,,,,
167.89446732880626,,,0.1137008554368896,0.23843700654576003,,,,,,,,,,,,,,
168.1186586382133,,,0.11345900135895803,0.23783963545264147,,,,,,,,,,,,,,
168.3431493127158,,,0.11321766173093775,0.23724376099055328,,,,,,,,,,,,,,
168.56793975205912,,,0.11297683545853804,0.2366493794098929,,,,,,,,,,,,,,
168.79303035652228,,,0.11273652144979589,0.23605648697045187,,,,,,,,,,,,,,
169.01842152691924,,,0.11249671861507066,0.23546507994139154,,,,,,,,,,,,,,
169.2441136645991,,,0.11225742586703943,0.23487515460122016,,,,,,,,,,,,,,
169.47010717144659,,,0.11201864212069257,0.2342867072377707,,,,,,,,,,,,,,
169.69640244988327,,,0.11178036629332816,0.23369973414817596,,,,,,,,,,,,,,
169.9229999028678,,,0.1115425973045475,0.23311423163884623,,,,,,,,,,,,,,
170.14989993389736,,,0.11130533407624968,0.23253019602544459,,,,,,,,,,,,,,
170.37710294700784,,,0.11106857553262696,0.2319476236328649,,,,,,,,,,,,,,
170.6046093467744,,,0.11083232060016038,0.23136651079520923,,,,,,,,,,,,,,
170.8324195383123,,,0.11059656820761442,0.23078685385576414,,,,,,,,,,,,,,
171.06053392727821,,,0.1103613172860319,0.23020864916697661,,,,,,,,,,,,,,
171.28895291987044,,,0.11012656676872942,0.22963189309043222,,,,,,,,,,,,,,
171.51767692282934,,,0.10989231559129282,0.22905658199683274,,,,,,,,,,,,,,
171.74670634343838,,,0.10965856269157216,0.2284827122659728,,,,,,,,,,,,,,
171.9760415895253,,,0.10942530700967633,0.22791028028671617,,,,,,,,,,,,,,
172.2056830694623,,,0.10919254748796883,0.22733928245697363,,,,,,,,,,,,,,
172.43563119216668,,,0.1089602830710632,0.22676971518368141,,,,,,,,,,,,,,
172.6658863671018,,,0.10872851270581771,0.22620157488277737,,,,,,,,,,,,,,
172.89644900427766,,,0.10849723534133095,0.225634857979179,,,,,,,,,,,,,,
173.12731951425215,,,0.10826644992893653,0.22506956090675997,,,,,,,,,,,,,,
173.35849830813132,,,0.10803615542219872,0.22450568010832825,,,,,,,,,,,,,,
173.58998579756988,,,0.10780635077690799,0.2239432120356048,,,,,,,,,,,,,,
173.82178239477216,,,0.10757703495107598,0.2233821531492003,,,,,,,,,,,,,,
174.0538885124933,,,0.10734820690493042,0.2228224999185919,,,,,,,,,,,,,,
174.28630456403963,,,0.1071198656009107,0.22226424882210222,,,,,,,,,,,,,,
174.51903096326893,,,0.10689201000366359,0.22170739634687764,,,,,,,,,,,,,,
174.75206812459172,,,0.10666463908003815,0.22115193898886562,,,,,,,,,,,,,,
174.9854164629723,,,0.10643775179908059,0.22059787325279115,,,,,,,,,,,,,,
175.21907639392845,,,0.10621134713203073,0.22004519565213784,,,,,,,,,,,,,,
175.4530483335335,,,0.10598542405231597,0.2194939027091228,,,,,,,,,,,,,,
175.68733269841582,,,0.10575998153554787,0.21894399095467734,,,,,,,,,,,,,,
175.92192990576007,,,0.105535018559517,0.218395456928424,,,,,,,,,,,,,,
176.15684037330837,,,0.10531053410418789,0.2178482971786541,,,,,,,,,,,,,,
176.3920645193607,,,0.10508652715169488,0.21730250826230665,,,,,,,,,,,,,,
176.62760276277518,,,0.10486299668633765,0.21675808674494773,,,,,,,,,,,,,,
176.86345552296928,,,0.1046399416945765,0.21621502920074778,,,,,,,,,,,,,,
177.0996232199208,,,0.10441736116502716,0.2156733322124595,,,,,,,,,,,,,,
177.33610627416846,,,0.10419525408845684,0.21513299237139688,,,,,,,,,,,,,,
177.57290510681207,,,0.10397361945777972,0.21459400627741482,,,,,,,,,,,,,,
177.8100201395138,,,0.10375245626805224,0.21405637053888685,,,,,,,,,,,,,,
178.04745179449938,,,0.10353176351646787,0.2135200817726824,,,,,,,,,,,,,,
178.2852004945576,,,0.1033115402023539,0.21298513660414856,,,,,,,,,,,,,,
178.52326666304265,,,0.10309178532716551,0.2124515316670856,,,,,,,,,,,,,,
178.7616507238733,,,0.10287249789448231,0.21191926360372848,,,,,,,,,,,,,,
179.00035310153453,,,0.10265367691000346,0.2113883290647246,,,,,,,,,,,,,,
179.2393742210784,,,0.10243532138154281,0.2108587247091118,,,,,,,,,,,,,,
179.47871450812465,,,0.10221743031902458,0.21033044720429842,,,,,,,,,,,,,,
179.71837438886092,,,0.10200000273447944,0.2098034932260428,,,,,,,,,,,,,,
179.95835429004393,,,0.1017830376420395,0.2092778594584318,,,,,,,,,,,,,,
180.1986546390007,,,0.10156653405793366,0.20875354259385903,,,,,,,,,,,,,,
180.43927586362878,,,0.10135049100048332,0.20823053933300473,,,,,,,,,,,,,,
180.68021839239677,,,0.10113490749009842,0.20770884638481613,,,,,,,,,,,,,,
180.92148265434557,,,0.10091978254927239,0.2071884604664852,,,,,,,,,,,,,,
181.16306907908884,,,0.1007051152025781,0.20666937830342896,,,,,,,,,,,,,,
181.40497809681423,,,0.10049090447666294,0.20615159662926774,,,,,,,,,,,,,,
181.64721013828384,,,0.10027714940024471,0.2056351121858052,,,,,,,,,,,,,,
181.88976563483465,,,0.10006384900410757,0.20511992172300883,,,,,,,,,,,,,,
182.1326450183795,,,0.09985100232109732,0.20460602199898864,,,,,,,,,,,,,,
182.37584872140846,,,0.09963860838611666,0.20409340977997587,,,,,,,,,,,,,,
182.61937717698902,,,0.0994266662361211,0.20358208184030363,,,,,,,,,,,,,,
182.8632308187666,,,0.09921517491011513,0.20307203496238727,,,,,,,,,,,,,,
183.1074100809657,,,0.09900413344914717,0.20256326593670326,,,,,,,,,,,,,,
183.35191539839104,,,0.09879354089630533,0.2020557715617684,,,,,,,,,,,,,,
183.59674720642784,,,0.098583396296713,0.20154954864412034,,,,,,,,,,,,,,
183.84190594104237,,,0.09837369869752519,0.20104459399829827,,,,,,,,,,,,,,
184.08739203878332,,,0.0981644471479233,0.20054090444682174,,,,,,,,,,,,,,
184.33320593678198,,,0.09795564069911168,0.20003847682017148,,,,,,,,,,,,,,
184.5793480727538,,,0.09774727840431237,0.1995373079567681,,,,,,,,,,,,,,
184.82581888499874,,,0.09753935931876127,0.19903739470295326,,,,,,,,,,,,,,
185.07261881240157,,,0.09733188249970441,0.19853873391297036,,,,,,,,,,,,,,
185.3197482944332,,,0.097124847006393,0.19804132244894404,,,,,,,,,,,,,,
185.56720777115166,,,0.09691825190007898,0.19754515718085985,,,,,,,,,,,,,,
185.81499768320265,,,0.09671209624401132,0.19705023498654495,,,,,,,,,,,,,,
186.0631184718199,,,0.0965063791034316,0.19655655275164957,,,,,,,,,,,,,,
186.3115705788263,,,0.09630109954557,0.19606410736962643,,,,,,,,,,,,,,
186.56035444663502,,,0.09609625663964028,0.19557289574171063,,,,,,,,,,,,,,
186.80947051825015,,,0.09589184945683614,0.1950829147769007,,,,,,,,,,,,,,
187.0589192372668,,,0.09568787707032739,0.19459416139194005,,,,,,,,,,,,,,
187.3087010478727,,,0.09548433855525493,0.19410663251129637,,,,,,,,,,,,,,
187.55881639484846,,,0.09528123298872732,0.19362032506714305,,,,,,,,,,,,,,
187.809265723569,,,0.09507855944981572,0.1931352359993387,,,,,,,,,,,,,,
188.06004948000404,,,0.09487631701955028,0.19265136225540885,,,,,,,,,,,,,,
188.31116811071828,,,0.09467450478091628,0.19216870079052714,,,,,,,,,,,,,,
188.56262206287283,,,0.0944731218188494,0.19168724856749572,,,,,,,,,,,,,,
188.81441178422625,,,0.09427216722023168,0.1912070025567252,,,,,,,,,,,,,,
189.06653772313499,,,0.09407164007388726,0.1907279597362166,,,,,,,,,,,,,,
189.31900032855384,,,0.09387153947057894,0.19025011709154255,,,,,,,,,,,,,,
189.571800050037,,,0.09367186450300341,0.18977347161582814,,,,,,,,,,,,,,
189.8249373377395,,,0.09347261426578701,0.1892980203097311,,,,,,,,,,,,,,
190.07841264241733,,,0.09327378785548207,0.1888237601814234,,,,,,,,,,,,,,
190.33222641542804,,,0.0930753843705627,0.1883506882465735,,,,,,,,,,,,,,
190.5863791087321,,,0.09287740291142077,0.18787880152832623,,,,,,,,,,,,,,
190.84087117489324,,,0.09267984258036165,0.18740809705728495,,,,,,,,,,,,,,
191.09570306707997,,,0.09248270248159994,0.1869385718714917,,,,,,,,,,,,,,
191.35087523906583,,,0.09228598172125584,0.1864702230164093,,,,,,,,,,,,,,
191.60638814522994,,,0.09208967940735098,0.18600304754490343,,,,,,,,,,,,,,
191.86224224055823,,,0.09189379464980456,0.18553704251722347,,,,,,,,,,,,,,
192.11843798064442,,,0.09169832656042862,0.18507220500098315,,,,,,,,,,,,,,
192.37497582169073,,,0.09150327425292448,0.184608532071143,,,,,,,,,,,,,,
192.63185622050804,,,0.09130863684287917,0.18414602080999246,,,,,,,,,,,,,,
192.88907963451732,,,0.09111441344776071,0.18368466830713093,,,,,,,,,,,,,,
193.14664652175065,,,0.09092060318691432,0.1832244716594486,,,,,,,,,,,,,,
193.40455734085182,,,0.09072720518155832,0.18276542797110926,,,,,,,,,,,,,,
193.66281255107654,,,0.09053421855478054,0.18230753435353228,,,,,,,,,,,,,,
193.92141261229403,,,0.09034164243153416,0.18185078792537368,,,,,,,,,,,,,,
194.1803579849874,,,0.09014947593863355,0.18139518581250863,,,,,,,,,,,,,,
194.43964913025502,,,0.08995771820475044,0.1809407251480125,,,,,,,,,,,,,,
194.69928650981097,,,0.08976636836040972,0.18048740307214303,,,,,,,,,,,,,,
194.95927058598545,,,0.08957542553798623,0.18003521673232362,,,,,,,,,,,,,,
195.219601821726,,,0.0893848888717002,0.17958416328312427,,,,,,,,,,,,,,
195.48028068059884,,,0.0891947574976132,0.17913423988624322,,,,,,,,,,,,,,
195.74130762678908,,,0.08900503055362462,0.17868544371048953,,,,,,,,,,,,,,
196.00268312510127,,,0.08881570717946774,0.17823777193176624,,,,,,,,,,,,,,
196.2644076409607,,,0.08862678651670587,0.17779122173305176,,,,,,,,,,,,,,
196.52648164041452,,,0.08843826770872795,0.17734579030438136,,,,,,,,,,,,,,
196.78890559013212,,,0.08825014990074496,0.1769014748428305,,,,,,,,,,,,,,
197.0516799574057,,,0.08806243223978659,0.17645827255249746,,,,,,,,,,,,,,
197.31480521015166,,,0.0878751138746965,0.17601618064448504,,,,,,,,,,,,,,
197.57828181691102,,,0.08768819395612922,0.1755751963368836,,,,,,,,,,,,,,
197.84211024685075,,,0.0875016716365455,0.1751353168547523,,,,,,,,,,,,,,
198.1062909697644,,,0.08731554607020892,0.17469653943010285,,,,,,,,,,,,,,
198.37082445607243,,,0.0871298164131824,0.17425886130188223,,,,,,,,,,,,,,
198.6357111768234,,,0.08694448182332387,0.17382227971595496,,,,,,,,,,,,,,
198.90095160369535,,,0.08675954146028249,0.1733867919250849,,,,,,,,,,,,,,
199.1665462089961,,,0.08657499448549472,0.17295239518891883,,,,,,,,,,,,,,
199.43249546566375,,,0.08639084006218122,0.17251908677396968,,,,,,,,,,,,,,
199.69879984726794,,,0.08620707735534242,0.17208686395359885,,,,,,,,,,,,,,
199.96545982801103,,,0.08602370553175462,0.17165572400799825,,,,,,,,,,,,,,
200.2324758827287,,3.791579485320698,0.08583503162264407,0.171186967305274,,,,,,,,,,,,,,
200.4998484868901,,3.7830736148233353,0.08564592714070082,0.17071375389336704,,,,,,,,,,,,,,
200.76757811659965,,3.7745868260393323,0.08545723927775813,0.17024184858882793,,,,,,,,,,,,,,
201.03566524859724,,3.766119076161579,0.08526896711595643,0.169771247775646,,,,,,,,,,,,,,
201.30411036025976,,3.757670322478985,0.08508110973945802,0.16930194784780578,,,,,,,,,,,,,,
201.57291392960153,,3.7492405223762755,0.0848936662344428,0.1688339452092598,,,,,,,,,,,,,,
201.84207643527483,,3.74082963333379,0.0847066356891043,0.16836723627390193,,,,,,,,,,,,,,
202.11159835657102,,3.7324376129272556,0.08452001719364484,0.16790181746553917,,,,,,,,,,,,,,
202.3814801734219,,3.724064418827559,0.08433380984027083,0.16743768521786345,,,,,,,,,,,,,,
202.65172236640015,,3.7157100088005452,0.08414801272318861,0.16697483597442508,,,,,,,,,,,,,,
202.9223254167197,,3.70737434070682,0.08396262493860046,0.16651326618860632,,,,,,,,,,,,,,
203.19328980623706,,3.6990573725015223,0.08377764558469981,0.16605297232359317,,,,,,,,,,,,,,
203.46461601745287,,3.690759062234094,0.08359307376166639,0.16559395085234757,,,,,,,,,,,,,,
203.73630453351112,,3.682479368048109,0.08340890857166294,0.16513619825758263,,,,,,,,,,,,,,
204.00835583820185,,3.6742182481810217,0.08322514911882976,0.1646797110317329,,,,,,,,,,,,,,
204.28077041596043,,3.6659756609639875,0.08304179450928106,0.16422448567693,,,,,,,,,,,,,,
204.55354875186916,,3.6577515648216434,0.08285884385110055,0.1637705187049747,,,,,,,,,,,,,,
204.82669133165845,,3.6495459182718806,0.08267629625433665,0.16331780663730955,,,,,,,,,,,,,,
205.10019864170732,,3.64135867992565,0.0824941508309983,0.16286634600499295,,,,,,,,,,,,,,
205.37407116904387,,3.633189808486766,0.08231240669505123,0.16241613334867308,,,,,,,,,,,,,,
205.6483094013465,,3.6250392627516854,0.08213106296241314,0.16196716521856103,,,,,,,,,,,,,,
205.92291382694523,,3.616907001609285,0.08195011875094912,0.16151943817440334,,,,,,,,,,,,,,
206.19788493482218,,3.60879298404067,0.08176957318046789,0.16107294878545642,,,,,,,,,,,,,,
206.47322321461198,,3.600697169118978,0.08158942537271735,0.16062769363046114,,,,,,,,,,,,,,
206.74892915660303,,3.5926195160091607,0.0814096744513805,0.1601836692976157,,,,,,,,,,,,,,
207.02500325173912,,3.584559983967757,0.08123031954207055,0.1597408723845486,,,,,,,,,,,,,,
207.30144599161875,,3.576518532342735,0.08105135977232744,0.15929929949829477,,,,,,,,,,,,,,
207.57825786849764,,3.5684951205732327,0.08087279427161291,0.15885894725526714,,,,,,,,,,,,,,
207.85543937528826,,3.560489708189402,0.08069462217130693,0.15841981228123284,,,,,,,,,,,,,,
208.13299100556125,,3.5525022548121807,0.08051684260470306,0.15798189121128645,,,,,,,,,,,,,,
208.41091325354668,,3.5445327201530805,0.08033945470700418,0.15754518068982346,,,,,,,,,,,,,,
208.6892066141347,,3.5365810640139936,0.08016245761531829,0.1571096773705154,,,,,,,,,,,,,,
208.96787158287572,,3.528647246287004,0.07998585046865479,0.15667537791628458,,,,,,,,,,,,,,
209.246908655982,,3.520731226954172,0.07980963240791998,0.1562422789992782,,,,,,,,,,,,,,
209.52631833032873,,3.51283296608732,0.0796338025759124,0.15581037730084188,,,,,,,,,,,,,,
209.80610110345464,,3.504952423847843,0.07945836011731933,0.15537966951149507,,,,,,,,,,,,,,
210.08625747356234,,3.497089560486522,0.07928330417871253,0.15495015233090625,,,,,,,,,,,,,,
210.36678793951998,,3.489244336343302,0.07910863390854381,0.1545218224678668,,,,,,,,,,,,,,
210.64769300086158,,3.4814167118471064,0.07893434845714124,0.15409467664026621,,,,,,,,,,,,,,
210.92897315778868,,3.4736066475156195,0.07876044697670459,0.1536687115750662,,,,,,,,,,,,,,
211.21062891117066,,3.465814103955097,0.07858692862130129,0.1532439240082761,,,,,,,,,,,,,,
211.4926607625454,,3.458039041860182,0.07841379254686283,0.15282031068492857,,,,,,,,,,,,,,
211.77506921412038,,3.4502814220136933,0.07824103791118028,0.1523978683590541,,,,,,,,,,,,,,
212.05785476877418,,3.442541205286416,0.0780686638738999,0.15197659379365525,,,,,,,,,,,,,,
212.34101793005686,,3.4348183526369156,0.07789666959651928,0.15155648376068265,,,,,,,,,,,,,,
212.62455920219043,,3.427112825111354,0.07772505424238371,0.15113753504101102,,,,,,,,,,,,,,
212.90847909007024,,3.4194245838432806,0.0775538169766817,0.1507197444244136,,,,,,,,,,,,,,
213.1927780992662,,3.411753590053423,0.07738295696644061,0.15030310870953714,,,,,,,,,,,,,,
213.47745673602338,,3.4040998050495066,0.07721247338052302,0.14988762470387784,,,,,,,,,,,,,,
213.76251550726235,,3.396463190226067,0.07704236538962285,0.14947328922375766,,,,,,,,,,,,,,
214.04795492058082,,3.3888437070642423,0.07687263216626085,0.14906009909429885,,,,,,,,,,,,,,
214.33377548425412,,3.3812413171315865,0.07670327288478104,0.1486480511494003,,,,,,,,,,,,,,
214.61997770723661,,3.3736559820818592,0.07653428672134621,0.14823714223171247,,,,,,,,,,,,,,
214.90656209916244,,3.366087663654845,0.07636567285393404,0.14782736919261358,,,,,,,,,,,,,,
215.19352917034564,,3.3585363236761734,0.0761974304623336,0.14741872889218624,,,,,,,,,,,,,,
215.48087943178183,,3.351001924057108,0.07602955872814092,0.14701121819919288,,,,,,,,,,,,,,
215.76861339514934,,3.343484426794352,0.07586205683475479,0.1466048339910509,,,,,,,,,,,,,,
216.05673157280972,,3.3359837939698616,0.07569492396737315,0.14619957315380944,,,,,,,,,,,,,,
216.3452344778083,,3.3284999877506696,0.07552815931298919,0.14579543258212632,,,,,,,,,,,,,,
216.63412262387547,,3.3210329703886785,0.07536176206038732,0.14539240917924334,,,,,,,,,,,,,,
216.92339652542805,,3.313582704220465,0.07519573140013891,0.1449904998569622,,,,,,,,,,,,,,
217.2130566975697,,3.306149151667099,0.07503006652459854,0.1445897015356212,,,,,,,,,,,,,,
217.50310365609158,,3.2987322752339607,0.07486476662790038,0.1441900111440725,,,,,,,,,,,,,,
217.79353791747374,,3.2913320375105424,0.07469983090595401,0.1437914256196575,,,,,,,,,,,,,,
218.08435999888567,,3.2839484011702655,0.07453525855644041,0.143393941908184,,,,,,,,,,,,,,
218.37557041818792,,3.276581328970277,0.07437104877880817,0.14299755696390198,,,,,,,,,,,,,,
218.6671696939325,,3.269230783751273,0.07420720077426936,0.14260226774948076,,,,,,,,,,,,,,
218.95915834536342,,3.2618967284373235,0.07404371374579627,0.14220807123598647,,,,,,,,,,,,,,
219.25153689241804,,3.254579126035672,0.0738805868981171,0.14181496440285804,,,,,,,,,,,,,,
219.54430585572854,,3.2472779396365383,0.07371781943771182,0.1414229442378836,,,,,,,,,,,,,,
219.8374657566221,,3.2399931324129456,0.07355541057280873,0.14103200773717794,,,,,,,,,,,,,,
220.1310171171218,,3.2327246676205434,0.0733933595133806,0.14064215190516016,,,,,,,,,,,,,,
220.4249604599476,,3.225472508597412,0.07323166547114081,0.14025337375453004,,,,,,,,,,,,,,
220.7192963085181,,3.218236618763867,0.0730703276595392,0.13986567030624453,,,,,,,,,,,,,,
221.01402518695062,,3.211016961622284,0.07290934529375839,0.13947903858949565,,,,,,,,,,,,,,
221.30914762006202,,3.203813500756928,0.07274871759071036,0.13909347564168822,,,,,,,,,,,,,,
221.60466413337016,,3.1966261998337533,0.0725884437690322,0.1387089785084162,,,,,,,,,,,,,,
221.9005752530944,,3.1894550226002254,0.07242852304908245,0.13832554424344096,,,,,,,,,,,,,,
222.19688150615715,,3.182299932885132,0.0722689546529372,0.13794316990866728,,,,,,,,,,,,,,
222.49358342018454,,3.175160894598402,0.07210973780438627,0.13756185257412196,,,,,,,,,,,,,,
222.7906815235067,,3.168037871730939,0.07195087172892987,0.13718158931793167,,,,,,,,,,,,,,
223.0881763451593,,3.1609308283544277,0.07179235565377455,0.13680237722630006,,,,,,,,,,,,,,
223.38606841488487,,3.153839728621144,0.07163418880782906,0.13642421339348476,,,,,,,,,,,,,,
223.6843582631333,,3.14676453676378,0.07147637042170105,0.1360470949217758,,,,,,,,,,,,,,
223.9830464210624,,3.1397052170952806,0.07131889972769348,0.135671018921474,,,,,,,,,,,,,,
224.2821334205391,,3.1326617340086464,0.07116177595980051,0.13529598251086813,,,,,,,,,,,,,,
224.5816197941412,,3.125634051976749,0.07100499835370384,0.13492198281621234,,,,,,,,,,,,,,
224.88150607515746,,3.118622135552159,0.07084856614676889,0.1345490169717047,,,,,,,,,,,,,,
225.1817927975884,,3.1116259493669784,0.07069247857804159,0.13417708211946586,,,,,,,,,,,,,,
225.4824804961478,,3.104645458132648,0.07053673488824418,0.1338061754095161,,,,,,,,,,,,,,
225.78356970626322,,3.0976806266397783,0.07038133431977184,0.13343629399975437,,,,,,,,,,,,,,
226.08506096407763,,3.0907314197579563,0.0702262761166885,0.13306743505593538,,,,,,,,,,,,,,
226.38695480644995,,3.083797802435579,0.07007155952472366,0.13269959575164866,,,,,,,,,,,,,,
226.68925177095545,,3.076879739699688,0.06991718379126863,0.1323327732682973,,,,,,,,,,,,,,
226.99195239588732,,3.06997719665578,0.06976314816537292,0.13196696479507583,,,,,,,,,,,,,,
227.29505722025795,,3.0630901384876243,0.06960945189774023,0.13160216752894827,,,,,,,,,,,,,,
227.59856678379944,,3.0562185304570946,0.06945609424072499,0.13123837867462695,,,,,,,,,,,,,,
227.9024816269642,,3.049362337904004,0.06930307444832903,0.13087559544455193,,,,,,,,,,,,,,
228.20680229092628,,3.0425215262459218,0.06915039177619778,0.1305138150588688,,,,,,,,,,,,,,
228.51152931758287,,3.035696060977988,0.06899804548161621,0.13015303474540713,,,,,,,,,,,,,,
228.8166632495547,,3.02888590767275,0.06884603482350563,0.12979325173965944,,,,,,,,,,,,,,
229.12220463018662,,3.022091031979996,0.06869435906242029,0.1294344632847609,,,,,,,,,,,,,,
229.4281540035493,,3.015311399626571,0.06854301746054339,0.1290766666314672,,,,,,,,,,,,,,
229.73451191443962,,3.0085469764162123,0.06839200928168376,0.128719859038134,,,,,,,,,,,,,,
230.04127890838242,,3.0017977282293598,0.06824133379127184,0.12836403777069516,,,,,,,,,,,,,,
230.348455531631,,2.995063621022997,0.06809099025635655,0.1280092001026424,,,,,,,,,,,,,,
230.65604233116758,,2.988344620830488,0.06794097794560164,0.12765534331500492,,,,,,,,,,,,,,
230.96403985470477,,2.981640693761397,0.06779129612928218,0.12730246469632783,,,,,,,,,,,,,,
231.27244865068707,,2.9749518060013034,0.06764194407928074,0.1269505615426512,,,,,,,,,,,,,,
231.58126926829127,,2.9682779238116495,0.06749292106908389,0.12659963115748948,,,,,,,,,,,,,,
231.89050225742704,,2.96161901352957,0.06734422637377907,0.12624967085181177,,,,,,,,,,,,,,
232.2001481687383,,2.9549750415677223,0.06719585927005083,0.1259006779440203,,,,,,,,,,,,,,
232.5102075536048,,2.9483459744140985,0.06704781903617694,0.12555264975992964,,,,,,,,,,,,,,
232.82068096414253,,2.9417317786318717,0.06690010495202536,0.12520558363274656,,,,,,,,,,,,,,
233.13156895320418,,2.9351324208592358,0.06675271629905064,0.12485947690305026,,,,,,,,,,,,,,
233.442872074381,,2.928547867809222,0.06660565236029035,0.12451432691877111,,,,,,,,,,,,,,
233.75459088200316,,2.921978086269541,0.06645891242036177,0.12417013103517086,,,,,,,,,,,,,,
234.06672593114158,,2.915423043102401,0.06631249576545786,0.12382688661482162,,,,,,,,,,,,,,
234.37927777760828,,2.9088827052443493,0.06616640168334435,0.12348459102758617,,,,,,,,,,,,,,
234.69224697795704,,2.902357039706117,0.06602062946335631,0.1231432416505983,,,,,,,,,,,,,,
235.00563408948483,,2.895846013572442,0.06587517839639433,0.12280283586824221,,,,,,,,,,,,,,
235.3194396702332,,2.8893495940018927,0.06573004777492118,0.12246337107213195,,,,,,,,,,,,,,
235.6336642789889,,2.882867748226712,0.06558523689295834,0.122124844661092,,,,,,,,,,,,,,
235.94830847528436,,2.876400443552664,0.06544074504608285,0.1217872540411377,,,,,,,,,,,,,,
236.26337281939914,,2.869947647358857,0.06529657153142376,0.12145059662545507,,,,,,,,,,,,,,
236.57885787236168,,2.8635093270975633,0.06515271564765818,0.12111486983438,,,,,,,,,,,,,,
236.8947641959486,,2.857085450294094,0.0650091766950088,0.12078007109538053,,,,,,,,,,,,,,
237.21109235268761,,2.8506759845465908,0.06486595397523964,0.12044619784303483,,,,,,,,,,,,,,
237.52784290585694,,2.8442808975258993,0.06472304679165321,0.12011324751901348,,,,,,,,,,,,,,
237.8450164194868,,2.837900156975392,0.06458045444908699,0.11978121757205908,,,,,,,,,,,,,,
238.16261345836122,,2.831533730710793,0.06443817625390981,0.11945010545796618,,,,,,,,,,,,,,
238.48063458801826,,2.82518158662003,0.06429621151401856,0.11911990863956232,,,,,,,,,,,,,,
238.79908037475073,,2.818843692663077,0.06415455953883518,0.118790624586689,,,,,,,,,,,,,,
239.1179513856076,,2.812520016871785,0.06401321963930308,0.11846225077618193,,,,,,,,,,,,,,
239.43724818839553,,2.8062105273497138,0.06387219112788341,0.11813478469185107,,,,,,,,,,,,,,
239.75697135167934,,2.7999151922719756,0.06373147331855211,0.11780822382446195,,,,,,,,,,,,,,
240.0771214447826,,2.7936339798850884,0.06359106552679675,0.11748256567171682,,,,,,,,,,,,,,
240.39769903778912,,2.7873668585068048,0.06345096706961294,0.11715780773823516,,,,,,,,,,,,,,
240.71870470154462,,2.781113796525937,0.06331117726550067,0.11683394753553361,,,,,,,,,,,,,,
241.0401390076562,,2.7748747624022307,0.06317169543446183,0.11651098258200877,,,,,,,,,,,,,,
241.3620025284951,,2.768649724666171,0.063032520897996,0.11618891040291617,,,,,,,,,,,,,,
241.68429583719623,,2.762438651918852,0.06289365297909782,0.11586772853035301,,,,,,,,,,,,,,
242.0070195076597,,2.756241512831809,0.06275509100225354,0.11554743450323857,,,,,,,,,,,,,,
242.33017411455248,,2.7500582761468473,0.06261683429343744,0.11522802586729478,,,,,,,,,,,,,,
242.653760233309,,2.743888910675896,0.062478882180108615,0.11490950017502799,,,,,,,,,,,,,,
242.97777844013143,,2.73773338530086,0.062341233991208216,0.11459185498571063,,,,,,,,,,,,,,
243.30222931199148,,2.7315916689734525,0.06220388905715577,0.11427508786536207,,,,,,,,,,,,,,
243.62711342663167,,2.725463730715031,0.06206684670984568,0.11395919638672947,,,,,,,,,,,,,,
243.9524313625661,,2.7193495396164473,0.06193010628264439,0.11364417812926965,,,,,,,,,,,,,,
244.27818369908078,,2.7132490648379046,0.06179366711038709,0.11333003067913101,,,,,,,,,,,,,,
244.60437101623555,,2.707162275608785,0.06165752852937441,0.11301675162913444,,,,,,,,,,,,,,
244.93099389486454,,2.7010891412275053,0.06152168987736925,0.11270433857875513,,,,,,,,,,,,,,
245.25805291657798,,2.695029631061348,0.061386150493593236,0.11239278913410365,,,,,,,,,,,,,,
245.58554866376272,,2.6889837145463145,0.061250909718723864,0.112082100907908,,,,,,,,,,,,,,
245.9134817195828,,2.682951361186983,0.061115966894891356,0.11177227151949581,,,,,,,,,,,,,,
246.2418526679809,,2.6769325405563427,0.06098132136567523,0.11146329859477562,,,,,,,,,,,,,,
246.57066209368008,,2.670927222295633,0.0608469724761011,0.1111551797662182,,,,,,,,,,,,,,
246.89991058218402,,2.6649353761141974,0.06071291957263744,0.11084791267283894,,,,,,,,,,,,,,
247.22959871977787,,2.658956971789344,0.060579162003192806,0.11054149496018012,,,,,,,,,,,,,,
247.55972709352955,,2.652991979166179,0.06044569911711239,0.11023592428029258,,,,,,,,,,,,,,
247.89029629129146,,2.6470403681574486,0.06031253026517457,0.109931198291717,,,,,,,,,,,,,,
248.22130690170098,,2.6411021087433952,0.06017965479958817,0.10962731465946667,,,,,,,,,,,,,,
248.55275951418093,,2.6351771709716156,0.060047072073989224,0.10932427105500996,,,,,,,,,,,,,,
248.8846547189415,,2.6292655249568955,0.05991478144343777,0.10902206515625175,,,,,,,,,,,,,,
249.2169931069807,,2.6233671408810695,0.059782782264414844,0.10872069464751616,,,,,,,,,,,,,,
249.54977527008631,,2.617481988992854,0.059651073894818926,0.10842015721952808,,,,,,,,,,,,,,
249.88300180083618,,2.6116100396077107,0.05951965569396322,0.10812045056939595,,,,,,,,,,,,,,
250.21667329259904,,2.605751263107701,0.059388527022572614,0.10782157240059459,,,,,,,,,,,,,,
250.55079033953592,,2.599905629941332,0.05925768724278033,0.10752352042294705,,,,,,,,,,,,,,
250.88535353660177,,2.594073110623395,0.059127135718124786,0.10722629235260678,,,,,,,,,,,,,,
251.2203634795459,,2.5882536757348276,0.05899687181354649,0.10692988591204039,,,,,,,,,,,,,,
251.55582076491277,,2.5824472959225737,0.05886689489538535,0.1066342988300108,,,,,,,,,,,,,,
251.89172599004328,,2.5766539418994263,0.058737204331377274,0.10633952884155932,,,,,,,,,,,,,,
252.2280797530765,,2.5708735844438726,0.05860779949065087,0.10604557368798789,,,,,,,,,,,,,,
252.56488265295033,,2.565106194399953,0.0584786797437247,0.10575243111684206,,,,,,,,,,,,,,
252.90213528940174,,2.5593517426771237,0.05834984446250433,0.10546009888189443,,,,,,,,,,,,,,
253.2398382629689,,2.5536102002500978,0.05822129302027894,0.10516857474312662,,,,,,,,,,,,,,
253.57799217499158,,2.5478815381587063,0.05809302479171856,0.1048778564667125,,,,,,,,,,,,,,
253.9165976276131,,2.54216572750774,0.05796503915287074,0.10458794182500054,,,,,,,,,,,,,,
254.2556552237808,,2.5364627394668116,0.05783733548115759,0.10429882859649714,,,,,,,,,,,,,,
254.5951655672466,,2.5307725452702194,0.05770991315537308,0.10401051456584999,,,,,,,,,,,,,,
254.9351292625686,,2.525095116216794,0.057582771555679764,0.10372299752383068,,,,,,,,,,,,,,
255.27554691511278,,2.5194304236697436,0.05745591006360552,0.10343627526731741,,,,,,,,,,,,,,
255.61641913105342,,2.513778439056519,0.05732932806204091,0.10315034559927842,,,,,,,,,,,,,,
255.9577465173737,,2.508139133868679,0.05720302493523611,0.10286520632875575,,,,,,,,,,,,,,
256.2995296818673,,2.502512479661737,0.05707700006879795,0.10258085527084781,,,,,,,,,,,,,,
256.64176923314,,2.4968984480550067,0.056951252849686655,0.10229729024669237,,,,,,,,,,,,,,
256.98446578061044,,2.491297010731473,0.056825782666212986,0.10201450908345028,,,,,,,,,,,,,,
257.32761993451015,,2.4857081394376523,0.05670058890803557,0.10173250961428915,,,,,,,,,,,,,,
257.6712323058862,,2.4801318059834405,0.0565756709661576,0.10145128967836618,,,,,,,,,,,,,,
258.0153035066009,,2.4745679822419784,0.056451028232923965,0.10117084712081206,,,,,,,,,,,,,,
258.35983414933446,,2.469016640149496,0.05632666010201823,0.10089117979271374,,,,,,,,,,,,,,
258.704824847585,,2.4634777517051814,0.056202565968459614,0.10061228555109844,,,,,,,,,,,,,,
259.05027621566944,,2.4579512889710458,0.05607874522860047,0.10033416225891761,,,,,,,,,,,,,,
259.39618886872495,,2.4524372240717764,0.05595519728012302,0.10005680778503025,,,,,,,,,,,,,,
259.7425634227106,,2.446935529194586,0.05583192152203623,0.0997802200041859,,,,,,,,,,,,,,
260.08940049440804,,2.441446176589081,0.055708917354673225,0.09950439679700913,,,,,,,,,,,,,,
260.4367007014219,,2.435969138567131,0.05558618417968832,0.09922933604998342,,,,,,,,,,,,,,
260.78446466218156,,2.4305043875027197,0.055463721400054136,0.09895503565543468,,,,,,,,,,,,,,
261.13269299594276,,2.425051895831797,0.055341528420058454,0.09868149351151467,,,,,,,,,,,,,,
261.481386322788,,2.419611636052149,0.05521960464530139,0.09840870752218533,,,,,,,,,,,,,,
261.8305452636274,,2.414183580723268,0.05509794948269284,0.09813667559720304,,,,,,,,,,,,,,
262.18017044020036,,2.408767702466201,0.05497656234044926,0.09786539565210219,,,,,,,,,,,,,,
262.53026247507626,,2.4033639739634185,0.05485544262809088,0.0975948656081793,,,,,,,,,,,,,,
262.8808219916564,,2.3979723679586686,0.05473458975643879,0.09732508339247678,,,,,,,,,,,,,,
263.23184961417434,,2.392592857256842,0.054614003137611944,0.09705604693776727,,,,,,,,,,,,,,
263.5833459676969,,2.3872254147238468,0.05449368218502476,0.09678775418253832,,,,,,,,,,,,,,
263.93531167812534,,2.381870013286464,0.054373626313383966,0.09652020307097607,,,,,,,,,,,,,,
264.2877473721973,,2.3765266259322004,0.05425383493868549,0.09625339155294921,,,,,,,,,,,,,,
264.6406536774874,,2.37119522570916,0.054134307478212,0.0959873175839936,,,,,,,,,,,,,,
264.9940312224076,,2.3658757857259203,0.05401504335053008,0.09572197912529706,,,,,,,,,,,,,,
265.347880636209,,2.360568279151385,0.05389604197548726,0.09545737414368326,,,,,,,,,,,,,,
265.7022025489836,,2.35527267921464,0.05377730277420909,0.09519350061159584,,,,,,,,,,,,,,
266.0569975916647,,2.3499889592048295,0.05365882516909638,0.0949303565070832,,,,,,,,,,,,,,
266.41226639602746,,2.3447170924710274,0.0535406085838227,0.09466793981378346,,,,,,,,,,,,,,
266.768009594691,,2.339457052422092,0.05342265244333121,0.09440624852090838,,,,,,,,,,,,,,
267.12422782111906,,2.334208812526537,0.0533049561738321,0.09414528062322833,,,,,,,,,,,,,,
267.48092170962155,,2.328972346312389,0.053187519202799474,0.09388503412105638,,,,,,,,,,,,,,
267.83809189535543,,2.3237476273670614,0.05307034095896877,0.09362550702023334,,,,,,,,,,,,,,
268.19573901432545,,2.318534629337227,0.05295342087233421,0.0933666973321129,,,,,,,,,,,,,,
268.5538637033854,,2.3133333259286797,0.05283675837414581,0.09310860307354595,,,,,,,,,,,,,,
268.91246660024007,,2.3081436909061916,0.05272035289690634,0.09285122226686504,,,,,,,,,,,,,,
269.27154834344583,,2.3029656980933915,0.05260420387436894,0.09259455293986961,,,,,,,,,,,,,,
269.63110957241116,,2.297799321372637,0.05248831074153441,0.09233859312581119,,,,,,,,,,,,,,
269.99115092739834,,2.292644534684879,0.052372672934648215,0.09208334086337816,,,,,,,,,,,,,,
270.3516730495251,,2.287501312029519,0.05225728989119781,0.09182879419668008,,,,,,,,,,,,,,
270.7126765807654,,2.2823696274642873,0.05214216104990979,0.09157495117523308,,,,,,,,,,,,,,
271.0741621639497,,2.27724945510512,0.05202728585074757,0.09132180985394565,,,,,,,,,,,,,,
271.43613044276725,,2.272140769126017,0.051912663734908264,0.09106936829310276,,,,,,,,,,,,,,
271.7985820617665,,2.267043543758918,0.05179829414482021,0.09081762455835159,,,,,,,,,,,,,,
272.16151766635716,,2.2619577532935633,0.051684176524139896,0.09056657672068605,,,,,,,,,,,,,,
272.5249379028107,,2.2568833720773687,0.05157031031774961,0.09031622285643245,,,,,,,,,,,,,,
272.88884341826105,,2.251820374515307,0.051456694971754674,0.09006656104723512,,,,,,,,,,,,,,
273.25323486070624,,2.2467687350697703,0.0513433299334808,0.08981758938004125,,,,,,,,,,,,,,
273.6181128790102,,2.2417284282604317,0.051230214651471116,0.08956930594708598,,,,,,,,,,,,,,
273.9834781229032,,2.2366994286641257,0.051117348575483626,0.08932170884587808,,,,,,,,,,,,,,
274.34933124298266,,2.2316817109147293,0.0510047311564888,0.08907479617918575,,,,,,,,,,,,,,
274.7156728907146,,2.2266752497030233,0.050892361846666685,0.08882856605502175,,,,,,,,,,,,,,
275.0825037184359,,2.2216800197765556,0.050780240099403934,0.08858301658662829,,,,,,,,,,,,,,
275.44982437935334,,2.2166959959395385,0.05066836536929186,0.0883381458924639,,,,,,,,,,,,,,
275.81763552754717,,2.211723153052694,0.05055673711212296,0.08809395209618757,,,,,,,,,,,,,,
276.18593781797,,2.20676146603315,0.05044535478488899,0.08785043332664559,,,,,,,,,,,,,,
276.55473190644915,,2.201810909854306,0.05033421784577803,0.08760758771785669,,,,,,,,,,,,,,
276.9240184496882,,2.1968714595456964,0.05022332575417159,0.0873654134089974,,,,,,,,,,,,,,
277.2937981052677,,2.1919430901928734,0.050112677970642304,0.08712390854438812,,,,,,,,,,,,,,
277.6640715316455,,2.187025776937289,0.050002273956951386,0.08688307127347926,,,,,,,,,,,,,,
278.03483938815896,,2.1821194949761624,0.04989211317604576,0.08664289975083687,,,,,,,,,,,,,,
278.4061023350263,,2.1772242195623455,0.04978219509205552,0.08640339213612774,,,,,,,,,,,,,,
278.7778610333472,,2.172339926004208,0.049672519170291196,0.08616454659410605,,,,,,,,,,,,,,
279.1501161451039,,2.167466589665519,0.04956308487724157,0.08592636129459957,,,,,,,,,,,,,,
279.5228683331622,,2.162604185965315,0.0494538916805708,0.08568883441249513,,,,,,,,,,,,,,
279.8961182612742,,2.1577526903777664,0.04934493904911552,0.08545196412772424,,,,,,,,,,,,,,
280.2698665940769,,2.152912078432077,0.04923622645288301,0.08521574862525032,,,,,,,,,,,,,,
280.64411399709616,,2.1480823257123336,0.049127753363047755,0.08498018609505345,,,,,,,,,,,,,,
281.0188611367456,,2.1432634078574075,0.049019519251949625,0.08474527473211765,,,,,,,,,,,,,,
281.3941086803287,,2.1384553005608216,0.04891152359309098,0.08451101273641658,,,,,,,,,,,,,,
281.7698572960405,,2.1336579795706183,0.04880376586113387,0.08427739831289936,,,,,,,,,,,,,,
282.1461076529684,,2.1288714206892454,0.04869624553189785,0.08404442967147721,,,,,,,,,,,,,,
282.5228604210926,,2.1240955997734443,0.0485889620823574,0.08381210502701003,,,,,,,,,,,,,,
282.90011627128797,,2.1193304927341154,0.048481914990639245,0.0835804225992924,,,,,,,,,,,,,,
283.2778758753258,,2.114576075536194,0.048375103736019796,0.08334938061303958,,,,,,,,,,,,,,
283.6561399058742,,2.109832324198535,0.04826852779892257,0.08311897729787428,,,,,,,,,,,,,,
284.0349090364993,,2.1050992147937975,0.04816218666091602,0.08288921088831343,,,,,,,,,,,,,,
284.41418394166635,,2.100376723448319,0.04805607980471073,0.08266007962375428,,,,,,,,,,,,,,
284.79396529674216,,2.0956648263419826,0.047950206714156667,0.08243158174846041,,,,,,,,,,,,,,
285.1742537779943,,2.0909634997081246,0.04784456687424128,0.08220371551154948,,,,,,,,,,,,,,
285.5550500625943,,2.086272719833382,0.04773915977108638,0.08197647916697846,,,,,,,,,,,,,,
285.93635482861737,,2.0815924630576017,0.047633984891946035,0.08174987097353142,,,,,,,,,,,,,,
286.3181687550439,,2.076922705773707,0.04752904172520404,0.0815238891948057,,,,,,,,,,,,,,
286.70049252176165,,2.072263424427576,0.047424329760371184,0.08129853209919821,,,,,,,,,,,,,,
287.0833268095662,,2.067614595517924,0.04731984848808285,0.08107379795989256,,,,,,,,,,,,,,
287.46667230016163,,2.062976195596198,0.04721559740009685,0.08084968505484623,,,,,,,,,,,,,,
287.85052967616224,,2.058348201266446,0.04711157598929067,0.08062619166677686,,,,,,,,,,,,,,
288.23489962109454,,2.053730589185195,0.047007783749658874,0.08040331608314885,,,,,,,,,,,,,,
288.61978281939764,,2.0491233360613426,0.04690422017631087,0.08018105659616064,,,,,,,,,,,,,,
289.0051799564241,,2.044526418656039,0.04680088476546849,0.07995941150273181,,,,,,,,,,,,,,
289.39109171844194,,2.0399398137825684,0.0466977770144634,0.07973837910448969,,,,,,,,,,,,,,
289.7775187926351,,2.035363498306231,0.046594896421734804,0.07951795770775656,,,,,,,,,,,,,,
290.1644618671059,,2.030797449144223,0.046492242486826686,0.07929814562353622,,,,,,,,,,,,,,
290.55192163087537,,2.0262416432655193,0.046389814710385655,0.07907894116750137,,,,,,,,,,,,,,
290.9398987738841,,2.021696057690773,0.046287612594158596,0.07886034265998106,,,,,,,,,,,,,,
291.328393986994,,2.0171606694921844,0.046185635640990035,0.07864234842594743,,,,,,,,,,,,,,
291.71740796198986,,2.012635455793385,0.04608388335481975,0.07842495679500261,,,,,,,,,,,,,,
292.10694139158045,,2.008120393769325,0.045982355240680284,0.07820816610136623,,,,,,,,,,,,,,
292.4969949693989,,2.003615460646165,0.04588105080469489,0.07799197468386297,,,,,,,,,,,,,,
292.88756939000433,,1.999120633701158,0.045779969554074845,0.07777638088590948,,,,,,,,,,,,,,
293.27866534888426,,1.9946358902625234,0.045679110997116926,0.07756138305550142,,,,,,,,,,,,,,
293.6702835424546,,1.990161207709342,0.04557847464320127,0.0773469795452011,,,,,,,,,,,,,,
294.0624246680608,,1.9856965634714492,0.04547806000278895,0.07713316871212518,,,,,,,,,,,,,,
294.4550894239797,,1.981241935029309,0.04537786658741955,0.07691994891793157,,,,,,,,,,,,,,
294.84827850942014,,1.9767972999139078,0.045277893909708856,0.07670731852880723,,,,,,,,,,,,,,
295.2419926245255,,1.9723626357066328,0.045178141483346215,0.07649527591545517,,,,,,,,,,,,,,
295.6362324703738,,1.967937920039163,0.04507860882309244,0.0762838194530823,,,,,,,,,,,,,,
296.0309987489787,,1.9635231305933638,0.044979295444777516,0.07607294752138717,,,,,,,,,,,,,,
296.42629216329135,,1.95911824510117,0.044880200865298044,0.07586265850454751,,,,,,,,,,,,,,
296.82211341720205,,1.9547232413444626,0.044781324602614914,0.07565295079120726,,,,,,,,,,,,,,
297.21846321554114,,1.9503380971549684,0.04468266617575092,0.07544382277446464,,,,,,,,,,,,,,
297.6153422640794,,1.94596279041415,0.04458422510478868,0.07523527285186017,,,,,,,,,,,,,,
298.01275126953004,,1.9415972990530912,0.04448600091086816,0.07502729942536408,,,,,,,,,,,,,,
298.41069093955065,,1.9372416010523767,0.0443879931161841,0.0748199009013637,,,,,,,,,,,,,,
298.8091619827437,,1.9328956744419892,0.04429020124398394,0.07461307569065163,,,,,,,,,,,,,,
299.2081651086572,,1.9285594973012046,0.04419262481856562,0.07440682220841381,,,,,,,,,,,,,,
299.60770102778713,,1.9242330477584715,0.04409526336527497,0.07420113887421695,,,,,,,,,,,,,,
300.0077704515777,0.313388167398737,1.9198739864220569,0.0439978638103678,0.07399519116350234,,,,,,,,,,,,,,
300.40837409242374,0.3127791595107843,1.9133929832333738,0.0438879481868209,0.07374786373182736,,,,,,,,,,,,,,
300.8095126636714,0.3121713351091466,1.906933858252646,0.04377830715488481,0.07350136298709621,,,,,,,,,,,,,,
301.2111868796189,0.31156469189395314,1.9004965376246474,0.04366894002857387,0.07325568616612477,,,,,,,,,,,,,,
301.613397455518,0.31095922756980215,1.8940809477434695,0.04355984612361611,0.07301083051496463,,,,,,,,,,,,,,
302.0161451075763,0.31035493984575174,1.8876870152516678,0.04345102475744887,0.07276679328887214,,,,,,,,,,,,,,
302.4194305529578,0.309751826435312,1.8813146670394338,0.043342475249214675,0.07252357175227782,,,,,,,,,,,,,,
302.82325450978345,0.30914988505643726,1.8749638302437697,0.04323419691975713,0.07228116317875624,,,,,,,,,,,,,,
303.2276176971331,0.30854911343151653,1.868634432247643,0.04312618909161653,0.07203956485099487,,,,,,,,,,,,,,
303.6325208350475,0.3079495092873641,1.8623264006791496,0.04301845108902538,0.07179877406076351,,,,,,,,,,,,,,
304.03796464452876,0.30735107035521164,1.8560396634106935,0.04291098223790443,0.07155878810888402,,,,,,,,,,,,,,
304.44394984754126,0.3067537943707005,1.8497741485581725,0.042803781865858606,0.07131960430520075,,,,,,,,,,,,,,
304.85047716701365,0.30615767907387237,1.8435297844801426,0.04269684930217249,0.07108121996854945,,,,,,,,,,,,,,
305.25754732683964,0.3055627222091607,1.8373064997770072,0.04259018387780638,0.07084363242672798,,,,,,,,,,,,,,
305.66516105188015,0.30496892152538135,1.8311042232901873,0.04248378492539172,0.07060683901646547,,,,,,,,,,,,,,
306.07331906796406,0.30437627477572526,1.824922884101317,0.042377651779227234,0.07037083708339312,,,,,,,,,,,,,,
306.4820221018888,0.30378477971775014,1.8187624115314416,0.042271783775274886,0.0701356239820145,,,,,,,,,,,,,,
306.89127088142226,0.30319443411337155,1.8126227351402013,0.04216618025115552,0.0699011970756759,,,,,,,,,,,,,,
307.3010661353049,0.3026052357288535,1.8065037847250147,0.04206084054614455,0.06966755373653598,,,,,,,,,,,,,,
307.7114085932501,0.3020171823348007,1.8004054903202873,0.04195576400116807,0.06943469134553713,,,,,,,,,,,,,,
308.1222989859452,0.3014302717061512,1.7943277821966188,0.04185094995879877,0.06920260729237608,,,,,,,,,,,,,,
308.5337380450529,0.300844501622167,1.7882705908599985,0.04174639776325178,0.06897129897547456,,,,,,,,,,,,,,
308.945726503214,0.300259869866425,1.7822338470509995,0.04164210676038033,0.06874076380194956,,,,,,,,,,,,,,
309.3582650940472,0.29967637422680876,1.7762174817439977,0.041538076297671846,0.06851099918758483,,,,,,,,,,,,,,
309.7713545521504,0.29909401249550216,1.7702214261463907,0.041434305724244044,0.06828200255680207,,,,,,,,,,,,,,
310.1849956131026,0.29851278246897855,1.7642456116977978,0.041330794390840545,0.06805377134263176,,,,,,,,,,,,,,
310.5991890134648,0.29793268194799427,1.7582899700692853,0.041227541649827074,0.06782630298668439,,,,,,,,,,,,,,
311.01393549078216,0.29735370873757816,1.7523544331625713,0.04112454685518709,0.0675995949391217,,,,,,,,,,,,,,
311.42923578358466,0.296775860647025,1.7464389331092562,0.04102180936251796,0.06737364465862801,,,,,,,,,,,,,,
311.8450906313878,0.29619913548988724,1.7405434022700559,0.04091932852902705,0.06714844961238244,,,,,,,,,,,,,,
312.2615007746946,0.2956235310839665,1.734667773234019,0.040817103713527515,0.06692400727602989,,,,,,,,,,,,,,
312.67846695499753,0.2950490452513042,1.7288119788177474,0.040715134276434216,0.06670031513365263,,,,,,,,,,,,,,
313.0959899147791,0.294475675818174,1.7229759520646373,0.04061341957975981,0.06647737067774222,,,,,,,,,,,,,,
313.51407039751285,0.29390342061507485,1.7171596262441213,0.04051195898711092,0.06625517140917199,,,,,,,,,,,,,,
313.9327091476647,0.2933322774767217,1.711362934850898,0.04041075186368405,0.06603371483716841,,,,,,,,,,,,,,
314.35190691069573,0.2927622442420361,1.7055858116041622,0.040309797576261366,0.06581299847928311,,,,,,,,,,,,,,
314.7716644330621,0.2921933187541397,1.6998281904468548,0.04020909549320699,0.0655930198613651,,,,,,,,,,,,,,
315.1919824622163,0.29162549886034617,1.6940900055449184,0.040108644984463086,0.0653737765175337,,,,,,,,,,,,,,
315.6128617466091,0.29105878241215216,1.6883711912865293,0.04000844542154583,0.06515526599015005,,,,,,,,,,,,,,
316.0343030356904,0.2904931672652299,1.682671682281357,0.039908496177541504,0.06493748582979021,,,,,,,,,,,,,,
316.4563070799116,0.2899286512794179,1.6769914133598036,0.039808796627102426,0.06472043359521693,,,,,,,,,,,,,,
316.87887463072593,0.2893652323187137,1.671330319572267,0.039709346146443156,0.06450410685335287,,,,,,,,,,,,,,
317.3020064405897,0.2888029082512663,1.6656883361884067,0.039610144113336694,0.06428850317925341,,,,,,,,,,,,,,
317.72570326296375,0.28824167694936803,1.6600653986963958,0.039511189907110576,0.06407362015607937,,,,,,,,,,,,,,
318.14996585231574,0.28768153628944476,1.6544614428021738,0.039412482908642694,0.06385945537506939,,,,,,,,,,,,,,
318.5747949641209,0.287122484152049,1.6488764044287203,0.03931402250035765,0.06364600643551341,,,,,,,,,,,,,,
319.0001913548624,0.2865645184218533,1.6433102197153318,0.03921580806622305,0.06343327094472595,,,,,,,,,,,,,,
319.4261557820337,0.2860076369876407,1.6377628250168816,0.039117838991745424,0.06322124651801914,,,,,,,,,,,,,,
319.85268900414064,0.28545183774229543,1.63223415690308,0.03902011466396624,0.06300993077867525,,,,,,,,,,,,,,
320.2797917807007,0.28489711858279865,1.6267241521577787,0.03892263447145856,0.0627993213579215,,,,,,,,,,,,,,
320.7074648722467,0.2843434774102163,1.621232747778214,0.0388253978043226,0.06258941589490187,,,,,,,,,,,,,,
321.1357090403262,0.28379091212969454,1.6157598809743163,0.03872840405418249,0.06238021203665208,,,,,,,,,,,,,,
321.5645250475036,0.28323942065045055,1.610305489167979,0.03863165261418216,0.06217170743807246,,,,,,,,,,,,,,
321.9939136573621,0.2826890008857636,1.604869509992335,0.03853514287898146,0.061963899761901586,,,,,,,,,,,,,,
322.4238756345047,0.28213965075296804,1.5994518812910512,0.03843887424475251,0.06175678667869017,,,,,,,,,,,,,,
322.8544117445546,0.28159136817344643,1.5940525411176272,0.03834284610917606,0.06155036586677549,,,,,,,,,,,,,,
323.28552275415745,0.2810441510726207,1.588671427734678,0.03824705787143759,0.06134463501225482,,,,,,,,,,,,,,
323.7172094309832,0.2804979973799433,1.5833084796132204,0.03815150893222335,0.06113959180895941,,,,,,,,,,,,,,
324.1494725437268,0.2799529050288906,1.5779636354319762,0.03805619869371682,0.060935233958428724,,,,,,,,,,,,,,
324.5823128621091,0.27940887195695563,1.5726368340766814,0.03796112655959511,0.0607315591698852,,,,,,,,,,,,,,
325.01573115687887,0.27886589610563933,1.5673280146393778,0.037866291935025054,0.060528565160208034,,,,,,,,,,,,,,
325.4497281998148,0.27832397542044196,1.5620371164177043,0.03777169422665929,0.060326249653907385,,,,,,,,,,,,,,
325.88430476372497,0.2777831078508577,1.5567640789142319,0.03767733284263301,0.06012461038309965,,,,,,,,,,,,,,
326.3194616224507,0.2772432913503639,1.5515088418357397,0.03758320719255975,0.059923645087481124,,,,,,,,,,,,,,
326.7551995508657,0.2767045238764163,1.5462713450925527,0.03748931668752818,0.05972335151430344,,,,,,,,,,,,,,
327.1915193248783,0.2761668033904398,1.5410515287978437,0.03739566074009817,0.059523727418348125,,,,,,,,,,,,,,
327.6284217214336,0.2756301278578199,1.5358493332669396,0.037302238764296974,0.05932477056190087,,,,,,,,,,,,,,
328.06590751851405,0.2750944952478963,1.5306646990166484,0.03720905017561578,0.05912647871472701,,,,,,,,,,,,,,
328.50397749514053,0.27455990353395543,1.525497566764585,0.03711609439100607,0.058928849654046565,,,,,,,,,,,,,,
328.9426324313739,0.2740263506932223,1.520347877428487,0.037023370828875954,0.058731881164509295,,,,,,,,,,,,,,
329.3818731083175,0.2734938347068521,1.515215572125531,0.036930878909086313,0.05853557103816928,,,,,,,,,,,,,,
329.82170030811756,0.2729623535599232,1.5101005921716664,0.03683861805294734,0.05833991707446074,,,,,,,,,,,,,,
330.26211481396416,0.2724319052414302,1.5050028790809529,0.036746587683215065,0.058144917080173435,,,,,,,,,,,,,,
330.70311741009306,0.2719024877442758,1.4999223745648838,0.03665478722408756,0.05795056886942798,,,,,,,,,,,,,,
331.1447088817883,0.271374099065262,1.494859020531708,0.03656321610120117,0.057756870263650714,,,,,,,,,,,,,,
331.5868900153812,0.2708467372050851,1.4898127590857928,0.03647187374162742,0.05756381909155049,,,,,,,,,,,,,,
332.0296615982543,0.27032040016832515,1.48478353252693,0.03638075957386881,0.05737141318909298,,,,,,,,,,,,,,
332.4730244188407,0.26979508596344093,1.4797712833497059,0.03628987302785583,0.05717965039947764,,,,,,,,,,,,,,
332.91697926662613,0.26927079260276154,1.4747759542428285,0.03619921353494302,0.05698852857311287,,,,,,,,,,,,,,
333.3615269321513,0.26874751810247793,1.4697974880884672,0.03610878052790546,0.05679804556759188,,,,,,,,,,,,,,
333.80666820701265,0.2682252604826361,1.464835827961607,0.03601857344093524,0.05660819924766872,,,,,,,,,,,,,,
334.2524038838627,0.26770401776713054,1.4598909171294037,0.03592859170963808,0.056418987485234745,,,,,,,,,,,,,,
334.6987347564127,0.26718378798369585,1.4549626990505298,0.035838834771029705,0.056230408159294594,,,,,,,,,,,,,,
335.1456616194341,0.2666645691638987,1.4500511173745185,0.03574930206353212,0.05604245915594184,,,,,,,,,,,,,,
335.59318526876,0.2661463593431308,1.4451561159411284,0.03565999302697031,0.05585513836833589,,,,,,,,,,,,,,
336.04130650128513,0.26562915656060276,1.4402776387797074,0.035570907102568744,0.05566844369667839,,,,,,,,,,,,,,
336.490026114969,0.26511295885933495,1.4354156301085428,0.03548204373294784,0.05548237304818948,,,,,,,,,,,,,,
336.939344908836,0.2645977642861512,1.4305700343342305,0.035393402362120505,0.05529692433708442,,,,,,,,,,,,,,
337.38926368297837,0.26408357089167017,1.4257407960510278,0.03530498243548848,0.055112095484549976,,,,,,,,,,,,,,
337.8397832385566,0.26357037673029887,1.4209278600402278,0.035216783399839,0.0549278844187212,,,,,,,,,,,,,,
338.2909043778004,0.2630581798602259,1.4161311712695348,0.035128804703341454,0.054744289074658704,,,,,,,,,,,,,,
338.74262790401065,0.2625469783434132,1.4113506748924285,0.03504104579554387,0.054561307394325013,,,,,,,,,,,,,,
339.19495462156146,0.2620367702455884,1.406586316247529,0.03495350612736922,0.054378937326561426,,,,,,,,,,,,,,
339.6478853359012,0.2615275536362379,1.401838040857979,0.034866185151112235,0.054197176827065076,,,,,,,,,,,,,,
340.101420853553,0.2610193265886004,1.3971057944308287,0.03477908232043605,0.054016023858366555,,,,,,,,,,,,,,
340.555561982117,0.260512087179659,1.3923895228564072,0.03469219709036861,0.053835476389806514,,,,,,,,,,,,,,
341.01030953027237,0.2600058334901328,1.3876891722076967,0.03460552891729923,0.053655532397512896,,,,,,,,,,,,,,
341.46566430777807,0.25950056360447094,1.3830046887397236,0.03451907725897527,0.05347618986437827,,,,,,,,,,,,,,
341.9216271254738,0.2589962756108456,1.3783360188889504,0.03443284157449887,0.053297446780037755,,,,,,,,,,,,,,
342.3781987952822,0.25849296760114393,1.373683109272653,0.034346821324323366,0.0531193011408458,,,,,,,,,,,,,,
342.8353801302098,0.2579906376709615,1.3690459066883167,0.034261015970250074,0.05294175094985426,,,,,,,,,,,,,,
343.29317194434935,0.25748928391959386,1.3644243581130189,0.03417542497542471,0.052764794216789354,,,,,,,,,,,,,,
343.7515750528808,0.25698890445003036,1.359818410702828,0.034090047804334146,0.052588428958029884,,,,,,,,,,,,,,
344.2105902720719,0.25648949736894744,1.3552280117922069,0.034004883922803236,0.05241265319658501,,,,,,,,,,,,,,
344.6702184192802,0.2559910607867009,1.3506531088934044,0.033919932797991256,0.052237464962072044,,,,,,,,,,,,,,
345.13046031295556,0.255493592817318,1.3460936496958473,0.03383519389838856,0.05206286229069391,,,,,,,,,,,,,,
345.5913167726407,0.2549970915784907,1.3415495820655494,0.03375066669381327,0.05188884322521757,,,,,,,,,,,,,,
346.05278861897193,0.2545015551915702,1.3370208540445228,0.03366635065540818,0.051715405814952174,,,,,,,,,,,,,,
346.5148766736814,0.25400698178155784,1.332507413850176,0.033582245255637244,0.051542548115727116,,,,,,,,,,,,,,
346.97758175959916,0.2535133694770983,1.3280092098747156,0.033498349968282215,0.051370268189869756,,,,,,,,,,,,,,
347.4409047006541,0.25302071641047275,1.3235261906845628,0.03341466426843943,0.05119856410618422,,,,,,,,,,,,,,
347.9048463218745,0.2525290207175926,1.3190583050197728,0.033331187632516635,0.051027433939929756,,,,,,,,,,,,,,
348.3694074493908,0.25203828053799143,1.3146055017934368,0.0332479195382296,0.05085687577279899,,,,,,,,,,,,,,
348.8345889104361,0.25154849401481877,1.3101677300911068,0.03316485946459893,0.05068688769289649,,,,,,,,,,,,,,
349.30039153334883,0.2510596592948316,1.3057449391702014,0.033082006891946576,0.050517467794717136,,,,,,,,,,,,,,
349.76681614757365,0.25057177452838836,1.3013370784594336,0.0329993613018928,0.05034861417912481,,,,,,,,,,,,,,
350.23386358366184,0.25008483786944274,1.2969440975582385,0.03291692217735296,0.050180324953331586,,,,,,,,,,,,,,
350.70153467327395,0.24959884747553587,1.292565946236191,0.03283468900253423,0.050012598230876046,,,,,,,,,,,,,,
351.16983024918164,0.24911380150778836,1.288202574432424,0.03275266126293221,0.049845432131602065,,,,,,,,,,,,,,
351.63875114526866,0.2486296981308947,1.2838539322550633,0.032670838445327824,0.0496788247816378,,,,,,,,,,,,,,
352.10829819653145,0.2481465355131163,1.2795199699806634,0.032589220037784264,0.049512774313375155,,,,,,,,,,,,,,
352.57847223908146,0.2476643118262744,1.275200638053633,0.03250780552964362,0.04934727886544837,,,,,,,,,,,,,,
353.04927411014734,0.2471830252457422,1.2708958870856601,0.0324265944115236,0.04918233658271309,,,,,,,,,,,,,,
353.52070464807576,0.24670267395043866,1.266605667855156,0.03234558617531447,0.049017945616225696,,,,,,,,,,,,,,
353.99276469233195,0.24622325612282225,1.2623299313066976,0.032264780314175935,0.04885410412322291,,,,,,,,,,,,,,
354.4654550835027,0.24574476994888342,1.258068628550457,0.03218417632253389,0.048690810267100676,,,,,,,,,,,,,,
354.93877666329666,0.2452672136181379,1.2538217108616494,0.03210377369607726,0.048528062217393954,,,,,,,,,,,,,,
355.4127302745472,0.24479058532361905,1.2495891296799655,0.03202357193175476,0.04836585814975566,,,,,,,,,,,,,,
355.88731676121324,0.2443148832618718,1.2453708366090237,0.03194357052777179,0.04820419624593662,,,,,,,,,,,,,,
356.3625369683798,0.24384010563294642,1.2411667834158224,0.031863768983587504,0.04804307469376533,,,,,,,,,,,,,,
356.83839174226046,0.2433662506403909,1.2369769220301818,0.03178416679991149,0.047882491687127465,,,,,,,,,,,,,,
357.3148819301993,0.24289331649124385,1.2328012045441894,0.03170476347870052,0.0477224454259453,,,,,,,,,,,,,,
357.79200838067214,0.24242130139602786,1.2286395832116563,0.03162555852315563,0.047562934116157925,,,,,,,,,,,,,,
358.26977194328674,0.24195020356874383,1.22449201044758,0.031546551437719006,0.04740395596970117,,,,,,,,,,,,,,
358.7481734687857,0.2414800212268634,1.2203584388275919,0.031467741728070917,0.04724550920448756,,,,,,,,,,,,,,
359.227213809048,0.2410107525913216,1.2162388210874102,0.031389128901126384,0.04708759204438583,,,,,,,,,,,,,,
359.7068938170904,0.24054239588651047,1.2121331101223047,0.03131071246503227,0.046930202719201536,,,,,,,,,,,,,,
360.1872143470678,0.24007494934027357,1.208041258986566,0.03123249192916426,0.046773339464657206,,,,,,,,,,,,,,
360.66817625427626,0.23960841118389778,1.2039632208929567,0.031154466804123725,0.04661700052237239,,,,,,,,,,,,,,
361.1497803951533,0.2391427796521075,1.1998989492121854,0.03107663660173468,0.04646118413984402,,,,,,,,,,,,,,
361.63202762728093,0.2386780529830569,1.1958483974723633,0.03099900083504059,0.04630588857042661,,,,,,,,,,,,,,
362.1149188093862,0.23821422941832399,1.1918115193584775,0.030921559018301445,0.04615111207331269,,,,,,,,,,,,,,
362.59845480134226,0.23775130720290458,1.1877882687118702,0.03084431066699079,0.04599685291351373,,,,,,,,,,,,,,
363.0826364641702,0.2372892845852049,1.1837785995297025,0.03076725529779267,0.04584310936184027,,,,,,,,,,,,,,
363.56746466004194,0.23682815981703464,1.1797824659644238,0.0306903924285984,0.04568987969488251,,,,,,,,,,,,,,
364.0529402522803,0.23636793115360036,1.1757998223232526,0.030613721578503714,0.045537162194990995,,,,,,,,,,,,,,
364.53906410536035,0.23590859685350035,1.1718306230676614,0.03053724226780587,0.04538495515025782,,,,,,,,,,,,,,
365.02583708491153,0.23545015517871676,1.167874822812848,0.030460954018000485,0.045233256854497,,,,,,,,,,,,,,
365.5132600577198,0.23499260439460845,1.1639323763272125,0.030384856351778497,0.0450820656072253,,,,,,,,,,,,,,
366.0013338917286,0.23453594276990553,1.160003238531845,0.030308948793023236,0.04493137971364323,,,,,,,,,,,,,,
366.49005945603966,0.23408016857670286,1.1560873645000165,0.0302332308668076,0.04478119748461645,,,,,,,,,,,,,,
366.97943762091546,0.233625280090453,1.1521847094566562,0.03015770209939091,0.044631517236656315,,,,,,,,,,,,,,
367.46946925778036,0.23317127558996004,1.1482952287778452,0.03008236201821599,0.04448233729190141,,,,,,,,,,,,,,
367.96015523922296,0.23271815335737234,1.144418877990298,0.03000721015190614,0.04433365597809821,,,,,,,,,,,,,,
368.451496438997,0.2322659116781764,1.1405556127708592,0.029932246030262236,0.04418547162858278,,,,,,,,,,,,,,
368.9434937320224,0.23181454884119124,1.136705388946003,0.02985746918425993,0.04403778258226208,,,,,,,,,,,,,,
369.43614799438706,0.23136406313856142,1.1328681624913222,0.0297828791460466,0.043890587183595356,,,,,,,,,,,,,,
369.92946010334987,0.23091445286574944,1.1290438895310189,0.029708475448938284,0.043743883782575134,,,,,,,,,,,,,,
370.4234309373408,0.2304657163215304,1.1252325263374086,0.029634257627416904,0.04359767073470915,,,,,,,,,,,,,,
370.9180613759622,0.23001785180798603,1.1214340293304257,0.02956022521712743,0.043451946401001966,,,,,,,,,,,,,,
371.41335229999095,0.2295708576304976,1.1176483550771208,0.029486377754874914,0.04330670914793653,,,,,,,,,,,,,,
371.90930459138076,0.2291247320977388,1.113875460291156,0.029412714778621445,0.04316195734745548,,,,,,,,,,,,,,
372.40591913326307,0.22867947352167026,1.110115301832318,0.029339235827483365,0.0430176893769433,,,,,,,,,,,,,,
372.90319680994776,0.22823508021753353,1.1063678367060288,0.029265940441728536,0.04287390361920815,,,,,,,,,,,,,,
373.401138506926,0.22779155050384373,1.1026330220628466,0.02919282816277322,0.04273059846246361,,,,,,,,,,,,,,
373.8997451108708,0.2273488827023842,1.0989108151979814,0.029119898533179416,0.04258777230031067,,,,,,,,,,,,,,
374.39901750964026,0.22690707513819872,1.0952011735507974,0.029047151096651767,0.04244542353171945,,,,,,,,,,,,,,
374.89895659227767,0.22646612613958592,1.091504054704333,0.028974585398034835,0.042303550561011545,,,,,,,,,,,,,,
375.3995632490129,0.226026034038094,1.0878194163848214,0.028902200983310377,0.04216215179784222,,,,,,,,,,,,,,
375.90083837126457,0.22558679716851324,1.0841472164612003,0.028829997399594347,0.04202122565718249,,,,,,,,,,,,,,
376.40278285164237,0.22514841386886927,1.080487412944626,0.028757974195134015,0.04188077055930102,,,,,,,,,,,,,,
376.9053975839478,0.2247108824804176,1.0768399639879986,0.028686130919305212,0.04174078492974678,,,,,,,,,,,,,,
377.4086834631752,0.22427420134763768,1.0732048278854884,0.028614467122609632,0.04160126719933144,,,,,,,,,,,,,,
377.9126413855139,0.22383836881822616,1.0695819630720544,0.028542982356671912,0.041462215804111704,,,,,,,,,,,,,,
378.4172722483513,0.22340338324308978,1.06597132812296,0.028471676174236654,0.04132362918537137,,,,,,,,,,,,,,
378.92257695027126,0.2229692429763411,1.0623728817533185,0.028400548129165995,0.0411855057896047,,,,,,,,,,,,,,
379.4285563910593,0.2225359463752898,1.0587865828176002,0.028329597776436417,0.04104784406849799,,,,,,,,,,,,,,
379.9352114717012,0.22210349180043903,1.0552123903091797,0.028258824672136324,0.04091064247891318,,,,,,,,,,,,,,
380.44254309438577,0.22167187761547777,1.0516502633598601,0.028188228373463103,0.04077389948287,,,,,,,,,,,,,,
380.95055216250734,0.22124110218727414,1.0481001612393994,0.028117808438720252,0.040637613547528754,,,,,,,,,,,,,,
381.4592395806666,0.2208111638858702,1.04456204335505,0.02804756442731467,0.04050178314517313,,,,,,,,,,,,,,
381.96860625467133,0.2203820610844759,1.0410358692511013,0.027977495899754106,0.040366406753193466,,,,,,,,,,,,,,
382.47865309153883,0.2199537921594626,1.03752159860841,0.02790760241764424,0.040231482854069314,,,,,,,,,,,,,,
382.98938099949845,0.21952635549035635,1.034019191243935,0.02783788354368583,0.04009700993535239,,,,,,,,,,,,,,
383.5007908879922,0.21909974945983207,1.0305286071102828,0.027768338841672114,0.03996298648964964,,,,,,,,,,,,,,
384.0128836676756,0.21867397245370837,1.0270498062952549,0.027698967876486135,0.03982941101460674,,,,,,,,,,,,,,
384.52566025042046,0.2182490228609408,1.0235827490213862,0.027629770214097987,0.039696282012890875,,,,,,,,,,,,,,
385.03912154931714,0.21782489907361452,1.0201273956454824,0.02756074542156188,0.03956359799217381,,,,,,,,,,,,,,
385.55326847867383,0.2174015994869407,1.0166837066581846,0.02749189306701383,0.03943135746511569,,,,,,,,,,,,,,
386.0681019540211,0.2169791224992479,1.0132516426834972,0.027423212719668525,0.03929955894934778,,,,,,,,,,,,,,
386.58362289211084,0.21655746651197802,1.0098311644783555,0.02735470394981698,0.03916820096745631,,,,,,,,,,,,,,
387.09983221091926,0.21613662992967952,1.0064222329321697,0.027286366328823745,0.039037282046965854,,,,,,,,,,,,,,
387.6167308296489,0.21571661116000077,1.0030248090663718,0.027218199429124058,0.038906800720322404,,,,,,,,,,,,,,
388.1343196687299,0.21529740861368438,0.9996388540339757,0.02715020282422131,0.038776755524877304,,,,,,,,,,,,,,
388.6525996498206,0.2148790207045621,0.9962643291191378,0.02708237608868449,0.0386471450028709,,,,,,,,,,,,,,
389.17157169581014,0.21446144584954804,0.9929011957367092,0.027014718798145352,0.038517967701416134,,,,,,,,,,,,,,
389.69123673082055,0.21404468246863217,0.9895494154317896,0.02694723052929575,0.038389222172481925,,,,,,,,,,,,,,
390.21159568020806,0.21362872898487478,0.9862089498792929,0.026879910859885028,0.0382609069728773,,,,,,,,,,,,,,
390.7326494705638,0.2132135838244014,0.982879760883513,0.026812759368717503,0.038133020664235205,,,,,,,,,,,,,,
391.2543990297163,0.21279924541639564,0.979561810377681,0.0267457756356497,0.03800556181299632,,,,,,,,,,,,,,
391.77684528673296,0.21238571219309407,0.9762550604235336,0.02667895924158774,0.037878528990392964,,,,,,,,,,,,,,
392.29998917192233,0.21197298258977915,0.9729594732108727,0.026612309768484676,0.037751920772432966,,,,,,,,,,,,,,
392.8238316168353,0.21156105504477424,0.9696750110571377,0.026545826799337903,0.03762573573988375,,,,,,,,,,,,,,
393.348373554266,0.21114992799943805,0.9664016364069794,0.026479509918186685,0.03749997247825677,,,,,,,,,,,,,,
393.87361591825385,0.2107395998981581,0.9631393118318262,0.02641335871010944,0.037374629577791287,,,,,,,,,,,,,,
394.3995596440865,0.21033006918834452,0.9598880000294505,0.026347372761221045,0.03724970563343855,,,,,,,,,,,,,,
394.92620566830044,0.20992133432042442,0.9566476638235479,0.026281551658670344,0.0371251992448461,,,,,,,,,,,,,,
395.45355492868197,0.2095133937478368,0.9534182661633162,0.026215894990637645,0.03700110901634236,,,,,,,,,,,,,,
395.9816083642696,0.20910624592702637,0.9501997701230273,0.02615040234633211,0.036877433556920705,,,,,,,,,,,,,,
396.51036691535654,0.2086998893174364,0.9469921389016001,0.026085073315989,0.03675417148022379,,,,,,,,,,,,,,
397.03983152349156,0.2082943223815043,0.9437953358221847,0.026019907490867276,0.03663132140452809,,,,,,,,,,,,,,
397.57000313148,0.20788954358465583,0.9406093243317474,0.025954904463247122,0.03650888195272871,,,,,,,,,,,,,,
398.1008826833864,0.20748555139529867,0.9374340680006459,0.025890063826427202,0.03638685175232353,,,,,,,,,,,,,,
398.6324711245355,0.20708234428481706,0.9342695305222175,0.025825385174722295,0.03626522943539816,,,,,,,,,,,,,,
399.1647694015154,0.20667992072756533,0.9311156757123568,0.02576086810346054,0.03614401363861019,,,,,,,,,,,,,,
399.69777846217784,0.2062782792008625,0.9279724675091062,0.02569651220898104,0.0360232030031742,,,,,,,,,,,,,,
400.23149925563973,0.2058774181849872,0.9248398699722494,0.025632317088631423,0.035902796174846624,,,,,,,,,,,,,,
400.76593273228514,0.20547733616317151,0.921717847282895,0.025568282340765216,0.03578279180391049,,,,,,,,,,,,,,
401.30107984376815,0.20507803162159421,0.9186063637430616,0.025504407564739245,0.03566318854515996,,,,,,,,,,,,,,
401.8369415430135,0.2046795030493761,0.9155053837752758,0.02544069236091123,0.035543985057885606,,,,,,,,,,,,,,
402.37351878421754,0.20428174893857454,0.9124148719221692,0.025377136330637373,0.0354251800058594,,,,,,,,,,,,,,
402.9108125228509,0.20388476778417736,0.9093347928460681,0.025313739076269777,0.0353067720573197,,,,,,,,,,,,,,
403.4488237156608,0.20348855808409635,0.9062651113285853,0.025250500201153856,0.035188759884956,,,,,,,,,,,,,,
403.987553320672,0.2030931183391625,0.9032057922702219,0.02518741930962591,0.03507114216589437,,,,,,,,,,,,,,
404.5270022971877,0.20269844705312062,0.9001568006899704,0.025124496007010826,0.03495391758168266,,,,,,,,,,,,,,
405.0671716057926,0.20230454273262288,0.8971181017249081,0.02506172989961941,0.03483708481827563,,,,,,,,,,,,,,
405.60806220835343,0.20191140388722392,0.8940896606298028,0.024999120594746047,0.034720642566020206,,,,,,,,,,,,,,
406.14967506802236,0.201519029029374,0.8910714427767086,0.024936667700666035,0.0346045895196407,,,,,,,,,,,,,,
406.69201114923754,0.2011274166744141,0.8880634136545748,0.024874370826633328,0.03448892437822419,,,,,,,,,,,,,,
407.23507141772416,0.20073656534057124,0.8850655388688559,0.02481222958287812,0.03437364584520632,,,,,,,,,,,,,,
407.778856840497,0.2003464735489517,0.8820777841411133,0.02475024358060434,0.03425875262835637,,,,,,,,,,,,,,
408.3233683858628,0.19995713982353505,0.8791001153086193,0.024688412431987106,0.034144243439762786,,,,,,,,,,,,,,
408.8686070234214,0.1995685626911695,0.8761324983239708,0.024626735750170405,0.034030116995818746,,,,,,,,,,,,,,
409.41457372406654,0.1991807406815664,0.8731748992547043,0.024565213149264742,0.033916372017208124,,,,,,,,,,,,,,
409.9612694599884,0.1987936723272944,0.870227284282904,0.02450384424434469,0.03380300722889079,,,,,,,,,,,,,,
410.50869520467603,0.1984073561637732,0.8672896197048099,0.02444262865144632,0.033690021360088335,,,,,,,,,,,,,,
411.05685193291856,0.19802179072926865,0.8643618719304373,0.024381565987564944,0.0335774131442698,,,,,,,,,,,,,,
411.6057406208059,0.19763697456488769,0.8614440074831976,0.024320655870652786,0.03346518131913783,,,,,,,,,,,,,,
412.1553622457317,0.1972529062145722,0.8585359929995078,0.02425989791961643,0.03335332462661414,,,,,,,,,,,,,,
412.70571778639425,0.1968695842250938,0.8556377952284142,0.024199291754314595,0.033241841812825676,,,,,,,,,,,,,,
413.2568082227998,0.19648700714604753,0.8527493810312056,0.024138836995555555,0.0331307316280902,,,,,,,,,,,,,,
413.80863453626296,0.19610517352984716,0.8498707173810384,0.024078533265094886,0.03301999282690258,,,,,,,,,,,,,,
414.361197709408,0.19572408193172006,0.8470017713625635,0.024018380185633206,0.03290962416792086,,,,,,,,,,,,,,
414.91449872617113,0.19534373090970117,0.8441425101715458,0.02395837738081366,0.03279962441395231,,,,,,,,,,,,,,
415.46853857180355,0.19496411902462715,0.8412929011144846,0.023898524475219562,0.03268999233193926,,,,,,,,,,,,,,
416.0233182328718,0.1945852448401313,0.8384529116082438,0.023838821094372062,0.03258072669294558,,,,,,,,,,,,,,
416.57883869725913,0.19420710692263876,0.835622509179684,0.02377926686472795,0.03247182627214293,,,,,,,,,,,,,,
417.13510095416785,0.1938297038413607,0.8328016614652871,0.02371986141367719,0.032363289848796994,,,,,,,,,,,,,,
417.69210599412196,0.19345303416828802,0.8299903362107812,0.023660604369540518,0.03225511620625353,,,,,,,,,,,,,,
418.24985480896817,0.19307709647818663,0.8271885012707773,0.023601495361567196,0.03214730413192493,,,,,,,,,,,,,,
418.8083483918768,0.19270188934859292,0.8243961246084043,0.02354253401993277,0.032039852417276866,,,,,,,,,,,,,,
419.3675877373447,0.192327411359807,0.821613174294938,0.02348371997573667,0.031932759857814345,,,,,,,,,,,,,,
419.92757384119636,0.1919536610948883,0.8188396185094392,0.023425052860999936,0.03182602525306853,,,,,,,,,,,,,,
420.4883077005868,0.19158063713964926,0.8160754255383841,0.023366532308662823,0.0317196474065829,,,,,,,,,,,,,,
421.0497903140025,0.1912083380826504,0.813320563775305,0.023308157952582568,0.03161362512590013,,,,,,,,,,,,,,
421.6120226812625,0.19083676251519574,0.8105750017204347,0.023249929427531173,0.031507957222548746,,,,,,,,,,,,,,
422.1750058035208,0.1904659090313268,0.8078387079803402,0.02319184636919309,0.0314026425120298,,,,,,,,,,,,,,
422.7387406832691,0.19009577622781676,0.8051116512675612,0.023133908414162806,0.03129767981380327,,,,,,,,,,,,,,
423.3032283243379,0.1897263627041656,0.8023938004002555,0.023076115199942654,0.03119306795127513,,,,,,,,,,,,,,
423.8684697318971,0.18935766706259566,0.7996851243018471,0.023018466364940676,0.03108880575178419,,,,,,,,,,,,,,
424.43446591245885,0.18898968790804538,0.7969855920006665,0.02296096154846821,0.030984892046588927,,,,,,,,,,,,,,
425.0012178738802,0.1886224238481637,0.7942951726295927,0.022903600390737605,0.030881325670854085,,,,,,,,,,,,,,
425.568726625364,0.18825587349330544,0.7916138354257038,0.02284638253286002,0.030778105463637916,,,,,,,,,,,,,,
426.1369931774598,0.18789003545652636,0.7889415497299304,0.022789307616843286,0.03067523026787918,,,,,,,,,,,,,,
426.706018542067,0.18752490835357724,0.7862782849866973,0.02273237528558954,0.030572698930384085,,,,,,,,,,,,,,
427.2758037324358,0.18716049080289912,0.78362401074358,0.022675585182893036,0.030470510301813376,,,,,,,,,,,,,,
427.8463497631702,0.18679678142561734,0.7809786966509492,0.02261893695343783,0.030368663236669355,,,,,,,,,,,,,,
428.4176576502291,0.18643377884553675,0.778342312461628,0.022562430242795636,0.03026715659328305,,,,,,,,,,,,,,
428.9897284109271,0.18607148168913706,0.7757148280305506,0.022506064697423684,0.030165989233801732,,,,,,,,,,,,,,
429.56256306393726,0.18570988858556733,0.7730962133144129,0.022449839964662436,0.030065160024175842,,,,,,,,,,,,,,
430.13616262929366,0.18534899816663986,0.7704864383713257,0.02239375569273325,0.029964667834146273,,,,,,,,,,,,,,
430.7105281283926,0.18498880906682585,0.7678854733604754,0.02233781153073633,0.029864511537231728,,,,,,,,,,,,,,
431.2856605839932,0.18462931992325068,0.7652932885417879,0.022282007128648574,0.02976469001071636,,,,,,,,,,,,,,
431.8615610202205,0.18427052937568816,0.7627098542755836,0.022226342137321317,0.029665202135636923,,,,,,,,,,,,,,
432.43823046256773,0.18391243606655486,0.760135141022235,0.022170816208478047,0.029566046796770183,,,,,,,,,,,,,,
433.01566993789766,0.18355503864090567,0.757569119341833,0.022115428994712322,0.02946722288262046,,,,,,,,,,,,,,
433.5938804744432,0.18319833574642902,0.7550117598938538,0.022060180149485655,0.02936872928540744,,,,,,,,,,,,,,
434.17286310181083,0.18284232603344092,0.7524630334368179,0.02200506932712527,0.029270564901053404,,,,,,,,,,,,,,
434.7526188509814,0.1824870081548807,0.7499229108279594,0.021950096182821986,0.029172728629171127,,,,,,,,,,,,,,
435.3331487543132,0.1821323807663047,0.7473913630228869,0.021895260372627928,0.029075219373051193,,,,,,,,,,,,,,
435.9144538455433,0.1817784425258821,0.7448683610752558,0.021840561553454495,0.028978036039649983,,,,,,,,,,,,,,
436.496535159788,0.18142519209439,0.7423538761364405,0.021785999383070243,0.028881177539577432,,,,,,,,,,,,,,
437.0793937335458,0.18107262813520825,0.7398478794552013,0.02173157352009873,0.02878464278708481,,,,,,,,,,,,,,
437.6630306047005,0.1807207493143133,0.7373503423773509,0.021677283624016226,0.028688430700052267,,,,,,,,,,,,,,
438.24744681252133,0.18036955430027438,0.7348612363454318,0.021623129355149717,0.028592540199976972,,,,,,,,,,,,,,
438.8326433976646,0.18001904176424838,0.7323805328983927,0.021569110374674853,0.028496970211961067,,,,,,,,,,,,,,
439.4186214021762,0.17966921037997458,0.7299082036712595,0.0215152263446137,0.02840171966469957,,,,,,,,,,,,,,
440.0053818694949,0.17932005882376886,0.7274442203948056,0.02146147692783257,0.02830678749046803,,,,,,,,,,,,,,
440.59292584445075,0.1789715857745204,0.7249885548952413,0.021407861788040165,0.02821217262511121,,,,,,,,,,,,,,
441.18125437327103,0.1786237899136846,0.7225411790938769,0.021354380589785133,0.028117874008030425,,,,,,,,,,,,,,
441.7703685035786,0.17827666992528018,0.7201020650068151,0.021301032998454292,0.028023890582172306,,,,,,,,,,,,,,
442.3602692843952,0.17793022449588305,0.7176711847446245,0.021247818680270363,0.0279302212940166,,,,,,,,,,,,,,
442.95095776614426,0.1775844523146209,0.7152485105120183,0.021194737302289848,0.027836865093564343,,,,,,,,,,,,,,
443.5424350006519,0.17723935207316907,0.7128340146075388,0.021141788532401003,0.02774382093432611,,,,,,,,,,,,,,
444.13470204114776,0.1768949224657457,0.7104276694232455,0.02108897203932186,0.02765108777331054,,,,,,,,,,,,,,
444.72775994226794,0.1765511621891065,0.7080294474443951,0.021036287492598046,0.027558664571012404,,,,,,,,,,,,,,
445.32160976005764,0.17620806994253937,0.7056393212491231,0.02098373456260066,0.02746655029140091,,,,,,,,,,,,,,
445.9162525519724,0.17586564442785974,0.7032572635081346,0.020931312920524286,0.027374743901908114,,,,,,,,,,,,,,
446.51168937687856,0.17552388434940636,0.7008832469843949,0.020879022238384976,0.027283244373417618,,,,,,,,,,,,,,
447.1079212950567,0.17518278841403595,0.6985172445328143,0.020826862189018195,0.027192050680252763,,,,,,,,,,,,,,
447.70494936820444,0.17484235533111728,0.6961592290999329,0.02077483244607659,0.027101161800165034,,,,,,,,,,,,,,
448.30277465943516,0.17450258381252826,0.6938091737236235,0.02072293268402826,0.027010576714322995,,,,,,,,,,,,,,
448.9013982332838,0.17416347257264908,0.6914670515327689,0.020671162578154392,0.0269202944073004,,,,,,,,,,,,,,
449.5008211557054,0.17382502032835898,0.689132835746967,0.02061952180454748,0.02683031386706521,,,,,,,,,,,,,,
450.10104449407834,0.17348722579903061,0.6868064996762202,0.020568010040109233,0.026740634084968126,,,,,,,,,,,,,,
450.70206931720713,0.17315008770652499,0.6844880167206252,0.020516626962548436,0.02665125405573105,,,,,,,,,,,,,,
451.30389669532366,0.1728136047751867,0.6821773603700736,0.020465372250379022,0.026562172777436065,,,,,,,,,,,,,,
451.90652770008785,0.17247777573183987,0.6798745042039517,0.020414245582918156,0.026473389251514223,,,,,,,,,,,,,,
452.50996340459056,0.17214259930578296,0.677579421890835,0.020363246640284098,0.026384902482734326,,,,,,,,,,,,,,
453.1142048833567,0.1718080742287831,0.6752920871881838,0.020312375103394193,0.026296711479191524,,,,,,,,,,,,,,
453.7192532123458,0.17147419923507198,0.6730124739420464,0.020261630653962904,0.02620881525229645,,,,,,,,,,,,,,
454.3251094689533,0.1711409730613417,0.6707405560867636,0.020211012974499922,0.026121212816764158,,,,,,,,,,,,,,
454.9317747320137,0.17080839444673904,0.6684763076446656,0.020160521748308062,0.026033903190602968,,,,,,,,,,,,,,
455.53925008180175,0.17047646213286113,0.6662197027257782,0.020110156659481317,0.025946885395103522,,,,,,,,,,,,,,
456.14753660003544,0.17014517486375028,0.6639707155275215,0.02005991739290284,0.025860158454827687,,,,,,,,,,,,,,
456.75663536987736,0.16981453138588928,0.6617293203344189,0.020009803634242984,0.02577372139759766,,,,,,,,,,,,,,
457.36654747593536,0.1694845304481975,0.6594954915178056,0.019959815069957462,0.025687573254485306,,,,,,,,,,,,,,
457.9772740042658,0.16915517080202555,0.6572692035355332,0.019909951387285255,0.025601713059801065,,,,,,,,,,,,,,
458.588816042376,0.16882645120115003,0.6550504309316731,0.019860212274246627,0.025516139851083097,,,,,,,,,,,,,,
459.2011746792255,0.1684983704017692,0.6528391483362298,0.019810597419641234,0.02543085266908651,,,,,,,,,,,,,,
459.8143510052271,0.16817092716249918,0.6506353304648534,0.019761106513046238,0.025345850557772855,,,,,,,,,,,,,,
460.4283461122494,0.16784412024436823,0.6484389521185481,0.019711739244814314,0.025261132564299182,,,,,,,,,,,,,,
461.04316109362026,0.16751794841081186,0.6462499881833793,0.019662495306071608,0.025176697739007305,,,,,,,,,,,,,,
461.65879704412714,0.1671924104276687,0.6440684136301913,0.019613374388715913,0.025092545135413206,,,,,,,,,,,,,,
462.2752550600187,0.16686750506317605,0.6418942035143234,0.01956437618541477,0.02500867381019665,,,,,,,,,,,,,,
462.8925362390077,0.16654323108796484,0.6397273329753201,0.0195155003896035,0.024925082823190323,,,,,,,,,,,,,,
463.5106416802724,0.16621958727505512,0.6375677772366504,0.019466746695483296,0.024841771237369505,,,,,,,,,,,,,,
464.1295724844596,0.16589657239985098,0.6354155116054185,0.019418114798019234,0.02475873811884129,,,,,,,,,,,,,,
464.74932975368586,0.16557418524013617,0.6332705114720862,0.019369604392938434,0.024675982536834336,,,,,,,,,,,,,,
465.36991459153853,0.16525242457607003,0.6311327523101938,0.019321215176728197,0.024593503563688474,,,,,,,,,,,,,,
465.99132810307844,0.16493128919018263,0.6290022096760768,0.019272946846634102,0.024511300274844255,,,,,,,,,,,,,,
466.6135713948431,0.1646107778673692,0.6268788592085824,0.019224799100657972,0.02442937174883238,,,,,,,,,,,,,,
467.2366455748476,0.16429088939488648,0.6247626766287959,0.01917677163755608,0.0243477170672636,,,,,,,,,,,,,,
467.86055175258554,0.16397162256234832,0.6226536377397642,0.01912886415683737,0.02426633531481843,,,,,,,,,,,,,,
468.48529103903206,0.16365297616172075,0.6205517184262175,0.019081076358761426,0.024185225579236882,,,,,,,,,,,,,,
469.1108645466467,0.16333494898731682,0.6184568946542895,0.019033407944336608,0.024104386951308,,,,,,,,,,,,,,
469.73727338937465,0.16301753983579279,0.6163691424712463,0.018985858615318207,0.024023818524859863,,,,,,,,,,,,,,
470.3645186826475,0.16270074750614363,0.6142884380052154,0.018938428074206665,0.023943519396749564,,,,,,,,,,,,,,
470.9926015433866,0.1623845707996981,0.6122147574649079,0.01889111602424561,0.023863488666852825,,,,,,,,,,,,,,
471.62152309000464,0.1620690085201146,0.61014807713935,0.018843922169420036,0.02378372543805413,,,,,,,,,,,,,,
472.2512844424084,0.16175405947337587,0.6080883733976069,0.0187968462144544,0.023704228816236367,,,,,,,,,,,,,,
472.8818867220001,0.16143972246778493,0.6060356226885155,0.018749887864810806,0.02362499791027106,,,,,,,,,,,,,,
473.51333105167856,0.16112599631396124,0.603989801540419,0.01870304682668724,0.023546031832008374,,,,,,,,,,,,,,
474.1456185558419,0.1608128798248355,0.6019508865608945,0.018656322807015683,0.023467329696267147,,,,,,,,,,,,,,
474.7787503603907,0.1605003718156447,0.5999188544364829,0.018609715513460166,0.023388890620824745,,,,,,,,,,,,,,
475.4127275927289,0.16018847110392834,0.5978936819324255,0.01856322465441506,0.023310713726407403,,,,,,,,,,,,,,
476.047551381765,0.15987717650952415,0.5958753458924014,0.018516849939003262,0.023232798136680374,,,,,,,,,,,,,,
476.68322285791487,0.15956648685456332,0.5938638232382593,0.018470591077074373,0.023155142978238095,,,,,,,,,,,,,,
477.31974315310475,0.15925640096346555,0.5918590909697506,0.018424447779202758,0.023077747380594173,,,,,,,,,,,,,,
477.9571134007725,0.15894691766293498,0.5898611261642701,0.01837841975668585,0.023000610476171846,,,,,,,,,,,,,,
478.5953347358685,0.1586380357819563,0.5878699059765962,0.018332506721542345,0.022923731400294287,,,,,,,,,,,,,,
479.2344082948589,0.15832975415178965,0.5858854076386254,0.01828670838651039,0.02284710929117481,,,,,,,,,,,,,,
479.8743352157271,0.15802207160596662,0.583907608459115,0.018241024465045774,0.022770743289907257,,,,,,,,,,,,,,
480.51511663797703,0.15771498698028505,0.5819364858234194,0.01819545467132008,0.02269463254045627,,,,,,,,,,,,,,
481.1567537026342,0.15740849911280527,0.5799720171932339,0.018149998720218937,0.022618776189647728,,,,,,,,,,,,,,
481.79924755224664,0.15710260684384605,0.5780141801063404,0.01810465632734031,0.02254317338715939,,,,,,,,,,,,,,
482.4425993308882,0.15679730901597969,0.5760629521763476,0.018059427208992684,0.02246782328551115,,,,,,,,,,,,,,
483.0868101841613,0.1564926044740274,0.5741183110924322,0.01801431108219317,0.02239272504005552,,,,,,,,,,,,,,
483.73188125919825,0.15618849206505517,0.5721802346190858,0.01796930766466584,0.022317877808968187,,,,,,,,,,,,,,
484.3778137046619,0.1558849706383699,0.5702487005958652,0.01792441667484002,0.02224328075323877,,,,,,,,,,,,,,
485.0246086707491,0.1555820390455148,0.5683236869371345,0.017879637831848438,0.02216893303666123,,,,,,,,,,,,,,
485.6722673091936,0.1552796961402642,0.5664051716318108,0.017834970855525434,0.02209483382582445,,,,,,,,,,,,,,
486.3207907732669,0.15497794077862004,0.5644931327431146,0.01779041546640526,0.022020982290102936,,,,,,,,,,,,,,
486.9701802177796,0.15467677181880785,0.5625875484083226,0.01774597138572039,0.021947377601647694,,,,,,,,,,,,,,
487.6204367990848,0.15437618812127168,0.5606883968385129,0.017701638335399693,0.0218740189353767,,,,,,,,,,,,,,
488.2715616750793,0.15407618854867033,0.5587956563183185,0.017657416038066732,0.021800905468965858,,,,,,,,,,,,,,
488.92355600520676,0.15377677196587242,0.5569093052056757,0.017613304217037964,0.021728036382839502,,,,,,,,,,,,,,
489.57642095045935,0.15347793723995234,0.5550293219315785,0.017569302596321043,0.021655410860161442,,,,,,,,,,,,,,
490.23015767337847,0.15317968324018658,0.553155684999835,0.017525410900613186,0.0215830280868258,,,,,,,,,,,,,,
490.8847673380577,0.15288200883804912,0.5512883729868195,0.017481628855299372,0.021510887251447886,,,,,,,,,,,,,,
491.5402511101463,0.15258491290720638,0.5494273645412235,0.017437956186450554,0.02143898754535488,,,,,,,,,,,,,,
492.1966101568499,0.15228839432351357,0.5475726383838155,0.017394392620822013,0.021367328162576988,,,,,,,,,,,,,,
492.8538456469316,0.1519924519650111,0.5457241733072,0.01735093788585172,0.021295908299838417,,,,,,,,,,,,,,
493.51195875071534,0.15169708471191953,0.5438819481755722,0.017307591709658555,0.021224727156548353,,,,,,,,,,,,,,
494.1709506400888,0.151402291446635,0.5420459419244733,0.017264353821040565,0.02115378393479178,,,,,,,,,,,,,,
494.83082248850434,0.15110807105372567,0.5402161335605531,0.017221223949473292,0.02108307783932075,,,,,,,,,,,,,,
495.4915754709805,0.15081442241992762,0.5383925021613323,0.01717820182510819,0.02101260807754548,,,,,,,,,,,,,,
496.153210764105,0.15052134443414017,0.5365750268749588,0.017135287178770796,0.020942373859525378,,,,,,,,,,,,,,
496.8157295460365,0.150228835987422,0.534763686919973,0.01709247974195915,0.020872374397960244,,,,,,,,,,,,,,
497.4791329965076,0.14993689597298654,0.5329584615850649,0.01704977924684199,0.020802608908181325,,,,,,,,,,,,,,
498.14342229682643,0.14964552328619776,0.5311593302288408,0.017007185426257145,0.020733076608142588,,,,,,,,,,,,,,
498.80859862987734,0.149354716824567,0.5293662722795897,0.01696469801370996,0.02066377671841211,,,,,,,,,,,,,,
499.47466318012437,0.14906447548774784,0.5275792672350456,0.016922316743371503,0.020594708462163155,,,,,,,,,,,,,,
500.14161713361403,0.14877479817753186,0.52579829466215,0.016880041350076896,0.020525871065165468,,,,,,,,,,,,,,
500.80946167797674,0.14848568379784474,0.5240233341968213,0.01683787156932369,0.020457263755776584,,,,,,,,,,,,,,
501.4781980024277,0.14819713125474265,0.5222543655437246,0.01679580713727028,0.020388885764933397,,,,,,,,,,,,,,
502.1478272977699,0.1479091394564075,0.5204913684760367,0.016753847790734203,0.02032073632614333,,,,,,,,,,,,,,
502.8183507563977,0.1476217073131427,0.5187343228352121,0.0167119932671904,0.020252814675475732,,,,,,,,,,,,,,
503.48976957229763,0.14733483373736905,0.5169832085307561,0.016670243304769645,0.020185120051553332,,,,,,,,,,,,,,
504.16208494104944,0.14704851764362142,0.5152380055399961,0.016628597642257003,0.02011765169554389,,,,,,,,,,,,,,
504.8352980598298,0.14676275794854376,0.5134986939078504,0.016587056019090062,0.020050408851151464,,,,,,,,,,,,,,
505.5094101274138,0.1464775535708857,0.5117652537466014,0.016545618175357386,0.019983390764608092,,,,,,,,,,,,,,
506.1844223441779,0.14619290343149738,0.5100376652356647,0.016504283851796784,0.019916596684665142,,,,,,,,,,,,,,
506.8603359121017,0.14590880645332627,0.5083159086213654,0.016463052789793743,0.019850025862585042,,,,,,,,,,,,,,
507.5371520347686,0.1456252615614132,0.5065999642167145,0.0164219247313799,0.019783677552132926,,,,,,,,,,,,,,
508.2148719173694,0.14534226768288797,0.504889812401181,0.016380899419231345,0.019717551009568245,,,,,,,,,,,,,,
508.89349676670497,0.14505982374696486,0.5031854336204654,0.016339976596666955,0.019651645493636242,,,,,,,,,,,,,,
509.57302779118777,0.1447779286849391,0.5014868083862785,0.01629915600764685,0.019585960265559834,,,,,,,,,,,,,,
510.2534662008429,0.1444965814301831,0.4997939172761211,0.01625843739677084,0.019520494589031344,,,,,,,,,,,,,,
510.93481320731104,0.14421578091814197,0.49810674093305934,0.016217820509276788,0.01945524773020423,,,,,,,,,,,,,,
511.61707002385253,0.14393552608632906,0.49642526006549975,0.01617730509103891,0.019390218957684616,,,,,,,,,,,,,,
512.3002378653456,0.1436558158743233,0.4947494554469773,0.016136890888566402,0.019325407542523557,,,,,,,,,,,,,,
512.9843179482928,0.14337664922376334,0.4930793079159254,0.016096577649001617,0.01926081275820835,,,,,,,,,,,,,,
513.6693114908194,0.1430980250783454,0.4914147983754661,0.016056365120118665,0.019196433880654833,,,,,,,,,,,,,,
514.3552197126777,0.14281994238381823,0.48975590779318745,0.0160162530503218,0.01913227018819905,,,,,,,,,,,,,,
515.0420438352493,0.14254240008797894,0.48810261720092346,0.015976241188643728,0.01906832096158913,,,,,,,,,,,,,,
515.7297850815469,0.1422653971406695,0.48645490769453986,0.015936329284744134,0.019004585483977248,,,,,,,,,,,,,,
516.4184446762154,0.1419889324937729,0.4848127604337206,0.015896517088908168,0.01894106304091176,,,,,,,,,,,,,,
517.1080238455347,0.14171300510120902,0.48317615664174945,0.015856804352044805,0.018877752920329033,,,,,,,,,,,,,,
517.7985238174234,0.1414376139189302,0.48154507760529314,0.015817190825685248,0.01881465441254542,,,,,,,,,,,,,,
518.4899458214398,0.14116275790491767,0.47991950467419003,0.015777676261981424,0.018751766810249357,,,,,,,,,,,,,,
519.1822910887829,0.14088843601917797,0.4782994192612387,0.0157382604137045,0.018689089408493575,,,,,,,,,,,,,,
519.8755608522957,0.14061464722373876,0.4766848028419839,0.015698943034243268,0.018626621504687045,,,,,,,,,,,,,,
520.569756346469,0.14034139048264407,0.47507563695450006,0.01565972387760252,0.018564362398587022,,,,,,,,,,,,,,
521.26487880744,0.14006866476195196,0.4734719031991895,0.015620602698401693,0.018502311392291474,,,,,,,,,,,,,,
521.9609294729987,0.13979646902972903,0.47187358323856193,0.015581579251873137,0.018440467790230924,,,,,,,,,,,,,,
522.6579095825862,0.13952480225604771,0.4702806587970333,0.015542653293860764,0.018378830899160942,,,,,,,,,,,,,,
523.3558203772985,0.13925366341298198,0.46869311166071337,0.015503824580818441,0.018317400028154282,,,,,,,,,,,,,,
524.0546630998905,0.13898305147460296,0.4671109236771948,0.015465092869808397,0.018256174488592986,,,,,,,,,,,,,,
524.7544389947759,0.13871296541697542,0.46553407675534825,0.01542645791849978,0.01819515359416079,,,,,,,,,,,,,,
525.4551493080294,0.1384434042181544,0.4639625528651177,0.015387919485167167,0.01813433666083555,,,,,,,,,,,,,,
526.1567952873893,0.1381743668581809,0.46239633403731223,0.015349477328689036,0.018073723006881415,,,,,,,,,,,,,,
526.8593781822615,0.1379058523190776,0.46083540236339754,0.015311131208546169,0.01801331195284116,,,,,,,,,,,,,,
527.5628992437198,0.13763785958484528,0.4592797399952941,0.015272880884820213,0.01795310282152861,,,,,,,,,,,,,,
528.267359724508,0.13737038764145976,0.4577293291451755,0.015234726118192248,0.017893094938021187,,,,,,,,,,,,,,
528.9727608790427,0.13710343547686704,0.45618415208526103,0.01519666666994117,0.01783328762965215,,,,,,,,,,,,,,
529.6791039634153,0.13683700208098007,0.4546441911476158,0.015158702301942299,0.017773680226003213,,,,,,,,,,,,,,
530.3863902353955,0.13657108644567437,0.4531094287239449,0.015120832776665774,0.017714272058896825,,,,,,,,,,,,,,
531.0946209544327,0.13630568756478448,0.45157984726539446,0.01508305785717513,0.017655062462388838,,,,,,,,,,,,,,
531.8037973816566,0.13604080443410063,0.4500554292823536,0.015045377307125886,0.01759605077276107,,,,,,,,,,,,,,
532.5139207798811,0.13577643605136464,0.44853615734425156,0.015007790890763976,0.01753723632851383,,,,,,,,,,,,,,
533.2249924136075,0.1355125814162655,0.44702201407935677,0.014970298372924256,0.017478618470358358,,,,,,,,,,,,,,
533.9370135490256,0.13524923953043602,0.44551298217457996,0.014932899519029064,0.017420196541209583,,,,,,,,,,,,,,
534.6499854540145,0.13498640939744985,0.44400904437527866,0.014895594095086827,0.01736196988617879,,,,,,,,,,,,,,
535.363909398147,0.13472409002281668,0.44251018348505794,0.014858381867690524,0.01730393785256625,,,,,,,,,,,,,,
536.0787866526916,0.13446228041397856,0.4410163823655709,0.014821262604016183,0.01724609978985373,,,,,,,,,,,,,,
536.7946184906147,0.13420097958030638,0.43952762393632544,0.014784236071821447,0.017188455049697397,,,,,,,,,,,,,,
537.5114061865813,0.13394018653309644,0.43804389117449116,0.01474730203944424,0.017131002985920536,,,,,,,,,,,,,,
538.2291510169591,0.13367990028556626,0.4365651671147012,0.014710460275801175,0.01707374295450626,,,,,,,,,,,,,,
538.9478542598195,0.1334201198528511,0.4350914348488606,0.014673710550386205,0.017016674313590302,,,,,,,,,,,,,,
539.6675171949416,0.13316084425199984,0.43362267752594935,0.014637052633269048,0.01695979642345376,,,,,,,,,,,,,,
540.3881411038137,0.13290207250197136,0.43215887835183253,0.014600486295093858,0.016903108646515952,,,,,,,,,,,,,,
541.1097272696338,0.13264380362363157,0.4307000205890698,0.014564011307077818,0.016846610347327404,,,,,,,,,,,,,,
541.8322769773134,0.13238603663974904,0.4292460875567224,0.014527627441009659,0.0167903008925626,,,,,,,,,,,,,,
542.5557915134813,0.13212877057499098,0.4277970626301597,0.014491334469248168,0.01673417965101284,,,,,,,,,,,,,,
543.2802721664838,0.13187200445592004,0.4263529292408718,0.014455132164720833,0.016678245993579192,,,,,,,,,,,,,,
544.0057202263866,0.13161573731099088,0.4249136708762819,0.01441902030092246,0.016622499293265598,,,,,,,,,,,,,,
544.7321369849783,0.13135996817054615,0.42347927107955546,0.014382998651913722,0.016566938925171693,,,,,,,,,,,,,,
545.4595237357734,0.1311046960668126,0.42204971344940984,0.014347066992319676,0.01651156426648576,,,,,,,,,,,,,,
546.1878817740134,0.13084992003389745,0.42062498163992895,0.01431122509732841,0.016456374696477805,,,,,,,,,,,,,,
546.9172123966684,0.13059563910778546,0.4192050593603784,0.014275472742689702,0.01640136959649272,,,,,,,,,,,,,,
547.6475169024412,0.1303418523263345,0.4177899303750162,0.014239809704713504,0.016346548349943153,,,,,,,,,,,,,,
548.3787965917679,0.13008855872927244,0.4163795785029091,0.014204235760268637,0.01629191034230278,,,,,,,,,,,,,,
549.1110527668222,0.1298357573581928,0.4149739876177443,0.014168750686781292,0.016237454961099185,,,,,,,,,,,,,,
549.8442867315167,0.1295834472565516,0.4135731416476474,0.01413335426223369,0.016183181595907165,,,,,,,,,,,,,,
550.578499791504,0.12933162746966415,0.41217702457500077,0.014098046265162761,0.016129089638341906,,,,,,,,,,,,,,
551.3136932541801,0.12908029704470084,0.41078562043625794,0.014062826474658676,0.01607517848205214,,,,,,,,,,,,,,
552.0498684286879,0.12882945503068347,0.40939891332175915,0.014027694670363447,0.016021447522713197,,,,,,,,,,,,,,
552.7870266259185,0.12857910047848184,0.4080168873755519,0.013992650632469579,0.015967896158020384,,,,,,,,,,,,,,
553.5251691585124,0.12832923244081054,0.4066395267952111,0.013957694141718756,0.015914523787682246,,,,,,,,,,,,,,
554.2642973408626,0.12807984997222505,0.4052668158316568,0.013922824979400417,0.01586132981341383,,,,,,,,,,,,,,
555.0044124891186,0.12783095212911777,0.4038987387889717,0.013888042927350323,0.015808313638929816,,,,,,,,,,,,,,
555.7455159211873,0.12758253796971478,0.40253528002422395,0.013853347767949265,0.015755474669937996,,,,,,,,,,,,,,
556.4876089567342,0.12733460655407267,0.40117642394729036,0.013818739284121724,0.015702812314132612,,,,,,,,,,,,,,
557.2306929171875,0.12708715694407452,0.3998221550206748,0.013784217259334477,0.01565032598118768,,,,,,,,,,,,,,
557.9747691257397,0.1268401882034266,0.3984724577593331,0.013749781477595258,0.015598015082750358,,,,,,,,,,,,,,
558.7198389073509,0.12659369939765422,0.3971273167304923,0.013715431723451346,0.015545879032434332,,,,,,,,,,,,,,
559.4659035887505,0.12634768959409884,0.39578671655347647,0.013681167781988265,0.01549391724581323,,,,,,,,,,,,,,
560.2129644984385,0.12610215786191456,0.3944506418995333,0.01364698943882848,0.01544212914041423,,,,,,,,,,,,,,
560.9610229666889,0.12585710327206442,0.3931190774916561,0.013612896480130032,0.015390514135711377,,,,,,,,,,,,,,
561.7100803255531,0.12561252489731667,0.39179200810440756,0.013578888692585124,0.015339071653119067,,,,,,,,,,,,,,
562.460137908861,0.12536842181224117,0.3904694185637475,0.013544965863418836,0.015287801115985579,,,,,,,,,,,,,,
563.2111970522228,0.1251247930932067,0.3891512937468615,0.013511127780387877,0.015236701949586741,,,,,,,,,,,,,,
563.9632590930318,0.12488163781837701,0.38783761858198584,0.013477374231779155,0.01518577358111936,,,,,,,,,,,,,,
564.7163253704686,0.12463895506770671,0.3865283780482332,0.013443705006408449,0.015135015439694777,,,,,,,,,,,,,,
565.4703972255016,0.12439674392293841,0.38522355717542295,0.01341011989361911,0.015084426956332487,,,,,,,,,,,,,,
566.2254760008893,0.1241550034675996,0.3839231410439119,0.01337661868328081,0.015034007563953896,,,,,,,,,,,,,,
566.9815630411833,0.12391373278699849,0.3826271147844209,0.013343201165788146,0.014983756697375792,,,,,,,,,,,,,,
567.73865969273,0.12367293096822102,0.3813354635778666,0.01330986713205936,0.014933673793304146,,,,,,,,,,,,,,
568.4967673036749,0.12343259710012684,0.38004817265518887,0.01327661637353499,0.014883758290327618,,,,,,,,,,,,,,
569.2558872239638,0.12319273027334623,0.37876522729718465,0.013243448682176587,0.014834009628911408,,,,,,,,,,,,,,
570.0160208053436,0.12295332958027695,0.37748661283434065,0.013210363850465486,0.014784427251390994,,,,,,,,,,,,,,
570.7771694013666,0.12271439411508063,0.3762123146466644,0.013177361671401445,0.014735010601965864,,,,,,,,,,,,,,
571.5393343673933,0.12247592297367874,0.3749423181635146,0.013144441938501282,0.014685759126693157,,,,,,,,,,,,,,
572.3025170605944,0.12223791525374963,0.3736766088634368,0.013111604445797667,0.014636672273481583,,,,,,,,,,,,,,
573.0667188399512,0.12200037005472567,0.37241517227399934,0.013078848987837871,0.014587749492085248,,,,,,,,,,,,,,
573.8319410662604,0.12176328647778913,0.37115799397162547,0.013046175359682425,0.01453899023409748,,,,,,,,,,,,,,
574.5981851021361,0.12152666362586861,0.3699050595814272,0.013013583356903785,0.014490393952944533,,,,,,,,,,,,,,
575.3654523120124,0.12129050060363612,0.3686563547770422,0.01298107277558512,0.014441960103879608,,,,,,,,,,,,,,
576.1337440621443,0.12105479651750378,0.3674118652804723,0.012948643412319055,0.014393688143976758,,,,,,,,,,,,,,
576.9030617206114,0.12081955047562007,0.36617157686191715,0.012916295064206362,0.014345577532124738,,,,,,,,,,,,,,
577.6734066573197,0.12058476158786689,0.3649354753396137,0.012884027528854715,0.014297627729020974,,,,,,,,,,,,,,
578.4447802440055,0.12035042896585545,0.3637035465796708,0.012851840604377355,0.01424983819716545,,,,,,,,,,,,,,
579.217183854237,0.12011655172292332,0.3624757764959098,0.012819734089391882,0.014202208400854704,,,,,,,,,,,,,,
579.9906188634153,0.11988312897413164,0.3612521510497053,0.012787707783019023,0.014154737806175958,,,,,,,,,,,,,,
580.765086648778,0.11965015983626114,0.36003265624982267,0.012755761484881367,0.014107425881000994,,,,,,,,,,,,,,
581.540588589403,0.11941764342780853,0.3588172781522561,0.012723894995102018,0.014060272094980177,,,,,,,,,,,,,,
582.3171260662095,0.11918557886898368,0.3576060028600715,0.012692108114303421,0.01401327591953653,,,,,,,,,,,,,,
583.09470046196,0.11895396528170638,0.35639881652324873,0.012660400643606164,0.013966436827859934,,,,,,,,,,,,,,
583.8733131612627,0.11872280178960282,0.3551957053385222,0.012628772384627653,0.013919754294901093,,,,,,,,,,,,,,
584.6529655505764,0.118492087518002,0.35399665554922033,0.012597223139480866,0.01387322779736563,,,,,,,,,,,,,,
585.433659018211,0.11826182159393253,0.3528016534451109,0.012565752710773136,0.013826856813708249,,,,,,,,,,,,,,
586.2153949543292,0.11803200314611988,0.35161068536224555,0.012534360901604973,0.013780640824127001,,,,,,,,,,,,,,
586.9981747509504,0.11780263130498254,0.35042373768280105,0.012503047515568763,0.013734579310557304,,,,,,,,,,,,,,
587.7819998019525,0.11757370520262897,0.3492407968349255,0.012471812356747566,0.013688671756666262,,,,,,,,,,,,,,
588.5668715030754,0.11734522397285384,0.34806184929257994,0.012440655229713849,0.013642917647846713,,,,,,,,,,,,,,
589.3527912519231,0.1171171867511352,0.34688688157538633,0.01240957593952829,0.013597316471211566,,,,,,,,,,,,,,
590.1397604479646,0.1168895926746314,0.34571588024847427,0.012378574291738617,0.013551867715588133,,,,,,,,,,,,,,
590.9277804925375,0.11666244088217759,0.34454883192232644,0.012347650092378343,0.01350657087151228,,,,,,,,,,,,,,
591.716852788852,0.11643573051428208,0.343385723252623,0.012316803147965488,0.013461425431222708,,,,,,,,,,,,,,
592.5069787419916,0.11620946071312341,0.3422265409400913,0.012286033265501449,0.013416430888655273,,,,,,,,,,,,,,
593.2981597589153,0.11598363062254748,0.3410712717303554,0.012255340252469793,0.013371586739437434,,,,,,,,,,,,,,
594.0903972484607,0.11575823938806394,0.33991990241378267,0.012224723916835057,0.01332689248088248,,,,,,,,,,,,,,
594.8836926213485,0.11553328615684251,0.33877241982533013,0.012194184067041439,0.013282347611983842,,,,,,,,,,,,,,
595.6780472901803,0.11530877007771083,0.33762881084440033,0.01216372051201178,0.013237951633409666,,,,,,,,,,,,,,
596.4734626694469,0.11508469030115002,0.33648906239468385,0.012133333061146183,0.013193704047496998,,,,,,,,,,,,,,
597.269940175526,0.11486104597929253,0.3353531614440164,0.012103021524320958,0.013149604358246384,,,,,,,,,,,,,,
598.0674812266864,0.11463783626591849,0.33422109500422675,0.012072785711887406,0.013105652071316264,,,,,,,,,,,,,,
598.8660872430918,0.11441506031645209,0.3330928501309868,0.012042625434670549,0.013061846694017316,,,,,,,,,,,,,,
599.6657596468028,0.11419271728795892,0.33196841392366505,0.01201254050396801,0.013018187735307041,,,,,,,,,,,,,,
600.4664998617773,0.11393601053824362,0.3307755559895038,0.011983450953514146,0.012975679027272171,,,,,,,,,,,,,,
601.2683093138745,0.11365499615061643,0.32953540270810044,0.011955090057669593,0.012934026882735565,,,,,,,,,,,,,,
602.0711894308592,0.11337467486331526,0.32829989904524826,0.01192679628275842,0.012892508442272622,,,,,,,,,,,,,,
602.8751416424025,0.11309504496686143,0.32706902756846185,0.011898569469927381,0.012851123276691027,,,,,,,,,,,,,,
603.680167380083,0.11281610475599285,0.3258427709106162,0.011870409460699234,0.012809870958176222,,,,,,,,,,,,,,
604.4862680773916,0.1125378525296535,0.3246211117696996,0.011842316096971789,0.012768751060286963,,,,,,,,,,,,,,
605.2934451697347,0.11226028659098204,0.3234040329085668,0.011814289221016972,0.012727763157950791,,,,,,,,,,,,,,
606.101700094433,0.11198340524730335,0.32219151715470207,0.011786328675480094,0.012686906827459845,,,,,,,,,,,,,,
606.911034290729,0.11170720681011616,0.32098354739997,0.011758434303378775,0.012646181646466267,,,,,,,,,,,,,,
607.7214491997853,0.1114316895950845,0.3197801066003799,0.011730605948102239,0.012605587193978036,,,,,,,,,,,,,,
608.5329462646887,0.11115685192202662,0.31858117777584327,0.011702843453410336,0.012565123050354508,,,,,,,,,,,,,,
609.3455269304543,0.11088269211490445,0.31738674400993167,0.011675146663432659,0.012524788797302039,,,,,,,,,,,,,,
610.1591926440268,0.11060920850181362,0.3161967884496405,0.011647515422667688,0.012484584017869721,,,,,,,,,,,,,,
610.9739448542817,0.11033639941497397,0.3150112943051525,0.011619949575981978,0.01244450829644511,,,,,,,,,,,,,,
611.7897850120293,0.11006426319071866,0.31383024484959954,0.011592448968609214,0.012404561218749902,,,,,,,,,,,,,,
612.6067145700181,0.10979279816948379,0.3126536234188243,0.011565013446149333,0.012364742371835564,,,,,,,,,,,,,,
613.424734982937,0.10952200269579865,0.31148141341114743,0.011537642854567685,0.012325051344079139,,,,,,,,,,,,,,
614.2438477074156,0.10925187511827603,0.3103135982871347,0.011510337040194213,0.012285487725179033,,,,,,,,,,,,,,
615.0640542020291,0.10898241378960169,0.309150161569362,0.011483095849722534,0.012246051106150752,,,,,,,,,,,,,,
615.8853559273016,0.10871361706652384,0.30799108684218035,0.011455919130209054,0.012206741079322531,,,,,,,,,,,,,,
616.7077543457054,0.10844548330984438,0.30683635775149015,0.011428806729072202,0.012167557238331378,,,,,,,,,,,,,,
617.5312509216681,0.10817801088440741,0.30568595800450366,0.011401758494091446,0.012128499178118611,,,,,,,,,,,,,,
618.3558471215707,0.1079111981590906,0.30453987136952115,0.011374774273406583,0.012089566494925869,,,,,,,,,,,,,,
619.1815444137524,0.10764504350679463,0.30339808167569915,0.01134785391551679,0.012050758786290876,,,,,,,,,,,,,,
620.0083442685144,0.10737954530443293,0.3022605728128208,0.011320997269279773,0.012012075651043203,,,,,,,,,,,,,,
620.8362481581211,0.10711470193292215,0.30112732873106995,0.011294204183910937,0.01197351668930019,,,,,,,,,,,,,,
621.6652575568015,0.10685051177717267,0.2999983334408068,0.01126747450898259,0.011935081502462846,,,,,,,,,,,,,,
622.4953739407534,0.10658697322607834,0.2988735710123402,0.011240808094423044,0.011896769693211722,,,,,,,,,,,,,,
623.326598788147,0.10632408467250631,0.29775302557570144,0.011214204790515747,0.011858580865502675,,,,,,,,,,,,,,
624.158933579126,0.10606184451328764,0.29663668132042204,0.011187664447898473,0.0118205146245629,,,,,,,,,,,,,,
624.9923797958097,0.10580025114920778,0.295524522495312,0.011161186917562533,0.01178257057688687,,,,,,,,,,,,,,
625.8269389222968,0.10553930298499639,0.2944165334082357,0.011134772050851876,0.011744748330232174,,,,,,,,,,,,,,
626.6626124446674,0.10527899842931797,0.29331269842589136,0.011108419699462276,0.011707047493615555,,,,,,,,,,,,,,
627.4994018509869,0.10501933589476142,0.29221300197358857,0.011082129715440467,0.011669467677308747,,,,,,,,,,,,,,
628.337308631308,0.10476031379783098,0.29111742853503003,0.011055901951183333,0.01163200849283453,,,,,,,,,,,,,,
629.1763342776719,0.10450193055893676,0.2900259626520942,0.011029736259437138,0.01159466955296274,,,,,,,,,,,,,,
630.0164802841117,0.10424418460238494,0.2889385889246155,0.011003632493296632,0.011557450471706254,,,,,,,,,,,,,,
630.8577481466571,0.10398707435636746,0.2878552920101656,0.010977590506204208,0.011520350864316893,,,,,,,,,,,,,,
631.7001393633356,0.10373059825295314,0.2867760566238381,0.010951610151949112,0.011483370347281538,,,,,,,,,,,,,,
632.5436554341733,0.10347475472807828,0.2857008675380354,0.010925691284666665,0.01144650853831822,,,,,,,,,,,,,,
633.3882978611996,0.10321954222153695,0.2846297095822514,0.010899833758837406,0.011409765056372076,,,,,,,,,,,,,,
634.234068148451,0.10296495917697081,0.2835625676428558,0.01087403742928622,0.0113731395216114,,,,,,,,,,,,,,
635.0809678019721,0.10271100404186023,0.2824994266628831,0.010848302151181585,0.011336631555423745,,,,,,,,,,,,,,
635.9289983298171,0.10245767526751513,0.2814402716418213,0.01082262778003477,0.011300240780412078,,,,,,,,,,,,,,
636.7781612420551,0.102204971309065,0.28038508763539793,0.01079701417169901,0.011263966820390773,,,,,,,,,,,,,,
637.6284580507706,0.10195289062544975,0.27933385975537095,0.010771461182368677,0.011227809300381818,,,,,,,,,,,,,,
638.4798902700685,0.1017014316794099,0.278286573169316,0.010745968668578465,0.011191767846610804,,,,,,,,,,,,,,
639.3324594160755,0.10145059293747737,0.27724321310041894,0.010720536487202594,0.011155842086503161,,,,,,,,,,,,,,
640.1861670069416,0.1012003728699668,0.2762037648272689,0.010695164495454058,0.01112003164868035,,,,,,,,,,,,,,
641.041014562844,0.10095076995096558,0.27516821368364885,0.010669852550883787,0.011084336162955944,,,,,,,,,,,,,,
641.897003605991,0.10070178265832429,0.27413654505832724,0.01064460051137979,0.01104875526033178,,,,,,,,,,,,,,
642.7541356606237,0.10045340947364778,0.2731087443948535,0.01061940823516642,0.011013288572994183,,,,,,,,,,,,,,
643.6124122530169,0.1002056488822863,0.2720847971913539,0.010594275580803591,0.010977935734310223,,,,,,,,,,,,,,
644.4718349114839,0.09995849937332583,0.2710646890003257,0.010569202407185974,0.010942696378823854,,,,,,,,,,,,,,
645.3324051663799,0.09971195943957852,0.2700484054284315,0.010544188573542146,0.010907570142252111,,,,,,,,,,,,,,
646.1941245501033,0.09946602757757393,0.2690359321362978,0.010519233939433843,0.010872556661481382,,,,,,,,,,,,,,
647.0569945970979,0.09922070228755017,0.2680272548383143,0.010494338364755204,0.010837655574563697,,,,,,,,,,,,,,
647.9210168438568,0.09897598207344421,0.2670223593024299,0.010469501709731951,0.010802866520712934,,,,,,,,,,,,,,
648.7861928289242,0.09873186544288307,0.2660212313499537,0.010444723834920606,0.010768189140301114,,,,,,,,,,,,,,
649.6525240929001,0.09848835090717437,0.2650238568553521,0.010420004601207681,0.010733623074854624,,,,,,,,,,,,,,
650.5200121784417,0.09824543698129731,0.26403022174605156,0.010395343869808917,0.010699167967050555,,,,,,,,,,,,,,
651.3886586302647,0.09800312218389426,0.26304031200224137,0.01037074150226856,0.010664823460713072,,,,,,,,,,,,,,
652.2584649951475,0.09776140503726113,0.26205411365667414,0.010346197360458529,0.010630589200809651,,,,,,,,,,,,,,
653.1294328219354,0.0975202840673383,0.2610716127944675,0.010321711306577606,0.01059646483344739,,,,,,,,,,,,,,
654.0015636615419,0.0972797578037016,0.2600927955529092,0.01029728320315071,0.010562450005869395,,,,,,,,,,,,,,
654.8748590669497,0.09703982477955403,0.25911764812126287,0.010272912913028145,0.010528544366451155,,,,,,,,,,,,,,
655.7493205932158,0.09680048353171625,0.25814615674057184,0.010248600299384819,0.010494747564696904,,,,,,,,,,,,,,
656.6249497974745,0.09656173260061751,0.25717830770346334,0.010224345225719411,0.01046105925123592,,,,,,,,,,,,,,
657.5017482389399,0.09632357053028684,0.25621408735395673,0.01020014755585366,0.010427479077818942,,,,,,,,,,,,,,
658.3797174789062,0.09608599586834474,0.2552534820872722,0.01017600715393162,0.010394006697314676,,,,,,,,,,,,,,
659.2588590807535,0.09584900716599368,0.2542964783496368,0.010151923884418868,0.010360641763706088,,,,,,,,,,,,,,
660.1391746099487,0.09561260297800966,0.25334306263809436,0.010127897612101762,0.010327383932086882,,,,,,,,,,,,,,
661.0206656340504,0.09537678186273296,0.2523932215003128,0.010103928202086622,0.010294232858657876,,,,,,,,,,,,,,
661.9033337227105,0.09514154238205944,0.2514469415343962,0.010080015519799023,0.010261188200723493,,,,,,,,,,,,,,
662.7871804476755,0.09490688310143236,0.2505042093886966,0.010056159430983064,0.010228249616688246,,,,,,,,,,,,,,
663.6722073827904,0.0946728025898332,0.24956501176162468,0.010032359801700592,0.010195416766053195,,,,,,,,,,,,,,
664.5584161040034,0.09443929941977265,0.24862933540146023,0.0100086164983304,0.010162689309412354,,,,,,,,,,,,,,
665.4458081893672,0.09420637216728207,0.24769716710616677,0.009984929387567518,0.01013006690844922,,,,,,,,,,,,,,
666.3343852190399,0.09397401941190538,0.24676849372320678,0.00996129833642251,0.01009754922593336,,,,,,,,,,,,,,
667.22414877529,0.09374223973668984,0.2458433021493545,0.009937723212220672,0.010065135925716851,,,,,,,,,,,,,,
668.1151004425,0.09351103172817733,0.24492157933050984,0.009914203882601252,0.010032826672730753,,,,,,,,,,,,,,
669.007241807168,0.09328039397639576,0.24400331226151556,0.009890740215516787,0.010000621132981712,,,,,,,,,,,,,,
669.9005744579094,0.09305032507485105,0.243088487985975,0.009867332079232318,0.009968518973548541,,,,,,,,,,,,,,
670.7950999854614,0.09282082362051791,0.2421770935960674,0.009843979342324689,0.009936519862578725,,,,,,,,,,,,,,
671.6908199826847,0.09259188821383171,0.241269116232367,0.009820681873681764,0.009904623469285003,,,,,,,,,,,,,,
672.5877360445684,0.09236351745867945,0.2403645430836597,0.009797439542501667,0.00987282946394191,,,,,,,,,,,,,,
673.4858497682312,0.0921357099623914,0.2394633613867634,0.009774252218292118,0.009841137517882416,,,,,,,,,,,,,,
674.3851627529234,0.0919084643357332,0.2385655584263496,0.009751119770869678,0.009809547303494546,,,,,,,,,,,,,,
675.2856766000305,0.09168177919289683,0.23767112153476253,0.009728042070359013,0.009778058494217971,,,,,,,,,,,,,,
676.1873929130778,0.09145565315149208,0.23678003809183878,0.009705018987192147,0.009746670764540584,,,,,,,,,,,,,,
677.090313297732,0.09123008483253812,0.23589229552473104,0.009682050392107712,0.009715383789995178,,,,,,,,,,,,,,
677.9944393618023,0.09100507286045566,0.2350078813077317,0.009659136156150338,0.009684197247156122,,,,,,,,,,,,,,
678.8997727152447,0.09078061586305829,0.23412678296209496,0.00963627615066981,0.009653110813636016,,,,,,,,,,,,,,
679.8063149701666,0.09055671247154351,0.23324898805585934,0.009613470247320384,0.009622124168082264,,,,,,,,,,,,,,
680.7140677408281,0.09033336132048489,0.23237448420367363,0.009590718318060042,0.009591236990173798,,,,,,,,,,,,,,
681.6230326436432,0.09011056104782407,0.23150325906662345,0.009568020235149837,0.009560448960617876,,,,,,,,,,,,,,
682.5332112971853,0.08988831029486201,0.23063530035205518,0.00954537587115315,0.009529759761146634,,,,,,,,,,,,,,
683.4446053221881,0.08966660770625087,0.22977059581340384,0.00952278509893495,0.009499169074513886,,,,,,,,,,,,,,
684.3572163415512,0.08944545192998538,0.22890913325001833,0.009500247791661054,0.009468676584491766,,,,,,,,,,,,,,
685.271045980341,0.08922484161739477,0.22805090050699053,0.009477763822797485,0.009438281975867513,,,,,,,,,,,,,,
686.1860958657926,0.08900477542313524,0.22719588547498523,0.009455333066109732,0.009407984934440226,,,,,,,,,,,,,,
687.1023676273139,0.08878525200518098,0.22634407609006787,0.009432955395662072,0.009377785147017625,,,,,,,,,,,,,,
688.0198628964902,0.08856627002481589,0.22549546033353293,0.009410630685816759,0.009347682301412726,,,,,,,,,,,,,,
688.9385833070851,0.08834782814662569,0.22465002623173594,0.009388358811233429,0.009317676086440642,,,,,,,,,,,,,,
689.8585304950427,0.08812992503849024,0.22380776185592552,0.009366139646868362,0.00928776619191549,,,,,,,,,,,,,,
690.7797060984914,0.08791255937157487,0.22296865532207402,0.009343973067973781,0.009257952308647047,,,,,,,,,,,,,,
691.7021117577491,0.08769572982032188,0.22213269479070774,0.009321858950097113,0.009228234128437554,,,,,,,,,,,,,,
692.6257491153214,0.08747943506244364,0.22129986846674443,0.009299797169080375,0.009198611344078643,,,,,,,,,,,,,,
693.5506198159097,0.08726367377891324,0.2204701645993218,0.009277787601059346,0.009169083649348018,,,,,,,,,,,,,,
694.47672550641,0.08704844465395743,0.2196435714816361,0.00925583012246304,0.009139650739006406,,,,,,,,,,,,,,
695.4040678359167,0.08683374637504833,0.21882007745077509,0.009233924610012878,0.009110312308794385,,,,,,,,,,,,,,
696.3326484557284,0.08661957763289482,0.21799967088755212,0.009212070940722048,0.009081068055429159,,,,,,,,,,,,,,
697.262469019348,0.08640593712143525,0.2171823402163437,0.00919026899189478,0.009051917676601441,,,,,,,,,,,,,,
698.1935311824853,0.08619282353782945,0.2163680739049271,0.009168518641125714,0.00902286087097246,,,,,,,,,,,,,,
699.1258366030611,0.08598023558245066,0.21555686046431655,0.009146819766299219,0.008993897338170706,,,,,,,,,,,,,,
700.0593869412112,0.08576817195887715,0.21474868844859998,0.009125172245588594,0.00896502677878884,,,,,,,,,,,,,,
700.9941838592882,0.08555663137388486,0.21394354645477848,0.0091035759574555,0.008936248894380628,,,,,,,,,,,,,,
701.9302290218634,0.0853456125374396,0.21314142312260706,0.009082030780649246,0.008907563387457889,,,,,,,,,,,,,,
702.8675240957302,0.08513511416268892,0.21234230713443275,0.009060536594206105,0.008878969961487381,,,,,,,,,,,,,,
703.8060707499105,0.08492513496595384,0.21154618721503318,0.009039093277448602,0.008850468320887678,,,,,,,,,,,,,,
704.7458706556515,0.08471567366672213,0.21075305213146187,0.009017700709984915,0.008822058171026284,,,,,,,,,,,,,,
705.6869254864351,0.08450672898763924,0.2099628906928848,0.008996358771708068,0.008793739218216341,,,,,,,,,,,,,,
706.6292369179757,0.08429829965450152,0.20917569175042677,0.008975067342795434,0.008765511169713849,,,,,,,,,,,,,,
707.5728066282253,0.08409038439624811,0.20839144419701225,0.008953826303707918,0.008737373733714486,,,,,,,,,,,,,,
708.5176362973777,0.0838829819449527,0.20761013696720745,0.008932635535189344,0.008709326619350597,,,,,,,,,,,,,,
709.4637276078706,0.08367609103581637,0.20683175903706547,0.008911494918265742,0.00868136953668822,,,,,,,,,,,,,,
710.4110822443866,0.08346971040715996,0.2060562994239719,0.008890404334244754,0.008653502196724117,,,,,,,,,,,,,,
711.3597018938581,0.08326383880041616,0.20528374718648865,0.008869363664714958,0.008625724311382763,,,,,,,,,,,,,,
712.3095882454711,0.08305847496012145,0.20451409142419835,0.008848372791545095,0.008598035593513315,,,,,,,,,,,,,,
713.2607429906678,0.08285361763390892,0.20374732127755193,0.008827431596883524,0.008570435756886699,,,,,,,,,,,,,,
714.2131678231472,0.08264926557250078,0.2029834259277163,0.008806539963157526,0.00854292451619266,,,,,,,,,,,,,,
715.1668644388697,0.0824454175297005,0.20222239459642066,0.00878569777307264,0.008515501587036822,,,,,,,,,,,,,,
716.1218345360629,0.08224207226238466,0.20146421654580274,0.008764904909611975,0.008488166685937642,,,,,,,,,,,,,,
717.0780798152191,0.08203922853049668,0.20070888107826132,0.008744161256035618,0.008460919530323636,,,,,,,,,,,,,,
718.0356019791041,0.08183688509703772,0.19995637753630044,0.008723466695879903,0.008433759838530308,,,,,,,,,,,,,,
718.994402732755,0.08163504072806045,0.19920669530238344,0.008702821112956826,0.008406687329797364,,,,,,,,,,,,,,
719.9544837834862,0.0814336941926609,0.19845982379878116,0.008682224391353353,0.008379701724265753,,,,,,,,,,,,,,
720.915846840893,0.08123284426297087,0.19771575248742163,0.00866167641543078,0.00835280274297474,,,,,,,,,,,,,,
721.8784936168533,0.0810324897141504,0.1969744708697426,0.008641177069824047,0.008325990107859066,,,,,,,,,,,,,,
722.8424258255302,0.08083262932438097,0.19623596848654434,0.008620726239441169,0.008299263541746083,,,,,,,,,,,,,,
723.8076451833749,0.08063326187485749,0.19550023491784113,0.008600323809462563,0.008272622768352904,,,,,,,,,,,,,,
724.7741534091325,0.08043438614978073,0.19476725978271303,0.00857996966534032,0.008246067512283458,,,,,,,,,,,,,,
725.7419522238432,0.08023600093635007,0.19403703273916054,0.008559663692797667,0.00821959749902568,,,,,,,,,,,,,,
726.7110433508436,0.08003810502475649,0.1933095434839598,0.008539405777828291,0.008193212454948773,,,,,,,,,,,,,,
727.6814285157725,0.07984069720817472,0.19258478175251553,0.008519195806695678,0.008166912107300254,,,,,,,,,,,,,,
728.653109446572,0.07964377628275618,0.19186273731871734,0.008499033665932533,0.008140696184203199,,,,,,,,,,,,,,
729.6260878734931,0.07944734104762124,0.19114339999479374,0.008478919242340035,0.008114564414653386,,,,,,,,,,,,,,
730.6003655290973,0.07925139030485208,0.19042675963116956,0.0084588524229873,0.008088516528516516,,,,,,,,,,,,,,
731.5759441482579,0.07905592285948577,0.1897128061163238,0.008438833095210723,0.008062552256525453,,,,,,,,,,,,,,
732.5528254681652,0.07886093751950664,0.18900152937664585,0.008418861146613337,0.00803667133027744,,,,,,,,,,,,,,
733.5310112283303,0.07866643309583883,0.18829291937629222,0.008398936465064174,0.008010873482231241,,,,,,,,,,,,,,
734.5105031705872,0.07847240840233914,0.18758696611704623,0.008379058938697606,0.007985158445704413,,,,,,,,,,,,,,
735.4913030390943,0.07827886225579024,0.1868836596381778,0.008359228455912825,0.007959525954870652,,,,,,,,,,,,,,
736.4734125803391,0.07808579347589308,0.18618299001630192,0.008339444905373122,0.00793397574475692,,,,,,,,,,,,,,
737.4568335431425,0.07789320088525953,0.18548494736523757,0.008319708176005245,0.00790850755124073,,,,,,,,,,,,,,
738.4415676786607,0.07770108330940528,0.18478952183586927,0.00830001815699885,0.007883121111047428,,,,,,,,,,,,,,
739.427616740387,0.07750943957674317,0.18409670361600922,0.008280374737805846,0.007857816161747511,,,,,,,,,,,,,,
740.4149824841564,0.07731826851857546,0.18340648293025713,0.008260777808139759,0.007832592441753852,,,,,,,,,,,,,,
741.4036666681482,0.07712756896908708,0.18271885003986357,0.008241227257975168,0.007807449690319067,,,,,,,,,,,,,,
742.3936710528906,0.07693733976533813,0.1820337952425908,0.008221722977546982,0.007782387647532724,,,,,,,,,,,,,,
743.3849974012629,0.0767475797472569,0.18135130887257703,0.008202264857349916,0.0077574060543186855,,,,,,,,,,,,,,
744.3776474784967,0.07655828775763325,0.18067138130020097,0.00818285278813786,0.007732504652432533,,,,,,,,,,,,,,
745.3716230521808,0.07636946264211127,0.17999400293194506,0.008163486660923256,0.007707683184458782,,,,,,,,,,,,,,
746.3669258922658,0.07618110324918179,0.17931916421025898,0.00814416636697647,0.0076829413938082364,,,,,,,,,,,,,,
747.3635577710658,0.07599320843017578,0.1786468556134258,0.008124891797825166,0.007658279024715353,,,,,,,,,,,,,,
748.3615204632597,0.07580577703925757,0.17797706765542873,0.00810566284525379,0.007633695822235631,,,,,,,,,,,,,,
749.3608157458966,0.07561880793341777,0.1773097908858164,0.008086479401302879,0.007609191532242949,,,,,,,,,,,,,,
750.3614453983996,0.07543229997246564,0.176645015889568,0.008067341358268433,0.0075847659014268995,,,,,,,,,,,,,,
751.3634112025682,0.07524625201902274,0.17598273328696204,0.008048248608701385,0.0075604186772902085,,,,,,,,,,,,,,
752.3667149425793,0.07506066293851608,0.17532293373344474,0.00802920104540697,0.007536149608146145,,,,,,,,,,,,,,
753.3713584049934,0.07487553159917104,0.1746656079194966,0.0080101985614441,0.0075119584431159025,,,,,,,,,,,,,,
754.3773433787555,0.07469085687200444,0.17401074657050217,0.007991241050124822,0.007487844932125995,,,,,,,,,,,,,,
755.3846716552013,0.07450663763081738,0.1733583404466177,0.007972328405013617,0.007463808825905651,,,,,,,,,,,,,,
756.3933450280579,0.07432287275218862,0.17270838034264163,0.007953460519926892,0.0074398498759842635,,,,,,,,,,,,,,
757.4033652934467,0.07413956111546813,0.172060857087886,0.007934637288932369,0.00741596783468885,,,,,,,,,,,,,,
758.4147342498869,0.07395670160276983,0.17141576154604557,0.00791585860634847,0.007392162455141463,,,,,,,,,,,,,,
759.4274536983014,0.07377429309896451,0.1707730846150685,0.007897124366743728,0.007368433491256606,,,,,,,,,,,,,,
760.4415254420176,0.0735923344916733,0.17013281722702842,0.007878434464936164,0.007344780697738724,,,,,,,,,,,,,,
761.4569512867691,0.07341082467126135,0.16949495034799777,0.007859788795992795,0.007321203830079684,,,,,,,,,,,,,,
762.4737330407012,0.07322976253083054,0.16885947497791928,0.007841187255228955,0.007297702644556252,,,,,,,,,,,,,,
763.4918725143748,0.07304914696621251,0.16822638215047783,0.0078226297382077,0.007274276898227496,,,,,,,,,,,,,,
764.5113715207688,0.07286897687596237,0.16759566293297526,0.007804116140739276,0.007250926348932339,,,,,,,,,,,,,,
765.5322318752811,0.07268925116135205,0.166967308426205,0.007785646358880518,0.007227650755287071,,,,,,,,,,,,,,
766.5544553957349,0.07250996872636327,0.16634130976432512,0.0077672202889342715,0.0072044498766828165,,,,,,,,,,,,,,
767.5780439023794,0.07233112847768118,0.16571765811473438,0.0077488378274487915,0.00718132347328307,,,,,,,,,,,,,,
768.6029992178965,0.07215272932468714,0.1650963446779459,0.00773049887121714,0.007158271306021177,,,,,,,,,,,,,,
769.6293231674016,0.07197477017945256,0.16447736068746416,0.007712203317276656,0.007135293136597893,,,,,,,,,,,,,,
770.657017578446,0.07179724995673233,0.16386069740966214,0.007693951062908369,0.0071123887274789355,,,,,,,,,,,,,,
771.686084281021,0.07162016757395805,0.16324634614365724,0.007675742005636408,0.007089557841892537,,,,,,,,,,,,,,
772.7165251075631,0.07144352195123106,0.16263429822118747,0.007657576043227423,0.0070668002438269185,,,,,,,,,,,,,,
773.7483418929561,0.0712673120113163,0.16202454500649016,0.007639453073689983,0.00704411569802791,,,,,,,,,,,,,,
774.7815364745317,0.0710915366796358,0.16141707789618107,0.007621372995274101,0.007021503969996541,,,,,,,,,,,,,,
775.8161106920754,0.070916194884262,0.16081188831913193,0.0076033357064705775,0.0069989648259865846,,,,,,,,,,,,,,
776.852066387831,0.07074128555591083,0.16020896773634874,0.007585341106010416,0.006976498033002118,,,,,,,,,,,,,,
777.8894054065022,0.07056680762793566,0.15960830764085204,0.0075673890928643186,0.006954103358795135,,,,,,,,,,,,,,
778.9281295952543,0.07039276003632079,0.15900989955755807,0.007549479566242088,0.006931780571863181,,,,,,,,,,,,,,
779.96824080372,0.0702191417196748,0.15841373504315748,0.007531612425592081,0.006909529441446906,,,,,,,,,,,,,,
781.0097408840011,0.07004595161922418,0.15781980568599738,0.007513787570600617,0.006887349737527736,,,,,,,,,,,,,,
782.0526316906739,0.06987318867880653,0.1572281031059611,0.007496004901191398,0.006865241230825411,,,,,,,,,,,,,,
783.0969150807913,0.06970085184486446,0.15663861895435105,0.0074782643175249925,0.006843203692795673,,,,,,,,,,,,,,
784.1425929138845,0.06952894006643932,0.1560513449137716,0.007460565719998268,0.00682123689562792,,,,,,,,,,,,,,
785.1896670519674,0.0693574522951646,0.15546627269801103,0.007442909009243817,0.00679934061224283,,,,,,,,,,,,,,
786.2381393595421,0.06918638748525913,0.15488339405192358,0.007425294086129395,0.0067775146162899775,,,,,,,,,,,,,,
787.2880117036003,0.06901574459352125,0.154302700751314,0.007407720851757342,0.006755758682145528,,,,,,,,,,,,,,
788.3392859536253,0.06884552257932242,0.1537241846028222,0.007390189207464115,0.00673407258490993,,,,,,,,,,,,,,
789.3919639815965,0.06867572040460078,0.15314783744380694,0.007372699054819646,0.0067124561004055635,,,,,,,,,,,,,,
790.4460476619946,0.06850633703385442,0.15257365114222973,0.007355250295626819,0.006690909005174394,,,,,,,,,,,,,,
791.5015388718035,0.06833737143413558,0.15200161759654093,0.007337842831920895,0.006669431076475687,,,,,,,,,,,,,,
792.5584394905117,0.06816882257504432,0.15143172873556632,0.007320476565969016,0.006648022092283753,,,,,,,,,,,,,,
793.6167514001181,0.06800068942872199,0.15086397651839192,0.007303151400269633,0.006626681831285578,,,,,,,,,,,,,,
794.6764764851342,0.06783297096984521,0.15029835293425145,0.007285867237551943,0.006605410072878586,,,,,,,,,,,,,,
795.7376166325894,0.06766566617561928,0.149734850002412,0.007268623980775322,0.006584206597168311,,,,,,,,,,,,,,
796.8001737320324,0.06749877402577206,0.1491734597720621,0.007251421533128831,0.006563071184966152,,,,,,,,,,,,,,
797.8641496755341,0.06733229350254813,0.1486141743222007,0.007234259798030653,0.006542003617787135,,,,,,,,,,,,,,
798.9295463576915,0.06716622359070226,0.14805698576152432,0.007217138679127573,0.006521003677847625,,,,,,,,,,,,,,
799.9963656756332,0.06700056327749307,0.14750188622831495,0.007200058080294359,0.006500071148063051,,,,,,,,,,,,,,
801.0646095290211,0.06682569069527014,0.14691332524628806,0.0071812808445976305,0.006473559468141339,,,,,,,,,,,,,,
802.134279820052,0.06665124175628777,0.14632699182012404,0.007162546660907196,0.006447136719681117,,,,,,,,,,,,,,
803.2053784534629,0.06647724821749658,0.14574299846002362,0.007143861350063568,0.006420821819405454,,,,,,,,,,,,,,
804.2779073365357,0.06630370889007109,0.14516133582674537,0.007125224784569584,0.006394614327116727,,,,,,,,,,,,,,
805.3518683790991,0.06613062258828914,0.1445819946183209,0.0071066368372606804,0.006368513804414015,,,,,,,,,,,,,,
806.4272634935305,0.06595798812952416,0.14400496556990697,0.007088097381304065,0.0063425198146858566,,,,,,,,,,,,,,
807.5040945947616,0.06578580433423686,0.14343023945363612,0.007069606290197805,0.006316631923102839,,,,,,,,,,,,,,
808.5823636002805,0.06561407002596711,0.14285780707846982,0.0070511634377700035,0.0062908496966104024,,,,,,,,,,,,,,
809.6620724301371,0.0654427840313257,0.14228765929005024,0.007032768698177861,0.006265172703921525,,,,,,,,,,,,,,
810.7432230069454,0.06527194517998666,0.14171978697055482,0.007014421945906897,0.006239600515509523,,,,,,,,,,,,,,
811.8258172558851,0.06510155230467936,0.14115418103855115,0.006996123055770084,0.00621413270360095,,,,,,,,,,,,,,
812.9098571047062,0.06493160424118026,0.14059083244885107,0.00697787190290698,0.006188768842168354,,,,,,,,,,,,,,
813.9953444837352,0.06476209982830496,0.14002973219236492,0.006959668362782842,0.0061635085069231595,,,,,,,,,,,,,,
815.0822813258753,0.06459303790790015,0.13947087129595853,0.006941512311187817,0.00613835127530856,,,,,,,,,,,,,,
816.17066956661,0.06442441732483628,0.13891424082231058,0.006923403624236089,0.006113296726492539,,,,,,,,,,,,,,
817.2605111440064,0.06425623692699924,0.13835983186976858,0.006905342178365053,0.006088344441360738,,,,,,,,,,,,,,
818.3518079987226,0.06408849556528202,0.13780763557220546,0.006887327850334396,0.006063494002509443,,,,,,,,,,,,,,
819.4445620740046,0.0639211920935781,0.13725764309888083,0.006869360517225369,0.006038744994238681,,,,,,,,,,,,,,
820.5387753156965,0.06375432536877215,0.13670984565429609,0.006851440056439828,0.006014097002545165,,,,,,,,,,,,,,
821.6344496722384,0.0635878942507335,0.13616423447805687,0.0068335663456995065,0.005989549615115471,,,,,,,,,,,,,,
822.7315870946717,0.06342189760230768,0.1356208008447318,0.006815739263045112,0.005965102421319076,,,,,,,,,,,,,,
823.8301895366453,0.06325633428930853,0.13507953606371184,0.006797958686835507,0.00594075501220149,,,,,,,,,,,,,,
824.9302589544166,0.0630912031805108,0.13454043147907252,0.006780224495746877,0.005916506980477404,,,,,,,,,,,,,,
826.0317973068534,0.06292650314764245,0.13400347846943597,0.00676253656877194,0.005892357920523964,,,,,,,,,,,,,,
827.1348065554392,0.0627622330653768,0.13346866844783234,0.0067448947852190915,0.005868307428373897,,,,,,,,,,,,,,
828.2392886642788,0.06259839181132469,0.1329359928615619,0.006727299024711561,0.005844355101708768,,,,,,,,,,,,,,
829.345245600099,0.06243497826602686,0.1324054431920587,0.006709749167186592,0.005820500539852237,,,,,,,,,,,,,,
830.4526793322518,0.06227199131294675,0.13187701095475535,0.006692245092894688,0.005796743343763443,,,,,,,,,,,,,,
831.5615918327184,0.06210942983846245,0.13135068769894664,0.006674786682398743,0.00577308311603024,,,,,,,,,,,,,,
832.6719850761158,0.0619472927318588,0.13082646500765285,0.006657373816573192,0.005749519460862543,,,,,,,,,,,,,,
833.7838610396947,0.061785578885320734,0.13030433449748838,0.006640006376603294,0.00572605198408581,,,,,,,,,,,,,,
834.897221703349,0.061624287193924585,0.12978428781852405,0.006622684243984219,0.0057026802931342884,,,,,,,,,,,,,,
836.0120690496141,0.06146341655563146,0.12926631665415672,0.0066054073005203055,0.0056794039970446165,,,,,,,,,,,,,,
837.1284050636726,0.061302965871279425,0.12875041272097493,0.006588175428324257,0.005656222706449181,,,,,,,,,,,,,,
838.2462317333598,0.06114293404457557,0.12823656776862558,0.006570988509816281,0.005633136033569615,,,,,,,,,,,,,,
839.365551049165,0.06098331998208896,0.1277247735796829,0.006553846427723322,0.005610143592210303,,,,,,,,,,,,,,
840.4863650042341,0.060824122593243254,0.12721502196951784,0.006536749065078289,0.005587244997751996,,,,,,,,,,,,,,
841.6086755943743,0.060665340790309046,0.12670730478616624,0.006519696305219234,0.005564439867145303,,,,,,,,,,,,,,
842.7324848180596,0.0605069734883963,0.12620161391019782,0.006502688031788504,0.005541727818904287,,,,,,,,,,,,,,
843.8577946764324,0.06034901960544702,0.12569794125458714,0.0064857241287320155,0.005519108473100084,,,,,,,,,,,,,,
844.9846071733057,0.06019147806222817,0.12519627876458483,0.006468804480298463,0.00549658145135461,,,,,,,,,,,,,,
846.1129243151692,0.060034347782324006,0.12469661841758797,0.006451928971038491,0.005474146376834167,,,,,,,,,,,,,,
847.2427481111906,0.05987762769212881,0.12419895222301218,0.006435097485803938,0.00545180287424316,,,,,,,,,,,,,,
848.3740805732227,0.05972131672083937,0.12370327222216292,0.0064183099097470135,0.005429550569817802,,,,,,,,,,,,,,
849.5069237158045,0.059565413800447733,0.12320957048810899,0.006401566128319521,0.0054073890913198565,,,,,,,,,,,,,,
850.6412795561632,0.05940991786573424,0.1227178391255564,0.006384866027272133,0.005385318068030482,,,,,,,,,,,,,,
851.7771501142197,0.05925482785426006,0.12222807027072136,0.006368209492653566,0.00536333713074396,,,,,,,,,,,,,,
852.9145374125941,0.05910014270635956,0.12174025609120394,0.006351596410809783,0.005341445911761522,,,,,,,,,,,,,,
854.0534434766068,0.05894586136513336,0.12125438878586334,0.006335026668383237,0.005319644044885197,,,,,,,,,,,,,,
855.1938703342815,0.058791982776441466,0.12077046058469398,0.0063185001523121415,0.005297931165411753,,,,,,,,,,,,,,
856.3358200163497,0.058638505888895576,0.12028846374870061,0.0063020167498296364,0.005276306910126528,,,,,,,,,,,,,,
857.4792945562559,0.05848542965385196,0.11980839056977355,0.006285576348463036,0.005254770917297358,,,,,,,,,,,,,,
858.6242959901606,0.058332753025404256,0.11933023337056642,0.006269178836033065,0.005233322826668518,,,,,,,,,,,,,,
859.7708263569409,0.05818047496037672,0.1188539845043739,0.0062528241006531175,0.005211962279454771,,,,,,,,,,,,,,
860.9188876981975,0.058028594418316766,0.11837963635500846,0.006236512030728463,0.00519068891833529,,,,,,,,,,,,,,
862.0684820582566,0.05787711036148797,0.11790718133667934,0.0062202425149555105,0.005169502387447709,,,,,,,,,,,,,,
863.2196114841756,0.05772602175486267,0.11743661189386992,0.006204015442320989,0.005148402332382151,,,,,,,,,,,,,,
864.3722780257456,0.057575327566115254,0.11696792050121783,0.006187830702101253,0.005127388400175292,,,,,,,,,,,,,,
865.5264837354928,0.057425026765615124,0.11650109966339535,0.006171688183861525,0.005106460239304532,,,,,,,,,,,,,,
866.6822306686846,0.05727511832641964,0.1160361419149886,0.006155587777455127,0.005085617499682038,,,,,,,,,,,,,,
867.8395208833341,0.057125601224266694,0.11557303982037762,0.006139529373022699,0.005064859832648898,,,,,,,,,,,,,,
868.9983564402029,0.05697647443756801,0.11511178597361817,0.006123512860991485,0.0050441868909692844,,,,,,,,,,,,,,
870.1587394028023,0.05682773694740252,0.11465237299832387,0.006107538132074581,0.005023598328824704,,,,,,,,,,,,,,
871.3206718373991,0.05667938773750894,0.11419479354754775,0.006091605077270207,0.005003093801808172,,,,,,,,,,,,,,
872.4841558130211,0.05653142579427873,0.11373904030366379,0.006075713587860908,0.004982672966918404,,,,,,,,,,,,,,
873.6491934014587,0.056383850106749456,0.11328510597825076,0.006059863555412849,0.004962335482554143,,,,,,,,,,,,,,
874.8157866772672,0.056236659666597945,0.11283298331197641,0.006044054871775093,0.004942081008508438,,,,,,,,,,,,,,
875.9839377177727,0.05608985346813324,0.11238266507448019,0.006028287429078839,0.004921909205962944,,,,,,,,,,,,,,
877.1536486030748,0.05594343050828978,0.11193414406425833,0.00601256111973668,0.004901819737482246,,,,,,,,,,,,,,
878.3249214160518,0.055797389786620286,0.11148741310854782,0.005996875836441875,0.004881812267008211,,,,,,,,,,,,,,
879.4977582423637,0.05565173030528924,0.11104246506321216,0.0059812314721676115,0.004861886459854353,,,,,,,,,,,,,,
880.6721611704537,0.055506451069066126,0.1105992928126279,0.005965627920166308,0.004842041982700307,,,,,,,,,,,,,,
881.8481322915537,0.05536155108531848,0.11015788926957022,0.005950065073968862,0.004822278503586181,,,,,,,,,,,,,,
883.0256736996896,0.05521702936400497,0.10971824737509878,0.005934542827383903,0.004802595691907016,,,,,,,,,,,,,,
884.2047874916839,0.05507288491766866,0.10928036009844565,0.005919061074497071,0.004782993218407244,,,,,,,,,,,,,,
885.3854757671568,0.054929116761430724,0.10884422043690342,0.005903619709670349,0.004763470755175243,,,,,,,,,,,,,,
886.5677406285323,0.054785723912983274,0.10840982141571259,0.005888218627541303,0.0047440279756378115,,,,,,,,,,,,,,
887.7515841810438,0.05464270539258252,0.10797715608794947,0.005872857723022335,0.004724664554554656,,,,,,,,,,,,,,
888.9370085327355,0.05450006022304241,0.10754621753441555,0.005857536891299997,0.004705380168013016,,,,,,,,,,,,,,
890.1240157944649,0.05435778742972793,0.10711699886352762,0.005842256027834301,0.00468617449342224,,,,,,,,,,,,,,
891.3126080799091,0.0542158860405483,0.10668949321120663,0.00582701502835795,0.004667047209508378,,,,,,,,,,,,,,
892.5027875055664,0.05407435508595054,0.10626369374076845,0.005811813788875684,0.004647997996308802,,,,,,,,,,,,,,
893.6945561907634,0.05393319359891241,0.10583959364281359,0.00579665220566351,0.0046290265351668445,,,,,,,,,,,,,,
894.8879162576566,0.05379240061493616,0.10541718613511908,0.005781530175268027,0.004610132508726464,,,,,,,,,,,,,,
896.0828698312345,0.05365197517204202,0.10499646446253043,0.00576644759450574,0.004591315600926993,,,,,,,,,,,,,,
897.2794190393226,0.053511916310761465,0.1045774218968532,0.005751404360462342,0.004572575496997813,,,,,,,,,,,,,,
898.4775660125905,0.053372223074130545,0.10416005173674457,0.005736400370491962,0.0045539118834530415,,,,,,,,,,,,,,
899.677312884552,0.05323289450768337,0.10374434730760686,0.005721435522216523,0.004535324448086352,,,,,,,,,,,,,,
900.8786617915682,0.053093929659445996,0.10333030196148156,0.0057065097135250474,0.004516812879965743,,,,,,,,,,,,,,
902.0816148728534,0.05295532757992954,0.10291790907694216,0.005691622842572936,0.004498376869428343,,,,,,,,,,,,,,
903.2861742704796,0.052817087322123556,0.10250716205898776,0.005676774807781258,0.0044800161080751685,,,,,,,,,,,,,,
904.4923421293796,0.05267920794148984,0.10209805433893827,0.005661965507836081,0.004461730288766026,,,,,,,,,,,,,,
905.7001205973481,0.05254168849595607,0.1016905793743299,0.005647194841687779,0.004443519105614372,,,,,,,,,,,,,,
906.9095118250491,0.05240452804590909,0.10128473064880958,0.005632462708550347,0.004425382253982181,,,,,,,,,,,,,,
908.1205179660172,0.05226772565418879,0.10088050167203151,0.005617769007900714,0.004407319430474851,,,,,,,,,,,,,,
909.3331411766648,0.05213128038608122,0.10047788597955225,0.005603113639478021,0.004389330332936116,,,,,,,,,,,,,,
910.5473836162832,0.0519951913093126,0.10007687713272814,0.005588496503282969,0.004371414660442985,,,,,,,,,,,,,,
911.7632474470457,0.051859457494043006,0.0996774687186128,0.005573917499577158,0.00435357211330077,,,,,,,,,,,,,,
912.9807348340128,0.051724078012859845,0.09927965434985411,0.005559376528882365,0.004335802393038028,,,,,,,,,,,,,,
914.1998479451374,0.05158905194077142,0.0988834276645912,0.0055448734919798775,0.004318105202401528,,,,,,,,,,,,,,
915.4205889512679,0.05145437835520067,0.09848878232635365,0.0055304082899098085,0.004300480245351339,,,,,,,,,,,,,,
916.642960026149,0.05132005633597911,0.09809571202396057,0.005515980823970462,0.004282927227055868,,,,,,,,,,,,,,
917.8669633464285,0.05118608496534045,0.097704210471419,0.005501590995717626,0.0042654458538869365,,,,,,,,,,,,,,
919.0926010916622,0.05105246332791394,0.09731427140782296,0.00548723870696389,0.004248035833414806,,,,,,,,,,,,,,
920.3198754443167,0.05091919051071848,0.0969258885972539,0.005472923859777974,0.004230696874403349,,,,,,,,,,,,,,
921.5487885897705,0.050786265603156466,0.09653905582868134,0.005458646356484113,0.004213428686805169,,,,,,,,,,,,,,
922.7793427163217,0.05065368769700732,0.09615376691586297,0.005444406099661339,0.004196230981756743,,,,,,,,,,,,,,
924.0115400151891,0.05052145588642155,0.09577001569724618,0.005430202992142842,0.004179103471573581,,,,,,,,,,,,,,
925.2453826805197,0.050389569267914096,0.09538779603586847,0.005416036937015275,0.004162045869745405,,,,,,,,,,,,,,
926.48087290939,0.05025802694035847,0.09500710181926023,0.005401907837618117,0.004145057890931368,,,,,,,,,,,,,,
927.7180129018086,0.050126828004980854,0.09462792695934734,0.005387815597543018,0.004128139250955298,,,,,,,,,,,,,,
928.956804860722,0.04999597156535359,0.0942502653923532,0.00537376012063315,0.004111289666800941,,,,,,,,,,,,,,
930.1972509920197,0.04986545672738905,0.09387411107870136,0.005359741310982506,0.004094508856607174,,,,,,,,,,,,,,
931.439353504537,0.049735282599333526,0.09349945800291938,0.005345759072935273,0.004077796539663349,,,,,,,,,,,,,,
932.6831146100573,0.049605448291761486,0.0931263001735433,0.005331813311085204,0.004061152436404581,,,,,,,,,,,,,,
933.9285365233164,0.04947595291756929,0.09275463162302103,0.005317903930274949,0.00404457626840709,,,,,,,,,,,,,,
935.1756214620101,0.04934679559196882,0.09238444640761667,0.005304030835595361,0.004028067758383479,,,,,,,,,,,,,,
936.4243716467954,0.049217975432481714,0.09201573860731582,0.005290193932384902,0.004011626630178156,,,,,,,,,,,,,,
937.6747893012925,0.04908949155893359,0.09164850232573145,0.005276393126229004,0.003995252608762703,,,,,,,,,,,,,,
938.9268766520918,0.04896134309344758,0.09128273169000889,0.005262628322959386,0.003978945420231272,,,,,,,,,,,,,,
940.1806359287561,0.0488335291604387,0.09091842085073243,0.005248899428653444,0.003962704791796012,,,,,,,,,,,,,,
941.4360693638271,0.048706048886607435,0.0905555639818308,0.0052352063496335765,0.003946530451782455,,,,,,,,,,,,,,
942.6931791928276,0.048578901400934,0.0901941552804848,0.0052215489924665485,0.003930422129625032,,,,,,,,,,,,,,
943.9519676542639,0.04845208583467271,0.08983418896703489,0.0052079272639629064,0.00391437955586253,,,,,,,,,,,,,,
945.2124369896311,0.04832560132134567,0.08947565928488817,0.0051943410711763,0.003898402462133598,,,,,,,,,,,,,,
946.4745894434193,0.04819944699673671,0.08911856050042592,0.005180790321402831,0.0038824905811721965,,,,,,,,,,,,,,
947.738427263116,0.0480736219988858,0.08876288690291242,0.005167274922180443,0.0038666436468031903,,,,,,,,,,,,,,
949.0039526992076,0.04794812546808316,0.08840863280440402,0.005153794781288316,0.003850861393937881,,,,,,,,,,,,,,
950.2711680051856,0.04782295654686337,0.08805579253965781,0.005140349806746197,0.003835143558569584,,,,,,,,,,,,,,
951.5400754375537,0.047698114379999074,0.08770436046604019,0.0051269399068137695,0.003819489877769144,,,,,,,,,,,,,,
952.8106772558248,0.04757359811449589,0.08735433096343835,0.005113564989990082,0.0038039000896806464,,,,,,,,,,,,,,
954.0829757225325,0.04744940689958586,0.08700569843416847,0.005100224965012845,0.003788373933516933,,,,,,,,,,,,,,
955.3569731032292,0.04732553988672217,0.086658457302888,0.00508691974085788,0.003772911149555307,,,,,,,,,,,,,,
956.6326716664921,0.04720199622957317,0.08631260201650554,0.005073649226738473,0.0037575114791331835,,,,,,,,,,,,,,
957.91007368393,0.04707877508401641,0.08596812704409175,0.005060413332104716,0.003742174664643706,,,,,,,,,,,,,,
959.1891814301846,0.04695587560813296,0.08562502687679129,0.005047211966642936,0.0037269004495314923,,,,,,,,,,,,,,
960.4699971829332,0.04683329696220201,0.0852832960277353,0.005034045040275083,0.0037116885782883355,,,,,,,,,,,,,,
961.7525232228944,0.04671103830869475,0.084942929031953,0.005020912463158099,0.003696538796448936,,,,,,,,,,,,,,
963.0367618338345,0.04658909881226858,0.08460392044628398,0.0050078141456832825,0.003681450850586593,,,,,,,,,,,,,,
964.322715302569,0.04646747763976164,0.08426626484929158,0.004994749998475703,0.0036664244883090175,,,,,,,,,,,,,,
965.6103859189652,0.046346173960187136,0.08392995684117656,0.004981719932393595,0.0036514594582541028,,,,,,,,,,,,,,
966.8997759759482,0.04622518694472761,0.0835949910436905,0.004968723858527756,0.0036365555100857233,,,,,,,,,,,,,,
968.1908877695075,0.04610451576672899,0.0832613621000489,0.00495576168820089,0.0036217123944895023,,,,,,,,,,,,,,
969.483723598695,0.045984159601695496,0.08292906467484715,0.004942833332967076,0.003606929863168709,,,,,,,,,,,,,,
970.7782857656358,0.0458641176272834,0.08259809345397341,0.00492993870461109,0.0035922076688400402,,,,,,,,,,,,,,
972.074576575527,0.045744389023295945,0.08226844314452536,0.004917077715147874,0.0035775455652295334,,,,,,,,,,,,,,
973.3725983366429,0.045624972971677474,0.08194010847472458,0.004904250276821884,0.0035629433070684426,,,,,,,,,,,,,,
974.6723533603428,0.04550586865650777,0.08161308419383201,0.004891456302106505,0.0035484006500890843,,,,,,,,,,,,,,
975.9738439610719,0.04538707526399652,0.08128736507206441,0.004878695703703455,0.0035339173510208033,,,,,,,,,,,,,,
977.2770724563642,0.04526859198247797,0.08096294590051104,0.004865968394542205,0.0035194931675858942,,,,,,,,,,,,,,
978.5820411668482,0.04515041800240533,0.08063982149105013,0.004853274287779378,0.003505127858495558,,,,,,,,,,,,,,
979.8887524162532,0.045032552516344845,0.0803179866762653,0.004840613296798131,0.0034908211834458126,,,,,,,,,,,,,,
981.1972085314114,0.04491499471897067,0.07999743630936328,0.004827985335207569,0.0034765729031135226,,,,,,,,,,,,,,
982.50741184226,0.04479774380705936,0.07967816526409235,0.004815390316842206,0.003462382779152405,,,,,,,,,,,,,,
983.8193646818484,0.04468079897948423,0.07936016843465951,0.0048028281557613225,0.003448250574188999,,,,,,,,,,,,,,
985.1330693863404,0.04456415943721009,0.07904344073564917,0.004790298766248409,0.0034341760518187413,,,,,,,,,,,,,,
986.4485282950212,0.04444782438328736,0.07872797710194135,0.004777802062810548,0.0034201589766019542,,,,,,,,,,,,,,
987.7657437502999,0.04433179302284699,0.078413772488631,0.004765337960177859,0.003406199114059953,,,,,,,,,,,,,,
989.0847180977111,0.04421606456309507,0.07810082187094791,0.0047529063733029115,0.0033922962306711176,,,,,,,,,,,,,,
990.4054536859217,0.044100638213307265,0.07778912024417568,0.00474050721736016,0.0033784500938669935,,,,,,,,,,,,,,
991.7279528667367,0.04398551318482334,0.07747866262357143,0.0047281404077453215,0.0033646604720283533,,,,,,,,,,,,,,
993.0522179951016,0.04387068869104178,0.07716944404428651,0.0047158058600748265,0.0033509271344813693,,,,,,,,,,,,,,
994.3782514291042,0.04375616394741468,0.07686145956128737,0.004703503490185259,0.0033372498514937492,,,,,,,,,,,,,,
995.7060555299814,0.043641938171442275,0.07655470424927634,0.00469123321413277,0.003323628394270895,,,,,,,,,,,,,,
997.0356326621248,0.04352801058266724,0.07624917320261215,0.004678994948192465,0.003310062534952046,,,,,,,,,,,,,,
998.3669851930836,0.043414380402669754,0.07594486153523197,0.004666788608857884,0.003296552046606478,,,,,,,,,,,,,,
999.7001154935658,0.04330104685506216,0.07564176438057389,0.004654614112840425,0.0032830967032297493,,,,,,,,,,,,,,
1001.0350259374468,0.043188009165483474,0.07533987689149828,0.004642471377068759,0.003269696279739865,,,,,,,,,,,,,,
1002.3717189017701,0.043075266561594355,0.07503919424021065,0.004630360318688277,0.0032563505519735557,,,,,,,,,,,,,,
1003.7101967667559,0.042962818273071406,0.07473971161818395,0.004618280855060504,0.0032430592966824746,,,,,,,,,,,,,,
1005.0504619158022,0.04285066353160217,0.07444142423608206,0.0046062329037625345,0.0032298222915295074,,,,,,,,,,,,,,
1006.3925167354882,0.04273880157088011,0.07414432732368353,0.004594216382586515,0.0032166393150850465,,,,,,,,,,,,,,
1007.7363636155793,0.04262723162659906,0.07384841612980501,0.00458223120953905,0.0032035101468232937,,,,,,,,,,,,,,
1009.0820049490344,0.04251595293644799,0.0735536859222248,0.004570277302840624,0.003190434567118525,,,,,,,,,,,,,,
1010.4294431320076,0.04240496474010581,0.0732601319876074,0.004558354580925065,0.003177412357241461,,,,,,,,,,,,,,
1011.7786805638506,0.042294266279236464,0.07296774963142892,0.004546462962439007,0.003164443299355615,,,,,,,,,,,,,,
1013.1297196471189,0.04218385679748355,0.07267653417790133,0.004534602366241306,0.0031515271765136204,,,,,,,,,,,,,,
1014.4825627875784,0.042073735540464945,0.07238648096989735,0.004522772711402487,0.0031386637726536076,,,,,,,,,,,,,,
1015.8372123942073,0.04196390175576783,0.07209758536887621,0.004510973917204197,0.0031258528725955797,,,,,,,,,,,,,,
1017.1936708791985,0.041854354692943796,0.07180984275481027,0.004499205903138673,0.0031130942620378596,,,,,,,,,,,,,,
1018.551940657967,0.04174509360350334,0.07152324852611018,0.004487468588908172,0.0031003877275534507,,,,,,,,,,,,,,
1019.9120241491519,0.041636117740910986,0.07123779809955179,0.004475761894424438,0.0030877330565865116,,,,,,,,,,,,,,
1021.2739237746242,0.04152742636057999,0.07095348691020228,0.0044640857398081145,0.0030751300374487443,,,,,,,,,,,,,,
1022.637641959489,0.04141901871986725,0.07067031041134762,0.004452440045388245,0.003062578459315901,,,,,,,,,,,,,,
1024.0031811320862,0.04131089407806871,0.07038826407442028,0.004440824731701736,0.003050078112224258,,,,,,,,,,,,,,
1025.3705437240026,0.0412030516964135,0.07010734338892556,0.0044292397194927585,0.0030376287870670627,,,,,,,,,,,,,,
1026.7397321700691,0.041095490838059585,0.0698275438623709,0.004417684929712269,0.0030252302755910776,,,,,,,,,,,,,,
1028.1107489083672,0.040988210768088514,0.0695488610201932,0.004406160283517448,0.0030128823703930887,,,,,,,,,,,,,,
1029.4835963802377,0.040881210753500014,0.06927129040568689,0.004394665702271117,0.0030005848649164004,,,,,,,,,,,,,,
1030.858277030277,0.040774490063207734,0.06899482757993404,0.0043832011075412925,0.0029883375534474348,,,,,,,,,,,,,,
1032.2347933063497,0.040668047968033444,0.06871946812173158,0.004371766421100557,0.002976140231112239,,,,,,,,,,,,,,
1033.6131476595856,0.04056188374070274,0.06844520762752243,0.00436036156492561,0.0029639926938731065,,,,,,,,,,,,,,
1034.9933425443908,0.04045599665583954,0.06817204171132338,0.004348986461196654,0.0029518947385251144,,,,,,,,,,,,,,
1036.3753804184453,0.040350385989961615,0.06789996600465648,0.004337641032296947,0.002939846162692774,,,,,,,,,,,,,,
1037.7592637427144,0.04024505102147505,0.06762897615647769,0.004326325200812181,0.0029278467648265975,,,,,,,,,,,,,,
1039.1449949814462,0.04013999103067006,0.0673590678331089,0.004315038889530049,0.002915896344199773,,,,,,,,,,,,,,
1040.532576602183,0.04003520529971524,0.06709023671816684,0.004303782021439634,0.00290399470090476,,,,,,,,,,,,,,
1041.9220110757578,0.03992517398943767,0.06681923581307951,0.004291221160523607,0.0028926309165170426,,,,,,,,,,,,,,
1043.3133008763075,0.03981265322488426,0.06654769126157584,0.004278022679404931,0.0028815588722608055,,,,,,,,,,,,,,
1044.706448481269,0.039700449576605894,0.06627725023127465,0.0042648647927691135,0.0028705292081655904,,,,,,,,,,,,,,
1046.101456371388,0.03958856215087666,0.06600790823761161,0.0042517473757599745,0.002859541762014017,,,,,,,,,,,,,,
1047.4983270307252,0.03947699005648918,0.06573966081424659,0.004238670303905328,0.002848596372209606,,,,,,,,,,,,,,
1048.897062946655,0.039365732404748076,0.06547250351299086,0.004225633453115862,0.002837692877774439,,,,,,,,,,,,,,
1050.2976666098768,0.039254788309462246,0.06520643190373164,0.004212636699683888,0.002826831118346744,,,,,,,,,,,,,,
1051.7001405144117,0.03914415688693851,0.06494144157436042,0.004199679920282242,0.0028160109341785872,,,,,,,,,,,,,,
1053.1044871576155,0.039033837255973806,0.06467752813069817,0.0041867629919630405,0.002805232166133472,,,,,,,,,,,,,,
1054.510709040174,0.0389238285378489,0.06441468719642389,0.004173885792156588,0.002794494655684049,,,,,,,,,,,,,,
1055.9188086661175,0.03881412985632071,0.06415291441300067,0.00416104819867013,0.002783798244909736,,,,,,,,,,,,,,
1057.3287885428144,0.03870474033761604,0.06389220543960492,0.004148250089686787,0.0027731427764944414,,,,,,,,,,,,,,
1058.7406511809866,0.038595659110423855,0.06363255595305269,0.00413549134376431,0.002762528093724206,,,,,,,,,,,,,,
1060.1543990947036,0.03848688530588908,0.06337396164772979,0.004122771839834007,0.002751954040484943,,,,,,,,,,,,,,
1061.5700348013966,0.038378418057605,0.06311641823551861,0.004110091457199518,0.0027414204612600966,,,,,,,,,,,,,,
1062.987560821855,0.038270256501606904,0.06285992144572852,0.0040974500755357355,0.002730927201128394,,,,,,,,,,,,,,
1064.4069796802344,0.03816239977636504,0.06260446702502441,0.00408484757488764,0.0027204741057615506,,,,,,,,,,,,,,
1065.8282939040637,0.03805484702277742,0.0623500507373555,0.0040722838356691176,0.0027100610214219833,,,,,,,,,,,,,,
1067.251506024243,0.03794759738416357,0.06209666836388664,0.004059758738661912,0.0026996877949605883,,,,,,,,,,,,,,
1068.6766185750564,0.03784065000625706,0.061844315702926665,0.004047272165014409,0.002689354273814444,,,,,,,,,,,,,,
1070.103634094167,0.037734004037199426,0.061592988569860244,0.004034823996240573,0.002679060306004612,,,,,,,,,,,,,,
1071.5325551226317,0.03762765862753258,0.061342682797077074,0.004022414114218771,0.0026688057401338576,,,,,,,,,,,,,,
1072.9633842048952,0.03752161293019283,0.06109339423390423,0.004010042401190702,0.0026585904253844674,,,,,,,,,,,,,,
1074.3961238888053,0.037415866100503396,0.06084511874653573,0.0039977087397602236,0.002648414211515986,,,,,,,,,,,,,,
1075.8307767256063,0.037310417296168394,0.06059785221796569,0.003985413012892304,0.0026382769488630525,,,,,,,,,,,,,,
1077.2673452699546,0.03720526567726543,0.060351590547918416,0.00397315510391183,0.0026281784883331527,,,,,,,,,,,,,,
1078.7058320799144,0.03710041040623954,0.06010632965278168,0.003960934896502582,0.002618118681404467,,,,,,,,,,,,,,
1080.1462397169653,0.03699585064789619,0.05986206546553862,0.003948752274706092,0.002608097380123669,,,,,,,,,,,,,,
1081.5885707460109,0.03689158556939443,0.05961879393569961,0.003936607122920516,0.0025981144371037316,,,,,,,,,,,,,,
1083.0328277353753,0.03678761434024085,0.05937651102923634,0.0039244993258996,0.0025881697055218,,,,,,,,,,,,,,
1084.4790132568164,0.036683936132282276,0.05913521272851362,0.003912428768751522,0.002578263039116987,,,,,,,,,,,,,,
1085.927129885522,0.0365805501196998,0.05889489503222411,0.0039003953369378627,0.0025683942921882657,,,,,,,,,,,,,,
1087.3771802001227,0.03647745547900164,0.058655553955320454,0.003888398916272454,0.002558563319592284,,,,,,,,,,,,,,
1088.8291667826882,0.03637465138901715,0.05841718552895085,0.003876439392920368,0.002548769976741272,,,,,,,,,,,,,,
1090.2830922187404,0.03627213703088965,0.058179785800391536,0.0038645166533967526,0.002539014119600873,,,,,,,,,,,,,,
1091.738959097249,0.036169911588070584,0.0579433508329829,0.003852630584565845,0.0025292956046880687,,,,,,,,,,,,,,
1093.1967700106459,0.03606797424631235,0.057707876706062686,0.0038407810736398175,0.0025196142890690247,,,,,,,,,,,,,,
1094.6565275548196,0.035966324193662406,0.057473359514902324,0.003828968008177775,0.0025099700303570322,,,,,,,,,,,,,,
1096.1182343291293,0.03586496062045625,0.05723979537064091,0.003817191276084624,0.002500362686710371,,,,,,,,,,,,,,
1097.5818929364027,0.0357638827193115,0.05700718040022189,0.0038054507656100655,0.002490792116830258,,,,,,,,,,,,,,
1099.047505982942,0.03566308968512118,0.056775510746328216,0.003793746365347509,0.002481258179958765,,,,,,,,,,,,,,
1100.5150760785336,0.035562580715047115,0.05654478256731803,0.0037820779642329942,0.0024717607358767067,,,,,,,,,,,,,,
1101.9846058364444,0.03546235500851407,0.056314992037162094,0.0037704454515441943,0.0024622996449016506,,,,,,,,,,,,,,
1103.4560978734346,0.035362411767202756,0.056086135345378874,0.0037588487168992873,0.0024528747678857856,,,,,,,,,,,,,,
1104.929554809755,0.03526275019504411,0.055858208696972896,0.0037472876502559946,0.0024434859662139435,,,,,,,,,,,,,,
1106.404979269159,0.0351633694982123,0.05563120831237037,0.00373576214191046,0.002434133101801506,,,,,,,,,,,,,,
1107.8823738788994,0.03506426888511901,0.05540513042735777,0.0037242720824962727,0.002424816037092418,,,,,,,,,,,,,,
1109.3617412697417,0.03496544756640656,0.05517997129301827,0.0037128173629833684,0.0024155346350571245,,,,,,,,,,,,,,
1110.84308407596,0.03486690475494225,0.05495572717567082,0.0037013978746770573,0.002406288759190594,,,,,,,,,,,,,,
1112.3264049353495,0.0347686396658114,0.05473239435680678,0.0036900135092169306,0.0023970782735102713,,,,,,,,,,,,,,
1113.8117064892244,0.034670651516311775,0.05450996913302984,0.0036786641585758962,0.0023879030425541193,,,,,,,,,,,,,,
1115.29899138243,0.034572939525946686,0.05428844781599301,0.0036673497150590795,0.002378762931378584,,,,,,,,,,,,,,
1116.7882622633392,0.0344755029164194,0.05406782673233885,0.0036560700713028763,0.0023696578055566442,,,,,,,,,,,,,,
1118.2795217838623,0.03437834091162659,0.05384810222363795,0.003644825120273896,0.0023605875311758307,,,,,,,,,,,,,,
1119.7727725994534,0.03428145273765202,0.05362927064632769,0.003633614755267926,0.002351551974836216,,,,,,,,,,,,,,
1121.2680173691085,0.03418483762276086,0.05341132837165318,0.0036224388699089764,0.0023425510036485225,,,,,,,,,,,,,,
1122.7652587553785,0.03408849479739296,0.05319427178560561,0.0036112973581482037,0.0023335844852320907,,,,,,,,,,,,,,
1124.2644994243644,0.033992423494157334,0.05297809728886363,0.0036001901142629703,0.0023246522877130096,,,,,,,,,,,,,,
1125.765742045733,0.03389662294782541,0.05276280129673248,0.0035891170328557786,0.002315754279722102,,,,,,,,,,,,,,
1127.268989292711,0.03380109239532553,0.05254838023908575,0.0035780780088533345,0.0023068903303930578,,,,,,,,,,,,,,
1128.7742438420985,0.03370583107573632,0.05233483056030487,0.0035670729375054766,0.002298060309360459,,,,,,,,,,,,,,
1130.2815083742662,0.033610838230281215,0.05212214871922152,0.0035561017143842643,0.002289264086757902,,,,,,,,,,,,,,
1131.7907855731683,0.03351611310232179,0.0519103311890576,0.0035451642353829106,0.002280501533216052,,,,,,,,,,,,,,
1133.3020781263383,0.03342165493735234,0.051699374457367914,0.00353426039671486,0.0022717725198607747,,,,,,,,,,,,,,
1134.815388724903,0.03332746298299327,0.051489275025980843,0.003523390094912743,0.002263076918311206,,,,,,,,,,,,,,
1136.3307200635793,0.03323353648898565,0.051280029410941334,0.003512553226827445,0.0022544146006778934,,,,,,,,,,,,,,
1137.848074840682,0.03313987470718502,0.0510716341424526,0.003501749689627111,0.002245785439560912,,,,,,,,,,,,,,
1139.3674557581332,0.03304647689155514,0.05086408576481824,0.003490979380796128,0.0022371893080479527,,,,,,,,,,,,,,
1140.8888655214575,0.03295334229816264,0.050657380836386,0.0034802421981342457,0.0022286260797125222,,,,,,,,,,,,,,
1142.4123068397976,0.03286047018517045,0.05045151592948931,0.0034695380397554948,0.002220095628612009,,,,,,,,,,,,,,
1143.9377824259082,0.03276785981283256,0.05024648763039194,0.003458866804087319,0.0022115978292859047,,,,,,,,,,,,,,
1145.4652949961717,0.03267551044348745,0.0500422925392299,0.0034482283898695375,0.002203132556753889,,,,,,,,,,,,,,
1146.9948472705928,0.03258342134155283,0.04983892726995648,0.0034376226961534413,0.0021946996865140583,,,,,,,,,,,,,,
1148.5264419728132,0.032491591773519214,0.04963638845028483,0.003427049622300782,0.0021862990945410274,,,,,,,,,,,,,,
1150.0600818301066,0.032400021007944646,0.049434672721633134,0.0034165090679828735,0.002177930657284175,,,,,,,,,,,,,,
1151.595769573393,0.0323087083154483,0.0492337767390679,0.0034060009331795737,0.0021695942516657576,,,,,,,,,,,,,,
1153.1335079372348,0.03221765296870526,0.049033697171249585,0.0033955251181784084,0.00216128975507916,,,,,,,,,,,,,,
1154.67329965985,0.032126854242440134,0.04883443070037612,0.0033850815235735576,0.002153017045387045,,,,,,,,,,,,,,
1156.2151474831098,0.03203631141342173,0.048635974022129054,0.003374670050264964,0.0021447760009195875,,,,,,,,,,,,,,
1157.7590541525467,0.031946023760457215,0.048438323845618254,0.003364290599457372,0.0021365665004726845,,,,,,,,,,,,,,
1159.3050224173626,0.03185599056438602,0.04824147689332681,0.0033539430726593693,0.0021283884233061334,,,,,,,,,,,,,,
1160.853055030426,0.03176621110807466,0.04804542990105786,0.0033436273716824995,0.0021202416491419205,,,,,,,,,,,,,,
1162.4031547482862,0.03167668467641051,0.04785017961787925,0.0033333433986402774,0.002112126058162383,,,,,,,,,,,,,,
1163.9553243311677,0.03158741055629654,0.04765572280607066,0.003323091055947317,0.0021040415310085146,,,,,,,,,,,,,,
1165.5095665429867,0.03149838803664522,0.04746205624106896,0.003312870246318337,0.002095987948778142,,,,,,,,,,,,,,
1167.0658841513448,0.03140961640837334,0.04726917671141577,0.003302680872767315,0.0020879651930242452,,,,,,,,,,,,,,
1168.6242799275437,0.031321094964395814,0.04707708101870303,0.003292522838606496,0.002079973145753146,,,,,,,,,,,,,,
1170.1847566465813,0.03123282299962058,0.04688576597752125,0.003282396047445533,0.002072011689422841,,,,,,,,,,,,,,
1171.7473170871656,0.031144799810942467,0.046695228415405333,0.0032723004031905215,0.002064080706941207,,,,,,,,,,,,,,
1173.3119640317113,0.031057024697238093,0.0465054651727832,0.0032622358100431303,0.002056180081664336,,,,,,,,,,,,,,
1174.878700266349,0.03096949695936001,0.04631647310292283,0.003252202172499677,0.002048309697394788,,,,,,,,,,,,,,
1176.4475285809324,0.030882215900130985,0.04612824907187961,0.0032421993953501965,0.0020404694383798785,,,,,,,,,,,,,,
1178.0184517690368,0.03079518082433889,0.045940789958445506,0.003232227383677592,0.0020326591893100035,,,,,,,,,,,,,,
1179.5914726279716,0.030708391038730642,0.0457540926540961,0.003222286042856666,0.0020248788353169037,,,,,,,,,,,,,,
1181.1665939587772,0.03062184585200724,0.0455681540629401,0.0032123752785532954,0.002017128261972027,,,,,,,,,,,,,,
1182.7438185662388,0.030535544574817674,0.045382971101666995,0.0032024949967234696,0.002009407355284784,,,,,,,,,,,,,,
1184.3231492588827,0.030449486519753988,0.04519854069949704,0.0031926451036124555,0.0020017160017009377,,,,,,,,,,,,,,
1185.904588848989,0.030363671001345273,0.04501485979812906,0.0031828255057538544,0.0019940540881008655,,,,,,,,,,,,,,
1187.48814015259,0.030278097336052783,0.04483192535169108,0.003173036109968768,0.001986421501797963,,,,,,,,,,,,,,
1189.0738059894811,0.030192764842263874,0.04464973432668857,0.0031632768233648616,0.00197881813053692,,,,,,,,,,,,,,
1190.6615891832198,0.030107672840287154,0.04446828370195519,0.0031535475533355376,0.0019712438624921373,,,,,,,,,,,,,,
1192.251492561138,0.030022820652346564,0.04428757046860178,0.0031438482075589924,0.0019636985862660126,,,,,,,,,,,,,,
1193.8435189543397,0.029938207602576365,0.04410759162996729,0.0031341786939974065,0.001956182190887365,,,,,,,,,,,,,,
1195.4376711977088,0.029853833017015663,0.04392834420156863,0.003124538920896035,0.0019486945658097657,,,,,,,,,,,,,,
1197.0339521299188,0.029769696223602746,0.04374982521105095,0.003114928796782324,0.0019412356009099131,,,,,,,,,,,,,,
1198.6323645934287,0.029685796552170234,0.043572031698139155,0.003105348230465088,0.001933805186486036,,,,,,,,,,,,,,
1200.2329114344975,0.029602133334439208,0.04339496071458775,0.003095797131033591,0.0019264032132562505,,,,,,,,,,,,,,
1201.8355955031807,0.02951870590401445,0.04321860932413313,0.0030862754078567357,0.0019190295723569854,,,,,,,,,,,,,,
1203.440419653344,0.029435513596378537,0.04304297460244364,0.0030767829705821534,0.0019116841553413406,,,,,,,,,,,,,,
1205.0473867426588,0.02935255574888712,0.04286805363707235,0.0030673197291354007,0.0019043668541775438,,,,,,,,,,,,,,
1206.6564996326179,0.02926983170076313,0.04269384352740758,0.0030578855937190394,0.0018970775612473024,,,,,,,,,,,,,,
1208.2677611885294,0.02918734079309198,0.04252034138462581,0.0030484804748118566,0.0018898161693442822,,,,,,,,,,,,,,
1209.881174279533,0.029105082368815906,0.04234754433164288,0.0030391042831679504,0.0018825825716724687,,,,,,,,,,,,,,
1211.4967417785945,0.02902305577272912,0.04217544950306723,0.0030297569298159367,0.001875376661844659,,,,,,,,,,,,,,
1213.1144665625209,0.028941260351472164,0.042004054045151284,0.0030204383260580563,0.001868198333880834,,,,,,,,,,,,,,
1214.7343515119567,0.028859695453527106,0.04183335511574518,0.0030111483834693743,0.001861047482206657,,,,,,,,,,,,,,
1216.3563995113934,0.028778360429212228,0.04166334988424917,0.0030018870138969283,0.0018539240016518872,,,,,,,,,,,,,,
1217.9806134491776,0.028697254630676575,0.04149403553156624,0.002992654129458855,0.001846827787448832,,,,,,,,,,,,,,
1219.606996217508,0.028616377411895284,0.04132540925005641,0.002983449642543636,0.00183975873523083,,,,,,,,,,,,,,
1221.2355507124498,0.028535728128663937,0.04115746824348904,0.0029742734658091733,0.001832716741030686,,,,,,,,,,,,,,
1222.866279833931,0.02845530613859389,0.04099020972699746,0.0029651255121820423,0.001825701701279173,,,,,,,,,,,,,,
1224.4991864857564,0.028375110801106756,0.04082363092703189,0.002956005694856602,0.0018187135128034772,,,,,,,,,,,,,,
1226.1342735756036,0.028295141477429665,0.04065772908131439,0.0029469139272942247,0.001811752072825712,,,,,,,,,,,,,,
1227.7715440150375,0.02821539753058978,0.04049250143879199,0.0029378501232224232,0.0018048172789613761,,,,,,,,,,,,,,
1229.4110007195063,0.028135878325409668,0.04032794525959221,0.002928814196634086,0.0017979090292178789,,,,,,,,,,,,,,
1231.052646608356,0.028056583228501776,0.04016405781497649,0.0029198060617865993,0.001791027221993002,,,,,,,,,,,,,,
1232.6964846048259,0.02797751160826388,0.04000083638729605,0.002910825633201102,0.0017841717560734547,,,,,,,,,,,,,,
1234.3425176360631,0.027898662834873533,0.03983827826994576,0.00290187282566161,0.0017773425306333284,,,,,,,,,,,,,,
1235.9907486331208,0.02782003628028349,0.03967638076732012,0.0028929475542142586,0.0017705394452326667,,,,,,,,,,,,,,
1237.6411805309651,0.027741631318216522,0.03951514119476826,0.002884049734166473,0.001763762399815957,,,,,,,,,,,,,,
1239.2938162684857,0.02766344732416029,0.03935455687854901,0.002875179281086149,0.0017570112947106577,,,,,,,,,,,,,,
1240.9486587884905,0.027585483675362708,0.039194625155787345,0.0028663361108008946,0.0017502860306257556,,,,,,,,,,,,,,
1242.605711037723,0.02750773975082657,0.03903534337442942,0.002857520139397182,0.001743586508650276,,,,,,,,,,,,,,
1244.2649759668566,0.027430214931305045,0.03887670889319943,0.0028487312832196016,0.001736912630251858,,,,,,,,,,,,,,
1245.9264565305086,0.027352908599296285,0.03871871908155485,0.002839969458870011,0.001730264297275276,,,,,,,,,,,,,,
1247.590155687238,0.027275820139039005,0.03856137131964388,0.0028312345832068064,0.0017236414119410242,,,,,,,,,,,,,,
1249.2560763995584,0.027198948936507053,0.03840466299826094,0.0028225265733440763,0.001717043876843851,,,,,,,,,,,,,,
1250.9242216339348,0.02712229437940501,0.03824859151880437,0.0028138453466508635,0.001710471594951354,,,,,,,,,,,,,,
1252.5945943607983,0.027045855857162855,0.03809315429323245,0.0028051908207503357,0.0017039244696025258,,,,,,,,,,,,,,
1254.2671975545427,0.026970402770359354,0.03793523141424941,0.002796613190719059,0.0016971867651180983,,,,,,,,,,,,,,
1255.942034193533,0.026896318094452958,0.03777328254057838,0.0027881373726994377,0.0016901518747262402,,,,,,,,,,,,,,
1257.6191072601157,0.026822436920854235,0.03761202504103903,0.0027796872427125114,0.001683146144167486,,,,,,,,,,,,,,
1259.2984197406145,0.026748758690565252,0.03745145596409398,0.0027712627229044546,0.0016761694525734554,,,,,,,,,,,,,,
1260.9799746253457,0.02667528284612335,0.037291572370805784,0.0027628637356573544,0.001669221679576756,,,,,,,,,,,,,,
1262.6637749086133,0.026602008831597395,0.037132371334784045,0.002754490203588583,0.0016623027053089367,,,,,,,,,,,,,,
1264.3498235887253,0.026528936092583083,0.036973849942130856,0.002746142049549995,0.0016554124103983852,,,,,,,,,,,,,,
1266.0381236679875,0.02645606407619924,0.0368160052913886,0.0027378191966273033,0.001648550675968313,,,,,,,,,,,,,,
1267.7286781527205,0.026383392231083172,0.03665883449348563,0.002729521568139294,0.0016417173836346523,,,,,,,,,,,,,,
1269.4214900532538,0.026310920007386933,0.03650233467168455,0.0027212490876371794,0.0016349124155040683,,,,,,,,,,,,,,
1271.116562383942,0.026238646856772734,0.03634650296152855,0.0027130016789038472,0.0016281356541718707,,,,,,,,,,,,,,
1272.8138981631596,0.026166572232409233,0.036191336510789845,0.0027047792659532013,0.0016213869827200412,,,,,,,,,,,,,,
1274.5135004133163,0.026094695588966918,0.03603683247941667,0.002696581773029418,0.0016146662847151667,,,,,,,,,,,,,,
1276.2153721608543,0.026023016382614436,0.035882988039482006,0.002688409124606286,0.0016079734442064671,,,,,,,,,,,,,,
1277.9195164362566,0.025951534071014273,0.03572980037513149,0.002680261245386495,0.0016013083457237886,,,,,,,,,,,,,,
1279.6259362740575,0.02588024811331848,0.03557726668253158,0.0026721380603009267,0.0015946708742755823,,,,,,,,,,,,,,
1281.3346347128372,0.025809157970164982,0.035425384169818996,0.0026640394945079966,0.0015880609153469689,,,,,,,,,,,,,,
1283.0456147952393,0.02573826310367307,0.035274150057048696,0.0026559654733929266,0.0015814783548977124,,,,,,,,,,,,,,
1284.7588795679644,0.025667562977439707,0.03512356157614395,0.0026479159225670985,0.001574923079360297,,,,,,,,,,,,,,
1286.4744320817874,0.025597057056535113,0.03497361597084473,0.0026398907678673238,0.0015683949756379325,,,,,,,,,,,,,,
1288.192275391551,0.025526744807499103,0.03482431049665817,0.002631889935355206,0.001561893931102633,,,,,,,,,,,,,,
1289.9124125561825,0.02545662569833665,0.03467564242080746,0.0026239133513164168,0.0015554198335932402,,,,,,,,,,,,,,
1291.6348466386887,0.025386699198514245,0.03452760902218269,0.002615960942260056,0.0015489725714135302,,,,,,,,,,,,,,
1293.3595807061718,0.02531696477895552,0.034380207591290124,0.002608032634917936,0.0015425520333302385,,,,,,,,,,,,,,
1295.0866178298238,0.02524742191203757,0.03423343543020365,0.002600128356243947,0.0015361581085711915,,,,,,,,,,,,,,
1296.8159610849439,0.02517807007158666,0.03408728985251428,0.0025922480334133417,0.001529790686823345,,,,,,,,,,,,,,
1298.5476135509327,0.02510890873287453,0.03394176818328193,0.0025843915938221023,0.0015234496582309208,,,,,,,,,,,,,,
1300.2815783113035,0.02503993737261429,0.033796867758986104,0.0025765589650862553,0.0015171349133935002,,,,,,,,,,,,,,
1302.0178584536907,0.024971155468956303,0.03365258592747672,0.0025687500750411884,0.001510846343364113,,,,,,,,,,,,,,
1303.7564570698466,0.024902562501484617,0.03350892004792642,0.0025609648517410225,0.0015045838396474014,,,,,,,,,,,,,,
1305.4973772556568,0.024834157951212563,0.033365867490781353,0.0025532032234579075,0.0014983472941977,,,,,,,,,,,,,,
1307.2406221111364,0.024765941300579308,0.03322342563771388,0.002545465118681403,0.0014921365994172205,,,,,,,,,,,,,,
1308.9861947404443,0.024697912033445485,0.03308159188157384,0.002537750466117777,0.0014859516481541479,,,,,,,,,,,,,,
1310.7340982518797,0.024630069635089707,0.032940363626341604,0.0025300591946893916,0.0014797923337008325,,,,,,,,,,,,,,
1312.4843357578977,0.02456241359220427,0.0327997382870798,0.002522391233534004,0.0014736585497919176,,,,,,,,,,,,,,
1314.2369103751037,0.024494943392891683,0.032659713289886774,0.0025147465120041674,0.0014675501906025333,,,,,,,,,,,,,,
1315.9918252242705,0.024427658526660335,0.03252028607184869,0.002507124959666511,0.0014614671507464391,,,,,,,,,,,,,,
1317.7490834303328,0.02436055848442112,0.03238145408099344,0.00249952650630117,0.0014554093252742456,,,,,,,,,,,,,,
1319.508688122403,0.024293642758483135,0.03224321477624304,0.0024919510819010576,0.0014493766096715583,,,,,,,,,,,,,,
1321.2706424337682,0.02422691084255019,0.03210556562736799,0.0024843986166712935,0.0014433688998572174,,,,,,,,,,,,,,
1323.0349495018993,0.024160362231716834,0.031968504114940524,0.0024768690410285174,0.0014373860921814779,,,,,,,,,,,,,,
1324.8016124684607,0.024093996422464407,0.03183202773028819,0.0024693622856002463,0.001431428083424213,,,,,,,,,,,,,,
1326.5706344793064,0.024027812912657504,0.03169613397544877,0.0024618782812242668,0.0014254947707931687,,,,,,,,,,,,,,
1328.3420186844965,0.02396181120153989,0.0315608203631236,0.002454416958947959,0.0014195860519221441,,,,,,,,,,,,,,
1330.1157682382923,0.023895990789731012,0.03142608441663292,0.0024469782500277,0.0014137018248692732,,,,,,,,,,,,,,
1331.8918862991725,0.023830351179221883,0.03129192366986979,0.0024395620859281927,0.0014078419881152196,,,,,,,,,,,,,,
1333.6703760298271,0.023764891873371673,0.031158335667255635,0.0024321683983218713,0.001402006440561466,,,,,,,,,,,,,,
1335.4512405971757,0.0236996123769036,0.03102531796369461,0.002424797119088234,0.0013961950815285372,,,,,,,,,,,,,,
1337.2344831723608,0.023634512195901493,0.03089286812452957,0.0024174481803132548,0.0013904078107542903,,,,,,,,,,,,,,
1339.0201069307648,0.02356959083780577,0.030760983725496766,0.002410121514288718,0.0013846445283921594,,,,,,,,,,,,,,
1340.8081150520047,0.023504847811410025,0.03062966235268221,0.0024028170535116333,0.0013789051350094597,,,,,,,,,,,,,,
1342.598510719949,0.023440282626856962,0.030498901602476768,0.0023955347306835757,0.0013731895315856396,,,,,,,,,,,,,,
1344.3912971227137,0.023375894795634997,0.030368699081532797,0.0023882744787100986,0.0013674976195106085,,,,,,,,,,,,,,
1346.1864774526712,0.023311683830574456,0.030239052406720073,0.0023810362307001023,0.0013618293005830113,,,,,,,,,,,,,,
1347.9840549064616,0.023247649245843677,0.030109959205081884,0.002373819919965201,0.0013561844770085343,,,,,,,,,,,,,,
1349.7840326849873,0.023183790556945763,0.029981417113792253,0.002366625480019145,0.001350563051398236,,,,,,,,,,,,,,
1351.5864139934313,0.023120107280714456,0.029853423780111955,0.002359452844577167,0.0013449649267668388,,,,,,,,,,,,,,
1353.3912020412504,0.02305659893531091,0.029725976861346187,0.0023523019475554124,0.0013393900065310925,,,,,,,,,,,,,,
1355.1984000421924,0.02299326504021963,0.0295990740248009,0.002345172723070289,0.0013338381945080652,,,,,,,,,,,,,,
1357.0080112142912,0.022930105116245252,0.029472712947740995,0.002338065105437901,0.0013283093949135285,,,,,,,,,,,,,,
1358.8200387798831,0.02286711868550849,0.02934689131734686,0.002330979029173405,0.001322803512360262,,,,,,,,,,,,,,
1360.6344859656026,0.02280430527144295,0.029221606830672944,0.0023239144289904433,0.001317320451856444,,,,,,,,,,,,,,
1362.4513560023968,0.02274166439879112,0.029096857194604798,0.002316871239800506,0.0013118601188039855,,,,,,,,,,,,,,
1364.270652125524,0.02267919559360111,0.028972640125817753,0.0023098493967123623,0.0013064224189969153,,,,,,,,,,,,,,
1366.0923775745623,0.022616898383222915,0.028848953350734848,0.0023028488350314577,0.0013010072586197546,,,,,,,,,,,,,,
1367.91653559342,0.022554772296304728,0.028725794605484963,0.0022958694902592823,0.0012956145442458763,,,,,,,,,,,,,,
1369.7431294303308,0.022492816862789634,0.028603161635862004,0.002288911298092837,0.001290244182835926,,,,,,,,,,,,,,
1371.5721623378722,0.02243103161391177,0.028481052197282922,0.0022819741944239834,0.0012848960817361875,,,,,,,,,,,,,,
1373.4036375729588,0.022369416082193085,0.028359464054747346,0.002275058115338897,0.0012795701486770083,,,,,,,,,,,,,,
1375.23755839686,0.022307969801439464,0.028238394982795977,0.0022681629971174418,0.0012742662917711854,,,,,,,,,,,,,,
1377.0739280751945,0.022246692306737544,0.028117842765470538,0.0022612887762326213,0.0012689844195124032,,,,,,,,,,,,,,
1378.912749877947,0.022185583134450872,0.02799780519627253,0.0022544353893499524,0.0012637244407736267,,,,,,,,,,,,,,
1380.754027079463,0.022124641822216688,0.027878280078123548,0.0022476027733269225,0.001258486264805565,,,,,,,,,,,,,,
1382.597762958466,0.022063867908942148,0.02775926522332435,0.0022407908652123686,0.0012532698012350642,,,,,,,,,,,,,,
1384.443960798052,0.02200326093480115,0.027640758453515546,0.0022339996022459354,0.0012480749600635914,,,,,,,,,,,,,,
1386.292623885707,0.0219428204412305,0.02752275759963695,0.0022272289218574592,0.0012429016516656405,,,,,,,,,,,,,,
1388.1437555133016,0.021882545970926755,0.027405260501888632,0.002220478761666425,0.001237749786787218,,,,,,,,,,,,,,
1389.9973589771027,0.02182243706784266,0.027288265009690994,0.002213749059481376,0.001232619276544294,,,,,,,,,,,,,,
1391.8534375777833,0.021762493277183482,0.027171768981645156,0.0022070397532993296,0.0012275100324212493,,,,,,,,,,,,,,
1393.7119946204173,0.021702714145403992,0.0270557702854945,0.002200350781305235,0.001222421966269385,,,,,,,,,,,,,,
1395.5730334144985,0.021643099220204597,0.02694026679808477,0.0021936820818713705,0.0012173549903053624,,,,,,,,,,,,,,
1397.4365572739334,0.021583648050528294,0.026825256405326018,0.0021870335935568084,0.001212309017109722,,,,,,,,,,,,,,
1399.30256951706,0.02152436018655692,0.02671073700215321,0.0021804052551068166,0.0012072839596253496,,,,,,,,,,,,,,
1401.1710734666408,0.021465235179708084,0.02659670649248834,0.002173797005452327,0.0012022797311559959,,,,,,,,,,,,,,
1403.042072449882,0.02140627258263141,0.02648316278920141,0.002167208783709338,0.0011972962453647591,,,,,,,,,,,,,,
1404.9155697984258,0.02134747194920553,0.026370103814072905,0.0021606405291783918,0.0011923334162726184,,,,,,,,,,,,,,
1406.79156884837,0.021288832834534352,0.026257527497755083,0.0021540921813439752,0.001187391158256924,,,,,,,,,,,,,,
1408.67007294026,0.021230354794944034,0.02614543177973476,0.0021475636798740007,0.0011824693860499522,,,,,,,,,,,,,,
1410.5510854191093,0.021172037387979282,0.02603381460829493,0.0021410549646192134,0.0011775680147373976,,,,,,,,,,,,,,
1412.4346096343925,0.0211138801724003,0.02592267394047781,0.00213456597561267,0.001172686959756943,,,,,,,,,,,,,,
1414.3206489400573,0.021055882708179353,0.025812007742047165,0.00212809665306917,0.0011678261368967807,,,,,,,,,,,,,,
1416.2092066945338,0.02099804455649724,0.02570181398745087,0.0021216469373846946,0.0011629854622941525,,,,,,,,,,,,,,
1418.1002862607315,0.02094036527974036,0.02559209065978439,0.0021152167691358865,0.0011581648524339322,,,,,,,,,,,,,,
1419.993891006056,0.020882844441496996,0.025482835750753163,0.0021088060890794664,0.0011533642241471473,,,,,,,,,,,,,,
1421.8900243024032,0.02082548160655438,0.02537404726063662,0.0021024148381517307,0.0011485834946095817,,,,,,,,,,,,,,
1423.7886895261781,0.020768276340895057,0.02526572319825078,0.002096042957467952,0.001143822581340311,,,,,,,,,,,,,,
1425.6898900582878,0.02071122821169395,0.025157861580912558,0.002089690388321901,0.0011390814022003103,,,,,,,,,,,,,,
1427.5936292841602,0.0206543367873147,0.0250504604344028,0.0020833570721852383,0.0011343598753910135,,,,,,,,,,,,,,
1429.4999105937377,0.0205976016373068,0.02494351779293078,0.0020770429507070416,0.001129657919452922,,,,,,,,,,,,,,
1431.4087373814953,0.020541022332401977,0.024837031699097595,0.0020707479657132034,0.0011249754532641756,,,,,,,,,,,,,,
1433.3201130464345,0.020484598444511268,0.024731000203860962,0.0020644720592059565,0.001120312396039184,,,,,,,,,,,,,,
1435.234040992102,0.02042832954672147,0.02462542136649893,0.0020582151733632864,0.001115668667327197,,,,,,,,,,,,,,
1437.1505246265847,0.020372215213292147,0.024520293254574884,0.002051977250538437,0.0011110441870109506,,,,,,,,,,,,,,
1439.0695673625198,0.02031625501965237,0.024415613943901952,0.0020457582332593636,0.001106438875305264,,,,,,,,,,,,,,
1440.9911726171067,0.020260448542397315,0.02431138151850757,0.002039558064228193,0.001101852652755663,,,,,,,,,,,,,,
1442.9153438121011,0.02020479535928537,0.02420759407059892,0.0020333766863207233,0.0010972854402370251,,,,,,,,,,,,,,
1444.8420843738343,0.02014929504923461,0.024104249700527432,0.0020272140425858652,0.0010927371589521898,,,,,,,,,,,,,,
1446.7713977332066,0.02009394719231995,0.024001346516754594,0.00202107007624515,0.0010882077304306306,,,,,,,,,,,,,,
1448.7032873257058,0.020038751369769597,0.023898882635816746,0.0020149447306921733,0.0010836970765270653,,,,,,,,,,,,,,
1450.6377565914008,0.019983707163962267,0.02379685618229122,0.0020088379494921068,0.001079205119420144,,,,,,,,,,,,,,
1452.5748089749607,0.01992881415842367,0.023695265288761327,0.002002749676381145,0.0010747317816110727,,,,,,,,,,,,,,
1454.5144479256476,0.01987407193782368,0.02359410809578295,0.0019966798552660207,0.001070276985922305,,,,,,,,,,,,,,
1456.4566768973357,0.019819480087972876,0.02349338275184971,0.001990628430223454,0.0010658406554961877,,,,,,,,,,,,,,
1458.4014993485055,0.019765038195819744,0.023393087413359822,0.001984595345499671,0.001061422713793655,,,,,,,,,,,,,,
1460.348918742261,0.01971074584944718,0.02329322024458169,0.001978580545509856,0.001057023084592885,,,,,,,,,,,,,,
1462.2989385463268,0.019656602638069724,0.02319377941762085,0.0019725839748376693,0.00105264169198801,,,,,,,,,,,,,,
1464.2515622330573,0.019602608152030285,0.02309476311238626,0.0019666055782347246,0.0010482784603877908,,,,,,,,,,,,,,
1466.2067932794484,0.01954876198279694,0.02299616951655682,0.0019606453006200666,0.00104393331451431,,,,,,,,,,,,,,
1468.164635167133,0.019495063722960105,0.022897996825548654,0.001954703087079692,0.0010396061794016897,,,,,,,,,,,,,,
1470.1250913823988,0.01944151296622916,0.022800243242481536,0.0019487788828660123,0.0010352969803947747,,,,,,,,,,,,,,
1472.0881654161826,0.019388109307429683,0.022702906978146576,0.0019428726333973806,0.0010310056431478737,,,,,,,,,,,,,,
1474.0538607640894,0.019334852342500024,0.022605986250972876,0.001936984284257557,0.0010267320936234437,,,,,,,,,,,,,,
1476.0221809263853,0.019281741668488648,0.022509479286995513,0.00193111378119524,0.0010224762580908462,,,,,,,,,,,,,,
1477.9931294080163,0.0192287768835507,0.022413384319822503,0.0019252610701235326,0.001018238063125042,,,,,,,,,,,,,,
1479.9667097186032,0.01917595758694532,0.022317699590603014,0.0019194260971194782,0.001014017435605357,,,,,,,,,,,,,,
1481.9429253724586,0.019123283379032265,0.02222242334799463,0.0019136088084235289,0.0010098143027141896,,,,,,,,,,,,,,
1483.9217798885836,0.019070753861269205,0.022127553848131788,0.0019078091504390858,0.0010056285919357786,,,,,,,,,,,,,,
1485.903276790678,0.019018368636208514,0.022033089354593628,0.0019020270697319816,0.001001460231054945,,,,,,,,,,,,,,
1487.8874196071522,0.01895964418992749,0.021934593546742227,0.0018960860523824553,0.0009972454363955854,,,,,,,,,,,,,,
1489.8742118711207,0.01889760197189862,0.021834147653140686,0.0018900683368642177,0.0009930140248096608,,,,,,,,,,,,,,
1491.8636571204229,0.01883576277649921,0.021734161735126017,0.001884069720109987,0.0009888005675240056,,,,,,,,,,,,,,
1493.8557588976162,0.018774125939372256,0.02163463368631522,0.0018780901415049417,0.000984604988356742,,,,,,,,,,,,,,
1495.8505207499936,0.018712690798334552,0.021535561409970788,0.0018721295406266274,0.0009804272114492312,,,,,,,,,,,,,,
1497.8479462295802,0.018651456693369973,0.02143694281895719,0.0018661878572443654,0.0009762671612647182,,,,,,,,,,,,,,
1499.848038893149,0.018590422966621993,0.021338775835696322,0.001860265031318619,0.0009721247625869501,,,,,,,,,,,,,,
1501.8508023022164,0.018529588962387,0.021241058392124267,0.001854361003000424,0.0009679999405188319,,,,,,,,,,,,,,
1503.8562400230617,0.018468954027106865,0.02114378842964721,0.0018484757126307387,0.0009638926204810563,,,,,,,,,,,,,,
1505.864355626719,0.018408517509362315,0.021046963899098603,0.001842609100739888,0.0009598027282107717,,,,,,,,,,,,,,
1507.8751526889978,0.01834827875986554,0.020950582760695415,0.0018367611080469179,0.0009557301897602231,,,,,,,,,,,,,,
1509.888634790477,0.018288237131453566,0.020854642983995732,0.001830931675459029,0.000951674931495428,,,,,,,,,,,,,,
1511.9048055165174,0.018228391979081132,0.020759142547855675,0.001825120744070974,0.0009476368800948443,,,,,,,,,,,,,,
1513.9236684572718,0.018168742659813657,0.020664079440386673,0.0018193282551644378,0.0009436159625480278,,,,,,,,,,,,,,
1515.9452272076803,0.01810928853282063,0.02056945165891355,0.0018135541502074847,0.0009396121061543401,,,,,,,,,,,,,,
1517.9694853674905,0.018050028959368365,0.020475257209931753,0.0018077983708539255,0.0009356252385216039,,,,,,,,,,,,,,
1519.9964465412497,0.01799096330281351,0.020381494109065975,0.0018020608589427636,0.0009316552875648241,,,,,,,,,,,,,,
1522.026114338325,0.017932090928595833,0.020288160381027723,0.0017963415564975751,0.0009277021815048543,,,,,,,,,,,,,,
1524.058492372897,0.017873411204231783,0.020195254059574293,0.0017906404057259591,0.0009237658488671292,,,,,,,,,,,,,,
1526.0935842639783,0.01781492349930731,0.02010277318746682,0.001784957349018912,0.0009198462184803422,,,,,,,,,,,,,,
1528.131393635408,0.017756627185471482,0.020010715816429537,0.0017792923289502887,0.0009159432194751887,,,,,,,,,,,,,,
1530.17192411587,0.017698521636429352,0.019919080007108243,0.0017736452882761793,0.0009120567812830546,,,,,,,,,,,,,,
1532.2151793388882,0.01764060622793559,0.01982786382902995,0.0017680161699343733,0.0009081868336347702,,,,,,,,,,,,,,
1534.2611629428438,0.017582880337787436,0.019737065360561672,0.0017624049170437426,0.0009043333065593103,,,,,,,,,,,,,,
1536.309878570972,0.01752534334581831,0.01964668268887047,0.001756811472903696,0.0009004961303825547,,,,,,,,,,,,,,
1538.3613298713728,0.01746799463389102,0.019556713909882867,0.0017512357809936023,0.0008966752357260173,,,,,,,,,,,,,,
1540.4155204970227,0.017410833585891,0.019467157128244615,0.0017456777849721948,0.0008928705535055809,,,,,,,,,,,,,,
1542.4724541057687,0.017353859587719973,0.01937801045728118,0.0017401374286770415,0.0008890820149302738,,,,,,,,,,,,,,
1544.5321343603498,0.01729707202728904,0.01928927201895746,0.0017346146561239366,0.0008853095515009966,,,,,,,,,,,,,,
1546.5945649283885,0.01724047029451242,0.019200939943838834,0.0017291094115063712,0.0008815530950093128,,,,,,,,,,,,,,
1548.6597494824114,0.017184053781300557,0.01911301237105112,0.0017236216391949364,0.0008778125775361867,,,,,,,,,,,,,,
1550.7276916998433,0.017127821881553956,0.01902548744824202,0.0017181512837367964,0.0008740879314507844,,,,,,,,,,,,,,
1552.7983952630245,0.017071773991156287,0.01893836333154149,0.0017126982898550888,0.0008703790894092217,,,,,,,,,,,,,,
1554.8718638592077,0.017015909507968278,0.01885163818552345,0.0017072626024484073,0.0008666859843533757,,,,,,,,,,,,,,
1556.9481011805744,0.016960227831820867,0.018765310183166618,0.0017018441665902029,0.0008630085495096435,,,,,,,,,,,,,,
1559.02711092423,0.016904728364509125,0.018679377505816486,0.0016964429275282712,0.0008593467183877633,,,,,,,,,,,,,,
1561.108896792224,0.016849410509785476,0.018593838343146547,0.0016910588306841589,0.0008557004247795842,,,,,,,,,,,,,,
1563.193462491543,0.016794273673353587,0.01850869089312057,0.0016856918216526418,0.0008520696027578944,,,,,,,,,,,,,,
1565.280811734125,0.016739317262861864,0.01842393336195444,0.0016803418462011694,0.0008484541866752141,,,,,,,,,,,,,,
1567.370948236869,0.01668454068789695,0.01833956396407822,0.0016750088502692955,0.0008448541111626084,,,,,,,,,,,,,,
1569.46387572163,0.016629943359977684,0.018255580922098943,0.001669692779968169,0.0008412693111285158,,,,,,,,,,,,,,
1571.5595979152404,0.01657552469254845,0.018171982466762646,0.0016643935815799497,0.000837699721757558,,,,,,,,,,,,,,
1573.6581185495018,0.016521284100973196,0.01808876683691768,0.0016591112015573006,0.0008341452785093818,,,,,,,,,,,,,,
1575.7594413612055,0.01646722100252883,0.018005932279476992,0.0016538455865228155,0.0008306059171174781,,,,,,,,,,,,,,
1577.863570092127,0.01641333481639928,0.01792347704938181,0.0016485966832685134,0.000827081573588034,,,,,,,,,,,,,,
1579.9705084890434,0.01635962496366894,0.017841399409564286,0.0016433644387552626,0.0008235721841987616,,,,,,,,,,,,,,
1582.0802603037293,0.016306090867316766,0.01775969763091145,0.0016381488001122849,0.0008200776854977602,,,,,,,,,,,,,,
1584.1928292929751,0.016252731952209762,0.017678369992228285,0.001632949714636582,0.0008165980143023547,,,,,,,,,,,,,,
1586.3082192185834,0.016199547645097064,0.017597414780201878,0.0016277671297924331,0.000813133107697965,,,,,,,,,,,,,,
1588.4264338473793,0.01614653737460369,0.017516830289365168,0.0016226009932108572,0.0008096829030369668,,,,,,,,,,,,,,
1590.547476951223,0.016093700571224258,0.017436614822060804,0.0016174512526890633,0.000806247337937545,,,,,,,,,,,,,,
1592.6713523070048,0.016041036667317154,0.017356766688405825,0.0016123178561899595,0.0008028263502825905,,,,,,,,,,,,,,
1594.7980636966647,0.015988545097098118,0.017277284206255582,0.0016072007518415866,0.0007994198782185495,,,,,,,,,,,,,,
1596.9276149071866,0.01593622529663448,0.01719816570116876,0.001602099887936635,0.0007960278601543327,,,,,,,,,,,,,,
1599.0600097306171,0.01588407670383879,0.01711940950637165,0.0015970152129318824,0.0007926502347601742,,,,,,,,,,,,,,
1601.1952519640604,0.015832098758463083,0.017041013962723492,0.0015919466754477074,0.00078928694096655,,,,,,,,,,,,,,
1603.3333454096974,0.015780290902092566,0.016962977418681042,0.0015868942242675407,0.0007859379179630468,,,,,,,,,,,,,,
1605.4742938747795,0.015728652578139907,0.01688529823026429,0.0015818578083373791,0.0007826031051972891,,,,,,,,,,,,,,
1607.6181011716483,0.015677183231838965,0.016807974761021312,0.0015768373767652334,0.0007792824423738183,,,,,,,,,,,,,,
1609.76477111773,0.015625882310239127,0.01673100538199428,0.001571832878820652,0.0007759758694530278,,,,,,,,,,,,,,
1611.9143075355544,0.015574749262199065,0.016654388471684697,0.0015668442639341727,0.0007726833266500528,,,,,,,,,,,,,,
1614.0667142527507,0.015523783538381084,0.0165781224160196,0.001561871481696837,0.0007694047544337118,,,,,,,,,,,,,,
1616.2219951020593,0.015472984591245098,0.01650220560831745,0.0015569144818596778,0.0007661400935254167,,,,,,,,,,,,,,
1618.3801539213434,0.015422351875042645,0.016426636449254038,0.0015519732143331895,0.0007628892848981005,,,,,,,,,,,,,,
1620.5411945535843,0.015371884845811281,0.016351413346829227,0.0015470476291868577,0.0007596522697751603,,,,,,,,,,,,,,
1622.7051208469015,0.015321582961368435,0.016276534716332988,0.0015421376766486165,0.0007564289896293817,,,,,,,,,,,,,,
1624.8719366545465,0.015271445681305888,0.016201998980312403,0.0015372433071043827,0.0007532193861818936,,,,,,,,,,,,,,
1627.0416458349223,0.015221472466983665,0.016127804568538052,0.0015323644710975193,0.0007500234014011014,,,,,,,,,,,,,,
1629.2142522515778,0.01517166278152455,0.016053949917971325,0.001527501119328367,0.0007468409775016509,,,,,,,,,,,,,,
1631.3897597732273,0.015122016089808014,0.015980433472731065,0.0015226532026537168,0.0007436720569433704,,,,,,,,,,,,,,
1633.568172273745,0.015072531858464773,0.01590725368406127,0.0015178206720863462,0.0007405165824302432,,,,,,,,,,,,,,
1635.7494936321834,0.015023209555870746,0.015834409010297954,0.001513003478794487,0.0007373744969093592,,,,,,,,,,,,,,
1637.9337277327695,0.014974048652141662,0.01576189791683719,0.0015082015741013702,0.0007342457435698956,,,,,,,,,,,,,,
1640.1208784649227,0.014925048619127048,0.01568971887610227,0.0015034149094846974,0.0007311302658420771,,,,,,,,,,,,,,
1642.310949723251,0.014876208930404831,0.015617870367511942,0.0014986434365761778,0.0007280280073961638,,,,,,,,,,,,,,
1644.5039454075632,0.014827529061275562,0.01554635087744823,0.0014938871071610348,0.0007249389121414315,,,,,,,,,,,,,,
1646.6998694228807,0.01477900848875667,0.015475158899224338,0.0014891458731774976,0.0007218629242251445,,,,,,,,,,,,,,
1648.8987256794321,0.014730646691577108,0.015404292933053313,0.0014844196867163505,0.000718799988031568,,,,,,,,,,,,,,
1651.1005180926745,0.014682443150171446,0.015333751486016038,0.001479708500020412,0.0007157500481809383,,,,,,,,,,,,,,
1653.3052505832868,0.014634397346674599,0.015263533072030164,0.001475012265484088,0.0007127130495284854,,,,,,,,,,,,,,
1655.5129270771893,0.014586508764915953,0.015193636211818426,0.0014703309356528564,0.0007096889371634121,,,,,,,,,,,,,,
1657.7235515055384,0.014538776890414126,0.015124059432877852,0.0014656644632228182,0.0007066776564079253,,,,,,,,,,,,,,
1659.9371278047465,0.01449120121037114,0.015054801269448376,0.0014610128010401912,0.000703679152816223,,,,,,,,,,,,,,
1662.1536599164754,0.01444378121366721,0.01498586026248233,0.0014563759021008651,0.0007006933721735343,,,,,,,,,,,,,,
1664.373151787657,0.014396516390854956,0.0149172349596133,0.0014517537195498909,0.0006977202604951153,,,,,,,,,,,,,,
1666.5956073704872,0.014349406234154224,0.014848923915125994,0.0014471462066810432,0.0006947597640252957,,,,,,,,,,,,,,
1668.8210306224455,0.014302450237446347,0.014780925689925289,0.0014425533169363156,0.0006918118292364852,,,,,,,,,,,,,,
1671.0494255062915,0.014255647896268932,0.01471323885150633,0.0014379750039054731,0.0006888764028282251,,,,,,,,,,,,,,
1673.2807959900756,0.014208998707810375,0.014645861973924208,0.001433411221325581,0.0006859534317262133,,,,,,,,,,,,,,
1675.515146047152,0.014162502170904324,0.014578793637763703,0.0014288619230805163,0.0006830428630813435,,,,,,,,,,,,,,
1677.7524796561745,0.01411615778602455,0.014512032430109817,0.0014243270632005355,0.0006801446442687591,,,,,,,,,,,,,,
1679.9928008011154,0.014069965055279297,0.014445576944517535,0.0014198065958617757,0.0006772587228868906,,,,,,,,,,,,,,
1682.2361134712605,0.014023923482406218,0.014379425780982637,0.0014153004753858192,0.0006743850467565188,,,,,,,,,,,,,,
1684.4824216612299,0.013978032572766757,0.01431357754591181,0.0014108086562392133,0.0006715235639198209,,,,,,,,,,,,,,
1686.73172937097,0.013932291833341121,0.014248030852093642,0.001406331093033025,0.0006686742226394416,,,,,,,,,,,,,,
1688.9840406057756,0.013886700772722702,0.014182784318669067,0.0014018677405223628,0.000665836971397547,,,,,,,,,,,,,,
1691.239359376283,0.013841258901113073,0.014117836571102611,0.0013974185536059472,0.0006630117588949039,,,,,,,,,,,,,,
1693.4976896984908,0.013795965730316453,0.01405318624115306,0.0013929834873256223,0.0006601985340499413,,,,,,,,,,,,,,
1695.7590355937534,0.013750820773734736,0.01398883196684506,0.0013885624968659356,0.0006573972459978381,,,,,,,,,,,,,,
1698.0234010888018,0.013705823546361986,0.013924772392439977,0.001384155537553652,0.0006546078440895919,,,,,,,,,,,,,,
1700.2907902157388,0.013660973564779473,0.01386100616840773,0.0013797625648573268,0.0006518302778911128,,,,,,,,,,,,,,
1702.5612070120508,0.01361627034715037,0.01379753195139818,0.0013753835343868518,0.0006490644971823103,,,,,,,,,,,,,,
1704.8346555206217,0.01357171341321448,0.013734348404212686,0.0013710184018929884,0.0006463104519561739,,,,,,,,,,,,,,
1707.111139789726,0.013527302284283312,0.013671454195776308,0.0013666671232669503,0.0006435680924178885,,,,,,,,,,,,,,
1709.3906638730514,0.01348303648323466,0.01360884800110933,0.001362329654539927,0.0006408373689839131,,,,,,,,,,,,,,
1711.6732318296913,0.01343891553450776,0.013546528501299763,0.0013580059518826654,0.0006381182322811047,,,,,,,,,,,,,,
1713.9588477241666,0.013394938964097906,0.013484494383475184,0.0013536959716050087,0.0006354106331458053,,,,,,,,,,,,,,
1716.2475156264181,0.013351106299551625,0.01342274434077542,0.0013493996701554687,0.0006327145226229734,,,,,,,,,,,,,,
1718.5392396118289,0.01330741706996133,0.01336127707232469,0.0013451170041207687,0.0006300298519652782,,,,,,,,,,,,,,
1720.834023761216,0.01326387080596054,0.013300091283204528,0.0013408479302254295,0.0006273565726322393,,,,,,,,,,,,,,
1723.1318721608536,0.013220467039718558,0.013239185684426147,0.0013365924053313017,0.0006246946362893278,,,,,,,,,,,,,,
1725.4327889024667,0.013177205304935682,0.013178558992903638,0.0013323503864371596,0.000622043994807111,,,,,,,,,,,,,,
1727.7367780832437,0.013134085136838102,0.013118209931426745,0.0013281218306782484,0.0006194046002603738,,,,,,,,,,,,,,
1730.0438438058497,0.013091106072172797,0.013058137228633877,0.0013239066953258482,0.0006167764049272451,,,,,,,,,,,,,,
1732.3539901784209,0.013048267649202798,0.012998339618985602,0.001319704937786864,0.0006141593612883528,,,,,,,,,,,,,,
1734.6672213145864,0.013005569407701959,0.012938815842737629,0.0013155165156033648,0.0006115534220259437,,,,,,,,,,,,,,
1736.9835413334608,0.012963010888950278,0.012879564645914674,0.0013113413864521866,0.0006089585400230489,,,,,,,,,,,,,,
1739.3029543596667,0.012920591635728704,0.012820584780283608,0.0013071795081444747,0.0006063746683626114,,,,,,,,,,,,,,
1741.6254645233269,0.01287831119231449,0.012761875003327601,0.001303030838625282,0.0006038017603266578,,,,,,,,,,,,,,
1743.9510759600857,0.012836169104476033,0.012703434078219517,0.0012988953359731267,0.000601239769395434,,,,,,,,,,,,,,
1746.279792811104,0.012794164919468257,0.012645260773796255,0.0012947729583995822,0.0005986886492465836,,,,,,,,,,,,,,
1748.6116192230784,0.012752298186027486,0.012587353864532457,0.0012906636642488378,0.0005961483537542906,,,,,,,,,,,,,,
1750.946559348236,0.012710568454366859,0.012529712130515019,0.001286567411997303,0.0005936188369884655,,,,,,,,,,,,,,
1753.2846173443554,0.012668975276171232,0.012472334357417073,0.0012824841602531566,0.0005911000532138948,,,,,,,,,,,,,,
1755.625797374762,0.012627518204592604,0.01241521933647268,0.0012784138677559586,0.0005885919568894318,,,,,,,,,,,,,,
1757.9701036083404,0.012586196794245195,0.012358365864451245,0.0012743564933762152,0.0005860945026671634,,,,,,,,,,,,,,
1760.317540219547,0.012545010601200588,0.012301772743632056,0.0012703119961149606,0.0005836076453915889,,,,,,,,,,,,,,
1762.6681113884058,0.01250395918298317,0.012245438781779324,0.001266280335103363,0.0005811313400988118,,,,,,,,,,,,,,
1765.0218213005294,0.012463042098565127,0.012189362792116756,0.0012622614696022835,0.000578665542015717,,,,,,,,,,,,,,
1767.378674147112,0.012422258908361962,0.012133543593302864,0.0012582553590018946,0.0005762102065591711,,,,,,,,,,,,,,
1769.7386741249518,0.012381609174227516,0.012077980009405742,0.0012542619628212403,0.0005737652893352065,,,,,,,,,,,,,,
1772.1018254364442,0.012341092459449516,0.012022670869878673,0.0012502812407078514,0.0005713307461382282,,,,,,,,,,,,,,
1774.4681322896024,0.01230070832874463,0.01196761500953507,0.0012463131524373216,0.0005689065329502057,,,,,,,,,,,,,,
1776.8375988980522,0.01226045634825404,0.011912811268524304,0.0012423576579129135,0.0005664926059398855,,,,,,,,,,,,,,
1779.210229481053,0.012220336085538535,0.011858258492306935,0.0012384147171651363,0.0005640889214619904,,,,,,,,,,,,,,
1781.5860282634903,0.01218034710957411,0.011803955531630697,0.0012344842903513667,0.0005616954360564385,,,,,,,,,,,,,,
1783.9649994758993,0.012140488990747093,0.011749901242505996,0.0012305663377554174,0.0005593121064475491,,,,,,,,,,,,,,
1786.3471473544585,0.01210076130084974,0.011696094486182052,0.001226660819787163,0.0005569388895432674,,,,,,,,,,,,,,
1788.732476141003,0.012061163613075543,0.011642534129122816,0.0012227676969821237,0.0005545757424343846,,,,,,,,,,,,,,
1791.120990083037,0.012021695502014556,0.01158921904298297,0.0012188869300010627,0.0005522226223937524,,,,,,,,,,,,,,
1793.5126934337302,0.011982356543649035,0.01153614810458441,0.0012150184796296106,0.0005498794868755276,,,,,,,,,,,,,,
1795.9075904519382,0.011943146315348641,0.011483320195892311,0.0012111623067778392,0.0005475462935143838,,,,,,,,,,,,,,
1798.305685402196,0.011904064395866144,0.011430734203991844,0.0012073183724798978,0.0005452230001247641,,,,,,,,,,,,,,
1800.7069825547414,0.011865110365332651,0.01137838902106443,0.0012034866378935897,0.0005429095647000999,,,,,,,,,,,,,,
1803.1114861855058,0.011826283805253341,0.011326283544364747,0.0011996670643000039,0.0005406059454120699,,,,,,,,,,,,,,
1805.519200576138,0.011787584298502726,0.011274416676197128,0.001195859613103108,0.0005383121006098254,,,,,,,,,,,,,,
1807.9301300139973,0.011749011429320408,0.011222787323892813,0.0011920642458293697,0.0005360279888192553,,,,,,,,,,,,,,
1810.3442787921747,0.011710564783306376,0.011171394399786554,0.0011882809241273527,0.0005337535687422186,,,,,,,,,,,,,,
1812.761651209487,0.011672243947416793,0.011120236821194058,0.001184509609767352,0.000531488799255815,,,,,,,,,,,,,,
1815.1822515704978,0.011634048509959319,0.011069313510388859,0.0011807502646409803,0.0005292336394116242,,,,,,,,,,,,,,
1817.606084185514,0.011595978060588895,0.011018623394579867,0.0011770028507608087,0.000526988048434981,,,,,,,,,,,,,,
1820.0331533705973,0.011558032190303246,0.01096816540588867,0.001173267330259968,0.0005247519857242291,,,,,,,,,,,,,,
1822.4634634475792,0.011520210491438403,0.01091793848132692,0.001169543665391761,0.0005225254108499864,,,,,,,,,,,,,,
1824.8970187440539,0.011482512557664519,0.010867941562774193,0.0011658318185293042,0.000520308283554421,,,,,,,,,,,,,,
1827.333823593402,0.011444937983981282,0.010818173596955414,0.0011621317521651165,0.0005181005637505145,,,,,,,,,,,,,,
1829.7738823347831,0.011407486366713787,0.010768633535418957,0.001158443428910772,0.0005159022115213464,,,,,,,,,,,,,,
1832.2171993131585,0.011370157303507973,0.010719320334514247,0.0011547668114964928,0.0005137131871193628,,,,,,,,,,,,,,
1834.6637788792837,0.011332950393326529,0.010670232955370111,0.001151101862770796,0.0005115334509656675,,,,,,,,,,,,,,
1837.1136253897312,0.011295865236444354,0.01062137036387254,0.0011474485457001029,0.0005093629636492967,,,,,,,,,,,,,,
1839.5667432068838,0.011258901434444498,0.010572731530643257,0.001143806823368375,0.000507201685926516,,,,,,,,,,,,,,
1842.0231366989567,0.011222058590213645,0.010524315431017686,0.0011401766589767286,0.0005050495787201013,,,,,,,,,,,,,,
1844.4828102399922,0.011185336307938054,0.01047612104502365,0.0011365580158430799,0.0005029066031186402,,,,,,,,,,,,,,
1846.9457682098737,0.01114873419309921,0.01042814735735978,0.0011329508574017609,0.000500772720375827,,,,,,,,,,,,,,
1849.4120149943383,0.011112251852469519,0.010380393357373988,0.001129355147203152,0.0004986478919097539,,,,,,,,,,,,,,
1851.8815549849724,0.01107588889410826,0.010332858039042466,0.0011257708489133217,0.000496532079302228,,,,,,,,,,,,,,
1854.3543925792337,0.011039644927357165,0.010285540400948166,0.0011221979263136435,0.0004944252442980609,,,,,,,,,,,,,,
1856.8305321804444,0.01100351956283644,0.010238439446260015,0.0011186363433004537,0.0004923273488043921,,,,,,,,,,,,,,
1859.3099781978142,0.010967512412440357,0.010191554182711633,0.0011150860638846584,0.0004902383548899857,,,,,,,,,,,,,,
1861.7927350464327,0.01093162308933331,0.010144883622580685,0.0011115470521913982,0.00048815822478455917,,,,,,,,,,,,,,
1864.2788071472928,0.010895851207945437,0.01009842678266783,0.0011080192724596592,0.00048608692087808537,,,,,,,,,,,,,,
1866.7681989272828,0.010860196383968698,0.010052182684276253,0.0011045026890419336,0.00048402440572012823,,,,,,,,,,,,,,
1869.2609148192105,0.010824658234352526,0.010006150353190777,0.0011009972664038443,0.00048197064201914945,,,,,,,,,,,,,,
1871.756959261795,0.01078923637729993,0.009960328819657648,0.001097502969123797,0.0004799255926418506,,,,,,,,,,,,,,
1874.2563366996897,0.010753930432263178,0.009914717118363772,0.0010940197618926084,0.0004778892206124855,,,,,,,,,,,,,,
1876.7590515834777,0.010718740019939894,0.009869314288416683,0.0010905476095131679,0.00047586148911220566,,,,,,,,,,,,,,
1879.265108369685,0.010683664762268912,0.00982411937332413,0.001087086476900067,0.0004738423614783886,,,,,,,,,,,,,,
1881.774511520794,0.010648704282426116,0.009779131420973903,0.0010836363290792485,0.00047183180120396914,,,,,,,,,,,,,,
1884.2872655052386,0.010613858204820598,0.009734349483613923,0.0010801971311876588,0.0004698297719367931,,,,,,,,,,,,,,
1886.8033747974266,0.010579126155090397,0.0096897726178321,0.0010767688484728832,0.0004678362374789442,,,,,,,,,,,,,,
1889.322843877733,0.010544507760098696,0.00964539988453664,0.0010733514462928143,0.00046585116178610533,,,,,,,,,,,,,,
1891.8456772325237,0.010510002647929596,0.009601230348936049,0.0010699448901152775,0.00046387450896689134,,,,,,,,,,,,,,
1894.3718793541468,0.010475610447884342,0.0095572630805197,0.0010665491455177072,0.00046190624328221533,,,,,,,,,,,,,,
1896.9014547409572,0.010441330790477115,0.009513497153037936,0.001063164178186776,0.00045994632914462744,,,,,,,,,,,,,,
1899.434407897309,0.010407163307431284,0.009469931644482866,0.0010597899539180663,0.0004579947311176863,,,,,,,,,,,,,,
1901.9707433335784,0.010373107631675238,0.009426565637068621,0.001056426438615712,0.0004560514139153035,,,,,,,,,,,,,,
1904.5104655661564,0.010339163397338645,0.009383398217212346,0.0010530735982920642,0.00045411634240112055,,,,,,,,,,,,,,
1907.0535791174734,0.010305330239748322,0.009340428475514634,0.0010497313990673338,0.0004521894815878583,,,,,,,,,,,,,,
1909.600088515992,0.01027160779542449,0.009297655506740643,0.0010463998071692682,0.0004502707966366984,,,,,,,,,,,,,,
1912.1499982962218,0.010237995702076806,0.009255078409800874,0.0010430787889327945,0.00044836025285664515,,,,,,,,,,,,,,
1914.7033129987335,0.01020449359860037,0.009212696287732173,0.0010397683107996835,0.00044645781570389786,,,,,,,,,,,,,,
1917.2600371701533,0.010171101125072047,0.009170508247678951,0.0010364683393182157,0.0004445634507812323,,,,,,,,,,,,,,
1919.8201753631856,0.010137817922746387,0.009128513400874241,0.0010331788411428316,0.00044267712383737145,,,,,,,,,,,,,,
1922.383732136607,0.010104643634051974,0.009086710862621115,0.0010298997830338141,0.00044079880076637346,,,,,,,,,,,,,,
1924.9507120552887,0.010071577902587382,0.009045099752273862,0.0010266311318569276,0.00043892844760700777,,,,,,,,,,,,,,
1927.5211196901903,0.01003862037311755,0.009003679193219684,0.0010233728545831094,0.00043706603054214846,,,,,,,,,,,,,,
1930.0949596183823,0.010005770691569762,0.008962448312859939,0.0010201249182881119,0.0004352115158981552,,,,,,,,,,,,,,
1932.6722364230393,0.009973028505030053,0.008921406242592056,0.0010168872901521885,0.000433364870144272,,,,,,,,,,,,,,
1935.2529546934638,0.009940393461739182,0.008880552117790942,0.0010136599374597503,0.00043152605989201355,,,,,,,,,,,,,,
1937.8371190250787,0.00990786521108912,0.008839885077791057,0.001010442827599044,0.0004296950518945689,,,,,,,,,,,,,,
1940.4247340194509,0.009875443403619021,0.008799404265867996,0.0010072359280618103,0.00042787181304619295,,,,,,,,,,,,,,
1943.0158042842857,0.009843127691011653,0.008759108829220702,0.0010040392064429725,0.0004260563103816138,,,,,,,,,,,,,,
1945.6103344334417,0.009810917726089623,0.00871899791895334,0.0010008526304402954,0.00042424851107543627,,,,,,,,,,,,,,
1948.2083290869439,0.009778813162811525,0.008679070690057416,0.0009976761678540612,0.00042244838244154086,,,,,,,,,,,,,,
1950.8097928709788,0.009746813656268411,0.008639326301394083,0.0009945097865867514,0.00042065589193250553,,,,,,,,,,,,,,
1953.414730417918,0.00971491886267989,0.008599763915676281,0.000991353454642709,0.0004188710071390033,,,,,,,,,,,,,,
1956.0231463663108,0.009683128439390652,0.008560382699451244,0.0009882071401278347,0.00041709369578923,,,,,,,,,,,,,,
1958.6350453609089,0.009651442044866553,0.008521181823082789,0.0009850708112492407,0.0004153239257483071,,,,,,,,,,,,,,
1961.2504320526575,0.009619859338691153,0.008482160460734004,0.000981944436314955,0.0004135616650177144,,,,,,,,,,,,,,
1963.8693110987208,0.00958837998156188,0.00844331779034965,0.0009788279837335764,0.00041180688173469786,,,,,,,,,,,,,,
1966.4916871624732,0.009557003635286576,0.008404652993639095,0.0009757214220139756,0.0004100595441717069,,,,,,,,,,,,,,
1969.1175649135246,0.009525729962779658,0.008366165256058789,0.000972624719764963,0.00040831962073580746,,,,,,,,,,,,,,
1971.7469490277124,0.009494558628058678,0.00832785376679539,0.0009695378456949825,0.00040658707996812417,,,,,,,,,,,,,,
1974.3798441871252,0.009463489296240553,0.008289717718748415,0.0009664607686117816,0.00040486189054325807,,,,,,,,,,,,,,
1977.0162550800978,0.009432521633538133,0.008251756308513455,0.0009633934574221133,0.00040314402126873235,,,,,,,,,,,,,,
1979.6561864012258,0.009401655307256498,0.008213968736365172,0.0009603358811314091,0.0004014334410844214,,,,,,,,,,,,,,
1982.299642851379,0.009370889985789364,0.008176354206240341,0.0009572880088434679,0.0003997301190619888,,,,,,,,,,,,,,
1984.9466291376968,0.00934022533861567,0.00813891192572128,0.0009542498097601501,0.0003980340244043332,,,,,,,,,,,,,,
1987.5971499736117,0.009309661036295831,0.00810164110601898,0.0009512212531810544,0.00039634512644502534,,,,,,,,,,,,,,
1990.251210078842,0.00927919675046838,0.00806454096195663,0.0009482023085032259,0.00039466339464775996,,,,,,,,,,,,,,
1992.9088141794168,0.009248832153846271,0.008027610711952939,0.000945192945220824,0.00039298879860579693,,,,,,,,,,,,,,
1995.5699670076676,0.009218566920213554,0.00799084957800582,0.0009421931329248383,0.0003913213080414184,,,,,,,,,,,,,,
1998.2346733022532,0.009188400724421663,0.007954256785675814,0.0009392028413027581,0.0003896608928053745,,,,,,,,,,,,,,
2000.9029378081518,0.009158333242386105,0.00791783156407001,0.0009362220401382854,0.0003880075228763449,,,,,,,,,,,,,,
2003.5747652766854,0.009128364151082823,0.00788157314582554,0.000933250699311016,0.0003863611683603896,,,,,,,,,,,,,,
2006.2501604655154,0.009098493128544879,0.007845480767093651,0.0009302887887961432,0.0003847217994904134,,,,,,,,,,,,,,
2008.9291281386547,0.00906871985385889,0.007809553667523508,0.000927336278664155,0.00038308938662562754,,,,,,,,,,,,,,
2011.6116730664853,0.00903904400716155,0.007773791090246083,0.0009243931390805197,0.0003814639002510069,,,,,,,,,,,,,,
2014.29780002575,0.009009465269636361,0.007738192281858432,0.0009214593403054012,0.00037984531097676785,,,,,,,,,,,,,,
2016.9875137995782,0.008979983323509988,0.0077027564924075816,0.0009185348526933453,0.0003782335895378242,,,,,,,,,,,,,,
2019.6808191774785,0.008950597852049042,0.007667482975374938,0.0009156196466929904,0.0003766287067932709,,,,,,,,,,,,,,
2022.377720955363,0.008921308539556506,0.007632370987660397,0.0009127136928467556,0.0003750306337258441,,,,,,,,,,,,,,
2025.0782239355397,0.008892115071368532,0.007597419789566824,0.0009098169617905619,0.0003734393414414096,,,,,,,,,,,,,,
2027.7823329267371,0.00886301713385085,0.007562628644784342,0.0009069294242535137,0.00037185480116842747,,,,,,,,,,,,,,
2030.490052744097,0.008834014414395592,0.007527996820374958,0.0009040510510576247,0.0003702769842574446,,,,,,,,,,,,,,
2033.2013882091992,0.008805106601417763,0.007493523586756955,0.0009011818131175027,0.0003687058621805642,,,,,,,,,,,,,,
2035.9163441500532,0.008776293384352075,0.00745920821768973,0.0008983216814400727,0.0003671414065309422,,,,,,,,,,,,,,
2038.6349254011236,0.008747574453649414,0.00742504999025826,0.0008954706271242719,0.00036558358902226163,,,,,,,,,,,,,,
2041.3571368033247,0.00871894950077367,0.0073910481848580845,0.0008926286213607645,0.00036403238148823204,,,,,,,,,,,,,,
2044.0829832040347,0.008690418218198383,0.007357202085180054,0.0008897956354316521,0.00036248775588207377,,,,,,,,,,,,,,
2046.8124694571109,0.00866198029940335,0.007323510978195149,0.0008869716407101718,0.00036094968427601075,,,,,,,,,,,,,,
2049.545600422883,0.008633635438871483,0.007289974154139672,0.0008841566086604222,0.00035941813886077,,,,,,,,,,,,,,
2052.282380968181,0.00860538333208536,0.00725659090650005,0.0008813505108370633,0.0003578930919450733,,,,,,,,,,,,,,
2055.022815966323,0.008577223675524144,0.0072233605319981945,0.0008785533188850385,0.0003563745159551421,,,,,,,,,,,,,,
2057.766910297144,0.008549156166660117,0.0071902823305764535,0.0008757650045392758,0.00035486238343419326,,,,,,,,,,,,,,
2060.5146688469868,0.008521180503955615,0.007157355605383064,0.0008729855396244194,0.0003533566670419483,,,,,,,,,,,,,,
2063.2660965087266,0.008493296386859625,0.007124579662757313,0.0008702148960545251,0.00035185733955413347,,,,,,,,,,,,,,
2066.0211981817647,0.00846550351580473,0.007091953812215055,0.0008674530458327966,0.00035036437386199327,,,,,,,,,,,,,,
2068.779978772053,0.008437801592203703,0.007059477366434044,0.0008646999610512833,0.0003488777429717943,,,,,,,,,,,,,,
2071.542443192084,0.008410190318446469,0.007027149641239581,0.0008619556138906154,0.00034739742000434326,,,,,,,,,,,,,,
2074.3085963609215,0.008382669397896756,0.006994969955589946,0.0008592199766197073,0.000345923378194495,,,,,,,,,,,,,,
2077.078443204189,0.00835523853488906,0.006962937631562216,0.0008564930215954919,0.00034445559089067344,,,,,,,,,,,,,,
2079.8519886540885,0.008327897434725366,0.006931051994337909,0.0008537747212626346,0.00034299403155438904,,,,,,,,,,,,,,
2082.629237649414,0.00830064580367196,0.0068993123721886734,0.0008510650481532477,0.00034153867375975324,,,,,,,,,,,,,,
2085.4101951355447,0.00827348334895641,0.006867718096462348,0.0008483639748866267,0.0003400894911930107,,,,,,,,,,,,,,
2088.194866064474,0.008246409778764245,0.006836268501568637,0.0008456714741689629,0.00033864645765205244,,,,,,,,,,,,,,
2090.9832553947977,0.008219424802235979,0.006804962924965321,0.0008429875187930752,0.0003372095470459532,,,,,,,,,,,,,,
2093.7753680917426,0.008192528129463838,0.00677380070714408,0.0008403120816381253,0.00033577873339448843,,,,,,,,,,,,,,
2096.5712091271557,0.008165719471488819,0.006742781191616789,0.0008376451356693585,0.000334353990827676,,,,,,,,,,,,,,
2099.3707834795323,0.00813899854029739,0.006711903724901539,0.0008349866539378122,0.00033293529358529705,,,,,,,,,,,,,,
2102.1740961340074,0.008112365048818578,0.006681167656508991,0.0008323366095800631,0.00033152261601644136,,,,,,,,,,,,,,
2104.98115208238,0.008085818710920714,0.006650572338928563,0.0008296949758179368,0.0003301159325790327,,,,,,,,,,,,,,
2107.7919563231076,0.008059359241408551,0.006620117127614898,0.0008270617259582536,0.00032871521783937776,,,,,,,,,,,,,,
2110.6065138613294,0.008032986356019997,0.006589801380974153,0.0008244368333925442,0.00032732044647169553,,,,,,,,,,,,,,
2113.424829708863,0.008006699771423206,0.0065596244603506335,0.0008218202715967945,0.0003259315932576689,,,,,,,,,,,,,,
2116.246908884217,0.007980499205213517,0.006529585730013262,0.0008192120141311715,0.0003245486330859846,,,,,,,,,,,,,,
2119.0727564126087,0.007954384375910317,0.006499684557142108,0.0008166120346397488,0.00032317154095187496,,,,,,,,,,,,,,
2121.902377325956,0.00792835500295416,0.006469920311815244,0.0008140203068502542,0.00032180029195667565,,,,,,,,,,,,,,
2124.735776662906,0.007902410806703612,0.006440292366995262,0.000811436804573793,0.00032043486130736427,,,,,,,,,,,,,,
2127.572959468824,0.007876551508432411,0.006410800098516272,0.000808861501704592,0.0003190752243161231,,,,,,,,,,,,,,
2130.4139307958217,0.007850776830326284,0.006381442885070549,0.0008062943722197243,0.00031772135639988213,,,,,,,,,,,,,,
2133.2586957027484,0.007825086495480135,0.006352220108195647,0.000803735390178863,0.00031637323307988477,,,,,,,,,,,,,,
2136.107259255217,0.0077994802278949175,0.006323131152261172,0.0008011845297239995,0.0003150308299812351,,,,,,,,,,,,,,
2138.959626525595,0.0077739577524748365,0.006294175404455984,0.0007986417650792019,0.0003136941228324676,,,,,,,,,,,,,,
2141.815802593034,0.007748518795024212,0.006265352254775157,0.000796107070550336,0.0003123630874650977,,,,,,,,,,,,,,
2144.675792543457,0.007723163082244693,0.006236661096007233,0.0007935804205248217,0.0003110376998131953,,,,,,,,,,,,,,
2147.5396014695884,0.007697890341732181,0.006208101323721328,0.0007910617894713598,0.00030971793591293937,,,,,,,,,,,,,,
2150.4072344709452,0.007672700301974047,0.006179672336254484,0.0007885511519396879,0.0003084037719021938,,,,,,,,,,,,,,
2153.2786966538547,0.007647592692346112,0.006151373534698984,0.000786048482560316,0.0003070951840200707,,,,,,,,,,,,,,
2156.153993131469,0.007622567243109726,0.00612320432288963,0.0007835537560442649,0.0003057921486065004,,,,,,,,,,,,,,
2159.0331290237596,0.007597623685408998,0.006095164107391367,0.0007810669471828231,0.0003044946421018077,,,,,,,,,,,,,,
2161.916109457543,0.007572761751267736,0.006067252297486577,0.0007785880308472786,0.0003032026410462811,,,,,,,,,,,,,,
2164.8029395664726,0.007547981173586725,0.006039468305162836,0.0007761169819886803,0.00030191612207975326,,,,,,,,,,,,,,
2167.6936244910657,0.007523281686140717,0.006011811545100332,0.0007736537756375672,0.00030063506194117414,,,,,,,,,,,,,,
2170.5881693786955,0.007498663023575726,0.005984281434659723,0.0007711983869037345,0.0002993594374681949,,,,,,,,,,,,,,
2173.4865793836175,0.007474124921406005,0.005956877393869682,0.0007687507909759634,0.0002980892255967445,,,,,,,,,,,,,,
2176.3888596669594,0.007449667116011365,0.005929598845414834,0.0007663109631217895,0.00029682440336061737,,,,,,,,,,,,,,
2179.2950153967518,0.007425289344634204,0.005902445214623475,0.0007638788786872344,0.00029556494789105363,,,,,,,,,,,,,,
2182.2050517479174,0.007400991345376791,0.005875415929455546,0.0007614545130965701,0.00029431083641632915,,,,,,,,,,,,,,
2185.1189739022902,0.007376772857198434,0.005848510420490573,0.0007590378418520685,0.00029306204626134373,,,,,,,,,,,,,,
2188.03678704863,0.0073526336199125795,0.005821728120915577,0.0007566288405337434,0.000291818554847206,,,,,,,,,,,,,,
2190.958496382616,0.0073285733741841625,0.005795068466513299,0.0007542274847991211,0.0002905803396908338,,,,,,,,,,,,,,
2193.884107106875,0.00730459186152668,0.005768530895650126,0.0007518337503829764,0.0002893473784045383,,,,,,,,,,,,,,
2196.813624430971,0.007280688824299562,0.005742114849264451,0.0007494476130971029,0.0002881196486956285,,,,,,,,,,,,,,
2199.7470535714333,0.007256864005705245,0.005715819770854702,0.0007470690488300551,0.0002868971283659987,,,,,,,,,,,,,,
2202.6843997517494,0.007233117149786556,0.00568964510646781,0.0007446980335469192,0.0002856797953117369,,,,,,,,,,,,,,
2205.625668202389,0.0072094480014238335,0.005663590304687351,0.0007423345432890537,0.0002844676275227152,,,,,,,,,,,,,,
2208.5708641607985,0.007185856306332332,0.005637654816622114,0.0007399785541738649,0.0002832606030822019,,,,,,,,,,,,,,
2211.5199928714255,0.007162341811059329,0.005611838095894361,0.0007376300423945477,0.0002820587001664552,,,,,,,,,,,,,,
2214.473059585713,0.0071389042629815495,0.005586139598628469,0.0007352889842198628,0.0002808618970443385,,,,,,,,,,,,,,
2217.430069562124,0.007115543410302318,0.005560558783439354,0.0007329553559938801,0.0002796701720769177,,,,,,,,,,,,,,
2220.3910280661376,0.0070922590020489895,0.005535095111421145,0.000730629134135752,0.00027848350371707873,,,,,,,,,,,,,,
2223.3559403702634,0.007069050788070159,0.005509748046135826,0.000728310295139473,0.000277301870509133,,,,,,,,,,,,,,
2226.324811754058,0.007045918519032958,0.005484517053601836,0.0007259988155736324,0.000276125251088429,,,,,,,,,,,,,,
2229.2976475041187,0.0070228619464204976,0.005459401602282987,0.0007236946720811945,0.0002749536241809698,,,,,,,,,,,,,,
2232.2744529141123,0.006999880822529036,0.005434401163077086,0.0007213978413792442,0.000273786968603024,,,,,,,,,,,,,,
2235.255233284764,0.006976974900465469,0.005409515209304963,0.000719108300258768,0.00027262526326074705,,,,,,,,,,,,,,
2238.2399939238862,0.006954143934144541,0.005384743216699203,0.0007168260255844054,0.0002714684871497955,,,,,,,,,,,,,,
2241.228740146371,0.006931387678286346,0.005360084663393275,0.0007145509942942297,0.00027031661935495165,,,,,,,,,,,,,,
2244.2214772742145,0.006908705888413539,0.005335539029910365,0.0007122831833994986,0.00026916963904974084,,,,,,,,,,,,,,
2247.218210636513,0.006886098320848848,0.005311105799152604,0.0007100225699844392,0.00026802752549605954,,,,,,,,,,,,,,
2250.218945569485,0.006863564732712332,0.005286784456390002,0.000707769131205999,0.00026689025804379574,,,,,,,,,,,,,,
2253.2236874164682,0.006841104881918907,0.005262574489249776,0.0007055228442936322,0.0002657578161304602,,,,,,,,,,,,,,
2256.232441527942,0.006818718527175598,0.005238475387705392,0.0007032836865490536,0.0002646301792808101,,,,,,,,,,,,,,
2259.245213261525,0.00679640542797906,0.005214486644065948,0.000701051635346021,0.00026350732710648264,,,,,,,,,,,,,,
2262.262007981989,0.0067741653446129774,0.0051906077529654425,0.0006988266681301045,0.0002623892393056257,,,,,,,,,,,,,,
2265.282831061277,0.0067519980381453995,0.005166838211352049,0.0006966087624184493,0.0002612758956625266,,,,,,,,,,,,,,
2268.3076878784964,0.006729903270426306,0.0051431775184776676,0.0006943978957995643,0.00026016727604725423,,,,,,,,,,,,,,
2271.336583819945,0.006707880804084918,0.00511962517588721,0.0006921940459330793,0.00025906336041528645,,,,,,,,,,,,,,
2274.3695242791055,0.006685930402527288,0.005096180687408265,0.0006899971905495332,0.0002579641288071563,,,,,,,,,,,,,,
2277.4065146566704,0.006664051829933607,0.005072843559140478,0.0006878073074501364,0.00025686956134808256,,,,,,,,,,,,,,
2280.447560360536,0.006642244851255807,0.005049613299445314,0.0006856243745065609,0.000255779638247619,,,,,,,,,,,,,,
2283.4926668058274,0.006620509232214915,0.005026489418935534,0.0006834483696606996,0.0002546943397992879,,,,,,,,,,,,,,
2286.5418394148924,0.00659884473929867,0.00500347143046505,0.0006812792709244616,0.00025361364638023235,,,,,,,,,,,,,,
2289.595083617329,0.006577251139758865,0.004980558849118497,0.0006791170563795327,0.00025253753845085297,,,,,,,,,,,,,,
2292.652404849974,0.006555728201608985,0.004957751192201185,0.0006769617041771675,0.000251465996554463,,,,,,,,,,,,,,
2295.713808556937,0.006534275693621589,0.004935047979228769,0.0006748131925379604,0.0002503990013169282,,,,,,,,,,,,,,
2298.7793001895866,0.00651289338532595,0.004912448731917246,0.0006726714997516291,0.000249336533446324,,,,,,,,,,,,,,
2301.848885206572,0.006491581047005495,0.004889952974172856,0.0006705366041767974,0.0002482785737325825,,,,,,,,,,,,,,
2304.9225690738394,0.0064703384496953235,0.004867560232081963,0.0006684084842407666,0.00024722510304714466,,,,,,,,,,,,,,
2308.0003572646233,0.006449165365179854,0.004845270033901226,0.000666287118439313,0.00024617610234261786,,,,,,,,,,,,,,
2311.0822552594755,0.006428061565990229,0.004823081910047493,0.0006641724853364543,0.0002451315526524274,,,,,,,,,,,,,,
2314.1682685462583,0.006407026825402005,0.0048009953930880705,0.000662064563564247,0.00024409143509047774,,,,,,,,,,,,,,
2317.2584026201703,0.006386060917432595,0.004779010017730721,0.0006599633318225581,0.00024305573085080687,,,,,,,,,,,,,,
2320.352662983738,0.006365163616838976,0.00475712532081401,0.0006578687688788636,0.00024202442120725034,,,,,,,,,,,,,,
2323.4510551468466,0.006344334699115119,0.0047353408412974035,0.000655780853568018,0.00024099748751309872,,,,,,,,,,,,,,
2326.5535846267276,0.006323573940489716,0.004713656120251699,0.0006536995647920573,0.00023997491120076434,,,,,,,,,,,,,,
2329.66025694799,0.006302881117923651,0.004692070700849214,0.0006516248815199696,0.00023895667378144177,,,,,,,,,,,,,,
2332.771077642613,0.006282256009107724,0.004670584128354292,0.0006495567827874942,0.00023794275684477657,,,,,,,,,,,,,,
2335.8860522499617,0.006261698392460187,0.004649195950113647,0.0006474952476969084,0.0002369331420585323,,,,,,,,,,,,,,
2339.005186316806,0.006241208047124341,0.0046279057155468204,0.0006454402554168068,0.0002359278111682548,,,,,,,,,,,,,,
2342.1284853973125,0.006220784752966272,0.004606712976136756,0.0006433917851819055,0.0002349267459969493,,,,,,,,,,,,,,
2345.2559550530746,0.0062004282905723474,0.004585617285420253,0.0006413498162928171,0.00023392992844474395,,,,,,,,,,,,,,
2348.3876008531015,0.0061801384412469886,0.004564618198978684,0.0006393143281158566,0.00023293734048857032,,,,,,,,,,,,,,
2351.523428373849,0.0061599149870102,0.004543715274428492,0.0006372853000828184,0.00023194896418182975,,,,,,,,,,,,,,
2354.6634431992097,0.0061397577105953595,0.004522908071412016,0.0006352627116907809,0.0002309647816540767,,,,,,,,,,,,,,
2357.8076509205416,0.006119666395446746,0.0045021961515880685,0.000633246542501888,0.00022998477511068787,,,,,,,,,,,,,,
2360.956057136659,0.006099640825717333,0.0044815790786228455,0.0006312367721431558,0.00022900892683254805,,,,,,,,,,,,,,
2364.1086674538637,0.006079680786266363,0.004461056418180591,0.0006292333803062512,0.0002280372191757223,,,,,,,,,,,,,,
2367.265487485932,0.006059786062657159,0.004440627737914593,0.0006272363467473026,0.00022706963457114435,,,,,,,,,,,,,,
2370.426522854147,0.006039956441154682,0.0044202926074579235,0.0006252456512866807,0.00022610615552429156,,,,,,,,,,,,,,
2373.5917791872907,0.0060201917087233416,0.004400050598414512,0.000623261273808805,0.000225146764614875,,,,,,,,,,,,,,
2376.761262121661,0.006000491653024689,0.004379901284350041,0.0006212831942619389,0.0002241914444965218,,,,,,,,,,,,,,
2379.9349773010886,0.005980856062415063,0.004359844240782953,0.000619311392657979,0.0002232401778964587,,,,,,,,,,,,,,
2383.1129303769326,0.005961284725943423,0.004339879045175578,0.0006173458490722665,0.0002222929476152062,,,,,,,,,,,,,,
2386.2951270081066,0.005941777433348978,0.004320005276925133,0.0006153865436433721,0.0002213497365262603,,,,,,,,,,,,,,
2389.481572861071,0.005922333975059044,0.0043002225173549855,0.0006134334565729064,0.00022041052757579003,,,,,,,,,,,,,,
2392.6722736098636,0.005902954142186662,0.004280530349705691,0.0006114865681253125,0.00021947530378232192,,,,,,,,,,,,,,
2395.8672349360877,0.005883637726528476,0.0042609283591263595,0.0006095458586276724,0.00021854404823644017,,,,,,,,,,,,,,
2399.0664625289437,0.005864384520562383,0.004241416132665772,0.0006076113084695001,0.0002176167441004738,,,,,,,,,,,,,,
2402.2699620852186,0.005845194317445432,0.004221993259263822,0.0006056828981025555,0.0002166933746081992,,,,,,,,,,,,,,
2405.4777393093173,0.005826066911011458,0.004202659329742716,0.0006037606080406321,0.00021577392306453008,,,,,,,,,,,,,,
2408.6897999132507,0.005807002095768997,0.004183413936798493,0.0006018444188593756,0.00021485837284522248,,,,,,,,,,,,,,
2411.906149616668,0.0057879996668989695,0.004164256674992306,0.0005999343111960729,0.00021394670739656736,,,,,,,,,,,,,,
2415.126794146847,0.005769059420252581,0.004145187140742004,0.0005980302657494673,0.00021303891023509748,,,,,,,,,,,,,,
2418.351739238715,0.005750181152349065,0.004126204932313556,0.0005961322632795612,0.0002121349649472857,,,,,,,,,,,,,,
2421.580990634863,0.005731364660373472,0.004107309649812588,0.0005942402846074144,0.00021123485518924814,,,,,,,,,,,,,,
2424.814554085542,0.005712609742174598,0.004088500895176014,0.0005923543106149625,0.00021033856468645124,,,,,,,,,,,,,,
2428.05243534869,0.005693916196262679,0.004069778272163561,0.0005904743222448114,0.00020944607723341426,,,,,,,,,,,,,,
2431.2946401899235,0.005675283821807345,0.00405114138634954,0.0005886003005000546,0.0002085573766934196,,,,,,,,,,,,,,
2434.5411743825684,0.005656712418635355,0.0040325898451144,0.0005867322264440749,0.0002076724469982177,,,,,,,,,,,,,,
2437.7920437076505,0.005638201787228568,0.004014123257636595,0.0005848700812003577,0.00020679127214773987,,,,,,,,,,,,,,
2441.0472539539237,0.0056197517287216656,0.003995741234884216,0.0005830138459522933,0.00020591383620980553,,,,,,,,,,,,,,
2444.3068109178625,0.005601362044900137,0.003977443389606928,0.0005811635019429979,0.00020504012331983774,,,,,,,,,,,,,,
2447.570720403691,0.00558303253819804,0.003959229336327683,0.0005793190304751103,0.00020417011768057277,,,,,,,,,,,,,,
2450.8389882233746,0.005564763011695999,0.003941098691334722,0.0005774804129106174,0.00020330380356177796,,,,,,,,,,,,,,
2454.111620196649,0.005546553269118959,0.00392305107267337,0.000575647630670652,0.0002024411652999639,,,,,,,,,,,,,,
2457.3886221510124,0.005528403114834178,0.0039050861001381056,0.0005738206652353152,0.000201582187298104,,,,,,,,,,,,,,
2460.6699999217462,0.005510312353849104,0.0038872033952644758,0.0005719994981434878,0.0002007268540253522,,,,,,,,,,,,,,
2463.955759351931,0.005492280791809217,0.0038694025813211263,0.0005701841109926355,0.0001998751500167587,,,,,,,,,,,,,,
2467.2459062924395,0.005474308234996034,0.0038516832833019148,0.0005683744854386362,0.00019902705987299627,,,,,,,,,,,,,,
2470.5404466019663,0.005456394490324939,0.003834045127917946,0.0005665706031955814,0.00019818256826007534,,,,,,,,,,,,,,
2473.8393861470204,0.005438539365343211,0.0038164877435897756,0.0005647724460356022,0.00019734165990907323,,,,,,,,,,,,,,
2477.1427308019533,0.005420742668227836,0.0037990107604395007,0.0005629799957886773,0.00019650431961585154,,,,,,,,,,,,,,
2480.450486448952,0.00540300420778356,0.003781613810283071,0.0005611932343424561,0.00019567053224078782,,,,,,,,,,,,,,
2483.762658978066,0.0053853237934407315,0.003764296526622414,0.0005594121436420671,0.00019484028270849526,,,,,,,,,,,,,,
2487.079254287202,0.005367701235253368,0.0037470585446378367,0.000557636705689947,0.00019401355600755666,,,,,,,,,,,,,,
2490.4002782821512,0.005350136343896992,0.003729899501180217,0.0005558669025456456,0.00019319033719024663,,,,,,,,,,,,,,
2493.7257368765804,0.005332628930666707,0.003712819034763476,0.0005541027163256582,0.00019237061137226748,,,,,,,,,,,,,,
2497.0556359920643,0.005315178807475072,0.003695816785556841,0.0005523441292032314,0.0001915543637324741,,,,,,,,,,,,,,
2500.389981558076,0.005297785786850182,0.003678892395377374,0.0005505911234081936,0.00019074157951261142,,,,,,,,,,,,,,
2503.7287795120073,0.005280449681933581,0.0036620455076823632,0.0005488436812267725,0.00018993224401704433,,,,,,,,,,,,,,
2507.0720357991845,0.0052631703064782475,0.003645275767561806,0.0005471017850014096,0.0001891263426124918,,,,,,,,,,,,,,
2510.419756372864,0.0052459474748466775,0.003628582821730984,0.0005453654171305941,0.00018832386072776487,,,,,,,,,,,,,,
2513.771947194261,0.005228781002008778,0.0036119663185229566,0.0005436345600686715,0.00018752478385349996,,,,,,,,,,,,,,
2517.128614232541,0.005211670703539982,0.0035954259078812196,0.000541909196325678,0.00018672909754189978,,,,,,,,,,,,,,
2520.48976346485,0.005194616395619174,0.003578961241352251,0.0005401893084671553,0.00018593678740646887,,,,,,,,,,,,,,
2523.855400876306,0.005177617895026817,0.0035625719720782686,0.000538474879113981,0.00018514783912175668,,,,,,,,,,,,,,
2527.2255324600274,0.0051606750191428765,0.0035462577547898124,0.0005367658909421854,0.00018436223842309546,,,,,,,,,,,,,,
2530.600164217127,0.005143787585944953,0.003530018245798584,0.0005350623266827865,0.0001835799711063453,,,,,,,,,,,,,,
2533.9793021567402,0.00512695541400624,0.0035138531029900925,0.0005333641691216038,0.00018280102302763447,,,,,,,,,,,,,,
2537.3629522960196,0.005110178322493665,0.003497761985816548,0.0005316714010990955,0.00018202538010310597,,,,,,,,,,,,,,
2540.7511206601507,0.005093456131165889,0.0034817445552896426,0.0005299840055101785,0.00018125302830866274,,,,,,,,,,,,,,
2544.1438132823746,0.005076788660371344,0.003465800473973372,0.0005283019653040539,0.00018048395367971097,,,,,,,,,,,,,,
2547.541036203977,0.005060175731046406,0.003449929405977007,0.0005266252634840438,0.000179718142310913,,,,,,,,,,,,,,
2550.9427954743205,0.005043617164713344,0.003434131016947943,0.0005249538831074068,0.00017895558035592985,,,,,,,,,,,,,,
2554.3490971508363,0.005027112783478514,0.0034184049740647177,0.0005232878072851808,0.00017819625402717702,,,,,,,,,,,,,,
2557.759947299054,0.0050106624100303525,0.003402750946029942,0.0005216270191819985,0.00017744014959556907,,,,,,,,,,,,,,
2561.175351992592,0.004994265867637573,0.003387168603063377,0.0005199715020159289,0.00017668725339027735,,,,,,,,,,,,,,
2564.5953173131893,0.004977922980147157,0.0033716576168949302,0.0005183212390582995,0.000175937551798477,,,,,,,,,,,,,,
2568.019849350696,0.004961633571982563,0.0033562176607578012,0.0005166762136335335,0.0001751910312651067,,,,,,,,,,,,,,
2571.448954203104,0.004945397468141747,0.003340848409381522,0.0005150364091189741,0.00017444767829261765,,,,,,,,,,,,,,
2574.8826379765374,0.004929214494195386,0.0033255495389852,0.0005134018089447267,0.00017370747944073537,,,,,,,,,,,,,,
2578.3209067852845,0.0049130844762848925,0.0033103207272705886,0.0005117723965934787,0.00017297042132621092,,,,,,,,,,,,,,
2581.7637667517906,0.004897007241120636,0.003295161653415396,0.0005101481556003453,0.00017223649062258402,,,,,,,,,,,,,,
2585.2112240066754,0.00488098261598004,0.0032800719980664826,0.0005085290695526952,0.0001715056740599398,,,,,,,,,,,,,,
2588.663284688754,0.004865010428705723,0.003265051443333094,0.0005069151220899838,0.00017077795842466694,,,,,,,,,,,,,,
2592.119954945027,0.004849090507703681,0.0032500996727802584,0.0005053062969035967,0.0001700533305592235,,,,,,,,,,,,,,
2595.581240930715,0.004833222681941387,0.003235216371422017,0.0005037025777366728,0.0001693317773618936,,,,,,,,,,,,,,
2599.0471488092453,0.0048174067809460255,0.003220401225714876,0.0005021039483839525,0.00016861328578655593,,,,,,,,,,,,,,
2602.517684752288,0.004801642634802599,0.003205653923551135,0.000500510392691602,0.00016789784284244245,,,,,,,,,,,,,,
2605.9928549397423,0.004785930074152152,0.0031909741542523657,0.0004989218945570601,0.000167185435593909,,,,,,,,,,,,,,
2609.472665559771,0.004770268930189893,0.003176361608562814,0.0004973384379288687,0.0001664760511601959,,,,,,,,,,,,,,
2612.957122808788,0.004754659034663457,0.003161815978642942,0.0004957600068065153,0.00016576967671520055,,,,,,,,,,,,,,
2616.4462328914933,0.004739100219871009,0.0031473369580628744,0.0004941865852402655,0.00016506629948724006,,,,,,,,,,,,,,
2619.9400020208614,0.004723592318659545,0.0031329242417960286,0.0004926181573310109,0.0001643659067588257,,,,,,,,,,,,,,
2623.438436418173,0.004708135164422989,0.003118577526212591,0.0004910547072300967,0.00016366848586642772,,,,,,,,,,,,,,
2626.9415423130085,0.00469272859110048,0.0031042965090732097,0.0004894962191391732,0.00016297402420025113,,,,,,,,,,,,,,
2630.4493259432666,0.004677372433174582,0.0030900808895225882,0.00048794267731002946,0.00016228250920400484,,,,,,,,,,,,,,
2633.961793555184,0.004662066525669441,0.0030759303680831097,0.00048639406604443193,0.00016159392837467458,,,,,,,,,,,,,,
2637.478951403327,0.004646810704149101,0.0030618446466486172,0.00048485036969397546,0.0001609082692622989,,,,,,,,,,,,,,
2641.000805750624,0.0046316048047156545,0.003047823428478035,0.0004833115726599129,0.00016022551946974148,,,,,,,,,,,,,,
2644.5273628683562,0.0046164486640075724,0.0030338664181892017,0.00048177765939300983,0.00015954566665246961,,,,,,,,,,,,,,
2648.05862903619,0.004601342119197846,0.0030199733217525825,0.00048024861439337576,0.00015886869851832827,,,,,,,,,,,,,,
2651.5946105421654,0.004586285007992333,0.003006143846485129,0.00047872442221031703,0.0001581946028273207,,,,,,,,,,,,,,
2655.13531368273,0.0045712771686279305,0.0029923777010440605,0.0004772050674421743,0.00015752336739138429,,,,,,,,,,,,,,
2658.680744762729,0.004556318439870928,0.002978674595420779,0.0004756905347361718,0.00015685498007417286,,,,,,,,,,,,,,
2662.2309100954362,0.004541408661015174,0.0029650342409347076,0.00047418080878825587,0.00015618942879083473,,,,,,,,,,,,,,
2665.7858160025457,0.004526547671880442,0.0029514563502272646,0.0004726758743429494,0.00015552670150779672,,,,,,,,,,,,,,
2669.3454688142037,0.0045117353128106275,0.0029379406372557417,0.0004711757161931868,0.000154866786242544,,,,,,,,,,,,,,
2672.9098748690008,0.004496971424672113,0.0029244868172873507,0.00046968031918017067,0.00015420967106340554,,,,,,,,,,,,,,
2676.4790405139906,0.004482255848852008,0.0029110946068931906,0.0004681896681932126,0.0001535553440893382,,,,,,,,,,,,,,
2680.0529721047124,0.004467588427256425,0.002897763723942241,0.00046670374816957903,0.00015290379348970926,,,,,,,,,,,,,,
2683.631676005179,0.004452969002308864,0.002884493887595502,0.0004652225440943469,0.0001522550074840871,,,,,,,,,,,,,,
2687.2151585879137,0.004438397416948419,0.0028712848182999825,0.0004637460410002413,0.00015160897434202304,,,,,,,,,,,,,,
2690.803426233937,0.004423873514628175,0.002858136237782906,0.0004622742239674954,0.00015096568238284443,,,,,,,,,,,,,,
2694.3964853328016,0.004409397139313455,0.0028450478690457575,0.00046080707812368903,0.00015032511997543837,,,,,,,,,,,,,,
2697.9943422825813,0.004394968135480223,0.002832019436358525,0.00045934458864360704,0.00014968727553804642,,,,,,,,,,,,,,
2701.5970034899037,0.004380586348113327,0.0028190506652538334,0.0004578867407490837,0.0001490521375380502,,,,,,,,,,,,,,
2705.2044753699415,0.004366251622704907,0.0028061412825212064,0.00045643351970885783,0.00014841969449176784,,,,,,,,,,,,,,
2708.816764346443,0.004351963805252673,0.0027932910162012693,0.00045498491083841806,0.00014778993496424145,,,,,,,,,,,,,,
2712.433876851727,0.004337722742258313,0.0027804995955800554,0.0004535408994998621,0.00014716284756903478,,,,,,,,,,,,,,
2716.0558193267016,0.004323528280725805,0.0027677667511832992,0.0004521014711017431,0.00014653842096802472,,,,,,,,,,,,,,
2719.682598220883,0.00430938026815975,0.002755092214770712,0.000450666611098923,0.00014591664387119622,,,,,,,,,,,,,,
2723.3142199923886,0.0042952785525638155,0.0027424757193304124,0.0004492363049924286,0.0001452975050364401,,,,,,,,,,,,,,
2726.9506911079716,0.004281222982439001,0.0027299169990732124,0.00044781053832929936,0.0001446809932693473,,,,,,,,,,,,,,
2730.592018043008,0.004267213406782102,0.002717415789427106,0.00044638929670244993,0.0001440670974230091,,,,,,,,,,,,,,
2734.2382072815312,0.004253249675084005,0.0027049718270316086,0.00044497256575051406,0.00014345580639781282,,,,,,,,,,,,,,
2737.889265316224,0.004239331637328161,0.002692584849732294,0.00044356033115771054,0.00014284710914124388,,,,,,,,,,,,,,
2741.545198648447,0.004225459143988877,0.0026802545965751903,0.00044215257865368776,0.0001422409946476834,,,,,,,,,,,,,,
2745.2060137882327,0.004211632046029797,0.0026679808078013526,0.00044074929401338855,0.00014163745195821162,,,,,,,,,,,,,,
2748.871717254318,0.0041978501949022215,0.0026557632248413367,0.0004393504630569002,0.00014103647016040736,,,,,,,,,,,,,,
2752.542315574132,0.004184113442543597,0.0026436015903097965,0.000437956071649316,0.0001404380383881531,,,,,,,,,,,,,,
2756.2178152838324,0.004170421641375837,0.002631495648000018,0.0004365661057005863,0.00013984214582143622,,,,,,,,,,,,,,
2759.8982229282956,0.004156774644303801,0.0026194451428785577,0.00043518055116538386,0.0001392487816861552,,,,,,,,,,,,,,
2763.5835450611366,0.004143172304713705,0.0026074498210798673,0.0004337993940429561,0.0001386579352539246,,,,,,,,,,,,,,
2767.273788244732,0.0041296144764715,0.002595509429900899,0.0004324226203769846,0.00013806959584187887,,,,,,,,,,,,,,
2770.968959050208,0.004116101013921367,0.00258362371779586,0.0004310502162554471,0.00013748375281248307,,,,,,,,,,,,,,
2774.669064057478,0.0041026317718840894,0.002571792434370828,0.00042968216781047106,0.00013690039557333618,,,,,,,,,,,,,,
2778.374109855229,0.004089206605655568,0.0025600153303785627,0.00042831846121820215,0.000136319513576984,,,,,,,,,,,,,,
2782.0841030409583,0.004075825371005178,0.002548292157713166,0.0004269590826986544,0.00013574109632072406,,,,,,,,,,,,,,
2785.799050220962,0.004062487924174301,0.0025366226694049448,0.00042560401851558116,0.00013516513334642006,,,,,,,,,,,,,,
2789.5189580103665,0.004049194121874709,0.0025250066196151194,0.0004242532549763267,0.0001345916142403084,,,,,,,,,,,,,,
2793.2438330331233,0.004035943821287105,0.0025134437636307326,0.00042290677843169586,0.00013402052863281438,,,,,,,,,,,,,,
2796.9736819220384,0.004022736880059498,0.002501933857859409,0.0004215645752758105,0.00013345186619836017,,,,,,,,,,,,,,
2800.708511318763,0.004009573156305757,0.0024904766598242978,0.0004202266319459765,0.00013288561665518266,,,,,,,,,,,,,,
2804.4483278738307,0.003996452508604013,0.0024790719281589076,0.00041889293492254083,0.00013232176976514298,,,,,,,,,,,,,,
2808.193138246644,0.003983374795995213,0.0024677194226020572,0.0004175634707287624,0.00013176031533354562,,,,,,,,,,,,,,
2811.9429491055002,0.003970339877981555,0.0024564189039928143,0.0004162382259306706,0.0001312012432089515,,,,,,,,,,,,,,
2815.6977671276077,0.003957347614524969,0.0024451701342654104,0.00041491718713692965,0.00013064454328299454,,,,,,,,,,,,,,
2819.4575989990803,0.003944397866045679,0.0024339728764443025,0.00041360034099870716,0.00013009020549020045,,,,,,,,,,,,,,
2823.2224514149725,0.003931490493420619,0.002422826894639096,0.0004122876742095331,0.00012953821980780272,,,,,,,,,,,,,,
2826.9923310792647,0.0039186253579820115,0.0024117319540396605,0.0004109791735051735,0.00012898857625556352,,,,,,,,,,,,,,
2830.767244704903,0.003905802321515812,0.002400687820911098,0.000409674825663487,0.00012844126489559108,,,,,,,,,,,,,,
2834.5471990137853,0.0038930212462603025,0.0023896942625889032,0.00040837461750430103,0.0001278962758321621,,,,,,,,,,,,,,
2838.3322007367956,0.0038802819949045222,0.002378751047473979,0.00040707853588926906,0.0001273535992115409,,,,,,,,,,,,,,
2842.122256613796,0.0038675844305868724,0.002367857945027838,0.00040578656772174575,0.00012681322522180307,,,,,,,,,,,,,,
2845.917373393658,0.0038549284168935757,0.00235701472576767,0.00040449869994664935,0.00012627514409265623,,,,,,,,,,,,,,
2849.717557834256,0.0038423138178572892,0.002346221161261573,0.0004032149195503339,0.0001257393460952653,,,,,,,,,,,,,,
2853.5228167024975,0.003829740497955557,0.00233547702412369,0.000401935213560452,0.00012520582154207466,,,,,,,,,,,,,,
2857.3331567743176,0.0038172083221094193,0.0023247820880094522,0.00040065956904583133,0.00012467456078663454,,,,,,,,,,,,,,
2861.1485848347006,0.0038047171556819534,0.0023141361276108083,0.00039938797311633823,0.00012414555422342652,,,,,,,,,,,,,,
2864.969107677699,0.003792266864476776,0.002303538918651438,0.00039812041292274826,0.0001236187922876877,,,,,,,,,,,,,,
2868.7947321064244,0.0037798573147366753,0.002292990237882095,0.0003968568756566194,0.0001230942654552415,,,,,,,,,,,,,,
2872.625464933087,0.003767488373142101,0.0022824898630758295,0.0003955973485501573,0.00012257196424232127,,,,,,,,,,,,,,
2876.4613129789795,0.0037551599068098114,0.002272037573023381,0.0003943418188760939,0.00012205187920540298,,,,,,,,,,,,,,
2880.302283074516,0.0037428717832913606,0.0022616331475284438,0.00039309027394754956,0.00012153400094103044,,,,,,,,,,,,,,
2884.148382059219,0.003730623870571752,0.0022512763674031014,0.0003918427011179144,0.00012101832008564916,,,,,,,,,,,,,,
2887.999616781756,0.003718416037067952,0.002240967014463137,0.00039059908778071173,0.00012050482731543327,,,,,,,,,,,,,,
2891.8559940999276,0.0037062481516275505,0.002230704871523508,0.00038935942136947754,0.00011999351334612071,,,,,,,,,,,,,,
2895.717520880704,0.003694120083527271,0.002220489722393702,0.00038812368935762896,0.00011948436893284155,,,,,,,,,,,,,,
2899.584204000212,0.00368203170247164,0.0022103213518732444,0.00038689187925834137,0.0001189773848699547,,,,,,,,,,,,,,
2903.456050343774,0.0036699828785915207,0.0022001995457471123,0.0003856639786244172,0.00011847255199087755,,,,,,,,,,,,,,
2907.333066805895,0.003657973482442784,0.0021901240907812604,0.00038443997504816665,0.00011796986116792375,,,,,,,,,,,,,,
2911.215260290289,0.003646003385004874,0.0021800947747181204,0.00038321985616127747,0.00011746930331213653,,,,,,,,,,,,,,
2915.1026377098947,0.0036340724576794103,0.002170111386272095,0.0003820036096346906,0.00011697086937312308,,,,,,,,,,,,,,
2918.995205986872,0.0036221805722888695,0.0021601737151251705,0.00038079122317847836,0.00011647455033889422,,,,,,,,,,,,,,
2922.892972052635,0.0036103276010751267,0.002150281551922414,0.0003795826845417152,0.0001159803372356976,,,,,,,,,,,,,,
2926.7959428478416,0.003598513416698157,0.0021404346882676352,0.00037837798151236124,0.00011548822112785934,,,,,,,,,,,,,,
2930.7041253224297,0.0035867378922346013,0.0021306329167189255,0.00037717710191713003,0.00011499819311761858,,,,,,,,,,,,,,
2934.617526435606,0.0035750009011764755,0.0021208760307843567,0.0003759800336213749,0.00011451024434497043,,,,,,,,,,,,,,
2938.5361531558806,0.0035633023174297318,0.0021111638249175627,0.00037478676452895723,0.00011402436598750204,,,,,,,,,,,,,,
2942.4600124610583,0.003551642015312976,0.0021014960945134773,0.00037359728258213205,0.0001135405492602368,,,,,,,,,,,,,,
2946.389111338272,0.0035400198695560523,0.002091872635903956,0.00037241157576141935,0.00011305878541547172,,,,,,,,,,,,,,
2950.3234567839763,0.003528435755298764,0.0020822932463535476,0.00037122963208548914,0.00011257906574262272,,,,,,,,,,,,,,
2954.263055803969,0.003516889548089485,0.002072757724055187,0.0003700514396110371,0.00011210138156806518,,,,,,,,,,,,,,
2958.2079154134103,0.0035053811238838165,0.0020632658681259334,0.00036887698643266116,0.00011162572425497686,,,,,,,,,,,,,,
2962.1580426368164,0.003493910359043313,0.0020538174786027892,0.000367706260682747,0.00011115208520318341,,,,,,,,,,,,,,
2966.113444508096,0.0034824771303340746,0.0020444123564384194,0.00036653925053134343,0.00011068045584900094,,,,,,,,,,,,,,
2970.074128070538,0.0034710813149254967,0.0020350503034970288,0.00036537594418604644,0.00011021082766508303,,,,,,,,,,,,,,
2974.040100376847,0.003459722790388884,0.002025731122550118,0.0003642163298918753,0.0001097431921602647,,,,,,,,,,,,,,
2978.0113684891353,0.0034484014346962077,0.0020164546172723977,0.00036306039593116086,0.00010927754087941082,,,,,,,,,,,,,,
2981.9879394789564,0.003437117126218716,0.002007220592237585,0.00036190813062341847,0.00010881386540326122,,,,,,,,,,,,,,
2985.9698204272936,0.0034258697437256993,0.001998028852914352,0.000360759522325239,0.0001083521573482805,,,,,,,,,,,,,,
2989.9570184245986,0.0034146591663831217,0.0019888792056621638,0.00035961455943016253,0.00010789240836650446,,,,,,,,,,,,,,
2993.949540570779,0.0034034852737523957,0.0019797714577272614,0.00035847323036856856,0.00010743461014539107,,,,,,,,,,,,,,
2997.9473939752343,0.00339234794578901,0.00197070541723854,0.0003573355236075525,0.00010697875440766834,,,,,,,,,,,,,,
3001.950585756849,0.0033812470628413,0.0019616808932035614,0.0003562014276508153,0.00010652483291118615,,,,,,,,,,,,,,
3005.959123044013,0.0033701825056491495,0.0019526976955045018,0.0003550709310385443,0.00010607283744876701,,,,,,,,,,,,,,
3009.973012974644,0.003359154155342672,0.001943755634894132,0.0003539440223472946,0.00010562275984805599,,,,,,,,,,,,,,
3013.9922626961798,0.003348161893440992,0.0019348545229918798,0.00035282069018987953,0.00010517459197137592,,,,,,,,,,,,,,
3018.0168793656126,0.003337205601850912,0.001925994172279799,0.0003517009232152507,0.00010472832571557691,,,,,,,,,,,,,,
3022.0468701494806,0.0033262851628657127,0.0019171743960986836,0.00035058471010838694,0.00010428395301189327,,,,,,,,,,,,,,
3026.0822422239034,0.003315400459163811,0.0019083950086440707,0.00034947203959017535,0.00010384146582579414,,,,,,,,,,,,,,
3030.123002774571,0.003304551373807572,0.0018996558249623906,0.00034836290041730426,0.00010340085615684173,,,,,,,,,,,,,,
3034.1691589967804,0.003293737790241986,0.0018909566609470068,0.00034725728138214107,0.00010296211603854316,,,,,,,,,,,,,,
3038.2207180954238,0.003282959592293489,0.0018822973333344002,0.00034615517131262783,0.00010252523753820987,,,,,,,,,,,,,,
3042.2776872850277,0.0032722166641686364,0.001873677659700246,0.0003450565590721601,0.00010209021275681083,,,,,,,,,,,,,,
3046.340073789739,0.00326150889045293,0.001865097458455633,0.00034396143355948144,0.00010165703382883305,,,,,,,,,,,,,,
3050.407884843364,0.0032508361561095155,0.001856556548843176,0.000342869783708565,0.00010122569292213599,,,,,,,,,,,,,,
3054.481127689359,0.003240198346478006,0.0018480547509332637,0.0003417815984885075,0.00010079618223781306,,,,,,,,,,,,,,
3058.5598095808514,0.0032295953472732124,0.001839591885620235,0.00034069686690341513,0.00010036849401004875,,,,,,,,,,,,,,
3062.6439377806646,0.003219027044583905,0.001831167774618605,0.0003396155779922896,9.994262050597811e-05,,,,,,,,,,,,,,
3066.7335195613073,0.0032084933248716432,0.001822782240459335,0.00033853772082892295,9.95185540255488e-05,,,,,,,,,,,,,,
3070.828562205011,0.003197994074969489,0.001814435106486054,0.0003374632845217825,9.909628690137865e-05,,,,,,,,,,,,,,
3074.9290730037205,0.0031875291820808505,0.0018061261968513884,0.0003363922582139045,9.867581149862124e-05,,,,,,,,,,,,,,
3079.0350592591276,0.003177098533778216,0.0017978553365131991,0.00033532463108277975,9.825712021482321e-05,,,,,,,,,,,,,,
3083.146528282664,0.0031667020180020083,0.0017896223512309534,0.00033426039234025085,9.784020547979155e-05,,,,,,,,,,,,,,
3087.2634873955353,0.003156339523059311,0.0017814270675619956,0.00033319953123239526,9.742505975545191e-05,,,,,,,,,,,,,,
3091.385943928711,0.0031460109376227332,0.0017732693128579512,0.0003321420370394248,9.701167553571716e-05,,,,,,,,,,,,,,
3095.513905222964,0.003135716150729158,0.001765148915261032,0.00033108789907556973,9.660004534634685e-05,,,,,,,,,,,,,,
3099.6473786288534,0.003125455051778599,0.001757065703700473,0.00033003710668897724,9.619016174481684e-05,,,,,,,,,,,,,,
3103.7863715067692,0.0031152275305329725,0.001749019507888872,0.0003289896492615979,9.578201732018001e-05,,,,,,,,,,,,,,
3107.93089122692,0.0031050334771149414,0.0017410101583186521,0.0003279455162090841,9.537560469293658e-05,,,,,,,,,,,,,,
3112.0809451693535,0.003094872782006726,0.001733037486258463,0.00032690469698068035,9.497091651489794e-05,,,,,,,,,,,,,,
3116.236540723985,0.0030847453360489025,0.001725101323749622,0.000325867181059114,9.456794546905421e-05,,,,,,,,,,,,,,
3120.397685290582,0.003074651030439288,0.001717201503602603,0.0003248329579604947,9.416668426944305e-05,,,,,,,,,,,,,,
3124.5643862788074,0.003064589756731701,0.0017093378593934744,0.0003238020172342025,9.376712566101642e-05,,,,,,,,,,,,,,
3128.7366511082055,0.0030545614068348613,0.0017015102254604433,0.00032277434846278864,9.336926241951095e-05,,,,,,,,,,,,,,
3132.9144872082393,0.003044565873011169,0.0016937184369003096,0.0003217499412618629,9.297308735131576e-05,,,,,,,,,,,,,,
3137.0979020182817,0.0030346030478756126,0.0016859623295650485,0.0003207287852799966,9.257859329334397e-05,,,,,,,,,,,,,,
3141.286902987651,0.003024672824394546,0.0016782417400582966,0.0003197108701986101,9.218577311290159e-05,,,,,,,,,,,,,,
3145.4814975756003,0.0030147750958846,0.0016705565057319647,0.00031869618573187615,9.179461970756014e-05,,,,,,,,,,,,,,
3149.6816932513552,0.0030049097560114805,0.001662906464682757,0.0003176847216266087,9.140512600502668e-05,,,,,,,,,,,,,,
3153.887497494103,0.0029950766987888885,0.0016552914557488143,0.0003166764676621659,9.101728496301748e-05,,,,,,,,,,,,,,
3158.098917793031,0.002985275818577314,0.0016477113185062655,0.0003156714136503405,9.063108956912918e-05,,,,,,,,,,,,,,
3162.3159616473167,0.002975507010082951,0.0016401658932658953,0.0003146695494352631,9.024653284071327e-05,,,,,,,,,,,,,,
3166.538636566152,0.0029657701683565613,0.0016326550210697534,0.00031367086489329614,8.986360782474934e-05,,,,,,,,,,,,,,
3170.7669500687643,0.0029560651887923055,0.0016251785436878026,0.00031267534993292985,8.948230759771879e-05,,,,,,,,,,,,,,
3175.0009096844096,0.002946391967126678,0.0016177363036146092,0.00031168299449468514,8.91026252654809e-05,,,,,,,,,,,,,,
3179.240522952411,0.0029367503994373293,0.0016103281440659905,0.0003106937885510063,8.872455396314677e-05,,,,,,,,,,,,,,
3183.4857974221454,0.002927140382142012,0.0016029539089757558,0.00030970772210616636,8.834808685495663e-05,,,,,,,,,,,,,,
3187.7367406530834,0.002917561811997402,0.0015956134429923681,0.0003087247851961584,8.797321713415478e-05,,,,,,,,,,,,,,
3191.9933602147776,0.0029080145860980464,0.0015883065914757233,0.0003077449678886026,8.759993802286801e-05,,,,,,,,,,,,,,
3196.2556636868994,0.002898498601875207,0.0015810332004938404,0.0003067682602826384,8.722824277198155e-05,,,,,,,,,,,,,,
3200.5236586592314,0.002889013757095818,0.001573793116819671,0.0003057946525088319,8.685812466101854e-05,,,,,,,,,,,,,,
3204.797352731701,0.0028795599498613197,0.001566586187927819,0.00030482413472906903,8.648957699801705e-05,,,,,,,,,,,,,,
3209.076753514376,0.002870137078606617,0.0015594122619913726,0.00030385669713646116,8.612259311941014e-05,,,,,,,,,,,,,,
3213.3618686274854,0.0028607450420989776,0.001552271187878687,0.00030289232995524544,8.575716638990579e-05,,,,,,,,,,,,,,
3217.6527057014428,0.00285138373943691,0.0015451628151501818,0.0003019310234406818,8.53932902023644e-05,,,,,,,,,,,,,,
3221.949272376839,0.002842053070049132,0.0015380869940552102,0.0003009727678789612,8.503095797768325e-05,,,,,,,,,,,,,,
3226.251576304479,0.002832752933693438,0.001531043575528869,0.0003000175535871006,8.467016316467327e-05,,,,,,,,,,,,,,
3230.559625145372,0.002823483230455679,0.0015240324111888866,0.00029906537091285105,8.431089923994487e-05,,,,,,,,,,,,,,
3234.87342657077,0.002814243860748628,0.0015170533533324705,0.00029811621023459483,8.395315970778576e-05,,,,,,,,,,,,,,
3239.192988262155,0.0028050347253109633,0.001510106254933224,0.00029717006196125425,8.359693810004764e-05,,,,,,,,,,,,,,
3243.5183179112787,0.002795855725206156,0.0015031909696380146,0.00029622691653218757,8.324222797602517e-05,,,,,,,,,,,,,,
3247.849423220152,0.0027867067618214604,0.0014963073517639336,0.0002952867644171,8.288902292234363e-05,,,,,,,,,,,,,,
3252.1863119010827,0.0027775877368667935,0.0014894552562951784,0.0002943495961159402,8.253731655283883e-05,,,,,,,,,,,,,,
3256.5289916766637,0.0027684985523737347,0.0014826345388800476,0.00029341540215881005,8.218710250844575e-05,,,,,,,,,,,,,,
3260.8774702798137,0.0027594391106944235,0.00147584505582785,0.0002924841731058652,8.183837445707945e-05,,,,,,,,,,,,,,
3265.2317554537663,0.0027504093145005607,0.0014690866641059212,0.0002915558995472215,8.149112609352441e-05,,,,,,,,,,,,,,
3269.5918549520957,0.0027414090667823294,0.0014623592213365909,0.0002906305721028608,8.114535113931804e-05,,,,,,,,,,,,,,
3273.9577765387394,0.0027324382708473435,0.0014556625857941683,0.00028970818142253185,8.08010433426376e-05,,,,,,,,,,,,,,
3278.3295279879885,0.0027234968303196565,0.00144899661640199,0.0002887887181856623,8.045819647818806e-05,,,,,,,,,,,,,,
3282.7071170845284,0.0027145846491386672,0.0014423611727294164,0.0002878721731012579,8.011680434708831e-05,,,,,,,,,,,,,,
3287.0905516234266,0.002705701631558139,0.001435756114988899,0.0002869585369078143,7.97768607767604e-05,,,,,,,,,,,,,,
3291.479839410172,0.0026968476821451256,0.0014291813040330128,0.0002860478003732183,7.943835962081653e-05,,,,,,,,,,,,,,
3295.874988260665,0.002688022705778998,0.0014226366013515477,0.0002851399542946605,7.910129475894933e-05,,,,,,,,,,,,,,
3300.276006001253,0.002679226607650364,0.0014161218690685615,0.00028423498949853526,7.876566009681982e-05,,,,,,,,,,,,,,
3304.6829004687224,0.0026704592932601024,0.001409636969939514,0.0002833328968403554,7.843144956594858e-05,,,,,,,,,,,,,,
3309.0956795103375,0.002661720668418301,0.0014031817673483315,0.0002824336672046529,7.80986571236047e-05,,,,,,,,,,,,,,
3313.5143509838276,0.0026530106392432975,0.0013967561253045732,0.00028153729150489227,7.776727675269779e-05,,,,,,,,,,,,,,
3317.938922757428,0.0026443291121606115,0.0013903599084405225,0.00028064376068337503,7.743730246166799e-05,,,,,,,,,,,,,,
3322.3694027098695,0.002635675993901986,0.0013839929820083738,0.00027975306571115027,7.710872828437867e-05,,,,,,,,,,,,,,
3326.8057987304046,0.0026270511915043758,0.0013776552118773772,0.00027886519758792394,7.678154828000809e-05,,,,,,,,,,,,,,
3331.248118718831,0.002618454612308918,0.0013713464645309958,0.0002779801473419637,7.645575653294158e-05,,,,,,,,,,,,,,
3335.696370585479,0.0026098861639599837,0.0013650666070641319,0.0002770979060300149,7.613134715266562e-05,,,,,,,,,,,,,,
3340.1505622512586,0.0026013457544041383,0.001358815507180285,0.0002762184647372034,7.580831427366008e-05,,,,,,,,,,,,,,
3344.610701647641,0.002592833291889206,0.0013525930331888005,0.0002753418145769514,7.548665205529346e-05,,,,,,,,,,,,,,
3349.0767967167017,0.002584348684963225,0.0013463990540020679,0.000274467946690882,7.516635468171602e-05,,,,,,,,,,,,,,
3353.548855411109,0.002575891842473518,0.001340233439132782,0.00027359685224873624,7.484741636175587e-05,,,,,,,,,,,,,,
3358.026885694163,0.0025674626735656654,0.0013340960586911716,0.0002727285224482765,7.4529831328813e-05,,,,,,,,,,,,,,
3362.510895539785,0.002559061087682584,0.001327986783382287,0.00027186294851520485,7.421359384075629e-05,,,,,,,,,,,,,,
3367.0008929325563,0.0025506869945634927,0.0013219054845032476,0.00027100012170306774,7.389869817981845e-05,,,,,,,,,,,,,,
3371.4968858677075,0.0025423403042429973,0.0013158520339405665,0.00027014003329317295,7.358513865249382e-05,,,,,,,,,,,,,,
3375.9988823511576,0.0025340209270500766,0.0013098263041674103,0.00026928267459449786,7.327290958943429e-05,,,,,,,,,,,,,,
3380.506890399507,0.0025257287736071667,0.0013038281682409502,0.0002684280369436037,7.296200534534778e-05,,,,,,,,,,,,,,
3385.02091804006,0.002517463754829168,0.0012978574997996708,0.0002675761117045483,7.265242029889574e-05,,,,,,,,,,,,,,
3389.5409733108513,0.002509225781922482,0.0012919141730606933,0.00026672689026879516,7.23441488525911e-05,,,,,,,,,,,,,,
3394.0670642606333,0.0025010147663840996,0.0012859980628171618,0.0002658803640551326,7.203718543269806e-05,,,,,,,,,,,,,,
3398.599198948921,0.0024928306200005957,0.0012801090444355657,0.00026503652450958037,7.173152448913015e-05,,,,,,,,,,,,,,
3403.1373854459775,0.0024846732548472303,0.001274246993853148,0.00026419536310530917,7.142716049535104e-05,,,,,,,,,,,,,,
3407.6816318328556,0.002476542583286961,0.001268411787575266,0.00026335687134254924,7.112408794827349e-05,,,,,,,,,,,,,,
3412.2319462013857,0.0024684385179695486,0.0012626033026728102,0.00026252104074850986,7.082230136816096e-05,,,,,,,,,,,,,,
3416.788336654216,0.002460360971830567,0.0012568214167795952,0.0002616878628772879,7.05217952985274e-05,,,,,,,,,,,,,,
3421.3508113048015,0.002452309858090514,0.0012510660080898028,0.0002608573293097885,7.022256430603978e-05,,,,,,,,,,,,,,
3425.919378277444,0.002444285090253839,0.0012453369553553897,0.00026002943165363406,6.992460298041864e-05,,,,,,,,,,,,,,
3430.4940457072853,0.0024362865821080533,0.0012396341378835616,0.00025920416154308405,6.962790593434116e-05,,,,,,,,,,,,,,
3435.0748217403275,0.0024283142477227776,0.001233957435534218,0.0002583815106389494,6.933246780334406e-05,,,,,,,,,,,,,,
3439.661714533462,0.00242036800144881,0.0012283067287174043,0.000257561470628505,6.903828324572455e-05,,,,,,,,,,,,,,
3444.2547322544588,0.002412447757917248,0.0012226818983908296,0.0002567440332254115,6.874534694244696e-05,,,,,,,,,,,,,,
3448.8538830820075,0.0024045534320385185,0.0012170828260573171,0.00025592919016962555,6.84536535970431e-05,,,,,,,,,,,,,,
3453.459175205705,0.0023966849390015103,0.0012115093937623488,0.00025511693322732116,6.816319793551991e-05,,,,,,,,,,,,,,
3458.0706168260976,0.0023888421942726205,0.0012059614840915413,0.0002543072541908032,6.787397470626072e-05,,,,,,,,,,,,,,
3462.6882161546687,0.002381025113594896,0.0012004389801682064,0.00025350014487842705,6.75859786799337e-05,,,,,,,,,,,,,,
3467.3119814138795,0.002373233612987071,0.001194941765650862,0.00025269559713451267,6.729920464939386e-05,,,,,,,,,,,,,,
3471.9419208371573,0.002365467608742719,0.0011894697247308032,0.0002518936028292669,6.701364742959239e-05,,,,,,,,,,,,,,
3476.578042668938,0.0023577270174293045,0.001184022742129642,0.0002510941538586955,6.672930185747945e-05,,,,,,,,,,,,,,
3481.220355164652,0.0023500117558873388,0.0011786007030968992,0.0002502972421445275,6.644616279191419e-05,,,,,,,,,,,,,,
3485.8688665907666,0.002342321741229431,0.0011732034934075666,0.0002495028596341274,6.616422511356849e-05,,,,,,,,,,,,,,
3490.5235852247783,0.0023346568908394405,0.0011678309993597166,0.00024871099830041854,6.588348372483741e-05,,,,,,,,,,,,,,
3495.184519355235,0.00232701712237158,0.0011624831077721067,0.0002479216501418008,6.560393354974515e-05,,,,,,,,,,,,,,
3499.8516772817643,0.0023194023537495044,0.0011571597059817729,0.00024713480718206694,6.532556953385343e-05,,,,,,,,,,,,,,
3504.5250673150617,0.0023118125031654706,0.0011518606818416927,0.00024635046147032696,6.504838664417106e-05,,,,,,,,,,,,,,
3509.2046977769346,0.0023042474890794156,0.001146585923718383,0.0002455686050809225,6.477237986906178e-05,,,,,,,,,,,,,,
3513.8905770002875,0.002296707230218129,0.0011413353204895874,0.0002447892301133512,6.449754421815474e-05,,,,,,,,,,,,,,
3518.582713329167,0.0022891916455743274,0.001136108761541897,0.0002440123286921839,6.422387472225317e-05,,,,,,,,,,,,,,
3523.281115118747,0.002281700654405831,0.0011309061367684571,0.00024323789296698715,6.395136643324564e-05,,,,,,,,,,,,,,
3527.9857907353726,0.002274234176234653,0.0011257273365666122,0.00024246591511224103,6.368001442401554e-05,,,,,,,,,,,,,,
3532.696748556546,0.0022667921308461847,0.0011205722518356288,0.0002416963873272646,6.340981378835303e-05,,,,,,,,,,,,,,
3537.413996970971,0.0022593744382882787,0.0011154407739743708,0.0002409293018361314,6.314075964086525e-05,,,,,,,,,,,,,,
3542.1375443785373,0.002251981018870439,0.0011103327948790338,0.00024016465088759682,6.287284711688909e-05,,,,,,,,,,,,,,
3546.8673991903665,0.0022446117931629235,0.001105248206940847,0.00023940242675501414,6.260607137240219e-05,,,,,,,,,,,,,,
3551.603569828801,0.0022372666819959297,0.0011001869030438224,0.0002386426217362606,6.23404275839362e-05,,,,,,,,,,,,,,
3556.3460647274283,0.002229945606458718,0.0010951487765624972,0.00023788522815365885,6.207591094848927e-05,,,,,,,,,,,,,,
3561.09489233111,0.002222648487898758,0.0010901337213596672,0.0002371302383538961,6.181251668343875e-05,,,,,,,,,,,,,,
3565.850061095968,0.0022153752479209207,0.0010851416317841842,0.00023637764470795235,6.155024002645567e-05,,,,,,,,,,,,,,
3570.6115794894317,0.0022081258083865873,0.001080172402668695,0.0002356274396110175,6.128907623541757e-05,,,,,,,,,,,,,,
3575.3794559902217,0.0022009000914128547,0.0010752259293274602,0.00023487961548241925,6.102902058832379e-05,,,,,,,,,,,,,,
3580.1536990883956,0.0021936980193716575,0.0010703021075541142,0.00023413416476554321,6.0770068383209105e-05,,,,,,,,,,,,,,
3584.9343172853323,0.002186519514888981,0.0010654008336195054,0.00023339107992775918,6.051221493805967e-05,,,,,,,,,,,,,,
3589.721319093778,0.002179364500843977,0.0010605220042694762,0.0002326503534603417,6.025545559072742e-05,,,,,,,,,,,,,,
3594.514713037832,0.002172232900368185,0.0010556655167227173,0.00023191197787839876,5.999978569884673e-05,,,,,,,,,,,,,,
3599.3145076529886,0.0021651246368446612,0.0010508312686685806,0.00023117594572079085,5.974520063974949e-05,,,,,,,,,,,,,,
3604.120711486127,0.0021580396339072033,0.0010460191582649413,0.000230442249550061,5.9491695810382534e-05,,,,,,,,,,,,,,
3608.9333330955537,0.00215097781543948,0.001041229084136035,0.00022971088195235446,5.923926662722343e-05,,,,,,,,,,,,,,
3613.7523810509906,0.002143939105574251,0.0010364609453703368,0.00022898183553734754,5.8987908526198314e-05,,,,,,,,,,,,,,
3618.5778639336036,0.0021369234286925443,0.0010317146415184343,0.00022825510293817243,5.873761696259963e-05,,,,,,,,,,,,,,
3623.4097903360293,0.00212993070942282,0.001026990072590892,0.00022753067681133954,5.8488387411002265e-05,,,,,,,,,,,,,,
3628.248168862362,0.002122960872640197,0.0010222871390561776,0.0002268085498366686,5.824021536518437e-05,,,,,,,,,,,,,,
3633.0930081282,0.0021160138434656098,0.0010176057418385298,0.00022608871471720927,5.7993096338043024e-05,,,,,,,,,,,,,,
3637.9443167606323,0.002109089547265044,0.0010129457823159058,0.00022537116417917168,5.774702586151593e-05,,,,,,,,,,,,,,
3642.8021033982814,0.002102187909648689,0.0010083071623178692,0.0002246558909718502,5.750199948649784e-05,,,,,,,,,,,,,,
3647.6663766912907,0.0020953088564701827,0.001003689784123556,0.00022394288786755222,5.7258012782762885e-05,,,,,,,,,,,,,,
3652.53714530137,0.0020884523138257733,0.000999093550459582,0.0002232321476615223,5.701506133888169e-05,,,,,,,,,,,,,,
3657.4144179017785,0.0020816182080535717,0.000994518364498028,0.00022252366317187356,5.677314076214441e-05,,,,,,,,,,,,,,
3662.298203177373,0.00207480646573271,0.000989964129854366,0.00022181742723951007,5.653224667847852e-05,,,,,,,,,,,,,,
3667.188509824592,0.002068017013682598,0.0009854307505854584,0.0002211134327280598,5.62923747323725e-05,,,,,,,,,,,,,,
3672.085346551502,0.0020612497789620973,0.0009809181311875139,0.00022041167252379723,5.605352058679433e-05,,,,,,,,,,,,,,
3676.9887220777855,0.0020545046888687745,0.0009764261765940901,0.0002197121395355756,5.581567992311556e-05,,,,,,,,,,,,,,
3681.8986451347682,0.002047781670938098,0.0009719547921740903,0.00021901482669475433,5.5578848441031694e-05,,,,,,,,,,,,,,
3686.815124465447,0.002041080652942653,0.0009675038837297524,0.00021831972695512473,5.534302185848461e-05,,,,,,,,,,,,,,
3691.7381688244777,0.002034401562891391,0.0009630733574946935,0.00021762683329284372,5.510819591158583e-05,,,,,,,,,,,,,,
3696.6677869782225,0.0020277443290288317,0.0009586631201319025,0.00021693613870635777,5.487436635453855e-05,,,,,,,,,,,,,,
3701.6039877047324,0.0020211088798343132,0.0009542730787318057,0.00021624763621633635,5.464152895956173e-05,,,,,,,,,,,,,,
3706.5467797937968,0.0020144951440211984,0.0009499031408102786,0.00021556131886559852,5.4409679516812787e-05,,,,,,,,,,,,,,
3711.496172046926,0.002007903050536137,0.0009455532143067272,0.00021487717971904483,5.417881383431237e-05,,,,,,,,,,,,,,
3716.4521732773983,0.00200133252855828,0.0009412232075821194,0.00021419521186358443,5.394892773786766e-05,,,,,,,,,,,,,,
3721.4147923102455,0.0019947835074985367,0.0009369130294170839,0.00021351540840806928,5.3720017070997814e-05,,,,,,,,,,,,,,
3726.384037982299,0.001988255916998793,0.0009326225890099598,0.0002128377624832196,5.349207769485788e-05,,,,,,,,,,,,,,
3731.3599191421786,0.00198174968693118,0.0009283517959749055,0.00021216226724155918,5.32651054881648e-05,,,,,,,,,,,,,,
3736.342444650319,0.0019752647473973177,0.0009241005603399901,0.00021148891585734338,5.303909634712249e-05,,,,,,,,,,,,,,
3741.3316233789988,0.001968801028727537,0.0009198687925452819,0.00021081770152648954,5.28140461853474e-05,,,,,,,,,,,,,,
3746.3274642123283,0.0019623584614801687,0.0009156564034409894,0.00021014861746651185,5.258995093379531e-05,,,,,,,,,,,,,,
3751.3299760462955,0.001955936976440764,0.000911463304285553,0.00020948165691644788,5.2366806540686946e-05,,,,,,,,,,,,,,
3756.3391677887525,0.0019495365046213859,0.0009072894067438056,0.00020881681313679546,5.2144608971435555e-05,,,,,,,,,,,,,,
3761.3550483594618,0.0019431569772598288,0.0009031346228850816,0.00020815407940943953,5.1923354208573114e-05,,,,,,,,,,,,,,
3766.377626690081,0.0019367983258189161,0.0008989988651813945,0.00020749344903758847,5.1703038251678554e-05,,,,,,,,,,,,,,
3771.4069117242093,0.001930460481985731,0.0008948820465055632,0.00020683491534570354,5.148365711730455e-05,,,,,,,,,,,,,,
3776.442912417373,0.0019241433776709198,0.0008907840801294059,0.00020617847167943363,5.126520683890636e-05,,,,,,,,,,,,,,
3781.4856377370725,0.0019178469450079189,0.0008867048797218837,0.0002055241114055452,5.104768346676928e-05,,,,,,,,,,,,,,
3786.535096662767,0.0019115711163522633,0.0008826443593473113,0.0002048718279118593,5.0831083067938055e-05,,,,,,,,,,,,,,
3791.591298185922,0.001905315824280826,0.000878602433463518,0.0002042216146071799,5.061540172614492e-05,,,,,,,,,,,,,,
3796.654251309997,0.0018990810015911282,0.0008745790169200682,0.000203573464921232,5.040063554173955e-05,,,,,,,,,,,,,,
3801.723965050475,0.0018928665813005938,0.000870574024956461,0.00020292737230459226,5.0186780631618216e-05,,,,,,,,,,,,,,
3806.800448434887,0.0018866724966458241,0.0008665873732003308,0.0002022833302286225,4.997383312915328e-05,,,,,,,,,,,,,,
3811.8837105028056,0.0018804986810819142,0.0008626189776656961,0.0002016413321854071,4.9761789184124e-05,,,,,,,,,,,,,,
3816.9737603058884,0.0018743450682816942,0.0008586687547511609,0.0002010013716876825,4.955064496264609e-05,,,,,,,,,,,,,,
3822.0706069078637,0.0018682115921350559,0.0008547366212381826,0.00020036344226877654,4.934039664710322e-05,,,,,,,,,,,,,,
3827.1742593845793,0.0018620981867482087,0.00085082249428929,0.00019972753748253856,4.91310404360772e-05,,,,,,,,,,,,,,
3832.2847268239857,0.0018560047864430084,0.000846926291446367,0.00019909365090327799,4.892257254428001e-05,,,,,,,,,,,,,,
3837.402018326185,0.0018499313257562108,0.0008430479306288864,0.0001984617761256968,4.871498920248461e-05,,,,,,,,,,,,,,
3842.526143003414,0.0018438777394388065,0.00083918733013221,0.0001978319067648268,4.850828665745755e-05,,,,,,,,,,,,,,
3847.657109980094,0.0018378439624552848,0.0008353444086258384,0.00019720403645596268,4.830246117189032e-05,,,,,,,,,,,,,,
3852.7949283928137,0.0018318299299829735,0.0008315190851517256,0.00019657815885460117,4.8097509024332596e-05,,,,,,,,,,,,,,
3857.939607390379,0.0018258355774113013,0.0008277112791225467,0.00019595426763637262,4.789342650912413e-05,,,,,,,,,,,,,,
3863.0911561337984,0.0018198608403411352,0.0008239209103200236,0.00019533235649698137,4.769020993632836e-05,,,,,,,,,,,,,,
3868.249583796315,0.0018139056545840822,0.0008201478988932228,0.00019471241915213944,4.748785563166587e-05,,,,,,,,,,,,,,
3873.414899563432,0.0018079699561617795,0.0008163921653568671,0.0001940944493375025,4.728635993644663e-05,,,,,,,,,,,,,,
3878.5871126329025,0.0018020536813052386,0.0008126536305896821,0.0001934784408086098,4.7085719207505936e-05,,,,,,,,,,,,,,
3883.766232214778,0.0017961567664541273,0.0008089322158327028,0.00019286438734081673,4.6885929817136246e-05,,,,,,,,,,,,,,
3888.9522675313906,0.0017902791482561245,0.0008052278426876413,0.00019225228272923655,4.668698815302389e-05,,,,,,,,,,,,,,
3894.145227817405,0.0017844207635661987,0.0008015404331152087,0.00019164212078867304,4.6488890618181464e-05,,,,,,,,,,,,,,
3899.3451223198,0.001778581549445966,0.0007978699094334977,0.00019103389535356197,4.629163363088507e-05,,,,,,,,,,,,,,
3904.551960297918,0.0017727614431629812,0.000794216194316319,0.00019042760027790614,4.609521362460731e-05,,,,,,,,,,,,,,
3909.7657510234494,0.0017669603821901007,0.0007905792107915997,0.0001898232294352151,4.5899627047955005e-05,,,,,,,,,,,,,,
3914.9865037804825,0.00176117830420477,0.0007869588822397342,0.00018922077671844096,4.57048703646028e-05,,,,,,,,,,,,,,
3920.2142278654846,0.0017554151470883916,0.0007833551323919974,0.0001886202360399202,4.551094005323143e-05,,,,,,,,,,,,,,
3925.4489325873546,0.0017496708489256234,0.0007797678853289113,0.0001880216013313077,4.531783260746182e-05,,,,,,,,,,,,,,
3930.6906272674087,0.0017439453480037478,0.0007761970654786692,0.00018742486654351986,4.5125544535793734e-05,,,,,,,,,,,,,,
3935.93932123941,0.0017382385828119853,0.0007726425976155308,0.0001868300256466706,4.493407236154136e-05,,,,,,,,,,,,,,
3941.1950238495974,0.00173255049204083,0.0007691044068582325,0.00018623707263001025,4.4743412622770616e-05,,,,,,,,,,,,,,
3946.4577444566735,0.0017268810145814205,0.0007655824186684294,0.00018564600150186786,4.4553561872237124e-05,,,,,,,,,,,,,,
3951.7274924318535,0.0017212300895248437,0.0007620765588490998,0.0001850568062895863,4.4364516677323136e-05,,,,,,,,,,,,,,
3957.004277158852,0.001715597656161517,0.0007585867535430082,0.0001844694810394664,4.417627361997621e-05,,,,,,,,,,,,,,
3962.2881080339266,0.0017099836539805039,0.0007551129292311232,0.00018388401981670266,4.398882929664667e-05,,,,,,,,,,,,,,
3967.578994465868,0.0017043880226688983,0.0007516550127310948,0.00018330041670532656,4.380218031822682e-05,,,,,,,,,,,,,,
3972.876945876047,0.001698810702111139,0.0007482129311956868,0.00018271866580814457,4.3616323309988906e-05,,,,,,,,,,,,,,
3978.181971698397,0.0016932516323883988,0.0007447866121112676,0.00018213876124668034,4.343125491152484e-05,,,,,,,,,,,,,,
3983.4940813794656,0.0016877107537779084,0.0007413759832962578,0.00018156069716111282,4.324697177668474e-05,,,,,,,,,,,,,,
3988.813284378403,0.0016821880067523472,0.0007379809728996315,0.00018098446771022038,4.306347057351702e-05,,,,,,,,,,,,,,
3994.139590166989,0.0016766833319791822,0.0007346015093993896,0.0001804100670713192,4.288074798420789e-05,,,,,,,,,,,,,,
3999.4730082296646,0.001671196670320026,0.0007312375216010531,0.00017983748944020488,4.269880070502114e-05,,,,,,,,,,,,,,
4004.8135480635183,0.0016657279628300302,0.000727888938636172,0.00017926672903109507,4.251762544623896e-05,,,,,,,,,,,,,,
4010.161219178337,0.0016602771507572144,0.0007245556899608212,0.00017869778007656865,4.233721893210181e-05,,,,,,,,,,,,,,
4015.5160310965894,0.0016548441755418698,0.0007212377053541265,0.00017813063682751084,4.215757790074986e-05,,,,,,,,,,,,,,
4020.877993353476,0.0016494289788158989,0.0007179349149167699,0.00017756529355305103,4.1978699104163344e-05,,,,,,,,,,,,,,
4026.2471154969144,0.0016440315024022227,0.0007146472490695368,0.00017700174454050914,4.180057930810449e-05,,,,,,,,,,,,,,
4031.6234070875867,0.0016386516883141176,0.000711374638551828,0.00017643998409533376,4.162321529205839e-05,,,,,,,,,,,,,,
4037.006877698926,0.0016332894787546275,0.0007081170144202231,0.000175880006541048,4.1446603849175445e-05,,,,,,,,,,,,,,
4042.397536917164,0.001627944816115912,0.0007048743080470055,0.00017532180621918994,4.12707417862127e-05,,,,,,,,,,,,,,
4047.7953943413186,0.0016226176429786604,0.0007016464511187396,0.00017476537748925707,4.109562592347676e-05,,,,,,,,,,,,,,
4053.2004595832404,0.001617307902111439,0.0006984333756348082,0.00017421071472864695,4.092125309476568e-05,,,,,,,,,,,,,,
4058.6127422676022,0.0016120155364701043,0.0006952350139060018,0.00017365781233260368,4.0747620147312186e-05,,,,,,,,,,,,,,
4064.03225203193,0.0016067404891971849,0.000692051298553079,0.00017310666471415865,4.0574723941726825e-05,,,,,,,,,,,,,,
4069.4589985266307,0.0016014827036212507,0.0006888821625053475,0.00017255726630407463,4.0402561351940074e-05,,,,,,,,,,,,,,
4074.89299141498,0.0015962421232563345,0.0006857275389992602,0.00017200961155079068,4.023112926514761e-05,,,,,,,,,,,,,,
4080.3342403731754,0.0015910186918012949,0.0006825873615769963,0.0001714636949203637,4.006042458175208e-05,,,,,,,,,,,,,,
4085.7827550903166,0.0015858123531392444,0.000679461564085075,0.000170919510896416,3.9890444215309006e-05,,,,,,,,,,,,,,
4091.2385452684603,0.0015806230513369106,0.0006763500806729457,0.00017037705398007533,3.972118509246901e-05,,,,,,,,,,,,,,
4096.701620622599,0.0015754507306440678,0.0006732528457916202,0.00016983631868992369,3.9552644152924235e-05,,,,,,,,,,,,,,
4102.171990880717,0.0015702953354929088,0.00067016979419227,0.00016929729956193784,3.9384818349351026e-05,,,,,,,,,,,,,,
4107.64966578377,0.0015651568104974806,0.000667100860924874,0.00016875999114943736,3.921770464735681e-05,,,,,,,,,,,,,,
4113.134655085738,0.0015600351004530536,0.0006640459813368286,0.00016822438802302747,3.905130002542327e-05,,,,,,,,,,,,,,
4118.62696855361,0.0015549301503355606,0.0006610050910716066,0.00016769048477054577,3.8885601474853645e-05,,,,,,,,,,,,,,
4124.126615967432,0.001549841905300977,0.0006579781260673804,0.0001671582759970054,3.872060599971643e-05,,,,,,,,,,,,,,
4129.633607120298,0.0015447703106847603,0.0006549650225556918,0.00016662775632454342,3.8556310616792956e-05,,,,,,,,,,,,,,
4135.147951818378,0.0015397153120012437,0.0006519657170600974,0.00016609892039236423,3.83927123555223e-05,,,,,,,,,,,,,,
4140.66965988095,0.001534676854943046,0.00064898014639483,0.00016557176285668574,3.8229808257947804e-05,,,,,,,,,,,,,,
4146.198741140386,0.0015296548853805149,0.0006460082476634773,0.0001650462783906866,3.8067595378664e-05,,,,,,,,,,,,,,
4151.735205442205,0.001524649349361111,0.0006430499582576448,0.00016452246168445012,3.7906070784762775e-05,,,,,,,,,,,,,,
4157.279062645055,0.00151966019310886,0.000640105215855649,0.0001640003074449138,3.774523155578093e-05,,,,,,,,,,,,,,
4162.830322620765,0.0015146873630237454,0.0006371739584211923,0.00016347981039581213,3.758507478364679e-05,,,,,,,,,,,,,,
4168.38899525433,0.0015097308056811654,0.0006342561242020689,0.00016296096527762706,3.7425597572628216e-05,,,,,,,,,,,,,,
4173.955090443963,0.0015047904678313236,0.0006313516517288489,0.00016244376684753124,3.726679703927964e-05,,,,,,,,,,,,,,
4179.528618101072,0.0014998662963986893,0.0006284604798136012,0.00016192820987933807,3.710867031239055e-05,,,,,,,,,,,,,,
4185.109588150323,0.0014949582384813976,0.0006255825475485849,0.00016141428916344676,3.695121453293297e-05,,,,,,,,,,,,,,
4190.698010529614,0.0014900662413507135,0.0006227177943049863,0.00016090199950679132,3.679442685401034e-05,,,,,,,,,,,,,,
4196.293895190131,0.001485190252450431,0.0006198661597316212,0.00016039133573278604,3.66383044408055e-05,,,,,,,,,,,,,,
4201.897252096333,0.001480330219396334,0.0006170275837536815,0.00015988229268127586,3.64828444705299e-05,,,,,,,,,,,,,,
4207.50809122599,0.0014754860899756296,0.0006142020065714618,0.00015937486520848217,3.632804413237237e-05,,,,,,,,,,,,,,
4213.126422570203,0.0014706578121463697,0.0006113893686590928,0.00015886904818695108,3.6173900627448075e-05,,,,,,,,,,,,,,
4218.7522561334,0.0014658453340369165,0.0006085896107633018,0.0001583648365055029,3.6020411168748406e-05,,,,,,,,,,,,,,
4224.385601933383,0.0014610486039453616,0.000605802673902151,0.00015786222506917815,3.5867572981090025e-05,,,,,,,,,,,,,,
4230.026470001317,0.0014562675703389972,0.0006030284993638061,0.00015736120879918943,3.571538330106528e-05,,,,,,,,,,,,,,
4235.674870381774,0.0014515021818537325,0.0006002670287052886,0.00015686178263286615,3.556383937699162e-05,,,,,,,,,,,,,,
4241.330813132727,0.0014467523872935691,0.0005975182037512561,0.00015636394152360736,3.541293846886244e-05,,,,,,,,,,,,,,
4246.994308325592,0.0014420181356300267,0.0005947819665927631,0.00015586768044082702,3.5262677848297e-05,,,,,,,,,,,,,,
4252.665366045219,0.0014372993760016224,0.000592058259586058,0.00015537299436990643,3.5113054798491605e-05,,,,,,,,,,,,,,
4258.343996389942,0.0014325960577132929,0.0005893470253513492,0.00015487987831214054,3.496406661416997e-05,,,,,,,,,,,,,,
4264.03020947156,0.0014279081302358795,0.0005866482067716168,0.0001543883272846908,3.481571060153483e-05,,,,,,,,,,,,,,
4269.724015415392,0.0014232355432055577,0.0005839617469913889,0.00015389833632053105,3.4667984078218685e-05,,,,,,,,,,,,,,
4275.425424360266,0.0014185782464233238,0.0005812875894155614,0.00015340990046840087,3.452088437323582e-05,,,,,,,,,,,,,,
4281.134446458549,0.001413936189854437,0.0005786256777081979,0.00015292301479275324,3.437440882693376e-05,,,,,,,,,,,,,,
4286.851091876174,0.0014093093236278787,0.0005759759557913371,0.0001524376743737051,3.4228554790945e-05,,,,,,,,,,,,,,
4292.575370792635,0.00140469759803584,0.0005733383678438245,0.0001519538743069887,3.4083319628139594e-05,,,,,,,,,,,,,,
4298.307293401034,0.0014001009635331565,0.000570712858300124,0.00015147160970389994,3.393870071257692e-05,,,,,,,,,,,,,,
4304.046869908068,0.0013955193707368054,0.000568099371849158,0.00015099087569125203,3.3794695429458765e-05,,,,,,,,,,,,,,
4309.794110534081,0.001390952770425348,0.0005654978534331317,0.0001505116674113226,3.36513011750815e-05,,,,,,,,,,,,,,
4315.549025513043,0.0013864011135384306,0.000562908248246384,0.00015003398002180835,3.350851535678952e-05,,,,,,,,,,,,,,
4321.3116250926105,0.001381864351176225,0.0005603305017342206,0.00014955780869577265,3.336633539292787e-05,,,,,,,,,,,,,,
4327.081919534107,0.0013773424345989327,0.0005577645595917799,0.0001490831486215997,3.322475871279606e-05,,,,,,,,,,,,,,
4332.859919112573,0.001372835315226235,0.0005552103677628715,0.00014860999500294325,3.308378275660108e-05,,,,,,,,,,,,,,
4338.645634116758,0.0013683429446367966,0.0005526678724388533,0.00014813834305868072,3.2943404975411515e-05,,,,,,,,,,,,,,
4344.439074849149,0.0013638652745677283,0.0005501370200574912,0.00014766818802286358,3.280362283111158e-05,,,,,,,,,,,,,,
4350.240251626004,0.0013594022569140655,0.0005476177573018236,0.00014719952514466816,3.2664433796354304e-05,,,,,,,,,,,,,,
4356.049174777338,0.0013549538437282735,0.0005451100310990546,0.00014673234968834984,3.2525835354517294e-05,,,,,,,,,,,,,,
4361.865854646979,0.0013505199872197028,0.0005426137886194172,0.00014626665693319346,3.238782499965564e-05,,,,,,,,,,,,,,
4367.690301592547,0.001346100639754103,0.000540128977275079,0.0001458024421734669,3.225040023645821e-05,,,,,,,,,,,,,,
4373.522525985514,0.0013416957538530865,0.000537655544719016,0.00014533970071837175,3.211355858020093e-05,,,,,,,,,,,,,,
4379.36253821118,0.0013373052821936456,0.0005351934388439265,0.00014487842789199872,3.1977297556703434e-05,,,,,,,,,,,,,,
4385.210348668732,0.001332929177607614,0.0005327426077811197,0.00014441861903327687,3.184161470228278e-05,,,,,,,,,,,,,,
4391.065967771225,0.001328567393081188,0.0005303029998994342,0.0001439602694959302,3.170650756371044e-05,,,,,,,,,,,,,,
4396.929405945635,0.0013242198817543954,0.0005278745638041401,0.0001435033746484272,3.157197369816643e-05,,,,,,,,,,,,,,
4402.800673632847,0.0013198865969206212,0.0005254572483358666,0.000143047929873937,3.143801067319664e-05,,,,,,,,,,,,,,
4408.679781287703,0.0013155674920260743,0.0005230510025695124,0.00014259393057028022,3.130461606666736e-05,,,,,,,,,,,,,,
4414.566739378992,0.0013112625206693129,0.0005206557758131849,0.00014214137214988475,3.1171787466722835e-05,,,,,,,,,,,,,,
4420.461558389483,0.001306971636600736,0.0005182715176071272,0.00014169025003973835,3.103952247174085e-05,,,,,,,,,,,,,,
4426.364248815957,0.0013026947937220766,0.0005158981777226482,0.00014124055968134125,3.090781869028934e-05,,,,,,,,,,,,,,
4432.274821169191,0.0012984319460859319,0.0005135357061610789,0.0001407922965306625,3.0776673741083606e-05,,,,,,,,,,,,,,
4438.193285974016,0.0012941830478952392,0.0005111840531527033,0.0001403454560580916,3.0646085252942703e-05,,,,,,,,,,,,,,
4444.119653769302,0.0012899480535028107,0.0005088431691557255,0.00013990003374839542,3.051605086474712e-05,,,,,,,,,,,,,,
4450.053935108005,0.0012857269174108197,0.0005065130048552106,0.00013945602510066941,3.038656822539554e-05,,,,,,,,,,,,,,
4455.9961405571585,0.0012815195942703376,0.0005041935111620598,0.0001390134256282955,3.0257634993762855e-05,,,,,,,,,,,,,,
4461.94628069792,0.0012773260388808186,0.0005018846392119649,0.0001385722308588933,3.012924883865734e-05,,,,,,,,,,,,,,
4467.904366125563,0.0012731462061896387,0.0004995863403643881,0.00013813243633427848,3.0001407438778994e-05,,,,,,,,,,,,,,
4473.870407449523,0.0012689800512915904,0.0004972985662015288,0.00013769403761041424,2.9874108482677078e-05,,,,,,,,,,,,,,
4479.844415293386,0.0012648275294284248,0.0004950212685273124,0.00013725703025736934,2.9747349668708808e-05,,,,,,,,,,,,,,
4485.826400294942,0.0012606885959883418,0.0004927543993663644,0.0001368214098592709,2.9621128704997265e-05,,,,,,,,,,,,,,
4491.816373106172,0.001256563206505535,0.0004904979109630112,0.00013638717201426196,2.9495443309390368e-05,,,,,,,,,,,,,,
4497.814344393282,0.001252451316659707,0.0004882517557802685,0.00013595431233445602,2.937029120941943e-05,,,,,,,,,,,,,,
4503.820324836731,0.0012483528822755813,0.0004860158864988339,0.0001355228264458916,2.9245670142257904e-05,,,,,,,,,,,,,,
4509.8343251312235,0.001244267859322447,0.000483790256016104,0.00013509270998849024,2.9121577854680875e-05,,,,,,,,,,,,,,
4515.856355985765,0.0012401962039136668,0.000481574817445166,0.00013466395861601017,2.8998012103023844e-05,,,,,,,,,,,,,,
4521.886428123638,0.0012361378723062275,0.00047936952411382623,0.00013423656799600503,2.8874970653142645e-05,,,,,,,,,,,,,,
4527.924552282467,0.001232092820900244,0.0004771743295636112,0.0001338105338097769,2.8752451280372573e-05,,,,,,,,,,,,,,
4533.970739214193,0.001228061006238516,0.0004749891875488022,0.000133385851752336,2.8630451769488632e-05,,,,,,,,,,,,,,
4540.0249996851335,0.0012240423850060377,0.0004728140520354511,0.00013296251753235397,2.8508969914665007e-05,,,,,,,,,,,,,,
4546.0873444759645,0.001220036914029559,0.00047064887720041837,0.00013254052687212365,2.838800351943566e-05,,,,,,,,,,,,,,
4552.157784381775,0.001216044550277092,0.0004684936174304004,0.0001321198755075128,2.826755039665414e-05,,,,,,,,,,,,,,
4558.236330212051,0.0012120652508574759,0.0004663482273209759,0.00013170055918792375,2.8147608368454507e-05,,,,,,,,,,,,,,
4564.322992790732,0.001208098973019892,0.0004642126616756422,0.0001312825736762479,2.8028175266211497e-05,,,,,,,,,,,,,,
4570.417782956195,0.001204145674153428,0.00046208687550486875,0.00013086591474882538,2.7909248930501656e-05,,,,,,,,,,,,,,
4576.52071156129,0.001200205311786605,0.0004599708240251492,0.00013045057819540112,2.7790827211064397e-05,,,,,,,,,,,,,,
4582.631789473374,0.001196277843586917,0.00045786446265804983,0.0001300365598190813,2.7672907966762338e-05,,,,,,,,,,,,,,
4588.751027574295,0.0011923632273603975,0.0004557677470292841,0.00012962385543629327,2.755548906554384e-05,,,,,,,,,,,,,,
4594.878436760453,0.0011884614210511395,0.00045368063296776287,0.00012921246087674076,2.7438568384403092e-05,,,,,,,,,,,,,,
4601.014027942777,0.0011845723827408677,0.00045160307650467864,0.00012880237198336454,2.7322143809343076e-05,,,,,,,,,,,,,,
4607.157812046784,0.0011806960706484658,0.00044953503387256457,0.0001283935846122972,2.720621323533601e-05,,,,,,,,,,,,,,
4613.309800012563,0.0011768324431295529,0.000447476461504387,0.00012798609463282462,2.7090774566286622e-05,,,,,,,,,,,,,,
4619.470002794828,0.0011729814586760089,0.00044542731603261374,0.00012757989792734097,2.697582571499291e-05,,,,,,,,,,,,,,
4625.638431362906,0.001169143075915553,0.00044338755428831246,0.00012717499039131017,2.686136460310974e-05,,,,,,,,,,,,,,
4631.815096700785,0.0011653172536112769,0.00044135713330023193,0.00012677136793322165,2.6747389161109957e-05,,,,,,,,,,,,,,
4638.000009807106,0.0011615039506612265,0.0004393360102939043,0.00012636902647455135,2.6633897328248253e-05,,,,,,,,,,,,,,
4644.193181695212,0.0011577031260979341,0.00043732414269073683,0.00012596796194971836,2.652088705252263e-05,,,,,,,,,,,,,,
4650.39462339314,0.0011539147390879979,0.00043532148810712076,0.00012556817030604596,2.6408356290638467e-05,,,,,,,,,,,,,,
4656.604345943652,0.0011501387489316396,0.000433328004353538,0.0001251696475037196,2.629630300797084e-05,,,,,,,,,,,,,,
4662.822360404271,0.0011463751150622538,0.00043134364943366455,0.00012477238951574512,2.618472517852783e-05,,,,,,,,,,,,,,
4669.048677847265,0.0011426237970459934,0.0004293683815434989,0.0001243763923279102,2.6073620784914213e-05,,,,,,,,,,,,,,
4675.2833093597055,0.0011388847545813132,0.0004274021590704671,0.0001239816519387415,2.5962987818294566e-05,,,,,,,,,,,,,,
4681.526266043451,0.0011351579474985606,0.0004254449405925602,0.0001235881643594668,2.5852824278357368e-05,,,,,,,,,,,,,,
4687.777559015202,0.0011314433357595194,0.0004234966848774476,0.00012319592561397174,2.57431281732784e-05,,,,,,,,,,,,,,
4694.037199406487,0.001127740879457001,0.00042155735088162234,0.0001228049317387627,2.563389751968517e-05,,,,,,,,,,,,,,
4700.305198363714,0.0011240505388143969,0.00041962689774952314,0.00012241517878292384,2.552513034262062e-05,,,,,,,,,,,,,,
4706.581567048158,0.0011203722741852727,0.00041770528481268514,0.00012202666280807951,2.5416824675507836e-05,,,,,,,,,,,,,,
4712.866316636016,0.001116706046052918,0.0004157924715888743,0.00012163937988835301,2.530897856011408e-05,,,,,,,,,,,,,,
4719.159458318395,0.0011130518150299412,0.0004138884177812405,0.00012125332611032754,2.520159004651575e-05,,,,,,,,,,,,,,
4725.461003301346,0.0011094095418578422,0.000411993083277468,0.0001208684975730071,2.5094657193062964e-05,,,,,,,,,,,,,,
4731.7709628058965,0.0011057791874065778,0.0004101064281489237,0.00012048489038777524,2.4988178066344288e-05,,,,,,,,,,,,,,
4738.08934806804,0.001102160712674161,0.0004082284126498276,0.00012010250067835848,2.488215074115216e-05,,,,,,,,,,,,,,
4744.41617033879,0.0010985540787862226,0.0004063589972164025,0.00011972132458078442,2.477657330044766e-05,,,,,,,,,,,,,,
4750.751440884169,0.001094959246995615,0.00040449814246605354,0.000119341358243345,2.467144383532626e-05,,,,,,,,,,,,,,
4757.095170985258,0.0010913761786819725,0.0004026458091965257,0.00011896259782655546,2.456676044498289e-05,,,,,,,,,,,,,,
4763.447371938184,0.0010878048353513167,0.0004008019583850905,0.00011858503950311798,2.4462521236678003e-05,,,,,,,,,,,,,,
4769.808055054178,0.0010842451786356258,0.00039896655118771147,0.00011820867945788018,2.4358724325702925e-05,,,,,,,,,,,,,,
4776.177231659555,0.0010806971702924419,0.0003971395489382384,0.00011783351388779952,2.425536783534618e-05,,,,,,,,,,,,,,
4782.554913095773,0.0010771607722044373,0.00039532091314758007,0.00011745953900190205,2.4152449896859183e-05,,,,,,,,,,,,,,
4788.941110719416,0.0010736359463790267,0.00039351060550290597,0.0001170867510212464,2.4049968649422825e-05,,,,,,,,,,,,,,
4795.335835902251,0.0010701226549479392,0.0003917085878668272,0.00011671514617888406,2.3947922240113436e-05,,,,,,,,,,,,,,
4801.739100031216,0.0010666208601668313,0.0003899148222766022,0.00011634472071982212,2.3846308823869596e-05,,,,,,,,,,,,,,
4808.150914508455,0.0010631305244148679,0.000388129270943335,0.00011597547090098559,2.374512656345884e-05,,,,,,,,,,,,,,
4814.571290751348,0.0010596516101943152,0.00038635189625117245,0.00011560739299117791,2.36443736294438e-05,,,,,,,,,,,,,,
4821.000240192507,0.001056184080130157,0.00038458266075652324,0.00011524048327104582,2.3544048200150157e-05,,,,,,,,,,,,,,
4827.437774279824,0.0010527278969696676,0.00038282152718725683,0.00011487473803303911,2.3444148461632566e-05,,,,,,,,,,,,,,
4833.883904476463,0.0010492830235820352,0.0003810684584419305,0.0001145101535813755,2.3344672607643005e-05,,,,,,,,,,,,,,
4840.338642260911,0.0010458494229579416,0.0003793234175889952,0.00011414672623200113,2.324561883959697e-05,,,,,,,,,,,,,,
4846.801999126965,0.0010424270582091878,0.0003775863678660303,0.00011378445231255574,2.3146985366542103e-05,,,,,,,,,,,,,,
4853.273986583786,0.001039015892568273,0.00037585727267895624,0.00011342332816233285,2.3048770405124664e-05,,,,,,,,,,,,,,
4859.754616155888,0.0010356158893880221,0.0003741360956012764,0.00011306335013224557,2.2950972179558426e-05,,,,,,,,,,,,,,
4866.24389938319,0.0010322270121411715,0.0003724228003732973,0.00011270451458478702,2.2853588921591438e-05,,,,,,,,,,,,,,
4872.741847821004,0.001028849224419998,0.0003707173509013767,0.00011234681789399584,2.2756618870475178e-05,,,,,,,,,,,,,,
4879.248473040088,0.0010254824899359064,0.00036901971125715175,0.00011199025644541799,2.2660060272931597e-05,,,,,,,,,,,,,,
4885.763786626639,0.0010221267725190547,0.0003673298456767911,0.00011163482663607107,2.256391138312244e-05,,,,,,,,,,,,,,
4892.287800182322,0.0010187820361179645,0.0003656477185602391,0.00011128052487440813,2.2468170462617087e-05,,,,,,,,,,,,,,
4898.820525324311,0.0010154482447991197,0.00036397329447045986,0.00011092734758027987,2.2372835780360967e-05,,,,,,,,,,,,,,
4905.3619736852725,0.0010121253627466006,0.0003623065381327017,0.00011057529118490043,2.227790561264505e-05,,,,,,,,,,,,,,
4911.912156913426,0.0010088133542616791,0.0003606474144337418,0.00011022435213080986,2.2183378243073633e-05,,,,,,,,,,,,,,
4918.471086672524,0.0010055121837624571,0.00035899588842115866,0.00010987452687183925,2.2089251962534395e-05,,,,,,,,,,,,,,
4925.038774641915,0.00100222181578346,0.0003573519253025838,0.0001095258118730735,2.1995525069166398e-05,,,,,,,,,,,,,,
4931.615232516521,0.0009989422149752783,0.0003557154904449805,0.00010917820361081768,2.1902195868330423e-05,,,,,,,,,,,,,,
4938.2004720069035,0.0009956733461041673,0.00035408654937390264,0.00010883169857255888,2.1809262672577226e-05,,,,,,,,,,,,,,
4944.79450483924,0.0009924151740516903,0.0003524650677727799,0.0001084862932569334,2.171672380161811e-05,,,,,,,,,,,,,,
4951.397342755385,0.0009891676638143188,0.0003508510114821834,0.00010814198417368877,2.1624577582293494e-05,,,,,,,,,,,,,,
4958.008997512851,0.0009859307805030763,0.00034924434649911756,0.00010779876784365063,2.1532822348543692e-05,,,,,,,,,,,,,,
4964.629480884875,0.0009827044893431453,0.0003476450389762922,0.00010745664079868611,2.1441456441377753e-05,,,,,,,,,,,,,,
4971.258804660396,0.0009794887556735122,0.0003460530552214199,0.0001071155995816696,2.1350478208844435e-05,,,,,,,,,,,,,,
4977.8969806440955,0.0009762835449465826,0.0003444683616965006,0.00010677564074644796,2.1259886006001704e-05,,,,,,,,,,,,,,
4984.5440206564335,0.0009730888227278076,0.00034289092501711276,0.00010643676085780435,2.1169678194887094e-05,,,,,,,,,,,,,,
4991.199936533634,0.0009699045546953302,0.0003413207119517187,0.00010609895649142533,2.107985314448836e-05,,,,,,,,,,,,,,
4997.864740127748,0.0009667307066395948,0.0003397576894209535,0.00010576222423386486,2.0990409230713617e-05,,,,,,,,,,,,,,
5004.5384433066265,0.0009635672444629997,0.00033820182449693936,0.00010542656068251088,2.0901344836362344e-05,,,,,,,,,,,,,,
5011.221057953995,0.0009604141341795131,0.00033665308440258086,0.00010509196244554953,2.081265835109579e-05,,,,,,,,,,,,,,
5017.912595969424,0.0009572713419143278,0.0003351114365108854,0.00010475842614193294,2.0724348171408205e-05,,,,,,,,,,,,,,
5024.613069268394,0.0009541388339034746,0.0003335768483442648,0.00010442594840134256,2.0636412700597496e-05,,,,,,,,,,,,,,
5031.322489782275,0.0009510165764934806,0.0003320492875738624,0.00010409452586415769,2.054885034873671e-05,,,,,,,,,,,,,,
5038.040869458391,0.0009479045361409893,0.00033052872201886057,0.0001037641551814191,2.0461659532644945e-05,,,,,,,,,,,,,,
5044.7682202600045,0.0009448026794124177,0.00032901511964581305,0.00010343483301479694,2.0374838675859018e-05,,,,,,,,,,,,,,
5051.504554166351,0.0009417109729835859,0.0003275084485679641,0.00010310655603655678,2.028838620860483e-05,,,,,,,,,,,,,,
5058.24988317268,0.0009386293836393555,0.00032600867704457646,0.00010277932092952448,2.0202300567768873e-05,,,,,,,,,,,,,,
5065.004219290235,0.00093555787827329,0.00032451577348026757,0.00010245312438705513,2.011658019687025e-05,,,,,,,,,,,,,,
5071.767574546318,0.0009324964238872773,0.0003230297064243366,0.00010212796311299712,2.0031223546032195e-05,,,,,,,,,,,,,,
5078.539960984276,0.0009294449875911948,0.00032155044457011107,0.00010180383382166087,1.9946229071954393e-05,,,,,,,,,,,,,,
5085.321390663553,0.0009264035366025385,0.0003200779567542772,0.00010148073323778426,1.9861595237884747e-05,,,,,,,,,,,,,,
5092.111875659677,0.0009233720382460902,0.00031861221195623356,0.00010115865809650055,1.9777320513591905e-05,,,,,,,,,,,,,,
5098.911428064322,0.0009203504599535453,0.00031715317929742736,0.0001008376051433041,1.9693403375337282e-05,,,,,,,,,,,,,,
5105.720059985287,0.0009173387692631819,0.00031570082804071437,0.0001005175711340194,1.960984230584783e-05,,,,,,,,,,,,,,
5112.537783546559,0.0009143369338194952,0.0003142551275897008,0.00010019855283476591,1.9526635794288276e-05,,,,,,,,,,,,,,
5119.364610888293,0.0009113449213728685,0.0003128160474881093,9.988054702192789e-05,1.9443782336234136e-05,,,,,,,,,,,,,,
5126.200554166879,0.0009083626997792064,0.00031138355741912695,9.956355048211944e-05,1.9361280433644188e-05,,,,,,,,,,,,,,
5133.045625554919,0.0009053902369996049,0.0003099576272047758,9.924756001215388e-05,1.9279128594833627e-05,,,,,,,,,,,,,,
5139.8998372412725,0.000902427501100005,0.00030853822680527174,9.893257241901049e-05,1.9197325334447173e-05,,,,,,,,,,,,,,
5146.76320143109,0.000899474460250838,0.0003071253263183915,9.861858451980235e-05,1.911586917343166e-05,,,,,,,,,,,,,,
5153.635730345799,0.0008965310827267003,0.000305718895978847,9.83055931417445e-05,1.9034758639010164e-05,,,,,,,,,,,,,,
5160.5174362231655,0.000893597336905996,0.0003043189061576515,9.799359512212104e-05,1.8953992264654438e-05,,,,,,,,,,,,,,
5167.408331317278,0.0008906731912706158,0.00030292532736150423,9.768258730825451e-05,1.887356859005932e-05,,,,,,,,,,,,,,
5174.308427898609,0.0008877586144055778,0.0003015381302321591,9.737256655747234e-05,1.8793486161115398e-05,,,,,,,,,,,,,,
5181.217738253992,0.0008848535749987087,0.00030015728554581633,9.706352973707737e-05,1.8713743529883664e-05,,,,,,,,,,,,,,
5188.136274686692,0.0008819580418402905,0.0002987827642124968,9.675547372431351e-05,1.86343392545684e-05,,,,,,,,,,,,,,
5195.064049516378,0.000879071983822744,0.0002974145372754392,9.644839540633653e-05,1.855527189949201e-05,,,,,,,,,,,,,,
5202.001075079195,0.0008761953699402742,0.00029605257591048,9.61422916801808e-05,1.8476540035068192e-05,,,,,,,,,,,,,,
5208.947363727735,0.0008733281692885552,0.00029469685142545607,9.583715945272953e-05,1.8398142237776955e-05,,,,,,,,,,,,,,
5215.90292783111,0.0008704703510643826,0.0002933473352595906,9.553299564068176e-05,1.8320077090138002e-05,,,,,,,,,,,,,,
5222.867779774928,0.000867621884565358,0.0002920039989829001,9.522979717052338e-05,1.8242343180685915e-05,,,,,,,,,,,,,,
5229.8419319613395,0.0008647827391895487,0.0002906668142955903,9.492756097849422e-05,1.816493910394412e-05,,,,,,,,,,,,,,
5236.82539680907,0.0008619528844351574,0.0002893357530274598,9.46262840105574e-05,1.8087863460399543e-05,,,,,,,,,,,,,,
5243.818186753407,0.0008591322899002048,0.0002880107871373104,9.432596322236954e-05,1.801111485647753e-05,,,,,,,,,,,,,,
5250.8203142462635,0.0008563209252821926,0.0002866918887123516,9.402659557924836e-05,1.793469190451636e-05,,,,,,,,,,,,,,
5257.831791756161,0.0008535187603777866,0.00028537902996761763,9.372817805614422e-05,1.785859322274244e-05,,,,,,,,,,,,,,
5264.852631768286,0.0008507257650824817,0.0002840721832453759,9.343070763760691e-05,1.778281743524504e-05,,,,,,,,,,,,,,
5271.882846784482,0.0008479419093902911,0.0002827713210145524,9.313418131775751e-05,1.770736317195169e-05,,,,,,,,,,,,,,
5278.922449323305,0.0008451671633934127,0.0002814764158701423,9.283859610025625e-05,1.763222906860315e-05,,,,,,,,,,,,,,
5285.971451920003,0.0008424014972819173,0.0002801874405326424,9.254394899827359e-05,1.7557413766728987e-05,,,,,,,,,,,,,,
5293.029867126588,0.0008396448813434173,0.00027890436784746675,9.225023703445923e-05,1.7482915913622767e-05,,,,,,,,,,,,,,
5300.097707511809,0.0008368972859627601,0.00027762717078438405,9.19574572409125e-05,1.740873416231786e-05,,,,,,,,,,,,,,
5307.1749856612205,0.0008341586816216994,0.00027635582243693897,9.166560665915155e-05,1.733486717156281e-05,,,,,,,,,,,,,,
5314.261714177166,0.0008314290388985846,0.00027509029602189365,9.137468234008455e-05,1.7261313605797323e-05,,,,,,,,,,,,,,
5321.3579056788185,0.0008287083284680438,0.00027383056487865836,9.108468134397924e-05,1.7188072135128032e-05,,,,,,,,,,,,,,
5328.463572802216,0.0008259965211006611,0.0002725766024687301,9.079560074043331e-05,1.7115141435304327e-05,,,,,,,,,,,,,,
5335.5787282002475,0.0008232935876626781,0.0002713283823751366,9.050743760834505e-05,1.7042520187694667e-05,,,,,,,,,,,,,,
5342.703384542721,0.0008205994991156628,0.0002700858783018757,9.022018903588303e-05,1.6970207079262458e-05,,,,,,,,,,,,,,
5349.837554516342,0.0008179142265162139,0.00026884906407336596,8.993385212045802e-05,1.6898200802542583e-05,,,,,,,,,,,,,,
5356.981250824773,0.0008152377410156347,0.0002676179136338894,8.964842396869202e-05,1.6826500055617497e-05,,,,,,,,,,,,,,
5364.134486188625,0.0008125700138596406,0.0002663924010470501,8.936390169639109e-05,1.675510354209396e-05,,,,,,,,,,,,,,
5371.297273345511,0.0008099110163880312,0.0002651725004952193,8.908028242851384e-05,1.6684009971079316e-05,,,,,,,,,,,,,,
5378.469625050034,0.000807260720034399,0.00026395818627900016,8.879756329914443e-05,1.6613218057158435e-05,,,,,,,,,,,,,,
5385.65155407385,0.000804619096325808,0.00026274943281667774,8.851574145146201e-05,1.6542726520370193e-05,,,,,,,,,,,,,,
5392.843073205647,0.0008019861168825041,0.00026154621464368865,8.823481403771333e-05,1.64725340861846e-05,,,,,,,,,,,,,,
5400.04419525121,0.0007993617534175918,0.0002603485064120761,8.795477821918227e-05,1.6402639485479496e-05,,,,,,,,,,,,,,
5407.2549330334095,0.000796745977736745,0.0002591562828899635,8.767563116616324e-05,1.63330414545178e-05,,,,,,,,,,,,,,
5414.475299392239,0.0007941387617379012,0.00025796951896101856,8.739737005793086e-05,1.626373873492472e-05,,,,,,,,,,,,,,
5421.705307184851,0.0007915400774109493,0.00025678818962392375,8.711999208271173e-05,1.6194730073664546e-05,,,,,,,,,,,,,,
5428.944969285547,0.0007889498968374442,0.00025561226999185315,8.6843494437657e-05,1.6126014223018716e-05,,,,,,,,,,,,,,
5436.19429858584,0.0007863681921902921,0.0002544417352919439,8.656787432881253e-05,1.6057589940562468e-05,,,,,,,,,,,,,,
5443.453307994437,0.0007837949357334669,0.0002532765608647785,8.629312897109274e-05,1.5989455989143172e-05,,,,,,,,,,,,,,
5450.722010437301,0.0007812300998216959,0.0002521167221638611,8.601925558824998e-05,1.592161113685716e-05,,,,,,,,,,,,,,
5458.000418857637,0.0007786736569001772,0.00025096219475510487,8.574625141284864e-05,1.5854054157028245e-05,,,,,,,,,,,,,,
5465.288546215952,0.0007761255795042708,0.00024981295431631193,8.547411368623556e-05,1.5786783828184766e-05,,,,,,,,,,,,,,
5472.5864054900385,0.0007735858402592186,0.00024866897663666765,8.52028396585134e-05,1.5719798934038267e-05,,,,,,,,,,,,,,
5479.894009675042,0.0007710544118798328,0.0002475302376162228,8.493242658851217e-05,1.565309826346074e-05,,,,,,,,,,,,,,
5487.211371783443,0.000768531267170217,0.00024639671326539306,8.466287174376165e-05,1.5586680610463448e-05,,,,,,,,,,,,,,
5494.538504845094,0.0007660163790234706,0.0002452683797044504,8.4394172400464e-05,1.5520544774174634e-05,,,,,,,,,,,,,,
5501.87542190727,0.000763509720421389,0.00024414521316301716,8.412632584346556e-05,1.5454689558817915e-05,,,,,,,,,,,,,,
5509.22213603464,0.000761011264434187,0.0002430271899795723,8.385932936623039e-05,1.538911377369082e-05,,,,,,,,,,,,,,
5516.578660309344,0.0007585209842201955,0.000241914286600945,8.359318027081227e-05,1.532381623314303e-05,,,,,,,,,,,,,,
5523.9450078309665,0.0007560388530255889,0.00024080647958182538,8.332787586782782e-05,1.5258795756555178e-05,,,,,,,,,,,,,,
5531.321191716607,0.0007535648441840802,0.00023970374558426533,8.306341347642851e-05,1.5194051168317256e-05,,,,,,,,,,,,,,
5538.70722510086,0.0007510989311166506,0.000238606061377191,8.279979042427495e-05,1.5129581297807619e-05,,,,,,,,,,,,,,
5546.103121135878,0.0007486410873312493,0.0002375134038359095,8.253700404750816e-05,1.5065384979371553e-05,,,,,,,,,,,,,,
5553.5088929913545,0.000746191286422525,0.00023642574994162593,8.227505169072487e-05,1.5001461052300463e-05,,,,,,,,,,,,,,
5560.924553854592,0.0007437495020715248,0.00023534307678095323,8.201393070694816e-05,1.493780836081063e-05,,,,,,,,,,,,,,
5568.350116930479,0.0007413157080454271,0.00023426536154543613,8.175363845760287e-05,1.4874425754022561e-05,,,,,,,,,,,,,,
5575.785595441558,0.0007388898781972458,0.00023319258153106312,8.149417231248733e-05,1.481131208593994e-05,,,,,,,,,,,,,,
5583.231002628013,0.0007364719864655634,0.00023212471413779483,8.123552964974784e-05,1.474846621542912e-05,,,,,,,,,,,,,,
5590.686351747706,0.0007340620068742415,0.00023106173686908513,8.097770785585232e-05,1.4685887006198395e-05,,,,,,,,,,,,,,
5598.151656076221,0.0007316599135321398,0.00023000362733140433,8.072070432556239e-05,1.4623573326777365e-05,,,,,,,,,,,,,,
5605.626928906843,0.0007292656806328504,0.00022895036323377393,8.046451646190892e-05,1.4561524050496698e-05,,,,,,,,,,,,,,
5613.112183550636,0.0007268792824544046,0.0002279019223872899,8.020914167616425e-05,1.4499738055467504e-05,,,,,,,,,,,,,,
5620.6074333364095,0.000724500693359011,0.00022685828270466147,7.995457738781738e-05,1.4438214224561308e-05,,,,,,,,,,,,,,
5628.112691610799,0.000722129887792767,0.0002258194221997409,7.97008210245464e-05,1.4376951445389594e-05,,,,,,,,,,,,,,
5635.627971738234,0.0007197668402853985,0.0002247853189870643,7.944787002219445e-05,1.4315948610283948e-05,,,,,,,,,,,,,,
5643.153287101019,0.0007174115254499709,0.0002237559512813868,7.919572182474157e-05,1.4255204616275778e-05,,,,,,,,,,,,,,
5650.688651099298,0.0007150639179826305,0.00022273129739722763,7.894437388428078e-05,1.419471836507662e-05,,,,,,,,,,,,,,
5658.234077151137,0.0007127239926623196,0.00022171133574840838,7.869382366099088e-05,1.4134488763058039e-05,,,,,,,,,,,,,,
5665.789578692494,0.0007103917243505201,0.00022069604484760446,7.844406862311195e-05,1.4074514721232089e-05,,,,,,,,,,,,,,
5673.355169177291,0.0007080670879909675,0.00021968540330588525,7.819510624691908e-05,1.4014795155231395e-05,,,,,,,,,,,,,,
5680.930862077397,0.0007057500586093939,0.00021867938983227011,7.794693401669706e-05,1.3955328985289742e-05,,,,,,,,,,,,,,
5688.516670882674,0.0007034406113132579,0.00021767798323327688,7.76995494247151e-05,1.3896115136222478e-05,,,,,,,,,,,,,,
5696.112609101009,0.0007011387212914678,0.0002166811624124728,7.745294997120087e-05,1.3837152537406976e-05,,,,,,,,,,,,,,
5703.718690258307,0.0006988443638141287,0.0002156889063700364,7.720713316431617e-05,1.377844012276348e-05,,,,,,,,,,,,,,
5711.334927898558,0.0006965575142322639,0.00021470119420230788,7.696209652013113e-05,1.3719976830735607e-05,,,,,,,,,,,,,,
5718.96133558381,0.0006942781479775636,0.0002137180051013559,7.671783756259947e-05,1.3661761604271372e-05,,,,,,,,,,,,,,
5726.597926894247,0.0006920062405621062,0.00021273931835453228,7.647435382353273e-05,1.3603793390803859e-05,,,,,,,,,,,,,,
5734.244715428165,0.0006897417675781089,0.0002117651133440418,7.623164284257656e-05,1.3546071142232405e-05,,,,,,,,,,,,,,
5741.9017148020375,0.0006874847046976529,0.000210795369546503,7.598970216718438e-05,1.3488593814903435e-05,,,,,,,,,,,,,,
5749.568938650497,0.0006852350276724361,0.0002098300665325196,7.574852935259448e-05,1.343136036959181e-05,,,,,,,,,,,,,,
5757.246400626411,0.0006829927123334973,0.00020886918396624684,7.550812196180316e-05,1.3374369771481813e-05,,,,,,,,,,,,,,
5764.934114400848,0.0006807577345909701,0.0002079127016049664,7.526847756554195e-05,1.331762099014867e-05,,,,,,,,,,,,,,
5772.632093663158,0.0006785300704338121,0.00020696059929865574,7.502959374225163e-05,1.3261112999539683e-05,,,,,,,,,,,,,,
5780.340352120955,0.000676309695929559,0.00020601285698956839,7.479146807805877e-05,1.320484477795586e-05,,,,,,,,,,,,,,
5788.058903500152,0.0006740965872240596,0.00020506945471180895,7.455409816675144e-05,1.3148815308033483e-05,,,,,,,,,,,,,,
5795.7877615450125,0.000671890720541217,0.0002041303725909102,7.431748160975349e-05,1.3093023576725345e-05,,,,,,,,,,,,,,
5803.526940018127,0.0006696920721827454,0.00020319559084342007,7.408161601610209e-05,1.3037468575283013e-05,,,,,,,,,,,,,,
5811.2764527004865,0.0006675006185278996,0.00020226508977647825,7.384649900242206e-05,1.2982149299237963e-05,,,,,,,,,,,,,,
5819.036313391463,0.0006653163360332358,0.00020133884978740802,7.361212819290315e-05,1.2927064748384041e-05,,,,,,,,,,,,,,
5826.806535908876,0.000663139201232346,0.0002004168513632968,7.337850121927457e-05,1.2872213926758755e-05,,,,,,,,,,,,,,
5834.5871340889735,0.0006609691907356192,0.0001994990750805907,7.314561572078288e-05,1.2817595842625898e-05,,,,,,,,,,,,,,
5842.378121786503,0.0006588062812299759,0.00019858550160468098,7.291346934416606e-05,1.276320950845698e-05,,,,,,,,,,,,,,
5850.179512874686,0.0006566504494786304,0.0001976761116895002,7.268205974363152e-05,1.2709053940914006e-05,,,,,,,,,,,,,,
5857.991321245298,0.0006545016723208297,0.00019677088617711352,7.245138458083106e-05,1.2655128160831072e-05,,,,,,,,,,,,,,
5865.813560808643,0.0006523599266716161,0.00019586980599731776,7.222144152483812e-05,1.2601431193197232e-05,,,,,,,,,,,,,,
5873.6462454936,0.000650225189521572,0.00019497285216723946,7.199222825212435e-05,1.2547962067138503e-05,,,,,,,,,,,,,,
5881.489389247665,0.0006480974379365698,0.0001940800057909315,7.176374244653487e-05,1.2494719815900366e-05,,,,,,,,,,,,,,
5889.343006036935,0.0006459766490575372,0.00019319124805898083,7.153598179926641e-05,1.244170347683044e-05,,,,,,,,,,,,,,
5897.20710984618,0.0006438628001001975,0.0001923065602481059,7.130894400884274e-05,1.2388912091360874e-05,,,,,,,,,,,,,,
5905.0817146788195,0.0006417558683548372,0.00019142592372076853,7.108262678109231e-05,1.2336344704991214e-05,,,,,,,,,,,,,,
5912.966834556998,0.0006396558311860507,0.00019054931992477497,7.085702782912468e-05,1.2284000367270946e-05,,,,,,,,,,,,,,
5920.862483521556,0.0006375626660325102,0.0001896767303928913,7.06321448733075e-05,1.2231878131782515e-05,,,,,,,,,,,,,,
5928.76867563211,0.0006354763504067089,0.00018880813674244826,7.0407975641243e-05,1.2179977056124007e-05,,,,,,,,,,,,,,
5936.685424967027,0.0006333968618947321,0.00018794352067496,7.018451786774605e-05,1.2128296201892315e-05,,,,,,,,,,,,,,
5944.612745623493,0.0006313241781560051,0.00018708286397573282,6.996176929481993e-05,1.2076834634665969e-05,,,,,,,,,,,,,,
5952.550651717498,0.0006292582769230663,0.0001862261485134865,6.973972767163527e-05,1.2025591423988441e-05,,,,,,,,,,,,,,
5960.499157383905,0.0006271991360013135,0.00018537335623996834,6.951839075450527e-05,1.1974565643351125e-05,,,,,,,,,,,,,,
5968.4582767764305,0.0006251467332687758,0.00018452446918957563,6.929775630686461e-05,1.1923756370176755e-05,,,,,,,,,,,,,,
5976.4280240676935,0.0006231010466758754,0.00018367946947897695,6.90778220992463e-05,1.1873162685802656e-05,,,,,,,,,,,,,,
5984.408413449255,0.0006210620542451819,0.0001828383393067322,6.885858590925857e-05,1.1822783675464052e-05,,,,,,,,,,,,,,
5992.399459131601,0.000619029734071188,0.00018200106095292318,6.864004552156394e-05,1.1772618428277706e-05,,,,,,,,,,,,,,
6000.401175344219,0.0006170040643200627,0.00018116761677877406,6.842219872785492e-05,1.172266603722525e-05,,,,,,,,,,,,,,
6008.4135763355725,0.0006149850232294298,0.00018033798922628593,6.820504332683335e-05,1.1672925599136983e-05,,,,,,,,,,,,,,
6016.436676373173,0.0006129725891081195,0.00017951216081786093,6.798857712418685e-05,1.1623396214675347e-05,,,,,,,,,,,,,,
6024.470489743563,0.0006109667403359485,0.00017869011415593992,6.777279793256787e-05,1.1574076988318857e-05,,,,,,,,,,,,,,
6032.5150307523845,0.0006089674553634761,0.00017787183192263011,6.755770357157024e-05,1.1524967028345719e-05,,,,,,,,,,,,,,
6040.570313724356,0.0006069747127117855,0.00017705729687934616,6.734329186770886e-05,1.1476065446817902e-05,,,,,,,,,,,,,,
6048.636353003352,0.0006049884909722391,0.0001762464918664412,6.712956065439574e-05,1.1427371359564885e-05,,,,,,,,,,,,,,
6056.713162952373,0.0006030087688062611,0.0001754393998028504,6.691650777191984e-05,1.1378883886167869e-05,,,,,,,,,,,,,,
6064.800757953624,0.0006010355249450969,0.00017463600368572725,6.670413106742397e-05,1.1330602149943663e-05,,,,,,,,,,,,,,
6072.899152408497,0.0005990687381895958,0.0001738362865900879,6.649242839488379e-05,1.1282525277928975e-05,,,,,,,,,,,,,,
6081.008360737614,0.000597108387409976,0.00017304023166845437,6.628139761508642e-05,1.1234652400864681e-05,,,,,,,,,,,,,,
6089.12839738087,0.0005951544515455956,0.0001722478221504967,6.607103659560744e-05,1.1186982653179776e-05,,,,,,,,,,,,,,
6097.259276797421,0.0005932069096047369,0.00017145904134268475,6.586134321079095e-05,1.1139515172976232e-05,,,,,,,,,,,,,,
6105.401013465749,0.000591265740664367,0.00017067387262793086,6.565231534172679e-05,1.1092249102012871e-05,,,,,,,,,,,,,,
6113.553621883651,0.0005893309238699259,0.00016989229946524535,6.54439508762301e-05,1.104518358569039e-05,,,,,,,,,,,,,,
6121.717116568304,0.0005874024384350911,0.0001691143053893826,6.523624770881949e-05,1.0998317773035357e-05,,,,,,,,,,,,,,
6129.891512056246,0.0005854802636415661,0.00016833987401049968,6.502920374069595e-05,1.0951650816685385e-05,,,,,,,,,,,,,,
6138.07682290345,0.0005835643788388456,0.0001675689890138054,6.482281687972118e-05,1.0905181872873256e-05,,,,,,,,,,,,,,
6146.273063685302,0.0005816547634440041,0.00016680163415922235,6.461708504039731e-05,1.0858910101412208e-05,,,,,,,,,,,,,,
6154.480248996676,0.0005797513969414657,0.0001660377932810393,6.441200614384472e-05,1.0812834665680209e-05,,,,,,,,,,,,,,
6162.698393451908,0.000577854258882794,0.00016527745028757532,6.42075781177825e-05,1.0766954732605362e-05,,,,,,,,,,,,,,
6170.927511684875,0.0005759633288864608,0.00016452058916083717,6.400379889650582e-05,1.0721269472650314e-05,,,,,,,,,,,,,,
6179.167618348974,0.0005740785866376361,0.00016376719395618422,6.380066642086636e-05,1.0675778059797741e-05,,,,,,,,,,,,,,
6187.4187281171735,0.0005722000118879687,0.0001630172488019924,6.359817863825105e-05,1.0630479671535105e-05,,,,,,,,,,,,,,
6195.680855682049,0.0005703275844553612,0.00016227073789931706,6.339633350256079e-05,1.0585373488839827e-05,,,,,,,,,,,,,,
6203.95401575577,0.0005684612842237642,0.0001615276455215648,6.319512897419122e-05,1.0540458696164608e-05,,,,,,,,,,,,,,
6212.238223070181,0.0005666010911429494,0.00016078795601415694,6.299456302001029e-05,1.0495734481422509e-05,,,,,,,,,,,,,,
6220.53349237677,0.0005647469852283057,0.0001600516537942051,6.279463361333923e-05,1.0451200035972448e-05,,,,,,,,,,,,,,
6228.8398384467455,0.0005628989465606118,0.00015931872335017756,6.259533873393095e-05,1.04068545546044e-05,,,,,,,,,,,,,,
6237.15727607102,0.0005610569552858343,0.00015858914924157767,6.239667636795066e-05,1.0362697235525009e-05,,,,,,,,,,,,,,
6245.4858200602785,0.0005592209916149031,0.00015786291609861346,6.219864450795436e-05,1.0318727280342925e-05,,,,,,,,,,,,,,
6253.825485244958,0.0005573910358235109,0.00015714000862187907,6.200124115287006e-05,1.0274943894054536e-05,,,,,,,,,,,,,,
6262.1762864753255,0.0005555670682518888,0.00015642041158202706,6.180446430797578e-05,1.0231346285029427e-05,,,,,,,,,,,,,,
6270.538238621451,0.0005537490693046062,0.00015570410981945295,6.160831198488099e-05,1.0187933664996229e-05,,,,,,,,,,,,,,
6278.911356573286,0.0005519370194503497,0.00015499108824397085,6.141278220150527e-05,1.014470524902821e-05,,,,,,,,,,,,,,
6287.295655240645,0.0005501308992217246,0.00015428133183449923,6.12178729820591e-05,1.0101660255529214e-05,,,,,,,,,,,,,,
6295.691149553255,0.0005483306892150376,0.00015357482563874372,6.102358235702405e-05,1.0058797906219486e-05,,,,,,,,,,,,,,
6304.097854460794,0.0005465363700900884,0.00015287155477287944,6.082990836313167e-05,1.0016117426121515e-05,,,,,,,,,,,,,,
6312.51578493288,0.0005447479225699682,0.00015217150442124212,6.063684904334509e-05,9.97361804354619e-06,,,,,,,,,,,,,,
6320.944955959142,0.0005429653274408441,0.00015147465983601083,6.044440244683809e-05,9.931298990078666e-06,,,,,,,,,,,,,,
6329.385382549204,0.000541188565551763,0.00015078100633690247,6.02525666289764e-05,9.88915950056464e-06,,,,,,,,,,,,,,
6337.837079732754,0.0005394176178144341,0.00015009052931085735,6.006133965129692e-05,9.847198813096358e-06,,,,,,,,,,,,,,
6346.300062559527,0.0005376524652030346,0.00014940321421173637,5.987071958148965e-05,9.80541616899899e-06,,,,,,,,,,,,,,
6354.774346099376,0.0005358930887539956,0.00014871904656000968,5.9680704493376373e-05,9.763810812816767e-06,,,,,,,,,,,,,,
6363.259945442255,0.0005341394695658095,0.00014803801194245654,5.949129246689273e-05,9.722381992299465e-06,,,,,,,,,,,,,,
6371.756875698291,0.0005323915887988143,0.0001473600960118567,5.930248158806755e-05,9.681128958388662e-06,,,,,,,,,,,,,,
6380.26515199777,0.000530649427675001,0.0001466852844866927,5.91142699490049e-05,9.640050965204317e-06,,,,,,,,,,,,,,
6388.784789491179,0.0005289129674778104,0.00014601356315084642,5.892665564786364e-05,9.599147270031237e-06,,,,,,,,,,,,,,
6397.315803349258,0.0005271821895519246,0.00014534491785329892,5.873963678883842e-05,9.558417133305582e-06,,,,,,,,,,,,,,
6405.858208762978,0.0005254570753030775,0.00014467933450783567,5.855321148214114e-05,9.517859818601634e-06,,,,,,,,,,,,,,
6414.4120209436205,0.0005237376061978441,0.00014401679909274533,5.836737784398087e-05,9.477474592618327e-06,,,,,,,,,,,,,,
6422.977255122751,0.0005220237637634536,0.00014335729765052905,5.818213399654619e-05,9.437260725166139e-06,,,,,,,,,,,,,,
6431.553926552302,0.0005203155295875776,0.00014270081628760172,5.7997478067984573e-05,9.397217489153736e-06,,,,,,,,,,,,,,
6440.142050504546,0.0005186128853181441,0.00014204734117400397,5.781340819238488e-05,9.357344160574987e-06,,,,,,,,,,,,,,
6448.741642272174,0.0005169158126631302,0.0001413968585431062,5.7629922509757454e-05,9.31764001849571e-06,,,,,,,,,,,,,,
6457.352717168272,0.0005152242933903764,0.00014074935469132304,5.7447019166016255e-05,9.278104345040797e-06,,,,,,,,,,,,,,
6465.975290526398,0.0005135383093273793,0.0001401048159778203,5.726469631295909e-05,9.238736425381078e-06,,,,,,,,,,,,,,
6474.609377700562,0.0005118578423611061,0.00013946322882423196,5.7082952108250313e-05,9.19953554772055e-06,,,,,,,,,,,,,,
6483.2549940653,0.0005101828744377917,0.00013882457971436965,5.690178471540059e-05,9.16050100328336e-06,,,,,,,,,,,,,,
6491.91215501566,0.0005085133875627532,0.000138188855193942,5.672119230374963e-05,9.121632086301092e-06,,,,,,,,,,,,,,
6500.5808759672445,0.0005068493638001908,0.0001375560418702689,5.654117304844721e-05,9.082928094000055e-06,,,,,,,,,,,,,,
6509.261172356264,0.0005051907852729935,0.00013692612641199903,5.636172513043425e-05,9.04438832658831e-06,,,,,,,,,,,,,,
6517.9530596395125,0.0005035376341625558,0.00013629909554883113,5.618284673642577e-05,9.006012087243426e-06,,,,,,,,,,,,,,
6526.65655329445,0.0005018898927085749,0.00013567493607123142,5.600453605889088e-05,8.967798682099439e-06,,,,,,,,,,,,,,
6535.371668819177,0.0005002475432088699,0.00013505363483015914,5.582679129603594e-05,8.929747420234747e-06,,,,,,,,,,,,,,
6544.098421732517,0.0004986105680191831,0.0001344351787367852,5.56496106517853e-05,8.891857613659176e-06,,,,,,,,,,,,,,
6552.836827573989,0.0004969789495530002,0.00013381955476222084,5.547299233576407e-05,8.854128577301985e-06,,,,,,,,,,,,,,
6561.586901903886,0.0004953526702813499,0.0001332067499372388,5.529693456327902e-05,8.816559628999036e-06,,,,,,,,,,,,,,
6570.348660303256,0.0004937317127326262,0.00013259675135200445,5.5121435555301884e-05,8.779150089480896e-06,,,,,,,,,,,,,,
6579.122118373977,0.0004921160594923915,0.0001319895461557995,5.4946493538449806e-05,8.74189928236013e-06,,,,,,,,,,,,,,
6587.907291738734,0.0004905056932031995,0.00013138512155675558,5.4772106744968784e-05,8.70480653411949e-06,,,,,,,,,,,,,,
6596.704196041101,0.0004889005965643976,0.0001307834648215804,5.4598273412714786e-05,8.667871174099321e-06,,,,,,,,,,,,,,
6605.512846945518,0.00048730075233194964,0.00013018456327529353,5.4424991785136615e-05,8.631092534485817e-06,,,,,,,,,,,,,,
6614.333260137344,0.0004857061433182493,0.00012958840430095692,5.425226011125829e-05,8.594469950298704e-06,,,,,,,,,,,,,,
6623.165451322905,0.00048411675239192907,0.00012899497533940912,5.408007664566032e-05,8.558002759379248e-06,,,,,,,,,,,,,,
6632.009436229469,0.0004825325624776856,0.00012840426388900251,5.3908439648463305e-05,8.521690302378393e-06,,,,,,,,,,,,,,
6640.865230605334,0.000480953556556087,0.0001278162575053371,5.373734738530926e-05,8.485531922744696e-06,,,,,,,,,,,,,,
6649.732850219799,0.00047937971766340016,0.000127230943801002,5.356679812734537e-05,8.449526966712596e-06,,,,,,,,,,,,,,
6658.612310863248,0.00047781102889139733,0.00012664831044531037,5.3396790151205054e-05,8.413674783290454e-06,,,,,,,,,,,,,,
6667.503628347122,0.0004762474733871845,0.00012606834516404376,5.322732173899178e-05,8.377974724248925e-06,,,,,,,,,,,,,,
6676.406818504002,0.0004746890343530116,0.00012549103573918953,5.30583911782608e-05,8.342426144109094e-06,,,,,,,,,,,,,,
6685.321897187585,0.0004731356950461015,0.0001249163700086874,5.288999676200267e-05,8.30702840013095e-06,,,,,,,,,,,,,,
6694.248880272763,0.00047158743877846,0.00012434433586616927,5.272213678862502e-05,8.271780852301617e-06,,,,,,,,,,,,,,
6703.187783655599,0.00047004424891670547,0.00012377492126070818,5.2554809561936706e-05,8.236682863323933e-06,,,,,,,,,,,,,,
6712.1386232534105,0.0004685061088818821,0.00012320811419656041,5.238801339112911e-05,8.201733798604775e-06,,,,,,,,,,,,,,
6721.101415004749,0.0004669730021492902,0.00012264390273291647,5.222174659076026e-05,8.16693302624372e-06,,,,,,,,,,,,,,
6730.076174869447,0.0004654449122483029,0.0001220822749836473,5.205600748073737e-05,8.13227991702156e-06,,,,,,,,,,,,,,
6739.062918828671,0.0004639218227621877,0.0001215232191170538,5.189079438629942e-05,8.09777384438887e-06,,,,,,,,,,,,,,
6748.061662884898,0.00046240371732793843,0.0001209667233556194,5.172610563800146e-05,8.063414184454809e-06,,,,,,,,,,,,,,
6757.072423062004,0.0004608905796360888,0.00012041277597575919,5.1561939571696145e-05,8.029200315975703e-06,,,,,,,,,,,,,,
6766.095215405231,0.00045938239343054675,0.0001198613653075764,5.1398294528518306e-05,7.995131620343936e-06,,,,,,,,,,,,,,
6775.130055981275,0.00045787914250841133,0.00011931247973461262,5.1235168854867175e-05,7.961207481576644e-06,,,,,,,,,,,,,,
6784.176960878259,0.0004563808107198079,0.00011876610769360715,5.1072560902390515e-05,7.927427286304702e-06,,,,,,,,,,,,,,
6793.235946205815,0.00045488738196770455,0.00011822223767424936,5.0910469027967065e-05,7.893790423761513e-06,,,,,,,,,,,,,,
6802.307028095061,0.00045339884020774814,0.00011768085821894017,5.0748891593691125e-05,7.86029628577208e-06,,,,,,,,,,,,,,
6811.39022269868,0.000451915169448084,0.00011714195792254677,5.058782696685461e-05,7.826944266741893e-06,,,,,,,,,,,,,,
6820.485546190905,0.0004504363537491921,0.00011660552543216573,5.042727351993165e-05,7.79373376364607e-06,,,,,,,,,,,,,,
6829.593014767566,0.0004489623772237106,0.00011607154944688238,5.026722963056175e-05,7.76066417601849e-06,,,,,,,,,,,,,,
6838.712644646141,0.0004474932240362633,0.00011554001871753148,5.010769368153299e-05,7.727734905940706e-06,,,,,,,,,,,,,,
6847.844452065733,0.00044602887840329786,0.0001150109220464629,4.9948664060766794e-05,7.694945358031494e-06,,,,,,,,,,,,,,
6856.98845328716,0.0004445693245929058,0.00011448424828730323,4.979013916130022e-05,7.662294939435697e-06,,,,,,,,,,,,,,
6866.144664592925,0.00044311454692466277,0.00011395998634472307,4.9632117381270944e-05,7.629783059813895e-06,,,,,,,,,,,,,,
6875.3131022873,0.0004416645297694519,0.00011343812517420127,4.947459712390015e-05,7.597409131331345e-06,,,,,,,,,,,,,,
6884.493782696301,0.0004402192575493049,0.00011291865378179435,4.931757679747713e-05,7.565172568647735e-06,,,,,,,,,,,,,,
6893.686722167772,0.0004387787147372247,0.00011240156122390238,4.9161054815342755e-05,7.5330727889062235e-06,,,,,,,,,,,,,,
6902.8919370713575,0.0004373428858570279,0.00011188683660704162,4.900502959587369e-05,7.501109211723271e-06,,,,,,,,,,,,,,
6912.109443798591,0.00043591175548317014,0.00011137446908761143,4.884949956246596e-05,7.469281259177783e-06,,,,,,,,,,,,,,
6921.339258762863,0.0004344853082405894,0.00011086444787166945,4.869446314351977e-05,7.437588355801024e-06,,,,,,,,,,,,,,
6930.581398399512,0.00043306352880453117,0.00011035676221470066,4.8539918772422696e-05,7.4060299285658435e-06,,,,,,,,,,,,,,
6939.835879165799,0.0004316464019003912,0.0001098514014213941,4.8385864887534954e-05,7.374605406876659e-06,,,,,,,,,,,,,,
6949.102717540963,0.00043023391230355017,0.0001093483548454163,4.823229993217272e-05,7.343314222558917e-06,,,,,,,,,,,,,,
6958.381930026266,0.00042882604483920466,0.00010884761188918564,4.807922235459252e-05,7.312155809848858e-06,,,,,,,,,,,,,,
6967.673533144978,0.00042742278438221223,0.00010834916200365177,4.7926630607976124e-05,7.281129605383373e-06,,,,,,,,,,,,,,
6976.977543442462,0.000426024115856921,0.00010785299468807102,4.777452315041404e-05,7.2502350481896995e-06,,,,,,,,,,,,,,
6986.293977486143,0.0004246300242370164,0.00010735909948978697,4.76228984448911e-05,7.2194715796753965e-06,,,,,,,,,,,,,,
6995.622851865601,0.00042324049454535006,0.00010686746600400865,4.747175495926957e-05,7.18883864361813e-06,,,,,,,,,,,,,,
7004.9641831925355,0.0004218555118537878,0.00010637808387359305,4.732109116627483e-05,7.158335686155728e-06,,,,,,,,,,,,,,
7014.317988100859,0.00042047506128304127,0.00010589094278882472,4.717090554347907e-05,7.127962155776054e-06,,,,,,,,,,,,,,
7023.684283246666,0.00041909912800251677,0.00010540603248720151,4.702119657328669e-05,7.097717503307151e-06,,,,,,,,,,,,,,
7033.063085308321,0.0004177276972301465,0.000104923342753215,4.687196274291808e-05,7.067601181907195e-06,,,,,,,,,,,,,,
7042.454410986432,0.00041636075423223846,0.00010444286341813869,4.67232025443955e-05,7.037612647054723e-06,,,,,,,,,,,,,,
7051.858277003932,0.0004149982843233101,0.00010396458435981048,4.657491447452649e-05,7.007751356538675e-06,,,,,,,,,,,,,,
7061.274700106067,0.0004136402728659385,0.00010348849550242226,4.642709703488975e-05,6.978016770448687e-06,,,,,,,,,,,,,,
7070.703697060441,0.00041228670527059815,0.0001030145868163065,4.6279748731819575e-05,6.9484083511652914e-06,,,,,,,,,,,,,,
7080.145284657071,0.0004109375669955025,0.00010254284831772358,4.6132868076390445e-05,6.918925563350149e-06,,,,,,,,,,,,,,
7089.599479708363,0.00040959284354645525,0.00010207327006865452,4.598645358440298e-05,6.889567873936469e-06,,,,,,,,,,,,,,
7099.066299049204,0.00040825252047668536,0.00010160584217658823,4.5840503776367615e-05,6.860334752119265e-06,,,,,,,,,,,,,,
7108.54575953693,0.00040691658338669996,0.0001011405547943161,4.569501717749081e-05,6.831225669345859e-06,,,,,,,,,,,,,,
7118.037878051417,0.0004055850179241226,0.00010067739811972222,4.554999231765927e-05,6.802240099306225e-06,,,,,,,,,,,,,,
7127.542671495051,0.00040425780978354685,0.0001002163623955787,4.540542773142579e-05,6.7733775179235724e-06,,,,,,,,,,,,,,
7137.060156792818,0.000402934944706374,9.97574379093385e-05,4.5261321957994e-05,6.7446374033447695e-06,,,,,,,,,,,,,,
7146.590350892273,0.00040161640848066757,9.930061499293245e-05,4.5117673541203885e-05,6.716019235931012e-06,,,,,,,,,,,,,,
7156.133270763633,0.0004003021869409939,9.88458840225636e-05,4.4974481029516614e-05,6.687522498248322e-06,,,,,,,,,,,,,,
7165.688933399745,0.0003989922659682775,9.839323541850704e-05,4.4831742976000566e-05,6.659146675058297e-06,,,,,,,,,,,,,,
7175.257355816176,0.0003976866314896409,9.79426596449051e-05,4.468945793831587e-05,6.630891253308691e-06,,,,,,,,,,,,,,
7184.838555051192,0.00039638526947826004,9.749414720956917e-05,4.4547624478700845e-05,6.602755722124228e-06,,,,,,,,,,,,,,
7194.432548165811,0.0003950881659532125,9.704768866377863e-05,4.440624116395663e-05,6.57473957279733e-06,,,,,,,,,,,,,,
7204.0393522438535,0.00039379530697932245,9.660327460208045e-05,4.4265306565432827e-05,6.54684229877887e-06,,,,,,,,,,,,,,
7213.658984391924,0.00039250667866701813,9.616089566209403e-05,4.412481925901356e-05,6.519063395669119e-06,,,,,,,,,,,,,,
7223.291461739499,0.00039122226717217554,9.572054252431059e-05,4.3984777825102326e-05,6.491402361208508e-06,,,,,,,,,,,,,,
7232.936801438899,0.00038994205869597744,9.528220591190015e-05,4.384518084860869e-05,6.463858695268661e-06,,,,,,,,,,,,,,
7242.595020665376,0.00038866603948475674,9.48458765905129e-05,4.370602691893274e-05,6.436431899843243e-06,,,,,,,,,,,,,,
7252.266136617089,0.0003873941958298563,9.441154536808773e-05,4.3567314629951925e-05,6.4091214790390625e-06,,,,,,,,,,,,,,
7261.950166515189,0.0003861265140674746,9.397920309465558e-05,4.3429042580006016e-05,6.381926939066999e-06,,,,,,,,,,,,,,
7271.6471276037955,0.00038486298057852715,9.354884066214972e-05,4.329120937188368e-05,6.35484778823318e-06,,,,,,,,,,,,,,
7281.357037150082,0.00038360358178849113,9.312044900421075e-05,4.315381361280752e-05,6.327883536929989e-06,,,,,,,,,,,,,,
7291.079912444251,0.0003823483041672676,9.269401909599877e-05,4.301685391442114e-05,6.301033697627314e-06,,,,,,,,,,,,,,
7300.815770799621,0.0003810971342290291,9.226954195400006e-05,4.2880328892773804e-05,6.2742977848636295e-06,,,,,,,,,,,,,,
7310.564629552607,0.0003798500585320817,9.184700863584085e-05,4.274423716830744e-05,6.247675315237298e-06,,,,,,,,,,,,,,
7320.326506062775,0.00037860706367871593,9.14264102400969e-05,4.260857736584239e-05,6.221165807397854e-06,,,,,,,,,,,,,,
7330.101417712892,0.00037736813631506183,9.100773790610601e-05,4.24733481145631e-05,6.194768782037123e-06,,,,,,,,,,,,,,
7339.889381908907,0.0003761332631309519,9.05909828137833e-05,4.233854804800528e-05,6.168483761880835e-06,,,,,,,,,,,,,,
7349.690416080043,0.0003749024308597697,9.01761361834325e-05,4.220417580404085e-05,6.142310271679691e-06,,,,,,,,,,,,,,
7359.504537678764,0.000373675626278315,8.976318927556401e-05,4.2070230024865226e-05,6.1162478382010705e-06,,,,,,,,,,,,,,
7369.331764180869,0.0003724528362066547,8.935213339070786e-05,4.193670935698282e-05,6.0902959902201795e-06,,,,,,,,,,,,,,
7379.172113085465,0.00037123404750798915,8.89429598692333e-05,4.180361245119397e-05,6.064454258511824e-06,,,,,,,,,,,,,,
7389.025601915051,0.00037001924708850235,8.85356600911635e-05,4.167093796258096e-05,6.038722175841633e-06,,,,,,,,,,,,,,
7398.892248215499,0.00036880842189722905,8.81302254759969e-05,4.1538684550494606e-05,6.013099276957903e-06,,,,,,,,,,,,,,
7408.772069556138,0.0003676015589259077,8.772664748252346e-05,4.140685087854034e-05,5.987585098582896e-06,,,,,,,,,,,,,,
7418.665083529735,0.0003663986452088473,8.73249176086473e-05,4.127543561456527e-05,5.9621791794047244e-06,,,,,,,,,,,,,,
7428.571307752547,0.000365199667822784,8.692502739120654e-05,4.114443743064432e-05,5.9368810600688496e-06,,,,,,,,,,,,,,
7438.49075986438,0.0003640046138867407,8.652696840579385e-05,4.1013855003066944e-05,5.911690283169792e-06,,,,,,,,,,,,,,
7448.4234575285645,0.0003628134705618954,8.613073226658155e-05,4.088368701232381e-05,5.8866063932429395e-06,,,,,,,,,,,,,,
7458.369418432043,0.0003616262250514346,8.573631062614204e-05,4.075393214309314e-05,5.861628936756211e-06,,,,,,,,,,,,,,
7468.32866028535,0.00036044286460042374,8.534369517527489e-05,4.062458908422799e-05,5.836757462101959e-06,,,,,,,,,,,,,,
7478.301200822697,0.00035926337649566366,8.49528776428288e-05,4.049565652874227e-05,5.8119915195887004e-06,,,,,,,,,,,,,,
7488.2870578019465,0.00035808774806555946,8.456384979553031e-05,4.036713317379853e-05,5.787330661433087e-06,,,,,,,,,,,,,,
7498.286249004703,0.00035691596667998017,8.41766034378075e-05,4.023901772069362e-05,5.762774441751714e-06,,,,,,,,,,,,,,
7508.298792236285,0.00035574801975012647,8.379113041162011e-05,4.011130887484657e-05,5.738322416553149e-06,,,,,,,,,,,,,,
7518.324705325818,0.00035458389472839137,8.340742259628491e-05,3.998400534578477e-05,5.713974143729813e-06,,,,,,,,,,,,,,
7528.364006126204,0.0003534235791082302,8.30254719083074e-05,3.985710584713159e-05,5.689729183050081e-06,,,,,,,,,,,,,,
7538.416712514212,0.00035226706042402203,8.264527030120875e-05,3.973060909659263e-05,5.665587096150228e-06,,,,,,,,,,,,,,
7548.482842390464,0.0003511143262509388,8.226680976535887e-05,3.9604513815943666e-05,5.641547446526586e-06,,,,,,,,,,,,,,
7558.5624136794795,0.00034996536420481067,8.189008232780575e-05,3.9478818731017014e-05,5.61760979952761e-06,,,,,,,,,,,,,,
7568.655444329741,0.00034882016194199064,8.151508005210844e-05,3.9353522571688715e-05,5.593773722345997e-06,,,,,,,,,,,,,,
7578.761952313664,0.000347678707159228,8.114179503816958e-05,3.92286240718662e-05,5.57003878401093e-06,,,,,,,,,,,,,,
7588.881955627693,0.0003465409875935285,8.077021942206904e-05,3.910412196947477e-05,5.5464045553802e-06,,,,,,,,,,,,,,
7599.015472292276,0.0003454069910220296,8.040034537589839e-05,3.898001500644581e-05,5.522870609132537e-06,,,,,,,,,,,,,,
7609.162520351951,0.0003442767052618628,8.003216510759515e-05,3.8856301928702934e-05,5.49943651975979e-06,,,,,,,,,,,,,,
7619.323117875321,0.0003431501181700299,7.966567086078052e-05,3.87329814861503e-05,5.476101863559329e-06,,,,,,,,,,,,,,
7629.49728295515,0.0003420272176432647,7.93008549145934e-05,3.8610052432659246e-05,5.452866218626292e-06,,,,,,,,,,,,,,
7639.685033708326,0.00034090799161791007,7.893770958353046e-05,3.848751352605626e-05,5.429729164846043e-06,,,,,,,,,,,,,,
7649.886388275963,0.000339792428069782,7.857622721728158e-05,3.836536352811009e-05,5.406690283886491e-06,,,,,,,,,,,,,,
7660.1013648233675,0.0003386805150140473,7.821640020057127e-05,3.824360120451943e-05,5.383749159190615e-06,,,,,,,,,,,,,,
7670.329981540132,0.00033757224050508754,7.785822095299566e-05,3.8122225324900094e-05,5.360905375968843e-06,,,,,,,,,,,,,,
7680.572256640116,0.00033646759263637613,7.750168192886505e-05,3.800123466277308e-05,5.338158521191616e-06,,,,,,,,,,,,,,
7690.8282083614995,0.00033536655954034974,7.714677561704404e-05,3.788062799555185e-05,5.315508183581947e-06,,,,,,,,,,,,,,
7701.097854966838,0.0003342691293882765,7.679349454079225e-05,3.776040410453006e-05,5.292953953607827e-06,,,,,,,,,,,,,,
7711.381214743045,0.0003331752903901351,7.644183125760911e-05,3.7640561774869325e-05,5.270495423475063e-06,,,,,,,,,,,,,,
7721.678306001483,0.00033208503079448207,7.609177835907451e-05,3.752109979558661e-05,5.248132187119644e-06,,,,,,,,,,,,,,
7731.989147077932,0.00033099833888833226,7.57433284706952e-05,3.7402016959542574e-05,5.225863840200659e-06,,,,,,,,,,,,,,
7742.313756332691,0.0003299152029970255,7.539647425174704e-05,3.7283312063428655e-05,5.203689980092725e-06,,,,,,,,,,,,,,
7752.652152150541,0.00032883561148410806,7.505120839512272e-05,3.7164983907755825e-05,5.181610205878968e-06,,,,,,,,,,,,,,
7763.004352940848,0.00032775955275120153,7.470752362717542e-05,3.704703129684143e-05,5.159624118343516e-06,,,,,,,,,,,,,,
7773.370377137523,0.00032668701523788483,7.436541270756804e-05,3.692945303879796e-05,5.137731319964538e-06,,,,,,,,,,,,,,
7783.750243199129,0.00032561798742156275,7.40248684291182e-05,3.681224794552042e-05,5.115931414906799e-06,,,,,,,,,,,,,,
7794.143969608843,0.00032455245781734884,7.368588361764885e-05,3.6695414832674817e-05,5.09422400901476e-06,,,,,,,,,,,,,,
7804.551574874553,0.000323490414977936,7.334845113183469e-05,3.657895251968561e-05,5.072608709805197e-06,,,,,,,,,,,,,,
7814.97307752884,0.00032243184749347945,7.301256386305402e-05,3.646285982972455e-05,5.051085126460336e-06,,,,,,,,,,,,,,
7825.40849612903,0.0003213767439914702,7.267821473523731e-05,3.634713558969813e-05,5.02965286982064e-06,,,,,,,,,,,,,,
7835.857849257252,0.00032032509313661197,7.234539670471888e-05,3.6231778630235814e-05,5.008311552377792e-06,,,,,,,,,,,,,,
7846.321155520419,0.0003192768836307048,7.20141027600884e-05,3.611678778567865e-05,4.987060788267757e-06,,,,,,,,,,,,,,
7856.798433550317,0.0003182321042125167,7.168432592204308e-05,3.600216189406684e-05,4.965900193263714e-06,,,,,,,,,,,,,,
7867.289702003584,0.000317190743657669,7.135605924324095e-05,3.5887899797128886e-05,4.944829384769198e-06,,,,,,,,,,,,,,
7877.7949795618015,0.00031615279077850994,7.102929580815361e-05,3.577400034026884e-05,4.923847981811096e-06,,,,,,,,,,,,,,
7888.314284931462,0.0003151182344240011,7.070402873292222e-05,3.566046237255552e-05,4.9029556050328455e-06,,,,,,,,,,,,,,
7898.8476368440715,0.0003140870634795904,7.03802511652103e-05,3.5547284746710244e-05,4.882151876687489e-06,,,,,,,,,,,,,,
7909.395054056115,0.00031305926686709914,7.005795628406167e-05,3.543446631909572e-05,4.861436420630927e-06,,,,,,,,,,,,,,
7919.956555349157,0.00031203483354459705,6.97371372997545e-05,3.532200594970421e-05,4.840808862315038e-06,,,,,,,,,,,,,,
7930.532159529807,0.0003110137525062904,6.941778745366047e-05,3.520990250214615e-05,4.820268828780985e-06,,,,,,,,,,,,,,
7941.121885429822,0.0003099960127823965,6.909990001810019e-05,3.509815484363841e-05,4.7998159486523916e-06,,,,,,,,,,,,,,
7951.725751906078,0.0003089816034390312,6.878346829620342e-05,3.498676184499322e-05,4.779449852128699e-06,,,,,,,,,,,,,,
7962.343777840633,0.0003079705135780908,6.846848562176715e-05,3.4875722380606526e-05,4.75917017097845e-06,,,,,,,,,,,,,,
7972.9759821407815,0.00030696273233713075,6.815494535911431e-05,3.4765035328446653e-05,4.738976538532599e-06,,,,,,,,,,,,,,
7983.6223837390335,0.0003059582488892549,6.784284090295596e-05,3.465469957004307e-05,4.718868589677953e-06,,,,,,,,,,,,,,
7994.283001593211,0.00030495705244299354,6.753216567824988e-05,3.454471399047478e-05,4.69884596085049e-06,,,,,,,,,,,,,,
8004.95785468642,0.0003039591322421935,6.722291314006428e-05,3.443507747835955e-05,4.67890829002887e-06,,,,,,,,,,,,,,
8015.646962027147,0.00030296447756589603,6.691507677343776e-05,3.432578892584205e-05,4.659055216727802e-06,,,,,,,,,,,,,,
8026.350342649226,0.0003019730777282276,6.66086500932442e-05,3.4216847228583505e-05,4.6392863819916116e-06,,,,,,,,,,,,,,
8037.068015611942,0.0003009849220782796,6.630362664405391e-05,3.410825128574957e-05,4.619601428387668e-06,,,,,,,,,,,,,,
8047.799999999997,0.00030000000000000014,6.599999999999995e-05,3.400000000000002e-05,4.6000000000000025e-06,,,,,,,,,,,,,,
