Photon Energy / eV,4s,4p,5s,4d,5p,6s,4f,Unnamed: 8,Unnamed: 9,Unnamed: 10,Unnamed: 11,Unnamed: 12,Unnamed: 13,Unnamed: 14,Unnamed: 15,Unnamed: 16,Unnamed: 17,Unnamed: 18
10.2,,,,,,0.0013000000000000006,,,,,,,,,,,,
10.21362017100584,,,,,,0.0013131788561043087,,,,,,,,,,,,
10.22725852917425,,,,,,0.0013264913139380155,,,,,,,,,,,,
10.24091509879075,,,,,,0.001339938727899557,,,,,,,,,,,,
10.25458990417328,,,,,,0.0013535224661176952,,,,,,,,,,,,
10.26828296967226,,,,,,0.0013672439105907057,,,,,,,,,,,,
10.281994319670622,,,,,,0.0013811044573269877,,,,,,,,,,,,
10.29572397858386,,,,,,0.0013951055164870942,,,,,,,,,,,,
10.30947197086006,,,,,,0.0014092485125271788,,,,,,,,,,,,
10.323238320979964,,,,,,0.0014235348843439526,,,,,,,,,,,,
10.337023053457003,,,,,,0.001437966085421054,,,,,,,,,,,,
10.350826192837335,,,,,,0.0014525435839769308,,,,,,,,,,,,
10.3646477636999,,,,,,0.0014672688631142139,,,,,,,,,,,,
10.378487790656457,,,,,,0.0014821434209706108,,,,,,,,,,,,
10.39234629835163,,,,,,0.0014971687708713176,,,,,,,,,,,,
10.406223311462949,,,,,,0.0015123464414829922,,,,,,,,,,,,
10.420118854700899,,,,,,0.0015276779769692746,,,,,,,,,,,,
10.434032952808957,,,,,,0.0015431649371478889,,,,,,,,,,,,
10.447965630563646,,,,,,0.0015588088976493397,,,,,,,,,,,,
10.461916912774575,,,,,,0.00157461145007722,,,,,,,,,,,,
10.475886824284464,,,,,,0.001590574202170115,,,,,,,,,,,,
10.489875389969226,,,,,,0.001606698777965211,,,,,,,,,,,,
10.503882634737984,,,,,,0.0016229868179634967,,,,,,,,,,,,
10.51790858353312,,,,,,0.0016394399792966753,,,,,,,,,,,,
10.531953261330328,,,,,,0.001656059935895753,,,,,,,,,,,,
10.546016693138645,,,,,,0.001672848378661353,,,,,,,,,,,,
10.560098904000506,,,,,,0.00168980701563574,,,,,,,,,,,,
10.574199918991788,,,,,,0.001706937572176597,,,,,,,,,,,,
10.588319763221847,,,,,,0.0017242417911325606,,,,,,,,,,,,
10.602458461833573,,,,,,0.001741721433020538,,,,,,,,,,,,
10.616616040003423,,,,,,0.0017593782762048223,,,,,,,,,,,,
10.630792522941482,,,,,,0.001777214117078014,,,,,,,,,,,,
10.644987935891493,,,,,,0.001795230770243803,,,,,,,,,,,,
10.659202304130899,,,,,,0.0018134300687015488,,,,,,,,,,,,
10.673435652970909,,,,,,0.001831813864032813,,,,,,,,,,,,
10.687688007756526,,,,,,0.0018503840265897094,,,,,,,,,,,,
10.701959393866595,,,,,,0.0018691424456851987,,,,,,,,,,,,
10.716249836713851,,,,,,0.0018880910297853063,,,,,,,,,,,,
10.730559361744964,,,,,,0.0019072317067032876,,,,,,,,,,,,
10.74488799444058,,,,,,0.001926566423795764,,,,,,,,,,,,
10.75923576031537,,,,,,0.001946097148160838,,,,,,,,,,,,
10.77360268491808,,,,,,0.0019658258668382353,,,,,,,,,,,,
10.787988793831566,,,,,,0.0019857545870114565,,,,,,,,,,,,
10.802394112672848,,,,,,0.0020058853362119908,,,,,,,,,,,,
10.816818667093155,,,,,,0.0020262201625255985,,,,,,,,,,,,
10.831262482777957,,,,,,0.002046761134800655,,,,,,,,,,,,
10.845725585447031,,,,,,0.0020675103428586766,,,,,,,,,,,,
10.860208000854502,,,,,,0.00208846989770691,,,,,,,,,,,,
10.874709754788878,,,,,,0.002109641931753111,,,,,,,,,,,,
10.889230873073103,,,,,,0.0021310285990224875,,,,,,,,,,,,
10.903771381564605,,,,,,0.0021526320753768586,,,,,,,,,,,,
10.91833130615534,,,,,,0.0021744545587360203,,,,,,,,,,,,
10.932910672771834,,,,,,0.002196498269301358,,,,,,,,,,,,
10.947509507375239,,,,,,0.0022187654497817307,,,,,,,,,,,,
10.962127835961367,,,,,,0.0022412583656216418,,,,,,,,,,,,
10.976765684560746,,,,,,0.002263979305231722,,,,,,,,,,,,
10.991423079238663,,,,,,0.0022869305802215556,,,,,,,,,,,,
11.006100046095213,,,,,,0.002310114525634859,,,,,,,,,,,,
11.02079661126533,,,,,,0.002333533500187024,,,,,,,,,,,,
11.035512800918863,,,,,,0.002357189886505137,,,,,,,,,,,,
11.050248641260591,,,,,,0.0023810860913703537,,,,,,,,,,,,
11.0650041585303,,,,,,0.002405224545962769,,,,,,,,,,,,
11.079779379002801,,,,,,0.0024296077061087638,,,,,,,,,,,,
11.094574328987996,,,,,,0.0024542380525308604,,,,,,,,,,,,
11.109389034830919,,,,,,0.002479118091100108,,,,,,,,,,,,
11.124223522911782,,,,,,0.0025042503530910303,,,,,,,,,,,,
11.13907781964602,,,,,,0.0025296373954391453,,,,,,,,,,,,
11.153951951484348,,,,,,0.002555281801001122,,,,,,,,,,,,
11.168845944912793,,,,,,0.0025811861788175463,,,,,,,,,,,,
11.183759826452752,,,,,,0.0026073531643783657,,,,,,,,,,,,
11.198693622661045,,,,,,0.0026337854198910343,,,,,,,,,,,,
11.213647360129933,,,,,,0.0026604856345513184,,,,,,,,,,,,
11.228621065487202,,,,,,0.0026874565248169576,,,,,,,,,,,,
11.243614765396194,,,,,,0.0027147008346839934,,,,,,,,,,,,
11.258628486555848,,,,,,0.0027422213359659547,,,,,,,,,,,,
11.273662255700762,,,,,,0.002770020828575846,,,,,,,,,,,,
11.288716099601224,,,,,,0.0027981021408110293,,,,,,,,,,,,
11.303790045063277,,,,,,0.0028264681296409563,,,,,,,,,,,,
11.318884118928755,,,,,,0.002855121680997842,,,,,,,,,,,,
11.333998348075333,,,,,,0.0028840657100702737,,,,,,,,,,,,
11.349132759416577,,,,,,0.002913303161599801,,,,,,,,,,,,
11.364287379901992,,,,,,0.0029428370101805346,,,,,,,,,,,,
11.379462236517073,,,,,,0.002972670260561776,,,,,,,,,,,,
11.394657356283334,,,,,,0.0030028059479537024,,,,,,,,,,,,
11.409872766258385,,,,,,0.003033247138336197,,,,,,,,,,,,
11.425108493535966,,,,,,0.003063996928770764,,,,,,,,,,,,
11.440364565245988,,,,,,0.0030950584477156193,,,,,,,,,,,,
11.455641008554595,,,,,,0.0031264348553439792,,,,,,,,,,,,
11.470937850664205,,,,,,0.003158129343865573,,,,,,,,,,,,
11.48625511881356,,,,,,0.0031901451378514175,,,,,,,,,,,,
11.50159284027777,,,,,,0.003222485494561881,,,,,,,,,,,,
11.516951042368369,,,,,,0.0032551537042780775,,,,,,,,,,,,
11.532329752433364,,,,,,0.0032881530906366057,,,,,,,,,,,,
11.547728997857273,,,,,,0.0033214870109677104,,,,,,,,,,,,
11.563148806061186,,,,,,0.003355158856636843,,,,,,,,,,,,
11.578589204502812,,,,,,0.0033891720533897125,,,,,,,,,,,,
11.594050220676507,,,,,,0.003423530061700763,,,,,,,,,,,,
11.60953188211336,,,,,,0.0034582363771253227,,,,,,,,,,,,
11.625034216381218,,,,,,0.0034932945306551835,,,,,,,,,,,,
11.640557251084733,,,,,,0.003528708089077854,,,,,,,,,,,,
11.656101013865422,,,,,,0.0035644806553394464,,,,,,,,,,,,
11.671665532401715,,,,,,0.003600615868911222,,,,,,,,,,,,
11.687250834408998,,,,,,0.0036371174061598914,,,,,,,,,,,,
11.702856947639663,,,,,,0.0036739889807216267,,,,,,,,,,,,
11.718483899883166,,,,,,0.0037112343438798915,,,,,,,,,,,,
11.734131718966067,,,,,,0.0037488572849470915,,,,,,,,,,,,
11.749800432752084,,,,,,0.0037868616316500954,,,,,,,,,,,,
11.765490069142146,,,,,,0.0038252512505196823,,,,,,,,,,,,
11.781200656074423,,,,,,0.0038640300472838544,,,,,,,,,,,,
11.796932221524408,,,,,,0.0039032019672653024,,,,,,,,,,,,
11.812684793504943,,,,,,0.003942770995782719,,,,,,,,,,,,
11.828458400066278,,,,,,0.003982741158556305,,,,,,,,,,,,
11.844253069296117,,,,,,0.004023116522117319,,,,,,,,,,,,
11.860068829319673,,,,,,0.004063901194221819,,,,,,,,,,,,
11.875905708299708,,,,,,0.0041050993242685695,,,,,,,,,,,,
11.891763734436596,,,,,,0.004146715103721207,,,,,,,,,,,,
11.907642935968369,,,,,,0.004188752766534675,,,,,,,,,,,,
11.923543341170758,,,,,,0.00423121658958597,,,,,,,,,,,,
11.939464978357256,,,,,,0.004274110893109289,,,,,,,,,,,,
11.955407875879164,,,,,,0.004317440041135554,,,,,,,,,,,,
11.971372062125644,,,,,,0.004361208441936421,,,,,,,,,,,,
11.98735756552375,,,,,,0.004405420548472708,,,,,,,,,,,,
12.003364414538513,,,,,,0.004450080858847543,,,,,,,,,,,,
12.019392637672967,,,,,,0.004495193916763918,,,,,,,,,,,,
12.035442263468205,,,,,,0.00454076431198699,,,,,,,,,,,,
12.051513320503435,,,,,,0.004586796680811037,,,,,,,,,,,,
12.067605837396025,,,,,,0.004633295706531135,,,,,,,,,,,,
12.083719842801555,,,,,,0.00468026611991966,,,,,,,,,,,,
12.09985536541387,,,,,,0.004727712699707575,,,,,,,,,,,,
12.116012433965132,,,,,,0.0047756402730706185,,,,,,,,,,,,
12.132191077225865,,,,,,0.0048240537161204165,,,,,,,,,,,,
12.148391324005015,,,,,,0.004872957954400573,,,,,,,,,,,,
12.164613203149997,,,,,,0.004922357963387796,,,,,,,,,,,,
12.180856743546748,,,,,,0.004972258768998111,,,,,,,,,,,,
12.197121974119762,,,,,,0.005022665448098119,,,,,,,,,,,,
12.213408923832173,,,,,,0.005073583129021637,,,,,,,,,,,,
12.229717621685785,,,,,,0.005125016992091346,,,,,,,,,,,,
12.246048096721127,,,,,,0.005176972270145889,,,,,,,,,,,,
12.262400378017508,,,,,,0.005229454249072233,,,,,,,,,,,,
12.278774494693064,,,,,,0.005282468268343454,,,,,,,,,,,,
12.295170475904815,,,,,,0.005336019721561971,,,,,,,,,,,,
12.311588350848714,,,,,,0.005390114057008291,,,,,,,,,,,,
12.328028148759701,,,,,,0.005444756778195312,,,,,,,,,,,,
12.344489898911752,,,,,,0.00549995344442823,,,,,,,,,,,,
12.360973630617933,,,,,,0.005555709671370164,,,,,,,,,,,,
12.377479373230457,,,,,,0.005612031131613495,,,,,,,,,,,,
12.394007156140717,,,,,,0.005668923555256905,,,,,,,,,,,,
12.410557008779367,,,,,,0.005726392730488484,,,,,,,,,,,,
12.427128960616358,,,,,,0.005784444504174534,,,,,,,,,,,,
12.443723041160986,,,,,,0.0058430847824544364,,,,,,,,,,,,
12.460339279961959,,,,,,0.005902319531341544,,,,,,,,,,,,
12.476977706607435,,,,,,0.005962154777330164,,,,,,,,,,,,
12.493638350725087,,,,,,0.006022596608008662,,,,,,,,,,,,
12.510321241982146,,,,,,0.006083651172678848,,,,,,,,,,,,
12.527026410085458,,,,,,0.006145324682981571,,,,,,,,,,,,
12.54375388478154,,,,,,0.0062076234135287,,,,,,,,,,,,
12.560503695856626,,,,,,0.006270553702541492,,,,,,,,,,,,
12.577275873136736,,,,,,0.006334121952495465,,,,,,,,,,,,
12.594070446487692,,,,,,0.006398334630771678,,,,,,,,,,,,
12.610887445815216,,,,,,0.006463198270314873,,,,,,,,,,,,
12.627726901064962,,,,,,0.006528719470298028,,,,,,,,,,,,
12.644588842222564,,,,,,0.006594904896793761,,,,,,,,,,,,
12.661473299313702,,,,,,0.006661761283452563,,,,,,,,,,,,
12.678380302404145,,,,,,0.00672929543218785,,,,,,,,,,,,
12.695309881599814,,,,,,0.00679751421386799,,,,,,,,,,,,
12.712262067046824,,,,,,0.006866424569015341,,,,,,,,,,,,
12.729236888931553,,,,,,0.006936033508512371,,,,,,,,,,,,
12.746234377480679,,,,,,0.007006348114314945,,,,,,,,,,,,
12.763254562961247,,,,,,0.007077375540172835,,,,,,,,,,,,
12.780297475680719,,,,,,0.007149123012357518,,,,,,,,,,,,
12.797363145987026,,,,,,0.007221597830397438,,,,,,,,,,,,
12.814451604268612,,,,,,0.00729480736782051,,,,,,,,,,,,
12.831562880954513,,,,,,0.007368759072904474,,,,,,,,,,,,
12.848697006514394,,,,,,0.007443460469434569,,,,,,,,,,,,
12.865854011458604,,,,,,0.0075189191574690185,,,,,,,,,,,,
12.883033926338236,,,,,,0.007595142814112258,,,,,,,,,,,,
12.900236781745173,,,,,,0.007672139194295993,,,,,,,,,,,,
12.917462608312153,,,,,,0.007749916131568193,,,,,,,,,,,,
12.934711436712814,,,,,,0.007828481538890035,,,,,,,,,,,,
12.951983297661757,,,,,,0.007907843409441008,,,,,,,,,,,,
12.969278221914594,,,,,,0.007988009817432104,,,,,,,,,,,,
12.986596240268005,,,,,,0.008068988918927288,,,,,,,,,,,,
13.003937383559792,,,,,,0.008150788952673288,,,,,,,,,,,,
13.021301682668948,,,,,,0.008233418240937835,,,,,,,,,,,,
13.038689168515672,,,,,,0.008316885190356223,,,,,,,,,,,,
13.056099872061473,,,,,,0.008401198292786806,,,,,,,,,,,,
13.073533824309198,,,,,,0.008486366126174812,,,,,,,,,,,,
13.090991056303093,,,,,,0.008572397355425069,,,,,,,,,,,,
13.108471599128855,,,,,,0.008659300733283607,,,,,,,,,,,,
13.12597548391369,,,,,,0.008747085101228127,,,,,,,,,,,,
13.143502741826373,,,,,,0.008835759390367529,,,,,,,,,,,,
13.161053404077295,,,,,,0.008925332622350563,,,,,,,,,,,,
13.178627501918522,,,,,,0.009015813910283676,,,,,,,,,,,,
13.196225066643855,,,,,,0.009107212459658174,,,,,,,,,,,,
13.213846129588878,,,,,,0.009199537569286797,,,,,,,,,,,,
13.23149072213102,,,,,,0.009292798632249726,,,,,,,,,,,,
13.249158875689616,,,,,,0.009387005136850328,,,,,,,,,,,,
13.266850621725933,,,,,,0.009482166667580292,,,,,,,,,,,,
13.28456599174327,,,,,,0.00957829290609499,,,,,,,,,,,,
13.302305017286987,,,,,,0.009675393632198331,,,,,,,,,,,,
13.320067729944563,,,,,,0.009773478724837777,,,,,,,,,,,,
13.337854161345662,,,,,,0.009872558163109436,,,,,,,,,,,,
13.35566434316218,,,,,,0.009972642027273307,,,,,,,,,,,,
13.373498307108303,,,,,,0.010073740499778858,,,,,,,,,,,,
13.39135608494057,,,,,,0.010175863866300957,,,,,,,,,,,,
13.409237708457923,,,,,,0.010279022516786354,,,,,,,,,,,,
13.42714320950176,,,,,,0.010383226946510718,,,,,,,,,,,,
13.445072619956013,,,,,,0.010488487757146484,,,,,,,,,,,,
13.463025971747165,,,,,,0.010594815657841277,,,,,,,,,,,,
13.481003296844346,,,,,,0.010702221466307709,,,,,,,,,,,,
13.499004627259376,,,,,,0.010810716109923797,,,,,,,,,,,,
13.517029995046817,,,,,,0.01092031062684473,,,,,,,,,,,,
13.535079432304032,,,,,,0.011031016167125911,,,,,,,,,,,,
13.553152971171249,,,,,,0.011142843993857334,,,,,,,,,,,,
13.571250643831608,,,,,,0.011255805484309494,,,,,,,,,,,,
13.589372482511225,,,,,,0.011369912131090877,,,,,,,,,,,,
13.60751851947925,,,,,,0.011485175543317242,,,,,,,,,,,,
13.62568878704792,,,,,,0.011601607447792709,,,,,,,,,,,,
13.643883317572621,,,,,,0.01171921969020281,,,,,,,,,,,,
13.662102143451941,,,,,,0.0118380242363197,,,,,,,,,,,,
13.680345297127738,,,,,,0.011958033173219572,,,,,,,,,,,,
13.698612811085171,,,,,,0.012079258710512191,,,,,,,,,,,,
13.716904717852795,,,,,,0.012201713181583385,,,,,,,,,,,,
13.735221050002595,,,,,,0.012325409044849644,,,,,,,,,,,,
13.75356184015005,,,,,,0.012450358885025653,,,,,,,,,,,,
13.771927120954192,,,,,,0.01257657541440469,,,,,,,,,,,,
13.790316925117658,,,,,,0.012704071474151937,,,,,,,,,,,,
13.80873128538676,,,,,,0.01283286003561094,,,,,,,,,,,,
13.827170234551529,,,,,,0.012962954201623281,,,,,,,,,,,,
13.845633805445788,,,,,,0.013094367207861689,,,,,,,,,,,,
13.8641220309472,,,,,,0.013227112424176605,,,,,,,,,,,,
13.882634943977331,,,,,,0.013361203355956398,,,,,,,,,,,,
13.901172577501706,,,,,,0.013496653645501436,,,,,,,,,,,,
13.919734964529876,,,,,,0.01363347707341207,,,,,,,,,,,,
13.938322138115451,,,,,,0.01377168755999044,,,,,,,,,,,,
13.956934131356197,,,,,,0.01391129916665706,,,,,,,,,,,,
13.97557097739407,,,,,,0.014052326097381187,,,,,,,,,,,,
13.994232709415282,,,,,,0.014194782700125958,,,,,,,,,,,,
14.012919360650356,,,,,,0.014338683468308177,,,,,,,,,,,,
14.03163096437419,,,,,,0.014484043042272842,,,,,,,,,,,,
14.050367553906112,,,,,,0.014630876210782627,,,,,,,,,,,,
14.069129162609945,,,,,,0.014779197912522512,,,,,,,,,,,,
14.087915823894063,,,,,,0.01492902323761961,,,,,,,,,,,,
14.106727571211445,,,,,,0.015080367429178435,,,,,,,,,,,,
14.12556443805975,,,,,,0.015233245884831695,,,,,,,,,,,,
14.144426457981355,,,,,,0.015387674158306882,,,,,,,,,,,,
14.163313664563443,,,,,,0.015543667961008721,,,,,,,,,,,,
14.182226091438022,,,,,,0.015701243163617398,,,,,,,,,,,,
14.201163772282028,,,,,,0.015860415797703604,,,,,,,,,,,,
14.220126740817363,,,,,,0.016021202057359327,,,,,,,,,,,,
14.239115030810957,,,,,,0.01618361830084547,,,,,,,,,,,,
14.258128676074826,,,,,,0.016347681052256157,,,,,,,,,,,,
14.27716771046614,,,,,,0.016513407003199865,,,,,,,,,,,,
14.296232167887277,,,,,,0.016680813014497593,,,,,,,,,,,,
14.315322082285887,,,,,,0.016849916117898312,,,,,,,,,,,,
14.334437487654945,,,,,,0.017020733517811734,,,,,,,,,,,,
14.353578418032827,,,,,,0.017193282593058676,,,,,,,,,,,,
14.372744907503357,,,,,,0.017367580898639223,,,,,,,,,,,,
14.39193699019585,,,,,,0.017543646167518467,,,,,,,,,,,,
14.411154700285243,,,,,,0.017721496312431327,,,,,,,,,,,,
14.430398071992057,,,,,,0.017901149427704065,,,,,,,,,,,,
14.449667139582534,,,,,,0.018082623791095945,,,,,,,,,,,,
14.46896193736867,,,,,,0.018265937865658402,,,,,,,,,,,,
14.488282499708271,,,,,,0.01845111030161359,,,,,,,,,,,,
14.507628861005031,,,,,,0.01863815993825181,,,,,,,,,,,,
14.527001055708574,,,,,,0.018827105805848208,,,,,,,,,,,,
14.546399118314532,,,,,,0.01901796712759887,,,,,,,,,,,,
14.565823083364595,,,,,,0.01921076332157663,,,,,,,,,,,,
14.585272985446577,,,,,,0.019405514002706615,,,,,,,,,,,,
14.604748859194483,,,,,,0.01960223898476186,,,,,,,,,,,,
14.624250739288566,,,,,,0.01980095828237919,,,,,,,,,,,,
14.64377866045537,,,,,,0.020001692113095267,,,,,,,,,,,,
14.663332657467826,,,,,,0.02020446089940385,,,,,,,,,,,,
14.6829127651453,,,,,,0.020409285270833362,,,,,,,,,,,,
14.702519018353644,,,,,,0.02061618606604575,,,,,,,,,,,,
14.72215145200527,,,,,,0.020825184334956566,,,,,,,,,,,,
14.74181010105921,,,,,,0.021036301340876633,,,,,,,,,,,,
14.761495000521174,,,,,,0.021249558562675307,,,,,,,,,,,,
14.78120618544362,,,,,,0.021464977696965756,,,,,,,,,,,,
14.800943690925807,,,,,,0.021682580660312294,,,,,,,,,,,,
14.820707552113868,,,,,,0.021902389591460226,,,,,,,,,,,,
14.840497804200862,,,,,,0.02212442685358819,,,,,,,,,,,,
14.860314482426842,,,,,,0.022348715036583377,,,,,,,,,,,,
14.88015762207893,,,,,,0.02257527695933986,,,,,,,,,,,,
14.900027258491336,,,,,,0.022804135672079905,,,,,,,,,,,,
14.919923427045486,,,,,,0.023035314458699493,,,,,,,,,,,,
14.939846163170035,,,,,,0.02326883683913695,,,,,,,,,,,,
14.959795502340949,,,,,,0.02350472657176589,,,,,,,,,,,,
14.979771480081563,,,,,,0.023743007655812363,,,,,,,,,,,,
14.999774131962653,,,,,,0.023983704333796547,,,,,,,,,,,,
15.019803493602486,,,,,,0.024226841093999144,,,,,,,,,,,,
15.039859600666896,,,,,,0.024472442672952816,,,,,,,,,,,,
15.059942488869337,,,,,,0.0247205340579588,,,,,,,,,,,,
15.080052193970955,,,,,,0.024971140489629177,,,,,,,,,,,,
15.10018875178065,,,,,,0.02522428746445478,,,,,,,,,,,,
15.12035219815513,,,,,,0.02548000073739922,,,,,,,,,,,,
15.140542568999,,,,,,0.025738306324519213,,,,,,,,,,,,
15.16075990026478,,,,,,0.025999230505611093,,,,,,,,,,,,
15.181004227953025,,,,,,0.026262799826885085,,,,,,,,,,,,
15.201275588112347,,,,,,0.026529041103665676,,,,,,,,,,,,
15.221574016839503,,,,,,0.026797981423119913,,,,,,,,,,,,
15.241899550279445,,,,,,0.02706964814701316,,,,,,,,,,,,
15.262252224625389,,,,,,0.02734406891449296,,,,,,,,,,,,
15.282632076118885,,,,,,0.02762127164490095,,,,,,,,,,,,
15.303039141049872,,,,,,0.027901284540613396,,,,,,,,,,,,
15.32347345575675,,,,,,0.028184136089910397,,,,,,,,,,,,
15.343935056626442,,,,,,0.028469855069874376,,,,,,,,,,,,
15.364423980094456,,,,,,0.028758470549317745,,,,,,,,,,,,
15.384940262644957,,,,,,0.02905001189174041,,,,,,,,,,,,
15.405483940810834,,,,,,0.029344508758317216,,,,,,,,,,,,
15.426055051173732,,,,,,0.029641991110915273,,,,,,,,,,,,
15.446653630364171,,,,,,0.029942489215142917,,,,,,,,,,,,
15.467279715061576,,,,,,0.03024603364342843,,,,,,,,,,,,
15.48793334199435,,,,,,0.030552655278130607,,,,,,,,,,,,
15.508614547939938,,,,,,0.030862385314680617,,,,,,,,,,,,
15.5293233697249,,,,,,0.031175255264755918,,,,,,,,,,,,
15.550059844224961,,,,,,0.031491296959486145,,,,,,,,,,,,
15.570824008365097,,,,,,0.03181054255269163,,,,,,,,,,,,
15.591615899119585,,,,,,0.032133024524154626,,,,,,,,,,,,
15.612435553512073,,,,,,0.032458775682923886,,,,,,,,,,,,
15.633283008615658,,,,,,0.03278782917065269,,,,,,,,,,,,
15.654158301552908,,,,,,0.033120218464970014,,,,,,,,,,,,
15.675061469496017,,,,,,0.033455977382887914,,,,,,,,,,,,
15.69599254966676,,,,,,0.033795140084240276,,,,,,,,,,,,
15.716951579336648,,,,,,0.034137741075159614,,,,,,,,,,,,
15.737938595826948,,,,,,0.03448381521158705,,,,,,,,,,,,
15.75895363650877,,,,,,0.03483339770281865,,,,,,,,,,,,
15.779996738803117,,,,,,0.03518652411508756,,,,,,,,,,,,
15.80106794018097,,,,,,0.03554323037518257,,,,,,,,,,,,
15.822167278163336,,,,,,0.03590355277410319,,,,,,,,,,,,
15.843294790321336,,,,,,0.03626752797075194,,,,,,,,,,,,
15.864450514276248,,,,,,0.03663519299566387,,,,,,,,,,,,
15.885634487699594,,,,,,0.03700658525477419,,,,,,,,,,,,
15.906846748313203,,,,,,0.03738174253322394,,,,,,,,,,,,
15.928087333889254,,,,,,0.03776070299920368,,,,,,,,,,,,
15.949356282250383,,,,,,0.03814350520783756,,,,,,,,,,,,
15.970653631269727,,,,,,0.03853018810510527,,,,,,,,,,,,
15.991979418870994,,,,,,0.03892079103180459,,,,,,,,,,,,
16.013333683028534,,,,,,0.03931535372755382,,,,,,,,,,,,
16.0347164617674,,,,,,0.039713916334834926,,,,,,,,,,,,
16.05612779316342,,,,,,0.040116519403077484,,,,,,,,,,,,
16.07756771534327,,,,,,0.040523203892784285,,,,,,,,,,,,
16.099036266484543,,,,,,0.040934011179698575,,,,,,,,,,,,
16.12053348481579,,,,,,0.041348983059013494,,,,,,,,,,,,
16.14205940861663,,,,,,0.04176816174962443,,,,,,,,,,,,
16.163614076217783,,,,,,0.04219158989842425,,,,,,,,,,,,
16.185197526001172,,,,,,0.04261931058464236,,,,,,,,,,,,
16.20680979639994,,,,,,0.04305136732422684,,,,,,,,,,,,
16.228450925898578,,,,,,0.04348780407427279,,,,,,,,,,,,
16.25012095303295,,,,,,0.043928665237493704,,,,,,,,,,,,
16.271819916390392,,,,,,0.04437399566673928,,,,,,,,,,,,
16.29354785460975,,,,,,0.044823840669558634,,,,,,,,,,,,
16.315304806381477,,,,,,0.04527824601280985,,,,,,,,,,,,
16.337090810447684,,,,,,0.04573725792731623,,,,,,,,,,,,
16.358905905602217,,,,,,0.04620092311256987,,,,,,,,,,,,
16.38075013069072,,,,,,0.04666928874148279,,,,,,,,,,,,
16.402623524610714,,,,,,0.04714240246518618,,,,,,,,,,,,
16.424526126311658,,,,,,0.04762031241787854,,,,,,,,,,,,
16.446457974795013,,,,,,0.048103067221722716,,,,,,,,,,,,
16.468419109114343,,,,,,0.04859071599179288,,,,,,,,,,,,
16.49040956837532,,,,,,0.04908330834107068,,,,,,,,,,,,
16.51242939173587,,,,,,0.04958089438549406,,,,,,,,,,,,
16.534478618406194,,,,,,0.050083524749055086,,,,,,,,,,,,
16.55655728764885,,,,,,0.050591250568950745,,,,,,,,,,,,
16.578665438778824,,,,,,0.05110412350078554,,,,,,,,,,,,
16.600803111163607,,,,,,0.05162219572382681,,,,,,,,,,,,
16.622970344223248,,,,,,0.052145519946313536,,,,,,,,,,,,
16.645167177430434,,,,,,0.052674149410818764,,,,,,,,,,,,
16.667393650310572,,,,,,0.0532081378996665,,,,,,,,,,,,
16.689649802441835,,,,,,0.05374753974040334,,,,,,,,,,,,
16.711935673455258,,,,,,0.054032458376463234,,,,,,,,,,,,
16.734251303034764,,,,,,0.054093134564455136,,,,,,,,,,,,
16.756596730917327,,,,,,0.05415387888926517,,,,,,,,,,,,
16.778971996892913,,,,,,0.05421469142740812,,,,,,,,,,,,
16.801377140804664,,,,,,0.0542755722554847,,,,,,,,,,,,
16.823812202548915,,,,,,0.054336521450181675,,,,,,,,,,,,
16.846277222075273,,,,,,0.05439753908827185,,,,,,,,,,,,
16.86877223938669,,,,,,0.05445862524661431,,,,,,,,,,,,
16.891297294539534,,,,,,0.05451978000215443,,,,,,,,,,,,
16.91385242764366,,,,,,0.05458100343192399,,,,,,,,,,,,
16.93643767886249,,,,,,0.05464229561304127,,,,,,,,,,,,
16.959053088413064,,,,,,0.054703656622711164,,,,,,,,,,,,
16.98169869656613,,,,,,0.05476508653822525,,,,,,,,,,,,
17.004374543646225,,,,,,0.05482658543696192,,,,,,,,,,,,
17.02708067003169,,,,,,0.054888153396386384,,,,,,,,,,,,
17.04981711615484,,,,,,0.05494979049405099,,,,,,,,,,,,
17.07258392250193,,,,,,0.055011496807595026,,,,,,,,,,,,
17.09538112961331,,,,,,0.055073272414745036,,,,,,,,,,,,
17.11820877808344,,,,,,0.05513511739331485,,,,,,,,,,,,
17.141066908561005,,,,,,0.05519703182120565,,,,,,,,,,,,
17.163955561748956,,,,,,0.055259015776406135,,,,,,,,,,,,
17.18687477840461,,,,,,0.05532106933699255,,,,,,,,,,,,
17.20982459933969,,,,,,0.05538319258112884,,,,,,,,,,,,
17.23280506542043,,,,,,0.055445385587066694,,,,,,,,,,,,
17.255816217567617,,,,,,0.05550764843314571,,,,,,,,,,,,
17.278858096756696,,,,,,0.05556998119779344,,,,,,,,,,,,
17.301930744017827,,,,,,0.05563238395952553,,,,,,,,,,,,
17.32503420043594,,,,,,0.05569485679694572,,,,,,,,,,,,
17.348168507150838,,,,,,0.0557573997887461,,,,,,,,,,,,
17.37133370535726,,,,,,0.05582001301370711,,,,,,,,,,,,
17.394529836304955,,,,,,0.055882696550697636,,,,,,,,,,,,
17.41775694129874,,,,,,0.055945450478675156,,,,,,,,,,,,
17.44101506169861,,,,,,0.05600827487668579,,,,,,,,,,,,
17.464304238919762,,,,,,0.05607116982386444,,,,,,,,,,,,
17.487624514432714,,,,,,0.056134135399434855,,,,,,,,,,,,
17.51097592976335,,,,,,0.05619717168270978,,,,,,,,,,,,
17.53435852649301,,,,,,0.056260278753090996,,,,,,,,,,,,
17.557772346258552,,,,,,0.056323456690069454,,,,,,,,,,,,
17.58121743075244,,,,,,0.056386705573225386,,,,,,,,,,,,
17.604693821722808,,,,,,0.0564500254822284,,,,,,,,,,,,
17.628201560973526,,,,,,0.05651341649683749,,,,,,,,,,,,
17.6517406903643,,,,,,0.05657687869690131,,,,,,,,,,,,
17.67531125181072,,,,,,0.056640412162358135,,,,,,,,,,,,
17.698913287284356,,,,,,0.05670401697323602,,,,,,,,,,,,
17.72254683881282,,,,,,0.056767693209652886,,,,,,,,,,,,
17.746211948479846,,,,,,0.05683144095181663,,,,,,,,,,,,
17.76990865842535,,,,,,0.056895260280025194,,,,,,,,,,,,
17.79363701084554,,,,,,0.056959151274666726,,,,,,,,,,,,
17.817397047992944,,,,,,0.057023114016219616,,,,,,,,,,,,
17.841188812176537,,,,,,0.05708714858525264,,,,,,,,,,,,
17.865012345761762,,,,,,0.05715125506242507,,,,,,,,,,,,
17.888867691170656,,,,,,0.05721543352848671,,,,,,,,,,,,
17.9127548908819,,,,,,0.057279684064278115,,,,,,,,,,,,
17.93667398743087,,,,,,0.0573440067507305,,,,,,,,,,,,
17.960625023409772,,,,,,0.057408401668866085,,,,,,,,,,,,
17.984608041467673,,,,,,0.057472868899798,,,,,,,,,,,,
18.008623084310596,,,,,,0.057537408524730514,,,,,,,,,,,,
18.032670194701577,,,,,,0.05760202062495904,,,,,,,,,,,,
18.056749415460768,,,,,,0.057666705281870304,,,,,,,,,,,,
18.08086078946549,,,,,,0.057731462576942415,,,,,,,,,,,,
18.105004359650323,,,,,,0.057796292591745006,,,,,,,,,,,,
18.129180169007178,,,,,,0.05786119540793927,,,,,,,,,,,,
18.15338826058537,,,,,,0.05792617110727813,,,,,,,,,,,,
18.17762867749171,,,,,,0.05799121977160633,,,,,,,,,,,,
18.201901462890532,,,,,,0.058056341482860443,,,,,,,,,,,,
18.22620666000388,,,,,,0.058121536323069135,,,,,,,,,,,,
18.25054431211143,,,,,,0.058186804374353154,,,,,,,,,,,,
18.274914462550704,,,,,,0.05825214571892549,,,,,,,,,,,,
18.29931715471708,,,,,,0.05831756043909144,,,,,,,,,,,,
18.323752432063877,,,,,,0.05838304861724868,,,,,,,,,,,,
18.348220338102447,,,,,,0.05844861033588749,,,,,,,,,,,,
18.372720916402226,,,,,,0.05851424567759075,,,,,,,,,,,,
18.39725421059085,,,,,,0.05857995472503406,,,,,,,,,,,,
18.4218202643542,,,,,,0.0586457375609859,,,,,,,,,,,,
18.446419121436488,,,,,,0.05871159426830767,,,,,,,,,,,,
18.471050825640347,,,,,,0.05877752492995382,,,,,,,,,,,,
18.495715420826905,,,,,,0.05884352962897199,,,,,,,,,,,,
18.520412950915816,,,,,,0.058909608448502966,,,,,,,,,,,,
18.54514345988546,,,,,,0.05897576147178109,,,,,,,,,,,,
18.569906991772857,,,,,,0.05904198878213398,,,,,,,,,,,,
18.594703590673884,,,,,,0.05910829046298293,,,,,,,,,,,,
18.619533300743285,,,,,,0.05917466659784291,,,,,,,,,,,,
18.64439616619476,,,,,,0.059241117270322635,,,,,,,,,,,,
18.669292231301053,,,,,,0.05930764256412475,,,,,,,,,,,,
18.694221540394025,,,,,,0.05937424256304586,,,,,,,,,,,,
18.719184137864733,,,,,,0.059440917350976695,,,,,,,,,,,,
18.74418006816351,,,,,,0.05950766701190218,,,,,,,,,,,,
18.769209375800042,,,,,,0.05957449162990155,,,,,,,,,,,,
18.794272105343456,,,,,,0.05964139128914846,,,,,,,,,,,,
18.819368301422394,,,,,,0.05970836607391111,,,,,,,,,,,,
18.844498008725054,,,,,,0.05977541606855223,,,,,,,,,,,,
18.86966127199938,,,,,,0.059842541357529484,,,,,,,,,,,,
18.894858136053,,,,,,0.05990974202539517,,,,,,,,,,,,
18.920088645753403,,,,,,0.05997701815679664,,,,,,,,,,,,
18.945352846027994,,,,,,0.06004436983647629,,,,,,,,,,,,
18.97065078186416,,,,,,0.06011179714927167,,,,,,,,,,,,
18.99598249830936,,,,,,0.06017930018011562,,,,,,,,,,,,
19.021348040471214,,,,,,0.06024687901403632,,,,,,,,,,,,
19.04674745351757,,,,,,0.06031453373615745,,,,,,,,,,,,
19.072180782676583,,,,,,0.060382264431698286,,,,,,,,,,,,
19.097648073236822,,,,,,0.06045007118597383,,,,,,,,,,,,
19.123149370547285,,,,,,0.06051795408439476,,,,,,,,,,,,
19.148684720017595,,,,,,0.06058591321246788,,,,,,,,,,,,
19.174254167117944,,,,,,0.06065394865579582,,,,,,,,,,,,
19.199857757379274,,,,,,0.06072206050007743,,,,,,,,,,,,
19.225495536393325,,,,,,0.0607902488311078,,,,,,,,,,,,
19.251167549812706,,,,,,0.060858513734778324,,,,,,,,,,,,
19.27687384335099,,,,,,0.06092685529707688,,,,,,,,,,,,
19.3026144627828,,,,,,0.0609952736040879,,,,,,,,,,,,
19.328389453943867,,,,,,0.061063768741992486,,,,,,,,,,,,
19.354198862731142,,,,,,0.0611323407970685,,,,,,,,,,,,
19.380042735102847,,,,,,0.06120098985569071,,,,,,,,,,,,
19.40592111707859,,,,,,0.061269716004330885,,,,,,,,,,,,
19.43183405473943,,,,,,0.0613385193295579,,,,,,,,,,,,
19.457781594227914,,,,,,0.061407399918037744,,,,,,,,,,,,
19.483763781748284,,,,,,0.06147635785653395,,,,,,,,,,,,
19.509780663566403,,,,,,0.06154539323190723,,,,,,,,,,,,
19.53583228600995,,,,,,0.06161450613111601,,,,,,,,,,,,
19.561918695468467,,,,,,0.0616836966412163,,,,,,,,,,,,
19.58803993839343,,,,,,0.06175296484936188,,,,,,,,,,,,
19.614196061298344,,,,,,0.061822310842804394,,,,,,,,,,,,
19.64038711075883,,,,,,0.06189173470889349,,,,,,,,,,,,
19.666613133412696,,,,,,0.061961236535076875,,,,,,,,,,,,
19.692874175960025,,,,,,0.06203081640890047,,,,,,,,,,,,
19.719170285163266,,,,,,0.06210047441800852,,,,,,,,,,,,
19.745501507847305,,,,,,0.062170210650143665,,,,,,,,,,,,
19.771867890899564,,,,,,0.06224002519314712,,,,,,,,,,,,
19.798269481270037,,,,,,0.06230991813495866,,,,,,,,,,,,
19.82470632597148,,,,,,0.062379889563616876,,,,,,,,,,,,
19.85117847207935,,,,,,0.06244993956725923,,,,,,,,,,,,
19.877685966732013,,,,,,0.06252006823412212,,,,,,,,,,,,
19.904228857130764,,,,,,0.06259027565254109,,,,,,,,,,,,
19.93080719053993,,,,,,0.06266056191095078,,,,,,,,,,,,
19.957421014286947,,,,,,0.06273092709788522,,,,,,,,,,,,
19.98407037576245,,,,,,0.06280137130197784,,,,,,,,,,,,
20.010755322420355,,,,,,0.06287189461196162,,,,,,,,,,,,
20.03747590177794,,,,,,0.06294249711666912,,,,,,,,,,,,
20.06423216141594,,,,,,0.06301317890503273,,,,,,,,,,,,
20.091024148978622,,,,,,0.06308394006608468,,,,,,,,,,,,
20.117851912173883,,,,,,0.06315478068895719,,,,,,,,,,,,
20.14471549877328,,,,,,0.06322570086288247,,,,,,,,,,,,
20.17161495661224,,,,,,0.06329670067719313,,,,,,,,,,,,
20.198550333589985,,,,,,0.06336778022132193,,,,,,,,,,,,
20.225521677669747,,,,,,0.06343893958480211,,,,,,,,,,,,
20.252529036878784,,,,,,0.06351017885726748,,,,,,,,,,,,
20.27957245930849,,,,,,0.06358149812845247,,,,,,,,,,,,
20.30665199311448,,,,,,0.06365289748819232,,,,,,,,,,,,
20.333767686516666,,,,,,0.06372437702642308,,,,,,,,,,,,
20.36091958779935,,,,,,0.06379593683318188,,,,,,,,,,,,
20.38810774531131,,,,,,0.0638675769986069,,,,,,,,,,,,
20.41533220746589,,,,,,0.06393929761293757,,,,,,,,,,,,
20.44259302274105,,,,,,0.06401109876651458,,,,,,,,,,,,
20.46989023967954,,,,,,0.06408298054978022,,,,,,,,,,,,
20.497223906888873,,,,,,0.0641549430532782,,,,,,,,,,,,
20.524594073041502,,,,,,0.06422698636765395,,,,,,,,,,,,
20.552000786874864,,,,,,0.06429911058365473,,,,,,,,,,,,
20.57944409719147,,,,,,0.06437131579212968,,,,,,,,,,,,
20.606924052859007,,,,,,0.06444360208402994,,,,,,,,,,,,
20.63444070281041,,,,,,0.0645159695504088,,,,,,,,,,,,
20.66199409604395,,,,,,0.0645884182824218,,,,,,,,,,,,
20.68958428162334,,,,,,0.06466094837132687,,,,,,,,,,,,
20.717211308677793,,,,,,0.06473355990848437,,,,,,,,,,,,
20.744875226402137,,,,,,0.06480625298535728,,,,,,,,,,,,
20.772576084056894,,,,,,0.06487902769351132,,,,,,,,,,,,
20.800313930968322,,,,,,0.06495188412461489,,,,,,,,,,,,
20.82808881652862,,,,,,0.06502482237043959,,,,,,,,,,,,
20.855900790195868,,,,,,0.06509784252285983,,,,,,,,,,,,
20.88374990149423,,,,,,0.06517094467385329,,,,,,,,,,,,
20.91163620001399,,,,,,0.06524412891550097,,,,,,,,,,,,
20.939559735411645,,,,,,0.0653173953399872,,,,,,,,,,,,
20.96752055741001,,,,,,0.0653907440395999,,,,,,,,,,,,
20.995518715798283,,,,,,0.06546417510673057,,,,,,,,,,,,
21.023554260432153,,,,,,0.06553768863387449,,,,,,,,,,,,
21.05162724123388,,,,,,0.06561128471363081,,,,,,,,,,,,
21.079737708192393,,,,,,0.06568496343870264,,,,,,,,,,,,
21.107885711363355,,,,,,0.06575872490189721,,,,,,,,,,,,
21.136071300869297,,,,,,0.06583256919612603,,,,,,,,,,,,
21.164294526899624,,,,,,0.06590649641440474,,,,,,,,,,,,
21.192555439710844,,,,,,0.06598050664985373,,,,,,,,,,,,
21.220854089626492,,,,,,0.06600000000000002,1.1123940184703085,,,,,,,,,,,
21.249190527037342,,,,,,0.06600000000000002,1.1129290121524853,,,,,,,,,,,
21.277564802401454,,,,,,0.06600000000000002,1.1134642631339957,,,,,,,,,,,
21.305976966244252,,,,,,0.06600000000000002,1.1139997715385854,,,,,,,,,,,
21.334427069158636,,,,,,0.06600000000000002,1.1145355374900592,,,,,,,,,,,
21.362915161805063,,,,,,0.06600000000000002,1.1150715611122812,,,,,,,,,,,
21.391441294911633,,,,,,0.06600000000000002,1.1156078425291753,,,,,,,,,,,
21.42000551927419,,,,,,0.06600000000000002,1.1161443818647254,,,,,,,,,,,
21.448607885756402,,,,,,0.06600000000000002,1.1166811792429743,,,,,,,,,,,
21.477248445289852,,,,,,0.06600000000000002,1.1172182347880248,,,,,,,,,,,
21.505927248874155,,,,,,0.06600000000000002,1.1177555486240398,,,,,,,,,,,
21.534644347576968,,,,,,0.06600000000000002,1.1182931208752407,,,,,,,,,,,
21.563399792534227,,,,,,0.06600000000000002,1.1188309516659103,,,,,,,,,,,
21.59219363495007,,,,,,0.06600000000000002,1.1193690411203898,,,,,,,,,,,
21.621025926097055,,,,,,0.06600000000000002,1.1199073893630809,,,,,,,,,,,
21.649896717316185,,,,,,0.06600000000000002,1.120445996518445,,,,,,,,,,,
21.678806060017028,,,,,,0.06600000000000002,1.120984862711003,,,,,,,,,,,
21.7077540056778,,,,,,0.06600000000000002,1.1215239880653363,,,,,,,,,,,
21.73674060584545,,,,,,0.06600000000000002,1.1220633727060858,,,,,,,,,,,
21.765765912135763,,,,,,0.06600000000000002,1.1226030167579526,,,,,,,,,,,
21.794829976233444,,,,,,0.06600000000000002,1.1231429203456973,,,,,,,,,,,
21.82393284989222,,,,,,0.06600000000000002,1.1236830835941412,,,,,,,,,,,
21.853074584934916,,,,,,0.06600000000000002,1.124223506628165,,,,,,,,,,,
21.882255233253574,,,,,,0.06600000000000002,1.1247641895727098,,,,,,,,,,,
21.911474846809476,,,,,,0.06600000000000002,1.1253051325527765,,,,,,,,,,,
21.94073347763338,,,,,,0.06600000000000002,1.1258463356934272,,,,,,,,,,,
21.970031177825433,,,,,,0.06600000000000002,1.1263877991197822,,,,,,,,,,,
21.999367999555393,,,,,,0.06600000000000002,1.1269295229570233,,,,,,,,,,,
22.028743995062683,,,,,,0.06600000000000002,1.1274715073303927,,,,,,,,,,,
22.058159216656467,,,,,,0.06600000000000002,1.1280137523651919,,,,,,,,,,,
22.087613716715772,,,,,,0.06600000000000002,1.1285562581867834,,,,,,,,,,,
22.117107547689557,,,,,,0.06600000000000002,1.1290990249205897,,,,,,,,,,,
22.14664076209682,,,,,,0.06600000000000002,1.1296420526920938,,,,,,,,,,,
22.17621341252669,,,,,,0.06600000000000002,1.1301853416268386,,,,,,,,,,,
22.205825551638522,,,,,,0.06600000000000002,1.1307288918504284,,,,,,,,,,,
22.23547723216196,,,,,,0.06600000000000002,1.131272703488526,,,,,,,,,,,
22.26516850689712,,,,,,0.06600000000000002,1.131816776666857,,,,,,,,,,,
22.294899428714547,,,,,,0.06600000000000002,1.1323611115112056,,,,,,,,,,,
22.324670050555437,,,,,,0.06600000000000002,1.1329057081474172,,,,,,,,,,,
22.354480425431664,,,,,,0.06600000000000002,1.133450566701398,,,,,,,,,,,
22.384330606425888,,,,,,0.06600000000000002,1.1339956872991146,,,,,,,,,,,
22.41422064669165,,,,,,0.06600000000000002,1.1345410700665939,,,,,,,,,,,
22.44415059945347,,,,,,0.06600000000000002,1.1350867151299233,,,,,,,,,,,
22.474120518006938,,,,,,0.06600000000000002,1.1356326226152513,,,,,,,,,,,
22.504130455718812,,,,,,0.06600000000000002,1.1361787926487872,,,,,,,,,,,
22.534180466027106,,,,,,0.06600000000000002,1.1367252253568,,,,,,,,,,,
22.564270602441198,,,,,,0.06600000000000002,1.1372719208656208,,,,,,,,,,,
22.594400918541925,,,,,,0.06600000000000002,1.1378188793016406,,,,,,,,,,,
22.624571467981625,,,,,,0.06600000000000002,1.1383661007913106,,,,,,,,,,,
22.654782304484357,,,,,,0.06600000000000002,1.1389135854611447,,,,,,,,,,,
22.685033481845842,,,,,,0.06600000000000002,1.139461333437716,,,,,,,,,,,
22.71532505393368,,,,,,0.06600000000000002,1.1400093448476585,,,,,,,,,,,
22.745657074687383,,,,,,0.06600000000000002,1.1405576198176683,,,,,,,,,,,
22.776029598118505,,,,,,0.06600000000000002,1.1411061584745015,,,,,,,,,,,
22.806442678310706,,,,,,0.06600000000000002,1.141654960944975,,,,,,,,,,,
22.83689636941987,,,,,,0.06600000000000002,1.142204027355968,,,,,,,,,,,
22.867390725674195,,,,,,0.06600000000000002,1.1427533578344187,,,,,,,,,,,
22.8979258013743,,,,,,0.06600000000000002,1.1433029525073282,,,,,,,,,,,
22.928501650893292,,,,,,0.06600000000000002,1.1438528115017574,,,,,,,,,,,
22.959118328676904,,,,,,0.06600000000000002,1.1444029349448295,,,,,,,,,,,
22.98977588924357,,,,,,0.06600000000000002,1.1449533229637276,,,,,,,,,,,
23.020474387184485,,,,,,0.06600000000000002,1.1455039756856964,,,,,,,,,,,
23.05121387716381,,,,,,0.06600000000000002,1.1460548932380428,,,,,,,,,,,
23.08199441391863,,,,,,0.06600000000000002,1.1466060757481331,,,,,,,,,,,
23.11281605225916,,,,,,0.06600000000000002,1.1471575233433964,,,,,,,,,,,
23.143678847068795,,,,,,0.06600000000000002,1.1477092361513221,,,,,,,,,,,
23.17458285330422,,,,,,0.06600000000000002,1.1482612142994617,,,,,,,,,,,
23.205528125995492,,,,,,0.06600000000000002,1.1488134579154274,,,,,,,,,,,
23.23651472024617,,,,,,0.06600000000000002,1.1493659671268932,,,,,,,,,,,
23.26754269123337,,,,,,0.06600000000000002,1.1499187420615942,,,,,,,,,,,
23.298612094207908,,,,,,0.06600000000000002,1.1504717828473272,,,,,,,,,,,
23.32972298449436,,,,,,0.06600000000000002,1.1510250896119503,,,,,,,,,,,
23.360875417491194,,,,,,0.06600000000000002,1.151578662483383,,,,,,,,,,,
23.392069448670846,,,,,,0.06600000000000002,1.152132501589607,,,,,,,,,,,
23.42330513357979,,,,,,0.06600000000000002,1.1526866070586637,,,,,,,,,,,
23.45458252783876,,,,,,0.06600000000000002,1.1532409790186589,,,,,,,,,,,
23.485901687142654,,,,,,0.06600000000000002,1.1537956175977575,,,,,,,,,,,
23.517262667260812,,,,,,0.06600000000000002,1.1543505229241873,,,,,,,,,,,
23.548665524037023,,,,,,0.06600000000000002,1.1549056951262378,,,,,,,,,,,
23.580110313389643,,,,,,0.06600000000000002,1.1554611343322594,,,,,,,,,,,
23.611597091311694,,,,,,0.06600000000000002,1.1560168406706648,,,,,,,,,,,
23.643125913870975,,,,,,0.06600000000000002,1.1565728142699288,,,,,,,,,,,
23.674696837210142,,,,,,0.06600000000000002,1.1571290552585873,,,,,,,,,,,
23.70630991754683,,,,,,0.06600000000000002,1.1576855637652383,,,,,,,,,,,
23.737965211173748,,,,,,0.06600000000000002,1.1582423399185418,,,,,,,,,,,
23.76966277445872,,,,,,0.06600000000000002,1.158799383847219,,,,,,,,,,,
23.801402663844936,,,,,,0.06600000000000002,1.1593566956800543,,,,,,,,,,,
23.833184935850845,,,,,,0.06600000000000002,1.1599142755458924,,,,,,,,,,,
23.865009647070476,,,,,,0.06600000000000002,1.1604721235736417,,,,,,,,,,,
23.89687685417333,,,,,,0.06600000000000002,1.1610302398922712,,,,,,,,,,,
23.928786613904638,,,,,,0.06600000000000002,1.1615886246308125,,,,,,,,,,,
23.960738983085385,,,,,,0.06600000000000002,1.162147277918359,,,,,,,,,,,
23.992734018612435,,,,,,0.06600000000000002,1.162706199884067,,,,,,,,,,,
24.024771777458625,,,,,,0.06600000000000002,1.1632653906571537,,,,,,,,,,,
24.056852316672867,,,,,,0.06600000000000002,1.1638248503668995,,,,,,,,,,,
24.08897569338025,,,,,,0.06600000000000002,1.1643845791426464,,,,,,,,,,,
24.121141964782147,,,,,,0.06600000000000002,1.1649445771137987,,,,,,,,,,,
24.15335118815632,,,,,,0.06600000000000002,1.165504844409823,,,,,,,,,,,
24.185603420856975,,,,,,0.06600000000000002,1.166065381160248,,,,,,,,,,,
24.217898720314977,,,,,,0.06600000000000002,1.166626187494665,,,,,,,,,,,
24.2502371440378,,,,,,0.06600000000000002,1.1671872635427274,,,,,,,,,,,
24.282618749609757,,,,,,0.06600000000000002,1.167748609434151,,,,,,,,,,,
24.315043594692042,,,,,,0.06600000000000002,1.1683102252987139,,,,,,,,,,,
24.34751173702284,,,,,,0.06600000000000002,1.1688721112662568,,,,,,,,,,,
24.380023234417443,,,,,,0.06600000000000002,1.1694342674666827,,,,,,,,,,,
24.412578144768336,,,,,,0.06600000000000002,1.1699966940299575,,,,,,,,,,,
24.445176526045312,,,,,,0.06600000000000002,1.1705593910861087,,,,,,,,,,,
24.477818436295575,,,,,,0.06600000000000002,1.1711223587652273,,,,,,,,,,,
24.510503933643836,,,,,,0.06600000000000002,1.1716855971974662,,,,,,,,,,,
24.543233076292417,,,,,,0.06600000000000002,1.1722491065130414,,,,,,,,,,,
24.57600592252138,,,,,,0.06600000000000002,1.1728128868422312,,,,,,,,,,,
24.60882253068855,,,,,,0.06600000000000002,1.173376938315376,,,,,,,,,,,
24.641682959229772,,,,,,0.06600000000000002,1.1739412610628805,,,,,,,,,,,
24.67458726665883,,,,,,0.06600000000000002,1.1745058552152106,,,,,,,,,,,
24.70753551156769,,,,,,0.06600000000000002,1.1750707209028952,,,,,,,,,,,
24.740527752626555,,,,,,0.06600000000000002,1.1756358582565267,,,,,,,,,,,
24.773564048583957,,,,,,0.06600000000000002,1.1762012674067597,,,,,,,,,,,
24.806644458266884,,,,,,0.06600000000000002,1.176766948484312,,,,,,,,,,,
24.83976904058087,,,,,,0.06600000000000002,1.1773329016199634,,,,,,,,,,,
24.872937854510113,,,,,,0.06600000000000002,1.177899126944558,,,,,,,,,,,
24.906150959117568,,,,,,0.06600000000000002,1.1784656245890017,,,,,,,,,,,
24.939408413545063,,,,,,0.06600000000000002,1.179032394684264,,,,,,,,,,,
24.97271027701339,,,,,,0.06600000000000002,1.1795994373613767,,,,,,,,,,,
25.006056608822444,,,,,,0.06600000000000002,1.1801667527514357,,,,,,,,,,,
25.03944746835124,,,,,,0.06600000000000002,1.1807343409855984,,,,,,,,,,,
25.072882915058184,,,,,,0.06600000000000002,1.1813022021950872,,,,,,,,,,,
25.10636300848098,,,,,,0.06600000000000002,1.1818703365111856,,,,,,,,,,,
25.13988780823688,,,,,,0.06600000000000002,1.182438744065242,,,,,,,,,,,
25.173457374022743,,,,,,0.06600000000000002,1.1830074249886666,,,,,,,,,,,
25.207071765615137,,,,,,0.06600000000000002,1.1835763794129337,,,,,,,,,,,
25.240731042870447,,,,,,0.06600000000000002,1.1841456074695806,,,,,,,,,,,
25.274435265724986,,,,,,0.06600000000000002,1.1847151092902075,,,,,,,,,,,
25.308184494195103,,,,,,0.06600000000000002,1.1852848850064786,,,,,,,,,,,
25.341978788377286,,,,,,0.06600000000000002,1.1858549347501206,,,,,,,,,,,
25.375818208448273,,,,,,0.06600000000000002,1.1864252586529243,,,,,,,,,,,
25.409702814665152,,,,,,0.06600000000000002,1.1869958568467431,,,,,,,,,,,
25.44363266736549,,,,,,0.06600000000000002,1.1875667294634948,,,,,,,,,,,
25.47760782696737,,,,,,0.06600000000000002,1.1881378766351594,,,,,,,,,,,
25.511628353969638,,,,,,0.06600000000000002,1.188709298493782,,,,,,,,,,,
25.54569430895184,,,,,,0.06600000000000002,1.1892809951714693,,,,,,,,,,,
25.579805752574472,,,,,,0.06600000000000002,1.189852966800393,,,,,,,,,,,
25.613962745579006,,,,,,0.06600000000000002,1.190425213512788,,,,,,,,,,,
25.648165348788023,,,,,,0.06600000000000002,1.1909977354409522,,,,,,,,,,,
25.682413623105333,,,,,,0.06600000000000002,1.191570532717248,,,,,,,,,,,
25.71670762951606,,,,,,0.06600000000000002,1.1921436054741013,,,,,,,,,,,
25.75104742908676,,,,,,0.06600000000000002,1.1927169538440008,,,,,,,,,,,
25.78543308296555,,,,,,0.06600000000000002,1.1932905779594998,,,,,,,,,,,
25.819864652382194,,,,,,0.06600000000000002,1.1938644779532155,,,,,,,,,,,
25.85434219864817,,,,,,0.06600000000000002,1.1944386539578278,,,,,,,,,,,
25.888865783156916,,,,,,0.06600000000000002,1.1950131061060818,,,,,,,,,,,
25.92343546738376,,,,,,0.06600000000000002,1.1955878345307853,,,,,,,,,,,
25.958051312886177,,,,,,0.06600000000000002,1.1961628393648107,,,,,,,,,,,
25.992713381303812,,,,,,0.06600000000000002,1.1967381207410939,,,,,,,,,,,
26.02742173435863,,,,,,0.06600000000000002,1.1973136787926346,,,,,,,,,,,
26.062176433855008,,,,,,0.06600000000000002,1.1978895136524972,,,,,,,,,,,
26.09697754167986,,,,,,0.06600000000000002,1.1984656254538093,,,,,,,,,,,
26.131825119802723,,,,,,0.06600000000000002,1.1990420143297629,,,,,,,,,,,
26.166719230275902,,,,,,0.06600000000000002,1.1996186804136142,,,,,,,,,,,
26.201659935234545,,,,,,0.06600000000000002,1.200195623838683,,,,,,,,,,,
26.236647296896773,,,,,,0.06600000000000002,1.2007728447383537,,,,,,,,,,,
26.271681377563812,,,,,,0.06600000000000002,1.2013503432460748,,,,,,,,,,,
26.30676223962001,,,,,,0.06600000000000002,1.2019281194953584,,,,,,,,,,,
26.34188994553312,,,,,,0.06600000000000002,1.2025061736197817,,,,,,,,,,,
26.377064557854215,,,,,,0.06600000000000002,1.2030845057529855,,,,,,,,,,,
26.412286139217944,,,,,,0.06600000000000002,1.203663116028675,,,,,,,,,,,
26.447554752342583,,,,,,0.06600000000000002,1.20424200458062,,,,,,,,,,,
26.482870460030153,,,,,,0.06600000000000002,1.204821171542654,,,,,,,,,,,
26.518233325166538,,,,,,0.06600000000000002,1.2054006170486757,,,,,,,,,,,
26.553643410721588,,,,,,0.06600000000000002,1.2059803412326475,,,,,,,,,,,
26.58910077974925,,,,,,0.06600000000000002,1.2065603442285968,,,,,,,,,,,
26.624605495387648,,,,,,0.06600000000000002,1.2071406261706148,,,,,,,,,,,
26.660157620859238,,,,,,0.06600000000000002,1.2077211871928577,,,,,,,,,,,
26.695757219470877,,,,,,0.06600000000000002,1.2083020274295462,,,,,,,,,,,
26.731404354613986,,,,,,0.06600000000000002,1.2088831470149652,,,,,,,,,,,
26.76709908976457,,,,,,0.06600000000000002,1.2094645460834643,,,,,,,,,,,
26.80284148848349,,,,,,0.06599665908013223,1.21022066435922,,,,,,,,,,,
26.83863161441639,,,,,,0.0659546230952842,1.2130014965232547,,,,,,,,,,,
26.874469531293947,,,,,,0.06591261388488272,1.2157887184538443,,,,,,,,,,,
26.910355302931933,,,,,,0.06587063143187408,1.2185823448333255,,,,,,,,,,,
26.946288993231327,,,,,,0.06582867571921537,1.2213823903777732,,,,,,,,,,,
26.982270666178444,,,,,,0.06578674672987454,1.2241888698370764,,,,,,,,,,,
27.01830038584503,,,,,,0.06574484444683049,1.2270017979950163,,,,,,,,,,,
27.0543782163884,,,,,,0.06570296885307282,1.2298211896693436,,,,,,,,,,,
27.090504222051525,,,,,,0.06566111993160201,1.2326470597118577,,,,,,,,,,,
27.126678467163167,,,,,,0.06561929766542944,1.2354794230084842,,,,,,,,,,,
27.16290101613799,,,,,,0.06557750203757724,1.238318294479353,,,,,,,,,,,
27.19917193347668,,,,,,0.0655357330310783,1.2411636890788789,,,,,,,,,,,
27.235491283766,,,,,,0.0654939906289765,1.2440156217958345,,,,,,,,,,,
27.271859131679047,,,,,,0.0654522748143263,1.2468741076534402,,,,,,,,,,,
27.30827554197519,,,,,,0.06541058557019316,1.24973916170943,,,,,,,,,,,
27.344740579500314,,,,,,0.06536892287965312,1.2526107990561413,,,,,,,,,,,
27.381254309186897,,,,,,0.06532728672579322,1.2554890348205894,,,,,,,,,,,
27.4178167960541,,,,,,0.06528567709171107,1.2583738841645484,,,,,,,,,,,
27.45442810520793,,,,,,0.06524409396051513,1.261265362284631,,,,,,,,,,,
27.49108830184131,,,,,,0.06520253731532469,1.2641634844123681,,,,,,,,,,,
27.52779745123422,,,,,,0.06516100713926969,1.2670682658142902,,,,,,,,,,,
27.564555618753822,,,,,,0.0651195034154908,1.2699797217920066,,,,,,,,,,,
27.601362869854547,,,,,,0.06507802612713957,1.2728978676822862,,,,,,,,,,,
27.638219270078242,,,,,,0.06503657525737812,1.2758227188571394,,,,,,,,,,,
27.67512488505427,,,,,,0.0649951507893794,1.2787542907238982,,,,,,,,,,,
27.71207978049959,,,,,,0.06495375270632704,1.281692598725294,,,,,,,,,,,
27.749084022219005,,,,,,0.06491238099141534,1.28463765833955,,,,,,,,,,,
27.786137676105085,,,,,,0.06487103562784942,1.2875894850804466,,,,,,,,,,,
27.823240808138454,,,,,,0.06482971659884494,1.2905480944974168,,,,,,,,,,,
27.860393484387817,,,,,,0.06478842388762843,1.2935135021756212,,,,,,,,,,,
27.897595771010106,,,,,,0.06474715747743694,1.2964857237360323,,,,,,,,,,,
27.934847734250592,,,,,,0.06470591735151827,1.299464774835516,,,,,,,,,,,
27.972149440443,,,,,,0.06466470349313093,1.3024506711669146,,,,,,,,,,,
28.009500956009642,,,,,,0.06462351588554399,1.3054434284591294,,,,,,,,,,,
28.04690234746151,,,,,,0.0645823545120373,1.3084430624772028,,,,,,,,,,,
28.08435368139844,,,,,,0.06454121935590122,1.3114495890224034,,,,,,,,,,,
28.121855024509124,,,,,,0.06450011040043692,1.3144630239323034,,,,,,,,,,,
28.15940644357142,,,,,,0.06445902762895607,1.3174833830808745,,,,,,,,,,,
28.19700800545224,,,,,,0.06441797102478097,1.3205106823785548,,,,,,,,,,,
28.234659777107858,,,,,,0.06437694057124468,1.3235449377723465,,,,,,,,,,,
28.27236182558393,,,,,,0.06433593625169069,1.326586165245893,,,,,,,,,,,
28.310114218015634,,,,,,0.06429495804947327,1.3296343808195652,,,,,,,,,,,
28.347917021627815,,,,,,0.06425400594795719,1.3326896005505449,,,,,,,,,,,
28.38577030373506,,,,,,0.06421307993051778,1.3357518405329105,,,,,,,,,,,
28.423674131741862,,,,,,0.06417217998054112,1.3388211168977209,,,,,,,,,,,
28.461628573142704,,,,,,0.06413130608142371,1.3418974458131008,,,,,,,,,,,
28.499633695522203,,,,,,0.06409045821657268,1.3449808434843256,,,,,,,,,,,
28.537689566555223,,,,,,0.06404963636940578,1.3480713261539075,,,,,,,,,,,
28.575796254007006,,,,,,0.06400884052335122,1.3511689101016815,,,,,,,,,,,
28.61395382573323,,,,,,0.0639680706618479,1.3542736116448855,,,,,,,,,,,
28.65216234968027,,,,,,0.0639273267683451,1.3573854471382594,,,,,,,,,,,
28.690421893885148,,,,,,0.06388660882630282,1.360504432974114,,,,,,,,,,,
28.728732526475774,,,,,,0.06384591681919147,1.3636305855824318,,,,,,,,,,,
28.76709431567103,,,,,,0.06380525073049198,1.366763921430946,,,,,,,,,,,
28.80550732978089,,,,,,0.06376461054369593,1.3699044570252297,,,,,,,,,,,
28.843971637206536,,,,,,0.0637239962423053,1.373052208908782,,,,,,,,,,,
28.882487306440492,,,,,,0.06368340780983257,1.3762071936631155,,,,,,,,,,,
28.921054406066737,,,,,,0.06364284522980085,1.379369427907844,,,,,,,,,,,
28.959673004760838,,,,,,0.0636023084857436,1.382538928300769,,,,,,,,,,,
28.99834317129006,,,,,,0.06356179756120478,1.385715711537969,,,,,,,,,,,
29.037064974513488,,,,,,0.06352131243973898,1.3888997943538857,,,,,,,,,,,
29.075838483382185,,,,,,0.06348085310491108,1.3920911935214144,,,,,,,,,,,
29.114663766939213,,,,,,0.06344041954029658,1.395289925851987,,,,,,,,,,,
29.15354089431994,,,,,,0.0634000117294813,1.3984960081956719,,,,,,,,,,,
29.192469934751937,,,,,,0.06335962965606165,1.4017094574412474,,,,,,,,,,,
29.231450957555285,,,,,,0.06331927330364441,1.4049302905163035,,,,,,,,,,,
29.27048403214261,,,,,,0.06327894265584676,1.4081585243873251,,,,,,,,,,,
29.309569228019225,,,,,,0.06323863769629645,1.4113941760597826,,,,,,,,,,,
29.348706614783257,,,,,,0.06319835840863154,1.4146372625782206,,,,,,,,,,,
29.387896262125764,,,,,,0.06315810477650052,1.4178878010263498,,,,,,,,,,,
29.427138239830864,,,,,,0.0631178767835624,1.4211458085271345,,,,,,,,,,,
29.46643261777586,,,,,,0.06307767441348645,1.4244113022428844,,,,,,,,,,,
29.50577946593137,,,,,,0.06303749764995249,1.4276842993753447,,,,,,,,,,,
29.545178854361424,,,,,,0.06299734647665062,1.4309648171657865,,,,,,,,,,,
29.584630853223647,,,,,,0.06295722087728134,1.434252872895099,,,,,,,,,,,
29.624135532769277,,,,,,0.06291712083555562,1.437548483883874,,,,,,,,,,,
29.663692963343454,,,,,,0.06287704633519468,1.4408516674925111,,,,,,,,,,,
29.70330321538517,,,,,,0.06283699735993026,1.4441624411212923,,,,,,,,,,,
29.742966359427506,,,,,,0.06279697389350429,1.4474808222104862,,,,,,,,,,,
29.782682466097736,,,,,,0.06275697591966922,1.4508068282404345,,,,,,,,,,,
29.82245160611743,,,,,,0.06271700342218774,1.4541404767316448,,,,,,,,,,,
29.862273850302596,,,,,,0.06267705638483285,1.4574817852448831,,,,,,,,,,,
29.902149269563804,,,,,,0.06263713479138806,1.460830771381267,,,,,,,,,,,
29.942077934906315,,,,,,0.06259723862564703,1.4641874527823566,,,,,,,,,,,
29.9820599174302,,,,,,0.0625573678714138,1.4675518471302498,,,,,,,,,,,
30.02209528833048,,,,,,0.0625175225125028,1.4709239721476746,,,,,,,,,,,
30.0621841188972,,,,,,0.06247770253273866,1.4743038455980777,,,,,,,,,,,
30.102326480515686,,,,,,0.06243790791595633,1.4776914852857308,,,,,,,,,,,
30.142522444666493,,,,,,0.06239813864600112,1.4810869090558072,,,,,,,,,,,
30.18277208292568,,,,,,0.062358394706728625,1.4844901347944903,,,,,,,,,,,
30.223075466964872,,,,,,0.062318676082004656,1.4879011804290607,,,,,,,,,,,
30.26343266855139,,,,,,0.062278982755705314,1.4913200639279913,,,,,,,,,,,
30.303843759548386,,,,,,0.06223931471171704,1.494746803301044,,,,,,,,,,,
30.344308811914985,,,,,,0.06219967193393648,1.4981814165993625,,,,,,,,,,,
30.384827897706383,,,,,,0.0621600544062705,1.5016239219155685,,,,,,,,,,,
30.425401089074008,,,,,,0.06212046211263633,1.5050743373838569,,,,,,,,,,,
30.466028458265622,,,,,,0.062080895036961355,1.5085326811800905,,,,,,,,,,,
30.50671007762546,,,,,,0.06204135316318318,1.5119989715218976,,,,,,,,,,,
30.547446019594382,,,,,,0.06200183647524972,1.5154732266687667,,,,,,,,,,,
30.588236356709906,,,,,,0.06196234495711913,1.5189554649221386,,,,,,,,,,,
30.629081161606535,,,,,,0.061922878592759606,1.5224457046255155,,,,,,,,,,,
30.669980507015634,,,,,,0.061883437366149735,1.5259439641645403,,,,,,,,,,,
30.710934465765764,,,,,,0.0618440212612783,1.5294502619671073,,,,,,,,,,,
30.75194311078271,,,,,,0.061804630262144174,1.5329646165034527,,,,,,,,,,,
30.793006515089644,,,,,,0.06176526435275648,1.5364870462862539,,,,,,,,,,,
30.834124751807238,,,,,,0.06172592351713456,1.5400175698707261,,,,,,,,,,,
30.875297894153807,,,,,,0.0616866077393079,1.543556205854721,,,,,,,,,,,
30.916526015445438,,,,,,0.0616473170033161,1.5471029728788233,,,,,,,,,,,
30.95780918909611,,,,,,0.06160805129320907,1.550657889626451,,,,,,,,,,,
30.99914748861784,,,,,,0.061568810593046724,1.5542209748239517,,,,,,,,,,,
31.0405409876208,,,,,,0.06152959488689927,1.5577922472407026,,,,,,,,,,,
31.08198975981348,,,,,,0.06149040415884692,1.5613717256892108,,,,,,,,,,,
31.123493879002723,,,,,,0.06145123839298017,1.5649594290252042,,,,,,,,,,,
31.165053419094036,,,,,,0.061412097573399535,1.5685553761477473,,,,,,,,,,,
31.206668454091506,,,,,,0.061372981684215684,1.5721595859993212,,,,,,,,,,,
31.2483390580981,,,,,,0.06133389070954947,1.5757720775659376,,,,,,,,,,,
31.29006530531572,,,,,,0.061294824633531794,1.5793928698772337,,,,,,,,,,,
31.33184727004536,,,,,,0.06125578344030364,1.5830219820065723,,,,,,,,,,,
31.37368502668721,,,,,,0.06121676711401621,1.5866594330711425,,,,,,,,,,,
31.41557864974082,,,,,,0.061177775638830666,1.590305242232061,,,,,,,,,,,
31.45752821380522,,,,,,0.061138808998918374,1.5939594286944727,,,,,,,,,,,
31.499533793579047,,,,,,0.06109986717846069,1.5976220117076518,,,,,,,,,,,
31.54159546386069,,,,,,0.06106095016164907,1.6012930105651033,,,,,,,,,,,
31.583713299548418,,,,,,0.06102205793268511,1.6049724446046647,,,,,,,,,,,
31.62588737564052,,,,,,0.06098319047578034,1.608660333208609,,,,,,,,,,,
31.66811776723537,,,,,,0.060944347775156484,1.6123566958037399,,,,,,,,,,,
31.71040454953174,,,,,,0.060905529815045184,1.61606155186151,,,,,,,,,,,
31.7527477978287,,,,,,0.06086673657968826,1.6197749208981034,,,,,,,,,,,
31.79514758752593,,,,,,0.06082796805333746,1.6234968224745532,,,,,,,,,,,
31.83760399412377,,,,,,0.06078922422025458,1.6272272761968387,,,,,,,,,,,
31.880117093223397,,,,,,0.060750505064711524,1.6309663017159899,,,,,,,,,,,
31.922686960526917,,,,,,0.06071181057099011,1.6347139187281903,,,,,,,,,,,
31.96531367183753,,,,,,0.06067314072338219,1.638470146974881,,,,,,,,,,,
32.00799730305966,,,,,,0.060634495506189705,1.6422350062428652,,,,,,,,,,,
32.050737930199084,,,,,,0.06059587490372449,1.6460085163644118,,,,,,,,,,,
32.093535629363075,,,,,,0.06055727890030839,1.6497906972173602,,,,,,,,,,,
32.13639047676052,,,,,,0.06051870748027332,1.6535815687252242,,,,,,,,,,,
32.1793025487021,,,,,,0.06048016062796105,1.6573811508573,,,,,,,,,,,
32.22227192160031,,,,,,0.06044163832772345,1.661189463628763,,,,,,,,,,,
32.26529867196982,,,,,,0.060403140563922236,1.665006527100789,,,,,,,,,,,
32.308382876427345,,,,,,0.060364667320929204,1.6688323613806404,,,,,,,,,,,
32.35152461169196,,,,,,0.06032621858312601,1.6726669866217876,,,,,,,,,,,
32.39472395458518,,,,,,0.06028779433490426,1.6765104230240078,,,,,,,,,,,
32.43798098203111,,,,,,0.060249394560665595,1.680362690833493,,,,,,,,,,,
32.481295771056544,,,,,,0.06021101924482151,1.6842238103429574,,,,,,,,,,,
32.52466839879116,,,,,,0.06017266837179339,1.6880938018917424,,,,,,,,,,,
32.5680989424676,,,,,,0.06013434192601269,1.6919726858659259,,,,,,,,,,,
32.61158747942167,,,,,,0.06009603989192065,1.6958604826984283,,,,,,,,,,,
32.655134087092435,,,,,,0.06005776225396844,1.6997572128691218,,,,,,,,,,,
32.698738843022305,,,,,,0.0600195089966172,1.703662896904932,,,,,,,,,,,
32.742401824857346,,,,,,0.05998128010433787,1.70757755537996,,,,,,,,,,,
32.786123110347184,,,,,,0.059943075561611395,1.7115012089155714,,,,,,,,,,,
32.829902777345374,,,,,,0.05990489535292849,1.7154338781805265,,,,,,,,,,,
32.87374090380935,,,,,,0.05986673946278986,1.7193755838910676,,,,,,,,,,,
32.91763756780068,,,,,,0.059828607875705986,1.723326346811045,,,,,,,,,,,
32.96159284748516,,,,,,0.05979050057619723,1.7272861877520178,,,,,,,,,,,
33.005606821132965,,,,,,0.0597524175487939,1.7312551275733663,,,,,,,,,,,
33.04967956711878,,,,,,0.05971435877803603,1.735233187182401,,,,,,,,,,,
33.093811163921956,,,,,,0.05967632424847362,1.739220387534473,,,,,,,,,,,
33.138001690126636,,,,,,0.05963831394466641,1.7432167496330855,,,,,,,,,,,
33.18225122442185,,,,,,0.05960032785118407,1.7472222945299982,,,,,,,,,,,
33.226559845601805,,,,,,0.05956236595260603,1.7512370433253532,,,,,,,,,,,
33.270927632565794,,,,,,0.05952442823352155,1.7552610171677643,,,,,,,,,,,
33.3153546643186,,,,,,0.05948651467852968,1.7592942372544524,,,,,,,,,,,
33.35984101997037,,,,,,0.059448625272239396,1.7633367248313334,,,,,,,,,,,
33.40438677873701,,,,,,0.05941075999926932,1.7673885011931536,,,,,,,,,,,
33.448992019940114,,,,,,0.05937291884424802,1.7714495876835794,,,,,,,,,,,
33.49365682300723,,,,,,0.05933510179181373,1.775520005695327,,,,,,,,,,,
33.53838126747196,,,,,,0.059297308826614555,1.779599776670267,,,,,,,,,,,
33.58316543297412,,,,,,0.05925953993330833,1.7836889220995382,,,,,,,,,,,
33.62800939925985,,,,,,0.05922179509656266,1.7877874635236624,,,,,,,,,,,
33.67291324618181,,,,,,0.059184074301054976,1.7918954225326562,,,,,,,,,,,
33.717877053699254,,,,,,0.059146377531472366,1.796012820766148,,,,,,,,,,,
33.76290090187818,,,,,,0.059108704772511796,1.8001396799134821,,,,,,,,,,,
33.807984870891616,,,,,,0.05907105600887985,1.8042760217138525,,,,,,,,,,,
33.85312904101948,,,,,,0.05903343122529302,1.808421867956392,,,,,,,,,,,
33.898333492649044,,,,,,0.05899583040647729,1.8125772404803124,,,,,,,,,,,
33.9435983062748,,,,,,0.05895825353716861,1.816742161174996,,,,,,,,,,,
33.98892356249884,,,,,,0.0589207006021125,1.8209166519801343,,,,,,,,,,,
34.03430934203077,,,,,,0.0588831715860643,1.8251007348858201,,,,,,,,,,,
34.07975572568803,,,,,,0.058845666473788964,1.8292944319326818,,,,,,,,,,,
34.12526279439598,,,,,,0.05880818525006125,1.833497765211991,,,,,,,,,,,
34.17083062918803,,,,,,0.058770727899665524,1.8377107568657793,,,,,,,,,,,
34.21645931120579,,,,,,0.05873329440739586,1.8419334290869576,,,,,,,,,,,
34.262148921699215,,,,,,0.05869588475805609,1.84616580411943,,,,,,,,,,,
34.30789954202679,,,,,,0.058658498936459615,1.8504079042582149,,,,,,,,,,,
34.353711253655554,,,,,,0.05862113692742962,1.8546597518495536,,,,,,,,,,,
34.39958413816146,,,,,,0.05858379871579886,1.858921369291045,,,,,,,,,,,
34.44551827722924,,,,,,0.05854648428640983,1.86319277903174,,,,,,,,,,,
34.49151375265285,,,,,,0.05850919362411463,1.8674740035722863,,,,,,,,,,,
34.53757064633532,,,,,,0.05847192671377501,1.8717650654650204,,,,,,,,,,,
34.583689040289194,,,,,,0.05843468354026235,1.8760659873141117,,,,,,,,,,,
34.629869016636405,,,,,,0.05839746408845775,1.8803767917756578,,,,,,,,,,,
34.676110657608604,,,,,,0.05836026834325181,1.8846975015578225,,,,,,,,,,,
34.72241404554723,,,,,,0.05832309628954489,1.8890281394209458,,,,,,,,,,,
34.7687792629037,,,,,,0.058285947912246845,1.8933687281776665,,,,,,,,,,,
34.81520639223949,,,,,,0.05824882319627725,1.8977192906930425,,,,,,,,,,,
34.86169551622634,,,,,,0.0582117221265652,1.9020798498846698,,,,,,,,,,,
34.908246717646406,,,,,,0.05817464468804941,1.9064504287228063,,,,,,,,,,,
34.95486007939231,,,,,,0.058137590865678226,1.9108310502304846,,,,,,,,,,,
35.00153568446748,,,,,,0.05810056064440953,1.9152217374836504,,,,,,,,,,,
35.048273615986034,,,,,,0.058063554009210844,1.9196225136112597,,,,,,,,,,,
35.09507395717323,,,,,,0.05802657094505921,1.9240334017954275,,,,,,,,,,,
35.14193679136531,,,,,,0.05798961143694124,1.928454425271525,,,,,,,,,,,
35.1888622020099,,,,,,0.057952675469853165,1.9328856073283194,,,,,,,,,,,
35.23585027266601,,,,,,0.0579157630288007,1.9373269713080898,,,,,,,,,,,
35.282901087004234,,,,,,0.05787887409879919,1.9417785406067505,,,,,,,,,,,
35.330014728806894,,,,,,0.05784200866487345,1.9462403386739744,,,,,,,,,,,
35.37719128196819,,,,,,0.05780516671205784,1.9507123890133167,,,,,,,,,,,
35.42443083049435,,,,,,0.05776834822539633,1.9551947151823414,,,,,,,,,,,
35.471733458503735,,,,,,0.057731553189942345,1.9596873407927353,,,,,,,,,,,
35.51909925022712,,,,,,0.057694781590758804,1.9641902895104522,,,,,,,,,,,
35.56652829000764,,,,,,0.057658033412918246,1.968703585055811,,,,,,,,,,,
35.614020662301186,,,,,,0.05762130864150259,1.9732272512036495,,,,,,,,,,,
35.66157645167627,,,,,,0.057584607261603395,1.9777613117834203,,,,,,,,,,,
35.70919574281449,,,,,,0.05754792925832158,1.9823057906793458,,,,,,,,,,,
35.756878620510385,,,,,,0.05751127461676766,1.9868607118305168,,,,,,,,,,,
35.804625169671795,,,,,,0.05747464332206158,1.9914260992310377,,,,,,,,,,,
35.85243547531992,,,,,,0.05743803535933273,1.9960019769301451,,,,,,,,,,,
35.9003096225895,,,,,,0.05740145071372008,2.000588369032336,,,,,,,,,,,
35.94824769672894,,,,,,0.05736488937037197,2.0051852996974926,,,,,,,,,,,
35.99624978310048,,,,,,0.057328351314446205,2.009792793141014,,,,,,,,,,,
36.04431596718038,,,,,,0.05729183653111009,2.0144108736339406,,,,,,,,,,,
36.092446334558936,,,,,,0.05725534500554042,2.0190395655030775,,,,,,,,,,,
36.1406409709409,,,,,,0.05721887672292325,2.0236788931311387,,,,,,,,,,,
36.18889996214528,,,,,,0.05718243166845427,2.0283288809568507,,,,,,,,,,,
36.23722339410585,,,,,,0.057146009827338466,2.03298955347511,,,,,,,,,,,
36.28561135287098,,,,,,0.057109611184790354,2.037660935237081,,,,,,,,,,,
36.334063924604095,,,,,,0.05707323572603376,2.0423430508503584,,,,,,,,,,,
36.382581195583526,,,,,,0.057036883436302026,2.0470359249790655,,,,,,,,,,,
36.43116325220291,,,,,,0.05700055430083782,2.0517395823440063,,,,,,,,,,,
36.47981018097121,,,,,,0.05696424830489321,2.0564540477227866,,,,,,,,,,,
36.52852206851291,,,,,,0.056927965433729744,2.0611793459499452,,,,,,,,,,,
36.577299001568186,,,,,,0.05689170567261826,2.065915501917086,,,,,,,,,,,
36.62614106699299,,,,,,0.056855469006839,2.0706625405730086,,,,,,,,,,,
36.67504835175933,,,,,,0.056819255421681626,2.075420486923841,,,,,,,,,,,
36.724020942955235,,,,,,0.056783064902445154,2.080189366033163,,,,,,,,,,,
36.773058927785165,,,,,,0.05674689743443794,2.0849692030221587,,,,,,,,,,,
36.822162393569876,,,,,,0.056710753002977704,2.089760023069719,,,,,,,,,,,
36.87133142774688,,,,,,0.056674631593391485,2.094561851412607,,,,,,,,,,,
36.92056611787028,,,,,,0.05663853319101577,2.0993747133455596,,,,,,,,,,,
36.96986655161126,,,,,,0.05660245778119627,2.104198634221449,,,,,,,,,,,
37.01923281675793,,,,,,0.056566405349288126,2.109033639451392,,,,,,,,,,,
37.0686650012157,,,,,,0.05653037588065571,2.1138797545049,,,,,,,,,,,
37.11816319300734,,,,,,0.05649436936067282,2.1187370049100087,,,,,,,,,,,
37.167727480273165,,,,,,0.056458385774722494,2.12360541625341,,,,,,,,,,,
37.21735795127118,,,,,,0.05642242510819708,2.1284850141805887,,,,,,,,,,,
37.267054694377244,,,,,,0.0563864873464983,2.1333758243959586,,,,,,,,,,,
37.316817798085246,,,,,,0.05635057247503709,2.1382778726629983,,,,,,,,,,,
37.36664735100716,,,,,,0.05631468047923375,2.1431911848043765,,,,,,,,,,,
37.416543441873415,,,,,,0.05627881134451779,2.148115786702112,,,,,,,,,,,
37.466506159532784,,,,,,0.05624296505632813,2.15305170429768,,,,,,,,,,,
37.51653559295282,,,,,,0.05620714160011275,2.157998963592177,,,,,,,,,,,
37.566631831219745,,,,,,0.056171340961329114,2.162957590646433,,,,,,,,,,,
37.61679496353883,,,,,,0.05613556312544386,2.167927611581167,,,,,,,,,,,
37.66702507923442,,,,,,0.05609980807793287,2.1729090525771166,,,,,,,,,,,
37.71732226775015,,,,,,0.056064075804281265,2.177901939875177,,,,,,,,,,,
37.76768661864908,,,,,,0.056028366289983485,2.182906299776539,,,,,,,,,,,
37.81811822161388,,,,,,0.05599267952054315,2.1879221586428286,,,,,,,,,,,
37.86861716644696,,,,,,0.055957015481473076,2.1929495428962453,,,,,,,,,,,
37.91918354307066,,,,,,0.05592137415829543,2.197988479019701,,,,,,,,,,,
37.96981744152739,,,,,,0.05588575553654146,2.2030389935569605,,,,,,,,,,,
38.02051895197973,,,,,,0.055850159601751756,2.2081011131127752,,,,,,,,,,,
38.0712881647108,,,,,,0.055814586339476,2.213174864353041,,,,,,,,,,,
38.122125170124114,,,,,,0.05577903573527323,2.218260274004911,,,,,,,,,,,
38.17303005874405,,,,,,0.05574350777471146,2.223357368856966,,,,,,,,,,,
38.22400292121573,,,,,,0.05570800244336809,2.22846617575933,,,,,,,,,,,
38.2750438483054,,,,,,0.05567251972682966,2.2335867216238285,,,,,,,,,,,
38.32615293090049,,,,,,0.05563705961069186,2.2387190334241245,,,,,,,,,,,
38.37733026000979,,,,,,0.05560162208055953,2.2438631381958603,,,,,,,,,,,
38.42857592676361,,,,,,0.055566207122046754,2.2490190630367994,,,,,,,,,,,
38.47989002241394,,,,,,0.055530814720776735,2.254186835106971,,,,,,,,,,,
38.53127263833466,,,,,,0.0554954448623818,2.2593664816288155,,,,,,,,,,,
38.58272386602158,,,,,,0.05546009753250353,2.2645580298873145,,,,,,,,,,,
38.63424379709281,,,,,,0.05542477271679251,2.2697615072301596,,,,,,,,,,,
38.68583252328864,,,,,,0.055389470400908615,2.2749769410678673,,,,,,,,,,,
38.73749013647204,,,,,,0.055354190570520725,2.280204358873951,,,,,,,,,,,
38.78921672862847,,,,,,0.055318933211306945,2.285443788185038,,,,,,,,,,,
38.84101239186638,,,,,,0.05528369830895445,2.290695256601045,,,,,,,,,,,
38.892877218417084,,,,,,0.0552484858491595,2.295958791785293,,,,,,,,,,,
38.944811300635116,,,,,,0.05521329581762757,2.301234421464675,,,,,,,,,,,
38.99681473099834,,,,,,0.055178128200073125,2.3065221734297943,,,,,,,,,,,
39.04888760210807,,,,,,0.05514298298221983,2.3118220755351095,,,,,,,,,,,
39.10103000668929,,,,,,0.055107860149800375,2.317134155699084,,,,,,,,,,,
39.15324203759082,,,,,,0.055072759688556516,2.32245844190433,,,,,,,,,,,
39.20552378778545,,,,,,0.055037681584239204,2.327794962197763,,,,,,,,,,,
39.25787535037005,,,,,,0.055002625822608356,2.3331437446907337,,,,,,,,,,,
39.31029681856595,,,,,,0.05496759238943296,2.3385048175592016,,,,,,,,,,,
39.36278828571879,,,,,,0.05493258127049118,2.3438782090438526,,,,,,,,,,,
39.415349845299026,,,,,,0.054897592451570096,2.349263947450281,,,,,,,,,,,
39.46798159090175,,,,,,0.05486262591846597,2.354662061149103,,,,,,,,,,,
39.5206836162472,,,,,,0.054827681656983984,2.3600725785761423,,,,,,,,,,,
39.57345601518063,,,,,,0.05479275965293849,2.3654955282325476,,,,,,,,,,,
39.626298881672675,,,,,,0.05475785989215278,2.3709309386849653,,,,,,,,,,,
39.67921230981943,,,,,,0.05472298236045919,2.37637883856568,,,,,,,,,,,
39.732196393842635,,,,,,0.05468812704369913,2.381839256572767,,,,,,,,,,,
39.78525122808987,,,,,,0.054653293927722994,2.387312221470243,,,,,,,,,,,
39.83837690703466,,,,,,0.054618482998390144,2.392797762088221,,,,,,,,,,,
39.89157352527673,,,,,,0.05458369424156904,2.398295907323058,,,,,,,,,,,
39.94484117754203,,,,,,0.05454892764313714,2.4038066861375036,,,,,,,,,,,
39.99817995868315,,,,,,0.05451418318898074,2.40933012756087,,,,,,,,,,,
40.05158996367918,,,,,,0.05447946086499533,2.4148662606891578,,,,,,,,,,,
40.105071287636164,,,,,,0.05444476065708525,2.4204151146852393,,,,,,,,,,,
40.15862402578703,,,,,,0.054410082551163905,2.4259767187789802,,,,,,,,,,,
40.212248273491994,,,,,,0.05437542653315358,2.431551102267429,,,,,,,,,,,
40.26594412623849,,,,,,0.05434079258898563,2.4371382945149356,,,,,,,,,,,
40.31971167964152,,,,,,0.05430618070460028,2.442738324953332,,,,,,,,,,,
40.37355102944376,,,,,,0.05427159086594674,2.448351223082078,,,,,,,,,,,
40.42746227151572,,,,,,0.05423702305898322,2.4539770184684144,,,,,,,,,,,
40.48144550185594,,,,,,0.05420247726967681,2.4596157407475223,,,,,,,,,,,
40.53550081659112,,,,,,0.054167953484003516,2.4652674196226796,,,,,,,,,,,
40.58962831197637,,,,,,0.054133451687948364,2.470932084865416,,,,,,,,,,,
40.64382808439523,,,,,,0.054098971867505286,2.476609766315662,,,,,,,,,,,
40.6981002303601,,,,,,0.05406451400867708,2.4823004938819304,,,,,,,,,,,
40.75244484651206,,,,,,0.054030078097475495,2.4880042975414383,,,,,,,,,,,
40.806862029621456,,,,,5.799456656179787,0.0539911428029166,2.4935793708175695,,,,,,,,,,,
40.86135187658764,,,,,5.771417473041312,0.05392091408086374,2.49818134525824,,,,,,,,,,,
40.9159144844395,,,,,5.743513853600903,0.053850776708486835,2.5027918127787783,,,,,,,,,,,
40.97054995033542,,,,,5.715745142435889,0.053780730566963295,2.5074107890534143,,,,,,,,,,,
41.02525837156354,,,,,5.688110687292435,0.05371077553762498,2.512038289785305,,,,,,,,,,,
41.08003984554192,,,,,5.660609839070223,0.05364091150195813,2.5166743307065884,,,,,,,,,,,
41.13489446981868,,,,,5.6332419518071974,0.05357113834160321,2.5213189275784362,,,,,,,,,,,
41.18982234207224,,,,,5.606006382664386,0.05350145593835454,2.52597209619111,,,,,,,,,,,
41.24482356011136,,,,,5.578902491910859,0.0534318641741603,2.5306338523640064,,,,,,,,,,,
41.29989822187554,,,,,5.551929642908575,0.05336236293112212,2.535304211945727,,,,,,,,,,,
41.3550464254349,,,,,5.52508720209759,0.05329295209149508,2.5399831908141115,,,,,,,,,,,
41.41026826899069,,,,,5.498374538981015,0.05322363153768733,2.544670804876315,,,,,,,,,,,
41.465563850875114,,,,,5.4717910261103615,0.0531544011522601,2.549367070068835,,,,,,,,,,,
41.520933269551854,,,,,5.4453360390706464,0.05308526081792715,2.5540720023575965,,,,,,,,,,,
41.57637662361591,,,,,5.419008956465876,0.0530162104175551,2.5587856177379757,,,,,,,,,,,
41.631894011794024,,,,,5.3928091599043375,0.05294724983416272,2.5635079322348773,,,,,,,,,,,
41.68748553294478,,,,,5.366736033984123,0.05287837895092097,2.5682389619027775,,,,,,,,,,,
41.74315128605871,,,,,5.340788966278672,0.05280959765115287,2.572978722825782,,,,,,,,,,,
41.798891370258595,,,,,5.314967347322377,0.05274090581833309,2.57772723111768,,,,,,,,,,,
41.854705884799515,,,,,5.289270570596272,0.05267230333608793,2.5824845029220005,,,,,,,,,,,
41.910594929069156,,,,,5.263698032513775,0.05260379008819506,2.5872505544120648,,,,,,,,,,,
41.9665586025878,,,,,5.238249132406564,0.05253536595858338,2.5920254017910382,,,,,,,,,,,
42.022597005008784,,,,,5.212923272510353,0.05246703083133258,2.596809061292001,,,,,,,,,,,
42.07871023611835,,,,,5.187719857951005,0.05239878459067341,2.6016015491779774,,,,,,,,,,,
42.134898395836125,,,,,5.162638296730397,0.05233062712098695,2.60640288174202,,,,,,,,,,,
42.19116158421502,,,,,5.137677999712673,0.05226255830680483,2.6112130753072362,,,,,,,,,,,
42.24749990144171,,,,,5.112838380610251,0.05219457803280879,2.6160321462268734,,,,,,,,,,,
42.3039134478365,,,,,5.0881188559702,0.05212668618383066,2.6208601108843457,,,,,,,,,,,
42.36040232385373,,,,,5.063518845160421,0.05205888264485195,2.625696985693311,,,,,,,,,,,
42.41696663008187,,,,,5.039037770356063,0.051991167301003914,2.6305427870977174,,,,,,,,,,,
42.473606467243705,,,,,5.014675056525942,0.05192354003756713,2.635397531571861,,,,,,,,,,,
42.53032193619651,,,,,4.990430131419029,0.05185600073997139,2.6402612356204402,,,,,,,,,,,
42.587113137932235,,,,,4.966302425551013,0.051788549293795595,2.645133915778616,,,,,,,,,,,
42.64398017357772,,,,,4.942291372190913,0.05172118558476738,2.6500155886120655,,,,,,,,,,,
42.70092314439473,,,,,4.918396407347812,0.051653909498763126,2.65490627071703,,,,,,,,,,,
42.757942151780426,,,,,4.894616969757509,0.05158672092180754,2.659805978720395,,,,,,,,,,,
42.815037297267175,,,,,4.8709525008694765,0.051519619740073706,2.6647147292797153,,,,,,,,,,,
42.872208682523095,,,,,4.847402444833589,0.05145260583988264,2.669632539083302,,,,,,,,,,,
42.9294564093519,,,,,4.823966248487214,0.05138567910770338,2.6745594248502513,,,,,,,,,,,
42.9867805796934,,,,,4.800643361342076,0.051318839430152405,2.6794954033305296,,,,,,,,,,,
43.044181295623396,,,,,4.77743323557146,0.05125208669399397,2.6844404913050015,,,,,,,,,,,
43.10165865935406,,,,,4.754335325997245,0.05118542078613941,2.6893947055855105,,,,,,,,,,,
43.15921277323403,,,,,4.731349090077144,0.0511188415936472,2.694358063014924,,,,,,,,,,,
43.216843739748626,,,,,4.708473987891949,0.05105234900372279,2.6993305804671937,,,,,,,,,,,
43.27455166152,,,,,4.685709482132851,0.05098594290371828,2.704312274847412,,,,,,,,,,,
43.33233664130735,,,,,4.663055038088821,0.050919623181132294,2.709303163091872,,,,,,,,,,,
43.3901987820071,,,,,4.640510123634037,0.050853389723609844,2.714303262168122,,,,,,,,,,,
43.44813818665299,,,,,4.618074209215431,0.050787242418942107,2.7193125890750203,,,,,,,,,,,
43.5061549584165,,,,,4.595746767840155,0.05072118115506604,2.7243311608428074,,,,,,,,,,,
43.564249200606696,,,,,4.573527275063335,0.05065520582006464,2.7293589945331407,,,,,,,,,,,
43.62242101667076,,,,,4.551415208975608,0.05058931630216622,2.7343961072391796,,,,,,,,,,,
43.68067051019388,,,,,4.529410050190998,0.050523512489744626,2.7394425160856155,,,,,,,,,,,
43.738997784899624,,,,,4.507511281834618,0.050457794271318905,2.744498238228753,,,,,,,,,,,
43.79740294465005,,,,,4.4857183895305734,0.05039216153555304,2.7495632908565555,,,,,,,,,,,
43.85588609344592,,,,,4.464030861389874,0.05032661417125584,2.754637691188709,,,,,,,,,,,
43.91444733542683,,,,,4.442448187998406,0.05026115206738084,2.7597214564766785,,,,,,,,,,,
43.97308677487148,,,,,4.420969862404967,0.050195775113025906,2.7648146040037664,,,,,,,,,,,
44.031804516197795,,,,,4.3995953801093615,0.0501304831974332,2.769917151085172,,,,,,,,,,,
44.09060066396312,,,,,4.378324239050549,0.05006527620998899,2.775029115068051,,,,,,,,,,,
44.149475322864454,,,,,4.3571559395948425,0.05000015404022332,2.7801505133315754,,,,,,,,,,,
44.208428597738504,,,,,4.336089984524214,0.04993511657781014,2.7852813632869826,,,,,,,,,,,
44.26746059356212,,,,,4.315125879024526,0.04987016371256662,2.7904216823776586,,,,,,,,,,,
44.32657141545215,,,,,4.29426313067403,0.04980529533445347,2.7955714880791627,,,,,,,,,,,
44.385761168666,,,,,4.273501249431671,0.04974051133357441,2.800730797899325,,,,,,,,,,,
44.44502995860145,,,,,4.252839747625701,0.049675811600176215,2.805899629378271,,,,,,,,,,,
44.504377890797116,,,,,4.232278139942127,0.049611196024648294,2.8110780000885054,,,,,,,,,,,
44.56380507093253,,,,,4.211815943413363,0.049546664497522756,2.8162659276349613,,,,,,,,,,,
44.62331160482831,,,,,4.191452677406872,0.04948221690947402,2.821463429655063,,,,,,,,,,,
44.68289759844642,,,,,4.171187863613872,0.049417853151318705,2.8266705238187844,,,,,,,,,,,
44.74256315789027,,,,,4.1510210260381095,0.04935357311401552,2.8318872278287097,,,,,,,,,,,
44.802308389405,,,,,4.130951690984669,0.04928937668866492,2.8371135594200965,,,,,,,,,,,
44.86213339937753,,,,,4.1109793870488796,0.0492252637665091,2.842349536360925,,,,,,,,,,,
44.92203829433699,,,,,4.091103645105163,0.04916123423893163,2.847595176451981,,,,,,,,,,,
44.98202318095459,,,,,4.071323998296129,0.04909728799745749,2.852850497526885,,,,,,,,,,,
45.04208816604415,,,,,4.051639982021486,0.04903342493375255,2.858115517452188,,,,,,,,,,,
45.10223335656193,,,,,4.032051133927249,0.04896964493962386,2.8633902541273963,,,,,,,,,,,
45.16245885960722,,,,,4.012556993894759,0.04890594790701895,2.8686747254850675,,,,,,,,,,,
45.222764782422125,,,,,3.993157104029993,0.04884233372802607,2.87396894949084,,,,,,,,,,,
45.28315123239207,,,,,3.973851008652715,0.04877880229487379,2.879272944143515,,,,,,,,,,,
45.343618317045845,,,,,3.9546382542858227,0.048715353499930836,2.884586727475112,,,,,,,,,,,
45.404166144055814,,,,,3.93551838964468,0.048651987235705914,2.8899103175509255,,,,,,,,,,,
45.46479482123813,,,,,3.9164909656265188,0.048588703394847645,2.8952437324695928,,,,,,,,,,,
45.5255044565529,,,,,3.897555535299893,0.04852550187014418,2.900586990363152,,,,,,,,,,,
45.58629515810443,,,,,3.87871165389417,0.04846238255452319,2.9059401093971062,,,,,,,,,,,
45.647167034141276,,,,,3.859958878789119,0.04839934534105165,2.9113031077704745,,,,,,,,,,,
45.7081201930567,,,,,3.84129676950444,0.04833639012293546,2.916676003715879,,,,,,,,,,,
45.76915474338853,,,,,3.82272488768952,0.048273516793519704,2.922058815499573,,,,,,,,,,,
45.8302707938197,,,,,3.8042427971130253,0.04821072524628792,2.9274515614215373,,,,,,,,,,,
45.891468453178085,,,,,3.785850063652768,0.048148015374862387,2.9328542598155094,,,,,,,,,,,
45.95274783043707,,,,,3.7675462552853953,0.048085387073003645,2.9382669290490795,,,,,,,,,,,
46.01410903471538,,,,,3.749330942076346,0.048022840234610516,2.94368958752372,,,,,,,,,,,
46.07555217527756,,,,,3.7312036961696795,0.04796037475371974,2.949122253674872,,,,,,,,,,,
46.137077361534004,,,,,3.7131640917780566,0.04789799052450598,2.9545649459719994,,,,,,,,,,,
46.19868470304124,,,,,3.6952117051727313,0.04783568744128148,2.960017682918651,,,,,,,,,,,
46.26037430950205,,,,,3.677346114673599,0.04777346539849595,2.965480483052524,,,,,,,,,,,
46.32214629076573,,,,,3.659566900639296,0.04771132429073648,2.9709533649455278,,,,,,,,,,,
46.38400075682828,,,,,3.641873645457326,0.04764926401272717,2.9764363472038493,,,,,,,,,,,
46.44593781783247,,,,,3.624265933534295,0.04758728445932915,2.981929448468005,,,,,,,,,,,
46.50795758406833,,,,,3.6067433512860685,0.04752538552554023,2.9874326874129276,,,,,,,,,,,
46.57006016597295,,,,,3.5893054871281596,0.0474635671064949,2.9929460827479977,,,,,,,,,,,
46.632245674131084,,,,,3.571951931465956,0.04740182909746388,2.998469653217143,,,,,,,,,,,
46.694514219274986,,,,,3.5546822766852038,0.04734017139385435,3.004003417598865,,,,,,,,,,,
46.75686591228492,,,,,3.5374961171423283,0.047278593891209315,3.0095473947063387,,,,,,,,,,,
46.81930086418908,,,,,3.5203930491550013,0.04721709648520779,3.0151016033874467,,,,,,,,,,,
46.881819186163995,,,,,3.503372670992595,0.04715567907166448,3.020666062524861,,,,,,,,,,,
46.94442098953462,,,,,3.4864345828667687,0.04709434154652954,3.026240791036103,,,,,,,,,,,
47.007106385774584,,,,,3.4695783869220773,0.04703308380588849,3.031825807873605,,,,,,,,,,,
47.06987548650634,,,,,3.452803687226627,0.04697190574596207,3.037421132024777,,,,,,,,,,,
47.132728403501424,,,,,3.4361100897627717,0.046910807263105925,3.043026782512072,,,,,,,,,,,
47.19566524868061,,,,,3.4194972024178525,0.04684978825381058,3.048642778393049,,,,,,,,,,,
47.25868613411406,,,,,3.402964634975024,0.046788848614701235,3.054269138760433,,,,,,,,,,,
47.321791172021726,,,,,3.386511999104011,0.04672798824253737,3.059905882742199,,,,,,,,,,,
47.38498047477322,,,,,3.3701389083520867,0.04666720703421303,3.065553029501604,,,,,,,,,,,
47.448254154888424,,,,,3.3538449781348962,0.04660650488675611,3.071210598237291,,,,,,,,,,,
47.51161232503726,,,,,3.3376298257275123,0.04654588169732861,3.0768786081833195,,,,,,,,,,,
47.57505509804022,,,,,3.321493070255379,0.04648533736322626,3.0825570786092533,,,,,,,,,,,
47.63858258686841,,,,,3.3054343326854,0.04642487178187837,3.0882460288202176,,,,,,,,,,,
47.7021949046438,,,,,3.289453235817023,0.04636448485084763,3.0939454781569653,,,,,,,,,,,
47.765892164639396,,,,,3.2735494042733837,0.04630417646783007,3.099655445995943,,,,,,,,,,,
47.829674480279486,,,,,3.25772246449249,0.0462439465306547,3.1053759517493584,,,,,,,,,,,
47.89354196513979,,,,,3.2419720447184432,0.04618379493728345,3.111107014865243,,,,,,,,,,,
47.95749473294769,,,,,3.2262977749927075,0.04612372158581104,3.116848654827522,,,,,,,,,,,
48.02153289758245,,,,,3.210699287145418,0.04606372637446464,3.1226008911560807,,,,,,,,,,,
48.08565657307533,,,,,3.195176214786756,0.04600380920160389,3.128363743406819,,,,,,,,,,,
48.149865873610004,,,,,3.1797281932982826,0.04594396996572058,3.134137231171744,,,,,,,,,,,
48.21416091352241,,,,,3.1643548598244613,0.0458842085654386,3.139921374079003,,,,,,,,,,,
48.27854180730138,,,,,3.1490558532640405,0.045824524899513566,3.1457161917929843,,,,,,,,,,,
48.34300866958844,,,,,3.13383081426166,0.04576491886683299,3.1515217040143537,,,,,,,,,,,
48.4075616151783,,,,,3.118679385199346,0.04570539036641575,3.157337930480142,,,,,,,,,,,
48.47220075901894,,,,,3.103601210188139,0.045645939297412105,3.163164890963804,,,,,,,,,,,
48.5369262162118,,,,,3.088595935059731,0.04558656555910356,3.1690026052752884,,,,,,,,,,,
48.60173810201206,,,,,3.073663207358145,0.045527269050902534,3.1748510932611005,,,,,,,,,,,
48.66663653182877,,,,,3.0588026763314553,0.04546804967235237,3.180710374804376,,,,,,,,,,,
48.73162162122512,,,,,3.044013992923545,0.04540890732312701,3.1865804698249454,,,,,,,,,,,
48.796693485918524,,,,,3.0292968097659334,0.04534984190303096,3.1924613982793946,,,,,,,,,,,
48.86185224178107,,,,,3.0146507811695566,0.04529085331199898,3.1983531801611558,,,,,,,,,,,
48.927098004839394,,,,,3.0000755631167326,0.0452319414500961,3.2042558355005393,,,,,,,,,,,
48.99243089127524,,,,,2.9855708132529872,0.045173106217517155,3.2101693843648436,,,,,,,,,,,
49.057851017425314,,,,,2.9711361908791054,0.04511434751458706,3.2160938468583793,,,,,,,,,,,
49.123358499781844,,,,,2.956771356943039,0.04505566524176011,3.222029243122583,,,,,,,,,,,
49.18895345499245,,,,,2.942475974032025,0.04499705929962027,3.227975593336045,,,,,,,,,,,
49.25463599986061,,,,,2.9282497063646002,0.04493852958888078,3.233932917714603,,,,,,,,,,,
49.32040625134576,,,,,2.914092219782741,0.04488007601038399,3.2399012365114044,,,,,,,,,,,
49.386264326563484,,,,,2.9000031817440104,0.044821698465101215,3.2458805700169724,,,,,,,,,,,
49.45221034278578,,,,,2.885982261313744,0.04476339685413267,3.2518709385592786,,,,,,,,,,,
49.518244417441224,,,,,2.8720291291572795,0.04470517107870713,3.2578723625038077,,,,,,,,,,,
49.584366668115216,,,,,2.8581434575322158,0.04464702104018183,3.263884862253635,,,,,,,,,,,
49.6505772125501,,,,,2.844324920280739,0.044588946640042475,3.26990845824948,,,,,,,,,,,
49.71687616864557,,,,,2.830573192821905,0.044530947779902665,3.275943170969801,,,,,,,,,,,
49.783263654458594,,,,,2.8168879521440933,0.04447302436150419,3.281989020930833,,,,,,,,,,,
49.84973978820396,,,,,2.8032688767973375,0.04441517628671651,3.2880460286866917,,,,,,,,,,,
49.91630468825413,,,,,2.7897156468858566,0.04435740345753685,3.2941142148294085,,,,,,,,,,,
49.9829584731398,,,,,2.7762279440604587,0.044299705776089736,3.3001935999890355,,,,,,,,,,,
50.0497012615498,,,,,2.762805451511142,0.04424208314462722,3.3062842048336827,,,,,,,,,,,
50.116533172331515,,,,,2.749447853959594,0.04418453546552835,3.312386050069614,,,,,,,,,,,
50.183454324491024,,,,,2.736154837651815,0.04412706264129917,3.3184991564413013,,,,,,,,,,,
50.25046483719331,,,,,2.72292609035074,0.044069664574572606,3.3246235447315056,,,,,,,,,,,
50.317564829762475,,,,,2.709761301328907,0.044012341168108156,3.3307592357613407,,,,,,,,,,,
50.38475442168197,,,,,2.6966601613611574,0.04395509232479188,3.3369062503903457,,,,,,,,,,,
50.45203373259479,,,,,2.6836223627173674,0.043897917947636075,3.3430646095165617,,,,,,,,,,,
50.51940288230362,,,,,2.6706475991552456,0.043840817939779286,3.349234334076584,,,,,,,,,,,
50.58686199077128,,,,,2.657735565913084,0.043783792204485944,3.3554154450456686,,,,,,,,,,,
50.65441117812058,,,,,2.6448859597026755,0.04372684064514644,3.3616079634377596,,,,,,,,,,,
50.722050564634934,,,,,2.6320984787021087,0.043669963165276646,3.3678119103056026,,,,,,,,,,,
50.78978027075816,,,,,2.619372822548759,0.04361315966851817,3.3740273067407784,,,,,,,,,,,
50.85760041709512,,,,,2.606708692332155,0.043556430058637734,3.3802541738738108,,,,,,,,,,,
50.92551112441154,,,,,2.5941057905870286,0.04349977423952736,3.3864925328742057,,,,,,,,,,,
50.99351251363451,,,,,2.5815638212862777,0.043443192115204095,3.3927424049505452,,,,,,,,,,,
51.06160470585257,,,,,2.569082489834033,0.04338668358980976,3.3990038113505516,,,,,,,,,,,
51.129787822315926,,,,,2.556661503058739,0.043330248567610884,3.4052767733611615,,,,,,,,,,,
51.198061984436734,,,,,2.5443005692062615,0.04327388695299857,3.411561312308594,,,,,,,,,,,
51.266427313789244,,,,,2.531999397933039,0.04321759865048824,3.4178574495584297,,,,,,,,,,,
51.33488393211008,,,,,2.519757700299257,0.04316138356471947,3.4241652065156796,,,,,,,,,,,
51.40343196129832,,,,,2.5075751887620847,0.043105241600456055,3.430484604624851,,,,,,,,,,,
51.472071523415984,,,,,2.495451577168868,0.04304917266258543,3.4368156653700432,,,,,,,,,,,
51.540802740687894,,,,,2.4833865807504805,0.04299317665611892,3.4431584102749855,,,,,,,,,,,
51.60962573550227,,,,,2.471379916114558,0.042937253486191304,3.4495128609031513,,,,,,,,,,,
51.6785406304106,,,,,2.459431301238914,0.04288140305806086,3.45587903885779,,,,,,,,,,,
51.74754754812809,,,,,2.4475404554648628,0.04282562527710899,3.462256965782032,,,,,,,,,,,
51.81664661153381,,,,,2.435707099490648,0.042769920048840254,3.4686466633589497,,,,,,,,,,,
51.88583794367089,,,,,2.423930955364883,0.04271428727888207,3.475048153311628,,,,,,,,,,,
51.95512166774678,,,,,2.412211746480019,0.042658726872984665,3.481461457403247,,,,,,,,,,,
52.024497907133444,,,,,2.4005491975658444,0.042603238737020814,3.487886597437148,,,,,,,,,,,
52.0939667853676,,,,,2.388943034683022,0.04254782277698571,3.4943235952569154,,,,,,,,,,,
52.163528426150826,,,,,2.3773929852166718,0.04249247889899695,3.500772472746436,,,,,,,,,,,
52.23318295335009,,,,,2.3658987778699183,0.042437207009294056,3.507233251830002,,,,,,,,,,,
52.302930490997504,,,,,2.3544601426575884,0.04238200701423868,3.5137059544723463,,,,,,,,,,,
52.372771163291056,,,,,2.3430768108997952,0.04232687882031414,3.5201906026787593,,,,,,,,,,,
52.44270509459434,,,,,2.3317485152156987,0.04227182233412553,3.526687218495123,,,,,,,,,,,
52.51273240943723,,,,,2.320474989517157,0.04221683746239925,3.533195824008024,,,,,,,,,,,
52.582853232515696,,,,,2.309255969002539,0.04216192411198324,3.5397164413447957,,,,,,,,,,,
52.653067688692346,,,,,2.298091190150458,0.04210708218984644,3.5462490926736163,,,,,,,,,,,
52.72337590299647,,,,,2.2869803907136044,0.042052311603078846,3.5527938002035735,,,,,,,,,,,
52.793778000624314,,,,,2.275923309712579,0.04199761225889135,3.5593505861847436,,,,,,,,,,,
52.8642741069393,,,,,2.264919687429765,0.04194298406461549,3.5659194729082637,,,,,,,,,,,
52.93486434747225,,,,,2.253969265403228,0.04188842692770333,3.572500482706413,,,,,,,,,,,
53.00554884792164,,,,,2.243071786420639,0.04183394075572736,3.579093637952687,,,,,,,,,,,
53.07632773415368,,,,,2.2322269945132542,0.04177952545638034,3.5856989610618597,,,,,,,,,,,
53.14720113220284,,,,,2.2214346349498575,0.04172518093747491,3.5923164744900946,,,,,,,,,,,
53.21816916827167,,,,,2.2106944542308393,0.04167090710694388,3.5989462007349724,,,,,,,,,,,
53.28923196873146,,,,,2.2000062000821754,0.041616703872839576,3.60558816233562,,,,,,,,,,,
53.36038966012202,,,,,2.1893696214495675,0.0415625711433341,3.612242381872738,,,,,,,,,,,
53.43164236915235,,,,,2.178784468492481,0.04150850882671888,3.6189088819687187,,,,,,,,,,,
53.50299022270046,,,,,2.1682504925783364,0.04145451683140472,3.6255876852876914,,,,,,,,,,,
53.57443334781389,,,,,2.157767446276627,0.041400595065921524,3.632278814535618,,,,,,,,,,,
53.64597187170978,,,,,2.1473350833531253,0.04134674343891817,3.6389822924603665,,,,,,,,,,,
53.71760592177519,,,,,2.136953158764095,0.04129296185916233,3.6456981418517835,,,,,,,,,,,
53.78933562556724,,,,,2.126621428650537,0.04123925023554043,3.652426385541777,,,,,,,,,,,
53.86116111081339,,,,,2.1163396503324603,0.04118560847705734,3.659167046404393,,,,,,,,,,,
53.93308250541169,,,,,2.106107582303178,0.04113203649283627,3.6659201473558904,,,,,,,,,,,
54.005099937430856,,,,,2.095924984223653,0.04107853419211878,3.672685711354816,,,,,,,,,,,
54.07721353511081,,,,,2.0857916169168123,0.04102510148426429,3.6794637614021,,,,,,,,,,,
54.1494234268625,,,,,2.0757072423619856,0.040971738278750267,3.686254320541106,,,,,,,,,,,
54.221729741268554,,,,,2.0656716236892523,0.04091844448517184,3.6930574118577404,,,,,,,,,,,
54.294132607083085,,,,,2.05568452517394,0.04086522001324182,3.699873058480498,,,,,,,,,,,
54.36663215323235,,,,,2.0457457122310276,0.040812064772790306,3.7067012835805797,,,,,,,,,,,
54.439228508814566,,,,,2.0358549514096893,0.04075897867376487,3.713542110371926,,,,,,,,,,,
54.51192180310045,,,,,2.0260120103877717,0.040705961626230115,3.7203955621113356,,,,,,,,,,,
54.58471216553331,,,,,2.0162166579663556,0.0406530135403676,3.7272616620985235,,,,,,,,,,,
54.657599725729305,,,,,2.00646866406432,0.04060013432647581,3.7341404336762034,,,,,,,,,,,
54.73058461347765,,,,,1.99676779971294,0.04054732389496983,3.7410319002301713,,,,,,,,,,,
54.803666958740905,,,,,1.987113837050507,0.040494582156381284,3.74793608518938,,,,,,,,,,,
54.87684689165516,,,,,1.9775065493169734,0.040441909021358205,3.754853012026026,,,,,,,,,,,
54.9501245425302,,,,,1.967945710848645,0.04038930440066487,3.7617827042556136,,,,,,,,,,,
55.02350004184997,,,,,1.9584310970728387,0.04033676820518149,3.7687251854370616,,,,,,,,,,,
55.09697352027248,,,,,1.9489624845026643,0.04028430034590443,3.7756804791727494,,,,,,,,,,,
55.17054510863038,,,,,1.939539650731715,0.04023190073394558,3.7826486091086338,,,,,,,,,,,
55.24421493793086,,,,,1.9301623744289003,0.040179569280532616,3.789629598934296,,,,,,,,,,,
55.31798313935616,,,,,1.9208304353332033,0.04012730589700864,3.7966234723830428,,,,,,,,,,,
55.391849844263625,,,,,1.9115436142485298,0.04007511049483205,3.8036302532319826,,,,,,,,,,,
55.46581518418604,,,,,1.9023016930385521,0.04002298298557645,3.8106499653021055,,,,,,,,,,,
55.53987929083182,,,,,1.8931044546215876,0.039970923280930444,3.8176826324583595,,,,,,,,,,,
55.61404229608523,,,,,1.8839516829654994,0.039918931292697475,3.824728278609742,,,,,,,,,,,
55.68830433200667,,,,,1.874843163082621,0.03986700693279578,3.83178692770937,,,,,,,,,,,
55.76266553083287,,,,,1.8657786810247077,0.039815150113258126,3.83885860375457,,,,,,,,,,,
55.837126024977145,,,,,1.8567580238779064,0.03976336074623165,3.845943330786957,,,,,,,,,,,
55.911685947029554,,,,,1.8477809797577738,0.03971163874397792,3.8530411328925056,,,,,,,,,,,
55.98634542975736,,,,,1.8388473378042594,0.03965998401887244,3.860152034201662,,,,,,,,,,,
56.06110460610491,,,,,1.8299568881768056,0.03960839648340483,3.867276058889381,,,,,,,,,,,
56.13596360919429,,,,,1.8211094220493633,0.03955687605017845,3.8744132311752577,,,,,,,,,,,
56.21092257232516,,,,,1.8123047316055385,0.03950542263191042,3.8815635753235656,,,,,,,,,,,
56.285981628975264,,,,,1.8035426100336736,0.0394540361414313,3.8887271156433667,,,,,,,,,,,
56.36114091280058,,,,,1.7948228515220053,0.039402716491685155,3.8959038764885885,,,,,,,,,,,
56.43640055763554,,,,,1.786145251253829,0.03935146359572918,3.9030938822580983,,,,,,,,,,,
56.51176069749329,,,,,1.7775096054026862,0.03930027736673367,3.910297157395798,,,,,,,,,,,
56.58722146656593,,,,,1.768915711127578,0.03924915771798196,3.9175137263906974,,,,,,,,,,,
56.662782999224774,,,,,1.7603633665681964,0.03919810456287006,3.9247436137770055,,,,,,,,,,,
56.738445430020455,,,,,1.7518523708401998,0.03914711781490672,3.931986844134201,,,,,,,,,,,
56.814208893683464,,,,,1.7433825240304588,0.03909619738771313,3.9392434420871396,,,,,,,,,,,
56.890073525123974,,,,,1.7349536271924082,0.03904534319502292,3.9465134323061055,,,,,,,,,,,
56.96603945943253,,,,,1.7265654823413232,0.038994555150681766,3.953796839506931,,,,,,,,,,,
57.04210683187984,,,,,1.71821789244972,0.03894383316864764,3.9610936884510433,,,,,,,,,,,
57.118275777917475,,,,,1.7099106614426771,0.038893177162990206,3.968404003945586,,,,,,,,,,,
57.19454643317766,,,,,1.701643594193277,0.03884258704789109,3.975727810843469,,,,,,,,,,,
57.27091893347387,,,,,1.693416496517988,0.03879206273764343,3.9830651340434793,,,,,,,,,,,
57.347393414800884,,,,,1.6852291751721196,0.03874160414665185,3.99041599849035,,,,,,,,,,,
57.42397001333507,,,,,1.677081437845279,0.03869121118943239,3.997780429174854,,,,,,,,,,,
57.50064886543466,,,,,1.6689730931568554,0.03864088378061221,4.005158451133885,,,,,,,,,,,
57.577430107639955,,,,,1.6609039506515235,0.03859062183492951,4.012550089450539,,,,,,,,,,,
57.6543138766736,,,,,1.652873820794768,0.03854042526723347,4.0199553692542125,,,,,,,,,,,
57.73130030944069,,,,,1.6448825149684452,0.038490293992484007,4.027374315720661,,,,,,,,,,,
57.80838954302936,,,,,1.6369298454663213,0.03844022792575154,4.0348069540721285,,,,,,,,,,,
57.885581714710526,,,,,1.629015625489707,0.038390226982217154,4.042253309577382,,,,,,,,,,,
57.962876961938676,,,,,1.621139669143023,0.03834029107717208,4.049713407551844,,,,,,,,,,,
58.0402754223516,,,,,1.6133017914294805,0.03829042012601787,4.0571872733576395,,,,,,,,,,,
58.11777723377108,,,,,1.6055018082466879,0.03824061404426601,4.064674932403716,,,,,,,,,,,
58.19538253420277,,,,,1.5977395363823728,0.03819087274753798,4.072176410145901,,,,,,,,,,,
58.27309146183671,,,,,1.590014793510044,0.038141196151564916,4.0796917320870065,,,,,,,,,,,
58.35090415504741,,,,,1.5823273981847243,0.03809158417218768,4.087220923776911,,,,,,,,,,,
58.42882075239418,,,,,1.574677169838686,0.038042036725356505,4.094764010812649,,,,,,,,,,,
58.506841392621354,,,,,1.56706392877721,0.03799255372713098,4.102321018838489,,,,,,,,,,,
58.584966214658515,,,,,1.5594874961743628,0.03794313509367992,4.1098919735460315,,,,,,,,,,,
58.6631953576208,,,,,1.5519476940687957,0.037893780741281115,4.1174769006742915,,,,,,,,,,,
58.741528960808985,,,,,1.544444345359578,0.03784449058632133,4.125075826009777,,,,,,,,,,,
58.81996716371006,,,,,1.5369772738020056,0.03779526454529602,4.132688775386603,,,,,,,,,,,
58.898510105997055,,,,,1.5295463040035042,0.03774610253480932,4.140315774686542,,,,,,,,,,,
58.97715792752972,,,,,1.5221512614194639,0.03769700447157377,4.147956849839155,,,,,,,,,,,
59.05591076835433,,,,,1.5147919723491847,0.03764797027241036,4.15561202682183,,,,,,,,,,,
59.13476876870442,,,,,1.5074682639317512,0.03759899985424809,4.163281331659925,,,,,,,,,,,
59.21373206900055,,,,,1.500179964142015,0.03755009313412423,4.1709647904268055,,,,,,,,,,,
59.29280080985092,,,,,1.4929269017865228,0.03750125002918382,4.1786624292439685,,,,,,,,,,,
59.371975132051446,,,,,1.485708906499509,0.037452470456679696,4.186374274281116,,,,,,,,,,,
59.45125517658605,,,,,1.478525808738892,0.03740375433397238,4.194100351756246,,,,,,,,,,,
59.53064108462693,,,,,1.4713774397822907,0.03735510157852983,4.201840687935745,,,,,,,,,,,
59.610132997534755,,,,,1.4642636317230628,0.03730651210792736,4.209595309134471,,,,,,,,,,,
59.68973105685903,,,,,1.4571842174663574,0.03725798583984754,4.217364241715855,,,,,,,,,,,
59.76943540433812,,,,,1.4501390307252031,0.03720952269208001,4.225147512091968,,,,,,,,,,,
59.84924618189987,,,,,1.4431279060165736,0.03716112258252126,4.232945146723642,,,,,,,,,,,
59.929163531661416,,,,,1.4361506786575402,0.037112785429174726,4.240757172120528,,,,,,,,,,,
60.009187595929895,,,,,1.4292071847613617,0.037064511150150324,4.248583614841217,,,,,,,,,,,
60.08931851720225,,,,,1.4222972612336733,0.03701629966366463,4.256424501493299,,,,,,,,,,,
60.16955643816585,,,,,1.4154207457686279,0.036968150888040556,4.264279858733481,,,,,,,,,,,
60.24990150169853,,,,,1.4085774768450967,0.03692006474170723,4.272149713267657,,,,,,,,,,,
60.33035385086893,,,,,1.401767293722872,0.03687204114319989,4.280034091851015,,,,,,,,,,,
60.41091362893675,,,,,1.3949900364388925,0.03682408001115977,4.287933021288116,,,,,,,,,,,
60.49158097935293,,,,,1.3882455458034852,0.03677618126433391,4.295846528432991,,,,,,,,,,,
60.57235604576006,,,,,1.3815336633966235,0.036728344821574985,4.303774640189232,,,,,,,,,,,
60.653238971992366,,,,,1.3748542315642205,0.03668057060184138,4.311717383510073,,,,,,,,,,,
60.73422990207638,,,,,1.3682070934143955,0.03663285852419669,4.319674785398513,,,,,,,,,,,
60.81532898023069,,,,,1.3615920928138288,0.036585208507809955,4.327646872907357,,,,,,,,,,,
60.89653635086671,,,,,1.3550090743840528,0.036537620471955246,4.335633673139364,,,,,,,,,,,
60.97785215858846,,,,,1.348457883497843,0.03649009433601171,4.343635213247289,,,,,,,,,,,
61.059276548193274,,,,,1.341938366275546,0.03644263001946332,4.35165152043402,,,,,,,,,,,
61.140809664671636,,,,,1.3354503695815023,0.0363952274418988,4.359682621952629,,,,,,,,,,,
61.22245165320774,,,,,1.328993741020422,0.036347886523011436,4.367728545106494,,,,,,,,,,,
61.30420265917965,,,,,1.3225683289338175,0.03630060718259904,4.375789317249383,,,,,,,,,,,
61.38606282815952,,,,,1.316173982396439,0.03625338934056368,4.383864965785543,,,,,,,,,,,
61.46803230591391,,,,,1.3098105512127292,0.03620623291691161,4.391955518169797,,,,,,,,,,,
61.55011123840401,,,,,1.3034778859132956,0.0361591378317532,4.40006100190764,,,,,,,,,,,
61.63229977178595,,,,,1.297175837751397,0.03611210400530267,4.408181444555327,,,,,,,,,,,
61.71459805241091,,,,,1.2909042586994626,0.036065131357878075,4.416316873719959,,,,,,,,,,,
61.797006226825694,,,,,1.2846630014455862,0.03601821980990105,4.42446731705961,,,,,,,,,,,
61.87952444177256,,,,,1.2784519193901047,0.03597136928189684,4.432632802283369,,,,,,,,,,,
61.96215284418994,,,,,1.2722708666421152,0.03592457969449391,4.440813357151494,,,,,,,,,,,
62.04489158121225,,,,,1.2661196980160863,0.03587785096842417,4.449009009475441,,,,,,,,,,,
62.1277408001706,,,,,1.259998269028409,0.03583118302452245,4.457219787118031,,,,,,,,,,,
62.21070064859264,,,,,1.253906435894041,0.03578457578372666,4.46544571799347,,,,,,,,,,,
62.293771274203124,,,,,1.2478440555231007,0.035738029167077544,4.473686830067504,,,,,,,,,,,
62.37695282492404,,,,,1.2418109855175195,0.03569154309571852,4.481943151357485,,,,,,,,,,,
62.460245448874886,,,,,1.2358070841676936,0.035645117490895564,4.490214709932467,,,,,,,,,,,
62.54364929437296,,,,,1.2298322104491568,0.03559875227395716,4.498501533913314,,,,,,,,,,,
62.627164509933614,,,,,1.2238862240192674,0.03555244736635403,4.506803651472779,,,,,,,,,,,
62.710791244270524,,,,,1.2179689852139084,0.03550620268963906,4.5151210908356205,,,,,,,,,,,
62.794529646295835,,,,,1.21208035504422,0.0354600181654673,4.523453880278669,,,,,,,,,,,
62.87837986512075,,,,,1.206220195193309,0.03541389371559552,4.531802048130963,,,,,,,,,,,
62.962342050055334,,,,,1.2003883680130336,0.03536782926188243,4.5401656227738,,,,,,,,,,,
63.04641635060928,,,,,1.1945847365207354,0.03532182472628826,4.548544632640878,,,,,,,,,,,
63.13060291649167,,,,,1.1888091643960563,0.03527588003087484,4.5569391062183495,,,,,,,,,,,
63.21490189761173,,,,,1.1830615159777014,0.035229995097805306,4.5653490720449605,,,,,,,,,,,
63.299313444078685,,,,,1.177341656260286,0.03518416984934411,4.573774558712105,,,,,,,,,,,
63.38383770620227,,,,,1.1716494508911401,0.03513840420785675,4.582215594863958,,,,,,,,,,,
63.468474834492945,,,,,1.165984766167163,0.03509269809580977,4.59067220919755,,,,,,,,,,,
63.55322497966212,,,,,1.1603474690316815,0.03504705143577051,4.599144430462879,,,,,,,,,,,
63.63808829262248,,,,,1.154737427071324,0.03500146415040705,4.607632287462996,,,,,,,,,,,
63.723064924488185,,,,,1.1491545085129102,0.03495593616248809,4.616135809054114,,,,,,,,,,,
63.80815502657525,,,,,1.143598582220354,0.034910467394882724,4.624655024145702,,,,,,,,,,,
63.8933587504016,,,,,1.1380695176915945,0.034865057770560454,4.633189961700567,,,,,,,,,,,
63.9786762476877,,,,,1.1325671850555055,0.03481970721259089,4.641740650734996,,,,,,,,,,,
64.06410767035638,,,,,1.127091455068879,0.03477441564414381,4.650307120318794,,,,,,,,,,,
64.14965317053354,,,,,1.121642199113354,0.034729182988488795,4.658889399575447,,,,,,,,,,,
64.23531290054805,,,,,1.1162192891924276,0.03468400916899539,4.667487517682162,,,,,,,,,,,
64.32108701293227,,,,,1.1108225979284256,0.034638894109132706,4.676101503870009,,,,,,,,,,,
64.40697566042223,,,,,1.1054519985595208,0.03459383773246942,4.6847313874240015,,,,,,,,,,,
64.49297899595791,,,,,1.1001073649367532,0.03454883996267366,4.693377197683197,,,,,,,,,,,
64.5790971726835,,,,,1.0947885715210672,0.03450390072351282,4.702038964040802,,,,,,,,,,,
64.66533034394769,,,,,1.0894954933803631,0.03445901993885343,4.710716715944266,,,,,,,,,,,
64.75167866330393,,,,,1.0842280061865617,0.03441419753266112,4.719410482895389,,,,,,,,,,,
64.83814228451072,,,,,1.078985986212685,0.03436943342900032,4.728120294450415,,,,,,,,,,,
64.92472136153194,,,,,1.0737693103299473,0.03432472755203433,4.736846180220135,,,,,,,,,,,
65.01141604853686,,,,,1.0685778560048733,0.03428007982602507,4.74558816986998,,,,,,,,,,,
65.0982264999009,,,,,1.0634115012963987,0.034235490175332894,4.754346293120149,,,,,,,,,,,
65.18515287020533,,,,,1.058270124853034,0.0341909585244167,4.7631205797456655,,,,,,,,,,,
65.27219531423812,,,,,1.053153605909984,0.034146484797833464,4.77191105957653,,,,,,,,,,,
65.35935398699365,,,,,1.0480618242863404,0.03410206892023843,4.78071776249777,,,,,,,,,,,
65.44662904367345,,,,,1.0429946603822369,0.03405771081638482,4.789540718449584,,,,,,,,,,,
65.53402063968626,,,,,1.0379519951760499,0.03401341041112369,4.798379957427419,,,,,,,,,,,
65.6215289306483,,,,,1.032933710221601,0.033969167629403864,4.807235509482081,,,,,,,,,,,
65.7091540723836,,,,,1.027939687645375,0.03392498239627182,4.816107404719837,,,,,,,,,,,
65.79689622092428,,,,,1.0229698101437505,0.03388085463687149,4.824995673302512,,,,,,,,,,,
65.88475553251084,,,,,1.0180239609802437,0.033836784276444154,4.833900345447605,,,,,,,,,,,
65.97273216359224,,,,,1.0131020239827748,0.033792771240328465,4.84282145142836,,,,,,,,,,,
66.06082627082665,,,,,1.0082038835409193,0.03374881545396001,4.8517590215739235,,,,,,,,,,,
66.1490380110811,,,,,1.0033294246032203,0.033704916842871496,4.860713086269386,,,,,,,,,,,
66.23736754143238,,,,,0.9984785326744563,0.03366107533269243,4.869683675955937,,,,,,,,,,,
66.32581501916675,,,,,0.9936510938129812,0.033617290849149106,4.8786708211309255,,,,,,,,,,,
66.41438060178078,,,,,0.988846994628019,0.03357356331806434,4.887674552348006,,,,,,,,,,,
66.50306444698109,,,,,0.9840661222770273,0.03352989266535755,4.896694900217201,,,,,,,,,,,
66.59186671268503,,,,,0.9793083644630274,0.03348627881704445,4.905731895405036,,,,,,,,,,,
66.6807875570208,,,,,0.974573609431975,0.033442721699236955,4.9147855686346285,,,,,,,,,,,
66.76982713832774,,,,,0.9698617459701336,0.03339922123814318,4.9238559506858,,,,,,,,,,,
66.8589856151566,,,,,0.9651726634014625,0.033355777360067146,4.932943072395172,,,,,,,,,,,
66.94826314626988,,,,,0.9605062515850168,0.03331238999140875,4.9420469646562815,,,,,,,,,,,
67.03765989064208,,,,,0.9558624009123589,0.033269059058663654,4.951167658419679,,,,,,,,,,,
67.12717600745988,,,,,0.9512410023049922,0.03322578448842312,4.960305184693023,,,,,,,,,,,
67.21681165612273,,,,,0.9466419472117803,0.03318256620737387,4.969459574541222,,,,,,,,,,,
67.30656699624267,,,,,0.9420651276064232,0.03313940414229805,4.978630859086489,,,,,,,,,,,
67.39644218764514,,,,,0.937510435984892,0.03309629822007292,4.987819069508501,,,,,,,,,,,
67.48643739036872,,,,,0.9329777653629313,0.033053248367671026,4.997024237044449,,,,,,,,,,,
67.57655276466598,,,,,0.9284670092735191,0.03301025451215973,5.006246392989201,,,,,,,,,,,
67.66678847100322,,,,,0.9239780617643917,0.03296731658070138,5.015485568695361,,,,,,,,,,,
67.75714467006117,,,,,0.9195108173955356,0.032924434500553046,5.024741795573401,,,,,,,,,,,
67.84762152273505,,,,,0.9150651712367204,0.03288160819906639,5.034015105091766,,,,,,,,,,,
67.93821919013497,,,,,0.9106410188650315,0.032838837603687554,5.043305528776971,,,,,,,,,,,
68.02893783358613,,,,,0.9062382563624176,0.03279612264195713,5.052613098213718,,,,,,,,,,,
68.11977761462919,,,,,0.9018567803132501,0.03275346324150989,5.061937845044998,,,,,,,,,,,
68.2107386950205,,,,,0.897496487801892,0.03271085933007473,5.071279800972205,,,,,,,,,,,
68.3018212367323,,,,,0.8931572764102887,0.032668310835474675,5.080638997755223,,,,,,,,,,,
68.39302540195338,,,,,0.8888390442155447,0.03262581768562643,5.090015467212575,,,,,,,,,,,
68.48435135308877,,,,,0.8845416897875538,0.032583379808540654,5.099409241221478,,,,,,,,,,,
68.57579925276067,,,,,0.8802651121865902,0.0325409971323215,5.108820351718006,,,,,,,,,,,
68.66736926380815,,,,,0.8760092109609644,0.032498669585166784,5.11824883069715,,,,,,,,,,,
68.75906154928802,,,,,0.871773886144637,0.03245639709536753,5.127694710212967,,,,,,,,,,,
68.85087627247452,,,,,0.8675590382548952,0.03241417959130824,5.137158022378652,,,,,,,,,,,
68.94281359686012,,,,,0.8633645682899984,0.032372017001466434,5.1466387993666824,,,,,,,,,,,
69.0348736861555,,,,,0.8591903777268606,0.0323299092544127,5.156137073408901,,,,,,,,,,,
69.12705670429001,,,,,0.8550363685187348,0.03228785627881057,5.165652876796641,,,,,,,,,,,
69.21936281541186,,,,,0.8509024430929096,0.0322458580034163,5.175186241880826,,,,,,,,,,,
69.31179218388844,,,,,0.8467885043484182,0.03220391435707889,5.1847372010720845,,,,,,,,,,,
69.40434497430668,,,,,0.842694455653755,0.032162025268739826,5.19430578684087,,,,,,,,,,,
69.49702135147315,,,,,0.8386202008446144,0.03212019066743308,5.203892031717535,,,,,,,,,,,
69.58982148041471,,,,,0.8345656442216146,0.03207841048228488,5.213495968292504,,,,,,,,,,,
69.68274552637833,,,,,0.8305306905480728,0.032036684642513705,5.223117629216314,,,,,,,,,,,
69.77579365483186,,,,,0.826515245047744,0.03199501307742999,5.2327570471997875,,,,,,,,,,,
69.86896603146391,,,,,0.8225192134026175,0.03195339571643627,5.242414255014095,,,,,,,,,,,
69.96226282218447,,,,,0.8185425017506847,0.0319118324890268,5.252089285490896,,,,,,,,,,,
70.05568419312503,,,,,0.8145850166837422,0.031870323324787564,5.261782171522443,,,,,,,,,,,
70.1492303106389,,,,,0.810646665245196,0.03182886815339619,5.271492946061688,,,,,,,,,,,
70.24290134130153,,,,,0.8067273549278782,0.031787466904621704,5.281221642122402,,,,,,,,,,,
70.33669745191084,,,,,0.802826993671874,0.03174611950832452,5.290968292779284,,,,,,,,,,,
70.43061880948741,,,,,0.7989454898623596,0.031704825894456314,5.300732931168069,,,,,,,,,,,
70.52466558127489,,,,,0.7950827523274497,0.031663585993059816,5.310515590485651,,,,,,,,,,,
70.61883793474028,,,,,0.7912386903360554,0.03162239973426877,5.320316303990188,,,,,,,,,,,
70.71313603757406,,,,,0.7874132135957596,0.03158126704830789,5.330135105001206,,,,,,,,,,,
70.80756005769085,,,,,0.7836062322506799,0.03154018786549249,5.339972026899748,,,,,,,,,,,
70.90211016322925,,,,,0.7798176568793811,0.03149916211622864,5.349827103128431,,,,,,,,,,,
70.99678652255263,,,,,0.7760473984927502,0.031458189731012894,5.359700367191625,,,,,,,,,,,
71.09158930424893,,,,,0.7722953685319284,0.031417270640432246,5.369591852655503,,,,,,,,,,,
71.18651867713136,,,,,0.7685614788662151,0.03137640477516391,5.379501593148204,,,,,,,,,,,
71.28157481023851,,,,,0.7648456417910051,0.03133559206597536,5.3894296223599225,,,,,,,,,,,
71.37675787283469,,,,,0.7611477700257271,0.03129483244372405,5.399375974043029,,,,,,,,,,,
71.47206803441021,,,,,0.757467776711793,0.0312541258393574,5.40934068201219,,,,,,,,,,,
71.56750546468176,,,,,0.7538055754105586,0.03121347218391266,5.419323780144469,,,,,,,,,,,
71.6630703335926,,,,,0.7501610801012911,0.031172871408516732,5.429325302379463,,,,,,,,,,,
71.75876281131286,,,,,0.7465342051791561,0.031132323444386233,5.439345282719385,,,,,,,,,,,
71.85458306824012,,,,,0.7429248654531913,0.03109182822282707,5.4493837552292295,,,,,,,,,,,
71.95053127499918,,,,,0.7393329761443259,0.031051385675234647,5.4594407540368275,,,,,,,,,,,
72.04660760244299,,,,,0.7357584528833682,0.03101099573309352,5.469516313333023,,,,,,,,,,,
72.14281222165235,,,,,0.7322012117090444,0.030970658327977445,5.4796104673717325,,,,,,,,,,,
72.23914530393681,,,,,0.7286611690660059,0.03093037339154906,5.489723250470118,,,,,,,,,,,
72.33560702083439,,,,,0.7251382418028862,0.030890140855560046,5.499854697008647,,,,,,,,,,,
72.43219754411233,,,,,0.7216323471703338,0.030849960651850753,5.510004841431257,,,,,,,,,,,
72.52891704576719,,,,,0.7181434028190737,0.030809832712350195,5.520173718245442,,,,,,,,,,,
72.6257656980252,,,,,0.7146713267979737,0.030769756969075985,5.530361362022387,,,,,,,,,,,
72.72274367334256,,,,,0.711216037552118,0.03072973335413412,5.540567807397076,,,,,,,,,,,
72.81985114440577,,,,,0.7077774539208923,0.030689761799718895,5.550793089068414,,,,,,,,,,,
72.91708828413195,,,,,0.7043554951360756,0.03064984223811285,5.561037241799344,,,,,,,,,,,
73.01445526566896,,,,,0.7009500808199502,0.030609974601686615,5.571300300416955,,,,,,,,,,,
73.11195226239612,,,,,0.6975611309833991,0.03057015882289868,5.581582299812638,,,,,,,,,,,
73.20957944792399,,,,,0.6941885660240463,0.030530394834295566,5.591883274942138,,,,,,,,,,,
73.30733699609523,,,,,0.6908323067243671,0.030490682568511354,5.6022032608257515,,,,,,,,,,,
73.40522508098437,,,,,0.6874922742498473,0.030451021958267883,5.612542292548371,,,,,,,,,,,
73.50324387689862,,,,,0.684168390147111,0.030411412936374425,5.622900405259671,,,,,,,,,,,
73.60139355837778,,,,,0.6808605763420973,0.030371855435727707,5.633277634174169,,,,,,,,,,,
73.69967430019476,,,,,0.6775687551382126,0.03033234938931168,5.643674014571385,,,,,,,,,,,
73.79808627735586,,,,,0.6742928492145114,0.030292894730197535,5.654089581795949,,,,,,,,,,,
73.89662966510109,,,,,0.671032781623879,0.030253491391543447,5.664524371257716,,,,,,,,,,,
73.99530463890441,,,,,0.6677884757912246,0.03021413930659461,5.674978418431894,,,,,,,,,,,
74.09411137447412,,,,,0.6645598555116816,0.030174838408682986,5.685451758859161,,,,,,,,,,,
74.19305004775319,,,,,0.6613468449488178,0.030135588631227256,5.695944428145788,,,,,,,,,,,
74.29212083491936,,,,,0.658149368632859,0.030096389907732803,5.7064564619637475,,,,,,,,,,,
74.39132391238587,,,,,0.6549673514589035,0.030057242171791357,5.716987896050867,,,,,,,,,,,
74.49065945680128,,,,,0.6518007186851761,0.030018145357081142,5.727538766210904,,,,,,,,,,,
74.59012764505027,,,,,0.6486493959312531,0.029979099397366583,5.738109108313718,,,,,,,,,,,
74.68972865425347,,,,,0.6455133091763346,0.029940104226498333,5.748698958295341,,,,,,,,,,,
74.78946266176828,,,,,0.6423923847574863,0.02990115977841296,5.759308352158158,,,,,,,,,,,
74.8893298451887,,,,,0.6392865493679274,0.029862265987133124,5.769937325970963,,,,,,,,,,,
74.98933038234597,,,,,0.6361957300552958,0.0298234227867672,5.780585915869141,,,,,,,,,,,
75.0894644513088,,,,,0.6331198542199402,0.029784630111509277,5.791254158054754,,,,,,,,,,,
75.18973223038368,,,,,0.6300588496132138,0.029745887895639093,5.80194208879668,,,,,,,,,,,
75.29013389811516,,,,,0.6270126443357771,0.029707196073521826,5.812649744430734,,,,,,,,,,,
75.39066963328624,,,,,0.6239811668359089,0.029668554579608025,5.823377161359785,,,,,,,,,,,
75.49133961491863,,,,,0.6209643459078252,0.029629963348433534,5.834124376053892,,,,,,,,,,,
75.59214402227302,,,,,0.6179621106900118,0.029591422314619368,5.844891425050404,,,,,,,,,,,
75.69308303484966,,,,,0.6149743906635473,0.029552931412871467,5.855678344954128,,,,,,,,,,,
75.79415683238824,,,,,0.6120011156504639,0.02951449057798088,5.866485172437395,,,,,,,,,,,
75.89536559486874,,,,,0.6090422158120807,0.029476099744823306,5.877311944240247,,,,,,,,,,,
75.99670950251117,,,,,0.6060976216473809,0.029437758848359252,5.888158697170503,,,,,,,,,,,
76.09818873577639,,,,,0.6031672639913659,0.029399467823633826,5.899025468103929,,,,,,,,,,,
76.1998034753662,,,,,0.6002510740134367,0.02936122660577658,5.909912293984341,,,,,,,,,,,
76.30155390222363,,,,,0.5973489832157766,0.029323035130001455,5.920819211823739,,,,,,,,,,,
76.4034401975334,,,,,0.5944609234317414,0.0292848933316067,5.9317462587024234,,,,,,,,,,,
76.5054625427221,,,,,0.5915868268242588,0.029246801145974676,5.942693471769134,,,,,,,,,,,
76.60762111945868,,,,,0.5887266258842337,0.029208758508571825,5.95366088824117,,,,,,,,,,,
76.70991610965449,,,,,0.585880253428968,0.02917076535494856,5.9646485454045,,,,,,,,,,,
76.81234769546406,,,,,0.5830476426005706,0.029132821620739015,5.975656480613936,,,,,,,,,,,
76.91491605928482,,,,,0.5802287268644031,0.029094927241661208,5.9866847312931935,,,,,,,,,,,
77.01762138375811,,,,,0.5774234400075,0.029057082153516618,5.997733334935091,,,,,,,,,,,
77.12046385176885,,,,,0.5746317161370302,0.029019286292190336,6.008802329101605,,,,,,,,,,,
77.22344364644641,,,,,0.5718534896787328,0.028981539593650785,6.019891751424068,,,,,,,,,,,
77.3265609511645,,,,,0.5690886953753922,0.028943841993949736,6.031001639603235,,,,,,,,,,,
77.42981594954178,,,,,0.5663372682852936,0.028906193429222078,6.042132031409451,,,,,,,,,,,
77.53320882544212,,,,,0.5635991437807035,0.028868593835685834,6.053282964682767,,,,,,,,,,,
77.63673976297487,,,,,0.56087425754635,0.02883104314964194,6.064454477333068,,,,,,,,,,,
77.74040894649521,,,,,0.5581625455779125,0.028793541307474198,6.075646607340202,,,,,,,,,,,
77.84421656060455,,,,,0.5554639441805179,0.028756088245649195,6.086859392754111,,,,,,,,,,,
77.94816279015076,,,,,0.5527783899672442,0.028718683900716104,6.098092871694962,,,,,,,,,,,
78.05224782022846,,,,,0.5501058198576356,0.02868132820930669,6.10934708235326,,,,,,,,,,,
78.15647183617965,,,,,0.5474461710762109,0.028644021108135083,6.120622062990018,,,,,,,,,,,
78.26083502359351,,,,,0.5447993811510031,0.028606762533997805,6.131917851936828,,,,,,,,,,,
78.3653375683074,,,,,0.5421653879120764,0.02856955242377348,6.143234487596059,,,,,,,,,,,
78.46997965640644,,,,,0.539544129490082,0.028532390714422984,6.154572008440918,,,,,,,,,,,
78.57476147422462,,,,,0.5369355443147887,0.028495277342989043,6.1659304530156485,,,,,,,,,,,
78.67968320834443,,,,,0.5343395711136518,0.02845821224659637,6.177309859935599,,,,,,,,,,,
78.78474504559766,,,,,0.5317561489103624,0.028421195362451444,6.188710267887406,,,,,,,,,,,
78.88994717306555,,,,,0.529185217023421,0.02838422662784239,6.200131715629089,,,,,,,,,,,
78.99528977807915,,,,,0.5266267150647106,0.02834730598013896,6.211574241990207,,,,,,,,,,,
79.10077304821968,,,,,0.524080582938078,0.02831043335679232,6.223037885871971,,,,,,,,,,,
79.20639717131878,,,,,0.5215467608379232,0.028273608695335004,6.2345226862473915,,,,,,,,,,,
79.312162335459,,,,,0.5190251892477924,0.028236831933380828,6.24602868216141,,,,,,,,,,,
79.41806872897385,,,,,0.5165158089389859,0.028200103008624768,6.257555912731001,,,,,,,,,,,
79.52411654044862,,,,,0.5140185609691558,0.028163421858842744,6.26910441714537,,,,,,,,,,,
79.63030595872006,,,,,0.511533386680936,0.028126788421891778,6.280674234666009,,,,,,,,,,,
79.73663717287747,,,,,0.509060227700549,0.028090202635709553,6.292265404626901,,,,,,,,,,,
79.84311037226225,,,,,0.5065990259364505,0.028053664438314606,6.303877966434592,,,,,,,,,,,
79.94972574646899,,,,,0.5041497235779486,0.028017173767806016,6.315511959568381,,,,,,,,,,,
80.05648348534515,,,0.19362411369924226,,0.5024275364335298,0.02797549070181079,6.3222430963703005,,,,,,,,,,,
80.16338377899189,,,0.19348071943265022,,0.5013469799286294,0.027929210463584462,6.324594042041892,,,,,,,,,,,
80.2704268177641,,,0.1933374313610733,,0.5002687473456392,0.027883006787391407,6.32694586191991,,,,,,,,,,,
80.37761279227092,,,0.19319424940586563,,0.4991928336865672,0.027836879546574027,6.329298556329431,,,,,,,,,,,
80.48494189337602,,,0.19305117348843936,,0.49811923396417,0.02779082861468422,6.331652125595653,,,,,,,,,,,
80.59241431219786,,,0.1929082035302651,,0.49704794320193046,0.027744853865483077,6.334006570043894,,,,,,,,,,,
80.70003024011022,,,0.19276533945287133,,0.4959789564340336,0.027698955172940506,6.336361889999594,,,,,,,,,,,
80.80778986874222,,,0.19262258117784503,,0.49491226870534605,0.027653132411235,6.3387180857883125,,,,,,,,,,,
80.91569338997914,,,0.19247992862683072,,0.4938478750713885,0.027607385454753067,6.341075157735732,,,,,,,,,,,
81.0237409959622,,,0.19233738172153153,,0.4927857705983188,0.027561714178089135,6.343433106167651,,,,,,,,,,,
81.13193287908948,,,0.19219494038370802,,0.4917259503629025,0.02751611845604498,6.345791931409998,,,,,,,,,,,
81.2402692320157,,,0.1920526045351792,,0.4906684094524964,0.02747059816362962,6.348151633788815,,,,,,,,,,,
81.34875024765302,,,0.19191037409782158,,0.4896131429650211,0.02742515317605876,6.3505122136302665,,,,,,,,,,,
81.45737611917109,,,0.1917682489935698,,0.4885601460089405,0.02737978336875455,6.352873671260642,,,,,,,,,,,
81.56614703999757,,,0.19162622914441613,,0.4875094137032382,0.027334488617345266,6.35523600700635,,,,,,,,,,,
81.67506320381838,,,0.19148431447241074,,0.48646094117739574,0.0272892687976649,6.357599221193919,,,,,,,,,,,
81.78412480457806,,,0.1913425048996614,,0.48541472357136933,0.02724412378575287,6.359963314150001,,,,,,,,,,,
81.89333203648015,,,0.19120080034833367,,0.48437075603556745,0.02719905345785365,6.362328286201369,,,,,,,,,,,
82.0026850939875,,,0.19105920074065078,,0.48332903373082864,0.02715405769041644,6.364694137674918,,,,,,,,,,,
82.11218417182265,,,0.19091770599889332,,0.48228955182839833,0.027109136360094863,6.3670608688976635,,,,,,,,,,,
82.22182946496801,,,0.19077631604539994,,0.48125230550990866,0.0270642893437466,6.36942848019674,,,,,,,,,,,
82.33162116866667,,,0.1906350308025661,,0.4802172899673517,0.027019516518432957,6.371796971899412,,,,,,,,,,,
82.44155947842204,,,0.19049385019284548,,0.4791845004030632,0.02697481776141877,6.374166344333055,,,,,,,,,,,
82.55164458999897,,,0.1903527741387485,,0.478153932029694,0.026930192950171766,6.376536597825177,,,,,,,,,,,
82.66187669942339,,,0.1902118025628435,,0.4771255800701935,0.02688564196236249,6.378907732703397,,,,,,,,,,,
82.77225600298317,,,0.19007093538775588,,0.47609943975778357,0.026841164675863786,6.381279749295464,,,,,,,,,,,
82.88278269722825,,,0.18993017253616848,,0.47507550633593815,0.026796760968750593,6.383652647929245,,,,,,,,,,,
82.993456978971,,,0.18978951393082122,,0.47405377505836094,0.02675243071929951,6.38602642893273,,,,,,,,,,,
83.10427904528663,,,0.18964895949451147,,0.47303424118896337,0.026708173805988517,6.388401092634033,,,,,,,,,,,
83.21524909351348,,,0.18950850915009357,,0.47201690000184277,0.02666399010749662,6.390776639361385,,,,,,,,,,,
83.32636732125344,,,0.18936816282047914,,0.4710017467812596,0.02661987950270355,6.393153069443145,,,,,,,,,,,
83.43763392637211,,,0.18922792042863684,,0.46998877682161827,0.02657584187068943,6.395530383207786,,,,,,,,,,,
83.54904910699959,,,0.18908778189759232,,0.46897798542744035,0.02653187709073433,6.397908580983915,,,,,,,,,,,
83.6606130615302,,,0.18894774715042834,,0.4679693679133492,0.02648798504231814,6.400287663100248,,,,,,,,,,,
83.7723259886235,,,0.1888078161102845,,0.4669629196040415,0.02644416560512002,6.402667629885635,,,,,,,,,,,
83.88418808720407,,,0.18866798870035748,,0.4659586358342724,0.02640041865901831,6.40504848166904,,,,,,,,,,,
83.99619955646232,,,0.18852826484390064,,0.4649565119488271,0.026356744084089927,6.4074302187795515,,,,,,,,,,,
84.10836059585444,,,0.18838864446422438,,0.46395654330250546,0.02631314176061027,6.409812841546382,,,,,,,,,,,
84.2206714051031,,,0.1882491274846958,,0.46295872526009607,0.0262696115690528,6.412196350298867,,,,,,,,,,,
84.33313218419762,,,0.18810971382873867,,0.46196305319635683,0.02622615339008866,6.414580745366462,,,,,,,,,,,
84.44574313339437,,,0.18797040341983368,,0.4609695224959927,0.02618276710458644,6.416966027078746,,,,,,,,,,,
84.55850445321713,,,0.18783119618151792,,0.459978128553635,0.02613945259361178,6.41935219576542,,,,,,,,,,,
84.6714163444574,,,0.18769209203738538,,0.4589888667738194,0.026096209738427124,6.42173925175631,,,,,,,,,,,
84.78447900817491,,,0.18755309091108635,,0.45800173257096477,0.026053038420491285,6.42412719538136,,,,,,,,,,,
84.89769264569765,,,0.18741419272632806,,0.45701672136935334,0.02600993852145925,6.426516026970641,,,,,,,,,,,
85.01105745862276,,,0.1872753974068737,,0.4560338286031057,0.025966909923181684,6.428905746854346,,,,,,,,,,,
85.12457364881621,,,0.18713670487654352,,0.45505304971616517,0.025923952507704847,6.431296355362789,,,,,,,,,,,
85.2382414184139,,,0.18699811505921365,,0.4540743801622705,0.02588106615726999,6.433687852826408,,,,,,,,,,,
85.3520609698213,,,0.186859627878817,,0.4530978154049411,0.025838250754313292,6.436080239575763,,,,,,,,,,,
85.46603250571447,,,0.1867212432593425,,0.4521233509174499,0.025795506181465297,6.438473515941541,,,,,,,,,,,
85.5801562290398,,,0.1865829611248356,,0.45115098218280764,0.02575283232155085,6.440867682254545,,,,,,,,,,,
85.69443234301491,,,0.18644478139939796,,0.4501807046937386,0.025710229057588557,6.443262738845705,,,,,,,,,,,
85.80886105112866,,,0.18630670400718732,,0.44921251395266076,0.025667696272790554,6.445658686046075,,,,,,,,,,,
85.92344255714167,,,0.18616872887241775,,0.44824640547166494,0.025625233850562184,6.44805552418683,,,,,,,,,,,
86.03817706508663,,,0.1860308559193593,,0.4472823747724942,0.025582841674501706,6.450453253599269,,,,,,,,,,,
86.15306477926872,,,0.18589308507233823,,0.44632041738652256,0.025540519628399913,6.452851874614815,,,,,,,,,,,
86.2681059042659,,,0.1857554162557367,,0.4453605288547345,0.025498267596239823,6.455251387565013,,,,,,,,,,,
86.38330064492918,,,0.18561784939399312,,0.4444027047277056,0.025456085462196472,6.4576517927815305,,,,,,,,,,,
86.49864920638342,,,0.1854803844116015,,0.4434469405655783,0.025413973110636385,6.460053090596162,,,,,,,,,,,
86.61415179402701,,,0.1853430212331122,,0.44249323193804657,0.025371930426117496,6.4624552813408185,,,,,,,,,,,
86.72980861353298,,,0.18520575978313092,,0.4415415744243296,0.025329957293388595,6.464858365347544,,,,,,,,,,,
86.84561987084864,,,0.18506859998631983,,0.44059196361315717,0.02528805359738928,6.467262342948496,,,,,,,,,,,
86.96158577219663,,,0.18493154176739626,,0.4396443951027432,0.02524621922324935,6.469667214475965,,,,,,,,,,,
87.0777065240747,,,0.18479458505113386,,0.43869886450077117,0.025204454056288742,6.472072980262357,,,,,,,,,,,
87.19398233325649,,,0.1846577297623615,,0.4377553674243695,0.025162757982017055,6.474479640640205,,,,,,,,,,,
87.3104134067917,,,0.18452097582596413,,0.4368138995000928,0.025121130886133297,6.476887195942168,,,,,,,,,,,
87.4269999520065,,,0.184384323166882,,0.43587445636390193,0.025079572654525595,6.479295646501024,,,,,,,,,,,
87.54374217650394,,,0.1842477717101112,,0.4349370336611431,0.025038083173270817,6.481704992649678,,,,,,,,,,,
87.66064028816425,,,0.18411132138070319,,0.43400162704652806,0.024996662328634317,6.484115234721157,,,,,,,,,,,
87.77769449514528,,,0.18397497210376496,,0.4330682321841134,0.024955310007069565,6.486526373048616,,,,,,,,,,,
87.89490500588272,,,0.18383872380445923,,0.4321368447472825,0.02491402609521797,6.488938407965324,,,,,,,,,,,
88.01227202909082,,,0.1837025764080036,,0.4312074604187211,0.02487281047990834,6.491351339804687,,,,,,,,,,,
88.12979577376221,,,0.18356652983967173,,0.43028007489040315,0.02483166304815682,6.493765168900223,,,,,,,,,,,
88.24747644916896,,,0.18343058402479193,,0.42935468386356485,0.024790583687166346,6.496179895585587,,,,,,,,,,,
88.36531426486225,,,0.18329473888874837,,0.42843128304869,0.02474957228432659,6.4985955201945425,,,,,,,,,,,
88.48330943067324,,,0.18315899435698016,,0.42750986816548653,0.024708628727213428,6.50101204306099,,,,,,,,,,,
88.60146215671328,,,0.18302335035498177,,0.42659043494286797,0.02466775290358873,6.503429464518947,,,,,,,,,,,
88.71977265337425,,,0.18288780680830274,,0.4256729791189338,0.024626944701400078,6.505847784902559,,,,,,,,,,,
88.83824113132897,,,0.18275236364254788,,0.4247574964409493,0.02458620400878039,6.508267004546093,,,,,,,,,,,
88.95686780153159,,,0.18261702078337694,,0.42384398266532597,0.02454553071404766,6.510687123783943,,,,,,,,,,,
89.07565287521798,,,0.18248177815650485,,0.42293243355760163,0.02450492470570462,6.513108142950626,,,,,,,,,,,
89.1945965639059,,,0.18234663568770157,,0.42202284489242237,0.024464385872438526,6.515530062380781,,,,,,,,,,,
89.31369907939589,,,0.18221159330279185,,0.4211152124535192,0.024423914103120666,6.517952882409177,,,,,,,,,,,
89.43296063377089,,,0.18207665092765563,,0.42020953203369366,0.02438350928680628,6.520376603370702,,,,,,,,,,,
89.55238143939745,,,0.1819418084882275,,0.4193057994347929,0.024343171312734037,6.522801225600371,,,,,,,,,,,
89.67196170892532,,,0.1818070659104971,,0.4184040104676957,0.02430290007032597,6.525226749433323,,,,,,,,,,,
89.79170165528858,,,0.1816724231205087,,0.41750416095228743,0.024262695449186907,6.527653175204824,,,,,,,,,,,
89.91160149170527,,,0.1815378800443615,,0.4166062467174459,0.02422255733910441,6.53008050325026,,,,,,,,,,,
90.0316614316784,,,0.18140343660820937,,0.4157102636010184,0.024182485630048295,6.532508733905146,,,,,,,,,,,
90.15188168899599,,,0.1812690927382608,,0.4148162074498038,0.024142480212170463,6.53493786750512,,,,,,,,,,,
90.27226247773152,,,0.18113484836077906,,0.41392407411953336,0.02410254097580449,6.537367904385947,,,,,,,,,,,
90.39280401224433,,,0.18100070340208188,,0.41303385947485105,0.024062667811465398,6.539798844883511,,,,,,,,,,,
90.51350650718003,,,0.18086665778854172,,0.41214555938929487,0.024022860609849313,6.542230689333825,,,,,,,,,,,
90.63437017747086,,,0.18073271144658534,,0.41125916974527693,0.023983119261833205,6.544663438073028,,,,,,,,,,,
90.75539523833588,,,0.18059886430269437,,0.4103746864340664,0.02394344365847459,6.547097091437383,,,,,,,,,,,
90.87658190528188,,,0.18046511628340434,,0.40949210535576663,0.023903833691011112,6.549531649763277,,,,,,,,,,,
90.99793039410302,,,0.1803314673153058,,0.40861142241930115,0.023864289250860485,6.551967113387223,,,,,,,,,,,
91.11944092088201,,,0.1801979173250431,,0.40773263354238937,0.023824810229619915,6.554403482645858,,,,,,,,,,,
91.2411137019897,,,0.18006446623931538,,0.406855734651533,0.02378539651906605,6.556840757875946,,,,,,,,,,,
91.36294895408625,,,0.17993111398487563,,0.40598072168199184,0.023746048011154475,6.559278939414377,,,,,,,,,,,
91.48494689412081,,,0.1797978604885315,,0.40510759057777,0.02370676459801959,6.561718027598162,,,,,,,,,,,
91.60710773933238,,,0.17966470567714463,,0.4042363372915933,0.023667546171974224,6.564158022764439,,,,,,,,,,,
91.72943170725004,,,0.17953164947763078,,0.4033669577848923,0.02362839262550933,6.566598925250474,,,,,,,,,,,
91.8519190156933,,,0.17939869181696,,0.4024994480277832,0.02358930385129373,6.569040735393657,,,,,,,,,,,
91.97456988277254,,,0.17926583262215623,,0.4016338039990491,0.023550279742173785,6.571483453531503,,,,,,,,,,,
92.0973845268894,,,0.17913307182029767,,0.40077002168612147,0.02351132019117317,6.573927080001651,,,,,,,,,,,
92.22036316673717,,,0.17900040933851624,,0.3999080970850611,0.023472425091492475,6.576371615141871,,,,,,,,,,,
92.343506021301,,,0.17886784510399825,,0.3990480262005413,0.02343359433650903,6.578817059290048,,,,,,,,,,,
92.46681330985878,,,0.17873537904398343,,0.3981898050458258,0.02339482781977647,6.581263412784208,,,,,,,,,,,
92.59028525198083,,,0.17860301108576584,,0.3973334296427549,0.023356125435024636,6.583710675962485,,,,,,,,,,,
92.71392206753102,,,0.178470741156693,,0.39647889602172226,0.023317487076159056,6.586158849163157,,,,,,,,,,,
92.83772397666645,,,0.17833856918416666,,0.39562620022166123,0.023278912637260875,6.58860793272461,,,,,,,,,,,
92.96169119983857,,,0.17820649509564182,,0.3947753382900217,0.023240402012586356,6.591057926985372,,,,,,,,,,,
93.08582395779287,,,0.17807451881862774,,0.3939263062827563,0.02320195509656681,6.593508832284085,,,,,,,,,,,
93.21012247156979,,,0.17794264028068696,,0.3930791002642988,0.02316357178380811,6.595960648959522,,,,,,,,,,,
93.3345869625049,,,0.1778108594094359,,0.3922337163075475,0.023125251969090512,6.598413377350582,,,,,,,,,,,
93.45921765222928,,,0.17767917613254441,,0.3913901504938463,0.023086995547368323,6.600867017796289,,,,,,,,,,,
93.58401476267001,,,0.1775475903777361,,0.3905483989129672,0.02304880241376966,6.603321570635792,,,,,,,,,,,
93.70897851605045,,,0.1774161020727879,,0.3897084576630917,0.023010672463596105,6.605777036208369,,,,,,,,,,,
93.83410913489081,,,0.1772847111455304,,0.3888703228507923,0.022972605592322427,6.608233414853425,,,,,,,,,,,
93.95940684200819,,,0.1771534175238476,,0.38803399059101656,0.02293460169559639,6.610690706910482,,,,,,,,,,,
94.0848718605176,,,0.17702222113567675,,0.3871994570070651,0.02289666066923828,6.613148912719203,,,,,,,,,,,
94.21050441383154,,,0.17689112190900882,,0.38636671823057867,0.02285878240924083,6.615608032619361,,,,,,,,,,,
94.33630472566128,,,0.1767601197718876,,0.38553577040151493,0.022820966811768734,6.618068066950873,,,,,,,,,,,
94.46227302001643,,,0.1766292146524107,,0.38470660966813564,0.02278321377315857,6.620529016053766,,,,,,,,,,,
94.58840952120593,,,0.17649840647872855,,0.38387923218698494,0.022745523189918328,6.622990880268204,,,,,,,,,,,
94.71471445383821,,,0.1763676951790451,,0.38305363412287347,0.022707894958727243,6.625453659934472,,,,,,,,,,,
94.8411880428216,,,0.17623708068161728,,0.3822298116488598,0.022670328976435443,6.627917355392984,,,,,,,,,,,
94.96783051336476,,,0.17610656291475527,,0.38140776094623335,0.022632825140063744,6.630381966984283,,,,,,,,,,,
95.09464209097708,,,0.17597614180682217,,0.3805874782044961,0.02259538334680329,6.632847495049032,,,,,,,,,,,
95.22162300146906,,,0.1758458172862344,,0.37976895962134527,0.022558003494015308,6.635313939928026,,,,,,,,,,,
95.34877347095275,,,0.1757155892814611,,0.3789522014026555,0.022520685479230824,6.637781301962188,,,,,,,,,,,
95.47609372584215,,,0.17558545772102466,,0.37813719976246113,0.02248342920015036,6.640249581492561,,,,,,,,,,,
95.60358399285343,,,0.17545542253350022,,0.37732395092294,0.022446234554643747,6.642718778860319,,,,,,,,,,,
95.73124449900581,,,0.1753254836475158,,0.37651245111439274,0.022409101440749663,6.645188894406764,,,,,,,,,,,
95.85907547162128,,,0.17519564099175247,,0.37570269657522976,0.02237202975667556,6.647659928473324,,,,,,,,,,,
95.98707713832576,,,0.1750658944949439,,0.374894683551949,0.022335019400797188,6.650131881401552,,,,,,,,,,,
96.11524972704878,,,0.17493624408587663,,0.374088408299123,0.022298070271658532,6.652604753533131,,,,,,,,,,,
96.24359346602441,,,0.17480668969339003,,0.37328386707937844,0.022261182267971327,6.65507854520987,,,,,,,,,,,
96.37210858379144,,,0.174677231246376,,0.37248105616338,0.02222435528861489,6.657553256773705,,,,,,,,,,,
96.50079530919385,,,0.17454786867377922,,0.37167997182981305,0.02218758923263586,6.660028888566695,,,,,,,,,,,
96.62965387138118,,,0.1744186019045969,,0.37088061036536624,0.022150883999247844,6.662505440931034,,,,,,,,,,,
96.75868449980895,,,0.17428943086787899,,0.3700829680647142,0.022114239487831193,6.6649829142090375,,,,,,,,,,,
96.88788742423915,,,0.17416035549272774,,0.36928704123050043,0.022077655597932695,6.667461308743151,,,,,,,,,,,
97.01726287474034,,,0.17403137570829824,,0.36849282617332135,0.022041132229265396,6.669940624875946,,,,,,,,,,,
97.14681108168867,,,0.1739024914437976,,0.3677003192117058,0.022004669281708137,6.672420862950122,,,,,,,,,,,
97.27653227576751,,,0.1737737026284859,,0.366909516672103,0.02196826665530549,6.674902023308506,,,,,,,,,,,
97.40642668796863,,,0.17364500919167503,,0.36612041488886,0.02193192425026729,6.677384106294053,,,,,,,,,,,
97.53649454959191,,,0.1735164110627298,,0.3653330102042101,0.021895641966968568,6.67986711224984,,,,,,,,,,,
97.66673609224644,,,0.1733879081710668,,0.3645472989682508,0.021859419705949054,6.682351041519085,,,,,,,,,,,
97.79715154785022,,,0.1732595004461553,,0.36376327753893134,0.0218232573679131,6.684835894445117,,,,,,,,,,,
97.92774114863117,,,0.17313118781751663,,0.36298094228203287,0.021787154853729267,6.687321671371404,,,,,,,,,,,
98.05850512712725,,,0.17300297021472427,,0.3622002895711525,0.021751112064430162,6.689808372641537,,,,,,,,,,,
98.1894437161869,,,0.172874847567404,,0.3614213157876868,0.021715128901212074,6.6922959985992385,,,,,,,,,,,
98.32055714896953,,,0.1727468198052336,,0.36064401732081486,0.02167920526543476,6.694784549588355,,,,,,,,,,,
98.45184565894584,,,0.17261888685794297,,0.359868390567481,0.021643341058621146,6.697274025952862,,,,,,,,,,,
98.58330947989838,,,0.17249104865531395,,0.35909443193237867,0.02160753618245709,6.699764428036866,,,,,,,,,,,
98.71494884592164,,,0.1723633051271807,,0.3583221378279347,0.021571790538791116,6.7022557561845915,,,,,,,,,,,
98.84676399142309,,,0.1722356562034289,,0.3575515046742895,0.021536104029634025,6.704748010740406,,,,,,,,,,,
98.97875515112274,,,0.17210810181399658,,0.3567825288992849,0.021500476557158855,6.707241192048793,,,,,,,,,,,
99.1109225600545,,,0.1719806418888732,,0.3560152069384431,0.02146490802370036,6.709735300454371,,,,,,,,,,,
99.24326645356568,,,0.1718532763581006,,0.3552495352349544,0.021429398331754956,6.712230336301879,,,,,,,,,,,
99.37578706731824,,,0.17172600515177192,,0.3544855102396565,0.02139394738398027,6.7147262999361965,,,,,,,,,,,
99.50848463728852,,,0.17159882820003247,,0.3537231284110222,0.02135855508319507,6.717223191702318,,,,,,,,,,,
99.6413593997681,,,0.17147174543307905,,0.3529623862151397,0.02132322133237881,6.719721011945374,,,,,,,,,,,
99.77441159136411,,,0.1713447567811603,,0.35220328012569785,0.021287946034671473,6.722219761010622,,,,,,,,,,,
99.90764144899954,,,0.1712178621745763,,0.3514458066239694,0.02125272909337328,6.724719439243446,,,,,,,,,,,
100.04104920991385,,,0.17109106154367903,,0.3506899621987944,0.0212175704119444,6.727220046989364,,,,,,,,,,,
100.17463511166308,,,0.17096435481887193,,0.3499357433465656,0.02118246989400479,6.729721584594011,,,,,,,,,,,
100.30839939212082,,,0.17083774193060988,,0.3491831465712085,0.02114742744333373,6.732224052403166,,,,,,,,,,,
100.4423422894779,,,0.17071122280939943,,0.3484321683841702,0.02111244296386979,6.734727450762721,,,,,,,,,,,
100.57646404224361,,,0.17058479738579843,,0.3476828053043979,0.021077516359710353,6.7372317800187105,,,,,,,,,,,
100.71076488924534,,,0.17045846559041636,,0.34693505385832785,0.021042647535111564,6.739737040517286,,,,,,,,,,,
100.84524506962974,,,0.17033222735391385,,0.3461889105798645,0.02100783639448786,6.742243232604737,,,,,,,,,,,
100.97990482286245,,,0.17020608260700312,,0.3454443720103691,0.020973082842411887,6.744750356627474,,,,,,,,,,,
101.11474438872925,,,0.17008003128044752,,0.3447014346986388,0.020938386783614066,6.747258412932043,,,,,,,,,,,
101.2497640073358,,,0.1699540733050617,,0.343960095200895,0.02090374812298252,6.749767401865117,,,,,,,,,,,
101.38496391910839,,,0.16982820861171177,,0.3432203500807655,0.02086916676556269,6.752277323773489,,,,,,,,,,,
101.52034436479452,,,0.16970243713131478,,0.34248219590926754,0.020834642616557063,6.754788179004098,,,,,,,,,,,
101.65590558546322,,,0.16957675879483886,,0.3417456292647929,0.020800175581324937,6.7572999679039984,,,,,,,,,,,
101.79164782250518,,,0.1694511735333036,,0.3410106467330933,0.020765765565382264,6.759812690820381,,,,,,,,,,,
101.92757131763344,,,0.16932568127777953,,0.34027724490726324,0.020731412474401256,6.762326348100558,,,,,,,,,,,
102.06367631288398,,,0.1692002819593882,,0.3395454203877235,0.020697116214210148,6.764840940091977,,,,,,,,,,,
102.199963050616,,,0.16907497550930192,,0.33881516978220594,0.02066287669079295,6.767356467142217,,,,,,,,,,,
102.33643177351213,,,0.16894976185874447,,0.33808648970573946,0.020628693810289284,6.769872929598979,,,,,,,,,,,
102.47308272457911,,,0.16882464093899022,,0.33735937678063216,0.020594567478993978,6.772390327810098,,,,,,,,,,,
102.60991614714811,,,0.16869961268136469,,0.33663382763645705,0.020560497603356945,6.774908662123534,,,,,,,,,,,
102.74693228487541,,,0.16857467701724393,,0.3359098389100348,0.02052648408998278,6.777427932887384,,,,,,,,,,,
102.88413138174266,,,0.168449833878055,,0.33518740724541907,0.020492526845630594,6.779948140449869,,,,,,,,,,,
103.02151368205709,,,0.16832508319527575,,0.33446652929388226,0.02045862577721379,6.782469285159339,,,,,,,,,,,
103.15907943045215,,,0.16820042490043488,,0.33374720171389866,0.020424780791799785,6.784991367364275,,,,,,,,,,,
103.29682887188815,,,0.1680758589251115,,0.33302942117112805,0.020390991796609664,6.787514387413286,,,,,,,,,,,
103.43476225165253,,,0.1679513852009356,,0.33231318433840135,0.020357258699018013,6.79003834565512,,,,,,,,,,,
103.57287981536001,,,0.16782700365958778,,0.33159848789570606,0.02032358140655268,6.7925632424386375,,,,,,,,,,,
103.71118180895334,,,0.16770271423279934,,0.3308853285301701,0.020289959826894518,6.795089078112843,,,,,,,,,,,
103.84966847870385,,,0.16757851685235187,,0.3301737029360451,0.020256393867877035,6.797615853026864,,,,,,,,,,,
103.98834007121171,,,0.16745441145007764,,0.32946360781469225,0.020222883437486218,6.800143567529963,,,,,,,,,,,
104.1271968334062,,,0.16733039795785942,,0.3287550398745683,0.020189428443860322,6.802672221971527,,,,,,,,,,,
104.26623901254644,,,0.16720647630763041,,0.32804799583120814,0.020156028795289535,6.805201816701073,,,,,,,,,,,
104.40546685622154,,,0.16708264643137435,,0.32734247240721137,0.02012268440021581,6.8077323520682524,,,,,,,,,,,
104.5448806123515,,,0.1669589082611251,,0.32663846633222493,0.020089395167232505,6.810263828422841,,,,,,,,,,,
104.68448052918738,,,0.16683526172896684,,0.3259359743429292,0.02005616100508419,6.812796246114755,,,,,,,,,,,
104.82426685531145,,,0.1667117067670343,,0.32523499318302407,0.02002298182266644,6.8153296054940276,,,,,,,,,,,
104.96423983963798,,,0.16658824330751246,,0.32453551960321253,0.019989857529025573,6.817863906910828,,,,,,,,,,,
105.10439973141379,,,0.1664648712826363,,0.32383755036118483,0.019956788033358302,6.820399150715457,,,,,,,,,,,
105.24474678021855,,,0.16634159062469095,,0.32314108222160415,0.019923773245011562,6.8229353372583486,,,,,,,,,,,
105.38528123596497,,,0.16621840126601195,,0.32244611195609313,0.019890813073482297,6.825472466890059,,,,,,,,,,,
105.52600334889945,,,0.166095303138985,,0.3217526363432174,0.0198579074284172,6.828010539961275,,,,,,,,,,,
105.66691336960282,,,0.1659722961760455,,0.3210606521684698,0.01982505621961235,6.830549556822823,,,,,,,,,,,
105.80801154899045,,,0.16584938030967908,,0.32037015622425663,0.01979225935701309,6.833089517825654,,,,,,,,,,,
105.94929813831257,,,0.1657265554724214,,0.3196811453098837,0.019759516750713742,6.835630423320849,,,,,,,,,,,
106.09077338915502,,,0.1656038215968582,,0.31899361623153966,0.019726828310957394,6.83817227365962,,,,,,,,,,,
106.23243755343948,,,0.16548117861562495,,0.31830756580228303,0.019694193948135597,6.840715069193307,,,,,,,,,,,
106.37429088342424,,,0.1653586264614071,,0.31762299084202494,0.019661613572788117,6.843258810273389,,,,,,,,,,,
106.51633363170441,,,0.16523616506693972,,0.31693988817751595,0.019629087095602703,6.845803497251468,,,,,,,,,,,
106.6585660512122,,,0.1651137943650081,,0.3162582546423323,0.019596614427414928,6.8483491304792805,,,,,,,,,,,
106.80098839521756,,,0.16499151428844708,,0.3155780870768603,0.019564195479207836,6.850895710308688,,,,,,,,,,,
106.94360091732882,,,0.16486932477014132,,0.3148993823282802,0.01953183016211171,6.853443237091692,,,,,,,,,,,
107.08640387149303,,,0.1647472257430249,,0.31422213725055326,0.01949951838740383,6.855991711180418,,,,,,,,,,,
107.22939751199604,,,0.164625217140082,,0.31354634870440756,0.019467260066508334,6.858541132927127,,,,,,,,,,,
107.3725820934633,,,0.1645032988943462,,0.3128720135573231,0.019435055110995855,6.861091502684203,,,,,,,,,,,
107.51595787086045,,,0.16438147093890074,,0.31219912868351546,0.019402903432583288,6.863642820804172,,,,,,,,,,,
107.65952509949362,,,0.1642597332068782,,0.3115276909639231,0.019370804943133563,6.866195087639685,,,,,,,,,,,
107.80328403500961,,,0.164138085631461,,0.3108576972861932,0.019338759554655492,6.868748303543522,,,,,,,,,,,
107.94723493339671,,,0.16401652814588089,,0.3101891445446666,0.019306767179303387,6.871302468868601,,,,,,,,,,,
108.09137805098494,,,0.1638950606834192,,0.30952202964036346,0.019274827729376946,6.873857583967961,,,,,,,,,,,
108.23571364444678,,,0.16377368317740634,,0.30885634948096796,0.019242941117320878,6.876413649194784,,,,,,,,,,,
108.38024197079747,,,0.1636523955612224,,0.3081921009808148,0.019211107255724755,6.8789706649023765,,,,,,,,,,,
108.52496328739522,,,0.1635311977682967,,0.30752928106087607,0.019179326057322775,6.881528631444179,,,,,,,,,,,
108.6698778519419,,,0.16341008973210797,,0.3068678866487457,0.01914759743499354,6.884087549173759,,,,,,,,,,,
108.81498592248373,,,0.163289071386184,,0.3062079146786244,0.019115921301759684,6.886647418444817,,,,,,,,,,,
108.96028775741146,,,0.16316814266410193,,0.30554936209130634,0.019084297570787757,6.889208239611196,,,,,,,,,,,
109.10578361546068,,,0.16304730349948804,,0.3048922258341662,0.019052726155388017,6.891770013026851,,,,,,,,,,,
109.25147375571245,,,0.16292655382601798,,0.3042365028611436,0.019021206969014104,6.894332739045884,,,,,,,,,,,
109.39735843759416,,,0.16280589357741612,,0.30358219013272814,0.018989739925262775,6.896896418022522,,,,,,,,,,,
109.54343792087913,,,0.1626853226874563,,0.302929284615948,0.018958324937873833,6.8994610503111256,,,,,,,,,,,
109.689712465688,,,0.16256484108996117,,0.30227778328435234,0.018926961920729672,6.9020266362661875,,,,,,,,,,,
109.83618233248845,,,0.16244444871880243,,0.30162768311800103,0.018895650787855215,6.904593176242332,,,,,,,,,,,
109.98284778209594,,,0.16232414550790095,,0.3009789811034485,0.01886439145341764,6.907160670594312,,,,,,,,,,,
110.12970907567446,,,0.16220393139122619,,0.3003316742337293,0.018833183831726052,6.909729119677015,,,,,,,,,,,
110.27676647473668,,,0.16208380630279673,,0.29968575950834486,0.018802027837231332,6.912298523845466,,,,,,,,,,,
110.42402024114428,,,0.16196377017667993,,0.2990412339332508,0.018770923384525903,6.914868883454812,,,,,,,,,,,
110.5714706371086,,,0.16184382294699226,,0.29839809452084193,0.018739870388343516,6.917440198860336,,,,,,,,,,,
110.71911792519136,,,0.1617239645478985,,0.2977563382899373,0.01870886876355891,6.920012470417455,,,,,,,,,,,
110.86696236830483,,,0.1616041949136125,,0.2971159622657676,0.018677918425187658,6.92258569848172,,,,,,,,,,,
111.01500422971218,,,0.16148451397839672,,0.29647696347996233,0.01864701928838595,6.925159883408808,,,,,,,,,,,
111.16324377302806,,,0.16136492167656252,,0.29583933897053477,0.01861617126845037,6.927735025554529,,,,,,,,,,,
111.31168126221954,,,0.16124541794246952,,0.2952030857818673,0.01858537428081753,6.930311125274835,,,,,,,,,,,
111.46031696160566,,,0.16112600271052638,,0.2945682009647005,0.018554628241064033,6.932888182925794,,,,,,,,,,,
111.60915113585887,,,0.16100667591518988,,0.293934681576116,0.01852393306490606,6.935466198863623,,,,,,,,,,,
111.7581840500047,,,0.16088743749096576,,0.29330252467952633,0.018493288668199295,6.93804517344466,,,,,,,,,,,
111.9074159694226,,,0.1607682873724081,,0.2926717273446593,0.01846269496693861,6.940625107025381,,,,,,,,,,,
112.05684715984658,,,0.1606492254941194,,0.29204228664754406,0.018432151877257816,6.94320599996239,,,,,,,,,,,
112.2064778873655,,,0.16053025179075045,,0.29141419967049814,0.018401659315429447,6.945787852612433,,,,,,,,,,,
112.3563084184233,,,0.1604113661970008,,0.29078746350211526,0.01837121719786463,6.948370665332379,,,,,,,,,,,
112.50633901981969,,,0.16029256864761823,,0.2901620752372502,0.018340825441112728,6.950954438479228,,,,,,,,,,,
112.65656995871089,,,0.16017385907739873,,0.289538031977005,0.018310483961861142,6.953539172410124,,,,,,,,,,,
112.80700150260988,,,0.16005523742118646,,0.2889153308287164,0.018280192676935085,6.956124867482336,,,,,,,,,,,
112.95763391938655,,,0.15993670361387416,,0.2882939689059432,0.018249951503297432,6.9587115240532675,,,,,,,,,,,
113.10846747726868,,,0.15981825759040266,,0.2876739433284513,0.018219760358048374,6.961299142480454,,,,,,,,,,,
113.25950244484204,,,0.15969989928576095,,0.2870552512222018,0.018189619158425298,6.963887723121564,,,,,,,,,,,
113.4107390910513,,,0.15958162863498618,,0.2864378897193358,0.01815952782180244,6.966477266334399,,,,,,,,,,,
113.56217768520025,,,0.15946344557316344,,0.2858218559581622,0.018129486265690737,6.969067772476899,,,,,,,,,,,
113.71381849695209,,,0.1593453500354262,,0.2852071470831456,0.018099494407737622,6.971659241907131,,,,,,,,,,,
113.86566179633002,,,0.1592273419569558,,0.28459376024489164,0.01806955216572677,6.9742516749832895,,,,,,,,,,,
114.01770785371811,,,0.15910942127298158,,0.28398169260013334,0.018039659457577833,6.976845072063718,,,,,,,,,,,
114.16995693986145,,,0.1589915879187808,,0.2833709413117185,0.018009816201346226,6.9794394335068795,,,,,,,,,,,
114.32240932586643,,,0.15887384182967879,,0.2827615035485979,0.017980022315223006,6.98203475967138,,,,,,,,,,,
114.47506528320146,,,0.15875618294104876,,0.2821533764858106,0.017950277717534536,6.9846310509159455,,,,,,,,,,,
114.62792508369766,,,0.1586386111883117,,0.28154655730447065,0.01792058232674226,6.987228307599453,,,,,,,,,,,
114.78098899954915,,,0.15852112650693637,,0.2809410431917543,0.017890936061442507,6.989826530080902,,,,,,,,,,,
114.93425730331326,,,0.15840372883243944,,0.28033683134088844,0.017861338840366336,6.992425718719423,,,,,,,,,,,
115.08773026791138,,,0.15828641810038532,,0.2797339189511357,0.0178317905823792,6.995025873874289,,,,,,,,,,,
115.24140816662926,,,0.15816919424638626,,0.2791323032277829,0.017802291206480827,6.9976269959048985,,,,,,,,,,,
115.39529127311775,,,0.15805205720610188,,0.2785319813821262,0.01777284063180487,7.0002290851707905,,,,,,,,,,,
115.54937986139316,,,0.15793500691523965,,0.27793295063145956,0.01774343877761879,7.002832142031632,,,,,,,,,,,
115.70367420583743,,,0.1578180433095546,,0.27733520819906227,0.017714085563323614,7.005436166847231,,,,,,,,,,,
115.85817458119888,,,0.15770116632484954,,0.2767387513141858,0.01768478090845374,7.008041159977516,,,,,,,,,,,
116.01288126259297,,,0.1575843758969745,,0.27614357721203936,0.01765552473267662,7.010647121782564,,,,,,,,,,,
116.16779452550252,,,0.15746767196182715,,0.2755496831337785,0.017626316955792604,7.013254052622581,,,,,,,,,,,
116.32291464577793,,,0.15735105445535266,,0.27495706632649297,0.01759715749773475,7.0158619528579,,,,,,,,,,,
116.47824189963798,,,0.1572345233135438,,0.2743657240431931,0.017568046278568596,7.0184708228489985,,,,,,,,,,,
116.63377656367054,,,0.1571180784724404,,0.27377565354279626,0.017538983218491854,7.021080662956478,,,,,,,,,,,
116.78951891483275,,,0.15700171986812983,,0.2731868520901149,0.017509968237834267,7.023691473541087,,,,,,,,,,,
116.94546923045142,,,0.1568854474367468,,0.272599316955845,0.017481001257057396,7.026303254963693,,,,,,,,,,,
117.10162778822372,,,0.15676926111447334,,0.27201304541655175,0.017452082196754398,7.028916007585311,,,,,,,,,,,
117.25799486621757,,,0.15665316083753883,,0.2714280347546582,0.017423210977649786,7.03152973176708,,,,,,,,,,,
117.41457074287239,,,0.15653714654221967,,0.27084428225843094,0.017394387520599193,7.0341444278702765,,,,,,,,,,,
117.57135569699943,,,0.1564212181648394,,0.2702617852219687,0.017365611746589165,7.036760096256319,,,,,,,,,,,
117.728350007782,,,0.15630537564176897,,0.26968054094519056,0.017336883576737037,7.039376737286748,,,,,,,,,,,
117.88555395477619,,,0.15618961890942645,,0.2691005467338226,0.0173082029322906,7.041994351323247,,,,,,,,,,,
118.04296781791163,,,0.15607394790427678,,0.26852179989938463,0.017279569734627905,7.044612938727628,,,,,,,,,,,
118.20059187749176,,,0.15595836256283202,,0.2679442977591782,0.017250983905257065,7.047232499861847,,,,,,,,,,,
118.35842641419407,,,0.1558428628216513,,0.26736803763627576,0.017222445365816096,7.0498530350879856,,,,,,,,,,,
118.51647170907081,,,0.15572744861734086,,0.26679301685950657,0.01719395403807263,7.052474544768259,,,,,,,,,,,
118.6747280435498,,,0.15561211988655366,,0.266219232763444,0.017165509843923687,7.055097029265025,,,,,,,,,,,
118.83319569943464,,,0.1554968765659896,,0.2656466826883938,0.017137112705395495,7.057720488940772,,,,,,,,,,,
118.99187495890496,,,0.15538171859239555,,0.265075363980383,0.01710876254464331,7.060344924158125,,,,,,,,,,,
119.15076610451736,,,0.15526664590256528,,0.26450527399114554,0.017080459283951167,7.062970335279838,,,,,,,,,,,
119.30986941920557,,,0.15515165843333925,,0.26393641007811175,0.01705220284573166,7.065596722668805,,,,,,,,,,,
119.46918518628138,,,0.1550367561216048,,0.2633687696043942,0.017023993152525712,7.068224086688053,,,,,,,,,,,
119.62871368943492,,,0.15492193890429573,,0.2628023499387766,0.016995830127002384,7.070852427700752,,,,,,,,,,,
119.78845521273486,,,0.15480720671839293,,0.2622371484557023,0.016967713691958722,7.073481746070194,,,,,,,,,,,
119.9484100406292,,,0.15469255950092378,,0.2616731625352615,0.01693964377031946,7.076112042159809,,,,,,,,,,,
120.108578457946,,,0.1545779971889623,,0.2611103895631781,0.01691162028513682,7.078743316333172,,,,,,,,,,,
120.26896074989365,,,0.15446351971962902,,0.2605488269307983,0.01688364315959031,7.081375568953984,,,,,,,,,,,
120.42955720206118,,,0.1543491270300912,,0.2599884720350797,0.016855712316986578,7.084008800386085,,,,,,,,,,,
120.59036810041893,,,0.15423481905756264,,0.25942932227857807,0.01682782768075913,7.086643010993444,,,,,,,,,,,
120.75139373131934,,,0.15412059573930353,,0.25887137506943453,0.016799989174468104,7.089278201140176,,,,,,,,,,,
120.91263438149726,,,0.1540064570126204,,0.2583146278213646,0.01677219672180009,7.091914371190523,,,,,,,,,,,
121.0740903380701,,,0.1538924028148665,,0.25775907795364683,0.01674445024656798,7.094551521508868,,,,,,,,,,,
121.2357618885389,,,0.15377843308344136,,0.25720472289110946,0.01671674967271065,7.097189652459725,,,,,,,,,,,
121.39764932078836,,,0.15366454775579086,,0.2566515600641199,0.016689094924292863,7.09982876440774,,,,,,,,,,,
121.55975292308791,,,0.15355074676940722,,0.25609958690857065,0.01666148592550494,7.1024688577177075,,,,,,,,,,,
121.72207298409191,,,0.15343703006182877,,0.2555488008658692,0.016633922600662626,7.105109932754547,,,,,,,,,,,
121.88460979283988,,,0.1533233975706404,,0.2549991993829262,0.01660640487420689,7.107751989883319,,,,,,,,,,,
122.04736363875732,,,0.15320984923347308,,0.2544507799121435,0.01657893267070373,7.110395029469211,,,,,,,,,,,
122.21033481165645,,,0.15309638498800401,,0.25390353991140097,0.016551505914843875,7.113039051877558,,,,,,,,,,,
122.37352360173648,,,0.1529830047719563,,0.25335747684404575,0.01652412453144265,7.115684057473826,,,,,,,,,,,
122.53693029958387,,,0.1528697085230996,,0.2528125881788813,0.016496788445439784,7.1183300466236155,,,,,,,,,,,
122.70055519617313,,,0.1527564961792494,,0.25226887139015497,0.0164694975818992,7.120977019692662,,,,,,,,,,,
122.86439858286751,,,0.1526433676782673,,0.2517263239575453,0.016442251866008728,7.1236249770468385,,,,,,,,,,,
123.02846075141937,,,0.1525303229580607,,0.25118494336615105,0.01641505122307998,7.12627391905216,,,,,,,,,,,
123.19274199397037,,,0.15241736195658337,,0.25064472710648084,0.01638789557854815,7.128923846074767,,,,,,,,,,,
123.35724260305241,,,0.15230448461183477,,0.2501056726744396,0.01636078485797178,7.1315747584809435,,,,,,,,,,,
123.52196287158787,,,0.1521916908618605,,0.2495677775713186,0.016333718987032567,7.134226656637104,,,,,,,,,,,
123.68690309289056,,,0.1520789806447517,,0.24903103930378173,0.016306697891535122,7.136879540909806,,,,,,,,,,,
123.85206356066591,,,0.15196635389864557,,0.24849545538385556,0.016279721497406793,7.139533411665742,,,,,,,,,,,
124.0174445690113,,,0.15185381056172512,,0.2479610233289181,0.016252789730697523,7.142188269271733,,,,,,,,,,,
124.18304641241684,,,0.15174135057221924,,0.24742774066168674,0.016225902517579573,7.144844114094746,,,,,,,,,,,
124.34886938576612,,,0.15162897386840235,,0.24689560491020593,0.016199059784347304,7.147500946501878,,,,,,,,,,,
124.51491378433647,,,0.15151668038859464,,0.2463646136078364,0.016172261457417018,7.150158766860371,,,,,,,,,,,
124.68117990379929,,,0.15140447007116203,,0.2458347642932446,0.016145507463326762,7.1528175755375925,,,,,,,,,,,
124.84766804022075,,,0.15129234285451626,,0.24530605451039061,0.016118797728736152,7.155477372901053,,,,,,,,,,,
125.01437849006267,,,0.1511802986771143,,0.24477848180851575,0.01609213218042606,7.158138159318397,,,,,,,,,,,
125.18131155018267,,,0.1510683374774589,,0.24425204374213208,0.0160655107452985,7.160799935157413,,,,,,,,,,,
125.34846751783458,,,0.1509564591940984,,0.2437267378710121,0.016038933350376438,7.163462700786016,,,,,,,,,,,
125.51584669066924,,,0.15084466376562655,,0.24320256176017574,0.016012399922803573,7.166126456572262,,,,,,,,,,,
125.68344936673482,,,0.15073295113068283,,0.24267951297988047,0.015985910389844128,7.168791202884345,,,,,,,,,,,
125.85127584447777,,,0.15062132122795177,,0.24215758910560833,0.015959464678882616,7.171456940090593,,,,,,,,,,,
126.01932642274302,,,0.15050977399616344,,0.24163678771805583,0.01593306271742369,7.17412366855948,,,,,,,,,,,
126.18760140077431,,,0.1503983093740934,,0.24111710640312325,0.015906704433091973,7.176791388659602,,,,,,,,,,,
126.35610107821496,,,0.15028692730056267,,0.24059854275190298,0.015880389753631808,7.179460100759705,,,,,,,,,,,
126.52482575510867,,,0.15017562771443724,,0.2400810943606673,0.015854118606907035,7.182129805228663,,,,,,,,,,,
126.69377573189978,,,0.15006441055462844,,0.2395647588308581,0.015827890920900832,7.184800502435499,,,,,,,,,,,
126.86295130943356,,,0.14995327576009304,,0.23904953376907656,0.015801706623715564,7.18747219274936,,,,,,,,,,,
127.03235278895703,,,0.14984222326983304,,0.23853541678707138,0.015775565643572523,7.1901448765395335,,,,,,,,,,,
127.20198047211981,,,0.14973125302289528,,0.23802240550172635,0.01574946790881169,7.192818554175454,,,,,,,,,,,
127.37183466097383,,,0.14962036495837214,,0.23751049753505202,0.01572341334789168,7.195493226026678,,,,,,,,,,,
127.54191565797488,,,0.1495095590154007,,0.23699969051417194,0.015697401889389378,7.198168892462916,,,,,,,,,,,
127.7122237659822,,,0.14939883513316346,,0.23648998207131375,0.015671433461999874,7.200845553854003,,,,,,,,,,,
127.88275928825946,,,0.14928819325088788,,0.23598136984379772,0.015645507994536234,7.203523210569912,,,,,,,,,,,
128.05352252847555,,,0.14917763330784636,,0.23547385147402444,0.015619625415929239,7.206201862980764,,,,,,,,,,,
128.22451379070483,,,0.14906715524335612,,0.2349674246094651,0.015593785655227253,7.20888151145681,,,,,,,,,,,
128.39573337942744,,,0.14895675899677965,,0.234462086902651,0.015567988641596035,7.21156215636844,,,,,,,,,,,
128.56718159953013,,,0.1488464445075242,,0.23395783601116224,0.01554223430431855,7.214243798086177,,,,,,,,,,,
128.73885875630697,,,0.1487362117150419,,0.23345466959761585,0.015516522572794695,7.216926436980693,,,,,,,,,,,
128.91076515545973,,,0.1486260605588295,,0.23295258532965585,0.015490853376541174,7.219610073422788,,,,,,,,,,,
129.08290110309812,,,0.14851599097842894,,0.23245158087994303,0.015465226645191312,7.222294707783405,,,,,,,,,,,
129.25526690574063,,,0.14840600291342676,,0.23195165392614367,0.015439642308494867,7.224980340433619,,,,,,,,,,,
129.42786287031535,,,0.14829609630345414,,0.23145280215091746,0.015414100296317745,7.227666971744653,,,,,,,,,,,
129.6006893041598,,,0.14818627108818716,,0.23095502324190934,0.01538860053864194,7.230354602087856,,,,,,,,,,,
129.77374651502237,,,0.1480765272073464,,0.2304583148917359,0.015363142965565223,7.233043231834725,,,,,,,,,,,
129.94703481106194,,,0.14796686460069716,,0.22996267479797744,0.01533772750730104,7.235732861356893,,,,,,,,,,,
130.12055450084898,,,0.1478572832080495,,0.2294681006631657,0.01531235409417831,7.238423491026122,,,,,,,,,,,
130.29430589336621,,,0.14774778296925772,,0.22897459019477312,0.015287022656641152,7.241115121214327,,,,,,,,,,,
130.4682892980089,,,0.14763836382422085,,0.22848214110520237,0.015261733125248768,7.243807752293552,,,,,,,,,,,
130.64250502458526,,,0.14752902571288254,,0.22799075111177675,0.01523648543067525,7.246501384635984,,,,,,,,,,,
130.81695338331716,,,0.1474197685752308,,0.22750041793672898,0.015211279503709409,7.24919601861394,,,,,,,,,,,
130.991634684841,,,0.14731059235129806,,0.22701113930718966,0.015186115275254495,7.251891654599883,,,,,,,,,,,
131.16654924020793,,,0.14720149698116106,,0.22652291295517762,0.015160992676328072,7.254588292966418,,,,,,,,,,,
131.3416973608842,,,0.14709248240494116,,0.22603573661759005,0.015135911638061848,7.257285934086277,,,,,,,,,,,
131.51707935875206,,,0.14698354856280402,,0.22554960803619148,0.015110872091701484,7.2599845783323405,,,,,,,,,,,
131.69269554611043,,,0.14687469539495943,,0.22506452495760193,0.015085873968606313,7.262684226077622,,,,,,,,,,,
131.86854623567487,,,0.14676592284166162,,0.22458048513328915,0.015060917200249286,7.265384877695277,,,,,,,,,,,
132.044631740579,,,0.14665723084320897,,0.22409748631955537,0.015036001718216657,7.2680865335586,,,,,,,,,,,
132.22095237437415,,,0.14654861933994415,,0.22361552627752937,0.015011127454207922,7.27078919404102,,,,,,,,,,,
132.39750845103035,,,0.1463988358500526,,0.2232570404562085,0.014981724391898453,7.270920177752597,,,,,,,,,,,
132.57430028493715,,,0.14621578356978593,,0.22299834275169833,0.014948679992545007,7.268964794952529,,,,,,,,,,,
132.75132819090393,,,0.14603296017205847,,0.22273994481154105,0.014915708477480428,7.267009938017384,,,,,,,,,,,
132.9285924841601,,,0.14585036537068322,,0.22248184628838688,0.014882809685947705,7.265055606805741,,,,,,,,,,,
133.10609348035612,,,0.14566799887983098,,0.22222404683528837,0.01484998345754441,7.263101801176219,,,,,,,,,,,
133.28383149556404,,,0.14548586041402958,,0.22196654610569985,0.014817229632221837,7.261148520987472,,,,,,,,,,,
133.46180684627817,,,0.14530394968816396,,0.22170934375347695,0.014784548050284316,7.25919576609819,,,,,,,,,,,
133.64001984941495,,,0.14512226641747566,,0.22145243943287712,0.014751938552388445,7.257243536367103,,,,,,,,,,,
133.8184708223143,,,0.1449408103175623,,0.221195832798558,0.014719400979542253,7.255291831652978,,,,,,,,,,,
133.99716008273973,,,0.14475958110437714,,0.22093952350557766,0.014686935173104477,7.253340651814629,,,,,,,,,,,
134.17608794887926,,,0.14457857849422837,,0.2206835112093935,0.014654540974783716,7.251389996710891,,,,,,,,,,,
134.3552547393458,,,0.14439780220377885,,0.22042779556586214,0.01462221822663769,7.249439866200649,,,,,,,,,,,
134.53466077317756,,,0.14421725195004598,,0.22017237623123936,0.014589966771072544,7.247490260142823,,,,,,,,,,,
134.7143063698386,,,0.14403692745040114,,0.21991725286217925,0.014557786450842014,7.245541178396373,,,,,,,,,,,
134.89419184921994,,,0.14385682842256867,,0.21966242511573333,0.014525677109046623,7.243592620820295,,,,,,,,,,,
135.0743175316397,,,0.1436769545846259,,0.2194078926493506,0.014493638589132966,7.241644587273618,,,,,,,,,,,
135.2546837378435,,,0.14349730565500293,,0.2191536551208773,0.01446167073489296,7.239697077615418,,,,,,,,,,,
135.43529078900522,,,0.14331788135248202,,0.2188997121885561,0.014429773390463085,7.237750091704804,,,,,,,,,,,
135.61613900672788,,,0.14313868139619662,,0.21864606351102545,0.01439794640032355,7.235803629400924,,,,,,,,,,,
135.79722871304395,,,0.1429597055056315,,0.21839270874731923,0.014366189609297584,7.233857690562962,,,,,,,,,,,
135.97856023041567,,,0.14278095340062244,,0.21813964755686677,0.014334502862550728,7.23191227505014,,,,,,,,,,,
136.16013388173596,,,0.14260242480135524,,0.21788687959949188,0.01430288600559001,7.229967382721722,,,,,,,,,,,
136.34194999032874,,,0.14242411942836594,,0.21763440453541286,0.014271338884263242,7.228023013437009,,,,,,,,,,,
136.52400887995006,,,0.14224603700253954,,0.21738222202524113,0.014239861344758178,7.2260791670553335,,,,,,,,,,,
136.70631087478813,,,0.1420681772451102,,0.21713033172998153,0.01420845323360185,7.224135843436069,,,,,,,,,,,
136.8888562994639,,,0.14189053987766076,,0.21687873331103197,0.014177114397659833,7.222193042438631,,,,,,,,,,,
137.0716454790317,,,0.14171312462212224,,0.21662742643018293,0.014145844684135468,7.220250763922471,,,,,,,,,,,
137.2546787389803,,,0.14153593120077312,,0.21637641074961614,0.01411464394056905,7.218309007747077,,,,,,,,,,,
137.43795640523297,,,0.14135895933623915,,0.21612568593190487,0.014083512014837162,7.21636777377197,,,,,,,,,,,
137.62147880414798,,,0.1411822087514931,,0.21587525164001392,0.014052448755151962,7.214427061856718,,,,,,,,,,,
137.80524626251938,,,0.14100567916985407,,0.2156251075372984,0.014021454010060391,7.212486871860921,,,,,,,,,,,
137.98925910757788,,,0.14082937031498705,,0.21537525328750334,0.013990527628443408,7.2105472036442215,,,,,,,,,,,
138.1735176669911,,,0.1406532819109023,,0.21512568855476308,0.013959669459515269,7.208608057066289,,,,,,,,,,,
138.358022268864,,,0.14047741368195565,,0.21487641300360188,0.013928879352822872,7.206669431986844,,,,,,,,,,,
138.54277324173975,,,0.14030176535284733,,0.2146274262989324,0.013898157158244932,7.204731328265637,,,,,,,,,,,
138.72777091460003,,,0.14012633664862192,,0.21437872810605563,0.013867502725991304,7.202793745762461,,,,,,,,,,,
138.91301561686623,,,0.1399511272946677,,0.21413031809066024,0.013836915906602177,7.200856684337141,,,,,,,,,,,
139.0985076783995,,,0.13977613701671598,,0.21388219591882215,0.013806396550947413,7.1989201438495405,,,,,,,,,,,
139.28424742950122,,,0.13960136554084168,,0.21363436125700466,0.013775944510225813,7.196984124159566,,,,,,,,,,,
139.47023520091383,,,0.1394268125934619,,0.21338681377205743,0.013745559635964412,7.19504862512716,,,,,,,,,,,
139.65647132382173,,,0.13925247790133577,,0.2131395531312159,0.013715241780017666,7.193113646612297,,,,,,,,,,,
139.84295612985147,,,0.13907836119156386,,0.21289257900210112,0.013684990794566795,7.191179188474993,,,,,,,,,,,
140.02968995107219,,,0.13890446219158847,,0.21264589105271955,0.013654806532119094,7.189245250575304,,,,,,,,,,,
140.21667311999647,,,0.13873078062919253,,0.21239948895146238,0.013624688845507178,7.1873118327733225,,,,,,,,,,,
140.40390596958113,,,0.1385573162324991,,0.2121533723671047,0.013594637587888207,7.185378934929178,,,,,,,,,,,
140.59138883322763,,,0.13838406872997125,,0.2119075409688054,0.013564652612743236,7.183446556903032,,,,,,,,,,,
140.7791220447823,,,0.13821103785041172,,0.21166199442610711,0.013534733773876534,7.181514698555092,,,,,,,,,,,
140.9671059385375,,,0.1380382233229624,,0.21141673240893513,0.013504880925414797,7.179583359745602,,,,,,,,,,,
141.15534084923164,,,0.13786562487710377,,0.21117175458759757,0.013475093921806498,7.177652540334839,,,,,,,,,,,
141.3438271120506,,,0.13769324224265447,,0.210927060632784,0.01344537261782108,7.175722240183122,,,,,,,,,,,
141.53256506262773,,,0.13752107514977088,,0.21068265021556568,0.013415716868548337,7.1737924591508015,,,,,,,,,,,
141.72155503704428,,,0.137349123328947,,0.21043852300739535,0.013386126529397718,7.171863197098274,,,,,,,,,,,
141.91079737183028,,,0.13717738651101397,,0.2101946786801066,0.013356601456097586,7.16993445388597,,,,,,,,,,,
142.10029240396545,,,0.13700586442713902,,0.20995111690591262,0.013327141504694483,7.168006229374353,,,,,,,,,,,
142.29004047087943,,,0.13683455680882572,,0.20970783735740672,0.013297746531552442,7.166078523423928,,,,,,,,,,,
142.48004191045217,,,0.13666346338791346,,0.2094648397075617,0.013268416393352368,7.164151335895239,,,,,,,,,,,
142.6702970610148,,,0.13649258389657706,,0.20922212362972958,0.013239150947091265,7.162224666648867,,,,,,,,,,,
142.86080626135052,,,0.13632191806732585,,0.20897968879764023,0.013209950050081519,7.1602985155454295,,,,,,,,,,,
143.05156985069488,,,0.13615146563300373,,0.2087375348854018,0.013180813559950228,7.158372882445577,,,,,,,,,,,
143.24258816873615,,,0.1359812263267888,,0.20849566156750024,0.013151741334638565,7.156447767210004,,,,,,,,,,,
143.43386155561635,,,0.13581119988219265,,0.20825406851879874,0.013122733232400994,7.154523169699442,,,,,,,,,,,
143.62539035193151,,,0.13564138603306033,,0.20801275541453723,0.013093789111804656,7.152599089774657,,,,,,,,,,,
143.8171748987328,,,0.1354717845135693,,0.20777172193033164,0.013064908831728603,7.150675527296454,,,,,,,,,,,
144.00921553752673,,,0.1353023950582295,,0.20753096774217383,0.013036092251363143,7.148752482125673,,,,,,,,,,,
144.2015126102756,,,0.135133217401883,,0.20729049252643142,0.013007339230209207,7.146829954123195,,,,,,,,,,,
144.39406645939837,,,0.1349642512797034,,0.207050295959847,0.012978649628077618,7.14490794314994,,,,,,,,,,,
144.58687742777138,,,0.1347954964271953,,0.20681037771953742,0.012950023305088352,7.142986449066859,,,,,,,,,,,
144.77994585872898,,,0.13462695258019391,,0.20657073748299373,0.012921460121669929,7.141065471734941,,,,,,,,,,,
144.97327209606357,,,0.134458619474865,,0.20633137492808093,0.012892959938558745,7.139145011015219,,,,,,,,,,,
145.16685648402668,,,0.13429049684770425,,0.2060922897330373,0.012864522616798369,7.13722506676876,,,,,,,,,,,
145.3606993673298,,,0.13412258443553665,,0.2058534815764737,0.012836148017738818,7.135305638856669,,,,,,,,,,,
145.55480109114472,,,0.13395488197551603,,0.20561495013737335,0.012807836003035906,7.1333867271400795,,,,,,,,,,,
145.74916200110385,,,0.1337873892051254,,0.20537669509509174,0.012779586434650646,7.131468331480177,,,,,,,,,,,
145.94378244330127,,,0.1336201058621757,,0.20513871612935583,0.012751399174848488,7.129550451738177,,,,,,,,,,,
146.13866276429306,,,0.13345303168480588,,0.20490101292026375,0.012723274086198695,7.1276330877753304,,,,,,,,,,,
146.3338033110983,,,0.1332861664114821,,0.2046635851482841,0.012695211031573625,7.125716239452929,,,,,,,,,,,
146.52920443119956,,,0.13311950978099743,,0.20442643249425563,0.012667209874148067,7.123799906632298,,,,,,,,,,,
146.72486647254303,,,0.13295306153247197,,0.20418955463938726,0.012639270477398658,7.121884089174808,,,,,,,,,,,
146.92078978353953,,,0.1327868214053518,,0.2039529512652575,0.01261139270510315,7.119968786941857,,,,,,,,,,,
147.11697471306542,,,0.13262078913940875,,0.2037166220538132,0.01258357642133972,7.118053999794885,,,,,,,,,,,
147.3134216104629,,,0.1324549644747398,,0.2034805666873699,0.012555821490486339,7.116139727595369,,,,,,,,,,,
147.51013082554041,,,0.13228934715176743,,0.20324478484861158,0.012528127777220137,7.114225970204823,,,,,,,,,,,
147.70710270857344,,,0.13212393691123847,,0.20300927622059,0.012500495146516737,7.112312727484803,,,,,,,,,,,
147.90433761030553,,,0.13195873349422368,,0.20277404048672365,0.01247292346364953,7.1103999992968925,,,,,,,,,,,
148.10183588194852,,,0.13179373664211771,,0.20253907733079798,0.012445412594189072,7.108487785502717,,,,,,,,,,,
148.299597875183,,,0.13162894609663867,,0.20230438643696513,0.012417962404002458,7.106576085963941,,,,,,,,,,,
148.4976239421593,,,0.1314643615998276,,0.2020699674897432,0.01239057275925261,7.104664900542267,,,,,,,,,,,
148.69591443549774,,,0.13129998289404815,,0.20183582017401588,0.01236324352639768,7.102754229099431,,,,,,,,,,,
148.89446970828993,,,0.13113580972198585,,0.20160194417503172,0.012335974572190305,7.100844071497207,,,,,,,,,,,
149.09329011409892,,,0.13097184182664803,,0.20136833917840383,0.01230876576367704,7.098934427597405,,,,,,,,,,,
149.2923760069595,,,0.13080807895136348,,0.20113500487011024,0.012281616968197715,7.097025297261879,,,,,,,,,,,
149.49172774137932,,,0.1306445208397821,,0.2009019409364926,0.012254528053384775,7.095116680352511,,,,,,,,,,,
149.69134567233965,,,0.13048116723587388,,0.20066914706425587,0.012227498887162559,7.093208576731226,,,,,,,,,,,
149.89123015529574,,,0.13031801788392916,,0.20043662294046785,0.01220052933774674,7.091300986259982,,,,,,,,,,,
150.09138154617727,,,0.130155072528558,,0.20020436825255944,0.01217361927364369,7.089393908800779,,,,,,,,,,,
150.29180020138912,,,0.12999233091469006,,0.1999723826883236,0.012146768563649811,7.0874873442156545,,,,,,,,,,,
150.49248647781258,,,0.1298297927875734,,0.19974066593591466,0.012119977076850837,7.0855812923666734,,,,,,,,,,,
150.69344073280485,,,0.12966745789277506,,0.1995092176838489,0.012093244682621336,7.0836757531159495,,,,,,,,,,,
150.8946633242009,,,0.12950532597617986,,0.1992780376210029,0.012066571250623891,7.081770726325626,,,,,,,,,,,
151.09615461031316,,,0.12934339678399068,,0.19904712543661426,0.012039956650808644,7.0798662118578894,,,,,,,,,,,
151.29791494993242,,,0.1291816700627277,,0.19881648082028058,0.012013400753412572,7.077962209574958,,,,,,,,,,,
151.49994470232892,,,0.12899966581529915,,0.1985851698978327,0.011988471843959717,7.074688677581069,,,,,,,,,,,
151.70224422725263,,,0.1287970185543243,,0.19835317501316133,0.01196519462172768,7.070017265585396,,,,,,,,,,,
151.9048138849336,,,0.12859468963458018,,0.19812145115389698,0.011941962595337264,7.065348938119804,,,,,,,,,,,
152.1076540360828,,,0.12839267855598055,,0.19788999800341758,0.011918775677034725,7.060683693147581,,,,,,,,,,,
152.31076504189338,,,0.12819098481922445,,0.19765881524547044,0.011895633779236645,7.056021528633358,,,,,,,,,,,
152.5141472640406,,,0.1279896079257953,,0.19742790256417228,0.011872536814529693,7.051362442543106,,,,,,,,,,,
152.71780106468245,,,0.12778854737795992,,0.19719725964400936,0.01184948469567026,7.046706432844148,,,,,,,,,,,
152.9217268064605,,,0.12758780267876696,,0.19696688616983637,0.011826477335584156,7.042053497505148,,,,,,,,,,,
153.125924852501,,,0.1273873733320455,,0.19673678182687582,0.011803514647366198,7.0374036344961,,,,,,,,,,,
153.33039556641447,,,0.12718725884240437,,0.1965069463007185,0.011780596544280006,7.032756841788356,,,,,,,,,,,
153.53513931229764,,,0.12698745871523032,,0.19627737927732186,0.011757722939757562,7.028113117354588,,,,,,,,,,,
153.74015645473293,,,0.12678797245668724,,0.19604808044301072,0.011734893747398951,7.023472459168823,,,,,,,,,,,
153.94544735878952,,,0.12658879957371502,,0.19581904948447645,0.01171210888097204,7.018834865206424,,,,,,,,,,,
154.15101239002445,,,0.12638993957402778,,0.19559028608877607,0.011689368254412077,7.01420033344408,,,,,,,,,,,
154.35685191448292,,,0.12619139196611281,,0.19536178994333198,0.011666671781821437,7.009568861859821,,,,,,,,,,,
154.5629662986985,,,0.12599315625923005,,0.19513356073593238,0.011644019377469285,7.0049404484330156,,,,,,,,,,,
154.76935590969433,,,0.1257952319634102,,0.19490559815473002,0.01162141095579126,7.000315091144369,,,,,,,,,,,
154.9760211149838,,,0.1255976185894534,,0.19467790188824172,0.011598846431389094,6.99569278797591,,,,,,,,,,,
155.18296228257122,,,0.12540031564892828,,0.19445047162534815,0.011576325719030344,6.9910735369110055,,,,,,,,,,,
155.39017978095183,,,0.12520332265417106,,0.19422330705529378,0.011553848733648083,6.986457335934354,,,,,,,,,,,
155.59767397911315,,,0.12500663911828386,,0.19399640786768588,0.011531415390340525,6.981844183031986,,,,,,,,,,,
155.80544524653527,,,0.12481026455513389,,0.1937697737524947,0.011509025604370766,6.977234076191262,,,,,,,,,,,
156.01349395319195,,,0.12461419847935166,,0.1935434044000521,0.01148667929116638,6.972627013400868,,,,,,,,,,,
156.22182046955095,,,0.12441844040633018,,0.1933172995010518,0.011464376366319178,6.968022992650815,,,,,,,,,,,
156.43042516657445,,,0.12422298985222405,,0.19309145874654934,0.01144211674558486,6.963422011932448,,,,,,,,,,,
156.63930841571994,,,0.12402784633394794,,0.19286588182796097,0.011419900344882718,6.958824069238443,,,,,,,,,,,
156.8484705889413,,,0.12383300936917509,,0.19264056843706318,0.011397727080295253,6.95422916256279,,,,,,,,,,,
157.057912058689,,,0.12363847847633645,,0.19241551826599262,0.011375596868067921,6.949637289900803,,,,,,,,,,,
157.2676331979106,,,0.12344425317461977,,0.19219073100724582,0.011353509624608822,6.94504844924913,,,,,,,,,,,
157.47763438005163,,,0.1232503329839681,,0.1919662063536786,0.011331465266488344,6.940462638605741,,,,,,,,,,,
157.68791597905658,,,0.12305671742507836,,0.1917419439985052,0.011309463710438861,6.935879855969916,,,,,,,,,,,
157.89847836936934,,,0.12286340601940035,,0.1915179436352984,0.011287504873354405,6.931300099342265,,,,,,,,,,,
158.10932192593341,,,0.12267039828913598,,0.19129420495798913,0.011265588672290407,6.926723366724719,,,,,,,,,,,
158.32044702419316,,,0.12247769375723758,,0.19107072766086586,0.011243715024463323,6.922149656120525,,,,,,,,,,,
158.5318540400941,,,0.12228529194740702,,0.19084751143857429,0.011221883847250369,6.917578965534255,,,,,,,,,,,
158.7435433500841,,,0.12209319238409409,,0.19062455598611652,0.011200095058189143,6.913011292971788,,,,,,,,,,,
158.9555153311137,,,0.12190139459249563,,0.1904018609988509,0.011178348574977369,6.908446636440322,,,,,,,,,,,
159.16777036063644,,,0.12170989809855469,,0.19017942617249217,0.0111566443154726,6.903884993948377,,,,,,,,,,,
159.3803088166099,,,0.12151870242895896,,0.18995725120311038,0.011134982197691856,6.89932636350579,,,,,,,,,,,
159.59313107749665,,,0.12132780711113939,,0.18973533578713042,0.011113362139811341,6.894770743123702,,,,,,,,,,,
159.80623752226467,,,0.12113721167326935,,0.1895136796213318,0.01109178406016611,6.89021813081457,,,,,,,,,,,
160.0196285303876,,,0.12094691564426362,,0.1892922824028486,0.011070247877249825,6.885668524592167,,,,,,,,,,,
160.23330448184583,,,0.120756918553777,,0.18907114382916865,0.011048753509714378,6.88112192247158,,,,,,,,,,,
160.44726575712747,,,0.12056721993220303,,0.1888502635981329,0.011027300876369614,6.876578322469201,,,,,,,,,,,
160.6615127372287,,,0.12037781931067276,,0.18862964140793537,0.011005889896182995,6.872037722602727,,,,,,,,,,,
160.87604580365405,,,0.1201887162210542,,0.18840927695712287,0.010984520488279357,6.867500120891176,,,,,,,,,,,
161.09086533841776,,,0.11999991019595063,,0.18818916994459434,0.010963192571940556,6.862965515354869,,,,,,,,,,,
161.30597172404396,,,0.11981140076869955,,0.1879693200696005,0.010941906066605167,6.858433904015435,,,,,,,,,,,
161.52136534356785,,,0.11962318747337147,,0.18774972703174317,0.010920660891868184,6.853905284895806,,,,,,,,,,,
161.73704658053617,,,0.11943526984476871,,0.18753039053097517,0.0108994569674807,6.849379656020217,,,,,,,,,,,
161.95301581900748,,,0.11924764741842468,,0.18731131026760006,0.010878294213349663,6.844857015414216,,,,,,,,,,,
162.16927344355312,,,0.11906031973060247,,0.1870924859422715,0.010857172549537511,6.840337361104652,,,,,,,,,,,
162.38581983925832,,,0.11887328631829329,,0.18687391725599267,0.010836091896261894,6.835820691119675,,,,,,,,,,,
162.60265539172255,,,0.11868654671921579,,0.18665560391011596,0.010815052173895341,6.8313070034887335,,,,,,,,,,,
162.81978048705977,,,0.11850010047181503,,0.18643754560634293,0.010794053302965036,6.826796296242584,,,,,,,,,,,
163.0371955118996,,,0.11831394711526122,,0.18621974204672379,0.010773095204152464,6.822288567413285,,,,,,,,,,,
163.2549008533882,,,0.11812808618944812,,0.18600219293365627,0.010752177798293086,6.817783815034184,,,,,,,,,,,
163.47289689918873,,,0.11794251723499231,,0.18578489796988593,0.010731301006376074,6.81328203713993,,,,,,,,,,,
163.69118403748163,,,0.11775723979323233,,0.18556785685850596,0.010710464749544039,6.80878323176648,,,,,,,,,,,
163.90976265696594,,,0.11757225340622708,,0.1853510693029561,0.010689668949092694,6.804287396951077,,,,,,,,,,,
164.1286331468594,,,0.11738755761675497,,0.1851345350070228,0.010668913526470565,6.799794530732267,,,,,,,,,,,
164.3477958969,,,0.11720315196831241,,0.18491825367483816,0.010648198403278693,6.795304631149887,,,,,,,,,,,
164.56725129734605,,,0.1170190360051129,,0.18470222501088004,0.01062752350127032,6.790817696245063,,,,,,,,,,,
164.7869997389766,,,0.11683520927208627,,0.18448644871997172,0.010606888742350652,6.786333724060225,,,,,,,,,,,
165.0070416130926,,,0.11665167131487719,,0.1842709245072815,0.010586294048576528,6.781852712639093,,,,,,,,,,,
165.2273773115178,,,0.11646842167984384,,0.18405565207832159,0.01056573934215609,6.777374660026676,,,,,,,,,,,
165.4480072265992,,,0.11628545991405695,,0.1838406311389483,0.010545224545448522,6.772899564269269,,,,,,,,,,,
165.6689317512073,,,0.11610278556529914,,0.18362586139536202,0.010524749580963798,6.768427423414469,,,,,,,,,,,
165.89015127873725,,,0.11592039818206339,,0.18341134255410624,0.010504314371362337,6.763958235511155,,,,,,,,,,,
166.1116662031098,,,0.1157382973135516,,0.18319707432206697,0.010483918839454704,6.759491998609496,,,,,,,,,,,
166.3334769187718,,,0.11555648250967404,,0.18298305640647258,0.010463562908201326,6.755028710760941,,,,,,,,,,,
166.55558382069634,,,0.11537495332104805,,0.18276928851489402,0.010443246500712253,6.750568370018236,,,,,,,,,,,
166.7779873043842,,,0.11519370929899696,,0.18255577035524342,0.010422969540246805,6.746110974435411,,,,,,,,,,,
167.00068776586406,,,0.11501274999554899,,0.1823425016357745,0.010402731950213327,6.741656522067783,,,,,,,,,,,
167.22368560169377,,,0.11483207496343581,,0.1821294820650814,0.010382533654168838,6.737205010971943,,,,,,,,,,,
167.4469812089607,,,0.11465168375609178,,0.18191671135209875,0.010362374575818789,6.732756439205769,,,,,,,,,,,
167.67057498528212,,,0.11447157592765297,,0.1817041892061014,0.01034225463901679,6.7283108048284275,,,,,,,,,,,
167.89446732880626,,,0.11429175103295587,,0.18149191533670403,0.010322173767764306,6.723868105900365,,,,,,,,,,,
168.1186586382133,,,0.11411220862753606,,0.18127988945386014,0.010302131886210328,6.719428340483303,,,,,,,,,,,
168.3431493127158,,,0.11393294826762729,,0.18106811126786201,0.010282128918651125,6.714991506640244,,,,,,,,,,,
168.56793975205912,,,0.11375396951016073,,0.1808565804893408,0.010262164789529985,6.710557602435475,,,,,,,,,,,
168.79303035652228,,,0.11357527191276355,,0.1806452968292657,0.010242239423436899,6.706126625934562,,,,,,,,,,,
169.01842152691924,,,0.1133968550337576,,0.18043425999894314,0.010222352745108245,6.701698575204339,,,,,,,,,,,
169.2441136645991,,,0.11321871843215851,,0.18022346971001696,0.010202504679426535,6.697273448312919,,,,,,,,,,,
169.47010717144659,,,0.11304086166767503,,0.18001292567446808,0.010182695151420168,6.692851243329695,,,,,,,,,,,
169.69640244988327,,,0.11286328430070734,,0.1798026276046137,0.010162924086263085,6.688431958325337,,,,,,,,,,,
169.9229999028678,,,0.11268598589234641,,0.1795925752131075,0.010143191409274539,6.684015591371785,,,,,,,,,,,
170.14989993389736,,,0.11250896600437234,,0.17938276821293822,0.010123497045918745,6.679602140542251,,,,,,,,,,,
170.37710294700784,,,0.11233222419925368,,0.17917320631743006,0.010103840921804642,6.675191603911214,,,,,,,,,,,
170.6046093467744,,,0.11215576004014659,,0.17896388924024248,0.010084222962685645,6.670783979554438,,,,,,,,,,,
170.8324195383123,,,0.11197957309089347,,0.17875481669536936,0.01006464309445932,6.66637926554895,,,,,,,,,,,
171.06053392727821,,,0.11180366291602158,,0.17854598839713842,0.01004510124316709,6.661977459973045,,,,,,,,,,,
171.28895291987044,,,0.11162802908074229,,0.17833740406021115,0.010025597334993974,6.657578560906287,,,,,,,,,,,
171.51767692282934,,,0.11145267115095026,,0.17812906339958262,0.010006131296268345,6.6531825664295114,,,,,,,,,,,
171.74670634343838,,,0.11127758869322212,,0.17792096613058092,0.009986703053461617,6.648789474624825,,,,,,,,,,,
171.9760415895253,,,0.11110278127481502,,0.17771311196886636,0.009967312533187942,6.6443992835755905,,,,,,,,,,,
172.2056830694623,,,0.11092824846366599,,0.1775055006304315,0.009947959662203966,6.640011991366438,,,,,,,,,,,
172.43563119216668,,,0.11075398982839103,,0.1772981318316008,0.009928644367408554,6.6356275960832685,,,,,,,,,,,
172.6658863671018,,,0.11058000493828367,,0.17709100528903027,0.009909366575842527,6.6312460958132435,,,,,,,,,,,
172.89644900427766,,,0.1104062933633142,,0.1768841207197068,0.009890126214688348,6.626867488644793,,,,,,,,,,,
173.12731951425215,,,0.11023285467412815,,0.17667747784094778,0.009870923211269854,6.622491772667599,,,,,,,,,,,
173.35849830813132,,,0.11005968844204554,,0.17647107637040077,0.009851757493051982,6.618118945972608,,,,,,,,,,,
173.58998579756988,,,0.10988679423906009,,0.1762649160260435,0.009832628987640556,6.613749006652031,,,,,,,,,,,
173.82178239477216,,,0.10971417163783787,,0.17605899652618315,0.009813537622781933,6.609381952799341,,,,,,,,,,,
174.0538885124933,,,0.10954182021171593,,0.17585331758945572,0.009794483326362749,6.605017782509261,,,,,,,,,,,
174.28630456403963,,,0.10936973953470172,,0.17564787893482592,0.00977546602640965,6.600656493877773,,,,,,,,,,,
174.51903096326893,,,0.10919792918147204,,0.175442680281587,0.009756485651089079,6.596298085002125,,,,,,,,,,,
174.75206812459172,,,0.10902638872737179,,0.1752377213493602,0.009737542128706917,6.59194255398082,,,,,,,,,,,
174.9854164629723,,,0.1088551177484127,,0.17503300185809384,0.009718635387708225,6.587589898913604,,,,,,,,,,,
175.21907639392845,,,0.108684115821273,,0.1748285215280641,0.009699765356677065,6.583240117901494,,,,,,,,,,,
175.4530483335335,,,0.1085133825232954,,0.17462428007987318,0.009680931964336092,6.578893209046747,,,,,,,,,,,
175.68733269841582,,,0.10834291743248699,,0.17442027723445025,0.009662135139546389,6.574549170452881,,,,,,,,,,,
175.92192990576007,,,0.10817272012751769,,0.17421651271305047,0.00964337481130719,6.570208000224672,,,,,,,,,,,
176.15684037330837,,,0.10800279018771916,,0.1740129862372543,0.009624650908755538,6.565869696468134,,,,,,,,,,,
176.3920645193607,,,0.10783312719308381,,0.17380969752896758,0.00960596336116608,6.561534257290535,,,,,,,,,,,
176.62760276277518,,,0.10766373072426413,,0.17360664631042116,0.009587312097950789,6.557201680800398,,,,,,,,,,,
176.86345552296928,,,0.10749460036257136,,0.17340383230417053,0.009568697048658729,6.552871965107498,,,,,,,,,,,
177.0996232199208,,,0.1073257356899742,,0.17320125523309493,0.009550118142975702,6.548545108322847,,,,,,,,,,,
177.33610627416846,,,0.10715713628909802,,0.1729989148203974,0.009531575310724044,6.544221108558706,,,,,,,,,,,
177.57290510681207,,,0.10698880174322419,,0.17279681078960452,0.009513068481862364,6.539899963928593,,,,,,,,,,,
177.8100201395138,,,0.10682073163628863,,0.1725949428645661,0.00949459758648529,6.535581672547266,,,,,,,,,,,
178.04745179449938,,,0.1066529255528805,,0.17239331076945377,0.009476162554823123,6.531266232530721,,,,,,,,,,,
178.2852004945576,,,0.10648538307824204,,0.17219191422876232,0.009457763317241684,6.52695364199621,,,,,,,,,,,
178.52326666304265,,,0.10631810379826653,,0.17199075296730762,0.009439399804241943,6.522643899062215,,,,,,,,,,,
178.7616507238733,,,0.10615108729949818,,0.17178982671022747,0.009421071946459879,6.518337001848472,,,,,,,,,,,
179.00035310153453,,,0.10598433316913068,,0.17158913518298086,0.00940277967466611,6.514032948475954,,,,,,,,,,,
179.2393742210784,,,0.10581784099500595,,0.1713886781113471,0.009384522919765673,6.5097317370668755,,,,,,,,,,,
179.47871450812465,,,0.10565161036561335,,0.17118845522142598,0.009366301612797744,6.505433365744684,,,,,,,,,,,
179.71837438886092,,,0.105485640870089,,0.17098846623963743,0.009348115684935451,6.501137832634078,,,,,,,,,,,
179.95835429004393,,,0.10531993209821444,,0.17078871089272118,0.009329965067485525,6.496845135860989,,,,,,,,,,,
180.1986546390007,,,0.10515448364041531,,0.17058918890773564,0.009311849691888066,6.492555273552583,,,,,,,,,,,
180.43927586362878,,,0.10498929508776073,,0.17038990001205828,0.009293769489716282,6.488268243837261,,,,,,,,,,,
180.68021839239677,,,0.10482436603196241,,0.17019084393338532,0.009275724392676292,6.483984044844667,,,,,,,,,,,
180.92148265434557,,,0.10465969606537337,,0.1699920203997309,0.009257714332606762,6.4797026747056785,,,,,,,,,,,
181.16306907908884,,,0.1044952847809871,,0.16979342913942708,0.009239739241478757,6.475424131552408,,,,,,,,,,,
181.40497809681423,,,0.10433113177243622,,0.16959506988112294,0.009221799051395379,6.471148413518195,,,,,,,,,,,
181.64721013828384,,,0.10416723663399176,,0.1693969423537847,0.00920389369459157,6.466875518737613,,,,,,,,,,,
181.88976563483465,,,0.10400359896056226,,0.16919904628669535,0.009186023103433855,6.462605445346471,,,,,,,,,,,
182.1326450183795,,,0.10384021834769273,,0.16900138140945425,0.009168187210420111,6.458338191481811,,,,,,,,,,,
182.37584872140846,,,0.10367709439156322,,0.16880394745197627,0.009150385948179228,6.4540737552819,,,,,,,,,,,
182.61937717698902,,,0.1035142266889882,,0.16860674414449192,0.00913261924947092,6.449812134886233,,,,,,,,,,,
182.8632308187666,,,0.10335161483741578,,0.16840977121754702,0.00911488704718546,6.445553328435539,,,,,,,,,,,
183.1074100809657,,,0.1031892584349263,,0.16821302840200233,0.009097189274343458,6.441297334071773,,,,,,,,,,,
183.35191539839104,,,0.10302715708023141,,0.16801651542903268,0.00907952586409552,6.437044149938116,,,,,,,,,,,
183.59674720642784,,,0.10286531037267306,,0.16782023203012678,0.009061896749722069,6.432793774178971,,,,,,,,,,,
183.84190594104237,,,0.10270371791222284,,0.1676241779370876,0.00904430186463307,6.428546204939971,,,,,,,,,,,
184.08739203878332,,,0.10254237929948065,,0.1674283528820311,0.009026741142367806,6.424301440367976,,,,,,,,,,,
184.33320593678198,,,0.10238129413567394,,0.16723275659738635,0.009009214516594588,6.420059478611068,,,,,,,,,,,
184.5793480727538,,,0.10222046202265635,,0.1670373888158948,0.0089917219211105,6.4158203178185484,,,,,,,,,,,
184.82581888499874,,,0.10205988256290693,,0.1668422492706101,0.008974263289841166,6.411583956140937,,,,,,,,,,,
185.07261881240157,,,0.10189955535952952,,0.16664733769489792,0.008956838556840546,6.4073503917299846,,,,,,,,,,,
185.3197482944332,,,0.10173948001625138,,0.16645265382243563,0.008939447656290615,6.403119622738661,,,,,,,,,,,
185.56720777115166,,,0.1015796561374221,,0.16625819738721132,0.008922090522501133,6.398891647321148,,,,,,,,,,,
185.81499768320265,,,0.10142008332801274,,0.16606396812352375,0.0089047670899094,6.394666463632849,,,,,,,,,,,
186.0631184718199,,,0.1012607611936152,,0.16586996576598262,0.008887477293080058,6.390444069830392,,,,,,,,,,,
186.3115705788263,,,0.10110168934044095,,0.16567619004950743,0.008870221066704773,6.386224464071617,,,,,,,,,,,
186.56035444663502,,,0.10094286737531982,,0.16548264070932722,0.008852998345602008,6.382007644515581,,,,,,,,,,,
186.80947051825015,,,0.10078429490569928,,0.16528931748098027,0.008835809064716774,6.37779360932255,,,,,,,,,,,
187.0589192372668,,,0.10062597153964371,,0.16509622010031413,0.00881865315912044,6.373582356654016,,,,,,,,,,,
187.3087010478727,,,0.10046789688583306,,0.16490334830348477,0.008801530564010403,6.369373884672678,,,,,,,,,,,
187.55881639484846,,,0.10031007055356216,,0.16471070182695666,0.008784441214709919,6.365168191542456,,,,,,,,,,,
187.809265723569,,,0.1001524921527393,,0.1645182804075016,0.008767385046667785,6.360965275428474,,,,,,,,,,,
188.06004948000404,,,0.09999516129388562,,0.16432608378219915,0.00875036199545814,6.3567651344970635,,,,,,,,,,,
188.31116811071828,,,0.09983807758813432,,0.16413411168843625,0.00873337199678022,6.352567766915779,,,,,,,,,,,
188.56262206287283,,,0.0996812406472295,,0.16394236386390654,0.008716414986458138,6.348373170853382,,,,,,,,,,,
188.81441178422625,,,0.09952465008352492,,0.1637508400466099,0.008699490900440572,6.344181344479836,,,,,,,,,,,
189.06653772313499,,,0.09936830550998331,,0.16355953997485229,0.008682599674800569,6.339992285966315,,,,,,,,,,,
189.31900032855384,,,0.09921220654017554,,0.16336846338724562,0.00866574124573531,6.3358059934852085,,,,,,,,,,,
189.571800050037,,,0.09905635278827972,,0.16317761002270717,0.00864891554956588,6.331622465210108,,,,,,,,,,,
189.8249373377395,,,0.09890074386907965,,0.16298697962045902,0.008632122522736969,6.3274416993158065,,,,,,,,,,,
190.07841264241733,,,0.09874537939796438,,0.16279657192002783,0.00861536210181667,6.323263693978305,,,,,,,,,,,
190.33222641542804,,,0.09859025899092724,,0.16260638666124486,0.008598634223496248,6.319088447374811,,,,,,,,,,,
190.5863791087321,,,0.0984353822645649,,0.1624164235842451,0.00858193882458991,6.314915957683733,,,,,,,,,,,
190.84087117489324,,,0.09828074883607625,,0.1622266824294674,0.008565275842034523,6.31074622308469,,,,,,,,,,,
191.09570306707997,,,0.09812635832326136,,0.16203716293765352,0.008548645212889401,6.306579241758493,,,,,,,,,,,
191.35087523906583,,,0.09797221034452071,,0.16184786484984795,0.00853204687433605,6.302415011887154,,,,,,,,,,,
191.60638814522994,,,0.09781830451885451,,0.16165878790739818,0.008515480763677988,6.298253531653893,,,,,,,,,,,
191.86224224055823,,,0.09766464046586142,,0.16146993185195374,0.008498946818340448,6.294094799243128,,,,,,,,,,,
192.11843798064442,,,0.09751121780573746,,0.1612812964254658,0.008482444975870146,6.289938812840471,,,,,,,,,,,
192.37497582169073,,,0.09735803615927528,,0.16109288137018685,0.008465975173935053,6.285785570632729,,,,,,,,,,,
192.63185622050804,,,0.09720509514786356,,0.16090468642867092,0.008449537350324205,6.281635070807921,,,,,,,,,,,
192.88907963451732,,,0.09705239439348562,,0.16071671134377266,0.008433131442947413,6.2774873115552525,,,,,,,,,,,
193.14664652175065,,,0.09689993351871838,,0.16052895585864696,0.008416757389835024,6.2733422910651235,,,,,,,,,,,
193.40455734085182,,,0.09674771214673183,,0.16034141971674876,0.008400415129137707,6.269200007529128,,,,,,,,,,,
193.66281255107654,,,0.096595729901288,,0.16015410266183283,0.008384104599126259,6.265060459140059,,,,,,,,,,,
193.92141261229403,,,0.09644398640673976,,0.1599670044379534,0.00836782573819129,6.260923644091903,,,,,,,,,,,
194.1803579849874,,,0.09629248128803047,,0.15978012478946366,0.008351578484843076,6.256789560579838,,,,,,,,,,,
194.43964913025502,,,0.09614121417069224,,0.15959346346101524,0.008335362777711242,6.2526582068002305,,,,,,,,,,,
194.69928650981097,,,0.09599018468084546,,0.1594070201975581,0.008319178555544577,6.248529580950637,,,,,,,,,,,
194.95927058598545,,,0.09583939244519817,,0.1592207947443404,0.008303025757210812,6.244403681229811,,,,,,,,,,,
195.219601821726,,,0.09568883709104473,,0.1590347868469079,0.008286904321696393,6.240280505837694,,,,,,,,,,,
195.48028068059884,,,0.09553851824626479,,0.15884899625110335,0.008270814188106193,6.23616005297541,,,,,,,,,,,
195.74130762678908,,,0.09538843553932255,,0.15866342270306652,0.00825475529566333,6.23204232084527,,,,,,,,,,,
196.00268312510127,,,0.09523858859926618,,0.15847806594923386,0.008238727583708937,6.227927307650783,,,,,,,,,,,
196.2644076409607,,,0.09508897705572644,,0.1582929257363382,0.008222730991701947,6.22381501159664,,,,,,,,,,,
196.52648164041452,,,0.09493960053891579,,0.15810800181140786,0.008206765459218801,6.219705430888711,,,,,,,,,,,
196.78890559013212,,,0.0947904586796275,,0.15792329392176666,0.008190830925953272,6.2155985637340505,,,,,,,,,,,
197.0516799574057,,,0.09464155110923521,,0.15773880181503405,0.008174927331716228,6.211494408340907,,,,,,,,,,,
197.31480521015166,,,0.09449287745969133,,0.15755452523912405,0.008159054616435422,6.2073929629187035,,,,,,,,,,,
197.57828181691102,,,0.09434443736352674,,0.1573704639422453,0.008143212720155233,6.203294225678052,,,,,,,,,,,
197.84211024685075,,,0.09419623045384923,,0.1571866176729004,0.008127401583036433,6.199198194830741,,,,,,,,,,,
198.1062909697644,,,0.09404825636434301,,0.15700298617988576,0.008111621145355982,6.195104868589737,,,,,,,,,,,
198.37082445607243,,,0.09390051472926787,,0.1568195692122914,0.008095871347506835,6.191014245169192,,,,,,,,,,,
198.6357111768234,,,0.09375300518345832,,0.15663636651950066,0.008080152129997662,6.186926322784439,,,,,,,,,,,
198.90095160369535,,,0.09360572736232213,,0.1564533778511892,0.00806446343345263,6.182841099651984,,,,,,,,,,,
199.1665462089961,,,0.0934586809018399,,0.15627060295732526,0.008048805198611191,6.178758573989509,,,,,,,,,,,
199.43249546566375,,,0.09331186543856419,,0.15608804158816927,0.008033177366327892,6.174678744015877,,,,,,,,,,,
199.69879984726794,,,0.09316528060961868,,0.1559056934942737,0.0080175798775721,6.170601607951134,,,,,,,,,,,
199.96545982801103,,,0.09301892605269672,,0.1557235584264819,0.008002012673427789,6.166527164016489,,,,,,,,,,,
200.2324758827287,,,0.09285526328661495,0.8817472396660657,0.15552604369732595,0.00798524436650049,6.158421187839215,,,,,,,,,,,
200.4998484868901,,,0.0926892858776231,0.8795094782888608,0.155326464365658,0.00796832853042618,6.149727094871215,,,,,,,,,,,
200.76757811659965,,,0.09252360515079353,0.8772773960629545,0.15512714114485537,0.007951448528635328,6.14104527570688,,,,,,,,,,,
201.03566524859724,,,0.09235822057581146,0.8750509785753913,0.1549280737062631,0.007934604285217065,6.132375713018786,,,,,,,,,,,
201.30411036025976,,,0.09219313162330971,0.8728302114497902,0.15472926172164755,0.007917795724421332,6.123718389503965,,,,,,,,,,,
201.57291392960153,,,0.09202833776486735,0.8706150803462557,0.15453070486319637,0.007901022770658505,6.115073287883874,,,,,,,,,,,
201.84207643527483,,,0.09186383847300819,0.8684055709612886,0.15433240280351823,0.007884285348499135,6.106440390904371,,,,,,,,,,,
202.11159835657102,,,0.091699633221199,0.8662016690276898,0.15413435521564192,0.00786758338267356,6.0978196813356815,,,,,,,,,,,
202.3814801734219,,,0.09153572148384741,0.8640033603144658,0.15393656177301537,0.007850916798071525,6.089211141972333,,,,,,,,,,,
202.65172236640015,,,0.09137210273630056,0.8618106306267389,0.15373902214950572,0.007834285519741914,6.080614755633149,,,,,,,,,,,
202.9223254167197,,,0.09120877645484357,0.8596234658056598,0.15354173601939886,0.007817689472892396,6.072030505161216,,,,,,,,,,,
203.19328980623706,,,0.09104574211669782,0.8574418517283127,0.1533447030573986,0.007801128582889085,6.063458373423846,,,,,,,,,,,
203.46461601745287,,,0.09088299920001872,0.8552657743076184,0.1531479229386259,0.007784602775256151,6.054898343312519,,,,,,,,,,,
203.73630453351112,,,0.0907205471838949,0.8530952194922563,0.152951395338619,0.007768111975675594,6.046350397742889,,,,,,,,,,,
204.00835583820185,,,0.0905583855483457,0.8509301732665591,0.15275511993333216,0.0077516561099867905,6.037814519654705,,,,,,,,,,,
204.28077041596043,,,0.0903965137743203,0.8487706216504345,0.15255909639913565,0.00773523510418626,6.0292906920118226,,,,,,,,,,,
204.55354875186916,,,0.09023493134369558,0.84661655069927,0.15236332441281525,0.007718848884427293,6.0207788978021455,,,,,,,,,,,
204.82669133165845,,,0.0900736377392744,0.8444679465038394,0.15216780365157115,0.007702497377019574,6.01227912003758,,,,,,,,,,,
205.10019864170732,,,0.08991263244478406,0.8423247951902162,0.15197253379301767,0.007686180508428919,6.003791341754017,,,,,,,,,,,
205.37407116904387,,,0.08975191494487501,0.8401870829196878,0.1517775145151833,0.007669898205276922,5.995315546011311,,,,,,,,,,,
205.6483094013465,,,0.08959148472511873,0.8380547958886619,0.15158274549650955,0.007653650394340631,5.986851715893228,,,,,,,,,,,
205.92291382694523,,,0.08943134127200611,0.8359279203285753,0.15138822641585042,0.007637437002552177,5.978399834507401,,,,,,,,,,,
206.19788493482218,,,0.0892714840729459,0.8338064425058072,0.15119395695247187,0.007621257956998476,5.969959884985321,,,,,,,,,,,
206.47322321461198,,,0.08911191261626336,0.8316903487215943,0.15099993678605184,0.007605113184920936,5.9615318504822925,,,,,,,,,,,
206.74892915660303,,,0.0889526263911983,0.8295796253119393,0.15080616559667934,0.007589002613715085,5.953115714177407,,,,,,,,,,,
207.02500325173912,,,0.0887936248879032,0.8274742586475171,0.15061264306485334,0.007572926170930232,5.944711459273484,,,,,,,,,,,
207.30144599161875,,,0.08863490759744234,0.8253742351335988,0.1504193688714835,0.007556883784269206,5.936319068997081,,,,,,,,,,,
207.57825786849764,,,0.0884764740117893,0.8232795412099505,0.15022634269788843,0.007540875381587933,5.927938526598409,,,,,,,,,,,
207.85543937528826,,,0.08831832362382597,0.8211901633507578,0.15003356422579592,0.007524900890895215,5.919569815351342,,,,,,,,,,,
208.13299100556125,,,0.08816045592734084,0.8191060880645322,0.14984103313734237,0.00750896024035236,5.911212918553375,,,,,,,,,,,
208.41091325354668,,,0.08800287041702695,0.8170273018940226,0.14964874911507176,0.007493053358272819,5.902867819525561,,,,,,,,,,,
208.6892066141347,,,0.08784556658848061,0.81495379141613,0.14945671184193537,0.007477180173121932,5.894534501612505,,,,,,,,,,,
208.96787158287572,,,0.08768854393819986,0.812885543241825,0.14926492100129166,0.007461340613516564,5.886212948182332,,,,,,,,,,,
209.246908655982,,,0.0875318019635829,0.8108225440160579,0.14907337627690545,0.0074455346082248205,5.877903142626656,,,,,,,,,,,
209.52631833032873,,,0.08737534016292603,0.8087647804176689,0.14888207735294706,0.007429762086165686,5.869605068360517,,,,,,,,,,,
209.80610110345464,,,0.08721915803542224,0.8067122391593058,0.14869102391399214,0.007414022976408701,5.86131870882237,,,,,,,,,,,
210.08625747356234,,,0.08706325508116008,0.8046649069873413,0.14850021564502125,0.007398317208173701,5.853044047474069,,,,,,,,,,,
210.36678793951998,,,0.08690763080112156,0.8026227706817823,0.1483096522314193,0.007382644710830447,5.844781067800801,,,,,,,,,,,
210.64769300086158,,,0.08675228469718065,0.800585817056188,0.14811933335897481,0.007367005413898338,5.83652975331108,,,,,,,,,,,
210.92897315778868,,,0.08659721627210164,0.79855403295758,0.1479292587138794,0.007351399247046038,5.828290087536684,,,,,,,,,,,
211.21062891117066,,,0.0864424250295375,0.7965274052663602,0.14773942798272735,0.007335826140091224,5.820062054032647,,,,,,,,,,,
211.4926607625454,,,0.0862879104740288,0.7945059208962302,0.14754984085251543,0.007320286023000256,5.8118456363772255,,,,,,,,,,,
211.77506921412038,,,0.08613367211100155,0.7924895667941019,0.14736049701064197,0.007304778825887854,5.803640818171859,,,,,,,,,,,
212.05785476877418,,,0.0859797094467657,0.7904783299400121,0.14717139614490626,0.007289304479016759,5.79544758304113,,,,,,,,,,,
212.34101793005686,,,0.08582602198851362,0.78847219734704,0.14698253794350816,0.007273862912797438,5.787265914632736,,,,,,,,,,,
212.62455920219043,,,0.08567260924431877,0.7864711560612273,0.14679392209504805,0.007258454057787807,5.779095796617472,,,,,,,,,,,
212.90847909007024,,,0.085519470723134,0.7844751931614912,0.14660554828852573,0.007243077844692886,5.770937212689184,,,,,,,,,,,
213.1927780992662,,,0.0853666059347896,0.7824842957595376,0.14641741621333995,0.007227734204364453,5.762790146564728,,,,,,,,,,,
213.47745673602338,,,0.08521401438999208,0.7804984509997817,0.14622952555928803,0.00721242306780079,5.754654581983949,,,,,,,,,,,
213.76251550726235,,,0.0850616956003227,0.7785176460592671,0.14604187601656554,0.007197144366146359,5.746530502709655,,,,,,,,,,,
214.04795492058082,,,0.08490964907823574,0.7765418681475792,0.14585446727576556,0.007181898030691477,5.738417892527575,,,,,,,,,,,
214.33377548425412,,,0.0847578743370571,0.7745711045067654,0.14566729902787837,0.0071666839928720295,5.730316735246332,,,,,,,,,,,
214.61997770723661,,,0.0846063708909822,0.7726053424112476,0.14548037096429048,0.007151502184269119,5.722227014697394,,,,,,,,,,,
214.90656209916244,,,0.08445513825507499,0.7706445691677443,0.1452936827767843,0.007136352536608783,5.714148714735055,,,,,,,,,,,
215.19352917034564,,,0.08430417594526643,0.7686887721151905,0.1451072341575383,0.007121234981761721,5.706081819236419,,,,,,,,,,,
215.48087943178183,,,0.08415348347835278,0.7667379386246534,0.14492102479912577,0.007106149451742951,5.698026312101348,,,,,,,,,,,
215.76861339514934,,,0.08400306037199365,0.7647920560992479,0.14473505439451426,0.007091095878711498,5.689982177252419,,,,,,,,,,,
216.05673157280972,,,0.08385290614471096,0.7628511119740583,0.14454932263706535,0.007076074194970082,5.681949398634908,,,,,,,,,,,
216.3452344778083,,,0.08370302031588749,0.7609150937160596,0.14436382922053445,0.007061084332964866,5.673927960216772,,,,,,,,,,,
216.63412262387547,,,0.083553402405765,0.7589839888240345,0.14417857383906982,0.007046126225285121,5.665917845988594,,,,,,,,,,,
216.92339652542805,,,0.08340405193544274,0.7570577848284888,0.143993556187212,0.007031199804662881,5.657919039963552,,,,,,,,,,,
217.2130566975697,,,0.08325496842687585,0.7551364692915747,0.14380877595989353,0.007016305003972702,5.649931526177388,,,,,,,,,,,
217.50310365609158,,,0.08310615140287433,0.7532200298070126,0.14362423285243875,0.007001441756231354,5.6419552886884015,,,,,,,,,,,
217.79353791747374,,,0.0829576003871009,0.7513084540000075,0.14343992656056267,0.006986609994597472,5.6339903115773815,,,,,,,,,,,
218.08435999888567,,,0.08280931490406991,0.7494017295271707,0.14325585678037112,0.0069718096523713165,5.626036578947605,,,,,,,,,,,
218.37557041818792,,,0.08266129447914543,0.7474998440764373,0.14307202320835943,0.00695704066299443,5.618094074924773,,,,,,,,,,,
218.6671696939325,,,0.0825135386385399,0.7456027853669884,0.14288842554141262,0.006942302960049329,5.610162783657003,,,,,,,,,,,
218.95915834536342,,,0.08236604690931283,0.7437105411491755,0.14270506347680473,0.006927596477259266,5.602242689314796,,,,,,,,,,,
219.25153689241804,,,0.08221881881936921,0.7418230992044376,0.14252193671219845,0.006912921148487891,5.594333776091007,,,,,,,,,,,
219.54430585572854,,,0.08207185389745758,0.7399404473452204,0.1423390449456441,0.0068982769077389205,5.586436028200792,,,,,,,,,,,
219.8374657566221,,,0.0819251516731689,0.7380625734148999,0.14215638787557944,0.0068836636891559,5.578549429881588,,,,,,,,,,,
220.1310171171218,,,0.0817787116769351,0.7361894652877071,0.14197396520082953,0.006869081427021889,5.570673965393101,,,,,,,,,,,
220.4249604599476,,,0.08163253344002756,0.7343211108686463,0.141791776620606,0.006854530055759172,5.562809619017256,,,,,,,,,,,
220.7192963085181,,,0.08148661649455527,0.7324574980934148,0.141609821834506,0.006840009509928919,5.554956375058158,,,,,,,,,,,
221.01402518695062,,,0.08134096037346354,0.7305986149283272,0.1414281005425123,0.006825519724230928,5.547114217842068,,,,,,,,,,,
221.30914762006202,,,0.08119556461053272,0.7287444493702413,0.14124661244499293,0.006811060633503357,5.539283131717385,,,,,,,,,,,
221.60466413337016,,,0.08105042874037652,0.7268949894464759,0.14106535724270033,0.006796632172722385,5.531463101054604,,,,,,,,,,,
221.9005752530944,,,0.08090555229844049,0.7250502232147359,0.14088433463677097,0.006782234277001953,5.5236541102462855,,,,,,,,,,,
222.19688150615715,,,0.08076093482100043,0.7232101387630318,0.14070354432872464,0.006767866881593421,5.515856143707013,,,,,,,,,,,
222.49358342018454,,,0.08061657584516103,0.721374724209605,0.14052298602046417,0.006753529921885329,5.508069185873372,,,,,,,,,,,
222.7906815235067,,,0.08047247490885467,0.7195439677028543,0.14034265941427515,0.0067392233334031,5.5002932212039335,,,,,,,,,,,
223.0881763451593,,,0.08032863155083954,0.717717857421256,0.14016256421282522,0.006724947051808745,5.492528234179208,,,,,,,,,,,
223.38606841488487,,,0.08018504531069817,0.7158963815732856,0.13998270011916333,0.0067107010129005395,5.484774209301601,,,,,,,,,,,
223.6843582631333,,,0.08004171572883606,0.7140795283973435,0.13980306683671953,0.006696485152612762,5.477031131095401,,,,,,,,,,,
223.9830464210624,,,0.07989864234648048,0.7122672861616826,0.13962366406930457,0.006682299407015438,5.4692989841067545,,,,,,,,,,,
224.2821334205391,,,0.07975582470567864,0.7104596431643291,0.13944449152110944,0.00666814371231401,5.461577752903622,,,,,,,,,,,
224.5816197941412,,,0.07961326234929622,0.7086565877330052,0.13926554889670442,0.006654018004849059,5.45386742207574,,,,,,,,,,,
224.88150607515746,,,0.07947095482101599,0.7068581082250553,0.1390868359010388,0.0066399222210959995,5.446167976234605,,,,,,,,,,,
225.1817927975884,,,0.07932890166533664,0.7050641930273744,0.13890835223944087,0.006625856297664848,5.438479400013443,,,,,,,,,,,
225.4824804961478,,,0.07918710242757084,0.7032748305563284,0.13873009761761695,0.006611820171299895,5.430801678067168,,,,,,,,,,,
225.78356970626322,,,0.07904555665384422,0.7014900092576826,0.13855207174165105,0.006597813778879443,5.42313479507237,,,,,,,,,,,
226.08506096407763,,,0.07890426389109348,0.6997097176065227,0.13837427431800411,0.0065838370574154755,5.4154787357272545,,,,,,,,,,,
226.38695480644995,,,0.07876322368706506,0.697933944107183,0.1381967050535138,0.006569889944053438,5.407833484751629,,,,,,,,,,,
226.68925177095545,,,0.07862243559031415,0.6961626772931754,0.13801936365539424,0.0065559723760719125,5.400199026886886,,,,,,,,,,,
226.99195239588732,,,0.07848189915020282,0.6943959057271117,0.13784224983123525,0.0065420842908823695,5.392575346895961,,,,,,,,,,,
227.29505722025795,,,0.07834161391689846,0.6926336180006283,0.13766536328900159,0.006528225626028851,5.384962429563285,,,,,,,,,,,
227.59856678379944,,,0.07820157944137246,0.6908758027343138,0.1374887037370328,0.006514396319187687,5.37736025969477,,,,,,,,,,,
227.9024816269642,,,0.07806179527539914,0.6891224485776398,0.1373122708840431,0.006500596308167265,5.369768822117794,,,,,,,,,,,
228.20680229092628,,,0.07792226097155402,0.6873735442088835,0.13713606443912027,0.0064868255309077204,5.362188101681149,,,,,,,,,,,
228.51152931758287,,,0.07778297608321208,0.6856290783350527,0.13696008411172522,0.00647308392548062,5.354618083255007,,,,,,,,,,,
228.8166632495547,,,0.0776439401645467,0.6838890396918154,0.13678432961169182,0.006459371430088739,5.3470587517309,,,,,,,,,,,
229.12220463018662,,,0.07750515277052844,0.6821534170434295,0.13660880064922637,0.0064456879830657714,5.339510092021704,,,,,,,,,,,
229.4281540035493,,,0.07736661345692307,0.6804221991826667,0.13643349693490706,0.006432033522876036,5.3319720890615825,,,,,,,,,,,
229.73451191443962,,,0.0772283217802907,0.6786953749307424,0.13625841817968357,0.0064184079881142225,5.324444727805975,,,,,,,,,,,
230.04127890838242,,,0.07709027729798376,0.6769729331372396,0.13608356409487618,0.006404811317505073,5.316927993231553,,,,,,,,,,,
230.348455531631,,,0.076952479568146,0.6752548626800399,0.1359089343921757,0.006391243449903135,5.309421870336192,,,,,,,,,,,
230.65604233116758,,,0.07681492814971108,0.6735411524652537,0.13573452878364314,0.006377704324292513,5.30192634413896,,,,,,,,,,,
230.96403985470477,,,0.07667762260240114,0.6718317914271466,0.1355603469817091,0.006364193879786558,5.294441399680075,,,,,,,,,,,
231.27244865068707,,,0.07654056248672508,0.6701267685280646,0.13538638869917274,0.006350712055627597,5.286967022020862,,,,,,,,,,,
231.58126926829127,,,0.07640374736397741,0.6684260727583662,0.13521265364920193,0.006337258791186647,5.279503196243736,,,,,,,,,,,
231.89050225742704,,,0.07626717679623694,0.6667296931363536,0.13503914154533292,0.006323834025963191,5.27204990745218,,,,,,,,,,,
232.2001481687383,,,0.07613085034636535,0.6650376187081986,0.13486585210146937,0.006310437699584877,5.264607140770713,,,,,,,,,,,
232.5102075536048,,,0.07599476757800547,0.6633498385478706,0.13469278503188198,0.0062970697518072195,5.257174881344839,,,,,,,,,,,
232.82068096414253,,,0.0758589280555801,0.6616663417570671,0.13451994005120804,0.006283730122513351,5.249753114341034,,,,,,,,,,,
233.13156895320418,,,0.0757233313442908,0.6599871174651474,0.1343473168744514,0.006270418751713785,5.242341824946722,,,,,,,,,,,
233.442872074381,,,0.07558797701011631,0.6583121548290571,0.13417491521698133,0.006257135579546099,5.234940998370242,,,,,,,,,,,
233.75459088200316,,,0.07545286461981117,0.656641443033262,0.1340027347945326,0.0062438805462746915,5.227550619840813,,,,,,,,,,,
234.06672593114158,,,0.07531799374090421,0.6549749712896732,0.1338307753232045,0.006230653592290497,5.2201706746084975,,,,,,,,,,,
234.37927777760828,,,0.07518336394169729,0.6533127288375811,0.13365903651946054,0.0062174546581107056,5.21280114794418,,,,,,,,,,,
234.69224697795704,,,0.07504897479126416,0.6516547049435876,0.1334875181001285,0.006204283684378546,5.205442025139554,,,,,,,,,,,
235.00563408948483,,,0.0749148258594487,0.6500008889015347,0.1333162197823994,0.006191140611862989,5.198093291507073,,,,,,,,,,,
235.3194396702332,,,0.07478091671686365,0.6483512700324329,0.133145141283827,0.006178025381458447,5.190754932379915,,,,,,,,,,,
235.6336642789889,,,0.07464724693488918,0.6467058376843942,0.13297428232232747,0.00616493793418456,5.183426933111964,,,,,,,,,,,
235.94830847528436,,,0.0745138160856719,0.6450645812325666,0.13280364261617922,0.006151878211185925,5.176109279077794,,,,,,,,,,,
236.26337281939914,,,0.07438062374212306,0.6434274900790624,0.1326332218840222,0.006138846153731796,5.168801955672624,,,,,,,,,,,
236.57885787236168,,,0.07424766947791714,0.6417945536528864,0.13246301984485703,0.006125841703215846,5.161504948312273,,,,,,,,,,,
236.8947641959486,,,0.07411495286749106,0.640165761409876,0.13229303621804542,0.006112864801155918,5.154218242433176,,,,,,,,,,,
237.21109235268761,,,0.07398247348604202,0.6385411028326238,0.13212327072330876,0.0060999153891937025,5.146941823492302,,,,,,,,,,,
237.52784290585694,,,0.07385023090952675,0.6369205674304173,0.13195372308072834,0.006086993409094554,5.139675676967167,,,,,,,,,,,
237.8450164194868,,,0.07371822471466011,0.6353041447391685,0.13178439301074485,0.006074098802747187,5.132419788355794,,,,,,,,,,,
238.16261345836122,,,0.07358645447891328,0.6336918243213434,0.1316152802341573,0.006061231512163392,5.125174143176662,,,,,,,,,,,
238.48063458801826,,,0.07345491978051276,0.6320835957658972,0.13144638447212317,0.0060483914794778135,5.117938726968697,,,,,,,,,,,
238.79908037475073,,,0.07332362019843904,0.6304794486882092,0.1312777054461578,0.006035578646947688,5.110713525291251,,,,,,,,,,,
239.1179513856076,,,0.07319255531242534,0.6288793727300137,0.13110924287813405,0.006022792956952579,5.103498523724063,,,,,,,,,,,
239.43724818839553,,,0.0730617247029558,0.6272833575593306,0.13094099649028143,0.006010034351994084,5.096293707867218,,,,,,,,,,,
239.75697135167934,,,0.0729311279512645,0.6256913928704008,0.13077296600518584,0.005997302774695611,5.089099063341131,,,,,,,,,,,
240.0771214447826,,,0.07280076463933416,0.6241034683836224,0.1306051511457894,0.005984598167802132,5.0819145757865245,,,,,,,,,,,
240.39769903778912,,,0.07267063434989479,0.622519573845482,0.1304375516353899,0.005971920474179906,5.074740230864399,,,,,,,,,,,
240.71870470154462,,,0.07254073666642198,0.6209396990284843,0.1302701671976397,0.005959269636816206,5.067576014255976,,,,,,,,,,,
241.0401390076562,,,0.07241107117313614,0.6193638337310955,0.13010299755654633,0.005946645598819092,5.060421911662714,,,,,,,,,,,
241.3620025284951,,,0.07228163745500055,0.6177919677776667,0.129936042436471,0.0059340483034171325,5.05327790880624,,,,,,,,,,,
241.68429583719623,,,0.07215243509772074,0.6162240910183768,0.129769301562129,0.0059214776939591745,5.046143991428348,,,,,,,,,,,
242.0070195076597,,,0.0720234636877426,0.6146601933291646,0.12960277465858888,0.005908933713914079,5.039020145290967,,,,,,,,,,,
242.33017411455248,,,0.0718947228122512,0.613100264611659,0.12943646145127172,0.005896416306870437,5.031906356176109,,,,,,,,,,,
242.653760233309,,,0.07176621205916944,0.6115442947931181,0.129270361665951,0.005883925416536342,5.024802609885867,,,,,,,,,,,
242.97777844013143,,,0.07163793101715706,0.6099922738263653,0.12910447502875236,0.005871460986739159,5.017708892242381,,,,,,,,,,,
243.30222931199148,,,0.07150987927560896,0.6084441916897226,0.1289388012661528,0.005859022961425243,5.010625189087808,,,,,,,,,,,
243.62711342663167,,,0.0713820564246539,0.6069000383869433,0.12877334010498018,0.005846611284659686,5.003551486284284,,,,,,,,,,,
243.9524313625661,,,0.07125446205515323,0.6053598039471498,0.12860809127241288,0.005834225900626054,4.9964877697139025,,,,,,,,,,,
244.27818369908078,,,0.07112709575869978,0.6038234784247719,0.12844305449597954,0.005821866753626182,4.989434025278698,,,,,,,,,,,
244.60437101623555,,,0.0709999571276164,0.6022910518994784,0.12827822950355844,0.005809533788079884,4.982390238900603,,,,,,,,,,,
244.93099389486454,,,0.0708730457549547,0.6007625144761164,0.12811361602337715,0.005797226948524729,4.97535639652143,,,,,,,,,,,
245.25805291657798,,,0.07074636123449356,0.5992378562846428,0.12794921378401175,0.005784946179615744,4.968332484102826,,,,,,,,,,,
245.58554866376272,,,0.07061990316073784,0.5977170674800634,0.12778502251438653,0.005772691426125217,4.961318487626257,,,,,,,,,,,
245.9134817195828,,,0.07049367112891754,0.596200138242372,0.12762104194377402,0.0057604626329424416,4.954314393092994,,,,,,,,,,,
246.2418526679809,,,0.07036766473498621,0.5946870587764841,0.12745727180179414,0.005748259745073438,4.947320186524065,,,,,,,,,,,
246.57066209368008,,,0.07024188357561925,0.5931778193121716,0.12729371181841345,0.005736082707640739,4.9403358539602245,,,,,,,,,,,
246.89991058218402,,,0.07011632724821318,0.5916724101040021,0.12713036172394507,0.005723931465883105,4.933361381461934,,,,,,,,,,,
247.22959871977787,,,0.06999099535088431,0.5901708214312776,0.12696722124904852,0.005711805965155331,4.926396755109344,,,,,,,,,,,
247.55972709352955,,,0.06986588748246725,0.5886730435979709,0.12680429012472882,0.0056997061509279695,4.919441961002258,,,,,,,,,,,
247.89029629129146,,,0.06974100324251355,0.5871790669326591,0.12664156808233604,0.005687631968787062,4.9124969852600895,,,,,,,,,,,
248.22130690170098,,,0.06961634223129054,0.5856888817884642,0.12647905485356492,0.005675583364433934,4.905561814021849,,,,,,,,,,,
248.55275951418093,,,0.06949190404978031,0.5842024785429933,0.12631675017045482,0.005663560283684946,4.898636433446128,,,,,,,,,,,
248.8846547189415,,,0.06936768829967799,0.5827198475982728,0.12615465376538876,0.00565156267247123,4.891720829711049,,,,,,,,,,,
249.2169931069807,,,0.06924369458339084,0.581240979380688,0.12599276537109336,0.005639590476838472,4.884814989014254,,,,,,,,,,,
249.54977527008631,,,0.06911992250403663,0.5797658643409194,0.12583108472063795,0.005627643642946631,4.877918897572863,,,,,,,,,,,
249.88300180083618,,,0.06899637166544252,0.5782944929538818,0.12566961154743447,0.005615722117069717,4.871032541623452,,,,,,,,,,,
250.21667329259904,,,0.06887304167214399,0.5768268557186662,0.12550834558523705,0.005603825845595579,4.864155907422034,,,,,,,,,,,
250.55079033953592,,,0.06874993212938346,0.5753629431584752,0.12534728656814165,0.0055919547750256276,4.857288981244031,,,,,,,,,,,
250.88535353660177,,,0.06862704264310876,0.5739027458205606,0.12518643423058512,0.005580108851974603,4.850431749384227,,,,,,,,,,,
251.2203634795459,,,0.06850437281997211,0.5724462542761635,0.12502578830734504,0.005568288023170315,4.843584198156755,,,,,,,,,,,
251.55582076491277,,,0.06838192226732893,0.5709934591204565,0.12486534853353971,0.005556492235453455,4.836746313895076,,,,,,,,,,,
251.89172599004328,,,0.06825969059323661,0.5695443509724805,0.12470511464462732,0.005544721435777326,4.82991808295195,,,,,,,,,,,
252.2280797530765,,,0.06813767740645285,0.5680989204750817,0.12454508637640514,0.005532975571207582,4.8230994916993915,,,,,,,,,,,
252.56488265295033,,,0.06801588231643478,0.5666571582948536,0.12438526346500967,0.005521254588922011,4.816290526528651,,,,,,,,,,,
252.90213528940174,,,0.06789430493333766,0.5652190551220792,0.12422564564691613,0.005509558436210323,4.809491173850204,,,,,,,,,,,
253.2398382629689,,,0.06777294486801369,0.5637846016706666,0.12406623265893789,0.0054978870604738776,4.802701420093706,,,,,,,,,,,
253.57799217499158,,,0.0676518017320106,0.5623537886780925,0.12390702423822607,0.005486240409225463,4.795921251707975,,,,,,,,,,,
253.9165976276131,,,0.06753087513757035,0.5609266069053382,0.1237480201222689,0.005474618430089051,4.789150655160948,,,,,,,,,,,
254.2556552237808,,,0.067410164697628,0.5595030471368327,0.12358922004889153,0.005463021070799549,4.782389616939666,,,,,,,,,,,
254.5951655672466,,,0.06728967002581075,0.5580831001803949,0.12343062375625567,0.005451448279202609,4.775638123550261,,,,,,,,,,,
254.9351292625686,,,0.06716939073643627,0.5566667568671722,0.12327223098285914,0.005439900003254368,4.76889616151791,,,,,,,,,,,
255.27554691511278,,,0.06704932644451157,0.5552540080515795,0.12311404146753503,0.0054283761910211845,4.762163717386805,,,,,,,,,,,
255.61641913105342,,,0.0669294767657318,0.5538448446112418,0.12295605494945165,0.0054168767906794466,4.755440777720132,,,,,,,,,,,
255.9577465173737,,,0.06680984131647927,0.5524392574469379,0.12279827116811215,0.005405401750515337,4.748727329100062,,,,,,,,,,,
256.2995296818673,,,0.0666904197138219,0.5510372374825387,0.12264068986335405,0.005393951018924572,4.7420233581277005,,,,,,,,,,,
256.64176923314,,,0.066571211575512,0.5496387756649478,0.12248331077534845,0.005382524544412199,4.7353288514230645,,,,,,,,,,,
256.98446578061044,,,0.0664522165199851,0.5482438629640438,0.12232613364459993,0.005371122275592324,4.728643795625059,,,,,,,,,,,
257.32761993451015,,,0.06633343416635903,0.546852490372625,0.1221691582119462,0.005359744161187942,4.721968177391461,,,,,,,,,,,
257.6712323058862,,,0.06621486413443223,0.5454646489063475,0.12201238421855753,0.005348390150030657,4.715301983398876,,,,,,,,,,,
258.0153035066009,,,0.0660965060446829,0.5440803296036699,0.12185581140593638,0.00533706019106048,4.708645200342728,,,,,,,,,,,
258.35983414933446,,,0.06597835951826747,0.5426995235257919,0.1216994395159167,0.005325754233325561,4.70199781493721,,,,,,,,,,,
258.704824847585,,,0.06586042417701952,0.5413222217565984,0.1215432682906638,0.005314472225981999,4.695359813915274,,,,,,,,,,,
259.05027621566944,,,0.06574269964344874,0.5399484154026046,0.12138729747267404,0.005303214118293608,4.688731184028606,,,,,,,,,,,
259.39618886872495,,,0.06562518554073965,0.5385780955928963,0.1212315268047742,0.005291979859631684,4.6821119120476045,,,,,,,,,,,
259.7425634227106,,,0.06550788149275014,0.5372112534790702,0.12107595603012086,0.005280769399474756,4.675501984761326,,,,,,,,,,,
260.08940049440804,,,0.06539078712401032,0.5358478802351794,0.12092058489220023,0.005269582687408373,4.668901388977484,,,,,,,,,,,
260.4367007014219,,,0.0652739020597218,0.5344879670576779,0.12076541313482791,0.005258419673124906,4.662310111522419,,,,,,,,,,,
260.78446466218156,,,0.06515722592575608,0.5331315051653621,0.12061044050214823,0.00524728030642329,4.655728139241076,,,,,,,,,,,
261.13269299594276,,,0.06504075834865314,0.5317784857993122,0.1204556667386336,0.005236164537208801,4.649155458996959,,,,,,,,,,,
261.481386322788,,,0.06492449895562062,0.5304289002228368,0.12030109158908442,0.005225072315492816,4.642592057672116,,,,,,,,,,,
261.8305452636274,,,0.06480844737453265,0.5290827397214197,0.12014671479862868,0.005214003591392639,4.636037922167127,,,,,,,,,,,
262.18017044020036,,,0.0646926032339285,0.5277399956026599,0.11999253611272143,0.00520295831513123,4.629493039401056,,,,,,,,,,,
262.53026247507626,,,0.06457696616301142,0.5264006591962173,0.11983855527714446,0.005191936437037008,4.622957396311443,,,,,,,,,,,
262.8808219916564,,,0.06446153579164732,0.5250647218537542,0.11968477203800548,0.005180937907543594,4.616430979854254,,,,,,,,,,,
263.23184961417434,,,0.06434631175036376,0.5237321749488814,0.11953118614173809,0.005169962677189612,4.609913777003878,,,,,,,,,,,
263.5833459676969,,,0.0642312936703488,0.5224030098771041,0.11937779733510151,0.005159010696618482,4.603405774753094,,,,,,,,,,,
263.93531167812534,,,0.06411648118344984,0.5210772180557648,0.1192246053651799,0.005148081916578177,4.596906960113047,,,,,,,,,,,
264.2877473721973,,,0.06400187392217216,0.5197547909239857,0.11907160997938172,0.005137176287921,4.590417320113211,,,,,,,,,,,
264.6406536774874,,,0.06388747151967791,0.5184357199426153,0.11891881092543961,0.00512629376160335,4.5839368418013695,,,,,,,,,,,
264.9940312224076,,,0.06377327360978507,0.5171199965941755,0.11876620795141021,0.00511543428868555,4.577465512243599,,,,,,,,,,,
265.347880636209,,,0.0636592798269663,0.5158076123828043,0.11861380080567333,0.005104597820331589,4.571003318524239,,,,,,,,,,,
265.7022025489836,,,0.06354548980634736,0.514498558834199,0.11846158923693156,0.00509378430780889,4.56455024774585,,,,,,,,,,,
266.0569975916647,,,0.06343190318370628,0.5131928274955642,0.11830957299420992,0.005082993702488122,4.558106287029203,,,,,,,,,,,
266.41226639602746,,,0.0633185195954722,0.5118904099355578,0.11815775182685578,0.005072225955842979,4.551671423513255,,,,,,,,,,,
266.768009594691,,,0.0632053386787242,0.5105912977442351,0.11800612548453795,0.005061481019449948,4.545245644355124,,,,,,,,,,,
267.12422782111906,,,0.06309236007119003,0.5092954825329951,0.11785469371724666,0.005050758844988088,4.538828936730057,,,,,,,,,,,
267.48092170962155,,,0.06297958341124488,0.5080029559345244,0.11770345627529277,0.00504005938423883,4.532421287831395,,,,,,,,,,,
267.83809189535543,,,0.06286700833791035,0.5067137096027449,0.11755241290930742,0.0050293825890857305,4.526022684870564,,,,,,,,,,,
268.19573901432545,,,0.06275463449085349,0.5054277352127613,0.1174015633702421,0.0050187284115143,4.519633115077053,,,,,,,,,,,
268.5538637033854,,,0.06264246151038531,0.5041450244608061,0.1172509074093679,0.005008096803611763,4.513252565698376,,,,,,,,,,,
268.91246660024007,,,0.06253048903745972,0.5028655690641838,0.11710044477827482,0.004997487717566816,4.506881024000043,,,,,,,,,,,
269.27154834344583,,,0.06241871671367234,0.5015893607612191,0.11695017522887158,0.004986901105669454,4.50051847726554,,,,,,,,,,,
269.63110957241116,,,0.06230714418125968,0.5003163913112059,0.11680009851338558,0.004976336920310746,4.494164912796321,,,,,,,,,,,
269.99115092739834,,,0.06219577108309766,0.4990466524943518,0.11665021438436218,0.004965795113982616,4.487820317911758,,,,,,,,,,,
270.3516730495251,,,0.06208459706270042,0.49778013611172334,0.11650052259466398,0.0049552756392776155,4.481484679949124,,,,,,,,,,,
270.7126765807654,,,0.061973621764219326,0.496516833985195,0.11635102289747078,0.004944778448888716,4.475157986263559,,,,,,,,,,,
271.0741621639497,,,0.06186284483244201,0.49525673795739805,0.11620171504627934,0.0049343034956091285,4.468840224228074,,,,,,,,,,,
271.43613044276725,,,0.061752265912790864,0.4939998398916651,0.11605259879490257,0.004923850732332055,4.462531381233492,,,,,,,,,,,
271.7985820617665,,,0.06164188465132227,0.49274613167197984,0.1159036738974695,0.004913420112050492,4.4562314446884495,,,,,,,,,,,
272.16151766635716,,,0.06153170069472506,0.4914956052029211,0.11575494010842441,0.00490301158785701,4.449940402019345,,,,,,,,,,,
272.5249379028107,,,0.061421713690319624,0.4902482524096131,0.11560639718252669,0.004892625112943535,4.443658240670327,,,,,,,,,,,
272.88884341826105,,,0.06131192328605688,0.48900406523767487,0.11545804487485063,0.004882260640601172,4.437384948103282,,,,,,,,,,,
273.25323486070624,,,0.0612023291305171,0.4877630356531664,0.11530988294078487,0.004871918124219976,4.431120511797794,,,,,,,,,,,
273.6181128790102,,,0.06109293087290849,0.48652515564253496,0.11516191113603172,0.004861597517288714,4.4248649192511165,,,,,,,,,,,
273.9834781229032,,,0.06098372816306635,0.48529041721256516,0.11501412921660698,0.004851298773394703,4.41861815797815,,,,,,,,,,,
274.34933124298266,,,0.060874720651451976,0.48405881239032916,0.11486653693883972,0.004841021846223567,4.412380215511432,,,,,,,,,,,
274.7156728907146,,,0.06076590798915153,0.4828303332231336,0.11471913405937176,0.004830766689559061,4.406151079401102,,,,,,,,,,,
275.0825037184359,,,0.06065728982787461,0.48160497177846506,0.11457192033515688,0.00482053325728282,4.39993073721486,,,,,,,,,,,
275.44982437935334,,,0.06054886581995363,0.48038272014394556,0.11442489552346112,0.004810321503374203,4.393719176537975,,,,,,,,,,,
275.81763552754717,,,0.06044063561834219,0.479163570427274,0.11427805938186165,0.004800131381910022,4.387516384973225,,,,,,,,,,,
276.18593781797,,,0.0603325988766145,0.4779475147561818,0.11413141166824707,0.004789962847064404,4.381322350140904,,,,,,,,,,,
276.55473190644915,,,0.0602247552489639,0.47673454527837916,0.11398495214081655,0.00477981585310855,4.375137059678782,,,,,,,,,,,
276.9240184496882,,,0.0601171043902018,0.47552465416150247,0.11383868055807944,0.00476969035441051,4.368960501242071,,,,,,,,,,,
277.2937981052677,,,0.06000964595575655,0.47431783359306573,0.11369259667885497,0.004759586305435014,4.3627926625034155,,,,,,,,,,,
277.6640715316455,,,0.05990237960167266,0.4731140757804117,0.11354670026227208,0.004749503660743258,4.356633531152866,,,,,,,,,,,
278.03483938815896,,,0.05979530498460936,0.4719133729506602,0.11340099106776876,0.004739442374992701,4.350483094897855,,,,,,,,,,,
278.4061023350263,,,0.0596884217618395,0.47071571735065554,0.11325546885509154,0.004729402402936834,4.3443413414631555,,,,,,,,,,,
278.7778610333472,,,0.05958172959124852,0.4695211012469187,0.11311013338429526,0.004719383699424998,4.338208258590879,,,,,,,,,,,
279.1501161451039,,,0.05947522813133361,0.4683295169255988,0.11296498441574282,0.004709386219402201,4.332083834040442,,,,,,,,,,,
279.5228683331622,,,0.05936891704120227,0.46714095669242217,0.11282002171010472,0.004699409917908894,4.325968055588545,,,,,,,,,,,
279.8961182612742,,,0.059262795980571194,0.46595541287263914,0.11267524502835818,0.00468945475008074,4.319860911029132,,,,,,,,,,,
280.2698665940769,,,0.059156864609765665,0.46477287781098126,0.11253065413178769,0.0046795206711484775,4.313762388173397,,,,,,,,,,,
280.64411399709616,,,0.05905112258971769,0.46359334387160456,0.11238624878198347,0.004669607636437659,4.30767247484972,,,,,,,,,,,
281.0188611367456,,,0.05894556958196571,0.4624168034380467,0.11224202874084216,0.004659715601368487,4.301591158903679,,,,,,,,,,,
281.3941086803287,,,0.05884020524865316,0.46124324891317475,0.11209799377056591,0.004649844521455611,4.295518428198014,,,,,,,,,,,
281.7698572960405,,,0.05873502925252713,0.46007267271913466,0.11195414363366171,0.004639994352307892,4.289454270612588,,,,,,,,,,,
282.1461076529684,,,0.058630041256937625,0.4589050672973039,0.11181047809294144,0.004630165049628235,4.283398674044375,,,,,,,,,,,
282.5228604210926,,,0.05852524092583655,0.4577404251082448,0.11166699691152152,0.004620356569213398,4.2773516264074445,,,,,,,,,,,
282.90011627128797,,,0.05842062792377654,0.45657873863165344,0.11152369985282233,0.004610568866953775,4.271313115632927,,,,,,,,,,,
283.2778758753258,,,0.05831620191590955,0.4554200003663099,0.11138058668056765,0.004600801898833198,4.265283129668984,,,,,,,,,,,
283.6561399058742,,,0.05821196256798616,0.4542642028300314,0.11123765715878446,0.004591055620928725,4.259261656480788,,,,,,,,,,,
284.0349090364993,,,0.058107909546354614,0.4531113385596257,0.1110949110518028,0.004581329989410488,4.253248684050517,,,,,,,,,,,
284.41418394166635,,,0.05800404251795945,0.4519614001108412,0.11095234812425506,0.004571624960541462,4.247244200377307,,,,,,,,,,,
284.79396529674216,,,0.05790036115034036,0.4508143800583162,0.11080996814107538,0.00456194049067725,4.241248193477227,,,,,,,,,,,
285.1742537779943,,,0.05779686511163164,0.4496702709955372,0.1106677708675,0.004552276536265947,4.235260651383284,,,,,,,,,,,
285.5550500625943,,,0.05769355407056045,0.44852906553478383,0.11052575606906602,0.004542633053847869,4.2292815621453554,,,,,,,,,,,
285.93635482861737,,,0.057590427696446275,0.4473907563070876,0.11038392351161161,0.004533010000055427,4.2233109138302085,,,,,,,,,,,
286.3181687550439,,,0.05748748565919978,0.4462553359621813,0.11024227296127556,0.004523407331612894,4.217348694521453,,,,,,,,,,,
286.70049252176165,,,0.05738472762932147,0.4451227971684503,0.11010080418449653,0.004513825005336215,4.2113948923195155,,,,,,,,,,,
287.0833268095662,,,0.05728215327790082,0.44399313261288653,0.1099595169480128,0.004504262978132801,4.205449495341621,,,,,,,,,,,
287.46667230016163,,,0.05717976227661535,0.442866335001043,0.10981841101886229,0.004494721207001373,4.199512491721776,,,,,,,,,,,
287.85052967616224,,,0.05707755429772952,0.44174239705698515,0.10967748616438189,0.004485199649031744,4.193583869610743,,,,,,,,,,,
288.23489962109454,,,0.0569755290140934,0.4406213115232423,0.10953674215220674,0.0044756982614046065,4.187663617176001,,,,,,,,,,,
288.61978281939764,,,0.05687368609914188,0.4395030711607621,0.10939617875027025,0.004466217001391374,4.181751722601733,,,,,,,,,,,
289.0051799564241,,,0.05677202522689368,0.43838766874886576,0.1092557957268038,0.004456755826353979,4.175848174088815,,,,,,,,,,,
289.39109171844194,,,0.056670546071950205,0.4372750970851986,0.10911559285033615,0.004447314693744675,4.169952959854772,,,,,,,,,,,
289.7775187926351,,,0.05656924830949449,0.4361653489856858,0.10897556988969308,0.004437893561105856,4.16406606813377,,,,,,,,,,,
290.1644618671059,,,0.056468131615290094,0.43505841728448286,0.1088357266139969,0.004428492386069841,4.1581874871765745,,,,,,,,,,,
290.55192163087537,,,0.05636719566568012,0.4339542948339314,0.10869606279266622,0.004419111126358698,4.152317205250538,,,,,,,,,,,
290.9398987738841,,,0.056266440137586374,0.4328529745045143,0.10855657819541566,0.004409749739784074,4.146455210639589,,,,,,,,,,,
291.328393986994,,,0.056165864708508116,0.43175444918480865,0.1084172725922554,0.0044004081842469915,4.1406014916441904,,,,,,,,,,,
291.71740796198986,,,0.05606546905652095,0.43065871178143744,0.10827814575349061,0.004391086417737627,4.134756036581316,,,,,,,,,,,
292.10694139158045,,,0.0559652528602759,0.42956575521902585,0.10813919744972114,0.004381784398335167,4.128918833784433,,,,,,,,,,,
292.4969949693989,,,0.055865215798998606,0.428475572440157,0.1080004274518414,0.004372502084207604,4.123089871603488,,,,,,,,,,,
292.88756939000433,,,0.055765357552487994,0.4273881564053251,0.10786183553103988,0.004363239433611555,4.117269138404873,,,,,,,,,,,
293.27866534888426,,,0.05566567780111525,0.42630350009288787,0.10772342145879846,0.004353996404892046,4.111456622571395,,,,,,,,,,,
293.6702835424546,,,0.05556617622582286,0.42522159649902297,0.10758518500689226,0.004344772956482343,4.1056523125022615,,,,,,,,,,,
294.0624246680608,,,0.05546685250812386,0.4241424386376847,0.10744712594738945,0.0043355690469037865,4.099856196613069,,,,,,,,,,,
294.4550894239797,,,0.05536770633010035,0.4230660195405561,0.10730924405265065,0.004326384634765574,4.094068263335759,,,,,,,,,,,
294.84827850942014,,,0.055268737374402924,0.4219923322570059,0.10717153909532863,0.004317219678764592,4.088288501118611,,,,,,,,,,,
295.2419926245255,,,0.055169945324249195,0.42092136985404077,0.10703401084836776,0.004308074137685215,4.0825168984262055,,,,,,,,,,,
295.6362324703738,,,0.055071329863423064,0.41985312541626246,0.10689665908500376,0.004298947970399117,4.076753443739404,,,,,,,,,,,
296.0309987489787,,,0.05497289067627376,0.41878759204582505,0.10675948357876355,0.004289841135865119,4.070998125555342,,,,,,,,,,,
296.42629216329135,,,0.054874627447714805,0.4177247628623881,0.10662248410346467,0.004280753593128984,4.065250932387393,,,,,,,,,,,
296.82211341720205,,,0.054776539863222756,0.41666463100307105,0.10648566043321468,0.004271685301323209,4.059511852765137,,,,,,,,,,,
297.21846321554114,,,0.054678627608836315,0.41560718962241056,0.10634901234241106,0.004262636219666882,4.053780875234349,,,,,,,,,,,
297.6153422640794,,,0.05458089037115562,0.4145524318923178,0.10621253960574102,0.004253606307465472,4.04805798835698,,,,,,,,,,,
298.01275126953004,,,0.05448332783734098,0.4135003510020327,0.1060762419981808,0.004244595524110669,4.042343180711135,,,,,,,,,,,
298.41069093955065,,,0.054385939695111775,0.41245094015807837,0.1059401192949953,0.004235603829080176,4.036636440891027,,,,,,,,,,,
298.8091619827437,,,0.05428872563274547,0.411404192584219,0.10580417127173779,0.0042266311819375265,4.030937757506978,,,,,,,,,,,
299.2081651086572,,,0.05419168533907701,0.4103601015214176,0.10566839770424971,0.004217677542331936,4.025247119185391,,,,,,,,,,,
299.60770102778713,,,0.05409481850349745,0.40931866022778984,0.10553279836866011,0.004208742869998088,4.019564514568728,,,,,,,,,,,
300.0077704515777,,,0.05399789231169859,0.4083077128858702,0.10539681922923487,0.004199848539600999,4.013794369749917,,,,,,,,,,,
300.40837409242374,,,0.05388941609535691,0.4087052755253986,0.10523307671493785,0.004192052732333563,4.0032146029974,,,,,,,,,,,
300.8095126636714,,,0.05378115779658582,0.409103225265262,0.10506958858792852,0.0041842713957334285,3.992662722941159,,,,,,,,,,,
301.2111868796189,,,0.053673116977611325,0.4095015624823736,0.1049063544529957,0.004176504502939981,3.982138656076006,,,,,,,,,,,
301.613397455518,,,0.05356529320153897,0.4099002875540134,0.10474337391554223,0.004168752027142462,3.971642329090503,,,,,,,,,,,
302.0161451075763,,,0.053457686032351806,0.41029940085782934,0.10458064658158368,0.00416101394157988,3.961173668866432,,,,,,,,,,,
302.4194305529578,,,0.05335029503490877,0.4106989027718372,0.10441817205774777,0.0041532902195409015,3.950732602478303,,,,,,,,,,,
302.82325450978345,,,0.05324311977494315,0.41109879367442015,0.10425594995127356,0.004145580834363796,3.940319057192868,,,,,,,,,,,
303.2276176971331,,,0.05313615981906056,0.41149907394432983,0.10409397987001033,0.004137885759436321,3.9299329604685864,,,,,,,,,,,
303.6325208350475,,,0.05302941473473716,0.4118997439606871,0.10393226142241632,0.004130204968195622,3.9195742399551134,,,,,,,,,,,
304.03796464452876,,,0.05292288409031799,0.4123008041029822,0.10377079421755807,0.004122538434128149,3.909242823492811,,,,,,,,,,,
304.44394984754126,,,0.05281656745501544,0.4127022547510742,0.10360957786510971,0.004114886130769577,3.898938639112256,,,,,,,,,,,
304.85047716701365,,,0.052710464398907114,0.41310409628519223,0.10344861197535171,0.004107248031704703,3.888661615033718,,,,,,,,,,,
305.25754732683964,,,0.052604574492934486,0.4135063290859354,0.10328789615917,0.004099624110567354,3.8784116796666788,,,,,,,,,,,
305.66516105188015,,,0.05249889730890075,0.41390895353427404,0.10312743002805491,0.0040920143410402956,3.8681887616093023,,,,,,,,,,,
306.07331906796406,,,0.05239343241946931,0.4143119700115495,0.10296721319410028,0.004084418696855141,3.8579927896479584,,,,,,,,,,,
306.4820221018888,,,0.05228817939816224,0.4147153788994736,0.10280724527000287,0.004076837151792271,3.847823692756744,,,,,,,,,,,
306.89127088142226,,,0.05218313781935827,0.41511918058013,0.10264752586906109,0.004069269679680738,3.8376814000969652,,,,,,,,,,,
307.3010661353049,,,0.05207830725829111,0.41552337543597495,0.10248805460517398,0.004061716254398166,3.827565841016635,,,,,,,,,,,
307.7114085932501,,,0.0519736872910477,0.4159279638498372,0.10232883109284034,0.0040541768498706535,3.8174769450499957,,,,,,,,,,,
308.1222989859452,,,0.051869277494566816,0.4163329462049174,0.1021698549471581,0.004046651440072729,3.8074146419170405,,,,,,,,,,,
308.5337380450529,,,0.05176507744663702,0.4167383228847895,0.10201112578382328,0.00403913999902722,3.7973788615230104,,,,,,,,,,,
308.945726503214,,,0.05166108672589498,0.41714409427340154,0.10185264321912856,0.004031642500805154,3.787369533957893,,,,,,,,,,,
309.3582650940472,,,0.051557304911823795,0.4175502607550754,0.1016944068699629,0.0040241589195257,3.7773865894959444,,,,,,,,,,,
309.7713545521504,,,0.05145373158475152,0.4179568227145064,0.10153641635381051,0.0040166892293560744,3.7674299585952253,,,,,,,,,,,
310.1849956131026,,,0.05135036632584923,0.418363780536765,0.10137867128874993,0.004009233404511435,3.7574995718970894,,,,,,,,,,,
310.5991890134648,,,0.05124720871712938,0.418771134607296,0.10122117129345304,0.004001791419254822,3.7475953602257204,,,,,,,,,,,
311.01393549078216,,,0.05114425834144403,0.4191788853119204,0.10106391598718398,0.003994363247897015,3.7377172545876194,,,,,,,,,,,
311.42923578358466,,,0.05104151478248325,0.4195870330368346,0.10090690498979832,0.003986948864796497,3.7278651861711465,,,,,,,,,,,
311.8450906313878,,,0.050938977624773556,0.41999557816861066,0.10075013792174253,0.00397954824435935,3.718039086346056,,,,,,,,,,,
312.2615007746946,,,0.05083664645367616,0.42040452109419685,0.10059361440405272,0.003972161361039164,3.708238886662998,,,,,,,,,,,
312.67846695499753,,,0.050734520855385,0.42081386220091893,0.10043733405835349,0.003964788189336939,3.6984645188530307,,,,,,,,,,,
313.0959899147791,,,0.05063260041692537,0.42122360187647984,0.10028129650685728,0.003957428703801008,3.6887159148271613,,,,,,,,,,,
313.51407039751285,,,0.05053088472615234,0.42163374050895924,0.10012550137236374,0.003950082879026955,3.6789930066758822,,,,,,,,,,,
313.9327091476647,,,0.05042937337174895,0.42204427848681475,0.09996994827825846,0.003942750689657522,3.669295726668685,,,,,,,,,,,
314.35190691069573,,,0.0503280659432243,0.42245521619888277,0.099814636848512,0.003935432110382512,3.6596240072535773,,,,,,,,,,,
314.7716644330621,,,0.05022696203091222,0.42286655403437856,0.09965956670767895,0.0039281271159387005,3.649977781056619,,,,,,,,,,,
315.1919824622163,,,0.05012606122596962,0.4232782923828954,0.09950473748089757,0.003920835681109769,3.640356980881475,,,,,,,,,,,
315.6128617466091,,,0.05002536312037466,0.42369043163440634,0.0993501487938883,0.003913557780726214,3.6307615397089235,,,,,,,,,,,
316.0343030356904,,,0.0499248673069253,0.42410297217926396,0.0991958002729532,0.003906293389665246,3.621191390696401,,,,,,,,,,,
316.4563070799116,,,0.04982457337923727,0.42451591440820136,0.09904169154497472,0.0038990424828506914,3.611646467177516,,,,,,,,,,,
316.87887463072593,,,0.04972448093174278,0.42492925871233217,0.09888782223741482,0.003891805035252937,3.6021267026616024,,,,,,,,,,,
317.3020064405897,,,0.0496245895596889,0.42534300548315024,0.09873419197831464,0.0038845810218888347,3.5926320308332653,,,,,,,,,,,
317.72570326296375,,,0.04952489885913584,0.4257571551125306,0.09858080039629304,0.0038773704178216074,3.583162385551908,,,,,,,,,,,
318.14996585231574,,,0.04942540842695504,0.4261717079927304,0.09842764712054579,0.0038701731981607606,3.573717700851258,,,,,,,,,,,
318.5747949641209,,,0.04932611786082788,0.42658666451638877,0.09827473178084452,0.003862989338062001,3.564297910938918,,,,,,,,,,,
319.0001913548624,,,0.04922702675924407,0.4270020250765266,0.09812205400753644,0.003855818812727159,3.554902950195924,,,,,,,,,,,
319.4261557820337,,,0.04912813472149992,0.4274177900665474,0.09796961343154298,0.003848661597404096,3.545532753176277,,,,,,,,,,,
319.85268900414064,,,0.049029441347696504,0.4278339598802386,0.09781740968435867,0.003841517667386608,3.5361872546064586,,,,,,,,,,,
320.2797917807007,,,0.04893094623873848,0.4282505349117698,0.09766544239805088,0.003834386998014364,3.526866389385031,,,,,,,,,,,
320.7074648722467,,,0.04883264899633204,0.42866751555569577,0.09751371120525826,0.003827269564672794,3.5175700925821283,,,,,,,,,,,
321.1357090403262,,,0.04873454922298367,0.4290849022069545,0.09736221573919046,0.00382016534279303,3.508298299439049,,,,,,,,,,,
321.5645250475036,,,0.048636646521998436,0.4295026952608683,0.09721095563362707,0.0038130743078518075,3.4990509453677867,,,,,,,,,,,
321.9939136573621,,,0.048538940497478096,0.4299208951131454,0.0970599305229162,0.003805996435371379,3.4898279659505635,,,,,,,,,,,
322.4238756345047,,,0.04844143075431978,0.43033950215987904,0.09690914004197423,0.0037989317009194186,3.480629296939401,,,,,,,,,,,
322.8544117445546,,,0.04834411689821449,0.4307585167975476,0.0967585838262849,0.0037918800801089807,3.4714548742556803,,,,,,,,,,,
323.28552275415745,,,0.048246998535645326,0.4311779394230154,0.09660826151189823,0.0037848415485983774,3.4623046339896835,,,,,,,,,,,
323.7172094309832,,,0.04815007527388583,0.4315977704335341,0.09645817273542938,0.0037778160820910876,3.453178512400138,,,,,,,,,,,
324.1494725437268,,,0.048053346720998404,0.43201801022674174,0.09630831713405819,0.0037708036563357016,3.4440764459137823,,,,,,,,,,,
324.5823128621091,,,0.04795681248583302,0.4324386592006632,0.0961586943455283,0.0037638042471258293,3.4349983711249363,,,,,,,,,,,
325.01573115687887,,,0.04786047217802543,0.4328597177537109,0.09600930400814624,0.0037568178303000123,3.425944224795053,,,,,,,,,,,
325.4497281998148,,,0.04776432540799537,0.43328118628468604,0.09586014576077995,0.003749844381741631,3.4169139438522476,,,,,,,,,,,
325.88430476372497,,,0.04766837178694544,0.4337030651927768,0.09571121924285902,0.0037428838773788443,3.407907465390912,,,,,,,,,,,
326.3194616224507,,,0.047572610926859056,0.43412535487756143,0.09556252409437276,0.00373593629318448,3.398924726671222,,,,,,,,,,,
326.7551995508657,,,0.04747704244049934,0.43454805573900634,0.09541405995587005,0.0037290016051759766,3.389965665118746,,,,,,,,,,,
327.1915193248783,,,0.04738166594140731,0.4349711681774673,0.09526582646845827,0.0037220797894152893,3.3810302183239873,,,,,,,,,,,
327.6284217214336,,,0.04728648104390022,0.43539469259369035,0.09511782327380204,0.0037151708220087985,3.372118324041942,,,,,,,,,,,
328.06590751851405,,,0.04719148736307007,0.4358186293888121,0.09497005001412284,0.003708274679107238,3.3632299201916713,,,,,,,,,,,
328.50397749514053,,,0.04709668451478229,0.4362429789643589,0.09482250633219809,0.003701391336905618,3.3543649448558868,,,,,,,,,,,
328.9426324313739,,,0.047002072115674,0.436667741722248,0.09467519187136027,0.0036945207716431346,3.345523336280506,,,,,,,,,,,
329.3818731083175,,,0.04690764978315229,0.4370929180647888,0.09452810627549561,0.003687662959603087,3.3367050328742067,,,,,,,,,,,
329.82170030811756,,,0.04681341713539287,0.4375185083946822,0.09438124918904375,0.0036808178771127846,3.3279099732080115,,,,,,,,,,,
330.26211481396416,,,0.04671937379133858,0.4379445131150208,0.09423462025699689,0.003673985500543495,3.319138096014876,,,,,,,,,,,
330.70311741009306,,,0.04662551937069782,0.4383709326292896,0.09408821912489874,0.0036671658063103557,3.3103893401892464,,,,,,,,,,,
331.1447088817883,,,0.04653185349394272,0.4387977673413673,0.09394204543884335,0.0036603587708722496,3.301663644786611,,,,,,,,,,,
331.5868900153812,,,0.04643837578230816,0.43922501765552474,0.09379609884547503,0.003653564370731786,3.2929609490231293,,,,,,,,,,,
332.0296615982543,,,0.04634508585778957,0.43965268397642765,0.09365037899198668,0.0036467825824351738,3.28428119227515,,,,,,,,,,,
332.4730244188407,,,0.04625198334314202,0.44008076670913465,0.09350488552611959,0.0036400133825721655,3.275624314078836,,,,,,,,,,,
332.91697926662613,,,0.04615906786187841,0.440509266259099,0.09335961809616235,0.0036332567477759697,3.2669902541297233,,,,,,,,,,,
333.3615269321513,,,0.04606633903826782,0.4409381830321692,0.09321457635094962,0.0036265126547231604,3.2583789522822912,,,,,,,,,,,
333.80666820701265,,,0.045973796497334164,0.441367517434589,0.09306975993986182,0.003619781080133606,3.2497903485495514,,,,,,,,,,,
334.2524038838627,,,0.045881439864854705,0.441797269872997,0.09292516851282416,0.0036130620007703944,3.241224383102645,,,,,,,,,,,
334.6987347564127,,,0.045789268767358574,0.44222744075442794,0.09278080172030581,0.0036063553934397455,3.232680996270416,,,,,,,,,,,
335.1456616194341,,,0.045697282832124965,0.4426580304863132,0.09263665921331861,0.0035996612349909257,3.2241601285389767,,,,,,,,,,,
335.59318526876,,,0.04560548168718189,0.44308903947648115,0.09249274064341675,0.0035929795023161726,3.215661720551309,,,,,,,,,,,
336.04130650128513,,,0.04551386496130467,0.4435204681331564,0.09234904566269586,0.0035863101723506256,3.2071857131068677,,,,,,,,,,,
336.490026114969,,,0.045422432284014366,0.4439523168649615,0.09220557392379203,0.0035796532220722325,3.198732047161142,,,,,,,,,,,
336.939344908836,,,0.045331183285576365,0.4443845860809166,0.09206232507988107,0.003573008628501679,3.190300663825259,,,,,,,,,,,
337.38926368297837,,,0.04524011759699865,0.4448172761904405,0.09191929878467738,0.0035663763687023013,3.1818915043655593,,,,,,,,,,,
337.8397832385566,,,0.0451492348500305,0.44525038760335095,0.0917764946924334,0.003559756419780001,3.1735045102031934,,,,,,,,,,,
338.2909043778004,,,0.045058534677161054,0.4456839207298639,0.09163391245793893,0.0035531487588831893,3.1651396229137303,,,,,,,,,,,
338.74262790401065,,,0.044968016711617806,0.44611787598059477,0.09149155173651997,0.0035465533632027062,3.156796784226739,,,,,,,,,,,
339.19495462156146,,,0.04487768058736488,0.4465522537665593,0.09134941218403791,0.0035399702099717014,3.1484759360253656,,,,,,,,,,,
339.6478853359012,,,0.044787525939101784,0.44698705449917386,0.09120749345688878,0.003533399276465599,3.1401770203459454,,,,,,,,,,,
340.101420853553,,,0.04469755240226191,0.4474222785902542,0.09106579521200261,0.0035268405400020087,3.131899979377608,,,,,,,,,,,
340.555561982117,,,0.044607759613011125,0.44785792645201733,0.09092431710684233,0.0035202939779406424,3.123644755461866,,,,,,,,,,,
341.01030953027237,,,0.044518147208246026,0.4482939984970824,0.09078305879940295,0.0035137595676832316,3.1154112910921983,,,,,,,,,,,
341.46566430777807,,,0.044428714825592644,0.44873049513847013,0.09064201994821078,0.003507237286673454,3.1071995289136605,,,,,,,,,,,
341.9216271254738,,,0.044339462103405156,0.44916741678960276,0.09050120021232286,0.0035007271123968634,3.0990094117225024,,,,,,,,,,,
342.3781987952822,,,0.0442503886807641,0.4496047638643053,0.09036059925132568,0.0034942290223808027,3.090840882465746,,,,,,,,,,,
342.8353801302098,,,0.044161494197475205,0.4500425367768058,0.09022021672533485,0.0034877429941943313,3.0826938842408045,,,,,,,,,,,
343.29317194434935,,,0.04407277829406764,0.4504807359417357,0.09008005229499375,0.0034812690054481393,3.0745683602950646,,,,,,,,,,,
343.7515750528808,,,0.04398424061179272,0.45091936177413056,0.08994010562147302,0.003474807033794474,3.066464254025504,,,,,,,,,,,
344.2105902720719,,,0.04389588079262254,0.45135841468942933,0.08980037636646979,0.003468357056927075,3.058381508978311,,,,,,,,,,,
344.6702184192802,,,0.04380769847924849,0.4517978951034754,0.08966086419220687,0.003461919052581084,3.0503200688484773,,,,,,,,,,,
345.13046031295556,,,0.043719693315079584,0.45223780343251774,0.08952156876143162,0.003455492998532969,3.0422798774793938,,,,,,,,,,,
345.5913167726407,,,0.04363186494424122,0.4526781400932105,0.08938248973741539,0.0034490788726004393,3.0342608788624714,,,,,,,,,,,
346.05278861897193,,,0.04354421301157386,0.4531189055026132,0.0892436267839527,0.0034426766526423924,3.0262630171367655,,,,,,,,,,,
346.5148766736814,,,0.043456737162631355,0.453560100078191,0.08910497956536058,0.0034362863165588353,3.01828623658857,,,,,,,,,,,
346.97758175959916,,,0.04336943704367958,0.45400172423781654,0.08896654774647726,0.003429907842290769,3.010330481651022,,,,,,,,,,,
347.4409047006541,,,0.04328231230169495,0.4544437783997691,0.08882833099266178,0.003423541207820155,3.002395696903723,,,,,,,,,,,
347.9048463218745,,,0.043195362584363246,0.45488626298273493,0.08869032896979312,0.0034171863911698287,2.994481827072368,,,,,,,,,,,
348.3694074493908,,,0.04310858754007794,0.4553291784058078,0.08855254134426933,0.0034108433704034156,2.9865888170283394,,,,,,,,,,,
348.8345889104361,,,0.043021986817938854,0.4557725250884895,0.08841496778300686,0.003404512123625263,2.978716611788337,,,,,,,,,,,
349.30039153334883,,,0.04293556006775068,0.45621630345069086,0.08827760795343943,0.0033981926289803556,2.9708651565139768,,,,,,,,,,,
349.76681614757365,,,0.042849306940021564,0.45666051391273177,0.08814046152351733,0.003391884864654244,2.9630343965114205,,,,,,,,,,,
350.23386358366184,,,0.04276322708596193,0.4571051568953403,0.08800352816170703,0.003385588808872979,2.9552242772310064,,,,,,,,,,,
350.70153467327395,,,0.0426773201574828,0.4575502328196547,0.08786680753699,0.003379304439903028,2.947434744266858,,,,,,,,,,,
351.16983024918164,,,0.04259158580719441,0.45799574210722344,0.08773029931886187,0.0033730317360511977,2.939665743356492,,,,,,,,,,,
351.63875114526866,,,0.042506023688404844,0.4584416851800058,0.08759400317733156,0.0033667706756645467,2.9319172203804533,,,,,,,,,,,
352.10829819653145,,,0.04242063345511879,0.458888062460371,0.087457918782921,0.0033605212371303553,2.92418912136195,,,,,,,,,,,
352.57847223908146,,,0.04233541476203602,0.4593348743710997,0.08732204580666396,0.00335428339887601,2.9164813924664648,,,,,,,,,,,
353.04927411014734,,,0.04225036726454978,0.4597821213353849,0.08718638392010511,0.003348057139368927,2.9087939800013674,,,,,,,,,,,
353.52070464807576,,,0.04216549061874569,0.4602298037768314,0.0870509327952993,0.0033418424371165034,2.9011268304155546,,,,,,,,,,,
353.99276469233195,,,0.04208078448140031,0.4606779221194561,0.08691569210481116,0.003335639270666032,2.893479890299088,,,,,,,,,,,
354.4654550835027,,,0.04199624850997972,0.46112647678768887,0.08678066152171392,0.003329447618604622,2.885853106382802,,,,,,,,,,,
354.93877666329666,,,0.04191188236263807,0.46157546820637263,0.08664584071958875,0.003323267459559144,2.8782464255379487,,,,,,,,,,,
355.4127302745472,,,0.0418276856982162,0.46202489680076453,0.08651122937252387,0.003317098772196117,2.8706597947758064,,,,,,,,,,,
355.88731676121324,,,0.04174365817624028,0.4624747629965359,0.08637682715511363,0.003310941535221671,2.8630931612473245,,,,,,,,,,,
356.3625369683798,,,0.04165979945692058,0.46292506721977184,0.0862426337424583,0.003304795727381467,2.8555464722427666,,,,,,,,,,,
356.83839174226046,,,0.04157610920115,0.46337580989697225,0.08610864881016281,0.0032986613274606164,2.848019675191331,,,,,,,,,,,
357.3148819301993,,,0.04149258707050247,0.46382699145505296,0.08597487203433596,0.0032925383142836055,2.840512717660773,,,,,,,,,,,
357.79200838067214,,,0.041409232727231855,0.4642786123213457,0.0858413030915896,0.0032864266667142253,2.8330255473570527,,,,,,,,,,,
358.26977194328674,,,0.041326045834270624,0.46473067292359743,0.0857079416590383,0.0032803263636555073,2.8255581121239786,,,,,,,,,,,
358.7481734687857,,,0.04124302605522839,0.46518317368997153,0.08557478741429823,0.0032742373840496434,2.8181103599428377,,,,,,,,,,,
359.227213809048,,,0.04116017305439038,0.46563611504904906,0.08544184003548624,0.00326815970687791,2.8106822389320185,,,,,,,,,,,
359.7068938170904,,,0.04107748649671626,0.46608949742982847,0.08530909920121917,0.0032620933111605853,2.8032736973466608,,,,,,,,,,,
360.1872143470678,,,0.040994966047838886,0.4665433212617251,0.0851765645906134,0.0032560381759569167,2.795884683578308,,,,,,,,,,,
360.66817625427626,,,0.04091261137406276,0.46699758697457266,0.08504423588328376,0.003249994280365006,2.7885151461545314,,,,,,,,,,,
361.1497803951533,,,0.04083042214236283,0.4674522949986234,0.08491211275934286,0.003243961603521759,2.7811650337385796,,,,,,,,,,,
361.63202762728093,,,0.04074839802038284,0.46790744576454885,0.08478019489940021,0.003237940124602806,2.7738342951290065,,,,,,,,,,,
362.1149188093862,,,0.04066653867643431,0.46836303970343995,0.08464848198456132,0.0032319298228224197,2.766522879259327,,,,,,,,,,,
362.59845480134226,,,0.040584843779495165,0.46881907724680666,0.08451697369642747,0.0032259306774334745,2.7592307351976686,,,,,,,,,,,
363.0826364641702,,,0.04050331299920835,0.46927555882657934,0.08438566971709456,0.003219942667727351,2.7519578121464097,,,,,,,,,,,
363.56746466004194,,,0.04042194600588026,0.4697324848751093,0.08425456972915223,0.0032139657730338622,2.7447040594418106,,,,,,,,,,,
364.0529402522803,,,0.0403407424704797,0.470189855825169,0.08412367341568312,0.0032079999727211914,2.7374694265536754,,,,,,,,,,,
364.53906410536035,,,0.04025970206463655,0.47064767210995156,0.08399298046026256,0.003202045246195824,2.730253863085009,,,,,,,,,,,
365.02583708491153,,,0.040178824460640354,0.47110593416307184,0.08386249054695737,0.0031961015729024714,2.7230573187716542,,,,,,,,,,,
365.5132600577198,,,0.04009810933143889,0.47156464241856766,0.08373220336032511,0.003190168932323994,2.7158797434819326,,,,,,,,,,,
366.0013338917286,,,0.0400175563506369,0.4720237973108994,0.08360211858541325,0.0031842473039813356,2.708721087216306,,,,,,,,,,,
366.49005945603966,,,0.039937165192494975,0.4724833992749498,0.0834722359077589,0.003178336667433461,2.701581300107037,,,,,,,,,,,
366.97943762091546,,,0.03985693553192804,0.47294344874602545,0.08334255501338757,0.003172437002277273,2.6944603324178287,,,,,,,,,,,
367.46946925778036,,,0.039776867044504116,0.47340394615985626,0.08321307558881262,0.003166548288147552,2.687358134543485,,,,,,,,,,,
367.96015523922296,,,0.03969695940644288,0.4738648919525973,0.08308379732103433,0.0031606705047168763,2.6802746570095515,,,,,,,,,,,
368.451496438997,,,0.03961721229461441,0.47432628656082826,0.08295471989753911,0.0031548036316955434,2.673209850471983,,,,,,,,,,,
368.9434937320224,,,0.03953762538653806,0.4747881304215532,0.0828258430062992,0.003148947648831539,2.6661636657168057,,,,,,,,,,,
369.43614799438706,,,0.03945819836038102,0.4752504239722016,0.08269716633577152,0.00314310253591043,2.659136053659769,,,,,,,,,,,
369.92946010334987,,,0.039378930894956914,0.47571316765062965,0.08256868957489695,0.0031372682727552935,2.6521269653459894,,,,,,,,,,,
370.4234309373408,,,0.03929982266972452,0.47617636189512,0.08244041241309942,0.003131444839226669,2.64513635194962,,,,,,,,,,,
370.9180613759622,,,0.03922087336478674,0.4766400071443811,0.08231233454028568,0.0031256322152224828,2.638164164773525,,,,,,,,,,,
371.41335229999095,,,0.03914208266088909,0.47710410383754864,0.08218445564684419,0.003119830380677974,2.6312103552489248,,,,,,,,,,,
371.90930459138076,,,0.03906345023941833,0.4775686524141867,0.08205677542364434,0.003114039315565619,2.62427487493505,,,,,,,,,,,
372.40591913326307,,,0.03898497578240128,0.4780336533142873,0.08192929356203558,0.0031082589998950717,2.6173576755188135,,,,,,,,,,,
372.90319680994776,,,0.038906658972503616,0.47849910697827014,0.08180200975384723,0.003102489413713097,2.6104587088144866,,,,,,,,,,,
373.401138506926,,,0.038828499493028495,0.4789650138469841,0.0816749236913872,0.0030967305371034947,2.603577926763343,,,,,,,,,,,
373.8997451108708,,,0.03875049702791532,0.4794313743617069,0.08154803506744158,0.003090982350187036,2.596715281433339,,,,,,,,,,,
374.39901750964026,,,0.038672651261738335,0.4798981889641468,0.08142134357527346,0.0030852448331213866,2.589870725018763,,,,,,,,,,,
374.89895659227767,,,0.03859496187970538,0.480365458096442,0.08129484890862256,0.0030795179661010424,2.5830442098399096,,,,,,,,,,,
375.3995632490129,,,0.03851742856765687,0.4808331822011606,0.08116855076170454,0.003073801729357271,2.5762356883427633,,,,,,,,,,,
375.90083837126457,,,0.038440051012064304,0.4813013617213015,0.08104244882921019,0.0030680961031580322,2.5694451130986518,,,,,,,,,,,
376.40278285164237,,,0.0383628289000289,0.4817699971002957,0.0809165428063043,0.0030624010678079122,2.5626724368039087,,,,,,,,,,,
376.9053975839478,,,0.038285761919280493,0.482239088782006,0.08079083238862537,0.003056716603648045,2.555917612279552,,,,,,,,,,,
377.4086834631752,,,0.03820884975817629,0.48270863721072665,0.0806653172722849,0.0030510426910560677,2.5491805924709676,,,,,,,,,,,
377.9126413855139,,,0.03813209210569961,0.4831786428311845,0.08053999715386652,0.003045379310446052,2.54246133044757,,,,,,,,,,,
378.4172722483513,,,0.038055488651458386,0.48364910608854045,0.08041487173042489,0.0030397264422683955,2.535759779402461,,,,,,,,,,,
378.92257695027126,,,0.03797903908568435,0.4841200274283875,0.08028994069948575,0.0030340840670098094,2.5290758926521377,,,,,,,,,,,
379.4285563910593,,,0.03790274309923122,0.48459140729675393,0.08016520375904441,0.0030284521651932103,2.5224096236361286,,,,,,,,,,,
379.9352114717012,,,0.037826600383574015,0.48506324614010116,0.08004066060756564,0.003022830717377678,2.5157609259167044,,,,,,,,,,,
380.44254309438577,,,0.03775061063080751,0.48553554440532537,0.07991631094398262,0.0030172197041583772,2.5091297531785366,,,,,,,,,,,
380.95055216250734,,,0.03767477353364491,0.48600830253975863,0.07979215446769607,0.0030116191061664876,2.5025160592283693,,,,,,,,,,,
381.4592395806666,,,0.03759908878541677,0.48648152099116854,0.0796681908785738,0.003006028904069141,2.495919797994704,,,,,,,,,,,
381.96860625467133,,,0.03752355608006974,0.4869552002077579,0.07954441987695002,0.0030004490785693616,2.48934092352749,,,,,,,,,,,
382.47865309153883,,,0.037448175112165395,0.48742934063816606,0.07942084116362454,0.002994879610405992,2.482779389997795,,,,,,,,,,,
382.98938099949845,,,0.03737294557687874,0.4879039427314698,0.07929745443986172,0.002989320480353622,2.4762351516974728,,,,,,,,,,,
383.5007908879922,,,0.03729786716999716,0.4883790069371832,0.07917425940739013,0.0029837716692225273,2.469708163038859,,,,,,,,,,,
384.0128836676756,,,0.03722293958791926,0.4888545337052573,0.0790512557684019,0.002978233157858611,2.463198378554462,,,,,,,,,,,
384.52566025042046,,,0.037148162527653565,0.48933052348608125,0.07892844322555183,0.0029727049271433296,2.4567057528966334,,,,,,,,,,,
385.03912154931714,,,0.03707353568681713,0.4898069767304839,0.07880582148195629,0.0029671869579936177,2.4502302408372416,,,,,,,,,,,
385.55326847867383,,,0.03699905876363465,0.4902838938897314,0.07868339024119338,0.0029616792313618494,2.4437717972673894,,,,,,,,,,,
386.0681019540211,,,0.036924731456936886,0.490761275415531,0.07856114920730131,0.0029561817282357287,2.437330377197058,,,,,,,,,,,
386.58362289211084,,,0.036850553466159716,0.49123912176002854,0.07843909808477836,0.0029506944296382787,2.4309059357548333,,,,,,,,,,,
387.09983221091926,,,0.03677652449134287,0.49171743337581014,0.0783172365785819,0.002945217316627739,2.4244984281875737,,,,,,,,,,,
387.6167308296489,,,0.036702644233128544,0.49219621071590325,0.07819556439412745,0.0029397503702974967,2.4181078098600914,,,,,,,,,,,
388.1343196687299,,,0.036628912392760324,0.49267545423377657,0.07807408123728823,0.002934293571776043,2.4117340362548494,,,,,,,,,,,
388.6525996498206,,,0.036555328672082034,0.49315516438333956,0.0779527868143946,0.0029288469022269005,2.4053770629716635,,,,,,,,,,,
389.17157169581014,,,0.036481892773536514,0.49363534161894346,0.07783168083223319,0.0029234103428485577,2.39903684572738,,,,,,,,,,,
389.69123673082055,,,0.03640860440016424,0.49411598639538284,0.07771076299804584,0.0029179838748743954,2.3927133403555607,,,,,,,,,,,
390.21159568020806,,,0.03633546325560223,0.4945970991678951,0.07759003301952937,0.0029125674795726303,2.386406502806184,,,,,,,,,,,
390.7326494705638,,,0.03626246904408302,0.4950786803921602,0.07746949060483482,0.002907161138246255,2.3801162891453447,,,,,,,,,,,
391.2543990297163,,,0.03618962147043319,0.4955607305243018,0.07734913546256658,0.002901764832232964,2.373842655554939,,,,,,,,,,,
391.77684528673296,,,0.036116920240072396,0.4960432500208878,0.07722896730178183,0.0028963785429050965,2.3675855583323644,,,,,,,,,,,
392.29998917192233,,,0.036044365059011964,0.49652623933893103,0.07710898583198952,0.0028910022516695634,2.3613449538902027,,,,,,,,,,,
392.8238316168353,,,0.0359719556338538,0.49700969893588953,0.07698919076315,0.002885635939967786,2.3551207987559257,,,,,,,,,,,
393.348373554266,,,0.03589969167178935,0.49749362926966584,0.07686958180567437,0.0028802795892756434,2.3489130495716015,,,,,,,,,,,
393.87361591825385,,,0.03582757288059822,0.49797803079860853,0.07675015867042351,0.0028749331811033963,2.342721663093584,,,,,,,,,,,
394.3995596440865,,,0.035755598968647016,0.49846290398151305,0.07663092106870747,0.002869596696995625,2.336546596192201,,,,,,,,,,,
394.92620566830044,,,0.035683769644888175,0.49894824927762166,0.07651186871228478,0.0028642701185311583,2.330387805851464,,,,,,,,,,,
395.45355492868197,,,0.03561208461885895,0.49943406714662303,0.07639300131336195,0.0028589534273230294,2.3242452491687775,,,,,,,,,,,
395.9816083642696,,,0.035540543600680055,0.49992035804865337,0.0762743185845925,0.002853646605018411,2.31811888335463,,,,,,,,,,,
396.51036691535654,,,0.03546914630105447,0.5004071224442976,0.07615582023907629,0.0028483496332985187,2.3120086657322894,,,,,,,,,,,
397.03983152349156,,,0.035397892431266356,0.5008943607945894,0.07603750599035891,0.0028430624938785842,2.3059145537375114,,,,,,,,,,,
397.57000313148,,,0.03532678170317995,0.5013820735610103,0.07591937555243115,0.0028377851685077813,2.2998365049182548,,,,,,,,,,,
398.1008826833864,,,0.03525581382923831,0.5018702612054915,0.07580142863972796,0.0028325176389691594,2.293774476934371,,,,,,,,,,,
398.6324711245355,,,0.03518498852246214,0.502358924190414,0.07568366496712811,0.002827259887079584,2.287728427557319,,,,,,,,,,,
399.1647694015154,,,0.035114305496448645,0.5028480629786092,0.07556608424995316,0.0028220118946896684,2.2816983146698546,,,,,,,,,,,
399.69777846217784,,,0.035043764465370324,0.5033376780333597,0.07544868620396696,0.002816773643683713,2.2756840962657505,,,,,,,,,,,
400.23149925563973,,,0.034973365143974026,0.5038277698183982,0.07533147054537498,0.002811545115979652,2.269685730449511,,,,,,,,,,,
400.76593273228514,,,0.03490310724757958,0.5043183387979087,0.07521443699082372,0.0028063262935289833,2.263703175436069,,,,,,,,,,,
401.30107984376815,,,0.03483299049207864,0.5048093854365282,0.07509758525739971,0.0028011171583167006,2.2577363895504883,,,,,,,,,,,
401.8369415430135,,,0.034763014593933626,0.5053009101993463,0.07498091506262901,0.0027959176923612375,2.251785331227682,,,,,,,,,,,
402.37351878421754,,,0.03469317927017662,0.5057929135519041,0.07486442612447658,0.002790727877714411,2.2458499590121312,,,,,,,,,,,
402.9108125228509,,,0.03462348423840821,0.5062853959601967,0.07474811816134569,0.002785547696461353,2.239930231557588,,,,,,,,,,,
403.4488237156608,,,0.034553929216796106,0.506778357890673,0.07463199089207687,0.0027803771307204485,2.2340261076267782,,,,,,,,,,,
403.987553320672,,,0.03448451392407427,0.5072717998102367,0.07451604403594748,0.0027752161626432626,2.2281375460911215,,,,,,,,,,,
404.5270022971877,,,0.03441523807954176,0.5077657221862448,0.07440027731267108,0.0027700647744145082,2.2222645059304575,,,,,,,,,,,
405.0671716057926,,,0.03434610140306153,0.5082601254865101,0.0742846904423967,0.002764922948251957,2.216406946232743,,,,,,,,,,,
405.60806220835343,,,0.03427710361505927,0.5087550101793005,0.07416928314570817,0.002759790666406403,2.2105648261937776,,,,,,,,,,,
406.14967506802236,,,0.03420824443652226,0.5092503767333404,0.07405405514362332,0.0027546679111615634,2.2047381051169066,,,,,,,,,,,
406.69201114923754,,,0.0341395235889983,0.5097462256178107,0.07393900615759326,0.0027495546648340524,2.198926742412744,,,,,,,,,,,
407.23507141772416,,,0.03407094079459463,0.5102425573023485,0.07382413590950215,0.0027444509097733103,2.193130697598902,,,,,,,,,,,
407.778856840497,,,0.0340024957759768,0.5107393722570479,0.07370944412166615,0.002739356628361542,2.1873499302996975,,,,,,,,,,,
408.3233683858628,,,0.03393418825636732,0.5112366709524618,0.07359493051683273,0.0027342718030136477,2.181584400245862,,,,,,,,,,,
408.8686070234214,,,0.03386601795954479,0.511734453859601,0.07348059481818,0.00272919641617717,2.1758340672742738,,,,,,,,,,,
409.41457372406654,,,0.03379798460984278,0.5122327214499345,0.07336643674931637,0.002724130450332238,2.170098891327681,,,,,,,,,,,
409.9612694599884,,,0.03373008793214866,0.5127314741953899,0.07325245603427961,0.0027190738879915017,2.164378832454417,,,,,,,,,,,
410.50869520467603,,,0.03366232765190234,0.5132307125683554,0.07313865239753613,0.0027140267117000674,2.158673850808115,,,,,,,,,,,
411.05685193291856,,,0.03359470349509532,0.513730437041679,0.07302502556398026,0.0027089889040354323,2.1529839066474357,,,,,,,,,,,
411.6057406208059,,,0.033527215188269656,0.5142306480886685,0.07291157525893403,0.0027039604476074533,2.1473089603358013,,,,,,,,,,,
412.1553622457317,,,0.0334598624585167,0.5147313461830927,0.07279830120814605,0.002698941325058255,2.141648972341106,,,,,,,,,,,
412.70571778639425,,,0.0333926450334761,0.5152325317991816,0.0726852031377911,0.0026939315190621866,2.1360039032354483,,,,,,,,,,,
413.2568082227998,,,0.03332556264133452,0.5157342054116275,0.07257228077446927,0.0026889310123257544,2.130373713694845,,,,,,,,,,,
413.80863453626296,,,0.033258615010824714,0.516236367495585,0.07245953384520526,0.0026839397875875583,2.124758364498965,,,,,,,,,,,
414.361197709408,,,0.033191801871224454,0.5167390185266705,0.07234696207744813,0.002678957827618248,2.1191578165308647,,,,,,,,,,,
414.91449872617113,,,0.033125122952355375,0.5172421589809636,0.07223456519907034,0.0026739851152204636,2.113572030776706,,,,,,,,,,,
415.46853857180355,,,0.03305857798458179,0.5177457893350081,0.072122342938367,0.002669021633228746,2.1080009683254786,,,,,,,,,,,
416.0233182328718,,,0.03299216669880964,0.5182499100658121,0.07201029502405525,0.0026640673645095085,2.1024445903687345,,,,,,,,,,,
416.57883869725913,,,0.032925888826485575,0.5187545216508468,0.0718984211852739,0.0026591222919609718,2.096902858200328,,,,,,,,,,,
417.13510095416785,,,0.032859744099595745,0.519259624568049,0.07178672115158256,0.0026541863985131,2.0913757332161382,,,,,,,,,,,
417.69210599412196,,,0.03279373225066462,0.5197652192958212,0.0716751946529609,0.0026492596671275383,2.0858631769137883,,,,,,,,,,,
418.24985480896817,,,0.03272785301275396,0.5202713063130316,0.07156384141980794,0.002644342080797558,2.0803651508923893,,,,,,,,,,,
418.8083483918768,,,0.03266210611946191,0.5207778860990144,0.07145266118294183,0.0026394336225480045,2.07488161685228,,,,,,,,,,,
419.3675877373447,,,0.03259649130492174,0.5212849591335705,0.07134165367359876,0.0026345342754352298,2.0694125365947458,,,,,,,,,,,
419.92757384119636,,,0.03253100830380086,0.5217925258969678,0.07123081862343263,0.002629644022547039,2.0639578720217644,,,,,,,,,,,
420.4883077005868,,,0.032465656851299624,0.5223005868699422,0.07112015576451404,0.002624762847002628,2.058517585135724,,,,,,,,,,,
421.0497903140025,,,0.032400436683150284,0.5228091425336983,0.07100966482932976,0.0026198907319525157,2.05309163803917,,,,,,,,,,,
421.6120226812625,,,0.03233534753561614,0.523318193369908,0.07089934555078242,0.002615027660578519,2.047679992934549,,,,,,,,,,,
422.1750058035208,,,0.0322703891454903,0.5238277398607124,0.0707891976621896,0.002610173616093665,2.0422826121239335,,,,,,,,,,,
422.7387406832691,,,0.03220556125009452,0.5243377824887228,0.07067922089728304,0.00260532858174213,2.0368994580087563,,,,,,,,,,,
423.3032283243379,,,0.032140863587278225,0.5248483217370203,0.07056941499020805,0.0026004925407991995,2.031530493089554,,,,,,,,,,,
423.8684697318971,,,0.032076295895417606,0.5253593580891558,0.07045977967552323,0.002595665476571209,2.0261756799657147,,,,,,,,,,,
424.43446591245885,,,0.03201185791341443,0.5258708920291508,0.07035031468819954,0.002590847372395479,2.0208349813352076,,,,,,,,,,,
425.0012178738802,,,0.03194754938069486,0.526382924041499,0.07024101976361954,0.0025860382116402536,2.0155083599943175,,,,,,,,,,,
425.568726625364,,,0.03188337003720857,0.5268954546111659,0.07013189463757684,0.0025812379777046513,2.0101957788373923,,,,,,,,,,,
426.1369931774598,,,0.031819319623427676,0.5274084842235882,0.07002293904627571,0.0025764466540186084,2.0048972008565937,,,,,,,,,,,
426.706018542067,,,0.03175539788034567,0.5279220133646759,0.06991415272633017,0.0025716642240428173,1.9996125891416254,,,,,,,,,,,
427.2758037324358,,,0.03169160454947638,0.5284360425208116,0.06980553541476352,0.002566890671268673,1.9943419068794859,,,,,,,,,,,
427.8463497631702,,,0.03162793937285285,0.5289505721788522,0.06969708684900745,0.002562125979218209,1.9890851173541995,,,,,,,,,,,
428.4176576502291,,,0.03156440209302627,0.5294656028261288,0.06958880676690155,0.002557370131444045,1.9838421839465672,,,,,,,,,,,
428.9897284109271,,,0.0315009924530652,0.5299811349504461,0.06948069490669286,0.0025526231115293365,1.9786130701339222,,,,,,,,,,,
429.56256306393726,,,0.03143771019655432,0.5304971690400839,0.0693727510070351,0.002547884903087711,1.9733977394898656,,,,,,,,,,,
430.13616262929366,,,0.031374555067593304,0.5310137055837981,0.06926497480698787,0.002543155489763211,1.9681961556840044,,,,,,,,,,,
430.7105281283926,,,0.03131152681079595,0.5315307450708204,0.06915736604601609,0.0025384348552302282,1.963008282481708,,,,,,,,,,,
431.2856605839932,,,0.031248625171289127,0.5320482879908586,0.06904992446398966,0.0025337229831934793,1.9578340837438624,,,,,,,,,,,
431.8615610202205,,,0.031185849894711782,0.5325663348340964,0.06894264980118259,0.0025290198573879197,1.9526735234266108,,,,,,,,,,,
432.43823046256773,,,0.031123200727213723,0.5330848860911964,0.06883554179827227,0.002524325461578687,1.9475265655810954,,,,,,,,,,,
433.01566993789766,,,0.031060677415454742,0.5336039422532987,0.0687286001963389,0.0025196397795610617,1.9423931743532137,,,,,,,,,,,
433.5938804744432,,,0.030998279706603606,0.5341235038120205,0.06862182473686516,0.0025149627951604053,1.9372733139833773,,,,,,,,,,,
434.17286310181083,,,0.030936007348337,0.5346435712594586,0.06851521516173525,0.002510294492232101,1.9321669488062512,,,,,,,,,,,
434.7526188509814,,,0.030873860088838523,0.535164145088188,0.06840877121323449,0.0025056348546615027,1.9270740432505122,,,,,,,,,,,
435.3331487543132,,,0.030811837676797568,0.5356852257912648,0.0683024926340483,0.0025009838663638704,1.9219945618385903,,,,,,,,,,,
435.9144538455433,,,0.030749939861408383,0.5362068138622245,0.06819637916726201,0.002496341511284322,1.9169284691864295,,,,,,,,,,,
436.496535159788,,,0.030688166392369123,0.5367289097950826,0.06809043055636019,0.0024917077733977813,1.911875730003248,,,,,,,,,,,
437.0793937335458,,,0.030626517019880804,0.5372515140843358,0.0679846465452259,0.002487082636708917,1.9068363090912859,,,,,,,,,,,
437.6630306047005,,,0.03056499149464617,0.5377746272249629,0.06787902687813994,0.002482466085252085,1.9018101713455515,,,,,,,,,,,
438.24744681252133,,,0.030503589567868764,0.5382982497124247,0.06777357129978044,0.002477858103091276,1.896797281753584,,,,,,,,,,,
438.8326433976646,,,0.03044231099125205,0.5388223820426634,0.06766827955522232,0.002473258674320066,1.8917976053952188,,,,,,,,,,,
439.4186214021762,,,0.03038115551699825,0.5393470247121046,0.06756315138993657,0.0024686677830615573,1.8868111074423357,,,,,,,,,,,
440.0053818694949,,,0.03032012289780729,0.539872178217658,0.0674581865497893,0.002464085413468316,1.881837753158604,,,,,,,,,,,
440.59292584445075,,,0.030259212886876066,0.5403978430567157,0.06735338478104183,0.002459511549722336,1.8768775078992683,,,,,,,,,,,
441.18125437327103,,,0.030198425237897106,0.5409240197271555,0.06724874583034936,0.0024549461760349526,1.8719303371108773,,,,,,,,,,,
441.7703685035786,,,0.03013775970505784,0.5414507087273394,0.06714426944476089,0.0024503892766468316,1.8669962063310677,,,,,,,,,,,
442.3602692843952,,,0.030077216043039555,0.5419779105561139,0.06703995537171845,0.002445840835827884,1.8620750811883147,,,,,,,,,,,
442.95095776614426,,,0.030016794007016248,0.5425056257128124,0.06693580335905618,0.0024413008378772077,1.8571669274016833,,,,,,,,,,,
443.5424350006519,,,0.029956493352653754,0.5430338546972544,0.06683181315500007,0.002436769267123054,1.8522717107805988,,,,,,,,,,,
444.13470204114776,,,0.029896313836108846,0.5435625980097454,0.06672798450816743,0.0024322461079227657,1.8473893972246156,,,,,,,,,,,
444.72775994226794,,,0.029836255214028114,0.5440918561510778,0.06662431716756606,0.0024277313446627227,1.8425199527231704,,,,,,,,,,,
445.32160976005764,,,0.029776317243546978,0.5446216296225325,0.06652081088259351,0.0024232249617582805,1.8376633433553404,,,,,,,,,,,
445.9162525519724,,,0.02971649968228872,0.5451519189258788,0.06641746540303677,0.0024187269436537246,1.832819535289613,,,,,,,,,,,
446.51168937687856,,,0.029656802288363652,0.5456827245633733,0.06631428047907162,0.0024142372748222193,1.827988494783658,,,,,,,,,,,
447.1079212950567,,,0.029597224820367966,0.5462140470377619,0.06621125586126202,0.0024097559397657504,1.8231701881840845,,,,,,,,,,,
447.70494936820444,,,0.029537767037382714,0.5467458868522811,0.06610839130055915,0.0024052829230150636,1.8183645819261967,,,,,,,,,,,
448.30277465943516,,,0.02947842869897311,0.5472782445106559,0.06600568654830147,0.0024008182091296284,1.813571642533784,,,,,,,,,,,
448.9013982332838,,,0.029419209565187177,0.5478111205171032,0.06590314135621345,0.0023963617826975665,1.8087913366188604,,,,,,,,,,,
449.5008211557054,,,0.02936010939655514,0.5483445153763299,0.06580075547640547,0.002391913628335613,1.8040236308814566,,,,,,,,,,,
450.10104449407834,,,0.02930112795408825,0.5488784295935342,0.0656985286613731,0.002387473730689059,1.7992684921093762,,,,,,,,,,,
450.70206931720713,,,0.029242264999277803,0.549412863674407,0.06559646066399613,0.002383042074431694,1.794525887177959,,,,,,,,,,,
451.30389669532366,,,0.02918352029409424,0.5499478181251314,0.06549455123753845,0.002378618644265749,1.7897957830498559,,,,,,,,,,,
451.90652770008785,,,0.029124893600986267,0.5504832934523829,0.06539280013564727,0.0023742034249218612,1.7850781467748063,,,,,,,,,,,
452.50996340459056,,,0.029066384682879764,0.5510192901633301,0.06529120711235269,0.002369796401159017,1.7803729454894028,,,,,,,,,,,
453.1142048833567,,,0.029007993303176834,0.5515558087656364,0.0651897719220666,0.0023653975577644757,1.7756801464168523,,,,,,,,,,,
453.7192532123458,,,0.028949719225754855,0.5520928497674592,0.0650884943195826,0.0023610068795537425,1.7709997168667577,,,,,,,,,,,
454.3251094689533,,,0.028891562214965645,0.5526304136774504,0.06498737406007529,0.0023566243513705116,1.7663316242348956,,,,,,,,,,,
454.9317747320137,,,0.028833522035634385,0.553168501004757,0.06488641089909965,0.0023522499580866086,1.761675836002979,,,,,,,,,,,
455.53925008180175,,,0.028775598453058694,0.5537071122590218,0.06478560459259033,0.0023478836846019414,1.7570323197384379,,,,,,,,,,,
456.14753660003544,,,0.028717791233007647,0.5542462479503841,0.06468495489686116,0.002343525515844443,1.7524010430941823,,,,,,,,,,,
456.75663536987736,,,0.028660100141720844,0.5547859085894807,0.06458446156860452,0.002339175436770023,1.7477819738083846,,,,,,,,,,,
457.36654747593536,,,0.028602524945907593,0.5553260946874441,0.06448412436489093,0.002334833432362521,1.7431750797042622,,,,,,,,,,,
457.9772740042658,,,0.02854506541274581,0.5558668067559046,0.06438394304316826,0.002330499487633649,1.7385803286898447,,,,,,,,,,,
458.588816042376,,,0.028487721309881087,0.5564080453069918,0.06428391736126113,0.0023261735876229364,1.7339976887577446,,,,,,,,,,,
459.2011746792255,,,0.028430492405425778,0.5569498108533338,0.06418404707737041,0.0023218557173976828,1.729427127984942,,,,,,,,,,,
459.8143510052271,,,0.02837337846795816,0.5574921039080569,0.06408433195007275,0.00231754586205291,1.7248686145325673,,,,,,,,,,,
460.4283461122494,,,0.028316379266521422,0.5580349249847869,0.06398477173831979,0.0023132440067113063,1.720322116645674,,,,,,,,,,,
461.04316109362026,,,0.028259494570622608,0.5585782745976511,0.06388536620143762,0.002308950136523174,1.7157876026530097,,,,,,,,,,,
461.65879704412714,,,0.02820272415023182,0.5591221532612768,0.06378611509912621,0.0023046642366663724,1.7112650409668027,,,,,,,,,,,
462.2752550600187,,,0.028146067775781356,0.5596665614907917,0.06368701819145903,0.0023003862923462828,1.7067544000825494,,,,,,,,,,,
462.8925362390077,,,0.028089525218164643,0.5602114998018259,0.06358807523888209,0.0022961162887957507,1.7022556485787834,,,,,,,,,,,
463.5106416802724,,,0.02803309624873541,0.5607569687105105,0.06348928600221378,0.0022918542112750307,1.6977687551168643,,,,,,,,,,,
464.1295724844596,,,0.027976780639306597,0.5613029687334805,0.06339065024264388,0.002287600045071728,1.6932936884407486,,,,,,,,,,,
464.74932975368586,,,0.02792057816214958,0.5618495003878735,0.06329216772173324,0.0022833537755007636,1.6888304173767796,,,,,,,,,,,
465.36991459153853,,,0.027864488589993297,0.5623965641913303,0.06319383820141315,0.0022791153879043197,1.684378910833476,,,,,,,,,,,
465.99132810307844,,,0.02780851169602326,0.5629441606619954,0.06309566144398489,0.0022748848676517877,1.6799391378013095,,,,,,,,,,,
466.6135713948431,,,0.027752647253880502,0.5634922903185184,0.0629976372121188,0.00227066220013971,1.6755110673524811,,,,,,,,,,,
467.2366455748476,,,0.02769689503766083,0.5640409536800546,0.06289976526885406,0.002266447370791737,1.6710946686407133,,,,,,,,,,,
467.86055175258554,,,0.02764125482191394,0.5645901512662633,0.06280204537759793,0.002262240365058581,1.6666899109010413,,,,,,,,,,,
468.48529103903206,,,0.027585726381642434,0.5651398835973102,0.06270447730212537,0.00225804116841796,1.6622967634495924,,,,,,,,,,,
469.1108645466467,,,0.027530309492300845,0.5656901511938679,0.0626070608065782,0.002253849766374546,1.657915195683365,,,,,,,,,,,
469.73727338937465,,,0.027475003929794746,0.5662409545771164,0.06250979565546463,0.002249666144459909,1.6535451770800227,,,,,,,,,,,
470.3645186826475,,,0.02741980947048002,0.5667922942687422,0.06241268161365883,0.002245490288232493,1.6491866771976882,,,,,,,,,,,
470.9926015433866,,,0.027364725891161776,0.5673441707909401,0.062315718446400235,0.002241322183277539,1.6448396656747208,,,,,,,,,,,
471.62152309000464,,,0.027309752969093548,0.5678965846664128,0.06221890591929306,0.0022371618152070465,1.6405041122295125,,,,,,,,,,,
472.2512844424084,,,0.027254890481976227,0.568449536418373,0.062122243798305575,0.002233009169659722,1.6361799866602658,,,,,,,,,,,
472.8818867220001,,,0.027200138207957317,0.569003026570543,0.062025731849769526,0.0022288642323009217,1.6318672588447913,,,,,,,,,,,
473.51333105167856,,,0.02714549592563007,0.5695570556471538,0.06192936984037992,0.00222472698882262,1.6275658987403032,,,,,,,,,,,
474.1456185558419,,,0.027090963414032526,0.5701116241729469,0.061833157537194185,0.0022205974249433565,1.6232758763832045,,,,,,,,,,,
474.7787503603907,,,0.02703654045264654,0.5706667326731759,0.06173709470763155,0.0022164755264081613,1.6189971618888712,,,,,,,,,,,
475.4127275927289,,,0.026982226821396928,0.5712223816736056,0.06164118111947248,0.0022123612789885345,1.6147297254514505,,,,,,,,,,,
476.047551381765,,,0.026928022300650733,0.5717785717005118,0.06154541654085843,0.00220825466848239,1.61047353734366,,,,,,,,,,,
476.68322285791487,,,0.026873926671216214,0.572335303280683,0.06144980074029105,0.0022041556807140023,1.6062285679165742,,,,,,,,,,,
477.31974315310475,,,0.026819939714341882,0.5728925769414213,0.061354333486631524,0.002200064301533956,1.601994787599411,,,,,,,,,,,
477.9571134007725,,,0.02676606121171567,0.5734503932105419,0.06125901454910006,0.0021959805168191,1.5977721668993328,,,,,,,,,,,
478.5953347358685,,,0.02671229094546419,0.5740087526163739,0.061163843697275594,0.0021919043124725016,1.5935606764012469,,,,,,,,,,,
479.2344082948589,,,0.02665862869815169,0.5745676556877605,0.06106882070109497,0.0021878356744233947,1.5893602867675916,,,,,,,,,,,
479.8743352157271,,,0.026605074252779266,0.5751271029540596,0.06097394533085249,0.0021837745886271326,1.5851709687381372,,,,,,,,,,,
480.51511663797703,,,0.026551627392783866,0.5756870949451456,0.06087921735719927,0.0021797210410651343,1.580992693129774,,,,,,,,,,,
481.1567537026342,,,0.026498287902037457,0.5762476321914086,0.06078463655114259,0.0021756750177448405,1.5768254308363143,,,,,,,,,,,
481.79924755224664,,,0.02644505556484631,0.5768087152237544,0.06069020268404576,0.002171636504699669,1.5726691528282961,,,,,,,,,,,
482.4425993308882,,,0.026391930165949984,0.5773703445736056,0.06059591552762723,0.0021676054879889647,1.568523830152775,,,,,,,,,,,
483.0868101841613,,,0.02633891149052041,0.5779325207729034,0.060501774853960015,0.002163581953697939,1.5643894339331164,,,,,,,,,,,
483.73188125919825,,,0.026285999324161036,0.5784952443541063,0.06040778043547115,0.0021595658879376384,1.5602659353687993,,,,,,,,,,,
484.3778137046619,,,0.026233193452906145,0.5790585158501912,0.06031393204494145,0.002155557276844892,1.5561533057352235,,,,,,,,,,,
485.0246086707491,,,0.02618049366321984,0.5796223357946534,0.06022022945550466,0.0021515561065822615,1.5520515163835027,,,,,,,,,,,
485.6722673091936,,,0.026127899741995104,0.5801867047215087,0.06012667244064694,0.002147562363337991,1.547960538740258,,,,,,,,,,,
486.3207907732669,,,0.026075411476553054,0.5807516231652927,0.06003326077420624,0.0021435760333259612,1.543880344307426,,,,,,,,,,,
486.9701802177796,,,0.026023028654642094,0.581317091661061,0.05993999423037207,0.0021395971027856468,1.5398109046620665,,,,,,,,,,,
487.6204367990848,,,0.02597075106443702,0.5818831107443903,0.0598468725836847,0.0021356255579820633,1.5357521914561543,,,,,,,,,,,
488.2715616750793,,,0.02591857849453819,0.5824496809513782,0.0597538956090347,0.002131661385205723,1.5317041764163888,,,,,,,,,,,
488.92355600520676,,,0.025866510733970574,0.5830168028186455,0.05966106308166229,0.002127704570772582,1.5276668313439874,,,,,,,,,,,
489.57642095045935,,,0.02581454757218293,0.5835844768833355,0.05956837477715677,0.0021237551010239966,1.5236401281144953,,,,,,,,,,,
490.23015767337847,,,0.025762688799047112,0.5841527036831132,0.059475830471456305,0.002119812962326681,1.5196240386775957,,,,,,,,,,,
490.8847673380577,,,0.025710934204857087,0.5847214837561676,0.05938342994084713,0.002115878141072655,1.5156185350569085,,,,,,,,,,,
491.5402511101463,,,0.02565928358032802,0.5852908176412124,0.05929117296196293,0.0021119506236791964,1.5116235893497887,,,,,,,,,,,
492.1966101568499,,,0.025607736716595518,0.5858607058774857,0.059199059311784326,0.002108030396588787,1.5076391737271386,,,,,,,,,,,
492.8538456469316,,,0.025556293405214817,0.5864311490047501,0.059107088767638635,0.0021041174462690894,1.5036652604332204,,,,,,,,,,,
493.51195875071534,,,0.025504953438159943,0.5870021475632936,0.059015261107199075,0.002100211759212881,1.4997018217854559,,,,,,,,,,,
494.1709506400888,,,0.02545371660782272,0.5875737020939309,0.058923576108484185,0.0020963133219380026,1.4957488301742279,,,,,,,,,,,
494.83082248850434,,,0.025402582707012043,0.5881458131380037,0.05883203354985727,0.0020924221209873252,1.4918062580626943,,,,,,,,,,,
495.4915754709805,,,0.025351551528953128,0.5887184812373797,0.058740633210026184,0.002088538142928703,1.4878740779866022,,,,,,,,,,,
496.153210764105,,,0.02530062286728649,0.5892917069344545,0.058649374868042475,0.002084661374354921,1.483952262554087,,,,,,,,,,,
496.8157295460365,,,0.025249796516067294,0.5898654907721519,0.05855825830330103,0.002080791801883652,1.4800407844454886,,,,,,,,,,,
497.4791329965076,,,0.025199072269764318,0.5904398332939245,0.05846728329553936,0.002076929412157406,1.4761396164131508,,,,,,,,,,,
498.14342229682643,,,0.025148449923259257,0.5910147350437546,0.05837644962483709,0.002073074191843486,1.4722487312812385,,,,,,,,,,,
498.80859862987734,,,0.0250979292718459,0.5915901965661531,0.0582857570716157,0.002069226127633948,1.468368101945554,,,,,,,,,,,
499.47466318012437,,,0.025047510111229312,0.592166218406161,0.05819520541663781,0.002065385206245552,1.464497701373342,,,,,,,,,,,
500.14161713361403,,,0.024997192237524873,0.5927428011093511,0.05810479444100652,0.0020615514144197086,1.4606375026030962,,,,,,,,,,,
500.80946167797674,,,0.024946975447257547,0.5933199452218272,0.05801452392616493,0.002057724738922439,1.4567874787443764,,,,,,,,,,,
501.4781980024277,,,0.02489685953736115,0.5938976512902241,0.05792439365389588,0.0020539051665443343,1.4529476029776278,,,,,,,,,,,
502.1478272977699,,,0.024846844305177394,0.5944759198617087,0.05783440340632125,0.002050092684100505,1.4491178485539873,,,,,,,,,,,
502.8183507563977,,,0.024796929548455075,0.5950547514839816,0.05774455296590118,0.0020462872784305333,1.4452981887950929,,,,,,,,,,,
503.48976957229763,,,0.024747115065349285,0.5956341467052768,0.057654842115433896,0.0020424889363984244,1.441488597092902,,,,,,,,,,,
504.16208494104944,,,0.024697400654420675,0.5962141060743612,0.05756527063805512,0.0020386976448925733,1.4376890469095132,,,,,,,,,,,
504.8352980598298,,,0.024647786114634508,0.5967946301405362,0.057475838317237446,0.0020349133908257166,1.433899511776972,,,,,,,,,,,
505.5094101274138,,,0.02459827124535997,0.5973757194536381,0.057386544936789956,0.0020311361611348813,1.4301199652970924,,,,,,,,,,,
506.1844223441779,,,0.024548855846369205,0.597957374564039,0.05729739028085738,0.0020273659427813328,1.4263503811412643,,,,,,,,,,,
506.8603359121017,,,0.024499539717836603,0.5985395960226471,0.0572083741339199,0.0020236027227505463,1.4225907330502758,,,,,,,,,,,
507.5371520347686,,,0.024450322660338066,0.5991223843809059,0.0571194962807926,0.0020198464880521565,1.4188409948341365,,,,,,,,,,,
508.2148719173694,,,0.024401204474850075,0.5997057401907963,0.05703075650662492,0.002016097225719911,1.4151011403718885,,,,,,,,,,,
508.89349676670497,,,0.0243521849627489,0.6002896640048371,0.05694215459689986,0.0020123549228116214,1.4113711436114196,,,,,,,,,,,
509.57302779118777,,,0.02430326392580981,0.6008741563760852,0.05685369033743379,0.0020086195664091224,1.4076509785692866,,,,,,,,,,,
510.2534662008429,,,0.024254441166206373,0.6014592178581352,0.05676536351437592,0.0020048911436182323,1.4039406193305406,,,,,,,,,,,
510.93481320731104,,,0.024205716486509536,0.6020448490051206,0.05667717391420772,0.0020011696415687032,1.4002400400485413,,,,,,,,,,,
511.61707002385253,,,0.024157089689686786,0.6026310503717159,0.056589121323742116,0.001997455047414171,1.3965492149447671,,,,,,,,,,,
512.3002378653456,,,0.024108560579101556,0.603217822513134,0.056501205530123555,0.001993747348332126,1.3928681183086564,,,,,,,,,,,
512.9843179482928,,,0.024060128958512166,0.6038051659851299,0.05641342632082692,0.00199004653152385,1.389196724497405,,,,,,,,,,,
513.6693114908194,,,0.02401179463207128,0.6043930813439985,0.05632578348365744,0.0019863525842143902,1.3855350079358089,,,,,,,,,,,
514.3552197126777,,,0.023963557404324966,0.6049815691465763,0.056238276806750025,0.0019826654936525054,1.3818829431160753,,,,,,,,,,,
515.0420438352493,,,0.023915417080211897,0.6055706299502432,0.05615090607856854,0.001978985247110622,1.3782405045976414,,,,,,,,,,,
515.7297850815469,,,0.023867373465062604,0.6061602643129215,0.05606367108790558,0.001975311831884782,1.3746076670070015,,,,,,,,,,,
516.4184446762154,,,0.023819426364598745,0.6067504727930758,0.05597657162388195,0.0019716452352946273,1.3709844050375366,,,,,,,,,,,
517.1080238455347,,,0.023771575584932286,0.6073412559497147,0.05588960747594609,0.001967985444683329,1.367370693449332,,,,,,,,,,,
517.7985238174234,,,0.02372382093256459,0.6079326143423918,0.05580277843387337,0.0019643324474175445,1.363766507068996,,,,,,,,,,,
518.4899458214398,,,0.02367616221438576,0.6085245485312056,0.05571608428776583,0.0019606862308873883,1.3601718207894904,,,,,,,,,,,
519.1822910887829,,,0.023628599237673912,0.6091170590767991,0.055629524828051696,0.001957046782506382,1.3565866095699612,,,,,,,,,,,
519.8755608522957,,,0.023581131810094323,0.6097101465403614,0.05554309984548481,0.0019534140897114116,1.3530108484355579,,,,,,,,,,,
520.569756346469,,,0.023533759739698512,0.6103038114836287,0.055456809131143835,0.0019497881399626763,1.349444512477252,,,,,,,,,,,
521.26487880744,,,0.02348648283492378,0.610898054468883,0.055370652476432324,0.00194616892074366,1.3458875768516825,,,,,,,,,,,
521.9609294729987,,,0.0234393009045921,0.6114928760589554,0.05528462967307765,0.0019425564195610719,1.3423400167809607,,,,,,,,,,,
522.6579095825862,,,0.023392213757909612,0.6120882768172236,0.055198740513130916,0.001938950623944817,1.3388018075525172,,,,,,,,,,,
523.3558203772985,,,0.023345221204465756,0.6126842573076138,0.05511298478896633,0.0019353515214479483,1.335272924518921,,,,,,,,,,,
524.0546630998905,,,0.023298323054232378,0.6132808180946024,0.05502736229328046,0.0019317590996466183,1.3317533430977029,,,,,,,,,,,
524.7544389947759,,,0.023251519117563103,0.6138779597432152,0.05494187281909201,0.0019281733461400407,1.328243038771189,,,,,,,,,,,
525.4551493080294,,,0.023204809205192602,0.6144756828190274,0.05485651615974135,0.001924594248550452,1.3247419870863364,,,,,,,,,,,
526.1567952873893,,,0.023158193128235766,0.6150739878881649,0.054771292108889945,0.0019210217945230645,1.3212501636545564,,,,,,,,,,,
526.8593781822615,,,0.023111670698186836,0.6156728755173055,0.05468620046051959,0.0019174559717260215,1.3177675441515393,,,,,,,,,,,
527.5628992437198,,,0.02306524172691877,0.6162723462736792,0.05460124100893227,0.0019138967678503506,1.3142941043170915,,,,,,,,,,,
528.267359724508,,,0.02301890602668252,0.616872400725067,0.05451641354874961,0.001910344170609936,1.3108298199549704,,,,,,,,,,,
528.9727608790427,,,0.02297266341010617,0.6174730394398031,0.05443171787491227,0.0019067981677414686,1.3073746669327087,,,,,,,,,,,
529.6791039634153,,,0.022926513690194255,0.6180742629867753,0.054347153782679465,0.0019032587470044016,1.3039286211814511,,,,,,,,,,,
530.3863902353955,,,0.02288045668032687,0.6186760719354254,0.05426272106762846,0.0018997258961809009,1.3004916586957793,,,,,,,,,,,
531.0946209544327,,,0.02283449219425904,0.6192784668557502,0.05417841952565409,0.0018961996030758168,1.2970637555335494,,,,,,,,,,,
531.8037973816566,,,0.022788620046119992,0.6198814483183004,0.05409424895296842,0.0018926798555166395,1.293644887815731,,,,,,,,,,,
532.5139207798811,,,0.022742840050412366,0.6204850168941822,0.05401020914610001,0.0018891666413534524,1.2902350317262348,,,,,,,,,,,
533.2249924136075,,,0.022697152022011335,0.621089173155059,0.053926299901893536,0.0018856599484588892,1.2868341635117424,,,,,,,,,,,
533.9370135490256,,,0.022651555776164015,0.6216939176731505,0.05384252101750924,0.0018821597647280936,1.2834422594815458,,,,,,,,,,,
534.6499854540145,,,0.022606051128488718,0.622299251021233,0.05375887229042265,0.001878666078078683,1.2800592960073867,,,,,,,,,,,
535.363909398147,,,0.022560637894974162,0.62290517377264,0.05367535351842383,0.0018751788764507016,1.276685249523288,,,,,,,,,,,
536.0787866526916,,,0.022515315891978676,0.6235116865012648,0.05359196449961697,0.0018716981478065764,1.2733200965253837,,,,,,,,,,,
536.7946184906147,,,0.022470084936229463,0.6241187897815589,0.05350870503241991,0.001868223880131078,1.2699638135717601,,,,,,,,,,,
537.5114061865813,,,0.022424944844822006,0.6247264841885327,0.05342557491556379,0.0018647560614312839,1.2666163772822987,,,,,,,,,,,
538.2291510169591,,,0.022379895435219184,0.6253347702977567,0.05334257394809229,0.001861294679736531,1.2632777643385045,,,,,,,,,,,
538.9478542598195,,,0.022334936525250614,0.6259436486853612,0.05325970192936144,0.0018578397230983785,1.2599479514833491,,,,,,,,,,,
539.6675171949416,,,0.022290067933111772,0.6265531199280387,0.05317695865903886,0.001854391179590562,1.2566269155211016,,,,,,,,,,,
540.3881411038137,,,0.0222452894773634,0.6271631846030433,0.05309434393710342,0.0018509490373089495,1.2533146333171712,,,,,,,,,,,
541.1097272696338,,,0.02220060097693079,0.6277738432881896,0.05301185756384475,0.001847513284371513,1.2500110817979515,,,,,,,,,,,
541.8322769773134,,,0.022156002251102987,0.6283850965618555,0.05292949933986286,0.0018440839089182857,1.246716237950655,,,,,,,,,,,
542.5557915134813,,,0.022111493119532012,0.6289969450029828,0.052847269066067376,0.0018406608991113004,1.243430078823147,,,,,,,,,,,
543.2802721664838,,,0.02206707340223216,0.6296093891910767,0.05276516654367728,0.0018372442431345713,1.2401525815237915,,,,,,,,,,,
544.0057202263866,,,0.02202274291957939,0.630222429706206,0.05268319157422039,0.001833833929194047,1.2368837232212966,,,,,,,,,,,
544.7321369849783,,,0.0219785014923105,0.6308360671290044,0.052601343959532955,0.0018304299455175691,1.2336234811445501,,,,,,,,,,,
545.4595237357734,,,0.021934348941522352,0.6314503020406717,0.05251962350175895,0.0018270322803548263,1.2303718325824562,,,,,,,,,,,
546.1878817740134,,,0.02189028508867118,0.6320651350229736,0.052438030003349755,0.001823640921977319,1.2271287548837821,,,,,,,,,,,
546.9172123966684,,,0.021846309755571985,0.6326805666582414,0.05235656326706369,0.0018202558586783214,1.2238942254570053,,,,,,,,,,,
547.6475169024412,,,0.021802422764397682,0.6332965975293737,0.05227522309596554,0.001816877078772836,1.2206682217701486,,,,,,,,,,,
548.3787965917679,,,0.02175862393767846,0.6339132282198365,0.05219400929342606,0.0018135045705975578,1.2174507213506283,,,,,,,,,,,
549.1110527668222,,,0.02171491309830096,0.6345304593136648,0.05211292166312141,0.0018101383225108266,1.2142417017850902,,,,,,,,,,,
549.8442867315167,,,0.021671290069507607,0.6351482913954619,0.05203196000903268,0.001806778322892592,1.2110411407192585,,,,,,,,,,,
550.578499791504,,,0.021627754674896,0.6357667250503998,0.05195112413544566,0.001803424560144377,1.2078490158577848,,,,,,,,,,,
551.3136932541801,,,0.02158430673841811,0.6363857608642198,0.0518704138469502,0.0018000770226892328,1.2046653049640876,,,,,,,,,,,
552.0498684286879,,,0.021540946084379498,0.6370053994232353,0.051789828948439635,0.0017967356989716994,1.2014899858601933,,,,,,,,,,,
552.7870266259185,,,0.021497672537438697,0.6376256413143295,0.051709369245110326,0.0017934005774577592,1.198323036426586,,,,,,,,,,,
553.5251691585124,,,0.021454485922606504,0.6382464871249571,0.05162903454246148,0.0017900716466348148,1.1951644346020582,,,,,,,,,,,
554.2642973408626,,,0.0214113860652453,0.6388679374431441,0.05154882464629446,0.0017867488950116352,1.1920141583835528,,,,,,,,,,,
555.0044124891186,,,0.021368372791068197,0.6394899928574902,0.05146873936271223,0.0017834323111183175,1.1888721858260045,,,,,,,,,,,
555.7455159211873,,,0.021325445926138463,0.6401126539571684,0.05138877849811891,0.0017801218835062482,1.1857384950421919,,,,,,,,,,,
556.4876089567342,,,0.02128260529686881,0.6407359213319243,0.05130894185921959,0.0017768176007480691,1.1826130642025898,,,,,,,,,,,
557.2306929171875,,,0.021239850730020667,0.641359795572078,0.051229229253019565,0.0017735194514376315,1.1794958715352106,,,,,,,,,,,
557.9747691257397,,,0.021197182052703507,0.6419842772685241,0.05114964048682403,0.0017702274241899608,1.176386895325456,,,,,,,,,,,
558.7198389073509,,,0.02115459909237406,0.6426093670127336,0.05107017536823745,0.0017669415076412116,1.1732861139159596,,,,,,,,,,,
559.4659035887505,,,0.02111210167683568,0.6432350653967532,0.05099083370516312,0.0017636616904486326,1.170193505706441,,,,,,,,,,,
560.2129644984385,,,0.021069689634237686,0.6438613730132053,0.05091161530580297,0.0017603879612905302,1.1671090491535594,,,,,,,,,,,
560.9610229666889,,,0.02102736279307466,0.6444882904552891,0.05083251997865686,0.0017571203088662267,1.1640327227707592,,,,,,,,,,,
561.7100803255531,,,0.02098512098218564,0.6451158183167826,0.050753547532522085,0.0017538587218960183,1.160964505128115,,,,,,,,,,,
562.460137908861,,,0.020942964030753523,0.6457439571920416,0.050674697776492916,0.0017506031891211323,1.157904374852188,,,,,,,,,,,
563.2111970522228,,,0.020900891768304394,0.6463727076760001,0.050595970519960405,0.0017473536993037088,1.1548523106258812,,,,,,,,,,,
563.9632590930318,,,0.02085890402470683,0.647002070364171,0.050517365572611675,0.001744110241226742,1.1518082911882865,,,,,,,,,,,
564.7163253704686,,,0.020817000630171112,0.6476320458526483,0.05043888274442947,0.0017408728036940409,1.148772295334531,,,,,,,,,,,
565.4703972255016,,,0.020775181415248613,0.6482626347381062,0.050360521845691626,0.0017376413755302012,1.1457443019156355,,,,,,,,,,,
566.2254760008893,,,0.02073344621083118,0.6488938376177988,0.05028228268697096,0.0017344159455805655,1.1427242898383705,,,,,,,,,,,
566.9815630411833,,,0.020691794848150327,0.6495256550895627,0.05020416507913445,0.0017311965027111773,1.1397122380651032,,,,,,,,,,,
567.73865969273,,,0.02065022715877666,0.6501580877518156,0.05012616883334299,0.0017279830358087566,1.136708125613655,,,,,,,,,,,
568.4967673036749,,,0.02060874297461907,0.6507911362035592,0.05004829376105077,0.001724775533780637,1.1337119315571487,,,,,,,,,,,
569.2558872239638,,,0.020567342127924142,0.651424801044378,0.04997053967400481,0.001721573985554751,1.1307236350238667,,,,,,,,,,,
570.0160208053436,,,0.02052602445127549,0.65205908287444,0.049892906384244796,0.0017183783800795833,1.1277432151971118,,,,,,,,,,,
570.7771694013666,,,0.020484789777593073,0.6526939822944969,0.04981539370410239,0.0017151887063241336,1.1247706513150555,,,,,,,,,,,
571.5393343673933,,,0.020443637940132438,0.6533294999058868,0.04973800144620072,0.0017120049532778736,1.1218059226705903,,,,,,,,,,,
572.3025170605944,,,0.020402568772484097,0.6539656363105331,0.049660729423453974,0.0017088271099507126,1.1188490086111897,,,,,,,,,,,
573.0667188399512,,,0.020361582108572928,0.6546023921109442,0.04958357744906715,0.001705655165372964,1.1158998885387685,,,,,,,,,,,
573.8319410662604,,,0.02032067778265742,0.6552397679102154,0.049506545336535424,0.0017024891085953028,1.1129585419095351,,,,,,,,,,,
574.5981851021361,,,0.020279855629328974,0.65587776431203,0.04942963289964365,0.0016993289286887266,1.1100249482338436,,,,,,,,,,,
575.3654523120124,,,0.02023911548351128,0.6565163819206593,0.04935283995246591,0.0016961746147445126,1.1070990870760558,,,,,,,,,,,
576.1337440621443,,,0.02019845718045972,0.6571556213409618,0.0492761663093653,0.0016930261558742007,1.1041809380544036,,,,,,,,,,,
576.9030617206114,,,0.020157880555760566,0.6577954831783855,0.049199611784993255,0.0016898835412095337,1.1012704808408398,,,,,,,,,,,
577.6734066573197,,,0.020117385445330437,0.6584359680389675,0.04912317619428922,0.001686746759902433,1.0983676951609012,,,,,,,,,,,
578.4447802440055,,,0.020076971685415522,0.6590770765293358,0.04904685935248005,0.001683615801124948,1.0954725607935603,,,,,,,,,,,
579.217183854237,,,0.02003663911259096,0.6597188092567092,0.04897066107507961,0.001680490654069232,1.0925850575710894,,,,,,,,,,,
579.9906188634153,,,0.019996387563760272,0.6603611668288968,0.04889458117788853,0.001677371307947502,1.089705165378925,,,,,,,,,,,
580.765086648778,,,0.019956216876154592,0.6610041498542993,0.04881861947699362,0.0016742577519919988,1.0868328641555216,,,,,,,,,,,
581.540588589403,,,0.01991612688733201,0.6616477589419111,0.04874277578876725,0.0016711499754549475,1.083968133892209,,,,,,,,,,,
582.3171260662095,,,0.019876117435176928,0.662291994701319,0.048667049929867125,0.0016680479676085237,1.081110954633057,,,,,,,,,,,
583.09470046196,,,0.019836188357899492,0.6629368577427032,0.048591441717235874,0.0016649517177448187,1.0782613064747408,,,,,,,,,,,
583.8733131612627,,,0.019796339494034875,0.6635823486768373,0.048515950968100546,0.0016618612151758003,1.0754191695663975,,,,,,,,,,,
584.6529655505764,,,0.019756570682442524,0.6642284681150908,0.04844057749997196,0.0016587764492332722,1.0725845241094836,,,,,,,,,,,
585.433659018211,,,0.019716881762305623,0.6648752166694286,0.04836532113064453,0.0016556974092688404,1.0697573503576419,,,,,,,,,,,
586.2153949543292,,,0.019677272573130487,0.6655225949524105,0.04829018167819582,0.0016526240846538804,1.066937628616568,,,,,,,,,,,
586.9981747509504,,,0.019637742954745817,0.666170603577193,0.04821515896098596,0.0016495564647794943,1.0641253392438668,,,,,,,,,,,
587.7819998019525,,,0.019598292747302078,0.6668192431575294,0.048140252797657344,0.0016464945390564786,1.0613204626489192,,,,,,,,,,,
588.5668715030754,,,0.019558921791270834,0.6674685143077712,0.048065463007133984,0.001643438296915284,1.0585229792927404,,,,,,,,,,,
589.3527912519231,,,0.019519629927444108,0.6681184176428685,0.04799078940862123,0.0016403877278059738,1.0557328696878472,,,,,,,,,,,
590.1397604479646,,,0.019480416996933824,0.6687689537783691,0.047916231821605426,0.0016373428211982073,1.0529501143981266,,,,,,,,,,,
590.9277804925375,,,0.0194412828411711,0.6694201233304198,0.04784179006585336,0.0016343035665811855,1.050174694038697,,,,,,,,,,,
591.716852788852,,,0.019402227301905512,0.6700719269157688,0.04776746396141167,0.0016312699534636133,1.047406589275767,,,,,,,,,,,
592.5069787419916,,,0.019363250221204577,0.6707243651517646,0.04769325332860663,0.001628241971373674,1.0446457808265075,,,,,,,,,,,
593.2981597589153,,,0.01932435144145313,0.6713774386563556,0.047619157988043725,0.0016252196098589917,1.0418922494589196,,,,,,,,,,,
594.0903972484607,,,0.019285530805352658,0.6720311480480924,0.047545177760607175,0.0016222028584865905,1.039145975991697,,,,,,,,,,,
594.8836926213485,,,0.01924678815592051,0.6726854939461288,0.04747131246745925,0.0016191917068428567,1.0364069412940868,,,,,,,,,,,
595.6780472901803,,,0.019208123336489556,0.6733404769702198,0.04739756193004031,0.001616186144533513,1.0336751262857697,,,,,,,,,,,
596.4734626694469,,,0.01916953619070726,0.6739960977407258,0.04732392597006794,0.0016131861611835686,1.0309505119367113,,,,,,,,,,,
597.269940175526,,,0.019131026562535278,0.6746523568786097,0.0472504044095368,0.001610191746437297,1.0282330792670433,,,,,,,,,,,
598.0674812266864,,,0.01909259429624873,0.675309255005439,0.047176997070718166,0.0016072028899581931,1.0255228093469264,,,,,,,,,,,
598.8660872430918,,,0.0190542392364355,0.6759667927433877,0.047103703776159224,0.0016042195814289359,1.0228196832964125,,,,,,,,,,,
599.6657596468028,,,0.01901596122799569,0.6766249707152349,0.04703052434868295,0.0016012418105513552,1.0201236822853188,,,,,,,,,,,
600.4664998617773,0.0978993718897281,0.2965534221764883,0.018976426785302293,0.6763738493095396,0.046947187930497285,0.0015974666781020971,1.0168847263880803,,,,,,,,,,,
601.2683093138745,0.09772683802960534,0.29613053473775347,0.01893602063049026,0.6754714214434675,0.046856649905182485,0.001593126408654915,1.0132631151627591,,,,,,,,,,,
602.0711894308592,0.09755460823612079,0.29570825033972736,0.018895700511756836,0.6745701976098315,0.04676628648316959,0.0015887979315907183,1.0096544022213114,,,,,,,,,,,
602.8751416424025,0.09738268197339961,0.2952865681224688,0.01885546624590696,0.673670176202193,0.04667609732773471,0.0015844812148699495,1.006058541626797,,,,,,,,,,,
603.680167380083,0.09721105870651177,0.2948654872272638,0.01881531765013571,0.6727713556162588,0.046586082102803364,0.0015801762265401072,1.0024754876058852,,,,,,,,,,,
604.4862680773916,0.09703973790146976,0.29444500679662283,0.018775254542027393,0.6718737342498754,0.0464962404729493,0.0015758829347355084,0.9989051945482655,,,,,,,,,,,
605.2934451697347,0.09686871902522708,0.29402512597427827,0.018735276739554663,0.6709773105030253,0.04640657210339289,0.0015716013076770342,0.9953476170060598,,,,,,,,,,,
606.101700094433,0.0966980015456768,0.2936058439051847,0.018695384061077853,0.6700820827778285,0.046317076660000435,0.0015673313136719224,0.9918027096932617,,,,,,,,,,,
606.911034290729,0.0965275849316496,0.29318715973551485,0.01865557632534395,0.6691880494785338,0.046227753809282256,0.0015630729211135051,0.9882704274851395,,,,,,,,,,,
607.7214491997853,0.09635746865291235,0.29276907261265983,0.018615853351485988,0.6682952090115217,0.04613860321839212,0.0015588260984810034,0.9847507254176803,,,,,,,,,,,
608.5329462646887,0.09618765218016657,0.2923515816852268,0.018576214959022078,0.6674035597852985,0.04604962455512563,0.001554590814339274,0.9812435586870092,,,,,,,,,,,
609.3455269304543,0.09601813498504623,0.291934686103036,0.018536660967854612,0.6665131002104927,0.045960817487918935,0.0015503670373385777,0.9777488826488141,,,,,,,,,,,
610.1591926440268,0.09584891654011664,0.2915183850171205,0.01849719119826943,0.6656238286998533,0.04587218168584763,0.0015461547362143513,0.9742666528177827,,,,,,,,,,,
610.9739448542817,0.09567999631887265,0.29110267757972424,0.018457805470935108,0.6647357436682483,0.045783716818625544,0.0015419538797869813,0.970796824867041,,,,,,,,,,,
611.7897850120293,0.09551137379573721,0.29068756294430026,0.01841850360690206,0.6638488435326609,0.04569542255660357,0.0015377644369615735,0.9673393546275845,,,,,,,,,,,
612.6067145700181,0.09534304844605909,0.2902730402655081,0.01837928542760167,0.6629631267121849,0.045607298570768146,0.0015335863767277056,0.9638941980877103,,,,,,,,,,,
613.424734982937,0.09517501974611188,0.2898591086992129,0.018340150754845578,0.6620785916280231,0.045519344532740244,0.0015294196681592124,0.9604613113924617,,,,,,,,,,,
614.2438477074156,0.09500728717309233,0.28944576740248396,0.018301099410824848,0.6611952367034866,0.04543156011477419,0.0015252642804139576,0.9570406508430763,,,,,,,,,,,
615.0640542020291,0.09483985020511843,0.2890330155335927,0.018262131218109188,0.6603130603639895,0.04534394498975645,0.0015211201827336081,0.9536321728964234,,,,,,,,,,,
615.8853559273016,0.0946727083212278,0.28862085225200984,0.018223245999645993,0.6594320610370455,0.04525649883120407,0.0015169873444433853,0.9502358341644425,,,,,,,,,,,
616.7077543457054,0.09450586100137638,0.28820927671840607,0.01818444357875979,0.6585522371522684,0.04516922131326405,0.0015128657349518673,0.9468515914136088,,,,,,,,,,,
617.5312509216681,0.09433930772643645,0.28779828809464775,0.01814572377915117,0.6576735871413647,0.045082112110711434,0.0015087553237507344,0.9434794015643626,,,,,,,,,,,
618.3558471215707,0.09417304797819522,0.28738788554379724,0.018107086424896186,0.6567961094381355,0.044995170898948764,0.0015046560804145709,0.9401192216905788,,,,,,,,,,,
619.1815444137524,0.0940070812393534,0.28697806823011035,0.018068531340445518,0.6559198024784715,0.04490839735400452,0.0015005679746006213,0.9367710090190124,,,,,,,,,,,
620.0083442685144,0.09384140699352302,0.2865688353190342,0.018030058350623546,0.6550446647003488,0.044821791152531876,0.001496490976048566,0.9334347209287497,,,,,,,,,,,
620.8362481581211,0.09367602472522629,0.2861601859772059,0.017991667280627687,0.6541706945438276,0.044735351971807495,0.001492425054580302,0.9301103149506699,,,,,,,,,,,
621.6652575568015,0.09351093391989392,0.2857521193724515,0.01795335795602758,0.6532978904510508,0.04464907948973063,0.0014883701800997233,0.9267977487669101,,,,,,,,,,,
622.4953739407534,0.09334613406386368,0.28534463467378385,0.017915130202764303,0.6524262508662398,0.04456297338482168,0.0014843263225924992,0.9234969802103219,,,,,,,,,,,
623.326598788147,0.09318162464437817,0.2849377310514001,0.01787698384714949,0.6515557742356906,0.044477033336220904,0.0014802934521258363,0.9202079672639287,,,,,,,,,,,
624.158933579126,0.09301740514958387,0.2845314076766808,0.01783891871586459,0.6506864590077717,0.044391259023687284,0.0014762715388482689,0.9169306680603967,,,,,,,,,,,
624.9923797958097,0.09285347506852935,0.28412566372218856,0.01780093463596018,0.6498183036329235,0.04430565012759759,0.0014722605529894422,0.9136650408815064,,,,,,,,,,,
625.8269389222968,0.09268983389116367,0.28372049836166585,0.017763031434855043,0.6489513065636531,0.04422020632894488,0.001468260464859887,0.9104110441576145,,,,,,,,,,,
626.6626124446674,0.0925264811083349,0.28331591077003354,0.017725208940335493,0.648085466254533,0.04413492730933754,0.0014642712448507988,0.9071686364671294,,,,,,,,,,,
627.4994018509869,0.09236341621178813,0.2829119001233884,0.017687466980554435,0.6472207811621962,0.044049812750997744,0.0014602928634338144,0.9039377765359765,,,,,,,,,,,
628.337308631308,0.09220063869416419,0.2825084655990023,0.01764980538403074,0.6463572497453349,0.04396486233676059,0.0014563252911607974,0.900718423237078,,,,,,,,,,,
629.1763342776719,0.09203814804899829,0.28210560637532067,0.01761222397964841,0.6454948704646992,0.043880075750072946,0.0014523684986636307,0.8975105355898338,,,,,,,,,,,
630.0164802841117,0.09187594377071828,0.2817033216319607,0.01757472259665585,0.6446336417830928,0.04379545267499216,0.0014484224566539854,0.894314072759596,,,,,,,,,,,
630.8577481466571,0.09171402535464265,0.2813016105497088,0.017537301064664956,0.6437735621653689,0.043710992796184685,0.0014444871359231039,0.8911289940571425,,,,,,,,,,,
631.7001393633356,0.0915523922969795,0.28090047231051957,0.01749995921365043,0.6429146300784291,0.04362669579892517,0.0014405625073415878,0.8879552589381657,,,,,,,,,,,
632.5436554341733,0.09139104409482482,0.2804999060975147,0.01746269687394909,0.6420568439912216,0.043542561369095324,0.0014366485418591866,0.8847928270027602,,,,,,,,,,,
633.3882978611996,0.09122998024616105,0.28009991109498084,0.017425513876258972,0.6412002023747376,0.04345858919318262,0.0014327452105045834,0.8816416579949036,,,,,,,,,,,
634.234068148451,0.09106920024985501,0.27970048648836715,0.01738841005163859,0.640344703702007,0.043374778958279056,0.0014288524843851646,0.8785017118019399,,,,,,,,,,,
635.0809678019721,0.09090870360565691,0.2793016314642844,0.017351385231506155,0.6394903464480968,0.043291130352079994,0.0014249703346868189,0.8753729484540735,,,,,,,,,,,
635.9289983298171,0.0907484898141985,0.2789033452105039,0.017314439247638886,0.63863712909011,0.04320764306288328,0.001421098732673726,0.8722553281238649,,,,,,,,,,,
636.7781612420551,0.09058855837699174,0.2785056269159548,0.017277571932172203,0.6377850501071806,0.04312431677958779,0.001417237649688142,0.8691488111257165,,,,,,,,,,,
637.6284580507706,0.09042890879642712,0.27810847577072334,0.01724078311759894,0.636934107980473,0.04304115119169245,0.0014133870571501833,0.8660533579153729,,,,,,,,,,,
638.4798902700685,0.09026954057577188,0.2777118909660499,0.01720407263676859,0.636084301193176,0.0429581459892948,0.0014095469265576132,0.8629689290894094,,,,,,,,,,,
639.3324594160755,0.09011045321916863,0.2773158716943282,0.017167440322886515,0.635235628230503,0.04287530086309009,0.0014057172294856327,0.859895485384736,,,,,,,,,,,
640.1861670069416,0.08995164623163417,0.2769204171491043,0.01713088600951332,0.6343880875796888,0.042792615504370156,0.0014018979375866824,0.8568329876781019,,,,,,,,,,,
641.041014562844,0.08979311911905762,0.2765255265250741,0.017094409530563983,0.6335416777299874,0.04271008960502224,0.0013980890225902183,0.8537813969855929,,,,,,,,,,,
641.897003605991,0.08963487138819863,0.27613119901808153,0.01705801072030707,0.6326963971726666,0.042627722857527556,0.001394290456302502,0.8507406744621302,,,,,,,,,,,
642.7541356606237,0.08947690254668612,0.27573743382511706,0.017021689413364054,0.6318522444010073,0.042545514954960444,0.0013905022106063967,0.8477107814009812,,,,,,,,,,,
643.6124122530169,0.08931921210301703,0.27534423014431686,0.01698544544470858,0.6310092179103022,0.04246346559098727,0.001386724257461164,0.8446916792332707,,,,,,,,,,,
644.4718349114839,0.08916179956655448,0.2749515871749606,0.0169492786496657,0.6301673161978515,0.04238157445986518,0.0013829565689022542,0.8416833295274859,,,,,,,,,,,
645.3324051663799,0.08900466444752596,0.2745595041174693,0.016913188863911032,0.6293265377629588,0.042299841256440755,0.0013791991170410878,0.8386856939889824,,,,,,,,,,,
646.1941245501033,0.08884780625702231,0.274167980173404,0.016877175923470086,0.6284868811069303,0.04221826567614912,0.0013754518740648587,0.8356987344595008,,,,,,,,,,,
647.0569945970979,0.08869122450699597,0.27377701454546494,0.016841239664717605,0.6276483447330727,0.04213684741501289,0.0013717148122363314,0.8327224129166867,,,,,,,,,,,
647.9210168438568,0.08853491871025959,0.27338660643748913,0.016805379924376664,0.6268109271466894,0.04205558616964083,0.0013679879038936333,0.8297566914735987,,,,,,,,,,,
648.7861928289242,0.08837888838048447,0.27299675505444915,0.01676959653951807,0.6259746268550784,0.04197448163722682,0.001364271121450047,0.826801532378231,,,,,,,,,,,
649.6525240929001,0.08822313303219874,0.2726074596024507,0.016733889347559462,0.6251394423675279,0.04189353351554863,0.0013605644373938031,0.8238568980130266,,,,,,,,,,,
650.5200121784417,0.08806765218078609,0.27221871928873165,0.016698258186264695,0.6243053721953155,0.04181274150296685,0.001356867824287879,0.8209227508944025,,,,,,,,,,,
651.3886586302647,0.08791244534248457,0.27183053332166074,0.01666270289374309,0.6234724148517057,0.04173210529842392,0.0013531812547698079,0.8179990536722768,,,,,,,,,,,
652.2584649951475,0.0877575120343848,0.2714429009107359,0.01662722330844872,0.6226405688519471,0.04165162460144284,0.001349504701551462,0.8150857691295891,,,,,,,,,,,
653.1294328219354,0.08760285177442816,0.2710558212665814,0.016591819269179547,0.621809832713268,0.041571299112125974,0.0013458381374188498,0.8121828601818224,,,,,,,,,,,
654.0015636615419,0.0874484640814056,0.2706692936009473,0.01655649061507678,0.6209802049548746,0.04149112853115406,0.00134218153523192,0.8092902898765352,,,,,,,,,,,
654.8748590669497,0.0872943484749564,0.2702833171267085,0.016521237185624225,0.6201516840979507,0.041411112559785176,0.0013385348679243638,0.8064080213928959,,,,,,,,,,,
655.7493205932158,0.08714050447556643,0.26989789105786205,0.016486058820647426,0.6193242686656527,0.04133125089985357,0.0013348981085034147,0.8035360180412093,,,,,,,,,,,
656.6249497974745,0.08698693160456636,0.2695130146095253,0.01645095536031298,0.6184979571831063,0.041251543253768286,0.0013312712300496358,0.8006742432624452,,,,,,,,,,,
657.5017482389399,0.08683362938413042,0.26912868699793513,0.016415926645127782,0.6176727481774049,0.04117198932451237,0.0013276542057167303,0.7978226606277775,,,,,,,,,,,
658.3797174789062,0.08668059733727523,0.26874490744044627,0.01638097251593838,0.6168486401776085,0.04109258881564175,0.0013240470087313462,0.7949812338381252,,,,,,,,,,,
659.2588590807535,0.0865278349878579,0.2683616751555295,0.016346092813930204,0.616025631714739,0.04101334143128401,0.0013204496123928754,0.7921499267236831,,,,,,,,,,,
660.1391746099487,0.0863753418605748,0.26797898936277026,0.016311287380626864,0.6152037213217788,0.04093424687613733,0.001316861990073253,0.7893287032434664,,,,,,,,,,,
661.0206656340504,0.08622311748095968,0.26759684928286614,0.016276556057889347,0.6143829075336662,0.04085530485546933,0.001313284115216758,0.7865175274848448,,,,,,,,,,,
661.9033337227105,0.08607116137538248,0.2672152541376263,0.01624189868791536,0.6135631888872947,0.04077651507511598,0.0013097159613398189,0.7837163636630902,,,,,,,,,,,
662.7871804476755,0.08591947307104811,0.26683420314997003,0.016207315113238696,0.6127445639215103,0.04069787724148072,0.0013061575020308289,0.7809251761209252,,,,,,,,,,,
663.6722073827904,0.08576805209599472,0.2664536955439247,0.016172805176728398,0.6119270311771096,0.040619391061533096,0.001302608710949936,0.778143929328065,,,,,,,,,,,
664.5584161040034,0.08561689797909194,0.26607373054462374,0.01613836872158807,0.6111105891968338,0.04054105624280774,0.0012990695618288503,0.7753725878807606,,,,,,,,,,,
665.4458081893672,0.08546601025003975,0.26569430737830557,0.01610400559135516,0.6102952365253692,0.04046287249340327,0.0012955400284706505,0.772611116501353,,,,,,,,,,,
666.3343852190399,0.08531538843936716,0.2653154252723124,0.01606971562990031,0.6094809717093445,0.04038483952198137,0.0012920200847495963,0.7698594800378277,,,,,,,,,,,
667.22414877529,0.08516503207843062,0.26493708345508843,0.016035498681426636,0.6086677932973277,0.04030695703776552,0.0012885097046109342,0.7671176434633634,,,,,,,,,,,
668.1151004425,0.0850149406994122,0.2645592811561775,0.01600135459046891,0.6078556998398221,0.04022922475053992,0.0012850088620706913,0.764385571875882,,,,,,,,,,,
669.007241807168,0.08486511383531845,0.26418201760622206,0.015967283201892953,0.6070446898892651,0.04015164237064841,0.001281517531215494,0.7616632304976076,,,,,,,,,,,
669.9005744579094,0.08471555101997919,0.2638052920369623,0.01593328436089494,0.6062347620000262,0.04007420960899356,0.0012780356862023778,0.7589505846746298,,,,,,,,,,,
670.7950999854614,0.08456625178804565,0.2634291036812337,0.015899357913000674,0.6054259147284038,0.03999692617703545,0.001274563301258595,0.7562475998764544,,,,,,,,,,,
671.6908199826847,0.08441721567498932,0.26305345177296585,0.015865503704064865,0.6046181466326224,0.03991979178679057,0.0012711003506814197,0.753554241695569,,,,,,,,,,,
672.5877360445684,0.0842684422171001,0.2626783355471804,0.01583172158027041,0.6038114562728293,0.039842806150830766,0.0012676468088379557,0.7508704758469987,,,,,,,,,,,
673.4858497682312,0.08411993095148511,0.26230375423998975,0.01579801138812774,0.6030058422110928,0.03976596898228215,0.00126420265016495,0.7481962681678739,,,,,,,,,,,
674.3851627529234,0.08397168141606749,0.2619297070885961,0.01576437297447412,0.602201303011401,0.03968927999482421,0.001260767849168612,0.745531584616999,,,,,,,,,,,
675.2856766000305,0.08382369314958477,0.2615561933312896,0.01573080618647299,0.6013978372396578,0.03961273890268857,0.0012573423804244145,0.7428763912744155,,,,,,,,,,,
676.1873929130778,0.08367596569158708,0.26118321220744584,0.01569731087161313,0.6005954434636793,0.03953634542065788,0.0012539262185769031,0.7402306543409661,,,,,,,,,,,
677.090313297732,0.08352849858243606,0.2608107629575253,0.015663886877708078,0.5997941202531927,0.0394600992640648,0.001250519338339514,0.7375943401378684,,,,,,,,,,,
677.9944393618023,0.08338129136330368,0.2604388448230719,0.015630534052895478,0.5989938661798342,0.03938400014879116,0.0012471217144943898,0.7349674151062898,,,,,,,,,,,
678.8997727152447,0.08323434357617046,0.2600674570467113,0.015597252245636305,0.5981946798171462,0.03930804779126662,0.0012437333218921927,0.7323498458069174,,,,,,,,,,,
679.8063149701666,0.08308765476382392,0.25969659887214835,0.015564041304714189,0.597396559740573,0.039232241908467635,0.0012403541354519072,0.729741598919527,,,,,,,,,,,
680.7140677408281,0.08294122446985733,0.2593262695441668,0.015530901079234709,0.5965995045274594,0.03915658221791649,0.0012369841301606622,0.727142641242564,,,,,,,,,,,
681.6230326436432,0.08279505223866855,0.25895646830862756,0.015497831418624817,0.5958035127570496,0.03908106843768035,0.0012336232810735502,0.724552939692724,,,,,,,,,,,
682.5332112971853,0.08264913761545828,0.2585871944124668,0.015464832172632026,0.5950085830104828,0.03900570028636996,0.0012302715633134393,0.7219724613045265,,,,,,,,,,,
683.4446053221881,0.08250348014622885,0.2582184471036948,0.015431903191323834,0.5942147138707919,0.038930477483138874,0.0012269289520707874,0.7194011732298983,,,,,,,,,,,
684.3572163415512,0.08235807937778244,0.2578502256313937,0.015399044325086913,0.5934219039228993,0.038855399747682096,0.0012235954226034545,0.7168390427377501,,,,,,,,,,,
685.271045980341,0.08221293485771997,0.2574825292457164,0.015366255424626508,0.592630151753615,0.038780466800235225,0.0012202709502365234,0.7142860372135639,,,,,,,,,,,
686.1860958657926,0.0820680461344398,0.2571153571978857,0.015333536340965823,0.5918394559516361,0.038705678361573466,0.0012169555103621272,0.7117421241589807,,,,,,,,,,,
687.1023676273139,0.0819234127571363,0.25674870874019207,0.015300886925445244,0.5910498151075423,0.03863103415301055,0.001213649078439253,0.7092072711913845,,,,,,,,,,,
688.0198628964902,0.08177903427579797,0.25638258312599166,0.015268307029721682,0.5902612278137931,0.03855653389639752,0.0012103516299935622,0.7066814460434848,,,,,,,,,,,
688.9385833070851,0.08163491024120645,0.25601697960970543,0.015235796505767885,0.5894736926647253,0.038482177314121846,0.0012070631406172123,0.7041646165629106,,,,,,,,,,,
689.8585304950427,0.08149104020493529,0.2556518974468181,0.01520335520587184,0.588687208256553,0.03840796412910649,0.0012037835859686793,0.7016567507118043,,,,,,,,,,,
690.7797060984914,0.08134742371934833,0.2552873358938759,0.015170982982636083,0.5879017731873627,0.038333894064808735,0.0012005129417725785,0.699157816566411,,,,,,,,,,,
691.7021117577491,0.08120406033759796,0.2549232942084847,0.015138679688976895,0.5871173860571101,0.038259966845219026,0.0011972511838194697,0.6966677823166649,,,,,,,,,,,
692.6257491153214,0.08106094961362453,0.2545597716493099,0.015106445178123862,0.5863340454676207,0.038186182194860335,0.0011939982879656996,0.6941866162657996,,,,,,,,,,,
693.5506198159097,0.08091809110215403,0.25419676747607295,0.015074279303618966,0.5855517500225834,0.03811253983878665,0.0011907542301332022,0.6917142868299276,,,,,,,,,,,
694.47672550641,0.08077548435869755,0.25383428094955185,0.01504218191931614,0.5847704983275519,0.038039039502582354,0.001187518986309341,0.6892507625376528,,,,,,,,,,,
695.4040678359167,0.08063312893954956,0.25347231133157877,0.015010152879380475,0.5839902889899402,0.03796568091236106,0.0011842925325467185,0.6867960120296638,,,,,,,,,,,
696.3326484557284,0.08049102440178621,0.25311085788503784,0.014978192038287543,0.5832111206190194,0.037892463794764464,0.0011810748449629968,0.6843500040583304,,,,,,,,,,,
697.262469019348,0.08034917030326424,0.2527499198738644,0.014946299250822801,0.5824329918259156,0.03781938787696144,0.0011778658997407252,0.6819127074873105,,,,,,,,,,,
698.1935311824853,0.0802075662026199,0.2523894965630441,0.014914474372080927,0.5816559012236098,0.037746452886647075,0.0011746656731271724,0.6794840912911572,,,,,,,,,,,
699.1258366030611,0.08006621165926722,0.2520295872186104,0.014882717257465167,0.5808798474269331,0.03767365855204168,0.0011714741414341392,0.6770641245549196,,,,,,,,,,,
700.0593869412112,0.0799251062333965,0.2516701911076432,0.01485102776268659,0.5801048290525639,0.03760100460188953,0.0011682912810377828,0.6746527764737463,,,,,,,,,,,
700.9941838592882,0.07978424948597314,0.25131130749826724,0.014819405743763498,0.5793308447190259,0.03752849076545806,0.0011651170683784455,0.6722500163524965,,,,,,,,,,,
701.9302290218634,0.07964364097873648,0.25095293565965177,0.014787851057020827,0.5785578930466871,0.037456116772536865,0.0011619514799604844,0.6698558136053532,,,,,,,,,,,
702.8675240957302,0.0795032802741983,0.25059507486200794,0.014756363559089441,0.5777859726577569,0.0373838823534367,0.001158794492352097,0.6674701377554301,,,,,,,,,,,
703.8060707499105,0.07936316693564095,0.2502377243765869,0.014724943106905395,0.5770150821762804,0.03731178723898822,0.0011556460821851332,0.6650929584343779,,,,,,,,,,,
704.7458706556515,0.07922330052711697,0.24988088347568022,0.014693589557709453,0.5762452202281414,0.03723983116054143,0.001152506226154945,0.6627242453820109,,,,,,,,,,,
705.6869254864351,0.0790836806134467,0.2495245514326158,0.01466230276904629,0.5754763854410544,0.03716801384996415,0.001149374901020191,0.6603639684459074,,,,,,,,,,,
706.6292369179757,0.0789443067602178,0.2491687275217588,0.014631082598763947,0.5747085764445667,0.037096335039641506,0.0011462520836026872,0.6580120975810376,,,,,,,,,,,
707.5728066282253,0.07880517853378348,0.24881341101850918,0.01459992890501317,0.5739417918700542,0.037024794462474725,0.0011431377507872195,0.655668602849377,,,,,,,,,,,
708.5176362973777,0.07866629550126097,0.24845860119929938,0.014568841546246684,0.5731760303507175,0.03695339185188,0.0011400318795213747,0.6533334544195207,,,,,,,,,,,
709.4637276078706,0.07852765723053043,0.24810429734159398,0.0145378203812186,0.5724112905215808,0.036882126941787656,0.0011369344468153703,0.6510066225663079,,,,,,,,,,,
710.4110822443866,0.07838926329023377,0.2477504987238882,0.014506865268983853,0.5716475710194909,0.036810999466641216,0.001133845429741895,0.6486880776704467,,,,,,,,,,,
711.3597018938581,0.0782511132497731,0.24739720462570627,0.014475976068897459,0.5708848704831129,0.03674000916139636,0.0011307648054359268,0.6463777902181335,,,,,,,,,,,
712.3095882454711,0.0781132066793092,0.24704441432759922,0.01444515264061389,0.5701231875529275,0.03666915576151978,0.0011276925510945637,0.6440757308006742,,,,,,,,,,,
713.2607429906678,0.07797554314976034,0.2466921271111441,0.014414394844086423,0.5693625208712288,0.036598439002988356,0.0011246286439768583,0.6417818701141127,,,,,,,,,,,
714.2131678231472,0.07783812223280125,0.24634034225894283,0.014383702539566614,0.5686028690821241,0.036527858622288176,0.0011215730614036537,0.6394961789588621,,,,,,,,,,,
715.1668644388697,0.07770094350086153,0.2459890590546204,0.014353075587603554,0.5678442308315294,0.036457414356413594,0.0011185257807574144,0.637218628239329,,,,,,,,,,,
716.1218345360629,0.07756400652712392,0.24563827678282266,0.0143225138490432,0.5670866047671654,0.03638710594286596,0.0011154867794820464,0.634949188963538,,,,,,,,,,,
717.0780798152191,0.07742731088552386,0.2452879947292165,0.014292017185027919,0.56632998953856,0.03631693311965312,0.0011124560350827494,0.632687832242775,,,,,,,,,,,
718.0356019791041,0.07729085615074723,0.24493821218048648,0.014261585456995626,0.56557438379704,0.0362468956252879,0.0011094335251258314,0.6304345292912055,,,,,,,,,,,
718.994402732755,0.07715464189822976,0.24458892842433508,0.014231218526679369,0.5648197861957335,0.03617699319878759,0.001106419227238562,0.6281892514255198,,,,,,,,,,,
719.9544837834862,0.07701866770415544,0.24424014274948053,0.014200916256106574,0.5640661953895658,0.0361072255796728,0.001103413119108993,0.625951970064564,,,,,,,,,,,
720.915846840893,0.07688293314545497,0.24389185444565492,0.014170678507598441,0.5633136100352556,0.03603759250796639,0.0011004151784857945,0.6237226567289711,,,,,,,,,,,
721.8784936168533,0.07674743779980459,0.24354406280360302,0.014140505143769298,0.5625620287913136,0.03596809372419252,0.0010974253831780908,0.621501283040803,,,,,,,,,,,
722.8424258255302,0.07661218124562512,0.24319676711508165,0.014110396027526055,0.5618114503180418,0.035898728969375904,0.0010944437110553067,0.6192878207231924,,,,,,,,,,,
723.8076451833749,0.07647716306208031,0.24284996667285755,0.01408035102206755,0.5610618732775294,0.03582949798504069,0.0010914701400469918,0.6170822415999794,,,,,,,,,,,
724.7741534091325,0.07634238282907536,0.24250366077070548,0.014050369990883839,0.5603132963336498,0.035760400513209396,0.0010885046481426564,0.6148845175953492,,,,,,,,,,,
725.7419522238432,0.07620784012725586,0.24215784870340729,0.01402045279775567,0.5595657181520587,0.03569143629640205,0.0010855472133916133,0.6126946207334788,,,,,,,,,,,
726.7110433508436,0.07607353453800661,0.24181252976675094,0.013990599306753863,0.5588191374001935,0.0356226050776353,0.0010825978139028176,0.6105125231381835,,,,,,,,,,,
727.6814285157725,0.0759394656434501,0.24146770325752842,0.013960809382238669,0.558073552747269,0.03555390660042139,0.001079656427844703,0.6083381970325574,,,,,,,,,,,
728.653109446572,0.07580563302644538,0.24112336847353472,0.013931082888859159,0.5573289628642759,0.03548534060876724,0.0010767230334450182,0.606171614738623,,,,,,,,,,,
729.6260878734931,0.07567203627058641,0.2407795247135656,0.01390141969155256,0.556585366423977,0.03541690684717332,0.0010737976089906624,0.604012748676974,,,,,,,,,,,
730.6003655290973,0.07553867496020102,0.24043617127741684,0.013871819655543705,0.5558427621009062,0.03534860506063286,0.0010708801328275278,0.6018615713664276,,,,,,,,,,,
731.5759441482579,0.07540554868034981,0.2400933074658832,0.01384228264634442,0.5551011485713667,0.035280434994630974,0.0010679705833603484,0.5997180554236776,,,,,,,,,,,
732.5528254681652,0.07527265701682466,0.23975093258075647,0.013812808529752916,0.5543605245134277,0.03521239639514361,0.0010650689390525278,0.5975821735629432,,,,,,,,,,,
733.5310112283303,0.07513999955614725,0.23940904592482365,0.013783397171853099,0.5536208886069214,0.03514448900863652,0.001062175178425981,0.5954538985956177,,,,,,,,,,,
734.5105031705872,0.07500757588556788,0.23906764680186596,0.01375404843901402,0.552882239533441,0.03507671258206433,0.0010592892800609776,0.5933332034299262,,,,,,,,,,,
735.4913030390943,0.07487538559306454,0.23872673451665785,0.013724762197889321,0.55214457597634,0.03500906686286984,0.0010564112225959908,0.5912200610705836,,,,,,,,,,,
736.4734125803391,0.07474342826734137,0.23838630837496536,0.013695538315416578,0.5514078966207289,0.03494155159898289,0.0010535409847275297,0.5891144446184478,,,,,,,,,,,
737.4568335431425,0.07461170349782706,0.2380463676835437,0.01366637665881664,0.5506722001534708,0.034874166538819334,0.0010506785452099809,0.5870163272701745,,,,,,,,,,,
738.4415676786607,0.07448021087467395,0.23770691175013697,0.013637277095593075,0.5499374852631814,0.03480691143128018,0.0010478238828554548,0.5849256823178786,,,,,,,,,,,
739.427616740387,0.07434894998875687,0.23736793988347674,0.01360823949353164,0.5492037506402268,0.03473978602575082,0.001044976976533632,0.5828424831487976,,,,,,,,,,,
740.4149824841564,0.07421792043167154,0.23702945139328016,0.013579263720699567,0.54847099497672,0.034672790072099904,0.0010421378051716044,0.5807667032449486,,,,,,,,,,,
741.4036666681482,0.07408712179573361,0.23669144559024896,0.013550349645445051,0.5477392169665196,0.034605923320678515,0.0010393063477537171,0.5786983161827931,,,,,,,,,,,
742.3936710528906,0.07395655367397694,0.23635392178606737,0.013521497136396556,0.5470084153052259,0.03453918552231905,0.0010364825833214118,0.5766372956328963,,,,,,,,,,,
743.3849974012629,0.07382621566015263,0.236016879293401,0.013492706062462268,0.5462785886901791,0.03447257642833446,0.001033666490973072,0.5745836153595951,,,,,,,,,,,
744.3776474784967,0.07369610734872796,0.2356803174258963,0.013463976292829569,0.545549735820459,0.03440609579051739,0.001030858049863878,0.5725372492206672,,,,,,,,,,,
745.3716230521808,0.07356622833488488,0.23534423549817832,0.013435307696964348,0.5448218553968807,0.034339743361139166,0.0010280572392056416,0.5704981711669953,,,,,,,,,,,
746.3669258922658,0.0734365782145186,0.23500863282584905,0.013406700144610428,0.544094946121992,0.03427351889294872,0.0010252640382666526,0.5684663552422323,,,,,,,,,,,
747.3635577710658,0.07330715658423648,0.2346735087254864,0.013378153505788954,0.5433690067000717,0.03420742213917183,0.001022478426371527,0.566441775582474,,,,,,,,,,,
748.3615204632597,0.073177963041357,0.23433886251464336,0.0133496676507979,0.5426440358371281,0.03414145285351029,0.0010197003829010623,0.5644244064159328,,,,,,,,,,,
749.3608157458966,0.07304899718390835,0.23400469351184608,0.013321242450211396,0.5419200322408962,0.03407561079014089,0.001016929887292075,0.5624142220626072,,,,,,,,,,,
750.3614453983996,0.07292025861062691,0.23367100103659205,0.013292877774879109,0.5411969946208344,0.03400989570371438,0.0010141669190372482,0.5604111969339508,,,,,,,,,,,
751.3634112025682,0.0727917469209562,0.23333778440934902,0.013264573495925728,0.5404749216881223,0.033944307349354635,0.001011411457684982,0.5584153055325506,,,,,,,,,,,
752.3667149425793,0.07266346171504595,0.2330050429515544,0.013236329484750368,0.5397538121556607,0.033878845482657925,0.0010086634828392468,0.5564265224518048,,,,,,,,,,,
753.3713584049934,0.07253540259375038,0.23267277598561292,0.013208145613025973,0.5390336647380668,0.0338135098596918,0.001005922974159429,0.5544448223755954,,,,,,,,,,,
754.3773433787555,0.07240756915862731,0.23234098283489585,0.013180021752698733,0.5383144781516735,0.033748300236994246,0.0010031899113601788,0.5524701800779686,,,,,,,,,,,
755.3846716552013,0.07227996101193652,0.2320096628237388,0.01315195777598748,0.5375962511145254,0.033683216371572705,0.0010004642742112583,0.5505025704228089,,,,,,,,,,,
756.3933450280579,0.07215257775663877,0.23167881527744094,0.01312395355538311,0.536878982346377,0.033618258020903215,0.0009977460425373932,0.548541968363523,,,,,,,,,,,
757.4033652934467,0.07202541899639472,0.23134843952226403,0.013096008963648063,0.5361626705686926,0.033553424942929636,0.0009950351962181325,0.5465883489427229,,,,,,,,,,,
758.4147342498869,0.07189848433556359,0.23101853488543062,0.013068123873815726,0.535447314504642,0.033488716896062636,0.0009923317151876879,0.5446416872919064,,,,,,,,,,,
759.4274536983014,0.07177177337920158,0.230689100695122,0.013040298159189759,0.5347329128790975,0.033424133639178656,0.000989635579434787,0.5427019586311365,,,,,,,,,,,
760.4415254420176,0.07164528573306098,0.23036013628047766,0.013012531693343628,0.534019464418633,0.03335967493161918,0.0009869467690025264,0.5407691382687292,,,,,,,,,,,
761.4569512867691,0.07151902100358902,0.2300316409715942,0.01298482435012001,0.5333069678515222,0.03329534053318991,0.0009842652639882315,0.5388432016009428,,,,,,,,,,,
762.4737330407012,0.0713929787979266,0.22970361409952342,0.012957176003630227,0.5325954219077353,0.03323113020415975,0.0009815910445433,0.5369241241116609,,,,,,,,,,,
763.4918725143748,0.07126715872390672,0.22937605499627065,0.0129295865282536,0.5318848253189368,0.033167043705259795,0.000978924090873055,0.5350118813720778,,,,,,,,,,,
764.5113715207688,0.07114156039005352,0.22904896299479374,0.012902055798636928,0.5311751768184824,0.033103080797682635,0.0009762643832366003,0.5331064490403905,,,,,,,,,,,
765.5322318752811,0.0710161834055813,0.22872233742900228,0.012874583689693986,0.5304664751414195,0.033039241243081455,0.000973611901946679,0.5312078028614917,,,,,,,,,,,
766.5544553957349,0.07089102738039295,0.22839617763375536,0.01284717007660484,0.5297587190244826,0.032975524803569085,0.0009709666273695245,0.5293159186666567,,,,,,,,,,,
767.5780439023794,0.07076609192507885,0.22807048294486099,0.012819814834815386,0.5290519072060919,0.03291193124171711,0.0009683285399247134,0.5274307723732382,,,,,,,,,,,
768.6029992178965,0.07064137665091565,0.22774525269907356,0.012792517840036665,0.5283460384263502,0.03284846032055496,0.000965697620085019,0.5255523399843562,,,,,,,,,,,
769.6293231674016,0.07051688116986492,0.22742048623409356,0.01276527896824437,0.5276411114270408,0.03278511180356902,0.0009630738483762684,0.523680597588595,,,,,,,,,,,
770.657017578446,0.07039260509457236,0.22709618288856617,0.012738098095678331,0.5269371249516271,0.032721885454701956,0.0009604572053772065,0.5218155213597017,,,,,,,,,,,
771.686084281021,0.07026854803836632,0.22677234200207985,0.012710975098841877,0.5262340777452491,0.03265878103835157,0.000957847671719342,0.5199570875562797,,,,,,,,,,,
772.7165251075631,0.07014470961525637,0.22644896291516423,0.012683909854501275,0.5255319685547196,0.03259579831937002,0.0009552452280868044,0.5181052725214844,,,,,,,,,,,
773.7483418929561,0.07002108943993238,0.2261260449692893,0.012656902239685176,0.5248307961285236,0.0325329370630629,0.0009526498552162028,0.5162600526827245,,,,,,,,,,,
774.7815364745317,0.06989768712776344,0.22580358750686472,0.012629952131684129,0.5241305592168171,0.032470197035188546,0.0009500615338964913,0.5144214045513643,,,,,,,,,,,
775.8161106920754,0.06977450229479651,0.2254815898712378,0.012603059408049946,0.5234312565714235,0.03240757800195698,0.0009474802449688169,0.5125893047224229,,,,,,,,,,,
776.852066387831,0.06965153455775504,0.22516005140669176,0.012576223946595135,0.5227328869458305,0.032345079730029036,0.0009449059693263776,0.5107637298742727,,,,,,,,,,,
777.8894054065022,0.06952878353403788,0.22483897145844498,0.012549445625392383,0.522035449095189,0.03228270198651553,0.0009423386879142843,0.5089446567683452,,,,,,,,,,,
778.9281295952543,0.06940624884171843,0.22451834937264992,0.012522724322774018,0.5213389417763117,0.03222044453897651,0.0009397783817294218,0.5071320622488387,,,,,,,,,,,
779.96824080372,0.06928393009954312,0.2241981844963912,0.012496059917331435,0.5206433637476695,0.03215830715542024,0.0009372250318203073,0.5053259232424189,,,,,,,,,,,
781.0097408840011,0.06916182692693017,0.22387847617768483,0.012469452287914535,0.5199487137693904,0.03209628960430241,0.0009346786192869476,0.5035262167579279,,,,,,,,,,,
782.0526316906739,0.06903993894396862,0.22355922376547605,0.012442901313631169,0.5192549906032555,0.032034391654525145,0.000932139125280697,0.5017329198860875,,,,,,,,,,,
783.0969150807913,0.06891826577141684,0.22324042660963841,0.012416406873846575,0.5185621930126981,0.031972613075436286,0.0009296065310041204,0.49994600979921044,,,,,,,,,,,
784.1425929138845,0.06879680703070187,0.2229220840609731,0.012389968848182924,0.5178703197628021,0.03191095363682857,0.0009270808177108612,0.4981654637509126,,,,,,,,,,,
785.1896670519674,0.06867556234391779,0.2226041954712071,0.012363587116518682,0.5171793696202992,0.031849413108938636,0.0009245619667054935,0.4963912590758204,,,,,,,,,,,
786.2381393595421,0.06855453133382469,0.22228676019299132,0.012337261558988054,0.5164893413535657,0.0317879912624462,0.0009220499593433831,0.4946233731892797,,,,,,,,,,,
787.2880117036003,0.06843371362384734,0.2219697775798998,0.012310992055980486,0.5158002337326207,0.03172668786847319,0.0009195447770305524,0.49286178358707117,,,,,,,,,,,
788.3392859536253,0.06831310883807444,0.22165324698642888,0.012284778488140125,0.515112045529126,0.031665502698583044,0.000917046401223549,0.49110646784512646,,,,,,,,,,,
789.3919639815965,0.06819271660125709,0.2213371677679954,0.012258620736365286,0.5144247755163818,0.0316044355247797,0.0009145548134293,0.4893574036192401,,,,,,,,,,,
790.4460476619946,0.06807253653880764,0.22102153928093474,0.012232518681807827,0.5137384224693239,0.031543486119506726,0.0009120699952049747,0.4876145686447819,,,,,,,,,,,
791.5015388718035,0.06795256827679852,0.22070636088250042,0.012206472205872667,0.5130529851645229,0.031482654255646524,0.0009095919281578513,0.4858779407364171,,,,,,,,,,,
792.5584394905117,0.06783281144196138,0.22039163193086286,0.012180481190217304,0.5123684623801826,0.031421939706519623,0.000907120593945183,0.48414749778782595,,,,,,,,,,,
793.6167514001181,0.0677132656616856,0.22007735178510746,0.012154545516751178,0.5116848528961366,0.03136134224588358,0.0009046559742740608,0.4824232177714186,,,,,,,,,,,
794.6764764851342,0.06759393056401729,0.21976351980523387,0.012128665067635217,0.5110021554938466,0.03130086164793238,0.0009021980509012758,0.48070507873805707,,,,,,,,,,,
795.7376166325894,0.06747480577765795,0.21945013535215388,0.012102839725281204,0.5103203689563994,0.031240497687295355,0.0008997468056331829,0.47899305881677223,,,,,,,,,,,
796.8001737320324,0.06735589093196341,0.21913719778769067,0.012077069372351321,0.5096394920685055,0.031180250139036473,0.0008973022203255675,0.47728713621448804,,,,,,,,,,,
797.8641496755341,0.06723718565694292,0.21882470647457788,0.012051353891757613,0.5089595236164973,0.0311201187786536,0.0008948642768835186,0.4755872892157463,,,,,,,,,,,
798.9295463576915,0.06711868958325769,0.21851266077645798,0.012025693166661458,0.5082804623883271,0.031060103382077504,0.0008924329572612862,0.4738934961824281,,,,,,,,,,,
799.9963656756332,0.06700040234221981,0.21820106005788023,0.01200008708047296,0.5076023071735631,0.03100020372567103,0.0008900082434621469,0.4722057355534755,,,,,,,,,,,
801.0646095290211,0.06687287576057854,0.21782983170644935,0.011975452399515531,0.5066258440133541,0.03093908535424003,0.0008882295065581205,0.4703658349592121,,,,,,,,,,,
802.134279820052,0.06674555969887434,0.217459030099821,0.011950871416282722,0.5056502393986343,0.030878082931868556,0.0008864565051723898,0.4685325652922826,,,,,,,,,,,
803.2053784534629,0.06661848602811549,0.21708885969154806,0.011926340888324317,0.5046765134965303,0.030817200787633763,0.0008846870428876372,0.46670644086725316,,,,,,,,,,,
804.2779073365357,0.06649165428682541,0.21671931940717068,0.01190186071207509,0.5037046626892222,0.030756438684383845,0.0008829211126394357,0.4648874338352562,,,,,,,,,,,
805.3518683790991,0.06636506401440609,0.21635040817405785,0.011877430784182382,0.5027346833658567,0.030695796385434643,0.0008811587073774595,0.4630755164559662,,,,,,,,,,,
806.4272634935305,0.06623871475113657,0.2159821249214051,0.011853051001505724,0.5017665719225358,0.030635273654568716,0.0008793998200654598,0.4612706610971791,,,,,,,,,,,
807.5040945947616,0.06611260603817116,0.21561446858023056,0.01182872126111634,0.5008003247623004,0.030574870256034326,0.0008776444436812319,0.4594728402343877,,,,,,,,,,,
808.5823636002805,0.0659867374175377,0.21524743808337207,0.01180444146029674,0.49983593829511885,0.030514585954544652,0.0008758925712165864,0.45768202645036354,,,,,,,,,,,
809.6620724301371,0.0658611084321359,0.21488103236548373,0.011780211496540243,0.49887340893787135,0.03045442051527664,0.0008741441956773248,0.4558981924347352,,,,,,,,,,,
810.7432230069454,0.06573571862573556,0.21451525036303307,0.011756031267550555,0.497912733114338,0.03039437370387029,0.0008723993100832071,0.4541213109835748,,,,,,,,,,,
811.8258172558851,0.06561056754297534,0.2141500910142984,0.011731900671241415,0.4969539072551872,0.03033444528642773,0.0008706579074679284,0.4523513549989854,,,,,,,,,,,
812.9098571047062,0.06548565472936091,0.21378555325936568,0.011707819605736098,0.4959969277979607,0.03027463502951231,0.000868919980879092,0.4505882974886852,,,,,,,,,,,
813.9953444837352,0.06536097973126291,0.21342163604012418,0.011683787969366956,0.4950417911870589,0.03021494270014752,0.0008671855233781745,0.44883211156559316,,,,,,,,,,,
815.0822813258753,0.06523654209591573,0.21305833830026463,0.011659805660675033,0.4940884938737293,0.0301553680658162,0.0008654545280405022,0.44708277044742184,,,,,,,,,,,
816.17066956661,0.06511234137141589,0.2126956589852764,0.011635872578409643,0.4931370323160546,0.030095910894459788,0.0008637269879552277,0.44534024745627143,,,,,,,,,,,
817.2605111440064,0.06498837710672024,0.21233359704244364,0.011611988621527953,0.4921874029789383,0.0300365709544772,0.0008620028962252985,0.4436045160182203,,,,,,,,,,,
818.3518079987226,0.06486464885164418,0.21197215142084197,0.011588153689194466,0.4912396023340889,0.029977348014723935,0.0008602822459674245,0.4418755496629159,,,,,,,,,,,
819.4445620740046,0.06474115615686046,0.21161132107133698,0.011564367680780738,0.4902936268600125,0.029918241844511348,0.0008585650303120592,0.44015332202318,,,,,,,,,,,
820.5387753156965,0.06461789857389692,0.21125110494657887,0.011540630495864807,0.4893494730419934,0.029859252213605525,0.0008568512424033677,0.4384378068345963,,,,,,,,,,,
821.6344496722384,0.0644948756551356,0.2108915020010017,0.011516942034230876,0.48840713737208646,0.029800378892226597,0.0008551408753991989,0.4367289779351193,,,,,,,,,,,
822.7315870946717,0.06437208695381065,0.2105325111908194,0.01149330219586887,0.48746661634910177,0.029741621651047743,0.0008534339224710629,0.43502680926467063,,,,,,,,,,,
823.8301895366453,0.06424953202400656,0.2101741314740219,0.011469710880973955,0.48652790647859,0.02968298026119427,0.000851730376804096,0.43333127486474,,,,,,,,,,,
824.9302589544166,0.06412721042065694,0.20981636181037314,0.011446167989946156,0.4855910042728313,0.02962445449424268,0.0008500302315970378,0.43164234887799113,,,,,,,,,,,
826.0317973068534,0.0640051216995428,0.20945920116140812,0.011422673423389984,0.4846559062508233,0.029566044122220022,0.0008483334800622069,0.42996000554787056,,,,,,,,,,,
827.1348065554392,0.06388326541729086,0.2091026484904298,0.011399227082113947,0.48372260893826713,0.029507748917602775,0.0008466401154254715,0.42828421921821186,,,,,,,,,,,
828.2392886642788,0.06376164113137192,0.20874670276250526,0.01137582886713014,0.48279110886755283,0.029449568653315987,0.0008449501309262179,0.42661496433284196,,,,,,,,,,,
829.345245600099,0.0636402484000991,0.20839136294446314,0.011352478679653838,0.48186140257774807,0.029391503102732374,0.0008432635198173271,0.4249522154351941,,,,,,,,,,,
830.4526793322518,0.06351908678262679,0.2080366280048915,0.011329176421103116,0.4809334866145864,0.02933355203967164,0.0008415802753651529,0.4232959471679222,,,,,,,,,,,
831.5615918327184,0.06339815583894855,0.20768249691413415,0.011305921993098404,0.4800073575304536,0.029275715238399405,0.0008399003908494871,0.42164613427251096,,,,,,,,,,,
832.6719850761158,0.06327745512989538,0.20732896864428663,0.011282715297462,0.4790830118843719,0.029217992473626234,0.0008382238595635334,0.42000275158888783,,,,,,,,,,,
833.7838610396947,0.06315698421713489,0.20697604216919555,0.011259556236217811,0.4781604462419931,0.029160383520507115,0.0008365506748138892,0.41836577405504755,,,,,,,,,,,
834.897221703349,0.06303674266316871,0.20662371646445302,0.011236444711590772,0.47723965717557926,0.02910288815464012,0.0008348808299205052,0.41673517670665994,,,,,,,,,,,
836.0120690496141,0.06291673003133168,0.20627199050739586,0.011213380626006568,0.47632064126399554,0.029045506152065973,0.000833214318216673,0.41511093467669813,,,,,,,,,,,
837.1284050636726,0.0627969458857901,0.2059208632771018,0.011190363882091171,0.4754033950926951,0.02898823728926692,0.0008315511330489876,0.41349302319505543,,,,,,,,,,,
838.2462317333598,0.06267738979153972,0.20557033375438566,0.01116739438267037,0.47448791525370504,0.028931081343165875,0.0008298912677773268,0.41188141758816516,,,,,,,,,,,
839.365551049165,0.06255806131440458,0.20522040092179739,0.011144472030769436,0.47357419834561515,0.028874038091125553,0.0008282347157748203,0.4102760932786268,,,,,,,,,,,
840.4863650042341,0.062438960021035425,0.20487106376361944,0.011121596729612718,0.47266224097356674,0.028817107310947738,0.0008265814704278274,0.40867702578483384,,,,,,,,,,,
841.6086755943743,0.062320085478908056,0.20452232126586306,0.011098768382623213,0.4717520397492385,0.028760288780872355,0.0008249315251359116,0.4070841907205977,,,,,,,,,,,
842.7324848180596,0.06220143725632161,0.20417417241626526,0.011075986893422115,0.47084359129083264,0.028703582279576426,0.0008232848733118071,0.4054975637947736,,,,,,,,,,,
843.8577946764324,0.062083014922397005,0.203826616204286,0.01105325216582844,0.4699368922230637,0.02864698758617342,0.0008216415083813972,0.4039171208108922,,,,,,,,,,,
844.9846071733057,0.06196481804707582,0.2034796516211061,0.011030564103858671,0.46903193917714714,0.02859050448021235,0.0008200014237836911,0.4023428376667937,,,,,,,,,,,
846.1129243151692,0.06184684620111819,0.2031332776596233,0.011007922611726288,0.46812872879078526,0.028534132741676904,0.0008183646129707937,0.40077469035425584,,,,,,,,,,,
847.2427481111906,0.06172909895610156,0.20278749331445006,0.010985327593841398,0.46722725770815565,0.028477872150984584,0.0008167310694078784,0.3992126549586309,,,,,,,,,,,
848.3740805732227,0.06161157588441895,0.20244229758190954,0.010962778954810294,0.4663275225798968,0.02842172248898574,0.0008151007865731647,0.3976567076584768,,,,,,,,,,,
849.5069237158045,0.06149427655927736,0.20209768946003365,0.010940276599435052,0.465429520063097,0.02836568353696288,0.0008134737579578875,0.3961068247251967,,,,,,,,,,,
850.6412795561632,0.061377200554696545,0.20175366794856014,0.010917820432713212,0.4645332468212834,0.028309755076629764,0.0008118499770662758,0.3945629825226791,,,,,,,,,,,
851.7771501142197,0.06126034744550735,0.20141023204892977,0.010895410359837302,0.46363869952440817,0.028253936890130626,0.000810229437415527,0.39302515750693523,,,,,,,,,,,
852.9145374125941,0.06114371680734978,0.2010673807642824,0.010873046286194425,0.46274587484883467,0.02819822876003908,0.0008086121325357751,0.39149332622573774,,,,,,,,,,,
854.0534434766068,0.06102730821667186,0.2007251130994548,0.010850728117365895,0.4618547694773267,0.02814263046935751,0.0008069980559700686,0.38996746531826504,,,,,,,,,,,
855.1938703342815,0.06091112125072812,0.2003834280609783,0.010828455759126842,0.46096538009903715,0.028087141801516176,0.0008053872012743478,0.3884475515147479,,,,,,,,,,,
856.3358200163497,0.0607951554875779,0.2000423246570755,0.010806229117445826,0.46007770340949483,0.028031762540372405,0.0008037795620174165,0.3869335616361118,,,,,,,,,,,
857.4792945562559,0.06067941050608378,0.19970180189765646,0.010784048098484373,0.45919173611059044,0.027976492470209564,0.0008021751317809118,0.38542547259362114,,,,,,,,,,,
858.6242959901606,0.060563885885910045,0.1993618587943169,0.010761912608596628,0.45830747491056595,0.02792133137573635,0.0008005739041592834,0.38392326138852984,,,,,,,,,,,
859.7708263569409,0.06044858120752138,0.19902249436033534,0.010739822554328992,0.4574249165240033,0.027866279042086068,0.0007989758727597709,0.3824269051117325,,,,,,,,,,,
860.9188876981975,0.060333496052181246,0.1986837076106699,0.010717777842419656,0.45654405767181083,0.027811335254815585,0.0007973810312023701,0.3809363809434117,,,,,,,,,,,
862.0684820582566,0.06021863000195029,0.19834549756195563,0.010695778379798274,0.45566489508121183,0.027756499799904674,0.0007957893731198167,0.3794516661526925,,,,,,,,,,,
863.2196114841756,0.06010398263968468,0.19800786323250097,0.0106738240735855,0.45478742548573065,0.027701772463754958,0.0007942008921575516,0.377972738097292,,,,,,,,,,,
864.3722780257456,0.05998955354903485,0.19767080364228556,0.010651914831092634,0.4539116456251819,0.02764715303318926,0.0007926155819737002,0.37649957422317654,,,,,,,,,,,
865.5264837354928,0.059875342314443976,0.1973343178129578,0.01063005055982127,0.4530375522456595,0.027592641295450776,0.0007910334362390512,0.37503215206421997,,,,,,,,,,,
866.6822306686846,0.05976134852114649,0.1969984047678313,0.010608231167462845,0.45216514209952363,0.027538237038202178,0.0007894544486370236,0.3735704492418589,,,,,,,,,,,
867.8395208833341,0.05964757175516624,0.19666306353188195,0.010586456561898256,0.45129441194538683,0.02748394004952477,0.0007878786128636467,0.37211444346474887,,,,,,,,,,,
868.9983564402029,0.05953401160331519,0.19632829313174524,0.01056472665119748,0.45042535854810384,0.02742975011791764,0.0007863059226275306,0.3706641125284268,,,,,,,,,,,
870.1587394028023,0.059420667653192226,0.19599409259571413,0.010543041343619221,0.4495579786787603,0.02737566703229703,0.0007847363716498458,0.36921943431497484,,,,,,,,,,,
871.3206718373991,0.05930753949318132,0.19566046095373574,0.0105214005476105,0.44869226911466,0.027321690581995312,0.0007831699536642978,0.36778038679268044,,,,,,,,,,,
872.4841558130211,0.0591946267124499,0.19532739723740777,0.010499804171806215,0.447828226639311,0.02726782055676021,0.0007816066624170969,0.3663469480156983,,,,,,,,,,,
873.6491934014587,0.05908192890094765,0.1949949004799766,0.01047825212502881,0.4469658480424158,0.02721405674675394,0.000780046491666936,0.364919096123718,,,,,,,,,,,
874.8157866772672,0.058969445649405,0.1946629697163347,0.010456744316287915,0.4461051301198598,0.0271603989425526,0.0007784894351849699,0.3634968093416328,,,,,,,,,,,
875.9839377177727,0.05885717654933158,0.19433160398301705,0.010435280654779909,0.4452460696736982,0.027106846935145118,0.0007769354867547862,0.36208006597920417,,,,,,,,,,,
877.1536486030748,0.058745121193014734,0.19400080231819902,0.010413861049887578,0.4443886635121449,0.027053400515932576,0.000775384640172379,0.3606688444307331,,,,,,,,,,,
878.3249214160518,0.05863327917351787,0.19367056376169287,0.010392485411179663,0.44353290844955895,0.0270000594767273,0.0007738368892461284,0.35926312317472775,,,,,,,,,,,
879.4977582423637,0.0585216500846792,0.19334088735494506,0.010371153648410538,0.44267880130643406,0.026946823609752046,0.0007722922277967709,0.357862880773577,,,,,,,,,,,
880.6721611704537,0.05841023352111032,0.19301177214103452,0.010349865671519848,0.44182633890938783,0.02689369270763939,0.0007707506496573792,0.3564680958732257,,,,,,,,,,,
881.8481322915537,0.05829902907819462,0.19268321716466894,0.010328621390632092,0.4409755180911489,0.0268406665634307,0.0007692121486733382,0.35507874720284727,,,,,,,,,,,
883.0256736996896,0.05818803635208572,0.1923552214721817,0.010307420716056226,0.4401263356905437,0.026787744970575397,0.000767676718702314,0.35369481357451676,,,,,,,,,,,
884.2047874916839,0.05807725493970601,0.19202778411152968,0.01028626355828529,0.43927878855248637,0.026734927722930096,0.0007661443536142339,0.35231627388288994,,,,,,,,,,,
885.3854757671568,0.05796668443874555,0.19170090413229066,0.010265149827996096,0.4384328735279677,0.02668221461475796,0.000764615047291264,0.35094310710488374,,,,,,,,,,,
886.5677406285323,0.057856324447660264,0.19137458058566043,0.010244079436048794,0.4375885874740428,0.026629605440727833,0.0007630887936277827,0.3495752922993533,,,,,,,,,,,
887.7515841810438,0.05774617456567037,0.19104881252444939,0.010223052293486475,0.4367459272538175,0.02657709999591328,0.0007615655865303526,0.3482128086067707,,,,,,,,,,,
888.9370085327355,0.05763623439275922,0.1907235990030802,0.010202068311534827,0.4359048897364388,0.026524698075791973,0.0007600454199176993,0.3468556352489087,,,,,,,,,,,
890.1240157944649,0.0575265035296718,0.1903989390775857,0.010181127401601776,0.43506547179708355,0.02647239947624486,0.0007585282877206916,0.3455037515285264,,,,,,,,,,,
891.3126080799091,0.057416981577913154,0.19007483180560544,0.01016022947527709,0.43422767031694565,0.02642020399355537,0.0007570141838823087,0.3441571368290499,,,,,,,,,,,
892.5027875055664,0.05730766813974716,0.1897512762463831,0.010139374444332022,0.4333914821832255,0.026368111424408595,0.000755503102357624,0.34281577061426044,,,,,,,,,,,
893.6945561907634,0.05719856281819464,0.18942827146076358,0.010118562220718892,0.43255690428911636,0.02631612156589042,0.0007539950371137738,0.34147963242797785,,,,,,,,,,,
894.8879162576566,0.05708966521703232,0.18910581651119016,0.010097792716570755,0.43172393353379457,0.02626423421548686,0.0007524899821299364,0.34014870189375074,,,,,,,,,,,
896.0828698312345,0.05698097494079138,0.18878391046170276,0.010077065844201037,0.4308925668224085,0.026212449171083247,0.0007509879313973113,0.33882295871454776,,,,,,,,,,,
897.2794190393226,0.056872491594755895,0.1884625523779346,0.010056381516103165,0.43006280106606665,0.026160766230963476,0.0007494888789190925,0.33750238267244626,,,,,,,,,,,
898.4775660125905,0.05676421478496133,0.1881417413271087,0.01003573964495015,0.42923463318182414,0.02610918519380904,0.0007479928187104409,0.3361869536283214,,,,,,,,,,,
899.677312884552,0.05665614411819314,0.18782147637803612,0.01001514014359425,0.4284080600926734,0.026057705858698404,0.0007464997447984645,0.3348766515215417,,,,,,,,,,,
900.8786617915682,0.056548279201985546,0.18750175660111348,0.009994582925066638,0.42758307872753293,0.02600632802510624,0.0007450096512221951,0.3335714563696647,,,,,,,,,,,
902.0816148728534,0.05644061964462008,0.1871825810683197,0.009974067902576983,0.4267596860212355,0.025955051492902625,0.000743522532032565,0.3322713482681301,,,,,,,,,,,
903.2861742704796,0.05633316505512372,0.1868639488532131,0.009953594989513105,0.42593787891451507,0.02590387606235213,0.0007420383812923778,0.3309763073899547,,,,,,,,,,,
904.4923421293796,0.05622591504326796,0.18654585903092893,0.009933164099440568,0.42511765435399695,0.025852801534113127,0.0007405571930762884,0.3296863139854317,,,,,,,,,,,
905.7001205973481,0.0561188692195673,0.18622831067817733,0.009912775146102408,0.42429900929218745,0.025801827709237165,0.0007390789614707827,0.32840134838183144,,,,,,,,,,,
906.9095118250491,0.056012027195277654,0.18591130287323993,0.009892428043418689,0.4234819406874607,0.025750954389167954,0.0007376036805741491,0.32712139098309867,,,,,,,,,,,
908.1205179660172,0.05590538858239525,0.18559483469596738,0.009872122705486184,0.4226664455040488,0.02570018137574079,0.0007361313444964558,0.3258464222695554,,,,,,,,,,,
909.3331411766648,0.055798952993654755,0.18527890522777643,0.009851859046577942,0.4218525207120285,0.02564950847118156,0.0007346619473595287,0.32457642279760046,,,,,,,,,,,
910.5473836162832,0.055692720042528114,0.18496351355164742,0.00983163698114302,0.42104016328731136,0.025598935478106155,0.0007331954832969253,0.323311373199415,,,,,,,,,,,
911.7632474470457,0.05558668934322344,0.18464865875212202,0.009811456423806054,0.4202293702116335,0.025548462199519683,0.0007317319464539148,0.3220512541826688,,,,,,,,,,,
912.9807348340128,0.055480860510683204,0.1843343399153005,0.009791317289366955,0.41942013847254334,0.02549808843881567,0.0007302713309874549,0.32079604653022425,,,,,,,,,,,
914.1998479451374,0.05537523316058294,0.18402055612883803,0.009771219492800494,0.418612465063389,0.025447813999775245,0.0007288136310661631,0.31954573109984163,,,,,,,,,,,
915.4205889512679,0.05526980690932977,0.18370730648194314,0.00975116294925594,0.41780634698330876,0.025397638686566373,0.0007273588408702971,0.31830028882388856,,,,,,,,,,,
916.642960026149,0.05516458137406129,0.18339459006537503,0.009731147574056775,0.4170017812372206,0.025347562303743267,0.0007259069545917341,0.31705970070905165,,,,,,,,,,,
917.8669633464285,0.05505955617264412,0.1830824059714407,0.00971117328270029,0.4161987648358102,0.025297584656245452,0.0007244579664339453,0.31582394783604456,,,,,,,,,,,
919.0926010916622,0.05495473092367212,0.18277075329399184,0.009691239990857178,0.4153972947955185,0.02524770554939702,0.0007230118706119691,0.31459301135931783,,,,,,,,,,,
920.3198754443167,0.05485010524646531,0.18245963112842264,0.009671347614371259,0.4145973681385318,0.025197924788905875,0.0007215686613523915,0.3133668725067733,,,,,,,,,,,
921.5487885897705,0.05474567876106871,0.18214903857166753,0.009651496069259097,0.4137989818927722,0.025148242180863072,0.0007201283328933265,0.3121455125794796,,,,,,,,,,,
922.7793427163217,0.05464145108825056,0.18183897472219807,0.00963168527170965,0.4130021330918841,0.025098657531742005,0.0007186908794843857,0.3109289129513842,,,,,,,,,,,
924.0115400151891,0.05453742184950119,0.18152943868002064,0.00961191513808388,0.41220681877522514,0.025049170648397623,0.0007172562953866628,0.3097170550690316,,,,,,,,,,,
925.2453826805197,0.05443359066703144,0.18122042954667308,0.009592185584914453,0.4114130359878528,0.024999781338065675,0.0007158245748727035,0.30850992045127684,,,,,,,,,,,
926.48087290939,0.054329957163771335,0.18091194642522285,0.00957249652890532,0.41062078178051503,0.024950489408361937,0.0007143957122264856,0.30730749068900637,,,,,,,,,,,
927.7180129018086,0.054226520963369045,0.18060398842026446,0.009552847886931457,0.40983005320964017,0.024901294667281623,0.0007129697017434003,0.3061097474448585,,,,,,,,,,,
928.956804860722,0.054123281690189165,0.18029655463791674,0.009533239576038459,0.4090408473373251,0.024852196923198483,0.0007115465377302253,0.3049166724529422,,,,,,,,,,,
930.1972509920197,0.05402023896931129,0.17998964418581972,0.009513671513442151,0.40825316123132305,0.024803195984864062,0.0007101262145050998,0.3037282475185565,,,,,,,,,,,
931.439353504537,0.0539173924265289,0.1796832561731323,0.009494143616528308,0.4074669919650336,0.024754291661406958,0.0007087087263975047,0.3025444545179154,,,,,,,,,,,
932.6831146100573,0.05381474168834796,0.1793773897105304,0.009474655802852292,0.4066823366174936,0.024705483762332173,0.0007072940677482435,0.3013652753978725,,,,,,,,,,,
933.9285365233164,0.05371228638198555,0.17907204391020382,0.0094552079901387,0.4058991922733643,0.02465677209752036,0.0007058822329094136,0.3001906921756445,,,,,,,,,,,
935.1756214620101,0.053610026135368374,0.178767217885853,0.009435800096280972,0.40511755602292027,0.02460815647722689,0.0007044732162443858,0.2990206869385348,,,,,,,,,,,
936.4243716467954,0.05350796057713139,0.17846291075268733,0.009416432039341078,0.40433742496203906,0.02455963671208131,0.0007030670121277816,0.2978552418436622,,,,,,,,,,,
937.6747893012925,0.05340608933661687,0.17815912162742256,0.009397103737549215,0.4035587961921919,0.024511212613086572,0.0007016636149454538,0.29669433911769083,,,,,,,,,,,
938.9268766520918,0.05330441204387259,0.17785584962827794,0.009377815109303404,0.40278166682043115,0.024462883991618282,0.0007002630190944613,0.2955379610565561,,,,,,,,,,,
940.1806359287561,0.053202928329650734,0.17755309387497395,0.009358566073169173,0.40200603395938056,0.02441465065942396,0.0006988652189830455,0.29438609002519656,,,,,,,,,,,
941.4360693638271,0.053101637825406424,0.177250853488729,0.00933935654787919,0.4012318947272229,0.024366512428622224,0.0006974702090306109,0.2932387084572824,,,,,,,,,,,
942.6931791928276,0.053000540163296334,0.17694912759225745,0.009320186452332912,0.40045924624769064,0.024318469111702174,0.0006960779836676995,0.29209579885494924,,,,,,,,,,,
943.9519676542639,0.05289963497617762,0.17664791530976753,0.009301055705596303,0.3996880856500561,0.024270520521522652,0.0006946885373359719,0.29095734378853316,,,,,,,,,,,
945.2124369896311,0.052798921897606516,0.1763472157669582,0.00928196422690146,0.39891841006911954,0.02422266647131153,0.0006933018644881858,0.28982332589630305,,,,,,,,,,,
946.4745894434193,0.052698400561836625,0.17604702809101624,0.009262911935646217,0.3981502166451979,0.02417490677466482,0.0006919179595881683,0.28869372788419406,,,,,,,,,,,
947.738427263116,0.052598070603818006,0.17574735141061434,0.009243898751393887,0.39738350252411464,0.024127241245546112,0.0006905368171107972,0.2875685325255456,,,,,,,,,,,
949.0039526992076,0.052497931659195786,0.17544818485590866,0.009224924593872875,0.3966182648571909,0.024079669698285837,0.0006891584315419821,0.2864477226608406,,,,,,,,,,,
950.2711680051856,0.05239798336430877,0.1751495275585362,0.009205989382976378,0.39585450080123336,0.024032191947580512,0.0006877827973786391,0.2853312811974415,,,,,,,,,,,
951.5400754375537,0.05229822535618796,0.1748513786516113,0.009187093038761982,0.39509220751852214,0.023984807808491947,0.0006864099091286656,0.284219191109328,,,,,,,,,,,
952.8106772558248,0.05219865727255564,0.17455373726972503,0.009168235481451415,0.39433138217680413,0.023937517096446686,0.0006850397613109246,0.2831114354368422,,,,,,,,,,,
954.0829757225325,0.0520992787518235,0.1742566025489407,0.009149416631430091,0.39357202194927815,0.023890319627235097,0.0006836723484552194,0.2820079972864241,,,,,,,,,,,
955.3569731032292,0.05200008943309195,0.17395997362679277,0.009130636409246898,0.3928141240145881,0.023843215217010817,0.0006823076651022717,0.28090885983035957,,,,,,,,,,,
956.6326716664921,0.05190108895614841,0.17366384964228393,0.009111894735613807,0.39205768555681103,0.023796203682290018,0.0006809457058037032,0.27981400630652103,,,,,,,,,,,
957.91007368393,0.05180227696146602,0.17336822973588217,0.009093191531405488,0.3913027037654454,0.023749284839950528,0.0006795864651220078,0.2787234200181103,,,,,,,,,,,
959.1891814301846,0.051703653090202334,0.17307311304951842,0.009074526717659058,0.39054917583540194,0.023702458507231284,0.0006782299376305331,0.27763708433340567,,,,,,,,,,,
960.4699971829332,0.051605216984198246,0.1727784987265848,0.00905590021557373,0.38979709896699416,0.023655724501731604,0.0006768761179134617,0.27655498268551004,,,,,,,,,,,
961.7525232228944,0.051506968285976625,0.17248438591193166,0.009037311946510434,0.38904647036592677,0.02360908264141045,0.000675525000565787,0.2754770985720962,,,,,,,,,,,
963.0367618338345,0.051408906638740634,0.17219077375186445,0.009018761831991537,0.38829728724328455,0.023562532744585668,0.000674176580193288,0.2744034155551539,,,,,,,,,,,
964.322715302569,0.05131103168637286,0.17189766139414198,0.009000249793700454,0.3875495468155227,0.023516074629933294,0.0006728308514125119,0.2733339172607407,,,,,,,,,,,
965.6103859189652,0.051213343073433934,0.17160504798797405,0.008981775753481398,0.386803246304458,0.023469708116486982,0.0006714878088507547,0.27226858737873383,,,,,,,,,,,
966.8997759759482,0.0511158404451612,0.17131293268401887,0.008963339633339007,0.3860583829372567,0.02342343302363716,0.0006701474471460352,0.27120740966258,,,,,,,,,,,
968.1908877695075,0.05101852344746729,0.17102131463437978,0.008944941355437958,0.38531495394642357,0.023377249171130293,0.0006688097609470731,0.27015036792904495,,,,,,,,,,,
969.483723598695,0.05092139172693915,0.1707301929926042,0.008926580842102757,0.38457295656979446,0.023331156379068373,0.0006674747449132744,0.26909744605797253,,,,,,,,,,,
970.7782857656358,0.0508244449308363,0.17043956691367967,0.008908258015817305,0.3838323880505224,0.023285154467907937,0.0006661423937147006,0.2680486279920323,,,,,,,,,,,
972.074576575527,0.05072768270709011,0.17014943555403286,0.008889972799224636,0.38309324563707076,0.02323924325845968,0.0006648127020320564,0.26700389773648037,,,,,,,,,,,
973.3725983366429,0.050631104704302196,0.1698597980715262,0.008871725115126582,0.38235552658320143,0.023193422571887553,0.0006634856645566621,0.26596323935891275,,,,,,,,,,,
974.6723533603428,0.05053471057174298,0.16957065362545548,0.008853514886483393,0.38161922814796395,0.023147692229708094,0.0006621612759904361,0.2649266369890214,,,,,,,,,,,
975.9738439610719,0.050438499959350735,0.16928200137654736,0.008835342036413457,0.3808843475956857,0.023102052053789703,0.00066083953104587,0.26389407481835325,,,,,,,,,,,
977.2770724563642,0.05034247251773027,0.1689938404869577,0.008817206488193,0.38015088219596344,0.02305650186635213,0.0006595204244460115,0.2628655371000709,,,,,,,,,,,
978.5820411668482,0.05024662789815158,0.16870617012026864,0.008799108165255727,0.37941882922365167,0.023011041489965595,0.0006582039509244434,0.2618410081487109,,,,,,,,,,,
979.8887524162532,0.05015096575254852,0.16841898944148553,0.008781046991192495,0.37868818595885184,0.02296567074755014,0.0006568901052252577,0.26082047233994293,,,,,,,,,,,
981.1972085314114,0.05005548573351752,0.1681322976170352,0.008763022889750971,0.3779589496869028,0.02292038946237492,0.0006555788821030376,0.2598039141103332,,,,,,,,,,,
982.50741184226,0.049960187494316646,0.16784609381476387,0.008745035784835386,0.37723111769837225,0.022875197458057606,0.0006542702763228395,0.2587913179571085,,,,,,,,,,,
983.8193646818484,0.04986507068886398,0.16756037720393396,0.008727085600506146,0.3765046872890449,0.02283009455856366,0.0006529642826601686,0.2577826684379175,,,,,,,,,,,
985.1330693863404,0.049770134971736546,0.1672751469552224,0.00870917226097955,0.37577965575991334,0.0227850805882056,0.0006516608959009576,0.2567779501705969,,,,,,,,,,,
986.4485282950212,0.04967537999816895,0.16699040224071732,0.008691295690627416,0.3750560204171667,0.022740155371642343,0.0006503601108415477,0.2557771478329344,,,,,,,,,,,
987.7657437502999,0.0495808054240521,0.1667061422339161,0.0086734558139768,0.37433377857218136,0.02269531873387846,0.0006490619222886662,0.2547802461624368,,,,,,,,,,,
989.0847180977111,0.049486410905932164,0.16642236610972364,0.008655652555709705,0.3736129275415125,0.022650570500263686,0.0006477663250594072,0.25378722995609826,,,,,,,,,,,
990.4054536859217,0.0493921961010093,0.16613907304444922,0.00863788584066273,0.3728934646468825,0.022605910496492077,0.0006464733139812128,0.25279808407016763,,,,,,,,,,,
991.7279528667367,0.04929816066713604,0.16585626221580382,0.008620155593826742,0.3721753872151704,0.022561338548601293,0.0006451828838918467,0.2518127934199154,,,,,,,,,,,
993.0522179951016,0.049204304262816426,0.1655739328028983,0.00860246174034655,0.37145869257840275,0.022516854482972033,0.000643895029639377,0.2508313429794055,,,,,,,,,,,
994.3782514291042,0.04911062654720472,0.16529208398624112,0.008584804205520652,0.3707433780737449,0.02247245812632734,0.0006426097460821582,0.24985371778126755,,,,,,,,,,,
995.7060555299814,0.0490171271801041,0.16501071494773586,0.00856718291480088,0.37002944104348995,0.022428149305731965,0.0006413270280888082,0.248879902916467,,,,,,,,,,,
997.0356326621248,0.04892380582196538,0.16472982487067828,0.008549597793792047,0.369316878835048,0.0223839278485915,0.0006400468705381849,0.2479098835340764,,,,,,,,,,,
998.3669851930836,0.048830662133885684,0.16444941293975424,0.008532048768251687,0.3686056888009369,0.0223397935826519,0.0006387692683193685,0.2469436448410504,,,,,,,,,,,
999.7001154935658,0.048737695777607656,0.16416947834103807,0.00851453576408975,0.3678958682987742,0.02229574633599878,0.0006374942163316448,0.2459811721020017,,,,,,,,,,,
1001.0350259374468,0.04864490641551774,0.16389002026198934,0.008497058707368227,0.36718741469126503,0.022251785937056685,0.0006362217094844774,0.24502245063897393,,,,,,,,,,,
1002.3717189017701,0.04855229371064525,0.16361103789145087,0.00847961752430091,0.3664803253461938,0.022207912214588527,0.0006349517426974949,0.24406746583121938,,,,,,,,,,,
1003.7101967667559,0.04845985732666094,0.16333253041964604,0.008462212141253027,0.3657745976364126,0.022164124997694726,0.0006336843109004632,0.24311620311497387,,,,,,,,,,,
1005.0504619158022,0.04836759692787584,0.1630544970381765,0.008444842484740925,0.3650702289398327,0.022120424115812713,0.000632419409033269,0.242168647983236,,,,,,,,,,,
1006.3925167354882,0.048275512179240206,0.16277693694002054,0.008427508481431829,0.3643672166394158,0.022076809398716233,0.0006311570320459031,0.24122478598554759,,,,,,,,,,,
1007.7363636155793,0.04818360274634227,0.16249984931953018,0.008410210058143486,0.36366555812316287,0.022033280676514718,0.0006298971748984337,0.2402846027277715,,,,,,,,,,,
1009.0820049490344,0.04809186829540669,0.16222323337242836,0.008392947141843816,0.36296525078410424,0.021989837779652455,0.0006286398325609907,0.23934808387187095,,,,,,,,,,,
1010.4294431320076,0.048000308493293654,0.16194708829580723,0.008375719659650671,0.36226629202029,0.021946480538908093,0.0006273850000137423,0.2384152151356923,,,,,,,,,,,
1011.7786805638506,0.0479089230074977,0.16167141328812604,0.008358527538831512,0.36156867923478214,0.021903208785393955,0.0006261326722468779,0.2374859822927486,,,,,,,,,,,
1013.1297196471189,0.047817711506146415,0.16139620754920841,0.008341370706803096,0.3608724098356434,0.021860022350555376,0.0006248828442605892,0.2365603711720011,,,,,,,,,,,
1014.4825627875784,0.04772667365799911,0.1611214702802398,0.008324249091131134,0.3601774812359268,0.021816921066169982,0.0006236355110650444,0.2356383676576419,,,,,,,,,,,
1015.8372123942073,0.04763580913244569,0.1608472006837653,0.008307162619530021,0.35948389085366694,0.02177390476434704,0.0006223906676803727,0.23471995768888002,,,,,,,,,,,
1017.1936708791985,0.047545117599505624,0.1605733979636879,0.008290111219862553,0.35879163611187165,0.02173097327752697,0.0006211483091366454,0.23380512725972843,,,,,,,,,,,
1018.551940657967,0.04745459872982662,0.16030006132526575,0.008273094820139583,0.3581007144385107,0.021688126438480473,0.0006199084304738542,0.23289386241878812,,,,,,,,,,,
1019.9120241491519,0.04736425219468343,0.16002718997510976,0.008256113348519747,0.3574111232665072,0.021645364080308063,0.0006186710267418901,0.2319861492690371,,,,,,,,,,,
1021.2739237746242,0.04727407766597649,0.15975478312118113,0.008239166733309098,0.35672286003372683,0.021602686036439226,0.0006174360930005262,0.2310819739676161,,,,,,,,,,,
1022.637641959489,0.047184074816230964,0.1594828399727894,0.008222254902960878,0.35603592218296887,0.021560092140631877,0.000616203624319395,0.23018132272561895,,,,,,,,,,,
1024.0031811320862,0.047094243318595616,0.15921135974059045,0.008205377786075212,0.3553503071619588,0.021517582226971834,0.0006149736157779726,0.22928418180788443,,,,,,,,,,,
1025.3705437240026,0.04700458284684128,0.1589403416365832,0.008188535311398721,0.35466601242333473,0.021475156129871883,0.0006137460624655559,0.22839053753278182,,,,,,,,,,,
1026.7397321700691,0.04691509307536003,0.15866978487410852,0.008171727407824332,0.35398303542464193,0.02143281368407143,0.0006125209594812441,0.22750037627200723,,,,,,,,,,,
1028.1107489083672,0.046825773679163844,0.15839968866784626,0.008154954004390926,0.35330137362832137,0.021390554724635684,0.0006112983019339211,0.2266136844503736,,,,,,,,,,,
1029.4835963802377,0.04673662433388329,0.15813005223381266,0.008138215030282996,0.3526210245016993,0.021348379086955006,0.0006100780849422301,0.2257304485456017,,,,,,,,,,,
1030.858277030277,0.04664764471576672,0.15786087478935912,0.008121510414830441,0.3519419855169811,0.021306286606744405,0.0006088603036345624,0.22485065508811852,,,,,,,,,,,
1032.2347933063497,0.04655883450167853,0.15759215555316866,0.008104840087508185,0.3512642541512378,0.021264277120042686,0.0006076449531490297,0.22397429066084665,,,,,,,,,,,
1033.6131476595856,0.04647019336909873,0.15732389374525502,0.00808820397793595,0.3505878278864009,0.02122235046321209,0.0006064320286334507,0.22310134189900496,,,,,,,,,,,
1034.9933425443908,0.04638172099612094,0.15705608858695885,0.008071602015877862,0.3499127042092488,0.021180506472937347,0.0006052215252453294,0.2222317954898994,,,,,,,,,,,
1036.3753804184453,0.04629341706145203,0.15678873930094714,0.008055034131242287,0.34923888061140174,0.021138744986225345,0.0006040134381518359,0.22136563817272534,,,,,,,,,,,
1037.7592637427144,0.04620528124441022,0.15652184511120928,0.00803850025408139,0.34856635458930824,0.02109706584040419,0.0006028077625297853,0.22050285673836,,,,,,,,,,,
1039.1449949814462,0.046117313224924544,0.1562554052430564,0.008022000314590971,0.3478951236442399,0.021055468873122884,0.0006016044935656244,0.21964343802916636,,,,,,,,,,,
1040.532576602183,0.04602951268353318,0.1559894189231176,0.008005534243110079,0.347225185282278,0.021013953922350375,0.0006004036264554032,0.2187873689387872,,,,,,,,,,,
1041.9220110757578,0.04593380649925137,0.15569891223468854,0.007988404047297637,0.3464564621792807,0.02096636588371847,0.0005993024129189934,0.21789168284319585,,,,,,,,,,,
1043.3133008763075,0.04583421304181155,0.15539630283955308,0.007970957231830597,0.34563879650197227,0.02091577097579568,0.0005982524728159647,0.21697796568982772,,,,,,,,,,,
1044.706448481269,0.04573483552242526,0.1550942815824123,0.007953548520516553,0.34482306058275125,0.020865298160786937,0.0005972043721419059,0.21606808016062007,,,,,,,,,,,
1046.101456371388,0.04563567347289667,0.15479284732018803,0.007936177830135362,0.3440092498672309,0.02081494714406422,0.0005961581076742535,0.21516201018786205,,,,,,,,,,,
1047.4983270307252,0.045536726426044935,0.15449199891202284,0.007918845077648617,0.3431973598117713,0.020764717631710363,0.0005951136761960878,0.21425973977121973,,,,,,,,,,,
1048.897062946655,0.04543799391570246,0.1541917352192776,0.007901550180199305,0.34238738588345835,0.020714609330517626,0.0005940710744961292,0.21336125297745856,,,,,,,,,,,
1050.2976666098768,0.04533947547671207,0.15389205510552534,0.00788429305511134,0.34157932356007353,0.02066462194798568,0.0005930302993687193,0.21246653394015633,,,,,,,,,,,
1051.7001405144117,0.0452411706449254,0.1535929574365486,0.007867073619889232,0.34077316833007354,0.020614755192320186,0.0005919913476138194,0.2115755668594286,,,,,,,,,,,
1053.1044871576155,0.04514307895720026,0.1532944410803336,0.007849891792217636,0.3399689156925604,0.020565008772430785,0.0005909542160369944,0.21068833600164427,,,,,,,,,,,
1054.510709040174,0.045045199951398836,0.15299650490706734,0.00783274748996101,0.33916656115726085,0.020515382397929712,0.000589918901449408,0.20980482569915287,,,,,,,,,,,
1055.9188086661175,0.04494753316638505,0.15269914778913204,0.007815640631163164,0.33836610024449676,0.02046587577912983,0.0005888854006678083,0.2089250203500029,,,,,,,,,,,
1057.3287885428144,0.044850078142022985,0.1524023686011022,0.007798571134046962,0.3375675284851648,0.020416488627043185,0.0005878537105145227,0.20804890441767143,,,,,,,,,,,
1058.7406511809866,0.044752834419174076,0.1521061662197389,0.007781538917013783,0.3367708414207066,0.020367220653379033,0.000586823827817443,0.20717646243078436,,,,,,,,,,,
1060.1543990947036,0.044655801539695526,0.15181053952398704,0.007764543898643308,0.3359760346030889,0.02031807157054249,0.000585795749410021,0.2063076789828488,,,,,,,,,,,
1061.5700348013966,0.0445589790464376,0.15151548739496962,0.007747585997692977,0.33518310359477366,0.020269041091632523,0.0005847694721312534,0.20544253873197535,,,,,,,,,,,
1062.987560821855,0.04446236648324204,0.15122100871598473,0.007730665133097698,0.3343920439686976,0.020220128930440544,0.0005837449928256765,0.2045810264006121,,,,,,,,,,,
1064.4069796802344,0.04436596339493953,0.15092710237250107,0.007713781223969424,0.3336028513082457,0.020171334801448632,0.000582722308343356,0.20372312677527266,,,,,,,,,,,
1065.8282939040637,0.04426976932734745,0.15063376725215258,0.007696934189596741,0.33281552120722463,0.020122658419827744,0.0005817014155398728,0.20286882470626563,,,,,,,,,,,
1067.251506024243,0.044173783827268304,0.15034100224473612,0.0076801239494445695,0.33203004926984264,0.020074099501436314,0.0005806823112763195,0.2020181051074317,,,,,,,,,,,
1068.6766185750564,0.044078006442486856,0.15004880624220554,0.007663350423153636,0.3312464311106798,0.020025657762818328,0.0005796649924192858,0.20117095295587192,,,,,,,,,,,
1070.103634094167,0.04398243672176863,0.14975717813866887,0.007646613530540257,0.33046466235466865,0.019977332921201924,0.0005786494558408527,0.20032735329168772,,,,,,,,,,,
1071.5325551226317,0.04388707421485732,0.14946611683038286,0.007629913191595813,0.32968473863706477,0.019929124694497456,0.0005776356984185792,0.19948729121771136,,,,,,,,,,,
1072.9633842048952,0.04379191847247306,0.14917562121575015,0.00761324932648646,0.32890665560342736,0.01988103280129615,0.000576623717035497,0.19865075189924825,,,,,,,,,,,
1074.3961238888053,0.04369696904630985,0.14888569019531367,0.007596621855552683,0.32813040890959005,0.019833056960868185,0.000575613508580096,0.19781772056380964,,,,,,,,,,,
1075.8307767256063,0.04360222548903402,0.1485963226717539,0.007580030699308975,0.32735599422164136,0.019785196893161317,0.0005746050699463196,0.19698818250085717,,,,,,,,,,,
1077.2673452699546,0.04350768735428151,0.14830751754988333,0.007563475778443397,0.32658340721589596,0.01973745231879895,0.0005735983980335501,0.19616212306153757,,,,,,,,,,,
1078.7058320799144,0.04341335419665622,0.1480192737366435,0.007546957013817243,0.32581264357887446,0.01968982295907879,0.0005725934897466051,0.1953395276584288,,,,,,,,,,,
1080.1462397169653,0.043319225571727855,0.14773159014110057,0.007530474326464671,0.3250436990072777,0.01964230853597108,0.0005715903419957233,0.1945203817652804,,,,,,,,,,,
1081.5885707460109,0.04322530103602945,0.14744446567444006,0.007514027637592256,0.3242765692079608,0.019594908772116906,0.0005705889516965551,0.19370467091675497,,,,,,,,,,,
1083.0328277353753,0.04313158014705586,0.1471578992499648,0.007497616868578697,0.3235112498979134,0.01954762339082678,0.0005695893157701569,0.19289238070817732,,,,,,,,,,,
1084.4790132568164,0.04303806246326108,0.14687188978308868,0.007481241940974372,0.3227477368042312,0.019500452116078766,0.0005685914311429769,0.19208349679527495,,,,,,,,,,,
1085.927129885522,0.0429447475440568,0.14658643619133435,0.0074649027765010265,0.3219860256640965,0.019453394672517152,0.0005675952947468504,0.19127800489392988,,,,,,,,,,,
1087.3771802001227,0.042851634949809654,0.14630153739432758,0.007448599297051336,0.32122611222474995,0.01940645078545058,0.0005666009035189851,0.19047589077992122,,,,,,,,,,,
1088.8291667826882,0.04275872424183979,0.1460171923137947,0.007432331424688594,0.3204679922434713,0.019359620180850683,0.0005656082544019576,0.18967714028867919,,,,,,,,,,,
1090.2830922187404,0.0426660149824182,0.14573339987355688,0.00741609908164627,0.31971166148755126,0.019312902585350213,0.0005646173443436975,0.1888817393150298,,,,,,,,,,,
1091.738959097249,0.04257350673476528,0.1454501589995277,0.00739990219032774,0.3189571157342722,0.01926629772624176,0.0005636281702974856,0.1880896738129508,,,,,,,,,,,
1093.1967700106459,0.04248119906304814,0.14516746861970758,0.0073837406733057685,0.3182043507708805,0.019219805331475853,0.0005626407292219364,0.18730092979531895,,,,,,,,,,,
1094.6565275548196,0.04238909153237912,0.1448853276641811,0.007367614453322305,0.31745336239456684,0.019173425129659652,0.0005616550180809955,0.18651549333366743,,,,,,,,,,,
1096.1182343291293,0.04229718370881326,0.1446037350651116,0.007351523453287969,0.31670414641243894,0.019127156850055078,0.0005606710338439251,0.1857333505579354,,,,,,,,,,,
1097.5818929364027,0.042205475159346646,0.1443226897567383,0.007335467596281781,0.3159566986415016,0.019081000222577502,0.0005596887734852991,0.18495448765622724,,,,,,,,,,,
1099.047505982942,0.04211396545191417,0.14404219067537188,0.007319446805550753,0.31521101490863196,0.01903495497779404,0.0005587082339849913,0.18417889087456668,,,,,,,,,,,
1100.5150760785336,0.04202265415538741,0.1437622367593897,0.007303461004509498,0.3144670910505543,0.018989020846921896,0.0005577294123281654,0.18340654651665234,,,,,,,,,,,
1101.9846058364444,0.04193154083957291,0.14348282694923334,0.007287510116739953,0.31372492291382076,0.018943197561827017,0.0005567523055052687,0.18263744094361975,,,,,,,,,,,
1103.4560978734346,0.041840625075209685,0.14320396018740275,0.0072715940659908735,0.3129845063547838,0.01889748485502225,0.0005557769105120184,0.18187156057379605,,,,,,,,,,,
1104.929554809755,0.04174990643396781,0.14292563541845404,0.0072557127761776275,0.31224583723957766,0.018851882459666073,0.0005548032243493992,0.18110889188246482,,,,,,,,,,,
1106.404979269159,0.04165938448844574,0.1426478515889939,0.0072398661713816955,0.3115089114440901,0.018806390109560766,0.0005538312440236454,0.18034942140162227,,,,,,,,,,,
1107.8823738788994,0.04156905881216889,0.14237060764767706,0.007224054175850402,0.31077372485394483,0.01876100753915111,0.0005528609665462395,0.17959313571974453,,,,,,,,,,,
1109.3617412697417,0.041478928979587076,0.14209390254520085,0.0072082767139964865,0.31004027336447343,0.018715734483522557,0.0005518923889338971,0.17884002148154576,,,,,,,,,,,
1110.84308407596,0.041388994566073124,0.14181773523430274,0.007192533710397804,0.3093085528806971,0.018670570678399993,0.000550925508208563,0.1780900653877471,,,,,,,,,,,
1112.3264049353495,0.0412992551479202,0.1415421046697549,0.007176825089796901,0.3085785593172991,0.018625515860145908,0.0005499603213973966,0.17734325419483737,,,,,,,,,,,
1113.8117064892244,0.041209710302340406,0.1412670098083616,0.0071611507771007195,0.3078502885986069,0.018580569765759107,0.0005489968255327681,0.17659957471484344,,,,,,,,,,,
1115.29899138243,0.04112035960746235,0.140992449608954,0.0071455106973801665,0.3071237366585645,0.018535732132872924,0.0005480350176522446,0.1758590138150931,,,,,,,,,,,
1116.7882622633392,0.04103120264232947,0.14071842303238724,0.007129904775869842,0.30639889944071375,0.018491002699753914,0.000547074894798584,0.17512155841798693,,,,,,,,,,,
1118.2795217838623,0.04094223898689789,0.1404449290415363,0.00711433293796761,0.30567577289817016,0.018446381205300275,0.0005461164540197271,0.17438719550076578,,,,,,,,,,,
1119.7727725994534,0.040853468222034374,0.14017196660129108,0.007098795109234256,0.3049543529935987,0.018401867389040125,0.0005451596923687831,0.17365591209527903,,,,,,,,,,,
1121.2680173691085,0.040764889929514624,0.13989953467855423,0.007083291215393169,0.3042346356991945,0.018357460991130305,0.0005442046069040267,0.17292769528775953,,,,,,,,,,,
1122.7652587553785,0.040676503692020895,0.13962763224223534,0.007067821182329929,0.30351661699665705,0.01831316175235456,0.000543251194688884,0.17220253221859108,,,,,,,,,,,
1124.2644994243644,0.040588309093140575,0.13935625826324888,0.0070523849360920165,0.30280029287717125,0.01826896941412229,0.0005422994527919281,0.1714804100820859,,,,,,,,,,,
1125.765742045733,0.04050030571736359,0.13908541171450858,0.007036982402888385,0.30208565934138076,0.018224883718466776,0.0005413493782868657,0.17076131612625386,,,,,,,,,,,
1127.268989292711,0.04041249315008107,0.13881509157092514,0.007021613509089209,0.30137271239937063,0.01818090440804394,0.0005404009682525321,0.17004523765258195,,,,,,,,,,,
1128.7742438420985,0.040324870977582805,0.13854529680940084,0.007006278181225392,0.3006614480706401,0.018137031226130598,0.0005394542197728785,0.16933216201580537,,,,,,,,,,,
1130.2815083742662,0.040237438787055914,0.1382760264088271,0.0069909763459883745,0.29995186238408467,0.0180932639166232,0.0005385091299369665,0.16862207662368886,,,,,,,,,,,
1131.7907855731683,0.040150196166582254,0.13800727935007925,0.006975707930229647,0.29924395137797005,0.018049602224036062,0.0005375656958389558,0.1679149689367998,,,,,,,,,,,
1133.3020781263383,0.04006314270513708,0.13773905461601404,0.0069604728609604935,0.2985377110999142,0.01800604589350018,0.0005366239145780988,0.16721082646829113,,,,,,,,,,,
1134.815388724903,0.039976277992586545,0.1374713511914644,0.006945271065351578,0.29783313760686064,0.017962594670761445,0.0005356837832587272,0.1665096367836766,,,,,,,,,,,
1136.3307200635793,0.03988960161968632,0.13720416806323674,0.006930102470732637,0.29713022696506053,0.017919248302179405,0.0005347452989902491,0.165811387500615,,,,,,,,,,,
1137.848074840682,0.03980311317807932,0.1369375042201068,0.006914967004592154,0.29642897525004913,0.01787600653472567,0.000533808458887135,0.16511606628868972,,,,,,,,,,,
1139.3674557581332,0.03971681226029369,0.13667135865281504,0.006899864594576902,0.29572937854662185,0.01783286911598235,0.0005328732600689096,0.16442366086918955,,,,,,,,,,,
1140.8888655214575,0.039630698459741334,0.13640573035406434,0.006884795168491756,0.29503143294881673,0.0177898357941408,0.000531939699660146,0.1637341590148954,,,,,,,,,,,
1142.4123068397976,0.039544771370715444,0.13614061831851432,0.00686975865429921,0.29433513455988797,0.017746906317999914,0.000531007774790453,0.16304754854986042,,,,,,,,,,,
1143.9377824259082,0.03945903058838908,0.1358760215427796,0.006854754980119123,0.29364047949228855,0.017704080436964895,0.0005300774825944704,0.162363817349199,,,,,,,,,,,
1145.4652949961717,0.039373475708812875,0.13561193902542396,0.006839784074228314,0.2929474638676442,0.01766135790104552,0.0005291488202118552,0.1616829533388684,,,,,,,,,,,
1146.9948472705928,0.03928810632891349,0.1353483697669583,0.006824845865060275,0.29225608381673607,0.01761873846085497,0.0005282217847872781,0.16100494449545996,,,,,,,,,,,
1148.5264419728132,0.03920292204649128,0.13508531276983546,0.006809940281204771,0.29156633547947497,0.01757622186760812,0.0005272963734704096,0.16032977884598237,,,,,,,,,,,
1150.0600818301066,0.039117922460218946,0.13482276703844767,0.006795067251407559,0.2908782150048837,0.01753380787312031,0.0005263725834159172,0.15965744446765454,,,,,,,,,,,
1151.595769573393,0.03903310716963904,0.13456073157912155,0.006780226704569979,0.2901917185510719,0.017491496229805656,0.0005254504117834498,0.15898792948769086,,,,,,,,,,,
1153.1335079372348,0.03894847577516267,0.1342992054001156,0.00676541856974871,0.2895068422852184,0.017449286690675865,0.0005245298557376349,0.15832122208309563,,,,,,,,,,,
1154.67329965985,0.038864027878067045,0.13403818751161525,0.006750642776155292,0.2888235823835454,0.017407179009338553,0.0005236109124480653,0.15765731048045017,,,,,,,,,,,
1156.2151474831098,0.03877976308049413,0.13377767692573003,0.006735899253155943,0.2881419350313014,0.01736517293999599,0.0005226935790892942,0.1569961829557087,,,,,,,,,,,
1157.7590541525467,0.038695680985448455,0.13351767265648973,0.0067211879302711145,0.2874618964227382,0.017323268237443602,0.0005217778528408245,0.15633782783398945,,,,,,,,,,,
1159.3050224173626,0.038611781196795154,0.1332581737198396,0.006706508737175173,0.2867834627610873,0.01728146465706843,0.0005208637308870993,0.15568223348936716,,,,,,,,,,,
1160.853055030426,0.038528063319258544,0.1329991791336385,0.006691861603696108,0.2861066302585436,0.01723976195484793,0.0005199512104174961,0.15502938834467128,,,,,,,,,,,
1162.4031547482862,0.03844452695841968,0.1327406879176531,0.006677246459815128,0.28543139513623916,0.0171981598873483,0.0005190402886263141,0.15437928087127756,,,,,,,,,,,
1163.9553243311677,0.03836117172071503,0.1324826990935562,0.006662663235666422,0.2847577536242265,0.017156658211723304,0.0005181309627127712,0.15373189958890832,,,,,,,,,,,
1165.5095665429867,0.038277997213434216,0.13222521168492107,0.006648111861536689,0.2840857019614536,0.01711525668571259,0.0005172232298809887,0.1530872330654259,,,,,,,,,,,
1167.0658841513448,0.038195003044718505,0.13196822471721964,0.006633592267864967,0.2834152363957469,0.017073955067640548,0.0005163170873399889,0.15244526991663465,,,,,,,,,,,
1168.6242799275437,0.038112188823558546,0.13171173721781704,0.006619104385242133,0.282746353183786,0.017032753116414657,0.0005154125323036813,0.15180599880607598,,,,,,,,,,,
1170.1847566465813,0.03802955415979308,0.13145574821596953,0.006604648144410731,0.28207904859108734,0.0169916505915243,0.0005145095619908586,0.15116940844483207,,,,,,,,,,,
1171.7473170871656,0.03794709866410649,0.1312002567428194,0.006590223476264509,0.281413318891979,0.01695064725303911,0.000513608173625184,0.1505354875913227,,,,,,,,,,,
1173.3119640317113,0.03786482194802746,0.13094526183139238,0.006575830311848166,0.2807491603695833,0.01690974286160782,0.0005127083644351862,0.14990422505110992,,,,,,,,,,,
1174.878700266349,0.037782723623927005,0.13069076251659376,0.0065614685823570254,0.28008656931579473,0.016868937178456743,0.0005118101316542493,0.1492756096766992,,,,,,,,,,,
1176.4475285809324,0.03770080330501635,0.13043675783520373,0.006547138219136616,0.2794255420312579,0.016828229965388304,0.0005109134725206023,0.14864963036734094,,,,,,,,,,,
1178.0184517690368,0.037619060605345624,0.13018324682587556,0.00653283915368249,0.27876607482535004,0.01678762098477985,0.0005100183842773163,0.1480262760688379,,,,,,,,,,,
1179.5914726279716,0.03753749513980152,0.12993022852913003,0.006518571317639732,0.2781081640161565,0.016747109999582017,0.0005091248641722889,0.147405535773346,,,,,,,,,,,
1181.1665939587772,0.03745610652410601,0.12967770198735357,0.00650433464280279,0.2774518059304544,0.016706696773317604,0.0005082329094582413,0.14678739851918404,,,,,,,,,,,
1182.7438185662388,0.03737489437481398,0.12942566624479293,0.006490129061115019,0.27679699690368786,0.016666381070079953,0.0005073425173927062,0.14617185339063601,,,,,,,,,,,
1184.3231492588827,0.03729385830931192,0.1291741203475533,0.0064759545046684484,0.27614373327995173,0.016626162654531797,0.0005064536852380227,0.1455588895177623,,,,,,,,,,,
1185.904588848989,0.037212997945815694,0.1289230633435929,0.006461810905703388,0.27549201141196705,0.016586041291903632,0.0005055664102613242,0.14494849607620391,,,,,,,,,,,
1187.48814015259,0.037132312903369206,0.12867249428272123,0.006447698196608166,0.27484182766106474,0.016546016747992637,0.0005046806897345339,0.1443406622869952,,,,,,,,,,,
1189.0738059894811,0.03705180280184207,0.12842241221659365,0.006433616309918748,0.2741931783971613,0.016506088789161023,0.0005037965209343524,0.14373537741636958,,,,,,,,,,,
1190.6615891832198,0.03697146726192832,0.1281728161987095,0.006419565178318469,0.27354605999874243,0.016466257182334926,0.0005029139011422535,0.14313263077557375,,,,,,,,,,,
1192.251492561138,0.03689130590514424,0.12792370528440689,0.006405544734637651,0.27290046885283914,0.0164265216950028,0.0005020328276444708,0.14253241172067543,,,,,,,,,,,
1193.8435189543397,0.036811318353826845,0.12767507853086055,0.0063915549118533565,0.2722564013550105,0.016386882095214276,0.0005011532977319957,0.14193470965237834,,,,,,,,,,,
1195.4376711977088,0.036731504231131994,0.12742693499707766,0.006377595643089006,0.27161385390932263,0.016347338151578704,0.0005002753087005637,0.14133951401583383,,,,,,,,,,,
1197.0339521299188,0.03665186316103252,0.12717927374389362,0.006363666861614069,0.2709728229283268,0.016307889633263753,0.0004993988578506474,0.1407468143004531,,,,,,,,,,,
1198.6323645934287,0.0365723947683167,0.12693209383397,0.006349768500843778,0.27033330483304285,0.016268536309994218,0.0004985239424874506,0.1401566000397248,,,,,,,,,,,
1200.2329114344975,0.036493098678586154,0.12668539433178924,0.0063359004943387654,0.26969529605293535,0.016229277952050463,0.000497650559920896,0.13956886081102637,,,,,,,,,,,
1201.8355955031807,0.03641397451825452,0.12643917430365298,0.0063220627758047935,0.26905879302589775,0.016190114330267322,0.0004967787074656216,0.13898358623544396,,,,,,,,,,,
1203.440419653344,0.036335021914545164,0.1261934328176766,0.006308255279092378,0.26842379219822815,0.01615104521603254,0.0004959083824409677,0.13840076597758524,,,,,,,,,,,
1205.0473867426588,0.03625624049548998,0.12594816894378752,0.006294477938196561,0.26779029002461374,0.01611207038128562,0.0004950395821709728,0.13782038974540056,,,,,,,,,,,
1206.6564996326179,0.03617762988992708,0.12570338175371998,0.006280730687256467,0.26715828296810723,0.01607318959851631,0.0004941723039843616,0.13724244728999768,,,,,,,,,,,
1208.2677611885294,0.03609918972749963,0.12545907032101317,0.006267013460555133,0.2665277675001103,0.01603440264076349,0.000493306545214542,0.1366669284054644,,,,,,,,,,,
1209.881174279533,0.03602091963865351,0.12521523372100613,0.006253326192519074,0.2658987401003508,0.015995709281613618,0.0004924423031995886,0.13609382292868455,,,,,,,,,,,
1211.4967417785945,0.03594281925463611,0.12497187103083575,0.006239668817718046,0.26527119725686665,0.015957109295199626,0.0004915795752822448,0.13552312073916234,,,,,,,,,,,
1213.1144665625209,0.03586488820749415,0.1247289813294319,0.006226041270864687,0.2646451354659821,0.01591860245619938,0.0004907183588099053,0.13495481175883992,,,,,,,,,,,
1214.7343515119567,0.03578712613007229,0.12448656369751501,0.00621244348681423,0.2640205512322921,0.015880188539834576,0.0004898586511346142,0.13438888595192253,,,,,,,,,,,
1216.3563995113934,0.03570953265601121,0.12424461721759238,0.006198875400564215,0.2633974410686409,0.015841867321869343,0.0004890004496130546,0.13382533332470004,,,,,,,,,,,
1217.9806134491776,0.035632107419745866,0.12400314097395371,0.006185336947254082,0.26277580149610136,0.01580363857860881,0.00048814375160653885,0.13326414392536903,,,,,,,,,,,
1219.606996217508,0.03555485005650397,0.1237621340526694,0.006171828062165,0.26215562904395856,0.015765502086898052,0.0004872885544810043,0.13270530784386028,,,,,,,,,,,
1221.2355507124498,0.0354777602023039,0.12352159554158523,0.006158348680719432,0.2615369202496872,0.015727457624120516,0.0004864348556070009,0.1321488152116601,,,,,,,,,,,
1222.866279833931,0.03540083749395352,0.12328152453032065,0.006144898738480915,0.2609196716589356,0.015689504968196998,0.0004855826523596873,0.13159465620163963,,,,,,,,,,,
1224.4991864857564,0.03532408156904787,0.12304192011026362,0.006131478171153685,0.2603038798255025,0.015651643897584066,0.0004847319421188182,0.13104282102787787,,,,,,,,,,,
1226.1342735756036,0.035247492065968014,0.12280278137456892,0.006118086914582432,0.25968954131132216,0.015613874191273013,0.0004838827222687423,0.13049329994549216,,,,,,,,,,,
1227.7715440150375,0.03517106862387881,0.12256410741815298,0.006104724904751935,0.25907665268644103,0.015576195628788373,0.0004830349901983872,0.12994608325046292,,,,,,,,,,,
1229.4110007195063,0.03509481088272778,0.12232589733769207,0.006091392077786807,0.25846521052900223,0.015538607990186814,0.0004821887433012575,0.1294011612794655,,,,,,,,,,,
1231.052646608356,0.035018718483242804,0.12208815023161745,0.006078088369951136,0.257855211425223,0.015501111056055642,0.00048134397897542223,0.12885852440969614,,,,,,,,,,,
1232.6964846048259,0.034942791066931,0.12185086520011328,0.0060648137176482625,0.2572466519693793,0.015463704607511756,0.00048050069462351075,0.12831816305870555,,,,,,,,,,,
1234.3425176360631,0.03486702827607653,0.1216140413451119,0.006051568057420351,0.2566395287637829,0.01542638842620015,0.00047965888765270096,0.12778006768422626,,,,,,,,,,,
1235.9907486331208,0.03479142975373935,0.12137767777029157,0.006038351325948222,0.25603383841876576,0.015389162294292812,0.0004788185554747146,0.12724422878400704,,,,,,,,,,,
1237.6411805309651,0.034715995143753293,0.12114177358107268,0.006025163460050965,0.25542957755265994,0.015352025994487388,0.00047797969550580807,0.1267106368956437,,,,,,,,,,,
1239.2938162684857,0.034640724090724266,0.12090632788461365,0.00601200439668564,0.2548267427917769,0.015314979310005812,0.00047714230516676215,0.12617928259641115,,,,,,,,,,,
1240.9486587884905,0.03456561624002901,0.12067133978980901,0.005998874072947021,0.25422533077039233,0.015278022024593255,0.0004763063818828799,0.1256501565030994,,,,,,,,,,,
1242.605711037723,0.03449067123781289,0.12043680840728437,0.00598577242606724,0.25362533813072335,0.015241153922516636,0.00047547192308397144,0.12512324927184496,,,,,,,,,,,
1244.2649759668566,0.0344158887309887,0.12020273284939471,0.0059726993934155585,0.2530267615229134,0.015204374788563575,0.00047463892620435235,0.12459855159796894,,,,,,,,,,,
1245.9264565305086,0.03434126836723465,0.1199691122302194,0.005959654912497963,0.2524295976050103,0.015167684408040913,0.000473807388682831,0.1240760542158095,,,,,,,,,,,
1247.590155687238,0.034266809794993004,0.11973594566556046,0.005946638920956991,0.25183384304295103,0.015131082566773693,0.00047297730796270495,0.1235557478985614,,,,,,,,,,,
1249.2560763995584,0.03419251266346807,0.11950323227293756,0.005933651356571324,0.251239494510539,0.015094569051103695,0.0004721486814917488,0.12303762345810998,,,,,,,,,,,
1250.9242216339348,0.034118376622625006,0.1192709711715863,0.0059206921572555644,0.25064654868942987,0.015058143647888385,0.00047132150672221055,0.12252167174487205,,,,,,,,,,,
1252.5945943607983,0.03404440132318764,0.1190391614824534,0.0059077612610598865,0.25005500226910904,0.01502180614449946,0.0004704957811107997,0.1220078836476311,,,,,,,,,,,
1254.2671975545427,0.03397154321844328,0.11880079669244627,0.005894600390506122,0.24944374046146653,0.014985486035841867,0.00046964918585300973,0.1214846415875222,,,,,,,,,,,
1255.942034193533,0.033900280774852694,0.11855236724078938,0.005881080360436721,0.24880221976967773,0.014949148003994592,0.00046877052547009335,0.1209462160268921,,,,,,,,,,,
1257.6191072601157,0.0338291678191977,0.11830445729063543,0.005867591340308774,0.24816234894409578,0.014912898087578143,0.00046789350896113977,0.12041017679329478,,,,,,,,,,,
1259.2984197406145,0.03375820403789609,0.11805706575563282,0.005854133258996985,0.24752412374158705,0.014876736072923074,0.0004670181332506481,0.11987651331041911,,,,,,,,,,,
1260.9799746253457,0.0336873891180232,0.117810191551701,0.005840706045539145,0.24688753992992896,0.014840661746877934,0.00046614439526886916,0.11934521504882697,,,,,,,,,,,
1262.6637749086133,0.03361672274731108,0.11756383359702711,0.005827309629135848,0.24625259328778482,0.014804674896808291,0.0004652722919517999,0.11881627152574883,,,,,,,,,,,
1264.3498235887253,0.03354620461414657,0.11731799081205975,0.005813943939150044,0.24561927960467292,0.014768775310595178,0.0004644018202411667,0.11828967230487376,,,,,,,,,,,
1266.0381236679875,0.03347583440757036,0.11707266211950582,0.005800608905106732,0.24498759468094158,0.014732962776634113,0.0004635329770844197,0.11776540699614649,,,,,,,,,,,
1267.7286781527205,0.03340561181727532,0.11682784644432415,0.0057873044566925085,0.24435753432773835,0.014697237083833631,0.0004626657594347179,0.11724346525555945,,,,,,,,,,,
1269.4214900532538,0.033335536533605395,0.11658354271372244,0.005774030523755293,0.24372909436698514,0.014661598021614234,0.00046180016425092374,0.11672383678495182,,,,,,,,,,,
1271.116562383942,0.03326560824755391,0.11633974985715108,0.005760787036303859,0.2431022706313476,0.014626045379906956,0.00046093618849758604,0.11620651133180303,,,,,,,,,,,
1272.8138981631596,0.03319582665076259,0.11609646680629972,0.005747573924507563,0.2424770589642104,0.01459057894915232,0.0004600738291449349,0.1156914786890338,,,,,,,,,,,
1274.5135004133163,0.03312619143551984,0.11585369249509136,0.00573439111869588,0.24185345521964677,0.014555198520298915,0.00045921308316886663,0.11517872869480149,,,,,,,,,,,
1276.2153721608543,0.033056702294759675,0.1156114258596789,0.005721238549358115,0.2412314552623935,0.014519903884802319,0.00045835394755093777,0.11466825123230238,,,,,,,,,,,
1277.9195164362566,0.032987358922060235,0.11536966583843979,0.005708116147143004,0.2406110549678227,0.014484694834623809,0.00045749641927835097,0.114160036229571,,,,,,,,,,,
1279.6259362740575,0.03291816101164234,0.115128411371971,0.005695023842858327,0.2399922502219127,0.014449571162229063,0.00045664049534394427,0.11365407365927996,,,,,,,,,,,
1281.3346347128372,0.032849108258368405,0.11488766140308562,0.005681961567470598,0.23937503692122425,0.014414532660587101,0.00045578617274618375,0.11315035353854515,,,,,,,,,,,
1283.0456147952393,0.03278020035774073,0.11464741487680667,0.005668929252104627,0.23875941097286935,0.014379579123168854,0.0004549334484891488,0.1126488659287254,,,,,,,,,,,
1284.7588795679644,0.032711437005900616,0.11440767074036406,0.005655926828043243,0.23814536829448815,0.014344710343946195,0.00045408231958252686,0.11214960093522973,,,,,,,,,,,
1286.4744320817874,0.03264281789962651,0.11416842794318849,0.00564295422672684,0.2375329048142178,0.014309926117390456,0.0004532327830415968,0.11165254870731878,,,,,,,,,,,
1288.192275391551,0.03257434273633316,0.11392968543690815,0.005630011379753111,0.23692201647066946,0.014275226238471469,0.000452384835887224,0.11115769943791373,,,,,,,,,,,
1289.9124125561825,0.03250601121406984,0.11369144217534295,0.005617098218876591,0.23631269921289746,0.014240610502656143,0.0004515384751458448,0.11066504336339968,,,,,,,,,,,
1291.6348466386887,0.03243782303151945,0.11345369711450116,0.005604214676008391,0.23570494900037633,0.014206078705907444,0.00045069369784946236,0.11017457076343593,,,,,,,,,,,
1293.3595807061718,0.03236977788799675,0.11321644921257347,0.005591360683215747,0.23509876180297007,0.014171630644683016,0.0004498505010356291,0.1096862719607614,,,,,,,,,,,
1295.0866178298238,0.032301875483447415,0.11297969742992987,0.005578536172721748,0.23449413360090934,0.014137266115934166,0.00044900888174744235,0.10920013732100654,,,,,,,,,,,
1296.8159610849439,0.03223411551844644,0.11274344072911363,0.005565741076904908,0.23389106038476098,0.014102984917104449,0.00044816883703352906,0.10871615725250024,,,,,,,,,,,
1298.5476135509327,0.03216649769419699,0.11250767807483804,0.0055529753282988585,0.23328953815540468,0.014068786846128707,0.00044733036394804067,0.10823432220608326,,,,,,,,,,,
1300.2815783113035,0.03209902171252903,0.11227240843398137,0.005540238859591978,0.23268956292400517,0.014034671701431746,0.00044649345955063855,0.10775462267491868,,,,,,,,,,,
1302.0178584536907,0.032031687275897905,0.11203763077558167,0.005527531603627,0.23209113071198417,0.014000639281927078,0.00044565812090648375,0.10727704919430324,,,,,,,,,,,
1303.7564570698466,0.03196449408738327,0.11180334407083363,0.005514853493400739,0.2314942375509975,0.013966689387015967,0.00044482434508623126,0.1068015923414831,,,,,,,,,,,
1305.4973772556568,0.03189744185068743,0.11156954729308267,0.005502204462063639,0.23089887948290486,0.013932821816585964,0.0004439921291660135,0.10632824273546507,,,,,,,,,,,
1307.2406221111364,0.03183053027013449,0.11133623941782168,0.0054895844429195245,0.23030505255974743,0.013899036371009987,0.00044316147022743503,0.10585699103683441,,,,,,,,,,,
1308.9861947404443,0.03176375905066854,0.11110341942268534,0.005476993369425146,0.2297127528437178,0.01386533285114493,0.0004423323653575586,0.10538782794756764,,,,,,,,,,,
1310.7340982518797,0.031697127897852846,0.11087108628744691,0.00546443117518992,0.22912197640713786,0.013831711058330677,0.00044150481164889946,0.104920744210852,,,,,,,,,,,
1312.4843357578977,0.03163063651786808,0.11063923899401233,0.005451897793975513,0.22853271933242875,0.013798170794388746,0.0004406788061994096,0.10445573061089995,,,,,,,,,,,
1314.2369103751037,0.03156428461751151,0.11040787652641736,0.005439393159695542,0.2279449777120887,0.013764711861621315,0.0004398543461124725,0.1039927779727701,,,,,,,,,,,
1315.9918252242705,0.031498071904195235,0.11017699787082141,0.005426917206415165,0.2273587476486635,0.013731334062809833,0.0004390314284968891,0.10353187716218347,,,,,,,,,,,
1317.7490834303328,0.031431998085945295,0.10994660201550481,0.005414469868350814,0.22677402525472423,0.013698037201214125,0.0004382100504668713,0.10307301908534604,,,,,,,,,,,
1319.508688122403,0.03136606287140006,0.10971668795086281,0.00540205107986976,0.22619080665283786,0.013664821080570946,0.0004373902091420277,0.10261619468876644,,,,,,,,,,,
1321.2706424337682,0.031300265969809206,0.10948725466940237,0.0053896607754898435,0.22560908797554474,0.013631685505093057,0.00043657190164735847,0.10216139495907992,,,,,,,,,,,
1323.0349495018993,0.031234607091032308,0.1092583011657373,0.0053772988898790975,0.2250288653653315,0.013598630279467993,0.00043575512511324124,0.10170861092286931,,,,,,,,,,,
1324.8016124684607,0.031169085945537436,0.10902982643658332,0.005364965357855369,0.22445013497460434,0.0135656552088568,0.000434939876675421,0.10125783364648706,,,,,,,,,,,
1326.5706344793064,0.03110370224440024,0.10880182948075476,0.005352660114386047,0.22387289296566634,0.013532760098893093,0.0004341261534750047,0.10080905423588131,,,,,,,,,,,
1328.3420186844965,0.03103845569930222,0.10857430929915897,0.005340383094587661,0.2232971355106887,0.013499944755681718,0.00043331395265844465,0.10036226383641765,,,,,,,,,,,
1330.1157682382923,0.030973346022529862,0.10834726489479324,0.005328134233725563,0.22272285879168885,0.013467208985797773,0.00043250327137753415,0.09991745363270726,,,,,,,,,,,
1331.8918862991725,0.030908372926973064,0.10812069527273893,0.005315913467213576,0.2221500590005015,0.013434552596285301,0.00043169410678939297,0.0994746148484301,,,,,,,,,,,
1333.6703760298271,0.03084353612612413,0.10789459944015875,0.005303720730613684,0.221578732338757,0.01340197539465634,0.0004308864560564626,0.0990337387461646,,,,,,,,,,,
1335.4512405971757,0.030778835334076188,0.10766897640629085,0.005291555959635628,0.22100887501785257,0.013369477188889572,0.00043008031634649035,0.09859481662721242,,,,,,,,,,,
1337.2344831723608,0.030714270265522346,0.10744382518244577,0.00527941909013665,0.22044048325893087,0.013337057787429439,0.00042927568483252436,0.0981578398314297,,,,,,,,,,,
1339.0201069307648,0.03064984063575398,0.10721914478200104,0.005267310058121071,0.21987355329285113,0.013304716999184753,0.00042847255869289956,0.09772279973705329,,,,,,,,,,,
1340.8081150520047,0.030585546160659893,0.10699493422039794,0.005255228799740035,0.21930808136016788,0.01327245463352781,0.000427670935111233,0.09728968776053354,,,,,,,,,,,
1342.598510719949,0.030521386556724678,0.1067711925151359,0.005243175251291091,0.21874406371110253,0.013240270500293064,0.0004268708112764078,0.09685849535636205,,,,,,,,,,,
1344.3912971227137,0.03045736154102784,0.10654791868576945,0.005231149349217927,0.21818149660552139,0.013208164409776164,0.000426072184382568,0.0964292140169056,,,,,,,,,,,
1346.1864774526712,0.030393470831242327,0.10632511175390341,0.005219151030110003,0.21762037631290976,0.013176136172732765,0.00042527505162910726,0.09600183527223716,,,,,,,,,,,
1347.9840549064616,0.030329714145633187,0.10610277074318795,0.005207180230702202,0.21706069911234574,0.013144185600377358,0.000424479410220657,0.09557635068996775,,,,,,,,,,,
1349.7840326849873,0.0302660912030567,0.10588089467931575,0.005195236887874539,0.21650246129247866,0.013112312504382299,0.0004236852573670814,0.09515275187508254,,,,,,,,,,,
1351.5864139934313,0.03020260172295866,0.10565948259001605,0.005183320938651769,0.21594565915150096,0.013080516696876534,0.0004228925902834619,0.09473103046977252,,,,,,,,,,,
1353.3912020412504,0.030139245425373593,0.10543853350505207,0.00517143232020313,0.21539028899712723,0.013048797990444654,0.00042210140619009206,0.09431117815327197,,,,,,,,,,,
1355.1984000421924,0.030076022030923143,0.10521804645621524,0.005159570969841926,0.21483634714656608,0.01301715619812563,0.0004213117023124641,0.09389318664169216,,,,,,,,,,,
1357.0080112142912,0.03001293126081517,0.10499802047732222,0.005147736825025285,0.21428382992649928,0.012985591133411882,0.0004205234758812639,0.09347704768786005,,,,,,,,,,,
1358.8200387798831,0.029949972836842167,0.10477845460420954,0.005135929823353745,0.21373273367305398,0.012954102610247974,0.00041973672413235524,0.09306275308115322,,,,,,,,,,,
1360.6344859656026,0.02988714648138045,0.10455934787473058,0.0051241499025709986,0.21318305473178178,0.012922690443029768,0.0004189514443067757,0.09265029464734041,,,,,,,,,,,
1362.4513560023968,0.029824451917388483,0.10434069932874998,0.005112397000563506,0.2126347894576311,0.012891354446603063,0.0004181676336507224,0.0922396642484176,,,,,,,,,,,
1364.270652125524,0.029761888868406028,0.10412250800814073,0.005100671055360211,0.212087934214926,0.012860094436262714,0.00041738528941554686,0.0918308537824498,,,,,,,,,,,
1366.0923775745623,0.029699457058552814,0.10390477295677938,0.005088972005132198,0.21154248537734083,0.012828910227751487,0.00041660440885774193,0.09142385518341016,,,,,,,,,,,
1367.91653559342,0.029637156212527115,0.10368749322054133,0.005077299788192335,0.2109984393278748,0.012797801637258849,0.00041582498923893184,0.09101866042101982,,,,,,,,,,,
1369.7431294303308,0.029574986055604893,0.10347066784729793,0.005065654342995017,0.21045579245883111,0.01276676848142009,0.0004150470278258672,0.09061526150059182,,,,,,,,,,,
1371.5721623378722,0.02951294631363822,0.10325429588691082,0.005054035608135763,0.20991454117178948,0.012735810577315055,0.00041427052189040893,0.09021365046287075,,,,,,,,,,,
1373.4036375729588,0.029451036713054466,0.10303837639122923,0.00504244352235097,0.20937468187758584,0.012704927742467228,0.0004134954687095244,0.08981381938387822,,,,,,,,,,,
1375.23755839686,0.02938925698085465,0.10282290841408447,0.005030878024517511,0.20883621099628502,0.012674119794842495,0.0004127218655652732,0.08941576037475406,,,,,,,,,,,
1377.0739280751945,0.02932760684461267,0.10260789101128705,0.005019339053652494,0.2082991249571604,0.012643386552848239,0.0004119497097448029,0.0890194655816031,,,,,,,,,,,
1378.912749877947,0.02926608603247369,0.10239332324062123,0.005007826548912858,0.20776342019866695,0.012612727835332082,0.0004111789985403335,0.08862492718533782,,,,,,,,,,,
1380.754027079463,0.029204694273153375,0.10217920416184229,0.004996340449595129,0.2072290931684209,0.01258214346158104,0.000410409729249153,0.08823213740152643,,,,,,,,,,,
1382.597762958466,0.029143431295936238,0.10196553283667098,0.004984880695135039,0.20669614032317282,0.012551633251320214,0.00040964189917360437,0.08784108848023689,,,,,,,,,,,
1384.443960798052,0.029082296830674863,0.10175230832879083,0.004973447225107256,0.2061645581287875,0.012521197024711954,0.00040887550562107914,0.08745177270588647,,,,,,,,,,,
1386.292623885707,0.02902129060778838,0.10153952970384271,0.00496203997922501,0.20563434306021722,0.012490834602354613,0.0004081105459040043,0.087064182397087,,,,,,,,,,,
1388.1437555133016,0.028960412358261516,0.10132719602942178,0.004950658897339831,0.2051054916014812,0.012460545805281628,0.0004073470173398376,0.08667830990649553,,,,,,,,,,,
1389.9973589771027,0.028899661813643316,0.10111530637507302,0.004939303919441213,0.20457800024564107,0.012430330454960404,0.00040658491725105406,0.08629414762066245,,,,,,,,,,,
1391.8534375777833,0.02883903870604586,0.10090385981228671,0.004927974985656257,0.2040518654947764,0.012400188373291219,0.0004058242429651371,0.08591168795988044,,,,,,,,,,,
1393.7119946204173,0.028778542768143324,0.1006928554144953,0.004916672036249434,0.20352708385996438,0.01237011938260629,0.00040506499181457275,0.08553092337803697,,,,,,,,,,,
1395.5730334144985,0.02871817373317047,0.10048229225706827,0.004905395011622184,0.20300365186125338,0.012340123305668584,0.0004043071611368349,0.08515184636246304,,,,,,,,,,,
1397.4365572739334,0.028657931334921876,0.10027216941730928,0.004894143852312679,0.2024815660276432,0.012310199965670931,0.0004035507482743808,0.08477444943378735,,,,,,,,,,,
1399.30256951706,0.028597815307750334,0.10006248597445076,0.004882918498995451,0.20196082289705863,0.012280349186234793,0.00040279575057463744,0.08439872514578634,,,,,,,,,,,
1401.1710734666408,0.02853782538656606,0.09985324100965132,0.004871718892481126,0.20144141901633003,0.012250570791409449,0.00040204216538999757,0.08402466608523955,,,,,,,,,,,
1403.042072449882,0.028477961306835175,0.0996444336059903,0.0048605449737160545,0.2009233509411669,0.012220864605670723,0.0004012899900778043,0.0836522648717813,,,,,,,,,,,
1404.9155697984258,0.028418222804578924,0.09943606284846519,0.004849396683782073,0.20040661523613845,0.01219123045392016,0.0004005392220003469,0.08328151415775692,,,,,,,,,,,
1406.79156884837,0.0283586096163721,0.09922812782398609,0.004838273963896117,0.1998912084746475,0.012161668161483815,0.0003997898585248476,0.08291240662807593,,,,,,,,,,,
1408.67007294026,0.028299121479342236,0.09902062762137322,0.004827176755409986,0.1993771272389111,0.01213217755411139,0.0003990418970234569,0.08254493500006976,,,,,,,,,,,
1410.5510854191093,0.028239758131168184,0.09881356133135161,0.004816104999809958,0.19886436811993446,0.012102758457975038,0.000398295334873239,0.0821790920233458,,,,,,,,,,,
1412.4346096343925,0.028180519310079154,0.09860692804654814,0.004805058638716548,0.19835292771749133,0.01207341069966849,0.0003975501694561669,0.08181487047964639,,,,,,,,,,,
1414.3206489400573,0.02812140475485347,0.09840072686148718,0.0047940376138841745,0.19784280264010018,0.012044134106205959,0.0003968063981591117,0.08145226318270551,,,,,,,,,,,
1416.2092066945338,0.028062414204817338,0.098194956872586,0.004783041867200819,0.19733398950500045,0.012014928505021075,0.00039606401837383154,0.08109126297810616,,,,,,,,,,,
1418.1002862607315,0.02800354739984391,0.09798961717815212,0.004772071340687785,0.19682648493813304,0.011985793723965996,0.0003953230274969674,0.0807318627431412,,,,,,,,,,,
1419.993891006056,0.027944804080351843,0.097784706878378,0.0047611259764993325,0.19632028557411468,0.011956729591310245,0.00039458342293002786,0.0803740553866705,,,,,,,,,,,
1421.8900243024032,0.027886183987304528,0.09758022507533828,0.004750205716922423,0.19581538805621876,0.011927735935739849,0.00039384520207938494,0.08001783384898332,,,,,,,,,,,
1423.7886895261781,0.02782768686220853,0.09737617087298477,0.004739310504376357,0.19531178903634994,0.011898812586356158,0.00039310836235626113,0.07966319110165677,,,,,,,,,,,
1425.6898900582878,0.027769312447112837,0.09717254337714361,0.00472844028141254,0.19480948517502514,0.011869959372675026,0.00039237290117672514,0.07931012014741941,,,,,,,,,,,
1427.5936292841602,0.02771106048460737,0.0969693416955101,0.004717594990714109,0.19430847314134816,0.01184117612462563,0.0003916388159616769,0.07895861402001082,,,,,,,,,,,
1429.4999105937377,0.027652930717822224,0.09676656493764618,0.004706774575095701,0.19380874961299085,0.011812462672549621,0.0003909061041368436,0.0786086657840466,,,,,,,,,,,
1431.4087373814953,0.027594922890426123,0.0965642122149752,0.004695978977503073,0.1933103112761678,0.011783818847199982,0.0003901747631327668,0.0782602685348791,,,,,,,,,,,
1433.3201130464345,0.02753703674662569,0.09636228264077926,0.004685208141012884,0.19281315482561762,0.011755244479740167,0.0003894447903847977,0.07791341539846351,,,,,,,,,,,
1435.234040992102,0.027479272031163928,0.09616077533019407,0.004674462008832325,0.19231727696457782,0.01172673940174297,0.0003887161833330832,0.07756809953122006,,,,,,,,,,,
1437.1505246265847,0.027421628489319488,0.09595968940020626,0.004663740524298864,0.19182267440476578,0.011698303445189656,0.00038798893942256033,0.07722431411990077,,,,,,,,,,,
1439.0695673625198,0.02736410586690529,0.0957590239696488,0.004653043630879938,0.19132934386635553,0.011669936442468913,0.00038726305610294775,0.07688205238145437,,,,,,,,,,,
1440.9911726171067,0.02730670391026735,0.09555877815919703,0.004642371272172618,0.19083728207795528,0.011641638226375813,0.00038653853082873277,0.07654130756289156,,,,,,,,,,,
1442.9153438121011,0.027249422366283978,0.09535895109136558,0.004631723391903382,0.19034648577658786,0.01161340863011096,0.00038581536105916734,0.07620207294115362,,,,,,,,,,,
1444.8420843738343,0.02719226098236426,0.09515954189050348,0.004621099933927741,0.18985695170766662,0.01158524748727933,0.0003850935442582551,0.07586434182297774,,,,,,,,,,,
1446.7713977332066,0.027135219506447303,0.0949605496827915,0.0046105008422300175,0.18936867662497625,0.0115571546318895,0.0003843730778947455,0.07552810754476702,,,,,,,,,,,
1448.7032873257058,0.027078297687000846,0.09476197359623693,0.004599926060922976,0.18888165729064893,0.011529129898352444,0.0003836539594421232,0.07519336347245681,,,,,,,,,,,
1450.6377565914008,0.027021495273020387,0.09456381276067131,0.004589375534247597,0.18839589047514518,0.011501173121480765,0.00038293618637860017,0.074860103001386,,,,,,,,,,,
1452.5748089749607,0.026964812014027804,0.09436606630774513,0.004578849206572737,0.18791137295723004,0.011473284136487547,0.00038221975618710517,0.07452831955616476,,,,,,,,,,,
1454.5144479256476,0.026908247660070602,0.09416873337092535,0.0045683470223948485,0.18742810152395417,0.01144546277898554,0.0003815046663552776,0.07419800659054646,,,,,,,,,,,
1456.4566768973357,0.026851801961720413,0.09397181308549037,0.0045578689263376885,0.18694607297063012,0.011417708884986033,0.0003807909143754554,0.07386915758729697,,,,,,,,,,,
1458.4014993485055,0.02679547467007227,0.09377530458852748,0.004547414863152044,0.18646528410081342,0.011390022290898052,0.0003800784977446706,0.07354176605806761,,,,,,,,,,,
1460.348918742261,0.026739265536743172,0.09357920701892773,0.00453698477771539,0.1859857317262791,0.011362402833527218,0.00037936741396463544,0.07321582554326561,,,,,,,,,,,
1462.2989385463268,0.026683174313871297,0.09338351951738345,0.00452657861503166,0.18550741266700246,0.011334850350074963,0.0003786576605417372,0.07289132961192803,,,,,,,,,,,
1464.2515622330573,0.02662720075411474,0.09318824122638383,0.0045161963202309295,0.18503032375113745,0.01130736467813747,0.00037794923498702976,0.07256827186159417,,,,,,,,,,,
1466.2067932794484,0.02657134461065032,0.09299337129021085,0.004505837838569096,0.18455446181499416,0.011279945655704664,0.00037724213481622103,0.07224664591817878,,,,,,,,,,,
1468.164635167133,0.02651560563717282,0.09279890885493648,0.004495503115427657,0.18407982370302062,0.011252593121159431,0.0003765363575496688,0.07192644543584772,,,,,,,,,,,
1470.1250913823988,0.026459983587893508,0.09260485306841774,0.004485192096313347,0.18360640626777874,0.011225306913276459,0.000375831900712368,0.07160766409689093,,,,,,,,,,,
1472.0881654161826,0.02640447821753939,0.09241120308029425,0.004474904726857923,0.18313420636992664,0.01119808687122147,0.0003751287618339468,0.07129029561159969,,,,,,,,,,,
1474.0538607640894,0.02634908928135188,0.09221795804198327,0.004464640952817816,0.18266322087819464,0.01117093283455012,0.0003744269384486523,0.07097433371814062,,,,,,,,,,,
1476.0221809263853,0.026293816535085935,0.09202511710667712,0.004454400720073897,0.18219344666936763,0.011143844643207192,0.0003737264280953469,0.07065977218243401,,,,,,,,,,,
1477.9931294080163,0.026238659735008708,0.09183267942933834,0.004444183974631134,0.18172488062826123,0.011116822137525517,0.00037302722831749534,0.07034660479802893,,,,,,,,,,,
1479.9667097186032,0.026183618637898833,0.09164064416669723,0.004433990662618374,0.18125751964770426,0.011089865158225172,0.00037232933666316107,0.07003482538598271,,,,,,,,,,,
1481.9429253724586,0.026128693001044954,0.09144901047724673,0.00442382073028799,0.18079136062851509,0.011062973546412377,0.0003716327506849922,0.06972442779473706,,,,,,,,,,,
1483.9217798885836,0.026073882582244988,0.09125777752124005,0.00441367412401566,0.18032640047948365,0.011036147143578739,0.00037093746794021696,0.0694154058999984,,,,,,,,,,,
1485.903276790678,0.026019187139804903,0.09106694446068643,0.0044035507903000546,0.17986263611734987,0.01100938579160021,0.0003702434859906339,0.0691077536046163,,,,,,,,,,,
1487.8874196071522,0.025959043969048672,0.09084098635348309,0.004393034602557814,0.17928146524683838,0.010980891694674928,0.00036950391407196306,0.06876885840017659,,,,,,,,,,,
1489.8742118711207,0.02589603498570397,0.09059640471847542,0.004382318763215618,0.17863818627039518,0.01095150049564745,0.0003687404807974309,0.0684140604364061,,,,,,,,,,,
1491.8636571204229,0.025833178940656426,0.09035248159873237,0.004371629062800873,0.17799721544020056,0.010922187964418913,0.0003679786248549433,0.06806109297554065,,,,,,,,,,,
1493.8557588976162,0.02577047546268731,0.09010921522125791,0.004360965437553444,0.17735854447440683,0.010892953890428962,0.0003672183429855711,0.06770994657349927,,,,,,,,,,,
1495.8505207499936,0.02570792418147869,0.08986660381782895,0.004350327823868697,0.1767221651208805,0.010863798063680735,0.0003664596319371154,0.06736061183492459,,,,,,,,,,,
1497.8479462295802,0.025645524727611696,0.08962464562498385,0.004339716158297177,0.17608806915709935,0.010834720274739536,0.0003657024884640986,0.06701307941293366,,,,,,,,,,,
1499.848038893149,0.02558327673256395,0.08938333888400836,0.004329130377544162,0.17545624839004254,0.010805720314731135,0.00036494690932774716,0.06666734000886561,,,,,,,,,,,
1501.8508023022164,0.02552117982870773,0.08914268184092401,0.004318570418469364,0.17482669465608844,0.01077679797534047,0.00036419289129598054,0.06632338437203507,,,,,,,,,,,
1503.8562400230617,0.025459233649307484,0.08890267274647408,0.004308036218086474,0.17419939982090532,0.010747953048809957,0.0003634404311433946,0.06598120329948261,,,,,,,,,,,
1505.864355626719,0.02539743782851797,0.0886633098561123,0.0042975277135628535,0.17357435577935018,0.010719185327938186,0.0003626895256512507,0.0656407876357303,,,,,,,,,,,
1507.8751526889978,0.02533579200138179,0.08842459142998868,0.004287044842219113,0.1729515544553601,0.010690494606078241,0.00036194017160745887,0.06530212827253506,,,,,,,,,,,
1509.888634790477,0.025274295803827493,0.08818651573293833,0.0042765875415287655,0.17233098780185127,0.010661880677136384,0.0003611923658065666,0.06496521614864659,,,,,,,,,,,
1511.9048055165174,0.025212948872667337,0.08794908103446794,0.004266155749117848,0.1717126478006136,0.010633343335570497,0.0003604461050497451,0.06463004224956391,,,,,,,,,,,
1513.9236684572718,0.02515175084559499,0.08771228560874297,0.004255749402764521,0.1710965264622057,0.010604882376388552,0.0003597013861447725,0.0642965976072939,,,,,,,,,,,
1515.9452272076803,0.025090701361183698,0.08747612773457622,0.004245368440398752,0.17048261582585486,0.010576497595147281,0.0003589582059060243,0.06396487330011275,,,,,,,,,,,
1517.9694853674905,0.025029800058883812,0.08724060569541402,0.004235012800101885,0.16987090795935061,0.01054818878795054,0.00035821656115445636,0.06363486045232529,,,,,,,,,,,
1519.9964465412497,0.024969046579021,0.08700571777932496,0.004224682420106328,0.16926139495894582,0.01051995575144801,0.00035747644871759413,0.06330655023402966,,,,,,,,,,,
1522.026114338325,0.024908440562793743,0.08677146227898623,0.004214377238795136,0.1686540689492509,0.010491798282833578,0.0003567378654295164,0.06297993386087887,,,,,,,,,,,
1524.058492372897,0.02484798165227166,0.08653783749167251,0.004204097194701688,0.16804892208313577,0.010463716179844032,0.00035600080813084445,0.06265500259384796,,,,,,,,,,,
1526.0935842639783,0.024787669490392912,0.0863048417192422,0.004193842226509267,0.1674459465416247,0.010435709240757454,0.00035526527366872533,0.06233174773899796,,,,,,,,,,,
1528.131393635408,0.024727503720962548,0.08607247326812661,0.004183612273050756,0.16684513453379918,0.010407777264391937,0.00035453125889682325,0.06201016064724547,,,,,,,,,,,
1530.17192411587,0.024667483988650016,0.08584073044931606,0.0041734072733082125,0.16624647829669323,0.01037992005010396,0.00035379876067529885,0.0616902327141291,,,,,,,,,,,
1532.2151793388882,0.0246076099389874,0.08560961157834905,0.004163227166412564,0.16564997009519708,0.01035213739778713,0.0003530677758708046,0.06137195537958135,,,,,,,,,,,
1534.2611629428438,0.024547881218367006,0.08537911497529867,0.004153071891643176,0.16505560222195345,0.01032442910787057,0.0003523383013564623,0.06105532012769749,,,,,,,,,,,
1536.309878570972,0.024488297474039543,0.0851492389647617,0.004142941388427571,0.16446336699726108,0.010296794981317633,0.0003516103340118578,0.060740318486509515,,,,,,,,,,,
1538.3613298713728,0.024428858354111942,0.08491998187584567,0.004132835596341009,0.16387325676897432,0.010269234819624407,0.0003508838707230228,0.060426942027758695,,,,,,,,,,,
1540.4155204970227,0.024369563507545138,0.08469134204215638,0.0041227544551061205,0.16328526391240264,0.010241748424818228,0.00035015890838242174,0.060115182366669316,,,,,,,,,,,
1542.4724541057687,0.024310412584152286,0.08446331780178688,0.004112697904592606,0.1626993808302156,0.010214335599456408,0.0003494354438889413,0.05980503116172608,,,,,,,,,,,
1544.5321343603498,0.024251405234596374,0.08423590749730425,0.004102665884816805,0.1621155999523408,0.01018699614662464,0.0003487134741478733,0.05949648011444895,,,,,,,,,,,
1546.5945649283885,0.024192541110388478,0.08400910947573856,0.004092658335941409,0.16153391373586976,0.010159729869935763,0.00034799299607090673,0.05918952096917305,,,,,,,,,,,
1548.6597494824114,0.02413381986388535,0.08378292208856977,0.004082675198275029,0.16095431466495694,0.010132536573528174,0.0003472740065761072,0.05888414551282586,,,,,,,,,,,
1550.7276916998433,0.024075241148287782,0.08355734369171701,0.004072716412271931,0.16037679525072615,0.010105416062064594,0.00034655650258791186,0.05858034557470937,,,,,,,,,,,
1552.7983952630245,0.024016804617638114,0.08333237264552522,0.004062781918531577,0.15980134803117022,0.010078368140730494,0.00034584048103710943,0.058278113026279554,,,,,,,,,,,
1554.8718638592077,0.023958509926818593,0.08310800731475479,0.0040528716577983665,0.15922796557105812,0.010051392615232864,0.0003451259388608319,0.057977439780930805,,,,,,,,,,,
1556.9481011805744,0.023900356731549,0.08288424606856806,0.004042985570961204,0.1586566404618354,0.010024489291798661,0.00034441287300253777,0.05767831779377763,,,,,,,,,,,
1559.02711092423,0.02384234468838491,0.08266108728051896,0.004033123599053218,0.15808736532153192,0.009997657977173545,0.00034370128041200223,0.057380739061441303,,,,,,,,,,,
1561.108896792224,0.023784473454715384,0.08243852932853978,0.004023285683251334,0.15752013279466306,0.009970898478620392,0.0003429911580453012,0.05708469562183396,,,,,,,,,,,
1563.193462491543,0.023726742688761186,0.08221657059493072,0.004013471764876001,0.15695493555213766,0.00994421060391799,0.0003422825028648002,0.05679017955394692,,,,,,,,,,,
1565.280811734125,0.02366915204957266,0.08199520946634736,0.004003681785390793,0.15639176629116205,0.009917594161359627,0.0003415753118391424,0.056497182977638324,,,,,,,,,,,
1567.370948236869,0.023611701197027622,0.08177444433378865,0.003993915686402048,0.15583061773514434,0.009891048959751651,0.0003408695819432304,0.05620569805342157,,,,,,,,,,,
1569.46387572163,0.023554389791829583,0.08155427359258627,0.003984173409658578,0.15527148263360355,0.009864574808412232,0.0003401653101582209,0.055915716982256905,,,,,,,,,,,
1571.5595979152404,0.023497217495505464,0.08133469564239164,0.00397445489705125,0.1547143537620723,0.009838171517169845,0.0003394624934715051,0.05562723200534131,,,,,,,,,,,
1573.6581185495018,0.023440183970403906,0.08111570888716577,0.0039647600906127095,0.15415922392200707,0.009811838896362026,0.00033876112887670014,0.05534023540390241,,,,,,,,,,,
1575.7594413612055,0.02338328887969292,0.08089731173516607,0.003955088932516966,0.15360608594069167,0.009785576756833905,0.0003380612133736334,0.05505471949899031,,,,,,,,,,,
1577.863570092127,0.02332653188735832,0.0806795025989363,0.003945441365079124,0.153054932671148,0.009759384909936967,0.0003373627439683323,0.05477067665127384,,,,,,,,,,,
1579.9705084890434,0.02326991265820127,0.08046227989529361,0.003935817330754955,0.15250575699204033,0.009733263167527557,0.00033666571767300874,0.054488099260834436,,,,,,,,,,,
1582.0802603037293,0.023213430857836753,0.08024564204531852,0.003926216772140633,0.15195855180758658,0.009707211341965671,0.00033597013150604894,0.05420697976696454,,,,,,,,,,,
1584.1928292929751,0.023157086152691214,0.08002958747434186,0.003916639631972324,0.1514133100474634,0.009681229246113466,0.0003352759824919983,0.05392731064796354,,,,,,,,,,,
1586.3082192185834,0.023100878210000887,0.07981411461193466,0.003907085853125899,0.15087002466671764,0.009655316693334044,0.0003345832676615503,0.05364908442093806,,,,,,,,,,,
1588.4264338473793,0.023044806697809696,0.0795992218918962,0.003897555378616573,0.15032868864567417,0.009629473497490056,0.0003338919840515345,0.05337229364160108,,,,,,,,,,,
1590.547476951223,0.022988871284967193,0.07938490775224209,0.003888048151598534,0.14978929498984384,0.009603699472942302,0.0003332021287049004,0.0530969309040721,,,,,,,,,,,
1592.6713523070048,0.022933071641126866,0.07917117063519424,0.0038785641153646754,0.14925183672983602,0.009577994434548542,0.0003325136986707091,0.05282298884068054,,,,,,,,,,,
1594.7980636966647,0.02287740743674389,0.07895800898716797,0.0038691032133461732,0.14871630692126533,0.009552358197662003,0.000331826691004117,0.05255046012176682,,,,,,,,,,,
1596.9276149071866,0.022821878343073462,0.07874542125876213,0.003859665389112225,0.14818269864466516,0.009526790578130212,0.00033114110276636635,0.05227933745548803,,,,,,,,,,,
1599.0600097306171,0.022766484032168587,0.07853340590474661,0.0038502505863696485,0.14765100500539483,0.009501291392293517,0.00033045693102476983,0.05200961358762106,,,,,,,,,,,
1601.1952519640604,0.022711224176878438,0.07832196138405237,0.0038408587489626063,0.1471212191335541,0.00947586045698392,0.00032977417285270054,0.05174128130137025,,,,,,,,,,,
1603.3333454096974,0.022656098450846058,0.07811108615975887,0.00383148982087221,0.14659333418389087,0.009450497589523613,0.0003290928253295772,0.05147433341717258,,,,,,,,,,,
1605.4742938747795,0.02260110652850688,0.07790077869908425,0.003822143746216245,0.14606734333571605,0.009425202607723811,0.0003284128855408539,0.051208762792507266,,,,,,,,,,,
1607.6181011716483,0.022546248085086325,0.0776910374733729,0.0038128204692487884,0.14554323979281225,0.0093999753298833,0.00032773435057800493,0.050944562321702955,,,,,,,,,,,
1609.76477111773,0.02249152279659832,0.0774818609580856,0.0038035199343599176,0.14502101678334922,0.009374815574787277,0.00032705721753851645,0.050681724935749316,,,,,,,,,,,
1611.9143075355544,0.022436930339843026,0.07727324763278728,0.00379424208607533,0.144500667559793,0.009349723161705896,0.000326381483525868,0.05042024360210619,,,,,,,,,,,
1614.0667142527507,0.0223824703924052,0.07706519598113687,0.0037849868690560643,0.1439821853988216,0.009324697910393108,0.00032570714564952673,0.0501601113245169,,,,,,,,,,,
1616.2219951020593,0.022328142632652176,0.07685770449087599,0.0037757542280981464,0.14346556360123708,0.00929973964108531,0.0003250342010249309,0.04990132114282045,,,,,,,,,,,
1618.3801539213434,0.02227394673973187,0.07665077165381734,0.0037665441081322364,0.14295079549187756,0.009274848174499984,0.0003243626467734776,0.04964386613276465,,,,,,,,,,,
1620.5411945535843,0.022219882393571116,0.07644439596583505,0.0037573564542233515,0.14243787441953387,0.00925002333183456,0.00032369248002251305,0.04938773940582229,,,,,,,,,,,
1622.7051208469015,0.022165949274873517,0.07623857592685222,0.0037481912115704913,0.14192679375686046,0.009225264934764965,0.000323023697905317,0.049132934109005245,,,,,,,,,,,
1624.8719366545465,0.022112147065117813,0.07603331004083148,0.003739048325506349,0.1414175469002929,0.009200572805444503,0.00032235629756109375,0.048879443424682624,,,,,,,,,,,
1627.0416458349223,0.022058475446555745,0.07582859681576276,0.0037299277414969407,0.1409101272699594,0.009175946766502423,0.00032169027613495655,0.04862726057039696,,,,,,,,,,,
1629.2142522515778,0.022004934102210445,0.07562443476365367,0.003720829405141336,0.14040452830959896,0.009151386641042794,0.00032102563077791976,0.04837637879868398,,,,,,,,,,,
1631.3897597732273,0.02195152271587426,0.07542082240051766,0.0037117532621712733,0.13990074348647347,0.009126892252643095,0.0003203623586468804,0.048126791396890904,,,,,,,,,,,
1633.568172273745,0.02189824097210725,0.07521775824636415,0.0037026992584508933,0.13939876629128647,0.009102463425353062,0.0003197004569046133,0.04787849168699809,,,,,,,,,,,
1635.7494936321834,0.021845088556234925,0.07501524082518672,0.0036936673399763703,0.13889859023809598,0.009078099983693324,0.0003190399227197526,0.04763147302543894,,,,,,,,,,,
1637.9337277327695,0.02179206515434675,0.07481326866495358,0.0036846574528756272,0.13840020886423368,0.009053801752654267,0.00031838075326678407,0.04738572880292367,,,,,,,,,,,
1640.1208784649227,0.021739170453293998,0.07461184029759577,0.0036756695434079704,0.13790361573021842,0.009029568557694623,0.0003177229457260299,0.0471412524442609,,,,,,,,,,,
1642.310949723251,0.021686404140688117,0.07441095425899727,0.003666703557963817,0.13740880441967562,0.009005400224740355,0.0003170664972836391,0.046898037408183116,,,,,,,,,,,
1644.5039454075632,0.021633765904898836,0.07421060908898416,0.003657759443064353,0.13691576853925333,0.008981296580183347,0.0003164114051315742,0.04665607718717103,,,,,,,,,,,
1646.6998694228807,0.021581255435052127,0.07401080333131346,0.0036488371453611912,0.13642450171853837,0.008957257450880106,0.0003157576664675983,0.04641536530727894,,,,,,,,,,,
1648.8987256794321,0.02152887242102871,0.07381153553366351,0.003639936611636103,0.13593499760997677,0.008933282664150641,0.0003151052784952667,0.04617589532796279,,,,,,,,,,,
1651.1005180926745,0.021476616553461884,0.07361280424762248,0.0036310577888006555,0.1354472498887886,0.008909372047777081,0.000314454238423909,0.04593766084190637,,,,,,,,,,,
1653.3052505832868,0.021424487523736005,0.0734146080286787,0.0036222006238959305,0.1349612522528894,0.008885525430002584,0.00031380454346862405,0.045700655474851366,,,,,,,,,,,
1655.5129270771893,0.021372485023984377,0.07321694543620921,0.003613365064092167,0.1344769984228057,0.008861742639529952,0.0003131561908502621,0.04546487288542533,,,,,,,,,,,
1657.7235515055384,0.02132060874708771,0.07301981503347034,0.0036045510566884986,0.13399448214159687,0.008838023505520551,0.00031250917779541694,0.045230306764973464,,,,,,,,,,,
1659.9371278047465,0.021268858386671998,0.07282321538758624,0.0035957585491125828,0.13351369717477124,0.008814367857592938,0.00031186350153641126,0.044996950837388396,,,,,,,,,,,
1662.1536599164754,0.021217233637107088,0.07262714506953946,0.0035869874889203415,0.13303463731020865,0.00879077552582178,0.00031121915931128736,0.044764798858943675,,,,,,,,,,,
1664.373151787657,0.021165734193504447,0.07243160265415947,0.0035782378237956027,0.1325572963580771,0.008767246340736492,0.00031057614836379273,0.044533844618125276,,,,,,,,,,,
1666.5956073704872,0.021114359751715796,0.07223658672011352,0.0035695095015498284,0.13208166815075573,0.00874378013332016,0.0003099344659433708,0.04430408193546685,,,,,,,,,,,
1668.8210306224455,0.021063110008330898,0.07204209584989502,0.0035608024701217554,0.13160774654275229,0.008720376735008186,0.00030929410930514674,0.04407550466338295,,,,,,,,,,,
1671.0494255062915,0.021011984660676095,0.07184812862981448,0.003552116677577136,0.1311355254106262,0.008697035977687203,0.0003086550757099175,0.043848106686005785,,,,,,,,,,,
1673.2807959900756,0.020960983406812423,0.0716546836499885,0.003543452072108404,0.13066499865290843,0.008673757693693808,0.0003080173624241405,0.043621881919021055,,,,,,,,,,,
1675.515146047152,0.02091010594553364,0.0714617595043293,0.003534808602034344,0.13019616019002142,0.008650541715813314,0.0003073809667199189,0.04339682430950463,,,,,,,,,,,
1677.7524796561745,0.020859351976364772,0.07126935479053541,0.0035261862157998326,0.1297290039642032,0.008627387877278667,0.00030674588587499384,0.04317292783576183,,,,,,,,,,,
1679.9928008011154,0.020808721199560037,0.07107746811008045,0.0035175848619754834,0.12926352393942622,0.0086042960117691,0.0003061121171727293,0.04295018650716489,,,,,,,,,,,
1682.2361134712605,0.02075821331610134,0.07088609806820395,0.0035090044892573803,0.12879971410132215,0.008581265953409096,0.0003054796579021037,0.04272859436399409,,,,,,,,,,,
1684.4824216612299,0.020707828027696246,0.07069524327390014,0.003500445046466726,0.1283375684571014,0.008558297536767042,0.0003048485053576953,0.04250814547727688,,,,,,,,,,,
1686.73172937097,0.02065756503677647,0.07050490233990904,0.0034919064825495918,0.1278770810354785,0.008535390596854186,0.00030421865683967324,0.04228883394863068,,,,,,,,,,,
1688.9840406057756,0.020607424046495883,0.07031507388270508,0.003483388746576554,0.12741824588659206,0.008512544969123311,0.0003035901096537837,0.042070653910103596,,,,,,,,,,,
1691.239359376283,0.020557404760729002,0.07012575652248844,0.0034748917877424463,0.12696105708193087,0.008489760489467695,0.00030296286111134054,0.041853599524018854,,,,,,,,,,,
1693.4976896984908,0.020507506884068948,0.0699369488831736,0.0034664155553660123,0.1265055087142542,0.008467036994219792,0.0003023369085292113,0.04163766498281729,,,,,,,,,,,
1695.7590355937534,0.020457730121826074,0.06974864959238064,0.0034579599988896386,0.1260515948975187,0.00844437432015018,0.0003017122492298096,0.04142284450890312,,,,,,,,,,,
1698.0234010888018,0.02040807418002581,0.06956085728142404,0.0034495250678790116,0.12559930976679906,0.00842177230446628,0.0003010888805410778,0.04120913235448827,,,,,,,,,,,
1700.2907902157388,0.020358538765407257,0.0693735705853039,0.003441110712022862,0.12514864747821514,0.008399230784811288,0.0003004667997964821,0.040996522801439575,,,,,,,,,,,
1702.5612070120508,0.020309123585421373,0.06918678814269534,0.003432716881132644,0.12469960220885504,0.008376749599262956,0.00029984600433499676,0.04078501016112526,,,,,,,,,,,
1704.8346555206217,0.020259828348229043,0.06900050859593838,0.0034243435251422143,0.1242521681566991,0.008354328586332388,0.0002992264915010935,0.040574588774262454,,,,,,,,,,,
1707.111139789726,0.020210652762699684,0.06881473059102895,0.00341599059410758,0.12380633954054716,0.00833196758496299,0.00029860825864473173,0.0403652530107667,,,,,,,,,,,
1709.3906638730514,0.020161596538409224,0.06862945277760793,0.003407658038206557,0.12336211059994122,0.008309666434529179,0.0002979913031213447,0.04015699726960007,,,,,,,,,,,
1711.6732318296913,0.020112659385638647,0.0684446738089526,0.0033993458077385104,0.12291947559509371,0.008287424974835369,0.00029737562229183195,0.03994981597862266,,,,,,,,,,,
1713.9588477241666,0.02006384101537203,0.06826039234196553,0.0033910538531240135,0.1224784288068106,0.008265243046114682,0.0002967612135225424,0.03974370359444216,,,,,,,,,,,
1716.2475156264181,0.020015141139295086,0.06807660703716602,0.0033827821249046057,0.12203896453642024,0.008243120489027934,0.00029614807418527,0.03953865460226681,,,,,,,,,,,
1718.5392396118289,0.019966559469793217,0.06789331655867924,0.003374530573742442,0.121601077105697,0.00822105714466236,0.0002955362016572351,0.03933466351575659,,,,,,,,,,,
1720.834023761216,0.019918095719950072,0.06771051957422776,0.003366299150420054,0.12116476085679061,0.008199052854530601,0.00029492559332108055,0.03913172487687769,,,,,,,,,,,
1723.1318721608536,0.019869749603545546,0.06752821475512051,0.0033580878058399968,0.12073001015215035,0.008177107460569438,0.0002943162465648543,0.03892983325575521,,,,,,,,,,,
1725.4327889024667,0.01982152083505442,0.06734640077624428,0.0033498964910246187,0.12029681937445459,0.008155220805138768,0.00029370815878200203,0.03872898325052898,,,,,,,,,,,
1727.7367780832437,0.019773409129644478,0.06716507631605358,0.0033417251571157295,0.1198651829265372,0.008133392731020424,0.0002931013273713551,0.03852916948720856,,,,,,,,,,,
1730.0438438058497,0.019725414203174745,0.06698424005656066,0.003333573755374298,0.11943509523131417,0.008111623081416998,0.0002924957497371177,0.03833038661952895,,,,,,,,,,,
1732.3539901784209,0.019677535772194117,0.06680389068332698,0.0033254422371802113,0.11900655073171398,0.008089911699950826,0.00029189142328885965,0.03813262932880869,,,,,,,,,,,
1734.6672213145864,0.019629773553939304,0.06662402688545237,0.003317330554031925,0.11857954389060305,0.008068258430662735,0.00029128834544149974,0.037935892323806265,,,,,,,,,,,
1736.9835413334608,0.01958212726633351,0.0664446473555667,0.0033092386575462327,0.1181540691907169,0.008046663118011055,0.00029068651361530086,0.0377401703405798,,,,,,,,,,,
1739.3029543596667,0.019534596627984485,0.06626575078981925,0.0033011664994579155,0.1177301211345862,0.008025125606870371,0.00029008592523585363,0.03754545814234495,,,,,,,,,,,
1741.6254645233269,0.019487181358183104,0.0660873358878705,0.0032931140316195253,0.11730769424446835,0.008003645742530536,0.0002894865777340692,0.03735175051933605,,,,,,,,,,,
1743.9510759600857,0.019439881176901465,0.06590940135288129,0.0032850812060010227,0.11688678306227418,0.007982223370695433,0.0002888884685461654,0.03715904228866547,,,,,,,,,,,
1746.279792811104,0.019392695804791495,0.06573194589150468,0.0032770679746895555,0.11646738214949988,0.007960858337481993,0.0002882915951136585,0.03696732829418616,,,,,,,,,,,
1748.6116192230784,0.019345624963183043,0.0655549682138754,0.003269074289889119,0.11604948608715426,0.007939550489418969,0.0002876959548833494,0.0367766034063525,,,,,,,,,,,
1750.946559348236,0.019298668374082478,0.06537846703360156,0.0032611001039203223,0.11563308947569127,0.007918299673445947,0.0002871015453073156,0.03658686252208424,,,,,,,,,,,
1753.2846173443554,0.019251825760170788,0.06520244106775436,0.003253145369220051,0.11521818693493764,0.00789710573691213,0.0002865083638428975,0.036398100564628756,,,,,,,,,,,
1755.625797374762,0.019205096844802216,0.06502688903685941,0.0032452100383412283,0.11480477310402569,0.007875968527575355,0.00028591640795268963,0.03621031248342629,,,,,,,,,,,
1757.9701036083404,0.019158481352002467,0.06485180966488727,0.003237294063952522,0.11439284264132298,0.00785488789360095,0.0002853256751045299,0.03602349325397432,,,,,,,,,,,
1760.317540219547,0.01911197900646699,0.06467720167924366,0.003229397398838027,0.1139823902243624,0.007833863683560567,0.0002847361627714862,0.03583763787769273,,,,,,,,,,,
1762.6681113884058,0.019065589533559645,0.06450306381076132,0.0032215199958970384,0.11357341054977572,0.00781289574643126,0.0002841478684318486,0.035652741381791066,,,,,,,,,,,
1765.0218213005294,0.01901931265931072,0.0643293947936894,0.0032136618081437178,0.11316589833322233,0.0077919839315942355,0.0002835607895691164,0.035468798819134374,,,,,,,,,,,
1767.378674147112,0.018973148110415648,0.06415619336568563,0.0032058227887068642,0.11275984830932365,0.007771128088833902,0.00028297492367198923,0.03528580526811183,,,,,,,,,,,
1769.7386741249518,0.018927095614233117,0.06398345826780591,0.003198002890829584,0.1123552552315925,0.00775032806833667,0.00028239026823435415,0.035103755832504135,,,,,,,,,,,
1772.1018254364442,0.018881154898783697,0.06381118824449625,0.003190202067869057,0.11195211387236788,0.007729583720690003,0.00028180682075527744,0.03492264564135347,,,,,,,,,,,
1774.4681322896024,0.018835325692748005,0.06363938204358267,0.003182420273296223,0.11155041902274485,0.007708894896881214,0.00028122457873899125,0.03474246984883213,,,,,,,,,,,
1776.8375988980522,0.018789607725465323,0.06346803841626307,0.003174657460695536,0.11115016549250979,0.0076882614482965215,0.00028064353969488537,0.03456322363411394,,,,,,,,,,,
1779.210229481053,0.01874400072693179,0.06329715611709706,0.003166913583764647,0.1107513481100708,0.0076676832267198606,0.00028006370113749425,0.034384902201244176,,,,,,,,,,,
1781.5860282634903,0.01869850442779903,0.06312673390399805,0.0031591885963141767,0.11035396172239341,0.0076471600843319365,0.00027948506058648955,0.03420750077901238,,,,,,,,,,,
1783.9649994758993,0.018653118559372288,0.0629567705382232,0.00315148245226739,0.10995800119493147,0.007626691873709046,0.0002789076155666646,0.03403101462082353,,,,,,,,,,,
1786.3471473544585,0.01860784285360914,0.06278726478436518,0.0031437951056599643,0.10956346141156302,0.007606278447822121,0.0002783313636079296,0.03385543900457205,,,,,,,,,,,
1788.732476141003,0.01856267704311774,0.06261821541034293,0.0031361265106396945,0.10917033727452315,0.007585919660035627,0.000277756302245297,0.03368076923251507,,,,,,,,,,,
1791.120990083037,0.018517620861155163,0.062449621187392286,0.0031284766214662112,0.10877862370433741,0.007565615364106467,0.00027718242901887165,0.03350700063114625,,,,,,,,,,,
1793.5126934337302,0.018472674041626093,0.06228148089005789,0.003120845392510735,0.10838831563975816,0.007545365414183034,0.0002766097414738419,0.033334128551071755,,,,,,,,,,,
1795.9075904519382,0.018427836319080928,0.0621137932961834,0.0031132327782557655,0.10799940803769677,0.007525169664804045,0.00027603823716046687,0.03316214836688474,,,,,,,,,,,
1798.305685402196,0.01838310742871453,0.06194655718690346,0.0031056387332948575,0.10761189587316093,0.007505027970897616,0.0002754679136340683,0.03299105547704269,,,,,,,,,,,
1800.7069825547414,0.018338487106364376,0.061779771346633906,0.0030980632123323005,0.10722577413918724,0.007484940187780095,0.0002748987684550174,0.032820845303743185,,,,,,,,,,,
1803.1114861855058,0.018293975088509256,0.06161343456306393,0.0030905061701828928,0.106841037846779,0.007464906171155152,0.0002743307991887281,0.032651513292802546,,,,,,,,,,,
1805.519200576138,0.018249571112267465,0.06144754562714634,0.0030829675617716386,0.10645768202483928,0.0074449257771126145,0.0002737640034056415,0.03248305491353286,,,,,,,,,,,
1807.9301300139973,0.018205274915395496,0.061282103333089616,0.003075447342133507,0.10607570172010915,0.007424998862127556,0.0002731983786812214,0.03231546565862185,,,,,,,,,,,
1810.3442787921747,0.01816108623628626,0.06111710647834826,0.003067945466413128,0.10569509199710118,0.007405125283059147,0.00027263392259593876,0.03214874104401121,,,,,,,,,,,
1812.761651209487,0.01811700481396777,0.06095255386361502,0.003060461889864571,0.10531584793803823,0.007385304897149745,0.0002720706327352648,0.03198287660877769,,,,,,,,,,,
1815.1822515704978,0.01807303038810134,0.060788444292811154,0.003052996567851028,0.10493796464278736,0.00736553756202375,0.00027150850668965855,0.031817867915012656,,,,,,,,,,,
1817.606084185514,0.01802916269898032,0.06062477657307872,0.003045549455844593,0.10456143722879868,0.007345823135686683,0.00027094754205455793,0.03165371054770431,,,,,,,,,,,
1820.0331533705973,0.0179854014875284,0.06046154951477136,0.00303812050942597,0.1041862608310413,0.007326161476524129,0.0002703877364303692,0.031490400114619135,,,,,,,,,,,
1822.4634634475792,0.01794174649529804,0.060298761931445385,0.0030307096842842078,0.10381243060193976,0.007306552443300666,0.0002698290874224551,0.03132793224618401,,,,,,,,,,,
1824.8970187440539,0.01789819746446913,0.060136412639851984,0.0030233169362164558,0.1034399417113132,0.007286995895158969,0.00026927159264112825,0.03116630259537019,,,,,,,,,,,
1827.333823593402,0.017854754137847213,0.05997450045992773,0.003015942221127665,0.10306878934631088,0.007267491691618644,0.0002687152497016357,0.03100550683757596,,,,,,,,,,,
1829.7738823347831,0.017811416258862272,0.05981302421478682,0.0030085854950303715,0.10269896871135203,0.007248039692575389,0.00026816005622415444,0.030845540670511953,,,,,,,,,,,
1832.2171993131585,0.017768183571566884,0.05965198273071165,0.0030012467140443848,0.1023304750280619,0.007228639758299831,0.0002676060098337764,0.030686399814085028,,,,,,,,,,,
1834.6637788792837,0.01772505582063501,0.059491374837145256,0.002993925834396571,0.10196330353521199,0.0072092917494366564,0.0002670531081605016,0.030528080010284748,,,,,,,,,,,
1837.1136253897312,0.017682032751360238,0.05933119936668176,0.002986622812420557,0.10159744948865652,0.007189995527003485,0.0002665013488392256,0.0303705770230685,,,,,,,,,,,
1839.5667432068838,0.017639114109654498,0.059171455155059026,0.002979337604556498,0.10123290816127324,0.007170750952389994,0.00026595072950973174,0.03021388663824902,,,,,,,,,,,
1842.0231366989567,0.017596299642046342,0.05901214104114899,0.002972070167350784,0.10086967484290013,0.007151557887356802,0.0002654012478166786,0.030058004663380815,,,,,,,,,,,
1844.4828102399922,0.017553589095679653,0.058853255866950255,0.0029648204574558184,0.10050774484027657,0.00713241619403458,0.0002648529014095917,0.02990292692764875,,,,,,,,,,,
1846.9457682098737,0.017510982218312043,0.058694798477579184,0.0029575884316297403,0.10014711347698169,0.0071133257349230185,0.00026430568794285405,0.02974864928175604,,,,,,,,,,,
1849.4120149943383,0.017468478758313307,0.05853676772126131,0.002950374046736151,0.0997877760933734,0.007094286372889792,0.00026375960507569204,0.02959516759781303,,,,,,,,,,,
1851.8815549849724,0.01742607846466411,0.058379162449323604,0.002943177259743894,0.09942972804652978,0.00707529797116968,0.00026321465047217163,0.02944247776922743,,,,,,,,,,,
1854.3543925792337,0.0173837810869543,0.058221981516185295,0.002935998027726763,0.0990729647101872,0.007056360393363465,0.0002626708218011826,0.029290575710593562,,,,,,,,,,,
1856.8305321804444,0.017341586375381645,0.05806522377935047,0.0029288363078632763,0.09871748147468257,0.007037473503437073,0.0002621281167364325,0.029139457357583984,,,,,,,,,,,
1859.3099781978142,0.017299494080750107,0.05790888809939879,0.002921692057436383,0.09836327374689152,0.007018637165720476,0.0002615865329564343,0.028989118666839786,,,,,,,,,,,
1861.7927350464327,0.017257503954468668,0.05775297333997826,0.002914565233833257,0.09801033695017142,0.006999851244906833,0.00026104606814449826,0.02883955561586337,,,,,,,,,,,
1864.2788071472928,0.017215615748549542,0.05759747836779586,0.0029074557945449916,0.09765866652429998,0.006981115606051409,0.00026050671998872015,0.028690764202909863,,,,,,,,,,,
1866.7681989272828,0.017173829215607006,0.05744240205261036,0.0029003636971663927,0.09730825792541856,0.0069624301145707135,0.0002599684861819736,0.028542740446880994,,,,,,,,,,,
1869.2609148192105,0.017132144108855694,0.05728774326722312,0.0028932888993956894,0.09695910662597107,0.006943794636241422,0.0002594313644218977,0.02839548038721764,,,,,,,,,,,
1871.756959261795,0.017090560182109346,0.057133500887470934,0.0028862313590343113,0.09661120811464793,0.006925209037199526,0.0002588953524108897,0.028248980083794784,,,,,,,,,,,
1874.2563366996897,0.017049077189779157,0.05697967379221676,0.002879191033986601,0.09626455789632551,0.006906673183939259,0.00025836044785609245,0.02810323561681516,,,,,,,,,,,
1876.7590515834777,0.017007694886872506,0.0568262608633425,0.0028721678822596027,0.09591915149200986,0.006888186943312235,0.00025782664846938784,0.027958243086705185,,,,,,,,,,,
1879.265108369685,0.016966413028991427,0.05667326098574049,0.0028651618619627926,0.09557498443877811,0.006869750182526446,0.0002572939519673844,0.027813998614010293,,,,,,,,,,,
1881.774511520794,0.016925231372331092,0.056520673047305035,0.002858172931307812,0.09523205228971991,0.006851362769145277,0.0002567623560714077,0.027670498339290767,,,,,,,,,,,
1884.2872655052386,0.016884149673678545,0.05636849593892521,0.0028512010486082566,0.09489035061388201,0.006833024571086638,0.0002562318585074926,0.027527738423019282,,,,,,,,,,,
1886.8033747974266,0.01684316769041107,0.056216728554475764,0.002844246172279392,0.09454987499620876,0.006814735456621918,0.0002557024570063709,0.027385715045477273,,,,,,,,,,,
1889.322843877733,0.01680228518049497,0.05606536979081007,0.002837308260837935,0.09421062103748722,0.0067964952943751385,0.0002551741493034642,0.027244424406653624,,,,,,,,,,,
1891.8456772325237,0.016761501902483877,0.05591441854775112,0.002830387272901772,0.0938725843542881,0.006778303953321904,0.00025464693313887186,0.02710386272614211,,,,,,,,,,,
1894.3718793541468,0.016720817615517646,0.05576387372808462,0.002823483167189754,0.09353576057891139,0.006760161302788582,0.0002541208062573634,0.02696402624304113,,,,,,,,,,,
1896.9014547409572,0.01668023207932059,0.05561373423754987,0.0028165959025214064,0.0932001453593278,0.006742067212451217,0.00025359576640836647,0.0268249112158522,,,,,,,,,,,
1899.434407897309,0.016639745054200364,0.055463998984832855,0.002809725437816727,0.09286573435912454,0.0067240215523347545,0.00025307181134596107,0.026686513922380715,,,,,,,,,,,
1901.9707433335784,0.016599356301046312,0.055314666881557346,0.0028028717320958954,0.0925325232574472,0.006706024192811966,0.00025254893882886427,0.02654883065963549,,,,,,,,,,,
1904.5104655661564,0.016559065581328258,0.05516573684227803,0.0027960347444790814,0.09220050774894603,0.0066880750046026324,0.000252027146620427,0.02641185774373054,,,,,,,,,,,
1907.0535791174734,0.016518872657094893,0.05501720778447152,0.0027892144341861427,0.0918696835437184,0.006670173858772513,0.00025150643248861906,0.026275591509785704,,,,,,,,,,,
1909.600088515992,0.016478777290972548,0.054869078628529376,0.00278241076053643,0.09154004636725488,0.006652320626732506,0.000250986794206023,0.026140028311829225,,,,,,,,,,,
1912.1499982962218,0.016438779246163725,0.054721348297749946,0.0027756236829485264,0.09121159196038348,0.006634515180237691,0.00025046822954982343,0.026005164522699974,,,,,,,,,,,
1914.7033129987335,0.01639887828644562,0.054574015718330114,0.0027688531609399865,0.09088431607921366,0.006616757391386363,0.00024995073630179675,0.0258709965339501,,,,,,,,,,,
1917.2600371701533,0.016359074176168883,0.05442707981935843,0.0027620991541271356,0.09055821449508344,0.006599047132619209,0.0002494343122483034,0.025737520755749074,,,,,,,,,,,
1919.8201753631856,0.016319366680256058,0.05428053953280625,0.0027553616222247817,0.09023328299450271,0.006581384276718288,0.0002489189551802763,0.025604733616787,,,,,,,,,,,
1922.383732136607,0.016279755564200384,0.054134393793520995,0.002748640525046029,0.08990951737910076,0.006563768696806217,0.00024840466289321436,0.025472631564179737,,,,,,,,,,,
1924.9507120552887,0.01624024059406417,0.05398864153921742,0.0027419358225019793,0.0895869134655699,0.006546200266345159,0.0002478914331871686,0.025341211063373073,,,,,,,,,,,
1927.5211196901903,0.01620082153647771,0.053843281710470925,0.0027352474746015474,0.0892654670856137,0.006528678859136017,0.00024737926386673813,0.025210468598048978,,,,,,,,,,,
1930.0949596183823,0.01616149815863759,0.05369831325070881,0.0027285754414511742,0.08894517408589094,0.006511204349317424,0.0002468681527410559,0.025080400670030683,,,,,,,,,,,
1932.6722364230393,0.016122270228305584,0.05355373510620357,0.0027219196832546353,0.08862603032796397,0.006493776611364943,0.00024635809762378266,0.024951003799189915,,,,,,,,,,,
1935.2529546934638,0.016083137513807078,0.05340954622606433,0.0027152801603127557,0.0883080316882432,0.006476395520090059,0.0002458490963330954,0.024822274523352957,,,,,,,,,,,
1937.8371190250787,0.01604409978402988,0.05326574556223006,0.002708656833023227,0.08799117405793591,0.006459060950639388,0.00024534114669168,0.02469420939820883,,,,,,,,,,,
1940.4247340194509,0.01600515680842265,0.05312233206946119,0.0027020496618803133,0.0876754533429912,0.006441772778493673,0.00024483424652671986,0.024566804997216318,,,,,,,,,,,
1943.0158042842857,0.01596630835699376,0.0529793047053326,0.0026954586074746617,0.08736086546404864,0.00642453087946698,0.00024432839366988823,0.024440057911513012,,,,,,,,,,,
1945.6103344334417,0.015927554200309797,0.05283666243022588,0.0026888836304930505,0.08704740635638503,0.006407335129705768,0.0002438235859573392,0.02431396474982378,,,,,,,,,,,
1948.2083290869439,0.015888894109494178,0.052694404207321306,0.0026823246917181383,0.08673507196986091,0.006390185405687963,0.0002433198212296952,0.024188522138369733,,,,,,,,,,,
1950.8097928709788,0.015850327856225966,0.05255252900259124,0.002675781752028266,0.08642385826887022,0.0063730815842221586,0.00024281709733204286,0.02406372672077867,,,,,,,,,,,
1953.414730417918,0.0158118552127383,0.05241103578479156,0.0026692547723971803,0.08611376123228605,0.006356023542446625,0.0002423154121139191,0.023939575157994455,,,,,,,,,,,
1956.0231463663108,0.015773475951817283,0.05226992352545513,0.002662743713893852,0.08580477685341059,0.006339011157828536,0.00024181476342930518,0.023816064128188486,,,,,,,,,,,
1958.6350453609089,0.01573518984680039,0.05212919119888346,0.0026562485376821878,0.08549690113992149,0.006322044308162982,0.00024131514913661522,0.023693190326670013,,,,,,,,,,,
1961.2504320526575,0.01569699667157541,0.05198883778214004,0.0026497692050208486,0.0851901301138222,0.006305122871572194,0.00024081656709868911,0.02357095046579852,,,,,,,,,,,
1963.8693110987208,0.01565889620057882,0.05184886225504223,0.0026433056772629765,0.08488445981138869,0.006288246726504567,0.00024031901518278134,0.023449341274894963,,,,,,,,,,,
1966.4916871624732,0.015620888208794712,0.05170926360015445,0.002636857915856004,0.08457988628312005,0.006271415751733899,0.00023982249126055385,0.023328359500155042,,,,,,,,,,,
1969.1175649135246,0.01558297247175325,0.05157004080278009,0.002630425882341385,0.0842764055936856,0.006254629826358385,0.00023932699320806472,0.023208001904561362,,,,,,,,,,,
1971.7469490277124,0.015545148765529532,0.05143119285095496,0.0026240095383544006,0.08397401382187594,0.006237888829799895,0.00023883251890576224,0.02308826526779761,,,,,,,,,,,
1974.3798441871252,0.015507416866742087,0.05129271873543903,0.0026176088456239025,0.08367270706055051,0.006221192641802979,0.0002383390662384713,0.02296914638616161,,,,,,,,,,,
1977.0162550800978,0.015469776552551714,0.05115461744970997,0.002611223765972103,0.0833724814165885,0.006204541142434096,0.00023784663309538932,0.022850642072480262,,,,,,,,,,,
1979.6561864012258,0.015432227600660096,0.05101688798995536,0.0026048542613143462,0.0830733330108381,0.0061879342120807175,0.00023735521737007395,0.022732749156024006,,,,,,,,,,,
1982.299642851379,0.015394769789308422,0.05087952935506513,0.0025985002936588556,0.08277525797806545,0.006171371731450429,0.0002368648169604344,0.022615464482421688,,,,,,,,,,,
1984.9466291376968,0.015357402897276233,0.05074254054662505,0.002592161825106551,0.08247825246690654,0.006154853581570163,0.00023637542976872407,0.022498784913576812,,,,,,,,,,,
1987.5971499736117,0.015320126703879939,0.05060592056890868,0.0025858388178507776,0.08218231263981551,0.00613837964378524,0.00023588705370152952,0.022382707327582848,,,,,,,,,,,
1990.251210078842,0.0152829409889717,0.05046966842887083,0.002579531234177118,0.08188743467301686,0.00612194979975862,0.0002353996866697635,0.022267228618640406,,,,,,,,,,,
1992.9088141794168,0.015245845532937905,0.05033378313613959,0.0025732390364631395,0.08159361475645419,0.006105563931469952,0.00023491332658865375,0.02215234569697349,,,,,,,,,,,
1995.5699670076676,0.015208840116698149,0.050198263703009956,0.0025669621871781943,0.08130084909374292,0.006089221921214824,0.00023442797137773739,0.022038055488747398,,,,,,,,,,,
1998.2346733022532,0.015171924521703632,0.050063109144435895,0.002560700648883162,0.08100913390211942,0.00607292365160382,0.00023394361896084733,0.021924354935985938,,,,,,,,,,,
2000.9029378081518,0.01513509852993618,0.04992831847802385,0.00255445438423027,0.08071846541239376,0.006056669005561776,0.0002334602672661086,0.021811240996490195,,,,,,,,,,,
2003.5747652766854,0.015098361923906657,0.049793890724024896,0.002548223355962825,0.08042883986889934,0.006040457866326837,0.00023297791422592518,0.02169871064375646,,,,,,,,,,,
2006.2501604655154,0.015061714486653922,0.04965982490532832,0.0025420075269150287,0.08014025352944598,0.006024290117449709,0.00023249655777697373,0.021586760866895892,,,,,,,,,,,
2008.9291281386547,0.01502515600174347,0.049526120047454145,0.002535806860011739,0.07985270266527078,0.006008165642792783,0.000232016195860194,0.02147538867055367,,,,,,,,,,,
2011.6116730664853,0.014988686253266022,0.04939277517854589,0.002529621318268242,0.0795661835609894,0.005992084326529264,0.00023153682642077932,0.02136459107482859,,,,,,,,,,,
2014.29780002575,0.01495230502583649,0.04925978932936404,0.0025234508647900534,0.07928069251454949,0.005976046053142426,0.0002310584474081693,0.02125436511519395,,,,,,,,,,,
2016.9875137995782,0.014916012104592475,0.04912716153327829,0.002517295462772666,0.07899622583718109,0.005960050707424683,0.0002305810567760391,0.02114470784241753,,,,,,,,,,,
2019.6808191774785,0.014879807275193193,0.04899489082626129,0.002511155075501369,0.07871277985335083,0.005944098174476859,0.00023010465248229372,0.021035616322483384,,,,,,,,,,,
2022.377720955363,0.014843690323818031,0.04886297624688091,0.002505029666350991,0.07843035090071265,0.005928188339707268,0.00022962923248905464,0.020927087636512628,,,,,,,,,,,
2025.0782239355397,0.01480766103716546,0.04873141683629394,0.0024989191987857154,0.0781489353300622,0.005912321088830984,0.00022915479476265653,0.02081911888068605,,,,,,,,,,,
2027.7823329267371,0.014771719202451595,0.0486002116382384,0.0024928236363588345,0.07786852950528789,0.005896496307868926,0.00022868133727363383,0.02071170716616572,,,,,,,,,,,
2030.490052744097,0.014735864607409124,0.04846935969902733,0.002486742942712557,0.07758912980332576,0.005880713883147133,0.0002282088579967153,0.020604849619018373,,,,,,,,,,,
2033.2013882091992,0.01470009704028585,0.048338860067541116,0.002480677081577761,0.0773107326141109,0.0058649737012958555,0.0002277373549108132,0.020498543380137846,,,,,,,,,,,
2035.9163441500532,0.014664416289843683,0.04820871179522138,0.002474626016773815,0.07703333434053251,0.005849275649248834,0.0002272668259990164,0.020392785605169238,,,,,,,,,,,
2038.6349254011236,0.014628822145357122,0.04807891393606322,0.002468589712208322,0.07675693139838567,0.005833619614242391,0.00022679726924858007,0.02028757346443216,,,,,,,,,,,
2041.3571368033247,0.014593314396612237,0.04794946554660908,0.0024625681318769395,0.0764815202163266,0.005818005483814707,0.0002263286826509184,0.020182904142845577,,,,,,,,,,,
2044.0829832040347,0.014557892833905364,0.04782036568594155,0.0024565612398631475,0.07620709723582585,0.005802433145804979,0.00022586106420159643,0.02007877483985226,,,,,,,,,,,
2046.8124694571109,0.014522557248041726,0.04769161341567635,0.0024505690003380287,0.07593365891112167,0.005786902488352559,0.0002253944119003182,0.0199751827693436,,,,,,,,,,,
2049.545600422883,0.014487307430334434,0.04756320779995603,0.002444591377560075,0.07566120170917567,0.0057714133998962676,0.00022492872375092318,0.019872125159585634,,,,,,,,,,,
2052.282380968181,0.014452143172603038,0.04743514790544251,0.0024386283358749446,0.07538972210962551,0.005755965769173473,0.00022446399776137322,0.01976959925314423,,,,,,,,,,,
2055.022815966323,0.014417064267172479,0.047307432801311,0.0024326798397152857,0.07511921660474107,0.005740559485219396,0.00022400023194374714,0.019667602306811964,,,,,,,,,,,
2057.766910297144,0.01438207050687169,0.0471800615592425,0.002426745853600487,0.07484968169937749,0.005725194437366214,0.00022353742431423,0.019566131591534072,,,,,,,,,,,
2060.5146688469868,0.014347161685032547,0.047053033253417864,0.0024208263421364993,0.07458111391093165,0.005709870515242363,0.00022307557289310664,0.019465184392336073,,,,,,,,,,,
2063.2660965087266,0.014312337595488472,0.04692634696051018,0.0024149212700155997,0.07431350976929549,0.0056945876087716495,0.00022261467570475123,0.01936475800825049,,,,,,,,,,,
2066.0211981817647,0.014277598032573401,0.046800001759678946,0.0024090306020162007,0.07404686581681284,0.005679345608172556,0.00022215473077762072,0.019264849752245204,,,,,,,,,,,
2068.779978772053,0.014242942791120351,0.0466739967325625,0.0024031543030026145,0.07378117860823319,0.005664144403957355,0.00022169573614424452,0.019165456951150982,,,,,,,,,,,
2071.542443192084,0.014208371666460473,0.04654833096327228,0.002397292337924878,0.07351644471066866,0.005648983886931418,0.00022123768984121797,0.019066576945590465,,,,,,,,,,,
2074.3085963609215,0.014173884454421557,0.04642300353838521,0.0023914446718185044,0.07325266070354809,0.005633863948192339,0.0002207805899091919,0.018968207089906534,,,,,,,,,,,
2077.078443204189,0.014139480951327062,0.04629801354693783,0.002385611269804312,0.07298982317857429,0.005618784479129232,0.00022032443439286672,0.018870344752091966,,,,,,,,,,,
2079.8519886540885,0.014105160953994837,0.046173360080419376,0.0023797920970881938,0.07272792873967933,0.005603745371421915,0.00021986922134098193,0.018772987313718775,,,,,,,,,,,
2082.629237649414,0.014070924259735794,0.04604904223276487,0.0023739871189609107,0.07246697400298016,0.005588746517040101,0.00021941494880630818,0.018676132169868014,,,,,,,,,,,
2085.4101951355447,0.014036770666352942,0.045925059100349275,0.0023681963007978995,0.07220695559673618,0.0055737878082426995,0.00021896161484564013,0.018579776729060516,,,,,,,,,,,
2088.194866064474,0.014002699972139978,0.04580140978198005,0.00236241960805904,0.07194787016130406,0.00555886913757695,0.00021850921751978648,0.018483918413186987,,,,,,,,,,,
2090.9832553947977,0.01396871197588027,0.04567809337889145,0.002356657006288484,0.07168971434909607,0.005543990397877745,0.00021805775489356328,0.01838855465743964,,,,,,,,,,,
2093.7753680917426,0.013934806476845508,0.045555108994737144,0.002350908461114411,0.07143248482453517,0.005529151482266767,0.00021760722503578412,0.018293682910242942,,,,,,,,,,,
2096.5712091271557,0.013900983274794684,0.04543245573558461,0.0023451739382488604,0.07117617826401341,0.00551435228415181,0.0002171576260192534,0.01819930063318597,,,,,,,,,,,
2099.3707834795323,0.013867242169972734,0.04531013270990772,0.0023394534034874978,0.07092079135584747,0.0054995926972259265,0.00021670895592075626,0.01810540530095388,,,,,,,,,,,
2102.1740961340074,0.013833582963109547,0.045188139028581084,0.002333746822709434,0.07066632080023749,0.005484872615466754,0.0002162612128210531,0.018011994401260927,,,,,,,,,,,
2104.98115208238,0.013800005455418575,0.04506647380487286,0.0023280541618769936,0.07041276330922284,0.00547019193313566,0.00021581439480486734,0.017919065434782677,,,,,,,,,,,
2107.7919563231076,0.013766509448595905,0.04494513615443897,0.0023223753870355484,0.07016011560664118,0.005455550544777075,0.00021536849996088187,0.017826615915089696,,,,,,,,,,,
2110.6065138613294,0.013733094744818822,0.044824125195316096,0.0023167104643132745,0.06990837442808447,0.005440948345217645,0.00021492352638172692,0.01773464336858046,,,,,,,,,,,
2113.424829708863,0.013699761146744868,0.0447034400479157,0.002311059359920987,0.06965753652085839,0.005426385229565554,0.0002144794721639743,0.01764314533441567,,,,,,,,,,,
2116.246908884217,0.013666508457510593,0.04458307983501752,0.0023054220401519184,0.06940759864393954,0.0054118610932097355,0.00021403633540812854,0.01755211936445219,,,,,,,,,,,
2119.0727564126087,0.013633336480730287,0.0444630436817628,0.0022997984713815146,0.06915855756793308,0.005397375831819092,0.00021359411421861815,0.017461563023177328,,,,,,,,,,,
2121.902377325956,0.013600245020495023,0.044343330715648735,0.002294188620067254,0.06891041007503228,0.005382929341341824,0.00021315280670378887,0.017371473887644182,,,,,,,,,,,
2124.735776662906,0.013567233881371306,0.0442239400665212,0.0022885924527484163,0.06866315295897542,0.0053685215180045735,0.00021271241097589372,0.01728184954740623,,,,,,,,,,,
2127.572959468824,0.013534302868400088,0.0441048708665693,0.002283009936045922,0.06841678302500594,0.005354152258311803,0.00021227292515108774,0.017192687604453402,,,,,,,,,,,
2130.4139307958217,0.013501451787095449,0.04398612225031826,0.002277441036662093,0.06817129708982964,0.005339821459044937,0.00021183434734941582,0.017103985673147366,,,,,,,,,,,
2133.2586957027484,0.013468680443443622,0.04386769335462387,0.002271885721380491,0.06792669198157504,0.005325529017261716,0.0002113966756948094,0.017015741380158253,,,,,,,,,,,
2136.107259255217,0.013435988643901674,0.043749583318665575,0.0022663439570656824,0.0676829645397508,0.005311274830295373,0.00021095990831507434,0.016927952364400582,,,,,,,,,,,
2138.959626525595,0.013403376195396536,0.04363179128394079,0.002260815710663086,0.06744011161520654,0.005297058795753975,0.00021052404334188574,0.01684061627697067,,,,,,,,,,,
2141.815802593034,0.013370842905323668,0.04351431639425804,0.002255300949198723,0.0671981300700906,0.0052828808115196095,0.00021008907891077798,0.01675373078108321,,,,,,,,,,,
2144.675792543457,0.013338388581546156,0.04339715779573141,0.0022497996397790694,0.06695701677781096,0.005268740775747732,0.0002096550131611385,0.016667293552009303,,,,,,,,,,,
2147.5396014695884,0.013306013032393323,0.04328031463677371,0.002244311749590819,0.06671676862299333,0.005254638586866349,0.00020922184423619803,0.016581302277013713,,,,,,,,,,,
2150.4072344709452,0.0132737160666598,0.043163786068090786,0.002238837245900719,0.06647738250144228,0.0052405741435753665,0.0002087895702830241,0.01649575465529346,,,,,,,,,,,
2153.2786966538547,0.01324149749360435,0.043047571242675144,0.002233376096055364,0.0662388553201005,0.005226547344845827,0.00020835818945251337,0.016410648397916058,,,,,,,,,,,
2156.153993131469,0.0132093571229486,0.042931669315799524,0.002227928267480983,0.06600118399700834,0.005212558089919152,0.00020792769989938083,0.01632598122775807,,,,,,,,,,,
2159.0331290237596,0.013177294764876144,0.04281607944501136,0.002222493727683285,0.06576436546126525,0.005198606278306494,0.0002074980997821564,0.01624175087944463,,,,,,,,,,,
2161.916109457543,0.013145310230031218,0.04270080079012602,0.002217072444247219,0.06552839665298858,0.005184691809787929,0.00020706938726317294,0.01615795509928836,,,,,,,,,,,
2164.8029395664726,0.01311340332951775,0.04258583251322129,0.002211664384836822,0.0652932745232756,0.005170814584411823,0.00020664156050856112,0.016074591645229515,,,,,,,,,,,
2167.6936244910657,0.013081573874898089,0.04247117377863067,0.00220626951719499,0.06505899603416262,0.005156974502494027,0.00020621461768823983,0.01599165828677552,,,,,,,,,,,
2170.5881693786955,0.013049821678192044,0.042356823752937936,0.002200887809143321,0.06482555815858718,0.005143171464617245,0.00020578855697590988,0.015909152804941804,,,,,,,,,,,
2173.4865793836175,0.01301814655187562,0.042242781604970484,0.0021955192285818873,0.06459295788034741,0.0051294053716302405,0.0002053633765490446,0.015827072992191896,,,,,,,,,,,
2176.3888596669594,0.012986548308880077,0.04212904650579386,0.0021901637434890773,0.06436119219406466,0.005115676124647201,0.00020493907458888358,0.015745416652378903,,,,,,,,,,,
2179.2950153967518,0.012955026762590626,0.04201561762870512,0.002184821321921379,0.06413025810514314,0.005101983625046949,0.0002045156492804235,0.015664181600686205,,,,,,,,,,,
2182.2050517479174,0.012923581726845542,0.041902494149227414,0.002179491932013204,0.06390015262973249,0.005088327774472308,0.0002040930988124113,0.015583365663569462,,,,,,,,,,,
2185.1189739022902,0.012892213015934934,0.04178967524510367,0.002174175541976698,0.06367087279468861,0.005074708474829358,0.0002036714213773368,0.015502966678698264,,,,,,,,,,,
2188.03678704863,0.012860920444599617,0.041677160096290536,0.0021688721201015304,0.0634424156375349,0.005061125628286705,0.00020325061517142314,0.015422982494898088,,,,,,,,,,,
2190.958496382616,0.012829703828030165,0.041564947884952776,0.0021635816347547396,0.06321477820642504,0.005047579137274852,0.00020283067839462122,0.015343410972093173,,,,,,,,,,,
2193.884107106875,0.012798562981865626,0.04145303779545684,0.0021583040543805086,0.06298795756010363,0.00503406890448541,0.00020241160925060027,0.015264249981248767,,,,,,,,,,,
2196.813624430971,0.012767497722192657,0.04134142901436547,0.002153039347500008,0.06276195076786927,0.005020594832870487,0.00020199340594674166,0.015185497404314659,,,,,,,,,,,
2199.7470535714333,0.0127365078655442,0.04123012073043129,0.002147787482711185,0.06253675490953568,0.005007156825641903,0.00020157606669412973,0.01510715113416801,,,,,,,,,,,
2202.6843997517494,0.012705593228898615,0.04111911213459138,0.002142548428688594,0.06231236707539511,0.004993754786270588,0.00020115958970754572,0.015029209074557463,,,,,,,,,,,
2205.625668202389,0.01267475362967842,0.04100840241996086,0.0021373221541831863,0.06208878436617943,0.004980388618485781,0.00020074397320545852,0.014951669140046578,,,,,,,,,,,
2208.5708641607985,0.012643988885749368,0.040897990781827626,0.0021321086280221566,0.06186600389302408,0.004967058226274456,0.00020032921541001858,0.014874529255958509,,,,,,,,,,,
2211.5199928714255,0.012613298815419222,0.04078787641764587,0.002126907819108721,0.06164402277742926,0.004953763513880524,0.00019991531454704864,0.014797787358320012,,,,,,,,,,,
2214.473059585713,0.012582683237436833,0.04067805852703094,0.0021217196964219637,0.061422838151224256,0.004940504385804238,0.0001995022688460387,0.014721441393806704,,,,,,,,,,,
2217.430069562124,0.012552141970990917,0.040568536311752786,0.0021165442290166283,0.06120244715652893,0.004927280746801421,0.0001990900765401345,0.014645489319687647,,,,,,,,,,,
2220.3910280661376,0.012521674835709118,0.040459308975730766,0.0021113813860229474,0.06098284694571801,0.004914092501882856,0.0001986787358661344,0.014569929103771103,,,,,,,,,,,
2223.3559403702634,0.012491281651656892,0.0403503757250276,0.002106231136646457,0.06076403468138369,0.00490093955631357,0.00019826824506447883,0.014494758724349988,,,,,,,,,,,
2226.324811754058,0.01246096223933638,0.04024173576784345,0.0021010934501677955,0.06054600753629865,0.004887821815612129,0.00019785860237924333,0.014419976170147595,,,,,,,,,,,
2229.2976475041187,0.012430716419685493,0.04013338831451058,0.0020959682959425523,0.060328762693380555,0.00487473918555002,0.00019744980605813212,0.014345579440264202,,,,,,,,,,,
2232.2744529141123,0.012400544014076665,0.040025332577487076,0.00209085564340105,0.060112297345654424,0.004861691572150907,0.00019704185435246883,0.014271566544123057,,,,,,,,,,,
2235.255233284764,0.01237044484431603,0.03991756777135172,0.002085755462048193,0.0598966086962175,0.004848678881690023,0.00019663474551719166,0.014197935501417586,,,,,,,,,,,
2238.2399939238862,0.012340418732642114,0.039810093112797644,0.0020806677214632633,0.05968169395820204,0.004835701020693424,0.00019622847781084209,0.014124684342057952,,,,,,,,,,,
2241.228740146371,0.012310465501725022,0.03970290782062735,0.002075592391299756,0.05946755035474045,0.0048227578959373985,0.000195823049495562,0.014051811106118781,,,,,,,,,,,
2244.2214772742145,0.012280584974665196,0.03959601111574627,0.0020705294412851757,0.05925417511892823,0.004809849414447714,0.00019541845883708155,0.013979313843786315,,,,,,,,,,,
2247.218210636513,0.012250776974992534,0.03948940222115779,0.0020654788412208876,0.05904156549378927,0.004796975483499029,0.00019501470410471613,0.013907190615306611,,,,,,,,,,,
2250.218945569485,0.012221041326665193,0.039383080361957014,0.0020604405609819017,0.05882971873223929,0.004784136010614151,0.00019461178357135548,0.013835439490933287,,,,,,,,,,,
2253.2236874164682,0.012191377854068704,0.03927704476532573,0.002055414570516728,0.05861863209705135,0.004771330903563448,0.00019420969551345858,0.013764058550876266,,,,,,,,,,,
2256.232441527942,0.012161786382014783,0.03917129466052613,0.002050400839847167,0.05840830286081938,0.004758560070364109,0.00019380843821104475,0.013693045885249989,,,,,,,,,,,
2259.245213261525,0.012132266735740424,0.03906582927889579,0.002045399339068154,0.058198728305923875,0.004745823419279552,0.00019340800994768723,0.013622399594022712,,,,,,,,,,,
2262.262007981989,0.012102818740906818,0.03896064785384188,0.002040410038347571,0.057989905724496464,0.004733120858818733,0.00019300840901050647,0.013552117786965483,,,,,,,,,,,
2265.282831061277,0.01207344222359826,0.038855749620835246,0.002035432907926057,0.05778183241838442,0.004720452297735463,0.00019260963369015994,0.013482198583601415,,,,,,,,,,,
2268.3076878784964,0.012044137010321263,0.03875113381740559,0.002030467918116859,0.05757450569911684,0.004707817645027821,0.0001922116822808389,0.013412640113155745,,,,,,,,,,,
2271.336583819945,0.012014902928003352,0.038646799683135086,0.002025515039305621,0.05736792288786871,0.004695216809937416,0.00019181455308025738,0.013343440514505357,,,,,,,,,,,
2274.3695242791055,0.011985739803992259,0.03854274645965363,0.0020205742419502413,0.05716208131542745,0.004682649701948822,0.00019141824438964757,0.013274597936129402,,,,,,,,,,,
2277.4065146566704,0.01195664746605467,0.03843897339063261,0.002015645496580667,0.056956978322157334,0.004670116230788845,0.00019102275451375071,0.013206110536059341,,,,,,,,,,,
2280.447560360536,0.011927625742375417,0.03833547972178016,0.0020107287737987424,0.05675261125796622,0.00465761630642595,0.00019062808176081134,0.013137976481830084,,,,,,,,,,,
2283.4926668058274,0.011898674461556298,0.0382322647008349,0.0020058240442780073,0.05654897748227021,0.004645149839069544,0.0001902342244425686,0.01307019395043053,,,,,,,,,,,
2286.5418394148924,0.011869793452615202,0.03812932757756116,0.0020009312787635535,0.05634607436396056,0.004632716739169405,0.0001898411808742505,0.013002761128255222,,,,,,,,,,,
2289.595083617329,0.011840982544984967,0.038026667603742945,0.001996050448071817,0.0561438992813687,0.004620316917414948,0.00018944894937456523,0.012935676211055394,,,,,,,,,,,
2292.652404849974,0.011812241568512504,0.03792428403317902,0.0019911815230904363,0.05594244962223341,0.004607950284734688,0.00018905752826569547,0.01286893740389112,,,,,,,,,,,
2295.713808556937,0.011783570353457664,0.037822176121677,0.001986324474778051,0.05574172278366596,0.004595616752295501,0.0001886669158732894,0.012802542921082863,,,,,,,,,,,
2298.7793001895866,0.01175496873049235,0.03772034312704836,0.0019814792741641475,0.055541716172117374,0.004583316231502064,0.0001882771105264559,0.012736490986164074,,,,,,,,,,,
2301.848885206572,0.011726436530699463,0.03761878430910285,0.0019766458923488823,0.05534242720334468,0.004571048633996182,0.00018788811055775532,0.01267077983183349,,,,,,,,,,,
2304.9225690738394,0.011697973585571857,0.03751749892964289,0.0019718243005028935,0.055143853302376936,0.004558813871656134,0.00018749991430319285,0.012605407699907702,,,,,,,,,,,
2308.0003572646233,0.011669579727011468,0.03741648625245878,0.001967014469867158,0.05494599190348306,0.004546611856596095,0.0001871125201022124,0.012540372841274473,,,,,,,,,,,
2311.0822552594755,0.011641254787328158,0.03731574554332265,0.0019622163717527897,0.05474884045013738,0.004534442501165441,0.00018672592629768802,0.012475673515845524,,,,,,,,,,,
2314.1682685462583,0.011612998599238922,0.0372152760699838,0.0019574299775408943,0.05455239639498796,0.004522305717948188,0.00018634013123591825,0.012411307992510386,,,,,,,,,,,
2317.2584026201703,0.01158481099586668,0.03711507710216275,0.0019526552586823789,0.0543566571998224,0.004510201419762288,0.00018595513326661765,0.012347274549089678,,,,,,,,,,,
2320.352662983738,0.011556691810739502,0.03701514791154651,0.0019478921866977986,0.054161620335536204,0.004498129519659081,0.00018557093074291118,0.012283571472289426,,,,,,,,,,,
2323.4510551468466,0.011528640877789447,0.03691548777178277,0.0019431407331771647,0.05396728328209902,0.0044860899309225955,0.00018518752202132549,0.012220197057654826,,,,,,,,,,,
2326.5535846267276,0.011500658031351729,0.036816095958475126,0.0019384008697798038,0.05377364352852308,0.0044740825670689975,0.00018480490546178425,0.01215714960952503,,,,,,,,,,,
2329.66025694799,0.011472743106163606,0.03671697174917723,0.0019336725682341576,0.053580698572829814,0.004462107341845898,0.0001844230794275977,0.012094427440987411,,,,,,,,,,,
2332.771077642613,0.011444895937363522,0.036618114423388096,0.0019289558003376423,0.05338844592201834,0.004450164169231796,0.00018404204228545951,0.012032028873832711,,,,,,,,,,,
2335.8860522499617,0.011417116360490077,0.03651952326254667,0.0019242505379564654,0.053196883092032986,0.004438252963435433,0.00018366179240543722,0.011969952238510044,,,,,,,,,,,
2339.005186316806,0.011389404211481009,0.036421197550026284,0.001919556753025455,0.05300600760773056,0.004426373638895151,0.00018328232816096547,0.011908195874082081,,,,,,,,,,,
2342.1284853973125,0.011361759326672343,0.03632313657113004,0.001914874417547908,0.05281581700284959,0.004414526110278341,0.00018290364792884048,0.011846758128180894,,,,,,,,,,,
2345.2559550530746,0.01133418154279729,0.036225339613084995,0.001910203503595399,0.05262630881997719,0.004402710292480757,0.0001825257500892113,0.011785637356963431,,,,,,,,,,,
2348.3876008531015,0.011306670696985424,0.036127805965037625,0.0019055439833076439,0.052437480610518464,0.004390926100625975,0.0001821486330255745,0.011724831925067862,,,,,,,,,,,
2351.523428373849,0.011279226626761554,0.03603053491804798,0.0019008958288923017,0.052249329934663725,0.0043791734500647165,0.0001817722951247657,0.011664340205569466,,,,,,,,,,,
2354.6634431992097,0.011251849170044962,0.03593352576508518,0.0018962590126248404,0.05206185436135814,0.004367452256374306,0.0001813967347769549,0.011604160579937472,,,,,,,,,,,
2357.8076509205416,0.011224538165148233,0.03583677780102165,0.0018916335068483385,0.0518750514682692,0.004355762435357999,0.0001810219503756361,0.011544291437991383,,,,,,,,,,,
2360.956057136659,0.011197293450776502,0.03574029032262864,0.0018870192839733583,0.05168891884175647,0.004344103903044443,0.00018064794031762458,0.01148473117785826,,,,,,,,,,,
2364.1086674538637,0.011170114866026327,0.035644062628570485,0.0018824163164777397,0.051503454076839324,0.0043324765756870085,0.00018027470300304653,0.011425478205929498,,,,,,,,,,,
2367.265487485932,0.011143002250384889,0.03554809401940008,0.001877824576906474,0.051318654777167017,0.004320880369763254,0.00017990223683533445,0.011366530936818551,,,,,,,,,,,
2370.426522854147,0.011115955443728905,0.035452383797553236,0.0018732440378715076,0.051134518554986595,0.004309315201974255,0.0001795305402212189,0.011307887793318146,,,,,,,,,,,
2373.5917791872907,0.0110889742863238,0.035356931267344106,0.0018686746720516056,0.05095104303111298,0.004297780989244078,0.00017915961157072277,0.011249547206358408,,,,,,,,,,,
2376.761262121661,0.011062058618822715,0.03526173573495996,0.0018641164521921753,0.050768225834897866,0.004286277648719134,0.00017878944929715409,0.01119150761496473,,,,,,,,,,,
2379.9349773010886,0.011035208282265514,0.03516679650845583,0.0018595693511050994,0.05058606460419857,0.004274805097767582,0.00017842005181709832,0.011133767466215886,,,,,,,,,,,
2383.1129303769326,0.011008423118077967,0.03507211289775008,0.0018550333416685902,0.050404556985348646,0.004263363253978785,0.00017805141755041396,0.011076325215202784,,,,,,,,,,,
2386.2951270081066,0.010981702968070672,0.034977684214618734,0.0018505083968270038,0.05022370063312623,0.0042519520351626495,0.00017768354492022219,0.011019179324986776,,,,,,,,,,,
2389.481572861071,0.010955047674438261,0.034883509772691106,0.0018459944895907081,0.050043493210724904,0.004240571359349103,0.00017731643235290422,0.010962328266558895,,,,,,,,,,,
2392.6722736098636,0.010928457079758317,0.03478958888744424,0.001841491593035891,0.04986393238972236,0.00422922114478744,0.00017695007827809109,0.010905770518798584,,,,,,,,,,,
2395.8672349360877,0.010901931026990627,0.03469592087619846,0.0018369996803044302,0.049685015850051445,0.004217901309945799,0.0001765844811286592,0.010849504568433354,,,,,,,,,,,
2399.0664625289437,0.010875469359476041,0.03460250505811187,0.001832518724603701,0.04950674127996912,0.004206611773510512,0.00017621963934072218,0.010793528909997938,,,,,,,,,,,
2402.2699620852186,0.010849071920935774,0.03450934075417596,0.0018280486992064537,0.04932910637602761,0.004195352454385587,0.00017585555135362545,0.01073784204579437,,,,,,,,,,,
2405.4777393093173,0.010822738555470262,0.03441642728721009,0.0018235895774506138,0.04915210884304358,0.004184123271692058,0.0001754922156099382,0.01068244248585155,,,,,,,,,,,
2408.6897999132507,0.01079646910755843,0.03432376398185722,0.0018191413327391594,0.048975746394069576,0.004172924144767471,0.00017512963055544816,0.010627328747885738,,,,,,,,,,,
2411.906149616668,0.01077026342205663,0.03423135016457832,0.0018147039385399315,0.048800016750363426,0.0041617549931652386,0.00017476779463915354,0.010572499357260538,,,,,,,,,,,
2415.126794146847,0.010744121344197827,0.03413918516364801,0.0018102773683855017,0.04862491764135967,0.004150615736654118,0.00017440670631325736,0.010517952846947752,,,,,,,,,,,
2418.351739238715,0.010718042719590645,0.034047268309149475,0.0018058615958730024,0.04845044680463988,0.0041395062952176145,0.00017404636403316117,0.010463687757487995,,,,,,,,,,,
2421.580990634863,0.010692027394218406,0.03395559893296944,0.001801456594663958,0.048276601985902945,0.004128426589053375,0.00017368676625745667,0.010409702636951512,,,,,,,,,,,
2424.814554085542,0.010666075214438334,0.033864176368793686,0.0017970623384841594,0.048103380938936985,0.00411737653857268,0.00017332791144792124,0.010355996040899642,,,,,,,,,,,
2428.05243534869,0.010640186026980514,0.03377299995210172,0.0017926788011234677,0.04793078142558921,0.004106356064399801,0.0001729697980695096,0.010302566532345814,,,,,,,,,,,
2431.2946401899235,0.010614359678947126,0.03368206902016252,0.0017883059564356943,0.047758801215738056,0.0040953650873714964,0.00017261242459034877,0.010249412681717442,,,,,,,,,,,
2434.5411743825684,0.010588596017811399,0.03359138291202908,0.001783943778338414,0.04758743808726329,0.004084403528536381,0.0001722557894817301,0.010196533066817367,,,,,,,,,,,
2437.7920437076505,0.010562894891416855,0.03350094096853429,0.0017795922408128377,0.04741668982601842,0.0040734713091544195,0.00017189989121810413,0.010143926272786069,,,,,,,,,,,
2441.0472539539237,0.01053725614797625,0.03341074253228545,0.0017752513179036301,0.047246554225801,0.004062568350696297,0.00017154472827707253,0.010091590892063565,,,,,,,,,,,
2444.3068109178625,0.010511679636070869,0.03332078694766015,0.00177092098371878,0.047077029088325166,0.004051694574842926,0.0001711902991393832,0.010039525524352012,,,,,,,,,,,
2447.570720403691,0.010486165204649423,0.03323107356080087,0.0017666012124294256,0.046908112223192154,0.004040849903484806,0.00017083660228892208,0.009987728776577944,,,,,,,,,,,
2450.8389882233746,0.010460712703027349,0.033141601719610884,0.0017622919782697174,0.046739801447863126,0.004030034258721542,0.00017048363621270893,0.009936199262855315,,,,,,,,,,,
2454.111620196649,0.010435321980885764,0.03305237077374885,0.0017579932555366437,0.046572094587629884,0.004019247562861207,0.00017013139940088762,0.009884935604448083,,,,,,,,,,,
2457.3886221510124,0.010409992888270691,0.03296338007462464,0.0017537050185899004,0.046404989475587646,0.004008489738419852,0.0001697798903467232,0.009833936429733648,,,,,,,,,,,
2460.6699999217462,0.01038472527559213,0.03287462897539438,0.001749427241851727,0.04623848395260672,0.003997760708120916,0.00016942910754659318,0.009783200374165954,,,,,,,,,,,
2463.955759351931,0.010359518993623125,0.03278611683095563,0.0017451598998067441,0.04607257586730416,0.0039870603948946514,0.00016907904949998127,0.00973272608023895,,,,,,,,,,,
2467.2459062924395,0.010334373893498993,0.032697842997943025,0.0017409029670018234,0.045907263076016905,0.003976388721877631,0.0001687297147094722,0.009682512197450456,,,,,,,,,,,
2470.5404466019663,0.010309289826716321,0.03260980683472318,0.0017366564180459154,0.0457425434427731,0.003965745612412115,0.0001683811016807437,0.009632557382265799,,,,,,,,,,,
2473.8393861470204,0.01028426664513221,0.03252200770139051,0.0017324202276099152,0.045578414839265426,0.003955130990045583,0.00016803320892256175,0.0095828602980821,,,,,,,,,,,
2477.1427308019533,0.010259304200963281,0.032434444959762034,0.00172819437042649,0.045414875144822606,0.003944544778530116,0.0001676860349467724,0.009533419615192268,,,,,,,,,,,
2480.450486448952,0.010234402346784927,0.032347117973373356,0.0017239788212899557,0.04525192224638307,0.003933986901821907,0.00016733957826829785,0.00948423401074967,,,,,,,,,,,
2483.762658978066,0.010209560935530295,0.03226002610747337,0.0017197735550560976,0.04508955403846663,0.003923457284080653,0.00016699383740512662,0.009435302168732482,,,,,,,,,,,
2487.079254287202,0.010184779820489596,0.03217316872902029,0.0017155785466420467,0.04492776842314823,0.00391295584966908,0.00016664881087831123,0.009386622779908768,,,,,,,,,,,
2490.4002782821512,0.010160058855309047,0.032086545206676434,0.0017113937710261102,0.04476656331002987,0.0039024825231523254,0.00016630449721195839,0.009338194541801102,,,,,,,,,,,
2493.7257368765804,0.010135397893990178,0.03200015491080427,0.0017072192032476382,0.0446059366162146,0.0038920372292974696,0.00016596089493322504,0.009290016158652098,,,,,,,,,,,
2497.0556359920643,0.010110796790888835,0.0319139972134612,0.0017030548184068547,0.04444588626627862,0.003881619893072926,0.00016561800257231055,0.00924208634138936,,,,,,,,,,,
2500.389981558076,0.010086255400714415,0.031828071488395525,0.001698900591664732,0.044286410192245315,0.003871230439647961,0.0001652758186624513,0.009194403807591333,,,,,,,,,,,
2503.7287795120073,0.01006177357852898,0.03174237711104166,0.0016947564982428315,0.044127506333558164,0.0038608687943921297,0.0001649343417399149,0.009146967281452796,,,,,,,,,,,
2507.0720357991845,0.01003735117974634,0.03165691345851541,0.0016906225134231457,0.04396917263705372,0.0038505348828747187,0.0001645935703439914,0.009099775493750696,,,,,,,,,,,
2510.419756372864,0.010012988060131312,0.03157167990960995,0.0016864986125479735,0.043811407056936015,0.0038402286308642647,0.00016425350301699096,0.00905282718181037,,,,,,,,,,,
2513.771947194261,0.009988684075798749,0.03148667584479069,0.0016823847710197523,0.0436542075547491,0.0038299499643279604,0.0001639141383042334,0.00900612108947154,,,,,,,,,,,
2517.128614232541,0.009964439083212817,0.03140190064619136,0.0016782809643009278,0.04349757209935168,0.0038196988094311834,0.00016357547475404595,0.008959655967054923,,,,,,,,,,,
2520.48976346485,0.009940252939185996,0.03131735369760897,0.0016741871679137885,0.04334149866688987,0.003809475092536904,0.0001632375109177537,0.008913430571328576,,,,,,,,,,,
2523.855400876306,0.009916125500878394,0.031233034384499918,0.0016701033574403439,0.04318598524077208,0.0037992787402052193,0.00016290024534967585,0.008867443665474848,,,,,,,,,,,
2527.2255324600274,0.009892056625796772,0.031148942093974886,0.0016660295085221522,0.04303102981164198,0.0037891096791927634,0.0001625636766071177,0.008821694019057073,,,,,,,,,,,
2530.600164217127,0.009868046171793812,0.031065076214794995,0.0016619655968602013,0.04287663037735347,0.003778967836452241,0.00016222780325036605,0.008776180407986863,,,,,,,,,,,
2533.9793021567402,0.009844093997067148,0.030981436137366807,0.001657911598214742,0.04272278494294381,0.0037688531391318445,0.00016189262384268166,0.00873090161449114,,,,,,,,,,,
2537.3629522960196,0.009820199960158663,0.03089802125373835,0.0016538674884051575,0.042569491520608814,0.0037587655145747824,0.00016155813695029403,0.00868585642707973,,,,,,,,,,,
2540.7511206601507,0.009796363919953588,0.030814830957594554,0.0016498332433098168,0.04241674812967667,0.0037487048903187335,0.00016122434114239546,0.00864104364051292,,,,,,,,,,,
2544.1438132823746,0.009772585735679643,0.030731864644252555,0.0016458088388659176,0.042264552796582075,0.0037386711940953065,0.00016089123499113346,0.008596462055769022,,,,,,,,,,,
2547.541036203977,0.009748865266906282,0.03064912171065783,0.001641794251069367,0.042112903554841555,0.0037286643538295707,0.00016055881707160654,0.00855211048001262,,,,,,,,,,,
2550.9427954743205,0.009725202373543754,0.03056660155537925,0.0016377894559746113,0.041961798445027045,0.0037186842976394806,0.0001602270859618564,0.008507987726562295,,,,,,,,,,,
2554.3490971508363,0.009701596915842419,0.03048430357860529,0.001633794429694519,0.041811235514741585,0.0037087309538354177,0.00015989604024286346,0.008464092614859225,,,,,,,,,,,
2557.759947299054,0.009678048754391754,0.030402227182139068,0.0016298091484002167,0.04166121281859317,0.0036988042509196162,0.0001595656784985392,0.008420423970435258,,,,,,,,,,,
2561.175351992592,0.009654557750119726,0.030320371769394564,0.0016258335883209657,0.041511728418170475,0.003688904117585714,0.00015923599931572162,0.00837698062488182,,,,,,,,,,,
2564.5953173131893,0.009631123764291758,0.030238736745391764,0.0016218677257439978,0.04136278038201692,0.0036790304827181643,0.00015890700128416777,0.008333761415818321,,,,,,,,,,,
2568.019849350696,0.009607746658510106,0.030157321516752825,0.0016179115370144016,0.041214366785606624,0.003669183275391808,0.00015857868299654906,0.008290765186861386,,,,,,,,,,,
2571.448954203104,0.009584426294712869,0.03007612549169731,0.0016139649985349525,0.04106648571131867,0.0036593624248712885,0.0001582510430484438,0.00824799078759358,,,,,,,,,,,
2574.8826379765374,0.009561162535173327,0.029995148080038316,0.0016100280867659977,0.040919135248413195,0.0036495678606106078,0.00015792408003833323,0.008205437073532964,,,,,,,,,,,
2578.3209067852845,0.009537955242499008,0.029914388693177727,0.0016061007782252963,0.040772313493005745,0.0036397995122525602,0.00015759779256759257,0.00816310290610216,,,,,,,,,,,
2581.7637667517906,0.009514804279630954,0.02983384674410235,0.0016021830494878917,0.04062601854804358,0.0036300573096282786,0.00015727217924048828,0.008120987152598123,,,,,,,,,,,
2585.2112240066754,0.009491709509842891,0.02975352164737952,0.0015982748771859697,0.04048024852328074,0.003620341182756708,0.00015694723866416992,0.008079088686161737,,,,,,,,,,,
2588.663284688754,0.009468670796740358,0.029673412819152572,0.0015943762380087058,0.040335001535253344,0.0036106510618440814,0.00015662296944866453,0.008037406385747603,,,,,,,,,,,
2592.119954945027,0.009445688004260024,0.029593519677137085,0.0015904871087021513,0.040190275707255974,0.0036009868772834686,0.00015629937020687163,0.007995939136094202,,,,,,,,,,,
2595.581240930715,0.009422760996668765,0.029513841640616142,0.0015866074660690664,0.040046069169316544,0.00359134855965422,0.00015597643955455592,0.007954685827693868,,,,,,,,,,,
2599.0471488092453,0.00939988963856297,0.02943437813043659,0.001582737286968808,0.0399023800581731,0.0035817360397215232,0.0001556541761103428,0.00791364535676332,,,,,,,,,,,
2602.517684752288,0.009377073794867612,0.029355128569004393,0.0015788765483171704,0.039759206517248784,0.0035721492484358506,0.0001553325784957109,0.007872816625213858,,,,,,,,,,,
2605.9928549397423,0.009354313330835603,0.02927609238028084,0.0015750252270862663,0.03961654669662877,0.0035625881169325186,0.00015501164533498826,0.007832198540622289,,,,,,,,,,,
2609.472665559771,0.009331608112046846,0.02919726898977793,0.0015711833003043672,0.03947439875303542,0.0035530525765311363,0.0001546913752553435,0.007791790016201382,,,,,,,,,,,
2612.957122808788,0.009308958004407576,0.029118657824554646,0.0015673507450557926,0.039332760849805415,0.0035435425587351716,0.00015437176688678334,0.007751589970771109,,,,,,,,,,,
2616.4462328914933,0.009286362874149462,0.029040258313212365,0.0015635275384807466,0.039191631156865143,0.003534057995231398,0.00015405281886214387,0.007711597328729393,,,,,,,,,,,
2619.9400020208614,0.009263822587828912,0.02896206988589111,0.0015597136577752081,0.0390510078507079,0.0035245988178894644,0.0001537345298170866,0.007671811020023652,,,,,,,,,,,
2623.438436418173,0.00924133701232616,0.028884091974264975,0.0015559090801907662,0.03891088911436942,0.0035151649587613462,0.0001534168983900913,0.007632229980121851,,,,,,,,,,,
2626.9415423130085,0.00921890601484462,0.0288063240115384,0.0015521137830345145,0.03877127313740525,0.00350575635008091,0.0001530999232224512,0.0075928531499842985,,,,,,,,,,,
2630.4493259432666,0.009196529462910021,0.028728765432441863,0.0015483277436688966,0.03863215811586695,0.0034963729242634017,0.00015278360295826684,0.00755367947603516,,,,,,,,,,,
2633.961793555184,0.009174207224369613,0.028651415673227647,0.0015445509395115666,0.038493542252278544,0.003487014613904943,0.00015246793624443955,0.007514707910134233,,,,,,,,,,,
2637.478951403327,0.00915193916739146,0.02857427417166607,0.0015407833480352766,0.03835542375561396,0.003477681351782095,0.0001521529217306675,0.007475937409549059,,,,,,,,,,,
2641.000805750624,0.00912972516046355,0.028497340367040987,0.001537024946767716,0.03821780084127306,0.0034683730708513195,0.00015183855806943702,0.007437366936926838,,,,,,,,,,,
2644.5273628683562,0.009107565072393155,0.028420613700146147,0.0015332757132914033,0.03808067173105949,0.0034590897042485534,0.0001515248439160203,0.007398995460266859,,,,,,,,,,,
2648.05862903619,0.009085458772305904,0.028344093613280736,0.001529535625243525,0.03794403465315677,0.0034498311852886724,0.00015121177792846663,0.007360821952892701,,,,,,,,,,,
2651.5946105421654,0.00906340612964519,0.028267779550245675,0.0015258046603158343,0.03780788784210634,0.003440597447465068,0.0001508993587675986,0.00732284539342495,,,,,,,,,,,
2655.13531368273,0.009041407014171197,0.028191670956339204,0.001522082796254483,0.03767222953878378,0.0034313884244491144,0.00015058758509700515,0.007285064765753686,,,,,,,,,,,
2658.680744762729,0.009019461295960318,0.028115767278353267,0.0015183700108599208,0.03753705799037705,0.00342220405008975,0.00015027645558303698,0.007247479059011474,,,,,,,,,,,
2662.2309100954362,0.008997568845404225,0.028040067964569038,0.0015146662819867352,0.03740237145036293,0.0034130442584129335,0.00014996596889479957,0.007210087267546144,,,,,,,,,,,
2665.7858160025457,0.008975729533209251,0.027964572464753413,0.0015109715875435451,0.037268168178485335,0.0034039089836212467,0.0001496561237041489,0.007172888390894055,,,,,,,,,,,
2669.3454688142037,0.008953943230395505,0.027889280230154478,0.001507285905492845,0.037134446440731904,0.003394798160093352,0.00014934691868568432,0.007135881433753156,,,,,,,,,,,
2672.9098748690008,0.008932209808296197,0.02781419071349797,0.0015036092138508911,0.037001204509312456,0.0033857117223835727,0.00014903835251674392,0.007099065405956497,,,,,,,,,,,
2676.4790405139906,0.008910529138556842,0.027739303368983104,0.00149994149068757,0.03686844066263625,0.0033766496052214027,0.00014873042387739905,0.007062439322445707,,,,,,,,,,,
2680.0529721047124,0.008888901093134458,0.02766461765227848,0.001496282714126248,0.036736153185289486,0.003367611743511017,0.00014842313145044716,0.007026002203244494,,,,,,,,,,,
2683.631676005179,0.00886732554429691,0.02759013302051846,0.0014926328623436679,0.03660434036801384,0.003358598072330852,0.00014811647392140806,0.006989753073432679,,,,,,,,,,,
2687.2151585879137,0.008845802364622062,0.027515848932298807,0.0014889919135697934,0.03647300050768353,0.003349608526933084,0.00014781044997851672,0.006953690963119856,,,,,,,,,,,
2690.803426233937,0.008824331426997104,0.027441764847673192,0.0014853598460877044,0.03634213190728419,0.0033406430427432186,0.00014750505831271897,0.006917814907419649,,,,,,,,,,,
2694.3964853328016,0.008802912604617696,0.027367880228148813,0.001481736638233441,0.03621173287589011,0.0033317015553595746,0.0001472002976176647,0.00688212394642372,,,,,,,,,,,
2697.9943422825813,0.00878154577098736,0.027294194536682984,0.0014781222683958994,0.03608180172864316,0.0033227840005528716,0.00014689616658970344,0.006846617125176253,,,,,,,,,,,
2701.5970034899037,0.008760230799916582,0.027220707237678676,0.0014745167150166832,0.03595233678673024,0.0033138903142657184,0.0001465926639278776,0.006811293493648235,,,,,,,,,,,
2705.2044753699415,0.008738967565522202,0.027147417796981172,0.0014709199565899906,0.03582333637736238,0.003305020432612205,0.0001462897883339181,0.006776152106712204,,,,,,,,,,,
2708.816764346443,0.008717755942226565,0.027074325681873665,0.0014673319716624683,0.0356947988337524,0.0032961742918773893,0.00014598753851223747,0.006741192024116794,,,,,,,,,,,
2712.433876851727,0.008696595804756851,0.02700143036107386,0.0014637527388331024,0.03556672249509393,0.0032873518285168883,0.00014568591316992599,0.006706412310461719,,,,,,,,,,,
2716.0558193267016,0.008675487028144321,0.026928731304729853,0.0014601822367530817,0.0354391057065398,0.0032785529791563997,0.00014538491101674468,0.006671812035172711,,,,,,,,,,,
2719.682598220883,0.008654429487723504,0.026856227984416163,0.0014566204441256625,0.03531194681918022,0.0032697776805912277,0.00014508453076512014,0.006637390272476493,,,,,,,,,,,
2723.3142199923886,0.008633423059131593,0.02678391987313028,0.0014530673397060599,0.03518524419002229,0.003261025869785875,0.00014478477113013977,0.006603146101376244,,,,,,,,,,,
2726.9506911079716,0.008612467618307593,0.02671180644528836,0.0014495229023013035,0.035058996181967936,0.0032522974838735375,0.00014448563082954515,0.0065690786056266945,,,,,,,,,,,
2730.592018043008,0.008591563041491676,0.026639887176721912,0.0014459871107701259,0.034933201163793524,0.003243592460155705,0.0001441871085837277,0.006535186873709877,,,,,,,,,,,
2734.2382072815312,0.008570709205224354,0.02656816154467347,0.0014424599440228186,0.03480785751012801,0.003234910736101659,0.00014388920311572212,0.0065014699988104685,,,,,,,,,,,
2737.889265316224,0.008549905986345871,0.026496629027793275,0.0014389413810211291,0.03468296360143271,0.003226252249348074,0.00014359191315120197,0.006467927078791795,,,,,,,,,,,
2741.545198648447,0.008529153261995335,0.02642528910613503,0.001435431400778111,0.034558517823979666,0.003217616937698521,0.000143295237418473,0.006434557216171429,,,,,,,,,,,
2745.2060137882327,0.00850845090961016,0.026354141261152597,0.001431929982358021,0.03443451856983148,0.003209004739123068,0.0001429991746484696,0.006401359518097439,,,,,,,,,,,
2748.871717254318,0.008487798806925158,0.026283184975695734,0.0014284371048761773,0.034310964236819785,0.0032004155917577863,0.00014270372357474653,0.006368333096324238,,,,,,,,,,,
2752.542315574132,0.008467196831971982,0.026212419734006807,0.0014249527474988481,0.03418785322852535,0.003191849433904357,0.0001424088829334768,0.00633547706718908,,,,,,,,,,,
2756.2178152838324,0.008446644863078267,0.0261418450217166,0.0014214768894431113,0.03406518395425668,0.0031833062040295744,0.00014211465146344343,0.006302790551588154,,,,,,,,,,,
2759.8982229282956,0.008426142778867017,0.026071460325840946,0.0014180095099767486,0.0339429548290301,0.0031747858407649545,0.00014182102790603584,0.006270272674953297,,,,,,,,,,,
2763.5835450611366,0.008405690458255875,0.026001265134776873,0.0014145505884181136,0.03382116427354902,0.0031662882829062615,0.00014152801100524387,0.006237922567228466,,,,,,,,,,,
2767.273788244732,0.008385287780456304,0.02593125893829866,0.0014111001041359993,0.0336998107141832,0.0031578134694130668,0.00014123559950765194,0.006205739362846432,,,,,,,,,,,
2770.968959050208,0.008364934624973026,0.02586144122755456,0.0014076580365495342,0.033578892582949146,0.003149361339408344,0.00014094379216243478,0.006173722200705743,,,,,,,,,,,
2774.669064057478,0.008344630871603167,0.02579181149506263,0.001404224365128042,0.03345840831748907,0.0031409318321779837,0.0001406525877213507,0.006141870224147545,,,,,,,,,,,
2778.374109855229,0.008324376400435674,0.025722369234707537,0.001400799069390934,0.03333835636105142,0.0031325248871704073,0.0001403619849387382,0.006110182580932797,,,,,,,,,,,
2782.0841030409583,0.008304171091850509,0.025653113941736368,0.001397382128907569,0.033218735162470044,0.0031241404439960817,0.00014007198257150777,0.006078658423219329,,,,,,,,,,,
2785.799050220962,0.008284014826518016,0.025584045112755437,0.0013939735232971532,0.0330995431761449,0.003115778442427137,0.00013978257937913996,0.006047296907539302,,,,,,,,,,,
2789.5189580103665,0.00826390748539813,0.02551516224572619,0.001390573232228596,0.03298077886202136,0.003107438822396882,0.0001394937741236771,0.006016097194776491,,,,,,,,,,,
2793.2438330331233,0.00824384894973979,0.025446464839961973,0.00138718123542041,0.032862440685571,0.0030991215239994244,0.0001392055655697201,0.0059850584501439826,,,,,,,,,,,
2796.9736819220384,0.008223839101080094,0.025377952396124018,0.0013837975126405732,0.03274452711777106,0.003090826487489188,0.00013891795248442164,0.005954179843161691,,,,,,,,,,,
2800.708511318763,0.008203877821243776,0.02530962441621814,0.0013804220437064216,0.032627036635085434,0.0030825536532805373,0.00013863093363748223,0.005923460547634287,,,,,,,,,,,
2804.4483278738307,0.008183964992342316,0.025241480403590782,0.001377054808484513,0.032509967719444255,0.003074302961947296,0.0001383445078011437,0.005892899741628936,,,,,,,,,,,
2808.193138246644,0.008164100496773397,0.025173519862925722,0.0013736957868905244,0.03239331885822489,0.003066074354222365,0.00013805867375018491,0.005862496607453458,,,,,,,,,,,
2811.9429491055002,0.008144284217220151,0.02510574230024037,0.0013703449588891243,0.03227708854423217,0.00305786777099728,0.00013777343026191664,0.005832250331634363,,,,,,,,,,,
2815.6977671276077,0.008124516036650419,0.025038147222881953,0.0013670023044938444,0.032161275275678566,0.0030496831533217642,0.00013748877611617448,0.005802160104895051,,,,,,,,,,,
2819.4575989990803,0.008104795838316163,0.024970734139524338,0.001363667803766979,0.03204587755616549,0.0030415204424033516,0.0001372047100953166,0.005772225122134278,,,,,,,,,,,
2823.2224514149725,0.008085123505752684,0.024903502560164048,0.0013603414368194488,0.031930893894663234,0.0030333795796069142,0.00013692123098421575,0.005742444582404478,,,,,,,,,,,
2826.9923310792647,0.00806549892277801,0.024836451996117084,0.0013570231838106969,0.0318163228054924,0.0030252605064542896,0.000136638337570256,0.005712817688890467,,,,,,,,,,,
2830.767244704903,0.008045921973492113,0.02476958196001502,0.0013537130249485527,0.03170216280830396,0.0030171631646238118,0.00013635602864332626,0.005683343648887986,,,,,,,,,,,
2834.5471990137853,0.008026392542276339,0.0247028919658018,0.0013504109404891356,0.03158841242806088,0.0030090874959499427,0.0001360743029958162,0.0056540216737826325,,,,,,,,,,,
2838.3322007367956,0.008006910513792634,0.02463638152872984,0.0013471169107367154,0.031475070195018405,0.003001033442422804,0.00013579315942260998,0.0056248509790286175,,,,,,,,,,,
2842.122256613796,0.007987475772982934,0.024570050165356884,0.0013438309160436139,0.03136213464470566,0.0029930009461878087,0.0001355125967210822,0.005595830784127915,,,,,,,,,,,
2845.917373393658,0.007968088205068393,0.024503897393542143,0.001340552936810073,0.03124960431790607,0.002984989949545199,0.00013523261369109167,0.00556696031260924,,,,,,,,,,,
2849.717557834256,0.007948747695548824,0.024437922732443114,0.0013372829534841501,0.03113747776063925,0.002977000394949678,0.00013495320913497734,0.005538238792007409,,,,,,,,,,,
2853.5228167024975,0.0079294541302019,0.02437212570251173,0.0013340209465615865,0.03102575352414149,0.0029690322250099503,0.000134674381857552,0.0055096654538425395,,,,,,,,,,,
2857.3331567743176,0.007910207395082578,0.02430650582549122,0.001330766896585707,0.03091443016484763,0.00296108538248835,0.00013439613066609863,0.005481239533599597,,,,,,,,,,,
2861.1485848347006,0.007891007376522414,0.024241062624412467,0.0013275207841472979,0.030803506244372156,0.002953159810300412,0.00013411845437036408,0.0054529602707079185,,,,,,,,,,,
2864.969107677699,0.007871853961128786,0.02417579562359044,0.0013242825898844806,0.030692980329490353,0.002945255451514448,0.00013384135178255412,0.0054248269085207515,,,,,,,,,,,
2868.7947321064244,0.007852747035784383,0.024110704348621007,0.0013210522944826159,0.03058285099212041,0.002937372249351166,0.0001335648217173291,0.0053968386942952066,,,,,,,,,,,
2872.625464933087,0.00783368648764639,0.02404578832637715,0.0013178298786741711,0.03047311680930427,0.0029295101471832337,0.00013328886299179797,0.0053689948791718995,,,,,,,,,,,
2876.4613129789795,0.007814672204145948,0.023981047085005886,0.0013146153232386196,0.03036377636318993,0.002921669088534906,0.00013301347442551414,0.0053412947181551325,,,,,,,,,,,
2880.302283074516,0.0077957040729873875,0.02391648015392449,0.0013114086090023093,0.03025482824101241,0.002913849017081577,0.00013273865484046926,0.0053137374700927414,,,,,,,,,,,
2884.148382059219,0.00777678198214765,0.023852087063817418,0.001308209716838369,0.030146271035076208,0.002906049876649421,0.00013246440306108995,0.005286322397656483,,,,,,,,,,,
2887.999616781756,0.0077579058198755275,0.02378786734663252,0.001305018627666572,0.030038103342736468,0.002898271611214942,0.00013219071791423023,0.005259048767322093,,,,,,,,,,,
2891.8559940999276,0.007739075474691123,0.02372382053557803,0.001301835322453245,0.02993032376638146,0.0028905141649046193,0.00013191759822916958,0.00523191584934987,,,,,,,,,,,
2895.717520880704,0.00772029083538506,0.023659946165118784,0.0012986597822111307,0.02982293091341388,0.0028827774819944582,0.00013164504283760464,0.005204922917764944,,,,,,,,,,,
2899.584204000212,0.007701551791017978,0.023596243770973253,0.0012954919879993021,0.029715923396233537,0.002875061506909637,0.00013137305057364743,0.00517806925033805,,,,,,,,,,,
2903.456050343774,0.0076828582309197094,0.023532712890109726,0.0012923319209230191,0.029609299832218765,0.002867366184224061,0.0001311016202738177,0.005151354128566026,,,,,,,,,,,
2907.333066805895,0.007664210044688763,0.02346935306074331,0.0012891795621336414,0.029503058843709105,0.0028596914586600047,0.0001308307507770396,0.005124776837652725,,,,,,,,,,,
2911.215260290289,0.007645607122191622,0.02340616382233243,0.0012860348928285046,0.02939719905798729,0.0028520372750876983,0.0001305604409246362,0.0050983366664898305,,,,,,,,,,,
2915.1026377098947,0.007627049353562042,0.02334314471557536,0.0012828978942508026,0.02929171910726122,0.0028444035785249134,0.00013029068956032402,0.005072032907637793,,,,,,,,,,,
2918.995205986872,0.007608536629200505,0.023280295282407167,0.0012797685476894905,0.029186617628646917,0.0028367903141366087,0.0001300214955302096,0.005045864857307,,,,,,,,,,,
2922.892972052635,0.007590068839773481,0.023217615065996036,0.0012766468344791592,0.029081893264150234,0.0028291974272344907,0.00012975285768278207,0.0050198318153388275,,,,,,,,,,,
2926.7959428478416,0.007571645876212857,0.02315510361074033,0.0012735327359999357,0.028977544660649952,0.0028216248632766654,0.00012948477486891116,0.004993933085187045,,,,,,,,,,,
2930.7041253224297,0.0075532676297152,0.023092760462264873,0.001270426233677357,0.02887357046987965,0.002814072567867202,0.00012921724594183986,0.004968167973899006,,,,,,,,,,,
2934.617526435606,0.007534933991741226,0.023030585167418082,0.0012673273089822792,0.02876996934841094,0.0028065404867557873,0.00012895026975718097,0.004942535792097302,,,,,,,,,,,
2938.5361531558806,0.007516644854015064,0.02296857727426822,0.0012642359434307455,0.02866673995763548,0.0027990285658372905,0.00012868384517291133,0.00491703585396112,,,,,,,,,,,
2942.4600124610583,0.00749840010852369,0.022906736332100542,0.0012611521185838968,0.0285638809637483,0.0027915367511514196,0.0001284179710493678,0.004891667477208086,,,,,,,,,,,
2946.389111338272,0.007480199647516204,0.022845061891413613,0.0012580758160478404,0.028461391037729895,0.0027840649888822896,0.00012815264624924132,0.004866429983075818,,,,,,,,,,,
2950.3234567839763,0.007462043363503289,0.022783553503916417,0.0012550070174735626,0.028359268855329686,0.0027766132253580745,0.000127887869637573,0.004841322696303938,,,,,,,,,,,
2954.263055803969,0.007443931149256532,0.022722210722524887,0.0012519457045568046,0.028257513097048607,0.002769181407050605,0.0001276236400817493,0.004816344945115905,,,,,,,,,,,
2958.2079154134103,0.007425862897807732,0.022661033101358568,0.00124889185903795,0.028156122448121865,0.0027617694805749664,0.00012735995645149554,0.004791496061201029,,,,,,,,,,,
2962.1580426368164,0.007407838502448416,0.022600020195737685,0.0012458454627019332,0.02805509559850248,0.002754377392689157,0.00012709681761887375,0.004766775379696678,,,,,,,,,,,
2966.113444508096,0.00738985785672903,0.022539171562179522,0.00124280649737811,0.0279544312428437,0.002747005090293657,0.00012683422245827528,0.004742182239170377,,,,,,,,,,,
2970.074128070538,0.007371920854458472,0.02247848675839563,0.0012397749449401694,0.02785412808048282,0.0027396525204310958,0.00012657216984641783,0.004717715981602227,,,,,,,,,,,
2974.040100376847,0.007354027389703328,0.022417965343288167,0.0012367507873060047,0.027754184815423744,0.002732319630285826,0.00012631065866233938,0.00469337595236718,,,,,,,,,,,
2978.0113684891353,0.007336177356787363,0.02235760687694709,0.0012337340064376297,0.027654600156320815,0.002725006367183581,0.0001260496877873944,0.004669161500217643,,,,,,,,,,,
2981.9879394789564,0.007318370650290809,0.022297410920646604,0.0012307245843410444,0.027555372816461535,0.0027177126785910654,0.00012578925610524816,0.004645071977265935,,,,,,,,,,,
2985.9698204272936,0.007300607165049815,0.02223737703684234,0.0012277225030661529,0.02745650151375057,0.0027104385121156137,0.00012552936250187288,0.004621106738967065,,,,,,,,,,,
2989.9570184245986,0.007282886796155733,0.02217750478916778,0.001224727744706634,0.02735798497069258,0.002703183815504771,0.0001252700058655419,0.00459726514410138,,,,,,,,,,,
2993.949540570779,0.007265209438954618,0.022117793742431474,0.0012217402913998548,0.02725982191437628,0.0026959485366459613,0.00012501118508682611,0.004573546554757513,,,,,,,,,,,
2997.9473939752343,0.007247574989046476,0.02205824346261349,0.001218760125326745,0.027162011076457403,0.0026887326235660713,0.0001247528990585879,0.004549950336315206,,,,,,,,,,,
3001.950585756849,0.007229983342284786,0.021998853516862638,0.0012157872287117063,0.027064551193142865,0.0026815360244311134,0.0001244951466759779,0.004526475857428427,,,,,,,,,,,
3005.959123044013,0.007212434394775792,0.0219396234734931,0.0012128215838225031,0.026967441005174186,0.0026743586875458375,0.00012423792683642908,0.00450312249000845,,,,,,,,,,,
3009.973012974644,0.007194928042877879,0.021880552901981216,0.001209863172970143,0.026870679257811014,0.0026672005613533442,0.0001239812384396522,0.004479889609206965,,,,,,,,,,,
3013.9922626961798,0.007177464183201053,0.02182164137296265,0.0012069119785087928,0.026774264700815408,0.002660061594434751,0.0001237250803876318,0.004456776593399524,,,,,,,,,,,
3018.0168793656126,0.007160042712606208,0.021762888458228907,0.0012039679828356534,0.026678196088435094,0.002652941735508781,0.0001234694515846206,0.00443378282416872,,,,,,,,,,,
3022.0468701494806,0.007142663528204661,0.02170429373072462,0.0012010311683908722,0.026582472179387986,0.0026458409334314367,0.00012321435093713565,0.00441090768628783,,,,,,,,,,,
3026.0822422239034,0.0071253265273573865,0.021645856764544013,0.0011981015176574217,0.02648709173684555,0.0026387591371955896,0.00012295977735395281,0.004388150567704168,,,,,,,,,,,
3030.123002774571,0.007108031607674553,0.021587577134928225,0.001195179013161011,0.0263920535284174,0.0026316962959306582,0.000122705729746103,0.004365510859522886,,,,,,,,,,,
3034.1691589967804,0.007090778667014799,0.02152945441826182,0.0011922636374699677,0.02629735632613476,0.0026246523589021978,0.0001224522070268665,0.004342987955990526,,,,,,,,,,,
3038.2207180954238,0.007073567603484732,0.02147148819207014,0.0011893553731951469,0.026202998906435248,0.00261762727551158,0.00012219920811176976,0.00432058125447894,,,,,,,,,,,
3042.2776872850277,0.007056398315438247,0.021413678035015773,0.0011864542029898116,0.026108980050146453,0.0026106209952955857,0.00012194673191857853,0.004298290155469055,,,,,,,,,,,
3046.340073789739,0.007039270701475994,0.021356023526895924,0.0011835601095495484,0.02601529854247075,0.002603633467926087,0.00012169477736729601,0.00427611406253494,,,,,,,,,,,
3050.407884843364,0.007022184660444692,0.02129852424863898,0.001180673075612144,0.025921953172969022,0.00259666464320964,0.00012144334338015569,0.004254052382327743,,,,,,,,,,,
3054.481127689359,0.007005140091436631,0.021241179782301754,0.0011777930839575006,0.025828942735545552,0.002589714471087165,0.0001211924288816184,0.004232104524559897,,,,,,,,,,,
3058.5598095808514,0.0069881368937890175,0.021183989711066383,0.0011749201174075228,0.025736266028432205,0.0025827829016335678,0.0001209420327983671,0.0042102699019893166,,,,,,,,,,,
3062.6439377806646,0.006971174967083373,0.021126953619237075,0.0011720541588260145,0.025643921854172705,0.0025758698850573687,0.000120692154059302,0.0041885479304035935,,,,,,,,,,,
3066.7335195613073,0.006954254211144992,0.021070071092237453,0.0011691951911185852,0.02555190901960764,0.0025689753717003773,0.00012044279159553677,0.004166938028604521,,,,,,,,,,,
3070.828562205011,0.006937374526042271,0.02101334171660717,0.0011663431972325341,0.025460226335858458,0.0025620993120372983,0.00012019394434039294,0.004145439618392375,,,,,,,,,,,
3074.9290730037205,0.0069205358120862205,0.020956765079999287,0.0011634981601567665,0.025368872618312728,0.0025552416566754148,0.00011994561122939687,0.004124052124550611,,,,,,,,,,,
3079.0350592591276,0.006903737969829763,0.020900340771176872,0.0011606600629216726,0.025277846686608242,0.0025484023563541913,0.00011969779120027284,0.004102774974830303,,,,,,,,,,,
3083.146528282664,0.006886980900067254,0.020844068380010395,0.001157828888599045,0.025187147364618318,0.0025415813619449647,0.00011945048319294132,0.004081607599935006,,,,,,,,,,,
3087.2634873955353,0.0068702645038338115,0.020787947497474393,0.0011550046203019624,0.025096773480436034,0.002534778624450549,0.000119203686149512,0.004060549433505351,,,,,,,,,,,
3091.385943928711,0.006853588682404798,0.02073197771564483,0.0011521872411847016,0.02500672386635967,0.0025279940950049167,0.00011895739901428088,0.004039599912104059,,,,,,,,,,,
3095.513905222964,0.006836953337295159,0.02067615862769583,0.001149376734442623,0.02491699735887707,0.00252122772487282,0.00011871162073372468,0.004018758475200701,,,,,,,,,,,
3099.6473786288534,0.0068203583702589315,0.020620489827897007,0.001146573083312087,0.024827592798651134,0.002514479465449474,0.00011846635025649732,0.003998024565156867,,,,,,,,,,,
3103.7863715067692,0.006803803683288591,0.020564970911610202,0.001143776271070336,0.024738509030504282,0.0025077492682601668,0.00011822158653342437,0.003977397627211076,,,,,,,,,,,
3107.93089122692,0.006787289178614519,0.02050960147528683,0.0011409862810354112,0.02464974490340405,0.002501037084959948,0.0001179773285174994,0.003956877109464087,,,,,,,,,,,
3112.0809451693535,0.0067708147587044135,0.020454381116464856,0.0011382030965660444,0.024561299270447978,0.002494342867333268,0.00011773357516387964,0.003936462462864044,,,,,,,,,,,
3116.236540723985,0.006754380326262668,0.020399309433765684,0.0011354267010615564,0.024473170988848606,0.0024876665672936117,0.00011749032542987989,0.003916153141191773,,,,,,,,,,,
3120.397685290582,0.006737985784229891,0.020344386026891575,0.0011326570779617677,0.02438535891991918,0.0024810081368831934,0.00011724757827497058,0.0038959486010462473,,,,,,,,,,,
3124.5643862788074,0.006721631035782217,0.02028961049662239,0.0011298942107468854,0.02429786192905835,0.00247436752827257,0.000117005332660771,0.0038758483018299515,,,,,,,,,,,
3128.7366511082055,0.0067053159843308684,0.020234982444813004,0.001127138082937423,0.024210678885736147,0.002467744693760337,0.00011676358755104644,0.0038558517057345138,,,,,,,,,,,
3132.9144872082393,0.006689040533521441,0.020180501474390142,0.0011243886780940816,0.024123808663478755,0.002461139585772746,0.0001165223419117027,0.0038359582777262196,,,,,,,,,,,
3137.0979020182817,0.006672804587233465,0.020126167189349745,0.0011216459798176715,0.024037250139854537,0.0024545521568634042,0.0001162815947107826,0.003816167485531792,,,,,,,,,,,
3141.286902987651,0.0066566080495797245,0.020071979194753804,0.001118909971748999,0.023951002196458952,0.0024479823597128923,0.00011604134491846058,0.0037964787996240547,,,,,,,,,,,
3145.4814975756003,0.006640450824905795,0.0200179370967278,0.0011161806375687804,0.02386506371890069,0.0024414301471284653,0.00011580159150703932,0.0037768916932078593,,,,,,,,,,,
3149.6816932513552,0.006624332817789391,0.01996404050245756,0.0011134579609975322,0.02377943359678672,0.0024348954720436735,0.00011556233345094436,0.003757405642205895,,,,,,,,,,,
3153.887497494103,0.0066082539330398786,0.01991028902018666,0.0011107419257954895,0.02369411072370847,0.002428378287518063,0.00011532356972672061,0.00373802012524476,,,,,,,,,,,
3158.098917793031,0.006592214075697625,0.01985668225921329,0.0011080325157624919,0.023609093997226983,0.0024218785467368005,0.000115085299313027,0.0037187346236409163,,,,,,,,,,,
3162.3159616473167,0.00657621315103353,0.019803219829887704,0.0011053297147379025,0.023524382318859175,0.0024153962030103713,0.00011484752119063333,0.0036995486213869063,,,,,,,,,,,
3166.538636566152,0.006560251064548415,0.01974990134360923,0.0011026335066005035,0.02343997459406342,0.002408931209774228,0.0001146102343424149,0.003680461605137488,,,,,,,,,,,
3170.7669500687643,0.006544327721972457,0.01969672641282339,0.0010999438752683978,0.02335586973222522,0.002402483520588443,0.00011437343775334827,0.0036614730641958844,,,,,,,,,,,
3175.0009096844096,0.0065284430292646784,0.019643694651019297,0.0010972608046989228,0.023272066646643563,0.0023960530891374075,0.00011413713041050757,0.0036425824905001905,,,,,,,,,,,
3179.240522952411,0.00651259689261232,0.019590805672726547,0.0010945842788885397,0.023188564254516354,0.002389639869229461,0.00011390131130305933,0.003623789378609692,,,,,,,,,,,
3183.4857974221454,0.006496789218430381,0.019538059093512746,0.001091914281872756,0.023105361476926958,0.002383243814796597,0.000113665979422259,0.003605093225691431,,,,,,,,,,,
3187.7367406530834,0.006481019913360959,0.019485454529980413,0.0010892507977260128,0.023022457238829758,0.002376864879894096,0.0001134311337614457,0.003586493531506662,,,,,,,,,,,
3191.9933602147776,0.006465288884272803,0.01943299159976447,0.001086593810561605,0.022939850469036738,0.002370503018700231,0.00011319677331603898,0.003567989798397557,,,,,,,,,,,
3196.2556636868994,0.006449596038260681,0.01938066992152917,0.0010839433045315744,0.02285754010020315,0.0023641581855159007,0.00011296289708353327,0.0035495815312738014,,,,,,,,,,,
3200.5236586592314,0.006433941282644898,0.01932848911496564,0.001081299263826626,0.02277552506881424,0.0023578303347643412,0.00011272950406349526,0.0035312682375994347,,,,,,,,,,,
3204.797352731701,0.006418324524970669,0.019276448800788784,0.0010786616726760204,0.02269380431517101,0.0023515194209907616,0.00011249659325755737,0.0035130494273795856,,,,,,,,,,,
3209.076753514376,0.006402745673007658,0.019224548600734852,0.001076030515347494,0.022612376783376936,0.002345225398862041,0.00011226416366941589,0.0034949246131474325,,,,,,,,,,,
3213.3618686274854,0.006387204634749389,0.01917278813755851,0.0010734057761471584,0.022531241421324132,0.0023389482231664024,0.00011203221430482511,0.003476893309951148,,,,,,,,,,,
3217.6527057014428,0.006371701318412689,0.019121167035030008,0.0010707874394194007,0.022450397180679624,0.0023326878488130662,0.00011180074417159332,0.0034589550353408514,,,,,,,,,,,
3221.949272376839,0.006356235632437197,0.01906968491793272,0.001068175489546804,0.022369843016872185,0.0023264442308319607,0.00011156975227957924,0.0034411093093558278,,,,,,,,,,,
3226.251576304479,0.006340807485484748,0.019018341412060123,0.0010655699109500406,0.022289577889078382,0.0023202173243733605,0.00011133923764068685,0.003423355654511544,,,,,,,,,,,
3230.559625145372,0.006325416786438927,0.018967136144213345,0.0010629706880877917,0.022209600760209555,0.0023140070847076023,0.00011110919926886211,0.0034056935957870148,,,,,,,,,,,
3234.87342657077,0.006310063444404423,0.01891606874219817,0.0010603778054566397,0.022129910596898027,0.0023078134672247282,0.00011087963618008769,0.0033881226606119535,,,,,,,,,,,
3239.192988262155,0.006294747368706622,0.018865138834822645,0.001057791247590993,0.02205050636948415,0.0023016364274341993,0.00011065054739238025,0.0033706423788542653,,,,,,,,,,,
3243.5183179112787,0.0062794684688909285,0.018814346051894047,0.0010552109990629764,0.021971387052002574,0.0022954759209645407,0.0001104219319257841,0.003353252282807332,,,,,,,,,,,
3247.849423220152,0.006264226654722361,0.018763690024216562,0.0010526370444823563,0.02189255162216944,0.0022893319035630607,0.00011019378880236947,0.003335951907177633,,,,,,,,,,,
3252.1863119010827,0.006249021836184907,0.018713170383588204,0.0010500693684964298,0.02181399906136869,0.002283204331095493,0.0001099661170462262,0.0033187407890721606,,,,,,,,,,,
3256.5289916766637,0.006233853923481092,0.018662786762798516,0.0010475079557899566,0.021735728354639407,0.002277093159545721,0.000109738915683461,0.003301618467986172,,,,,,,,,,,
3260.8774702798137,0.00621872282703137,0.018612538795625556,0.0010449527910850413,0.021657738490662225,0.0022709983450154196,0.00010951218374219231,0.003284584485790729,,,,,,,,,,,
3265.2317554537663,0.006203628457473644,0.01856242611683355,0.0010424038591410644,0.021580028461746663,0.002264919843723777,0.00010928592025254681,0.003267638386720565,,,,,,,,,,,
3269.5918549520957,0.00618857072566273,0.018512448362170055,0.0010398611447545814,0.02150259726381789,0.002258857612007162,0.00010906012424665549,0.0032507797173618215,,,,,,,,,,,
3273.9577765387394,0.006173549542669779,0.01846260516836325,0.0010373246327592279,0.021425443896403665,0.0022528116063188003,0.00010883479475864791,0.0032340080266399034,,,,,,,,,,,
3278.3295279879885,0.006158564819781844,0.018412896173119538,0.001034794308025642,0.021348567362621744,0.002246781783228492,0.0001086099308246506,0.0032173228658074764,,,,,,,,,,,
3282.7071170845284,0.006143616468501269,0.01836332101512061,0.0010322701554613578,0.021271966669166587,0.002240768099422262,0.00010838553148278016,0.0032007237884323814,,,,,,,,,,,
3287.0905516234266,0.006128704400545239,0.018313879334021156,0.0010297521600107352,0.021195640826296908,0.0022347705117020875,0.00010816159577314184,0.0031842103503857675,,,,,,,,,,,
3291.479839410172,0.006113828527845176,0.01826457077044588,0.001027240306654848,0.021119588847822522,0.0022287889769855513,0.00010793812273782316,0.003167782109830129,,,,,,,,,,,
3295.874988260665,0.006098988762546321,0.01821539496598724,0.0010247345804114143,0.021043809751092005,0.0022228234523055655,0.0001077151114208914,0.003151438627207575,,,,,,,,,,,
3300.276006001253,0.006084185017007105,0.018166351563202513,0.0010222349663346901,0.02096830255697956,0.0022168738948100306,0.00010749256086838842,0.003135179465227957,,,,,,,,,,,
3304.6829004687224,0.006069417203798732,0.018117440205611537,0.0010197414495153963,0.02089306628987278,0.002210940261761562,0.00010727047012832752,0.0031190041888572947,,,,,,,,,,,
3309.0956795103375,0.006054685235704587,0.018068660537693768,0.0010172540150806136,0.02081809997765966,0.002205022510537145,0.00010704883825068846,0.0031029123653060066,,,,,,,,,,,
3313.5143509838276,0.006039989025719782,0.018020012204886027,0.0010147726481937092,0.02074340265171644,0.0021991205986278697,0.00010682766428741426,0.003086903564017459,,,,,,,,,,,
3317.938922757428,0.006025328487050567,0.01797149485357962,0.0010122973340542356,0.020668973346894652,0.002193234483638584,0.0001066069472924062,0.0030709773566563172,,,,,,,,,,,
3322.3694027098695,0.0060107035331139,0.017923108131118012,0.0010098280578978512,0.020594811101509014,0.0021873641232876247,0.00010638668632152093,0.0030551333170972007,,,,,,,,,,,
3326.8057987304046,0.005996114077536891,0.0178748516857942,0.0010073648049962296,0.020520914957324894,0.0021815094754064975,0.00010616688043256549,0.003039371021413218,,,,,,,,,,,
3331.248118718831,0.005981560034156278,0.017826725166847978,0.0010049075606569642,0.020447283959545724,0.0021756704979395657,0.00010594752868529336,0.0030236900478646093,,,,,,,,,,,
3335.696370585479,0.005967041317017971,0.01777872822446369,0.0010024563102234967,0.020373917156801053,0.0021698471489437674,0.0001057286301414011,0.003008089976887529,,,,,,,,,,,
3340.1505622512586,0.005952557840376469,0.017730860509767375,0.0010000110390750109,0.020300813601133828,0.0021640393865882943,0.00010551018386452348,0.0029925703910827417,,,,,,,,,,,
3344.610701647641,0.005938109518694438,0.017683121674824557,0.0009975717326263624,0.020227972347988545,0.0021582471691543167,0.00010529218892023032,0.0029771308752045288,,,,,,,,,,,
3349.0767967167017,0.005923696266642134,0.01763551137263737,0.0009951383763279792,0.02015539245619867,0.0021524704550346502,0.00010507464437602165,0.002961771016149506,,,,,,,,,,,
3353.548855411109,0.005909317999096959,0.017588029257142368,0.0009927109556657847,0.02008307298797487,0.002146709202733494,0.00010485754930132453,0.0029464904029456425,,,,,,,,,,,
3358.026885694163,0.005894974631142889,0.017540674983207702,0.000990289456161099,0.02001101300889248,0.0021409633708660966,0.00010464090276748822,0.002931288626741191,,,,,,,,,,,
3362.510895539785,0.005880666078070056,0.017493448206630905,0.0009878738633705678,0.019939211587879833,0.0021352329181584914,0.00010442470384778144,0.0029161652807938227,,,,,,,,,,,
3367.0008929325563,0.00586639225537416,0.017446348584136122,0.00098546416288606,0.019867667797205845,0.00212951780344717,0.00010420895161738652,0.0029011199604596716,,,,,,,,,,,
3371.4968858677075,0.005852153078756052,0.01739937577337185,0.0009830603403345975,0.019796380712468423,0.0021238179856788164,0.00010399364515339771,0.002886152263182579,,,,,,,,,,,
3375.9988823511576,0.005837948464121169,0.01735252943290822,0.0009806623813782569,0.019725349412582117,0.002118133423909981,0.0001037787835348152,0.0028712617884832517,,,,,,,,,,,
3380.506890399507,0.005823778327579087,0.01730580922223472,0.000978270271714091,0.019654572979766544,0.0021124640773068147,0.00010356436584254255,0.0028564481379486062,,,,,,,,,,,
3385.02091804006,0.005809642585443006,0.01725921480175766,0.0009758839970740434,0.019584050499534437,0.002106809905144764,0.0001033503911593822,0.0028417109152210954,,,,,,,,,,,
3389.5409733108513,0.005795541154229221,0.01721274583279755,0.0009735035432248555,0.019513781060679636,0.0021011708668082648,0.00010313685857003134,0.0028270497259880473,,,,,,,,,,,
3394.0670642606333,0.005781473950656704,0.017166401977586915,0.0009711288959679954,0.019443763755265676,0.00209554692179048,0.00010292376716107869,0.0028124641779712174,,,,,,,,,,,
3398.599198948921,0.005767440891646542,0.01712018289926755,0.000968760041139557,0.01937399767861364,0.002089938029692976,0.00010271111602099961,0.002797953880916178,,,,,,,,,,,
3403.1373854459775,0.005753441894321502,0.017074088261888335,0.0009663969646101914,0.019304481929290903,0.0020843441502254654,0.00010249890424015365,0.0027835184465819923,,,,,,,,,,,
3407.6816318328556,0.005739476876005474,0.017028117730402567,0.0009640396522850102,0.019235215609099063,0.0020787652432054833,0.0001022871309107786,0.00276915748873071,,,,,,,,,,,
3412.2319462013857,0.005725545754223073,0.016982270970665736,0.0009616880901035108,0.01916619782306274,0.0020732012685581343,0.00010207579512698892,0.002754870623117146,,,,,,,,,,,
3416.788336654216,0.0057116484466990455,0.016936547649432854,0.0009593422640394819,0.019097427679417595,0.002067652186315769,0.00010186489598476991,0.002740657467478499,,,,,,,,,,,
3421.3508113048015,0.005697784871357906,0.01689094743435631,0.0009570021601009334,0.019028904289599243,0.002062117956617731,0.00010165443258197515,0.002726517641524208,,,,,,,,,,,
3425.919378277444,0.005683954946323323,0.016845469993983182,0.0009546677643299977,0.018960626768231348,0.002056598539710038,0.00010144440401832175,0.002712450766925701,,,,,,,,,,,
3430.4940457072853,0.0056701585899177395,0.016800114997753045,0.0009523390628028606,0.018892594233114537,0.0020510938959451244,0.00010123480939538722,0.0026984564673063383,,,,,,,,,,,
3435.0748217403275,0.005656395720661848,0.016754882115995486,0.0009500160416296709,0.01882480580521486,0.002045603985781544,0.0001010256478166053,0.0026845343682313128,,,,,,,,,,,
3439.661714533462,0.00564266625727408,0.016709771019927593,0.0009476986869544553,0.01875726060865225,0.0020401287697836747,0.00010081691838726167,0.002670684097197604,,,,,,,,,,,
3444.2547322544588,0.005628970118670194,0.01666478138165181,0.0009453869849550444,0.01868995777068961,0.002034668208621463,0.00010060862021449147,0.002656905283624084,,,,,,,,,,,
3448.8538830820075,0.0056153072239627354,0.016619912874153306,0.000943080921842978,0.018622896421721095,0.0020292222630701085,0.00010040075240727342,0.002643197558841506,,,,,,,,,,,
3453.459175205705,0.005601677492460608,0.016575165171297816,0.0009407804838634376,0.01855607569526129,0.0020237908940098155,0.00010019331407642834,0.0026295605560827462,,,,,,,,,,,
3458.0706168260976,0.005588080843668535,0.016530537947829035,0.0009384856572951486,0.018489494727933604,0.0020183740624254817,9.998630433461334e-05,0.0026159939104728816,,,,,,,,,,,
3462.6882161546687,0.00557451719728666,0.01648603087936652,0.0009361964284503135,0.018423152659459534,0.0020129717294064416,9.977972229631948e-05,0.002602497259019536,,,,,,,,,,,
3467.3119814138795,0.005560986473210008,0.01644164364240307,0.000933912783674518,0.018357048632647133,0.0020075838561461664,9.957356707786651e-05,0.00258907024060306,,,,,,,,,,,
3471.9419208371573,0.005547488591528064,0.016397375914302622,0.00093163470934666,0.018291181793380355,0.002002210403942011,9.936783779740129e-05,0.0025757124959669754,,,,,,,,,,,
3476.578042668938,0.0055340234725242375,0.016353227373297655,0.0009293621918788558,0.018225551290607572,0.001996851334194904,9.916253357489135e-05,0.0025624236677082566,,,,,,,,,,,
3481.220355164652,0.005520591036675474,0.016309197698487106,0.0009270952177163744,0.01816015627633103,0.0019915066084091036,9.895765353212322e-05,0.0025492034002678747,,,,,,,,,,,
3485.8688665907666,0.005507191204651697,0.016265286569833778,0.000924833773337541,0.018094995905595487,0.0019861761881918892,9.87531967926977e-05,0.0025360513399211772,,,,,,,,,,,
3490.5235852247783,0.005493823897315411,0.016221493668162265,0.0009225778452536693,0.018030069336477602,0.0019808600352533134,9.854916248202635e-05,0.0025229671347685185,,,,,,,,,,,
3495.184519355235,0.005480489035721225,0.016177818675156497,0.000920327420008975,0.017965375730074958,0.001975558111405914,9.834554972732789e-05,0.002509950434725792,,,,,,,,,,,
3499.8516772817643,0.005467186541115314,0.01613426127335734,0.0009180824841804932,0.017900914250495028,0.0019702703785644286,9.814235765762373e-05,0.002497000891515055,,,,,,,,,,,
3504.5250673150617,0.005453916334935062,0.016090821146160523,0.0009158430243780063,0.01783668406484476,0.00196499679874555,9.793958540373537e-05,0.0024841181586552578,,,,,,,,,,,
3509.2046977769346,0.005440678338808496,0.016047497977814105,0.0009136090272439523,0.017772684343219408,0.0019597373340676186,9.773723209827998e-05,0.0024713018914529145,,,,,,,,,,,
3513.8905770002875,0.0054274724745539136,0.016004291453416367,0.00091138047945336,0.017708914258692195,0.001954491946750385,9.753529687566697e-05,0.002458551746992941,,,,,,,,,,,
3518.582713329167,0.005414298664179347,0.015961201258913336,0.0009091573677137534,0.017645372987303228,0.001949260599114706,9.73337788720934e-05,0.0024458673841294184,,,,,,,,,,,
3523.281115118747,0.005401156829882164,0.01591822708109672,0.0009069396787650877,0.017582059708049273,0.0019440432535823041,9.713267722554241e-05,0.0024332484634765257,,,,,,,,,,,
3527.9857907353726,0.00538804689404854,0.015875368607601376,0.0009047273993796581,0.017518973602872735,0.0019388398726754678,9.693199107577675e-05,0.0024206946473994,,,,,,,,,,,
3532.696748556546,0.005374968779253081,0.015832625526903336,0.0009025205163620305,0.01745611385665148,0.0019336504190168137,9.673171956433733e-05,0.002408205600005161,,,,,,,,,,,
3537.413996970971,0.005361922408258276,0.015789997528317227,0.0009003190165489518,0.01739347965718791,0.0019284748553289857,9.653186183453851e-05,0.0023957809871338665,,,,,,,,,,,
3542.1375443785373,0.0053489077040141456,0.015747484301994307,0.000898122886809285,0.01733107019519887,0.001923313144434419,9.633241703146486e-05,0.002383420476349627,,,,,,,,,,,
3546.8673991903665,0.005335924589657673,0.01570508553891994,0.0008959321140439163,0.0172688846643048,0.0019181652492550416,9.61333843019667e-05,0.002371123736931656,,,,,,,,,,,
3551.603569828801,0.005322972988512443,0.01566280093091161,0.00089374668518569,0.017206922261019646,0.0019130311328120365,9.593476279465741e-05,0.0023588904398654685,,,,,,,,,,,
3556.3460647274283,0.005310052824088154,0.015620630170616523,0.0008915665871993237,0.01714518218474034,0.001907910758225562,9.573655165991006e-05,0.0023467202578340645,,,,,,,,,,,
3561.09489233111,0.0052971640200801294,0.015578572951509323,0.0008893918070813289,0.0170836636377363,0.0019028040887144775,9.553875004985195e-05,0.0023346128652091363,,,,,,,,,,,
3565.850061095968,0.005284306500368946,0.01553662896789008,0.0008872223318599409,0.017022365825139482,0.0018977110875961051,9.53413571183629e-05,0.0023225679380424157,,,,,,,,,,,
3570.6115794894317,0.00527148018901991,0.015494797914881793,0.0008850581485950306,0.016961287954933717,0.0018926317182859352,9.514437202107079e-05,0.0023105851540569464,,,,,,,,,,,
3575.3794559902217,0.00525868501028267,0.01545307948842847,0.0008828992443780404,0.01690042923794485,0.001887565944297395,9.49477939153482e-05,0.0022986641926385195,,,,,,,,,,,
3580.1536990883956,0.005245920888590696,0.01541147338529261,0.0008807456063318933,0.01683978888783015,0.0018825137292415558,9.475162196030809e-05,0.002286804734827035,,,,,,,,,,,
3584.9343172853323,0.005233187748560922,0.015369979303053295,0.0008785972216109293,0.016779366121068572,0.0018774750368269015,9.455585531680137e-05,0.0022750064633080287,,,,,,,,,,,
3589.721319093778,0.005220485514993222,0.015328596940103707,0.000876454077400818,0.01671916015695023,0.00187244983085904,9.436049314741254e-05,0.002263269062404121,,,,,,,,,,,
3594.514713037832,0.005207814112870028,0.015287325995649234,0.0008743161609184913,0.016659170217566677,0.0018674380752404652,9.416553461645644e-05,0.0022515922180666305,,,,,,,,,,,
3599.3145076529886,0.005195173467355823,0.015246166169704978,0.0008721834594120563,0.01659939552780049,0.0018624397339702802,9.397097888997399e-05,0.0022399756178671133,,,,,,,,,,,
3604.120711486127,0.0051825635037967745,0.015205117163093855,0.0008700559601607327,0.016539835315315624,0.00185745477114396,9.377682513572969e-05,0.0022284189509890603,,,,,,,,,,,
3608.9333330955537,0.005169984147720209,0.015164178677444167,0.0008679336504747626,0.016480488810547075,0.0018524831509530654,9.358307252320736e-05,0.0022169219082195236,,,,,,,,,,,
3613.7523810509906,0.005157435324834248,0.015123350415187645,0.0008658165176953472,0.016421355246691246,0.0018475248376850128,9.338972022360674e-05,0.0022054841819408927,,,,,,,,,,,
3618.5778639336036,0.005144916961027348,0.015082632079557214,0.0008637045491945654,0.016362433859695904,0.0018425797957228067,9.319676740983997e-05,0.0021941054661226505,,,,,,,,,,,
3623.4097903360293,0.005132428982367809,0.015042023374584709,0.0008615977323752961,0.01630372388825016,0.0018376479895447708,9.300421325652803e-05,0.0021827854563131422,,,,,,,,,,,
3628.248168862362,0.005119971315103427,0.01500152400509896,0.000859496054671151,0.016245224573774978,0.0018327293837243212,9.281205693999741e-05,0.00217152384963151,,,,,,,,,,,
3633.0930081282,0.00510754388566097,0.014961133676723396,0.0008573995035463881,0.016186935160412988,0.0018278239429296804,9.262029763827582e-05,0.0021603203447594995,,,,,,,,,,,
3637.9443167606323,0.005095146620645826,0.01492085209587417,0.0008553080664958508,0.016128854895019095,0.0018229316319236545,9.24289345310898e-05,0.0021491746419334866,,,,,,,,,,,
3642.8021033982814,0.0050827794468415,0.01488067896975774,0.0008532217310448791,0.01607098302715037,0.0018180524155633495,9.223796679986055e-05,0.0021380864429363677,,,,,,,,,,,
3647.6663766912907,0.00507044229120924,0.01484061400636902,0.0008511404847492492,0.016013318809056723,0.0018131862587999492,9.204739362770062e-05,0.002127055451089671,,,,,,,,,,,
3652.53714530137,0.005058135080887541,0.014800656914488996,0.0008490643151950844,0.015955861495670905,0.0018083331266784328,9.185721419940965e-05,0.0021160813712455266,,,,,,,,,,,
3657.4144179017785,0.005045857743191788,0.01476080740368285,0.0008469932099987983,0.015898610344599197,0.0018034929843373548,9.166742770147285e-05,0.0021051639097788614,,,,,,,,,,,
3662.298203177373,0.005033610205613748,0.014721065184297643,0.000844927156807002,0.01584156461611148,0.0017986657970085638,9.147803332205495e-05,0.002094302774579453,,,,,,,,,,,
3667.188509824592,0.005021392395821238,0.014681429967460392,0.0008428661432964482,0.015784723573132046,0.0017938515300169832,9.128903025099875e-05,0.0020834976750442004,,,,,,,,,,,
3672.085346551502,0.005009204241657587,0.014641901465075774,0.0008408101571739419,0.015728086481229708,0.0017890501487803315,9.110041767982073e-05,0.0020727483220692646,,,,,,,,,,,
3676.9887220777855,0.004997045671141299,0.014602479389824216,0.0008387591861762803,0.015671652608608613,0.0017842616188089011,9.09121948017078e-05,0.0020620544280424086,,,,,,,,,,,
3681.8986451347682,0.0049849166124656,0.014563163455159752,0.0008367132180701737,0.015615421226098667,0.0017794859057052982,9.072436081151397e-05,0.0020514157068352587,,,,,,,,,,,
3686.815124465447,0.004972816993997968,0.014523953375307805,0.0008346722406521669,0.015559391607145968,0.0017747229751641856,9.053691490575608e-05,0.0020408318737956434,,,,,,,,,,,
3691.7381688244777,0.00496074674427981,0.01448484886526335,0.0008326362417485816,0.015503563027803738,0.0017699727929720616,9.03498562826123e-05,0.002030302645740015,,,,,,,,,,,
3696.6677869782225,0.004948705792025923,0.014445849640788587,0.0008306052092154257,0.015447934766722623,0.0017652353250069844,9.016318414191618e-05,0.002019827740945827,,,,,,,,,,,
3701.6039877047324,0.004936694066124177,0.01440695541841114,0.0008285791309383364,0.015392506105141706,0.0017605105372383576,8.997689768515538e-05,0.0020094068791440415,,,,,,,,,,,
3706.5467797937968,0.004924711495635007,0.014368165915421722,0.0008265579948324954,0.015337276326878872,0.0017557983957266555,8.979099611546653e-05,0.0019990397815115852,,,,,,,,,,,
3711.496172046926,0.004912758009791074,0.014329480849872336,0.0008245417888425686,0.015282244718321914,0.0017510988666232079,8.960547863763385e-05,0.0019887261706639354,,,,,,,,,,,
3716.4521732773983,0.004900833537996781,0.014290899940573995,0.0008225305009426219,0.015227410568418974,0.0017464119161699299,8.942034445808333e-05,0.0019784657706476477,,,,,,,,,,,
3721.4147923102455,0.004888938009827909,0.014252422907094896,0.0008205241191360618,0.01517277316866967,0.0017417375106991062,8.92355927848813e-05,0.0019682583069330324,,,,,,,,,,,
3726.384037982299,0.004877071355031143,0.014214049469758183,0.0008185226314555536,0.01511833181311562,0.0017370756166331237,8.90512228277301e-05,0.001958103506406738,,,,,,,,,,,
3731.3599191421786,0.004865233503523717,0.014175779349640066,0.0008165260259629563,0.015064085798331621,0.0017324262004842475,8.886723379796494e-05,0.001948001097364513,,,,,,,,,,,
3736.342444650319,0.00485342438539297,0.014137612268567747,0.0008145342907492509,0.015010034423416417,0.0017277892288543805,8.868362490855062e-05,0.0019379508095038976,,,,,,,,,,,
3741.3316233789988,0.004841643930895922,0.014099547949117285,0.0008125474139344624,0.014956176989983541,0.0017231646684348057,8.850039537407739e-05,0.0019279523739169832,,,,,,,,,,,
3746.3274642123283,0.004829892070458899,0.01406158611461182,0.000810565383667601,0.014902512802152565,0.0017185524860059739,8.831754441075941e-05,0.0019180055230832557,,,,,,,,,,,
3751.3299760462955,0.004818168734677067,0.014023726489119284,0.0008085881881265786,0.014849041166539763,0.001713952648437236,8.813507123642902e-05,0.0019081099908623922,,,,,,,,,,,
3756.3391677887525,0.004806473854314092,0.013985968797450652,0.0008066158155181496,0.014795761392249522,0.0017093651226866339,8.795297507053533e-05,0.001898265512487186,,,,,,,,,,,
3761.3550483594618,0.004794807360301656,0.013948312765157712,0.000804648254077832,0.014742672790865063,0.0017047898758006353,8.777125513413993e-05,0.001888471824556416,,,,,,,,,,,
3766.377626690081,0.00478316918373912,0.013910758118531284,0.0008026854920698441,0.014689774676439867,0.0017002268749139236,8.758991064991397e-05,0.0018787286650278454,,,,,,,,,,,
3771.4069117242093,0.004771559255893059,0.013873304584599034,0.0008007275177870258,0.01463706636548849,0.0016956760872491356,8.740894084213411e-05,0.0018690357732111644,,,,,,,,,,,
3776.442912417373,0.004759977508196908,0.01383595189112368,0.0007987743195507803,0.01458454717697807,0.0016911374801166525,8.722834493668028e-05,0.001859392889761061,,,,,,,,,,,
3781.4856377370725,0.004748423872250492,0.0137986997666008,0.0007968258857109919,0.014532216432319193,0.0016866110209143386,8.704812216103161e-05,0.0018497997566702359,,,,,,,,,,,
3786.535096662767,0.004736898279819697,0.013761547940257099,0.0007948822046459682,0.014480073455357456,0.0016820966771273335,8.686827174426356e-05,0.0018402561172625456,,,,,,,,,,,
3791.591298185922,0.004725400662836004,0.013724496142048188,0.0007929432647623614,0.01442811757236438,0.0016775944163277918,8.668879291704365e-05,0.0018307617161860885,,,,,,,,,,,
3796.654251309997,0.004713930953396129,0.013687544102656858,0.0007910090544951057,0.014376348112029029,0.0016731042061746742,8.650968491163001e-05,0.0018213162994064102,,,,,,,,,,,
3801.723965050475,0.004702489083761609,0.013650691553490994,0.0007890795623073462,0.014324764405449183,0.0016686260144135043,8.633094696186646e-05,0.0018119196141996995,,,,,,,,,,,
3806.800448434887,0.004691074986358373,0.013613938226681561,0.0007871547766903653,0.014273365786122599,0.0016641598088761277,8.615257830317943e-05,0.0018025714091459892,,,,,,,,,,,
3811.8837105028056,0.0046796885937764035,0.013577283855080849,0.0007852346861635243,0.01422215158993866,0.001659705557480503,8.597457817257556e-05,0.0017932714341224955,,,,,,,,,,,
3816.9737603058884,0.004668329838769263,0.013540728172260326,0.0007833192792741828,0.014171121155169475,0.0016552632282304464,8.579694580863777e-05,0.0017840194402968517,,,,,,,,,,,
3822.0706069078637,0.004656998654253789,0.013504270912508887,0.000781408544597642,0.014120273822461659,0.0016508327892154272,8.561968045152224e-05,0.0017748151801205247,,,,,,,,,,,
3827.1742593845793,0.004645694973309595,0.01346791181083073,0.0007795024707370675,0.014069608934827503,0.0016464142086103125,8.544278134295466e-05,0.0017656584073221175,,,,,,,,,,,
3832.2847268239857,0.004634418729178769,0.013431650602943638,0.0007776010463234288,0.014019125837636781,0.0016420074546751654,8.526624772622782e-05,0.0017565488769008528,,,,,,,,,,,
3837.402018326185,0.0046231698552654,0.013395487025276839,0.0007757042600154218,0.013968823878607976,0.0016376124957549895,8.509007884619779e-05,0.0017474863451199458,,,,,,,,,,,
3842.526143003414,0.0046119482851352525,0.013359420814969332,0.0007738121004994138,0.01391870240780019,0.001633229300279529,8.491427394928106e-05,0.0017384705695001523,,,,,,,,,,,
3847.657109980094,0.004600753952515321,0.013323451709867712,0.0007719245564893626,0.013868760777604416,0.0016288578367630153,8.473883228345036e-05,0.001729501308813219,,,,,,,,,,,
3852.7949283928137,0.004589586791293484,0.013287579448524524,0.0007700416167267613,0.013818998342735485,0.0016244980738039665,8.456375309823343e-05,0.00172057832307548,,,,,,,,,,,
3857.939607390379,0.004578446735518059,0.013251803770196116,0.0007681632699805619,0.013769414460223409,0.0016201499800849366,8.438903564470734e-05,0.0017117013735413915,,,,,,,,,,,
3863.0911561337984,0.00456733371939747,0.013216124414840972,0.0007662895050471143,0.013720008489405364,0.0016158135243723127,8.42146791754972e-05,0.001702870222697182,,,,,,,,,,,
3868.249583796315,0.004556247677299832,0.01318054112311769,0.0007644203107500982,0.01367077979191728,0.0016114886755160826,8.404068294477212e-05,0.00169408463425448,,,,,,,,,,,
3873.414899563432,0.004545188543752546,0.013145053636383054,0.0007625556759404505,0.013621727731685488,0.0016071754024495953,8.386704620824215e-05,0.0016853443731439752,,,,,,,,,,,
3878.5871126329025,0.004534156253441959,0.013109661696690323,0.00076069558949631,0.013572851674918764,0.0016028736741893694,8.36937682231553e-05,0.0016766492055091738,,,,,,,,,,,
3883.766232214778,0.004523150741212916,0.013074365046787167,0.000758840040322939,0.013524150990099825,0.0015985834598348386,8.352084824829348e-05,0.0016679988987000811,,,,,,,,,,,
3888.9522675313906,0.0045121719420684455,0.013039163430113972,0.000756989017352668,0.013475625047977492,0.001594304728568158,8.334828554397128e-05,0.0016593932212670439,,,,,,,,,,,
3894.145227817405,0.004501219791169304,0.01300405659080179,0.0007551425095448211,0.013427273221558253,0.001590037449653955,8.317607937203032e-05,0.0016508319429544888,,,,,,,,,,,
3899.3451223198,0.004490294223833661,0.012969044273670684,0.0007533005058856572,0.013379094886098453,0.0015857815924391365,8.3004228995838e-05,0.0016423148346948297,,,,,,,,,,,
3904.551960297918,0.004479395175536662,0.012934126224227656,0.0007514629953882957,0.013331089419095922,0.0015815371263526413,8.283273368028357e-05,0.0016338416686022717,,,,,,,,,,,
3909.7657510234494,0.004468522581910093,0.012899302188665036,0.0007496299670926621,0.01328325620028224,0.0015773040209052468,8.266159269177519e-05,0.0016254122179667802,,,,,,,,,,,
3914.9865037804825,0.004457676378741943,0.012864571913858381,0.0007478014100654102,0.01323559461161443,0.0015730822456893247,8.249080529823626e-05,0.0016170262572479486,,,,,,,,,,,
3920.2142278654846,0.004446856501976095,0.012829935147364878,0.0007459773133998692,0.013188104037267254,0.0015688717703786477,8.232037076910316e-05,0.0016086835620690294,,,,,,,,,,,
3925.4489325873546,0.004436062887711887,0.012795391637421279,0.0007441576662159685,0.013140783863624956,0.001564672564728146,8.215028837532159e-05,0.0016003839092108662,,,,,,,,,,,
3930.6906272674087,0.004425295472203774,0.012760941132942292,0.0007423424576601794,0.01309363347927361,0.0015604845985737127,8.198055738934351e-05,0.0015921270766059792,,,,,,,,,,,
3935.93932123941,0.004414554191860941,0.012726583383518626,0.0007405316769054488,0.013046652274993105,0.0015563078418319779,8.181117708512425e-05,0.0015839128433325902,,,,,,,,,,,
3941.1950238495974,0.004403838983246897,0.012692318139415126,0.0007387253131511291,0.01299983964374916,0.0015521422645000818,8.164214673811855e-05,0.0015757409896087066,,,,,,,,,,,
3946.4577444566735,0.004393149783079164,0.012658145151569133,0.0007369233556229249,0.012953194980685735,0.0015479878366554828,8.147346562527931e-05,0.0015676112967862724,,,,,,,,,,,
3951.7274924318535,0.004382486528228823,0.012624064171588454,0.0007351257935728157,0.012906717683116917,0.0015438445284557166,8.130513302505214e-05,0.0015595235473452795,,,,,,,,,,,
3957.004277158852,0.004371849155720237,0.012590074951749798,0.0007333326162790045,0.012860407150519438,0.001539712310138207,8.113714821737413e-05,0.0015514775248879856,,,,,,,,,,,
3962.2881080339266,0.004361237602730573,0.012556177244996724,0.0007315438130458433,0.012814262784524631,0.001535591152020027,8.096951048366995e-05,0.0015434730141330873,,,,,,,,,,,
3967.578994465868,0.00435065180658953,0.012522370804938078,0.0007297593732037777,0.012768283988910967,0.0015314810244977108,8.080221910684904e-05,0.0015355098009099963,,,,,,,,,,,
3972.876945876047,0.004340091704778883,0.012488655385845983,0.0007279792861092743,0.012722470169596068,0.0015273818980470165,8.063527337130197e-05,0.0015275876721530725,,,,,,,,,,,
3978.181971698397,0.004329557234932186,0.012455030742654288,0.0007262035411447681,0.012676820734629328,0.0015232937432227377,8.04686725628983e-05,0.0015197064158959603,,,,,,,,,,,
3983.4940813794656,0.004319048334834353,0.012421496630956538,0.0007244321277185873,0.012631335094183982,0.0015192165306584687,8.030241596898291e-05,0.0015118658212658798,,,,,,,,,,,
3988.813284378403,0.004308564942421317,0.012388052807004406,0.0007226650352649007,0.012586012660549714,0.001515150231066414,8.013650287837309e-05,0.0015040656784780155,,,,,,,,,,,
3994.139590166989,0.0042981069957796665,0.012354699027705836,0.0007209022532436493,0.012540852848124978,0.0015110948152371698,7.997093258135552e-05,0.0014963057788298974,,,,,,,,,,,
3999.4730082296646,0.004287674433146237,0.012321435050623195,0.000719143771140482,0.012495855073409307,0.0015070502540395034,7.98057043696832e-05,0.0014885859146957859,,,,,,,,,,,
4004.8135480635183,0.004277267192907812,0.01228826063397171,0.0007173895784666989,0.012451018754996032,0.0015030165184201669,7.964081753657261e-05,0.0014809058795211714,,,,,,,,,,,
4010.161219178337,0.004266885213600703,0.012255175536617478,0.0007156396647591799,0.012406343313564496,0.0014989935794036632,7.947627137670005e-05,0.0014732654678171876,,,,,,,,,,,
4015.5160310965894,0.004256528433910431,0.012222179518075933,0.0007138940195803331,0.012361828171872832,0.0014949814080920645,7.931206518619955e-05,0.0014656644751551717,,,,,,,,,,,
4020.877993353476,0.004246196792671311,0.012189272338509883,0.0007121526325180209,0.012317472754750227,0.001490979975664773,7.914819826265927e-05,0.001458102698161142,,,,,,,,,,,
4026.2471154969144,0.004235890228866159,0.012156453758728003,0.00071041549318551,0.012273276489089782,0.001486989253378349,7.898466990511875e-05,0.0014505799345104,,,,,,,,,,,
4031.6234070875867,0.004225608681625853,0.012123723540182846,0.0007086825912213961,0.012229238803840824,0.0014830092125662725,7.882147941406533e-05,0.00144309598292208,,,,,,,,,,,
4037.006877698926,0.004215352090229065,0.012091081444969344,0.0007069539162895579,0.0121853591300018,0.001479039824638764,7.865862609143208e-05,0.0014356506431537984,,,,,,,,,,,
4042.397536917164,0.004205120394101804,0.012058527235822864,0.0007052294580790783,0.012141636900612643,0.001475081061082555,7.849610924059422e-05,0.001428243715996261,,,,,,,,,,,
4047.7953943413186,0.004194913532817145,0.012026060676117688,0.0007035092063041983,0.012098071550747738,0.0014711328934607067,7.83339281663664e-05,0.0014208750032679688,,,,,,,,,,,
4053.2004595832404,0.004184731446094802,0.011993681529865102,0.0007017931507042427,0.01205466251750834,0.0014671952934123813,7.817208217499893e-05,0.001413544307809879,,,,,,,,,,,
4058.6127422676022,0.004174574073800829,0.011961389561711836,0.0007000812810435695,0.012011409240015543,0.0014632682326526612,7.801057057417651e-05,0.0014062514334801598,,,,,,,,,,,
4064.03225203193,0.004164441355947233,0.011929184536938291,0.000698373587111504,0.011968311159402922,0.0014593516829723345,7.784939267301369e-05,0.0013989961851489361,,,,,,,,,,,
4069.4589985266307,0.004154333232691617,0.011897066221456754,0.0006966700587222734,0.011925367718809214,0.001455445616237685,7.768854778205217e-05,0.0013917783686930405,,,,,,,,,,,
4074.89299141498,0.004144249644336857,0.011865034381809882,0.0006949706857149587,0.011882578363371369,0.0014515500043903104,7.752803521325864e-05,0.0013845977909908698,,,,,,,,,,,
4080.3342403731754,0.004134190531330698,0.011833088785168788,0.0006932754579534184,0.011839942540217105,0.001447664819446897,7.736785428002113e-05,0.0013774542599171615,,,,,,,,,,,
4085.7827550903166,0.004124155834265461,0.011801229199331558,0.000691584365326242,0.011797459698458029,0.0014437900334990422,7.720800429714647e-05,0.0013703475843379101,,,,,,,,,,,
4091.2385452684603,0.004114145493877648,0.011769455392721362,0.0006898973977466782,0.01175512928918225,0.0014399256187130308,7.704848458085655e-05,0.001363277574105196,,,,,,,,,,,
4096.701620622599,0.0041041594510476224,0.011737767134384966,0.0006882145451525858,0.011712950765447564,0.0014360715473296583,7.688929444878706e-05,0.0013562440400521545,,,,,,,,,,,
4102.171990880717,0.004094197646799223,0.011706164193990879,0.0006865357975063619,0.01167092358227412,0.0014322277916640081,7.673043321998252e-05,0.0013492467939878582,,,,,,,,,,,
4107.64966578377,0.004084260022299465,0.01167464634182783,0.0006848611447948936,0.01162904719663763,0.0014283943241052764,7.657190021489492e-05,0.0013422856486923378,,,,,,,,,,,
4113.134655085738,0.004074346518858139,0.011643213348802946,0.0006831905770294888,0.011587321067462096,0.0014245711171165499,7.641369475538014e-05,0.001335360417911517,,,,,,,,,,,
4118.62696855361,0.004064457077927515,0.011611864986440248,0.0006815240842458245,0.011545744655613088,0.0014207581432346315,7.625581616469534e-05,0.0013284709163522846,,,,,,,,,,,
4124.126615967432,0.004054591641101953,0.011580601026878837,0.0006798616565038783,0.011504317423890516,0.0014169553750698202,7.609826376749542e-05,0.001321616959677481,,,,,,,,,,,
4129.633607120298,0.004044750150117594,0.01154942124287136,0.0006782032838878786,0.011463038837021903,0.001413162785305734,7.594103688983108e-05,0.0013147983645010164,,,,,,,,,,,
4135.147951818378,0.004034932546852,0.01151832540778232,0.0006765489565062412,0.011421908361655391,0.0014093803466991052,7.578413485914533e-05,0.0013080149483829357,,,,,,,,,,,
4140.66965988095,0.004025138773323786,0.011487313295586337,0.0006748986644915058,0.011380925466352726,0.0014056080320795769,7.562755700427071e-05,0.0013012665298245327,,,,,,,,,,,
4146.198741140386,0.0040153687716923325,0.01145638468086668,0.0006732523980002868,0.011340089621582648,0.001401845814349526,7.547130265542668e-05,0.0012945529282635203,,,,,,,,,,,
4151.735205442205,0.004005622484257392,0.011425539338813458,0.0006716101472132056,0.011299400299713776,0.0013980936664838481,7.531537114421586e-05,0.001287873964069167,,,,,,,,,,,
4157.279062645055,0.00399589985345879,0.011394777045222133,0.0006699719023348396,0.011258856975008048,0.001394351561529784,7.515976180362297e-05,0.0012812294585375233,,,,,,,,,,,
4162.830322620765,0.0039862008218760365,0.011364097576491733,0.0006683376535936548,0.011218459123613665,0.001390619472606705,7.500447396800974e-05,0.0012746192338866074,,,,,,,,,,,
4168.38899525433,0.003976525332228048,0.0113335007096234,0.0006667073912419582,0.011178206223558588,0.0013868973729059425,7.48495069731138e-05,0.0012680431132516816,,,,,,,,,,,
4173.955090443963,0.0039668733273727375,0.011302986222218607,0.0006650811055558291,0.011138097754743548,0.001383185235690568,7.46948601560451e-05,0.0012615009206804867,,,,,,,,,,,
4179.528618101072,0.003957244750306764,0.01127255389247769,0.0006634587868350706,0.01109813319893556,0.0013794830342952328,7.45405328552833e-05,0.001254992481128567,,,,,,,,,,,
4185.109588150323,0.003947639544165102,0.011242203499198074,0.000661840425403144,0.011058312039760976,0.0013757907421259464,7.438652441067435e-05,0.001248517620454554,,,,,,,,,,,
4190.698010529614,0.003938057652220785,0.011211934821772851,0.0006602260116071176,0.011018633762699077,0.0013721083326599104,7.423283416342868e-05,0.0012420761654155438,,,,,,,,,,,
4196.293895190131,0.003928499017884508,0.011181747640188972,0.0006586155358176013,0.010979097855075174,0.0013684357794453061,7.407946145611764e-05,0.0012356679436624175,,,,,,,,,,,
4201.897252096333,0.003918963584704346,0.011151641735025848,0.0006570089884286979,0.010939703806054189,0.0013647730561011234,7.392640563267091e-05,0.0012292927837352745,,,,,,,,,,,
4207.50809122599,0.00390945129636539,0.01112161688745364,0.0006554063598579415,0.010900451106633974,0.0013611201363169622,7.377366603837365e-05,0.0012229505150588187,,,,,,,,,,,
4213.126422570203,0.003899962096689411,0.011091672879231627,0.0006538076405462366,0.01086133924963863,0.001357476993852837,7.362124201986379e-05,0.0012166409679377904,,,,,,,,,,,
4218.7522561334,0.0038904959296345585,0.011061809492706772,0.0006522128209578096,0.01082236772971218,0.0013538436025390059,7.346913292512928e-05,0.001210363973552451,,,,,,,,,,,
4224.385601933383,0.0038810527392949814,0.011032026510811971,0.0006506218915801441,0.010783536043311797,0.0013502199362757617,7.331733810350472e-05,0.001204119363954035,,,,,,,,,,,
4230.026470001317,0.0038716324699005528,0.011002323717064633,0.0006490348429239307,0.010744843688701527,0.0013466059690332658,7.316585690566959e-05,0.0011979069720602872,,,,,,,,,,,
4235.674870381774,0.003862235065816495,0.010972700895564938,0.0006474516655230023,0.010706290165945568,0.0013430016748513399,7.301468868364469e-05,0.0011917266316509624,,,,,,,,,,,
4241.330813132727,0.0038528604715430885,0.010943157830994454,0.0006458723499342878,0.010667874976902064,0.0013394070278393002,7.28638327907898e-05,0.001185578177363407,,,,,,,,,,,
4246.994308325592,0.0038435086317152975,0.010913694308614377,0.0006442968867377451,0.01062959762521642,0.0013358220021757517,7.271328858180015e-05,0.0011794614446881055,,,,,,,,,,,
4252.665366045219,0.0038341794911025033,0.010884310114264176,0.000642725266536315,0.010591457616315124,0.0013322465721084219,7.256305541270524e-05,0.001173376269964308,,,,,,,,,,,
4258.343996389942,0.003824872994608113,0.010855005034359821,0.0006411574799558567,0.010553454457399119,0.0013286807119539563,7.241313264086406e-05,0.001167322490375622,,,,,,,,,,,
4264.03020947156,0.003815589087269294,0.010825778855892436,0.0006395935176450991,0.010515587657437677,0.0013251243960977542,7.22635196249641e-05,0.0011612999439456853,,,,,,,,,,,
4269.724015415392,0.0038063277142566044,0.010796631366426557,0.0006380333702755769,0.010477856727161828,0.0013215775989937637,7.211421572501714e-05,0.0011553084695338034,,,,,,,,,,,
4275.425424360266,0.003797088820873696,0.01076756235409877,0.0006364770285415834,0.010440261179058222,0.0013180402951643172,7.19652203023581e-05,0.0011493479068306613,,,,,,,,,,,
4281.134446458549,0.0037878723525569874,0.010738571607616067,0.0006349244831601108,0.010402800527362761,0.0013145124591999395,7.181653271964103e-05,0.00114341809635403,,,,,,,,,,,
4286.851091876174,0.0037786782548753124,0.010709658916254269,0.0006333757248707919,0.010365474288054219,0.001310994065759158,7.16681523408365e-05,0.0011375188794444755,,,,,,,,,,,
4292.575370792635,0.003769506473529651,0.010680824069856638,0.0006318307444358522,0.0103282819788482,0.0013074850895683397,7.152007853122962e-05,0.0011316500982611556,,,,,,,,,,,
4298.307293401034,0.00376035695435276,0.010652066858832177,0.0006302895326400474,0.01029122311919069,0.0013039855054214867,7.137231065741675e-05,0.0011258115957775512,,,,,,,,,,,
4304.046869908068,0.003751229643308892,0.010623387074154297,0.0006287520802906154,0.010254297230252053,0.0013004952881800786,7.122484808730307e-05,0.0011200032157773095,,,,,,,,,,,
4309.794110534081,0.0037421244864934322,0.01059478450735909,0.000627218378217213,0.010217503834920616,0.0012970144127728688,7.107769019009913e-05,0.00111422480285002,,,,,,,,,,,
4315.549025513043,0.003733041430132636,0.010566258950544015,0.0006256884172718712,0.010180842457796756,0.001293542854195727,7.093083633631982e-05,0.0011084762023871003,,,,,,,,,,,
4321.3116250926105,0.003723980420583245,0.010537810196366196,0.0006241621883289305,0.010144312625186514,0.0012900805875114372,7.078428589777955e-05,0.0011027572605776153,,,,,,,,,,,
4327.081919534107,0.00371494140433225,0.010509438038041111,0.0006226396822849957,0.0101079138650957,0.0012866275878495406,7.063803824759122e-05,0.001097067824404206,,,,,,,,,,,
4332.859919112573,0.0037059243279964882,0.010481142269340894,0.0006211208900588742,0.010071645707223567,0.001283183830406137,7.049209276016281e-05,0.0010914077416389516,,,,,,,,,,,
4338.645634116758,0.003696929138322397,0.01045292268459299,0.0006196058025915269,0.010035507682956942,0.0012797492904437198,7.034644881119483e-05,0.001085776860839335,,,,,,,,,,,
4344.439074849149,0.0036879557821856753,0.010424779078678604,0.0006180944108460129,0.009999499325364076,0.0012763239432909976,7.020110577767778e-05,0.00108017503134417,,,,,,,,,,,
4350.240251626004,0.003679004206590939,0.010396711247031138,0.0006165867058074311,0.00996362016918855,0.001272907764342705,7.005606303788884e-05,0.0010746021032695648,,,,,,,,,,,
4356.049174777338,0.003670074358671479,0.01036871898563487,0.0006150826784828752,0.009927869750843405,0.0012695007290594446,6.99113199713907e-05,0.0010690579275049344,,,,,,,,,,,
4361.865854646979,0.003661166185688866,0.010340802091023275,0.0006135823199013704,0.009892247608404995,0.0012661028129674903,6.976687595902691e-05,0.0010635423557089842,,,,,,,,,,,
4367.690301592547,0.003652279635032713,0.010312960360277732,0.0006120856211138285,0.009856753281607216,0.001262713991658632,6.96227303829209e-05,0.0010580552403057675,,,,,,,,,,,
4373.522525985514,0.0036434146542203014,0.010285193591025874,0.0006105925731929879,0.009821386311835292,0.0012593342407899804,6.94788826264725e-05,0.001052596434480709,,,,,,,,,,,
4379.36253821118,0.0036345711908963275,0.010257501581440301,0.0006091031672333662,0.009786146242120151,0.001255963536083811,6.933533207435566e-05,0.001047165792176709,,,,,,,,,,,
4385.210348668732,0.0036257491928325483,0.01022988413023692,0.0006076173943511993,0.009751032617132253,0.0012526018533273711,6.919207811251523e-05,0.001041763168090197,,,,,,,,,,,
4391.065967771225,0.003616948607927509,0.010202341036673666,0.0006061352456843984,0.009716044983175907,0.0012492491683727253,6.904912012816521e-05,0.001036388417667286,,,,,,,,,,,
4396.929405945635,0.003608169384206194,0.010174872100548868,0.0006046567123924868,0.009681182888183254,0.0012459054571365613,6.890645750978549e-05,0.0010310413970998624,,,,,,,,,,,
4402.800673632847,0.003599411469819771,0.010147477122199966,0.0006031817856565567,0.009646445881708569,0.0012425706956000389,6.87640896471196e-05,0.00102572196332178,,,,,,,,,,,
4408.679781287703,0.0035906748130452265,0.0101201559025019,0.0006017104566792071,0.009611833514922286,0.0012392448598085948,6.86220159311715e-05,0.0010204299740049904,,,,,,,,,,,
4414.566739378992,0.0035819593622851234,0.01009290824286579,0.0006002427166845016,0.009577345340605368,0.0012359279258717902,6.848023575420364e-05,0.0010151652875557725,,,,,,,,,,,
4420.461558389483,0.0035732650660672536,0.010065733945237439,0.000598778556917909,0.009542980913143413,0.0012326198699631312,6.833874850973462e-05,0.0010099277631109235,,,,,,,,,,,
4426.364248815957,0.003564591873044326,0.010038632812095832,0.0005973179686462497,0.009508739788520876,0.0012293206683198887,6.819755359253515e-05,0.0010047172605339844,,,,,,,,,,,
4432.274821169191,0.0035559397319937115,0.010011604646451856,0.0005958609431576516,0.009474621524315465,0.0012260302972429474,6.805665039862706e-05,0.0009995336404115128,,,,,,,,,,,
4438.193285974016,0.003547308591817082,0.009984649251846682,0.0005944074717614885,0.00944062567969225,0.0012227487330966143,6.791603832527986e-05,0.0009943767640493274,,,,,,,,,,,
4444.119653769302,0.003538698401540163,0.009957766432350511,0.0005929575457883376,0.009406751815398174,0.0012194759523084687,6.777571677100852e-05,0.0009892464934688214,,,,,,,,,,,
4450.053935108005,0.003530109110312389,0.009930955992560992,0.0005915111565899196,0.00937299949375612,0.0012162119313691737,6.763568513557035e-05,0.0009841426914032462,,,,,,,,,,,
4455.9961405571585,0.0035215406674066387,0.009904217737601955,0.0005900682955390543,0.00933936827865954,0.001212956646832327,6.749594281996319e-05,0.0009790652212940635,,,,,,,,,,,
4461.94628069792,0.0035129930222188937,0.00987755147312184,0.0005886289540296012,0.009305857735566565,0.0012097100753142719,6.735648922642238e-05,0.0009740139472872672,,,,,,,,,,,
4467.904366125563,0.0035044661242679886,0.009850957005292432,0.0005871931234764174,0.009272467431494586,0.0012064721934939503,6.721732375841842e-05,0.0009689887342297721,,,,,,,,,,,
4473.870407449523,0.00349595992319527,0.00982443414080733,0.0005857607953152969,0.009239196935014507,0.0012032429781127147,6.707844582065379e-05,0.0009639894476657739,,,,,,,,,,,
4479.844415293386,0.0034874743687643367,0.009797982686880645,0.0005843319610029286,0.009206045816245309,0.001200022405974181,6.693985481906181e-05,0.0009590159538331759,,,,,,,,,,,
4485.826400294942,0.003479009410860697,0.009771602451245478,0.000582906612016836,0.009173013646848348,0.001196810453944042,6.68015501608023e-05,0.000954068119659986,,,,,,,,,,,
4491.816373106172,0.0034705649994915214,0.00974529324215265,0.0005814847398553363,0.009140100000021982,0.001193607098949919,6.666353125426048e-05,0.0009491458127607759,,,,,,,,,,,
4497.814344393282,0.003462141084785325,0.009719054868369256,0.0005800663360374833,0.009107304450495946,0.0011904123179811888,6.652579750904377e-05,0.0009442489014331348,,,,,,,,,,,
4503.820324836731,0.003453737616991649,0.009692887139177205,0.0005786513921030149,0.009074626574525839,0.0011872260880888075,6.63883483359794e-05,0.0009393772546541267,,,,,,,,,,,
4509.8343251312235,0.0034453545464808296,0.009666789864371977,0.0005772398996123107,0.009042065949887768,0.0011840483863851696,6.6251183147112e-05,0.0009345307420768189,,,,,,,,,,,
4515.856355985765,0.0034369918237436275,0.009640762854261086,0.0005758318501463323,0.009009622155872738,0.0011808791900439184,6.611430135570065e-05,0.0009297092340267563,,,,,,,,,,,
4521.886428123638,0.003428649399391007,0.009614805919662843,0.0005744272353065823,0.00897729477328141,0.0011777184762998044,6.597770237621702e-05,0.0009249126014985291,,,,,,,,,,,
4527.924552282467,0.0034203272241537827,0.009588918871904866,0.0005730260467150445,0.00894508338441843,0.0011745662224485003,6.584138562434244e-05,0.0009201407161522875,,,,,,,,,,,
4533.970739214193,0.003412025248882383,0.009563101522822807,0.0005716282760141453,0.008912987573087318,0.001171422405846459,6.570535051696565e-05,0.0009153934503103358,,,,,,,,,,,
4540.0249996851335,0.003403743424546516,0.009537353684758868,0.0005702339148666909,0.00888100692458483,0.0011682870039107305,6.55695964721796e-05,0.0009106706769536919,,,,,,,,,,,
4546.0873444759645,0.0033954817022349157,0.009511675170560575,0.00056884295495583,0.008849141025695803,0.00116515999411882,6.543412290928045e-05,0.0009059722697187122,,,,,,,,,,,
4552.157784381775,0.003387240033155013,0.009486065793579277,0.0005674553879849932,0.008817389464687657,0.001162041354008506,6.529892924876326e-05,0.0009012981028936873,,,,,,,,,,,
4558.236330212051,0.0033790183686326974,0.009460525367668931,0.0005660712056778541,0.00878575183130522,0.0011589310611776983,6.516401491232089e-05,0.0008966480514155012,,,,,,,,,,,
4564.322992790732,0.00337081666011197,0.0094350537071846,0.0005646903997782693,0.00875422771676527,0.001155829093284258,6.502937932284095e-05,0.000892021990866263,,,,,,,,,,,
4570.417782956195,0.003362634859154721,0.009409650626981236,0.0005633129620502375,0.008722816713751426,0.0011527354280458542,6.48950219044034e-05,0.0008874197974699958,,,,,,,,,,,
4576.52071156129,0.0033544729174404034,0.009384315942412274,0.0005619388842778493,0.008691518416408762,0.001149650043239796,6.476094208227826e-05,0.000882841348089322,,,,,,,,,,,
4582.631789473374,0.0033463307867657357,0.009359049469328262,0.0005605681582652308,0.008660332420338559,0.0011465729167028662,6.462713928292245e-05,0.0008782865202221497,,,,,,,,,,,
4588.751027574295,0.0033382084190444676,0.0093338510240756,0.0005592007758365052,0.008629258322593187,0.0011435040263311788,6.449361293397882e-05,0.0008737551919984278,,,,,,,,,,,
4594.878436760453,0.003330105766307037,0.0093087204234951,0.0005578367288357346,0.008598295721670755,0.001140443350080001,6.436036246427188e-05,0.0008692472421768497,,,,,,,,,,,
4601.014027942777,0.0033220227807003403,0.009283657484920781,0.0005564760091268802,0.0085674442175101,0.0011373908659636136,6.422738730380672e-05,0.0008647625501416446,,,,,,,,,,,
4607.157812046784,0.0033139594144874084,0.009258662026178411,0.0005551186085937447,0.008536703411485389,0.0011343465520551347,6.409468688376601e-05,0.0008603009958993147,,,,,,,,,,,
4613.309800012563,0.0033059156200471577,0.00923373386558431,0.0005537645191399322,0.008506072906401225,0.001131310386486381,6.396226063650776e-05,0.0008558624600754601,,,,,,,,,,,
4619.470002794828,0.0032978913498740697,0.009208872821943898,0.0005524137326887939,0.008475552306487279,0.0011282823474476913,6.38301079955624e-05,0.0008514468239115499,,,,,,,,,,,
4625.638431362906,0.003289886556577957,0.00918407871455052,0.0005510662411833846,0.00844514121739337,0.0011252624131877888,6.369822839563116e-05,0.0008470539692617794,,,,,,,,,,,
4631.815096700785,0.0032819011928836425,0.00915935136318397,0.0005497220365864084,0.008414839246184205,0.0011222505620136073,6.356662127258306e-05,0.0008426837785898738,,,,,,,,,,,
4638.000009807106,0.003273935211630715,0.00913469058810938,0.000548381110880179,0.008384646001334456,0.001119246772290152,6.343528606345284e-05,0.0008383361349659787,,,,,,,,,,,
4644.193181695212,0.003265988565773209,0.009110096210075691,0.0005470434560665633,0.00835456109272354,0.001116251022440327,6.3304222206438e-05,0.0008340109220634966,,,,,,,,,,,
4650.39462339314,0.003258061208379373,0.009085568050314536,0.0005457090641669409,0.008324584131630751,0.0011132632909447958,6.317342914089701e-05,0.0008297080241560055,,,,,,,,,,,
4656.604345943652,0.0032501530926313674,0.009061105930538861,0.0005443779272221532,0.008294714730730117,0.0011102835563418208,6.304290630734709e-05,0.0008254273261141451,,,,,,,,,,,
4662.822360404271,0.003242264171824971,0.009036709672941581,0.0005430500372924544,0.008264952504085385,0.0011073117972271009,6.291265314746063e-05,0.0008211687134025335,,,,,,,,,,,
4669.048677847265,0.0032343943993693586,0.009012379100194416,0.0005417253864574686,0.008235297067145155,0.0011043479922536353,6.278266910406409e-05,0.000816932072076719,,,,,,,,,,,
4675.2833093597055,0.0032265437287867585,0.008988114035446452,0.0005404039668161363,0.008205748036737745,0.0011013921201315482,6.265295362113502e-05,0.0008127172887801116,,,,,,,,,,,
4681.526266043451,0.0032187121137122405,0.008963914302323007,0.0005390857704866752,0.008176305031066441,0.0010984441596279598,6.252350614379983e-05,0.0008085242507409701,,,,,,,,,,,
4687.777559015202,0.003210899507893387,0.008939779724924187,0.0005377707896065246,0.008146967669704323,0.001095504089566812,6.239432611833102e-05,0.0008043528457693644,,,,,,,,,,,
4694.037199406487,0.0032031058651900706,0.008915710127823797,0.0005364590163323061,0.008117735573589602,0.0010925718888287344,6.226541299214553e-05,0.0008002029622541938,,,,,,,,,,,
4700.305198363714,0.0031953311395741396,0.00889170533606786,0.0005351504428397717,0.008088608365020502,0.001089647536350876,6.213676621380185e-05,0.0007960744891601812,,,,,,,,,,,
4706.581567048158,0.0031875752851291805,0.008867765175173532,0.0005338450613237605,0.008059585667650549,0.0010867310111267706,6.200838523299795e-05,0.0007919673160249215,,,,,,,,,,,
4712.866316636016,0.003179838256050208,0.008843889471127672,0.0005325428639981478,0.008030667106483574,0.0010838222922061685,6.188026950056825e-05,0.0007878813329559057,,,,,,,,,,,
4719.159458318395,0.003172120006643436,0.008820078050385717,0.000531243843095804,0.008001852307868965,0.0010809213586949016,6.175241846848256e-05,0.0007838164306276013,,,,,,,,,,,
4725.461003301346,0.0031644204913259845,0.008796330739870347,0.0005299479908685462,0.007973140899496835,0.001078028189754727,6.162483158984266e-05,0.0007797725002785141,,,,,,,,,,,
4731.7709628058965,0.0031567396646256063,0.008772647366970192,0.0005286552995870878,0.0079445325103931,0.0010751427646031701,6.149750831887993e-05,0.0007757494337082755,,,,,,,,,,,
4738.08934806804,0.0031490774811804415,0.008749027759538695,0.0005273657615410001,0.007916026770914849,0.001072265062513391,6.137044811095381e-05,0.0007717471232747622,,,,,,,,,,,
4744.41617033879,0.003141433895738712,0.008725471745892706,0.0005260793690386595,0.00788762331274541,0.0010693950628140178,6.124365042254889e-05,0.0007677654618911977,,,,,,,,,,,
4750.751440884169,0.0031338088631585027,0.008701979154811412,0.0005247961144072073,0.007859321768889737,0.0010665327448890162,6.111711471127282e-05,0.0007638043430233058,,,,,,,,,,,
4757.095170985258,0.0031262023384074434,0.008678549815534908,0.0005235159899924971,0.007831121773669522,0.0010636780881775234,6.099084043585353e-05,0.0007598636606864414,,,,,,,,,,,
4763.447371938184,0.0031186142765624917,0.008655183557763119,0.0005222389881590575,0.007803022962718646,0.001060831072173718,6.086482705613764e-05,0.0007559433094427734,,,,,,,,,,,
4769.808055054178,0.003111044632809627,0.008631880211654421,0.0005209651012900376,0.007775024972978245,0.0010579916764266555,6.0739074033087666e-05,0.0007520431843984451,,,,,,,,,,,
4776.177231659555,0.0031034933624436213,0.008608639607824542,0.0005196943217871703,0.007747127442692268,0.0010551598805401382,6.061358082877996e-05,0.0007481631812007858,,,,,,,,,,,
4782.554913095773,0.0030959604208677326,0.008585461577345193,0.0005184266420707198,0.007719330011402582,0.0010523356641725524,6.048834690640177e-05,0.0007443031960355007,,,,,,,,,,,
4788.941110719416,0.00308844576359349,0.008562345951742982,0.0005171620545794422,0.0076916323199444836,0.0010495190070367382,6.036337173025033e-05,0.0007404631256239116,,,,,,,,,,,
4795.335835902251,0.003080949346240391,0.008539292562998048,0.000515900551770534,0.007664034010441925,0.0010467098888998277,6.023865476572882e-05,0.0007366428672201746,,,,,,,,,,,
4801.739100031216,0.0030734711245356643,0.008516301243542948,0.0005146421261195936,0.0076365347263029895,0.0010439082895831139,6.011419547934546e-05,0.0007328423186085471,,,,,,,,,,,
4808.150914508455,0.003066011054314003,0.008493371826261432,0.0005133867701205734,0.007609134112215271,0.0010411141889619003,5.998999333871057e-05,0.0007290613781006492,,,,,,,,,,,
4814.571290751348,0.003058569091517282,0.008470504144487113,0.0005121344762857326,0.007581831814141185,0.0010383275669653485,5.986604781253447e-05,0.0007252999445327281,,,,,,,,,,,
4821.000240192507,0.003051145192194337,0.008447698032002422,0.0005108852371455983,0.0075546274793135415,0.0010355484035763501,5.974235837062528e-05,0.0007215579172629782,,,,,,,,,,,
4827.437774279824,0.0030437393125006696,0.008424953323037242,0.0005096390452489151,0.007527520756230848,0.001032776678831366,5.961892448388608e-05,0.0007178351961688187,,,,,,,,,,,
4833.883904476463,0.0030363514086982173,0.008402269852267852,0.000508395893162606,0.007500511294652896,0.0010300123728202984,5.9495745624313965e-05,0.0007141316816442443,,,,,,,,,,,
4840.338642260911,0.0030289814371550587,0.008379647454815582,0.0005071557734717218,0.007473598745596111,0.0010272554656863332,5.937282126499608e-05,0.0007104472745971304,,,,,,,,,,,
4846.801999126965,0.0030216293543452034,0.008357085966245747,0.0005059186787794046,0.007446782761329163,0.0010245059376258131,5.9250150880108724e-05,0.0007067818764466112,,,,,,,,,,,
4853.273986583786,0.0030142951168482847,0.008334585222566325,0.0005046846017068352,0.00742006299536835,0.0010217637688880758,5.912773394491447e-05,0.000703135389120413,,,,,,,,,,,
4859.754616155888,0.003006978681349349,0.008312145060226886,0.0005034535348931971,0.007393439102473269,0.0010190289397753345,5.900556993576019e-05,0.0006995077150522592,,,,,,,,,,,
4866.24389938319,0.0029996800046385623,0.008289765316117307,0.0005022254709956262,0.00736691073864219,0.0010163014306425156,5.888365833007429e-05,0.0006958987571792307,,,,,,,,,,,
4872.741847821004,0.002992399043610989,0.008267445827566663,0.0005010004026891726,0.00734047756110776,0.0010135812218971358,5.8761998606365244e-05,0.0006923084189391976,,,,,,,,,,,
4879.248473040088,0.002985135755266297,0.008245186432341947,0.00049977832266675,0.007314139228332448,0.0010108682939991434,5.8640590244218865e-05,0.0006887366042682072,,,,,,,,,,,
4885.763786626639,0.0029778900967085443,0.008222986968647006,0.0004985592236390994,0.007287895400004233,0.0010081626274607942,5.8519432724296174e-05,0.0006851832175979394,,,,,,,,,,,
4892.287800182322,0.002970662025145907,0.008200847275121307,0.0004973430983347424,0.007261745737032183,0.0010054642028465039,5.839852552833122e-05,0.0006816481638531348,,,,,,,,,,,
4898.820525324311,0.0029634514978904157,0.008178767190838713,0.0004961299394999345,0.007235689901541993,0.0010027730007727033,5.8277868139128826e-05,0.0006781313484490489,,,,,,,,,,,
4905.3619736852725,0.002956258472357733,0.008156746555306437,0.0004949197398986289,0.00720972755687175,0.0010000890019077127,5.8157460040562535e-05,0.0006746326772889347,,,,,,,,,,,
4911.912156913426,0.0029490829060668604,0.008134785208463741,0.000493712492312427,0.007183858367567455,0.0009974121869715871,5.8037300717571884e-05,0.0006711520567615086,,,,,,,,,,,
4918.471086672524,0.0029419247566399376,0.00811288299068089,0.0004925081895405402,0.007158081999378812,0.0009947425367359938,5.791738965616094e-05,0.0006676893937384627,,,,,,,,,,,
4925.038774641915,0.0029347839818019373,0.008091039742757898,0.0004913068243997412,0.007132398119254785,0.0009920800320240579,5.779772634339563e-05,0.0006642445955719548,,,,,,,,,,,
4931.615232516521,0.0029276605393804777,0.008069255305923458,0.0004901083897243287,0.007106806395339415,0.0009894246537102416,5.7678310267401756e-05,0.0006608175700921506,,,,,,,,,,,
4938.2004720069035,0.002920554387305507,0.008047529521833676,0.0004889128783660766,0.007081306496967412,0.0009867763827201893,5.755914091736237e-05,0.0006574082256047329,,,,,,,,,,,
4944.79450483924,0.0029134654836091133,0.008025862232571058,0.00048772028319419897,0.0070558980946600226,0.0009841352000306079,5.7440217783516256e-05,0.0006540164708884745,,,,,,,,,,,
4951.397342755385,0.002906393786425229,0.008004253280643216,0.00048653059709529984,0.007030580860120613,0.0009815010866691132,5.732154035715532e-05,0.0006506422151927715,,,,,,,,,,,
4958.008997512851,0.002899339253989426,0.007982702508981872,0.00048534381297333997,0.007005354466230575,0.0009788740237141106,5.720310813062262e-05,0.0006472853682352409,,,,,,,,,,,
4964.629480884875,0.0028923018446386337,0.007961209760941569,0.00048415992374958394,0.006980218587044978,0.0009762539922946417,5.7084920597309624e-05,0.0006439458401992788,,,,,,,,,,,
4971.258804660396,0.002885281516810917,0.007939774880298654,0.00048297892236256687,0.006955172897788444,0.0009736409735902646,5.696697725165519e-05,0.0006406235417316813,,,,,,,,,,,
4977.8969806440955,0.0028782782290452244,0.007918397711250087,0.0004818008017680487,0.006930217074850954,0.0009710349488309115,5.684927758914239e-05,0.0006373183839402402,,,,,,,,,,,
4984.5440206564335,0.002871291939981123,0.007897078098412289,0.0004806255549389694,0.006905350795783537,0.0009684358992967477,5.673182110629643e-05,0.0006340302783913619,,,,,,,,,,,
4991.199936533634,0.002864322608358594,0.007875815886820077,0.00047945317486541356,0.0068805737392943055,0.0009658438063180518,5.66146073006831e-05,0.0006307591371077147,,,,,,,,,,,
4997.864740127748,0.0028573701930177495,0.007854610921925445,0.0004782836545545609,0.006855885585244114,0.0009632586512750658,5.649763567090616e-05,0.0006275048725658588,,,,,,,,,,,
5004.5384433066265,0.002850434652898623,0.007833463049596558,0.00047711698703065364,0.00683128601464257,0.0009606804155978762,5.6380905716605426e-05,0.0006242673976939207,,,,,,,,,,,
5011.221057953995,0.00284351594704089,0.007812372116116503,0.00047595316533494456,0.006806774709643794,0.0009581090807662658,5.626441693845403e-05,0.0006210466258692472,,,,,,,,,,,
5017.912595969424,0.0028366140345836705,0.0077913379681823006,0.00047479218252566524,0.006782351353542421,0.0009555446283095959,5.614816883815759e-05,0.0006178424709161036,,,,,,,,,,,
5024.613069268394,0.002829728874765239,0.007770360452903661,0.0004736340316779761,0.006758015630769395,0.0009529870398066579,5.6032160918450435e-05,0.0006146548471033525,,,,,,,,,,,
5031.322489782275,0.0028228604269228312,0.007749439417802008,0.0004724787058839333,0.006733767226888027,0.0009504362968855583,5.591639268309475e-05,0.0006114836691421755,,,,,,,,,,,
5038.040869458391,0.0028160086504923658,0.0077285747108092225,0.00047132619825243925,0.006709605828589781,0.000947892381223566,5.5800863636877915e-05,0.0006083288521837753,,,,,,,,,,,
5044.7682202600045,0.0028091735050082287,0.007707766180266691,0.00047017650190920836,0.00668553112369035,0.0009453552745470014,5.568557328561044e-05,0.0006051903118171189,,,,,,,,,,,
5051.504554166351,0.0028023549501030296,0.007687013674924106,0.0004690296099967246,0.006661542801125573,0.0009428249586310943,5.557052113612399e-05,0.0006020679640666761,,,,,,,,,,,
5058.24988317268,0.0027955529455073415,0.007666317043938343,0.00046788551567419516,0.006637640550947371,0.0009403014152998492,5.545570669626886e-05,0.00059896172539016,,,,,,,,,,,
5065.004219290235,0.0027887674510495026,0.00764567613687248,0.00046674421211751794,0.006613824064319869,0.0009377846264259275,5.534112947491249e-05,0.0005958715126763146,,,,,,,,,,,
5071.767574546318,0.002781998426655342,0.007625090803694566,0.00046560569251923316,0.006590093033515222,0.0009352745739305021,5.522678898193695e-05,0.0005927972432426659,,,,,,,,,,,
5078.539960984276,0.0027752458323479744,0.007604560894776662,0.00046446995008848994,0.0065664471519098445,0.0009327712397831431,5.511268472823704e-05,0.0005897388348333343,,,,,,,,,,,
5085.321390663553,0.002768509628247526,0.007584086260893628,0.00046333697805099854,0.006542886113980263,0.0009302746060016725,5.4998816225717675e-05,0.0005866962056168095,,,,,,,,,,,
5092.111875659677,0.002761789774570947,0.007563666753222161,0.0004622067696489968,0.006519409615299315,0.000927784654652051,5.4885182987292996e-05,0.0005836692741837847,,,,,,,,,,,
5098.911428064322,0.002755086231631723,0.007543302223339584,0.00046107931814120433,0.006496017352532094,0.0009253013678482331,5.4771784526882736e-05,0.0005806579595449567,,,,,,,,,,,
5105.720059985287,0.0027483989598397,0.007522992523222918,0.000459954616802787,0.006472709023432145,0.0009228247277520546,5.465862035941136e-05,0.0005776621811288769,,,,,,,,,,,
5112.537783546559,0.002741727919700789,0.00750273750524764,0.00045883265892531107,0.006449484326837441,0.0009203547165730888,5.454569000080545e-05,0.0005746818587797806,,,,,,,,,,,
5119.364610888293,0.002735073071816787,0.007482537022186765,0.0004577134378167103,0.006426342962666631,0.000917891316568534,5.4432992967991824e-05,0.0005717169127554564,,,,,,,,,,,
5126.200554166879,0.002728434376885099,0.0074623909272096365,0.00045659694680123857,0.006403284631914987,0.000915434510043071,5.432052877889507e-05,0.0005687672637250983,,,,,,,,,,,
5133.045625554919,0.002721811795698543,0.00744229907388098,0.00045548317921943656,0.006380309036650724,0.0009129842793487489,5.4208296952435996e-05,0.0005658328327671949,,,,,,,,,,,
5139.8998372412725,0.002715205289145099,0.00742226131615978,0.0004543721284280888,0.006357415880011039,0.0009105406068848532,5.409629700852972e-05,0.0005629135413674157,,,,,,,,,,,
5146.76320143109,0.0027086148182076746,0.007402277508398183,0.0004532637878001829,0.006334604866198259,0.0009081034750977734,5.398452846808259e-05,0.0005600093114164987,,,,,,,,,,,
5153.635730345799,0.002702040343963895,0.007382347505340537,0.0004521581507248742,0.006311875700476143,0.0009056728664808897,5.387299085299125e-05,0.0005571200652081808,,,,,,,,,,,
5160.5174362231655,0.002695481827585839,0.007362471162122211,0.0004510552106074403,0.006289228089165892,0.000903248763574433,5.3761683686140046e-05,0.0005542457254370961,,,,,,,,,,,
5167.408331317278,0.002688939230339851,0.007342648334268695,0.00044995496086924894,0.006266661739642551,0.0009008311489653742,5.365060649139921e-05,0.0005513862151967305,,,,,,,,,,,
5174.308427898609,0.0026824125135862776,0.00732287887769438,0.00044885739494771135,0.006244176360331057,0.0008984200052872834,5.353975879362239e-05,0.0005485414579773409,,,,,,,,,,,
5181.217738253992,0.002675901638779266,0.007303162648701663,0.0004477625062962498,0.006221771660702601,0.0008960153152202217,5.342914011864522e-05,0.0005457113776639307,,,,,,,,,,,
5188.136274686692,0.002669406567466506,0.007283499503979773,0.0004466702883842534,0.00619944735127077,0.0008936170614905999,5.3318749993282946e-05,0.0005428958985341911,,,,,,,,,,,
5195.064049516378,0.0026629272612890414,0.007263889300603854,0.0004455807346970434,0.006177203143587904,0.000891225226871071,5.3208587945328554e-05,0.000540094945256497,,,,,,,,,,,
5202.001075079195,0.002656463681981001,0.007244331896033801,0.000444493838735829,0.006155038750241266,0.0008888397941803908,5.309865350355032e-05,0.0005373084428878694,,,,,,,,,,,
5208.947363727735,0.0026500157913694135,0.007224827148113346,0.00044340959401767546,0.006132953884849458,0.0008864607462833091,5.298894619769047e-05,0.0005345363168719925,,,,,,,,,,,
5215.90292783111,0.0026435835513739492,0.0072053749150689066,0.000442327994075458,0.006110948262058551,0.0008840880660904324,5.287946555846273e-05,0.0005317784930371965,,,,,,,,,,,
5222.867779774928,0.002637166924006717,0.00718597505550865,0.00044124903245782983,0.006089021597538577,0.0008817217365581137,5.277021111755041e-05,0.0005290348975944927,,,,,,,,,,,
5229.8419319613395,0.0026307658713720333,0.007166627428421449,0.00044017270272918014,0.006067173607979742,0.0008793617406883256,5.266118240760441e-05,0.0005263054571355888,,,,,,,,,,,
5236.82539680907,0.0026243803556661826,0.007147331893175775,0.0004390989984695953,0.006045404011088763,0.000877008061528529,5.255237896224123e-05,0.0005235900986309223,,,,,,,,,,,
5243.818186753407,0.0026180103391772254,0.0071280883095188,0.0004380279132748236,0.006023712525585319,0.0008746606821715694,5.244380031604105e-05,0.0005208887494277171,,,,,,,,,,,
5250.8203142462635,0.002611655784284746,0.007108896537575258,0.0004369594407562322,0.006002098871198263,0.0008723195857555379,5.233544600454538e-05,0.0005182013372480267,,,,,,,,,,,
5257.831791756161,0.0026053166534596548,0.007089756437846543,0.0004358935745407753,0.005980562768662177,0.0008699847554636645,5.222731556425562e-05,0.0005155277901868139,,,,,,,,,,,
5264.852631768286,0.002598992909263937,0.007070667871209579,0.0004348303082709492,0.005959103939713602,0.0008676561745241836,5.211940853263074e-05,0.0005128680367100128,,,,,,,,,,,
5271.882846784482,0.0025926845143504702,0.007051630698915927,0.00043376963560476123,0.005937722107087569,0.0008653338262102277,5.201172444808544e-05,0.000510222005652629,,,,,,,,,,,
5278.922449323305,0.0025863914314627583,0.007032644782590647,0.00043271155021568623,0.005916416994513914,0.0008630176938396928,5.1904262849987696e-05,0.0005075896262168218,,,,,,,,,,,
5285.971451920003,0.0025801136234347654,0.007013709984231445,0.0004316560457926334,0.005895188326713803,0.0008607077607751333,5.179702327865794e-05,0.0005049708279700226,,,,,,,,,,,
5293.029867126588,0.0025738510531906375,0.006994826166207507,0.00043060311603990343,0.005874035829396076,0.0008584040104236272,5.169000527536561e-05,0.0005023655408430384,,,,,,,,,,,
5300.097707511809,0.002567603683744536,0.006975993191258641,0.0004295527546771575,0.005852959229253829,0.0008561064262366726,5.1583208382328344e-05,0.000499773695128189,,,,,,,,,,,
5307.1749856612205,0.0025613714782003762,0.006957210922494159,0.00042850495543937276,0.005831958253960718,0.0008538149917100534,5.14766321427095e-05,0.0004971952214774297,,,,,,,,,,,
5314.261714177166,0.002555154399751642,0.0069384792233919855,0.0004274597120768112,0.005811032632167609,0.0008515296903837338,5.137027610061631e-05,0.000494630050900506,,,,,,,,,,,
5321.3579056788185,0.0025489524116811624,0.006919797957797616,0.00042641701835497906,0.005790182093498973,0.000849250505841734,5.126413980109805e-05,0.0004920781147631052,,,,,,,,,,,
5328.463572802216,0.002542765477360866,0.006901166989923088,0.0004253768680545891,0.0057694063685493745,0.0008469774217120086,5.115822279014362e-05,0.0004895393447850124,,,,,,,,,,,
5335.5787282002475,0.002536593560251609,0.006882586184346095,0.0004243392549715267,0.005748705188880107,0.0008447104216663393,5.1052524614680295e-05,0.0004870136730382959,,,,,,,,,,,
5342.703384542721,0.002530436623902918,0.006864055406008879,0.00042330417291680804,0.005728078287015553,0.0008424494894202049,5.094704482257134e-05,0.00048450103194547754,,,,,,,,,,,
5349.837554516342,0.0025242946319528107,0.006845574520217391,0.00042227161571654914,0.005707525396439916,0.000840194608732678,5.084178296261427e-05,0.00048200135427773646,,,,,,,,,,,
5356.981250824773,0.0025181675481275507,0.006827143392640156,0.00042124157721192245,0.005687046251593612,0.0008379457634062943,5.073673858453843e-05,0.00047951457315309834,,,,,,,,,,,
5364.134486188625,0.0025120553362414613,0.00680876188930744,0.00042021405125912663,0.00566664058786996,0.0008357029372869501,5.063191123900419e-05,0.0004770406220346576,,,,,,,,,,,
5371.297273345511,0.0025059579601966783,0.006790429876610155,0.00041918903172934467,0.00564630814161167,0.0008334661142637726,5.052730047759958e-05,0.0004745794347287857,,,,,,,,,,,
5378.469625050034,0.0024998753839829773,0.006772147221298998,0.0004181665125087114,0.005626048650107525,0.0008312352782690178,5.042290585283951e-05,0.00047213094538337143,,,,,,,,,,,
5385.65155407385,0.002493807571677516,0.006753913790483375,0.00041714648749827224,0.005605861851588886,0.0008290104132779413,5.031872691816332e-05,0.00046969508848604744,,,,,,,,,,,
5392.843073205647,0.002487754487444673,0.006735729451630542,0.0004161289506139531,0.005585747485226439,0.0008267915033086972,5.021476322793313e-05,0.00046727179886244896,,,,,,,,,,,
5400.04419525121,0.0024817160955357825,0.006717594072564536,0.00041511389578651717,0.00556570529112666,0.0008245785324222093,5.0111014337431445e-05,0.0004648610116744584,,,,,,,,,,,
5407.2549330334095,0.0024756923602889656,0.0066995075214652975,0.0004141013169615347,0.005545735010328624,0.0008223714847220687,5.0007479802859835e-05,0.0004624626624184803,,,,,,,,,,,
5414.475299392239,0.002469683246128905,0.006681469666867703,0.00041309120809934416,0.005525836384800559,0.0008201703443544144,4.9904159181337106e-05,0.0004600766869237131,,,,,,,,,,,
5421.705307184851,0.0024636887175666167,0.006663480377660527,0.00041208356317501497,0.005506009157436502,0.0008179750955078144,4.980105203089648e-05,0.00045770302135042317,,,,,,,,,,,
5428.944969285547,0.0024577087391992763,0.006645539523085612,0.0004110783761783152,0.005486253072053078,0.0008157857224131648,4.9698157910484735e-05,0.0004553416021882535,,,,,,,,,,,
5436.19429858584,0.002451743275709977,0.006627646972736798,0.0004100756411136707,0.005466567873386039,0.0008136022093435599,4.959547637995982e-05,0.0004529923662545055,,,,,,,,,,,
5443.453307994437,0.002445792291867549,0.00660980259655909,0.0004090753520001355,0.005446953307087132,0.0008114245406141972,4.949300700008916e-05,0.0004506552506924673,,,,,,,,,,,
5450.722010437301,0.0024398557525263176,0.0065920062648476,0.0004080775028713494,0.005427409119720664,0.0008092527005822484,4.939074933254739e-05,0.00044833019296971333,,,,,,,,,,,
5458.000418857637,0.002433933622625934,0.006574257848246712,0.00040708208777550894,0.005407935058760343,0.0008070866736467608,4.928870293991503e-05,0.00044601713087644965,,,,,,,,,,,
5465.288546215952,0.0024280258671911374,0.006556557217749036,0.00040608910077532645,0.005388530872585921,0.0008049264442485327,4.91868673856763e-05,0.00044371600252383106,,,,,,,,,,,
5472.5864054900385,0.002422132451331572,0.006538904244694578,0.0004050985359479992,0.005369196310480031,0.0008027719968700141,4.908524223421738e-05,0.0004414267463423236,,,,,,,,,,,
5479.894009675042,0.002416253340241552,0.00652129880076969,0.0004041103873851689,0.005349931122624857,0.0008006233160351824,4.89838270508242e-05,0.0004391493010800387,,,,,,,,,,,
5487.211371783443,0.00241038849919989,0.006503740758006256,0.0004031246491928919,0.0053307350600989975,0.0007984803863094426,4.888262140168101e-05,0.0004368836058011109,,,,,,,,,,,
5494.538504845094,0.002404537893569674,0.006486229988780684,0.00040214131549160144,0.005311607874874193,0.0007963431922995118,4.878162485386871e-05,0.00043462959988405824,,,,,,,,,,,
5501.87542190727,0.002398701488798047,0.006468766365812964,0.0004011603804160703,0.0052925493198121044,0.0007942117186533033,4.868083697536204e-05,0.00043238722302015855,,,,,,,,,,,
5509.22213603464,0.0023928792504160482,0.0064513497621658325,0.000400181838115381,0.005273559148661191,0.0007920859500598279,4.8580257335028746e-05,0.00043015641521184473,,,,,,,,,,,
5516.578660309344,0.002387071144038354,0.006433980051243736,0.00039920568275288604,0.005254637116053436,0.000789965871249071,4.847988550262724e-05,0.0004279371167710888,,,,,,,,,,,
5523.9450078309665,0.0023812771353631246,0.006416657106792027,0.0003982319085061772,0.0052357829775012965,0.0007878514669918962,4.837972104880495e-05,0.0004257292683178154,,,,,,,,,,,
5531.321191716607,0.0023754971901717593,0.00639938080289593,0.00039726050956704587,0.0052169964893943885,0.000785742722099922,4.827976354509612e-05,0.0004235328107783025,,,,,,,,,,,
5538.70722510086,0.002369731274328732,0.006382151013979734,0.00039629148014145454,0.005198277408996506,0.0007836396214254267,4.818001256392051e-05,0.0004213476853836114,,,,,,,,,,,
5546.103121135878,0.0023639793537813592,0.006364967614805795,0.00039532481444949576,0.005179625494442343,0.0007815421498612258,4.8080467678581226e-05,0.0004191738336680032,,,,,,,,,,,
5553.5088929913545,0.002358241394559624,0.006347830480473696,0.0003943605067253641,0.005161040504734474,0.0007794502923405772,4.798112846326307e-05,0.0004170111974673871,,,,,,,,,,,
5560.924553854592,0.0023525173627759466,0.006330739486419255,0.0003933985512173149,0.005142522199740154,0.0007773640338370591,4.788199449303023e-05,0.00041485971891774945,,,,,,,,,,,
5568.350116930479,0.002346807224625019,0.006313694508413722,0.000392438942187638,0.005124070340188299,0.0007752833593644762,4.778306534382553e-05,0.0004127193404536216,,,,,,,,,,,
5575.785595441558,0.002341110946383566,0.006296695422562771,0.00039148167391261484,0.005105684687666305,0.0007732082539767379,4.768434059246728e-05,0.00041059000480652303,,,,,,,,,,,
5583.231002628013,0.002335428494410189,0.006279742105305688,0.0003905267406824913,0.005087365004617063,0.000771138702767763,4.7585819816648486e-05,0.00040847165500344426,,,,,,,,,,,
5590.686351747706,0.0023297598351451373,0.006262834433414439,0.00038957413680144095,0.005069111054335825,0.0007690746908713676,4.748750259493462e-05,0.0004063642343653139,,,,,,,,,,,
5598.151656076221,0.0023241049351101065,0.0062459722839927284,0.0003886238565875287,0.005050922600967137,0.0007670162034611534,4.7389388506761846e-05,0.0004042676865054807,,,,,,,,,,,
5605.626928906843,0.002318463760908071,0.006229155534475196,0.00038767589437268255,0.005032799409501859,0.0007649632257504125,4.729147713243539e-05,0.0004021819553282129,,,,,,,,,,,
5613.112183550636,0.0023128362792230505,0.006212384062626445,0.0003867302445026528,0.005014741245774037,0.0007629157429920085,4.719376805312718e-05,0.00040010698502718765,,,,,,,,,,,
5620.6074333364095,0.002307222456819945,0.006195657746540221,0.00038578690133698643,0.0049967478764579906,0.0007608737404782829,4.709626085087521e-05,0.0003980427200840075,,,,,,,,,,,
5628.112691610799,0.0023016222605443137,0.006178976464638445,0.0003848458592489849,0.004978819069065156,0.0007588372035409374,4.6998955108580325e-05,0.00039598910526670515,,,,,,,,,,,
5635.627971738234,0.002296035657322202,0.006162340095670427,0.00038390711262567794,0.00496095459194124,0.0007568061175509414,4.690185041000552e-05,0.0003939460856282757,,,,,,,,,,,
5643.153287101019,0.002290462614159916,0.006145748518711887,0.0003829706558677842,0.004943154214263083,0.0007547804679184113,4.6804946339773696e-05,0.00039191360650519635,,,,,,,,,,,
5650.688651099298,0.002284903098143864,0.00612920161316417,0.00038203648338968325,0.004925417706035787,0.0007527602400925234,4.670824248336606e-05,0.00038989161351597366,,,,,,,,,,,
5658.234077151137,0.0022793570764403307,0.006112699258753275,0.00038110458961937665,0.004907744838089658,0.0007507454195613933,4.6611738427119965e-05,0.00038788005255967905,,,,,,,,,,,
5665.789578692494,0.0022738245162953075,0.006096241335529077,0.0003801749689984604,0.004890135382077324,0.0007487359918519845,4.6515433758227725e-05,0.00038587886981451044,,,,,,,,,,,
5673.355169177291,0.002268305385034273,0.006079827723864352,0.0003792476159820869,0.004872589110470702,0.000746731942529993,4.641932806473446e-05,0.0003838880117363431,,,,,,,,,,,
5680.930862077397,0.002262799650062028,0.006063458304454015,0.0003783225250389351,0.004855105796558143,0.0007447332571997539,4.632342093553643e-05,0.00038190742505730464,,,,,,,,,,,
5688.516670882674,0.0022573072788624896,0.006047132958314185,0.00037739969065117714,0.004837685214441451,0.0007427399215041333,4.622771196037938e-05,0.0003799370567843481,,,,,,,,,,,
5696.112609101009,0.0022518282389984833,0.006030851566781302,0.00037647910731444193,0.004820327139032944,0.0007407519211244206,4.613220072985629e-05,0.00037797685419782665,,,,,,,,,,,
5703.718690258307,0.002246362498111594,0.006014614011511346,0.0003755607695377884,0.004803031346052618,0.0007387692417802364,4.603688683540669e-05,0.0003760267648500965,,,,,,,,,,,
5711.334927898558,0.002240910023921922,0.005998420174478882,0.0003746446718436663,0.004785797612025165,0.0007367918692294181,4.594176986931358e-05,0.0003740867365640985,,,,,,,,,,,
5718.96133558381,0.0022354707842279407,0.005982269937976295,0.0003737308087678893,0.004768625714277183,0.0007348197892679291,4.584684942470271e-05,0.00037215671743197733,,,,,,,,,,,
5726.597926894247,0.002230044746906264,0.00596616318461284,0.000372819174859598,0.004751515430934171,0.000732852987729745,4.57521250955404e-05,0.00037023665581367726,,,,,,,,,,,
5734.244715428165,0.002224631879911495,0.005950099797313884,0.00037190976468123074,0.0047344665409178085,0.0007308914504867639,4.5657596476631935e-05,0.00036832650033557596,,,,,,,,,,,
5741.9017148020375,0.002219232151276007,0.005934079659319955,0.00037100257280848727,0.0047174788239429674,0.0007289351634486927,4.5563263163619535e-05,0.00036642619988909436,,,,,,,,,,,
5749.568938650497,0.002213845529109779,0.005918102654186009,0.00037009759383030156,0.004700552060514966,0.0007269841125629585,4.5469124752981126e-05,0.0003645357036293442,,,,,,,,,,,
5757.246400626411,0.0022084719816001766,0.005902168665780459,0.0003691948223488038,0.004683686031926653,0.0007250382838145946,4.5375180842028254e-05,0.0003626549609737545,,,,,,,,,,,
5764.934114400848,0.0022031114770118027,0.0058862775782844426,0.00036829425297929357,0.0046668805202556545,0.0007230976632261527,4.528143102890457e-05,0.0003607839216007288,,,,,,,,,,,
5772.632093663158,0.0021977639836862684,0.0058704292761908835,0.0003673958803502035,0.004650135308361485,0.0007211622368575904,4.518787491258361e-05,0.00035892253544828935,,,,,,,,,,,
5780.340352120955,0.0021924294700420488,0.005854623644303734,0.00036649969910307003,0.004633450179882819,0.0007192319908061812,4.509451209286804e-05,0.00035707075271274594,,,,,,,,,,,
5788.058903500152,0.0021871079045742673,0.005838860567737102,0.0003656057038925008,0.004616824919234642,0.0007173069112064102,4.500134217038711e-05,0.00035522852384735934,,,,,,,,,,,
5795.7877615450125,0.0021817992558545067,0.005823139931914379,0.00036471388938614,0.0046002593116054565,0.0007153869842298703,4.490836474659499e-05,0.0003533957995610125,,,,,,,,,,,
5803.526940018127,0.002176503492530652,0.005807461622567494,0.00036382425026464213,0.004583753142954566,0.0007134721960851731,4.481557942376961e-05,0.000351572530816901,,,,,,,,,,,
5811.2764527004865,0.0021712205833266675,0.005791825525735979,0.0003629367812216339,0.004567306200009231,0.000711562533017838,4.4722985805010495e-05,0.000349758668831208,,,,,,,,,,,
5819.036313391463,0.002165950497042457,0.0057762315277662575,0.0003620514769636884,0.00455091827026201,0.0007096579813102052,4.463058349423735e-05,0.0003479541650718137,,,,,,,,,,,
5826.806535908876,0.0021606932025536292,0.005760679515310695,0.000361168332210289,0.00453458914196789,0.0007077585272813254,4.453837209618789e-05,0.0003461589712569818,,,,,,,,,,,
5834.5871340889735,0.002155448668811361,0.005745169375326885,0.0003602873416938016,0.0045183186041416875,0.0007058641572868734,4.4446351216416824e-05,0.00034437303935408236,,,,,,,,,,,
5842.378121786503,0.002150216864842172,0.005729700995076734,0.0003594085001594388,0.004502106446555199,0.0007039748577190378,4.4354520461293674e-05,0.00034259632157829223,,,,,,,,,,,
5850.179512874686,0.002144997759747781,0.00571427426212573,0.0003585318023652339,0.00448595245973458,0.0007020906150064368,4.426287943800136e-05,0.0003408287703913307,,,,,,,,,,,
5857.991321245298,0.00213979132270489,0.005698889064342038,0.000357657243082004,0.004469856434957565,0.0007002114156140048,4.417142775453405e-05,0.00033907033850017344,,,,,,,,,,,
5865.813560808643,0.0021345975229650257,0.005683545289895761,0.00035678481709332385,0.004453818164250823,0.0006983372460429107,4.4080165019696365e-05,0.0003373209788557998,,,,,,,,,,,
5873.6462454936,0.0021294163298543507,0.005668242827258096,0.000355914519195492,0.004437837440387266,0.0006964680928304533,4.39890908431009e-05,0.000335580644651927,,,,,,,,,,,
5881.489389247665,0.002124247712773467,0.00565298156520048,0.00035504634419749947,0.0044219140568833165,0.0006946039425499611,4.389820483516667e-05,0.00033384928932375614,,,,,,,,,,,
5889.343006036935,0.0021190916411972637,0.005637761392793887,0.00035418028692100106,0.004406047807996319,0.0006927447818107055,4.380750660711786e-05,0.0003321268665467336,,,,,,,,,,,
5897.20710984618,0.002113948084674712,0.005622582199407896,0.0003533163422002807,0.004390238488721808,0.000690890597257794,4.371699577098182e-05,0.000330413330235303,,,,,,,,,,,
5905.0817146788195,0.0021088170128287054,0.00560744387471,0.00035245450488222585,0.004374485894790927,0.0006890413755720848,4.3626671939587574e-05,0.00032870863454168047,,,,,,,,,,,
5912.966834556998,0.002103698395355855,0.0055923463086647055,0.0003515947698262909,0.004358789822667719,0.0006871971034700802,4.353653472656374e-05,0.0003270127338546197,,,,,,,,,,,
5920.862483521556,0.0020985922020263434,0.00557728939153283,0.00035073713190447194,0.0043431500695465825,0.0006853577677038427,4.344658374633783e-05,0.0003253255827981998,,,,,,,,,,,
5928.76867563211,0.002093498402683711,0.005562273013870603,0.00034988158600127194,0.004327566433349539,0.0006835233550608881,4.335681861413338e-05,0.000323647136230603,,,,,,,,,,,
5936.685424967027,0.0020884169672447097,0.005547297066528973,0.00034902812701367386,0.004312038712723749,0.000681693852364102,4.326723894596924e-05,0.00032197734924291495,,,,,,,,,,,
5944.612745623493,0.002083347865699101,0.005532361440652714,0.00034817674985110575,0.004296566707038794,0.000679869246471634,4.317784435865755e-05,0.0003203161771579151,,,,,,,,,,,
5952.550651717498,0.0020782910681094993,0.005517466027679726,0.00034732744943541583,0.004281150216384176,0.0006780495242768145,4.3088634469802215e-05,0.00031866357552888915,,,,,,,,,,,
5960.499157383905,0.0020732465446111686,0.005502610719340172,0.00034648022070083665,0.0042657890415666614,0.0006762346727080492,4.299960889779697e-05,0.0003170195001384322,,,,,,,,,,,
5968.4582767764305,0.0020682142654118757,0.005487795407655741,0.0003456350585939595,0.0042504829841077596,0.0006744246787287353,4.2910767261824246e-05,0.00031538390699727196,,,,,,,,,,,
5976.4280240676935,0.002063194200791698,0.005473019984938851,0.0003447919580737022,0.004235231846241156,0.0006726195293371635,4.282210918185318e-05,0.0003137567523430904,,,,,,,,,,,
5984.408413449255,0.002058186321102843,0.005458284343791822,0.0003439509141112779,0.004220035430910099,0.00067081921156642,4.273363427863811e-05,0.0003121379926393466,,,,,,,,,,,
5992.399459131601,0.002053190596769494,0.005443588377106184,0.0003431119216901684,0.004204893541764936,0.0006690237124843039,4.2645342173717e-05,0.00031052758457412316,,,,,,,,,,,
6000.401175344219,0.0020482069982876044,0.005428931978061796,0.00034227497580608947,0.0041898059831605,0.0006672330191932228,4.2557232489409444e-05,0.0003089254850589557,,,,,,,,,,,
6008.4135763355725,0.0020432354962247597,0.005414315040126172,0.0003414400714669667,0.004174772560153652,0.0006654471188301108,4.246930484881593e-05,0.0003073316512276898,,,,,,,,,,,
6016.436676373173,0.002038276061219965,0.005399737457053607,0.00034060720369289983,0.00415979307850069,0.0006636659985663259,4.238155887581508e-05,0.0003057460404353257,,,,,,,,,,,
6024.470489743563,0.002033328663983517,0.005385199122884493,0.00033977636751613853,0.004144867344654925,0.0006618896456075682,4.2293994195062955e-05,0.000304168610256885,,,,,,,,,,,
6032.5150307523845,0.00202839327529678,0.005370699931944484,0.00033894755798104833,0.004129995165764074,0.0006601180471937775,4.2206610431991036e-05,0.00030259931848626814,,,,,,,,,,,
6040.570313724356,0.0020234698660120593,0.005356239778843777,0.00033812077014408487,0.004115176349667885,0.000658351190599052,4.211940721280478e-05,0.00030103812313513235,,,,,,,,,,,
6048.636353003352,0.002018558407052393,0.005341818558476287,0.0003372959990737598,0.004100410704895546,0.0006565890631315466,4.2032384164481686e-05,0.0002994849824317608,,,,,,,,,,,
6056.713162952373,0.002013658869411408,0.00532743616601896,0.000336473239850617,0.004085698040663298,0.0006548316521333921,4.194554091477022e-05,0.00029793985481995266,,,,,,,,,,,
6064.800757953624,0.00200877122415313,0.005313092496930928,0.0003356524875671974,0.0040710381668719,0.0006530789449805939,4.185887709218787e-05,0.00029640269895790346,,,,,,,,,,,
6072.899152408497,0.0020038954424118223,0.005298787446952819,0.00033483373732801487,0.004056430894104225,0.000651330929082951,4.177239232601964e-05,0.00029487347371710517,,,,,,,,,,,
6081.008360737614,0.0019990314953918166,0.005284520912105972,0.0003340169842495241,0.004041876033622807,0.0006495875918839589,4.168608624631647e-05,0.0002933521381812447,,,,,,,,,,,
6089.12839738087,0.001994179354367326,0.00527029278869165,0.00033320222346009125,0.004027373397367346,0.00064784892086072,4.159995848389367e-05,0.00029183865164510283,,,,,,,,,,,
6097.259276797421,0.0019893389906823016,0.0052561029732903514,0.00033238945009996754,0.004012922797952363,0.0006461149035238594,4.1514008670329384e-05,0.0002903329736134761,,,,,,,,,,,
6105.401013465749,0.0019845103757502405,0.0052419513627609965,0.00033157865932125586,0.0039985240486647014,0.000644385527417426,4.1428236437962705e-05,0.0002888350638000813,,,,,,,,,,,
6113.553621883651,0.0019796934810540367,0.005227837854240229,0.00033076984628788744,0.003984176963461179,0.0006426607801188131,4.134264141989262e-05,0.00028734488212648945,,,,,,,,,,,
6121.717116568304,0.001974888278145787,0.00521376234514161,0.0003299630061755871,0.0039698813569661205,0.0006409406492386587,4.125722324997608e-05,0.00028586238872104164,,,,,,,,,,,
6129.891512056246,0.001970094738646655,0.005199724733154944,0.00032915813417185036,0.003955637044469045,0.0006392251224207674,4.1171981562826586e-05,0.0002843875439177939,,,,,,,,,,,
6138.07682290345,0.001965312834246671,0.005185724916245459,0.0003283552254759085,0.003941443841922169,0.0006375141873420107,4.1086915993812355e-05,0.0002829203082554442,,,,,,,,,,,
6146.273063685302,0.001960542536704594,0.005171762792653142,0.0003275542752987072,0.003927301565938149,0.0006358078317122492,4.10020261790552e-05,0.00028146064247628857,,,,,,,,,,,
6154.480248996676,0.001955783817847721,0.005157838260891919,0.00032675527886286994,0.0039132100337876076,0.0006341060432742336,4.091731175542865e-05,0.00028000850752515856,,,,,,,,,,,
6162.698393451908,0.0019510366495717423,0.005143951219749001,0.00032595823140267686,0.0038991690633968508,0.0006324088098035276,4.08327723605566e-05,0.00027856386454838824,,,,,,,,,,,
6170.927511684875,0.0019463010038405493,0.005130101568284059,0.0003251631281640303,0.0038851784733454527,0.0006307161191084091,4.0748407632811285e-05,0.000277126674892763,,,,,,,,,,,
6179.167618348974,0.0019415768526860966,0.005116289205828583,0.00032436996440443096,0.00387123808286396,0.0006290279590297921,4.066421721131264e-05,0.0002756969001044956,,,,,,,,,,,
6187.4187281171735,0.0019368641682082218,0.00510251403198509,0.0003235787353929481,0.0038573477118315496,0.0006273443174411351,4.0580200735925936e-05,0.0002742745019281916,,,,,,,,,,,
6195.680855682049,0.0019321629225744767,0.005088775946626381,0.0003227894364101886,0.003843507180773653,0.0006256651822483505,4.0496357847260355e-05,0.00027285944230582475,,,,,,,,,,,
6203.95401575577,0.00192747308801998,0.005075074849894885,0.00032200206274827494,0.0038297163108597094,0.0006239905413897268,4.041268818666789e-05,0.00027145168337572425,,,,,,,,,,,
6212.238223070181,0.0019227946368472282,0.005061410642201846,0.00032121660971080965,0.003815974923900788,0.0006223203828358312,4.0329191396241425e-05,0.00027005118747155504,,,,,,,,,,,
6220.53349237677,0.0019181275414259622,0.005047783224226683,0.0003204330726128542,0.003802282842347348,0.0006206546945894336,4.024586711881342e-05,0.0002686579171213165,,,,,,,,,,,
6228.8398384467455,0.001913471774192971,0.005034192496916189,0.0003196514467808953,0.003788639889286877,0.0006189934646854107,4.016271499795394e-05,0.00026727183504633354,,,,,,,,,,,
6237.15727607102,0.0019088273076519676,0.005020638361483885,0.00031887172755282227,0.0037750458884416908,0.0006173366811906695,4.007973467797006e-05,0.00026589290416026537,,,,,,,,,,,
6245.4858200602785,0.0019041941143733837,0.005007120719409227,0.00031809391027789395,0.003761500664166545,0.0006156843322040522,3.999692580390315e-05,0.00026452108756810683,,,,,,,,,,,
6253.825485244958,0.0018995721669942474,0.004993639472436979,0.00031731799031671596,0.0037480040414464883,0.0006140364058562597,3.991428802152834e-05,0.00026315634856520856,,,,,,,,,,,
6262.1762864753255,0.001894961438217987,0.0049801945225763965,0.00031654396304120903,0.0037345558458944904,0.0006123928903097578,3.983182097735248e-05,0.00026179865063628594,,,,,,,,,,,
6270.538238621451,0.0018903619008143007,0.004966785772100613,0.00031577182383458487,0.0037211559037492745,0.0006107537737587008,3.97495243186129e-05,0.0002604479574544523,,,,,,,,,,,
6278.911356573286,0.001885773527618971,0.004953413123545839,0.0003150015680913143,0.003707804041873006,0.0006091190444288373,3.966739769327552e-05,0.00025910423288023616,,,,,,,,,,,
6287.295655240645,0.001881196291533721,0.004940076479710732,0.0003142331912171044,0.0036945000877491017,0.0006074886905774346,3.9585440750033755e-05,0.0002577674409606244,,,,,,,,,,,
6295.691149553255,0.0018766301655260493,0.004926775743655655,0.0003134666886288691,0.0036812438694799987,0.0006058627004931901,3.95036531383071e-05,0.0002564375459280942,,,,,,,,,,,
6304.097854460794,0.0018720751226290581,0.004913510818701941,0.00031270205575469957,0.003668035215784883,0.0006042410624961446,3.942203450823891e-05,0.00025511451219965565,,,,,,,,,,,
6312.51578493288,0.001867531135941318,0.004900281608431263,0.0003119392880338416,0.003654873955997547,0.0006026237649376038,3.934058451069568e-05,0.00025379830437590454,,,,,,,,,,,
6320.944955959142,0.0018629981786266868,0.004887088016684848,0.00031117838091666427,0.00364175992006412,0.0006010107962000492,3.92593027972652e-05,0.00025248888724006905,,,,,,,,,,,
6329.385382549204,0.0018584762239141689,0.004873929947562877,0.0003104193298646361,0.00362869293854093,0.0005994021446970619,3.9178189020255174e-05,0.0002511862257570739,,,,,,,,,,,
6337.837079732754,0.001853965245097736,0.004860807305423678,0.0003096621303502941,0.0036156728425922524,0.00059779779887323,3.909724283269144e-05,0.00024989028507259634,,,,,,,,,,,
6346.300062559527,0.0018494652155361965,0.004847719994883129,0.0003089067778572216,0.003602699463988204,0.0005961977472040753,3.901646388831697e-05,0.00024860103051214016,,,,,,,,,,,
6354.774346099376,0.001844976108653007,0.004834667920813886,0.0003081532678800161,0.003589772635102474,0.000594601978195961,3.8935851841590036e-05,0.0002473184275801016,,,,,,,,,,,
6363.259945442255,0.0018404978979361527,0.004821650988344763,0.0003074015959242674,0.003576892188910263,0.0005930104803860187,3.8855406347682946e-05,0.00024604244195885246,,,,,,,,,,,
6371.756875698291,0.0018360305569379484,0.0048086691028599695,0.00030665175750652676,0.0035640579589860297,0.0005914232423420561,3.877512706248019e-05,0.0002447730395078158,,,,,,,,,,,
6380.26515199777,0.0018315740592749182,0.004795722169998489,0.0003059037481542828,0.003551269779501406,0.0005898402526624845,3.869501364257741e-05,0.00024351018626255763,,,,,,,,,,,
6388.784789491179,0.0018271283786276248,0.004782810095653363,0.000305157563405934,0.003538527485223046,0.0005882614999762315,3.861506574527999e-05,0.00024225384843387708,,,,,,,,,,,
6397.315803349258,0.0018226934887405032,0.004769932785970974,0.0003044131988107604,0.0035258309115104285,0.0005866869729426571,3.853528302860089e-05,0.00024100399240689732,,,,,,,,,,,
6405.858208762978,0.0018182693634217308,0.004757090147350453,0.0003036706499289007,0.0035131798943138343,0.0005851166602514803,3.8455665151259955e-05,0.00023976058474017508,,,,,,,,,,,
6414.4120209436205,0.0018138559765430492,0.004744282086442888,0.0003029299123313215,0.0035005742701721258,0.0005835505506226878,3.837621177268208e-05,0.00023852359216479607,,,,,,,,,,,
6422.977255122751,0.0018094533020396291,0.004731508510150744,0.00030219098159979497,0.0034880138762107115,0.0005819886328064632,3.829692255299589e-05,0.00023729298158349456,,,,,,,,,,,
6431.553926552302,0.0018050613139098943,0.004718769325627107,0.0003014538533268692,0.003475498550139382,0.0005804308955830961,3.8217797153032e-05,0.00023606872006975816,,,,,,,,,,,
6440.142050504546,0.0018006799862153933,0.004706064440275081,0.00030071852311584475,0.003463028130250268,0.0005788773277629114,3.813883523432201e-05,0.00023485077486695645,,,,,,,,,,,
6448.741642272174,0.0017963092930806247,0.0046933937617470445,0.00029998498658074477,0.0034506024554156927,0.0005773279181861793,3.806003645909676e-05,0.00023363911338745492,,,,,,,,,,,
6457.352717168272,0.0017919492086929023,0.004680757197944048,0.0002992532393462936,0.0034382213650861622,0.0005757826557230445,3.798140049028501e-05,0.00023243370321175265,,,,,,,,,,,
6465.975290526398,0.0017875997073021808,0.004668154657015077,0.0002985232770478855,0.003425884699288197,0.000574241529273437,3.7902926991511666e-05,0.00023123451208760534,,,,,,,,,,,
6474.609377700562,0.0017832607632209314,0.004655586047356447,0.0002977950953315635,0.00341359229862237,0.0005727045277670016,3.782461562709714e-05,0.0002300415079291716,,,,,,,,,,,
6483.2549940653,0.0017789323508239604,0.004643051277611088,0.00029706868985398963,0.003401344004261153,0.0005711716401630092,3.774646606205487e-05,0.0002288546588161462,,,,,,,,,,,
6491.91215501566,0.0017746144445482822,0.004630550256667915,0.0002963440562824213,0.0033891396579469268,0.0005696428554502853,3.766847796209069e-05,0.0002276739329929122,,,,,,,,,,,
6500.5808759672445,0.0017703070188929643,0.0046180828936611545,0.00029562119029468516,0.003376979101989929,0.0005681181626471281,3.759065099360107e-05,0.0002264992988676887,,,,,,,,,,,
6509.261172356264,0.001766010048418954,0.004605649097969656,0.00029490008757914886,0.0033648621792661594,0.0005665975508012251,3.751298482367173e-05,0.00022533072501168376,,,,,,,,,,,
6517.9530596395125,0.0017617235077489635,0.004593248779216293,0.00029418074383469995,0.003352788733215444,0.0005650810089895838,3.743547912007631e-05,0.00022416818015825814,,,,,,,,,,,
6526.65655329445,0.0017574473715672855,0.004580881847267238,0.00029346315477071495,0.003340758607839321,0.0005635685263184426,3.735813355127462e-05,0.00022301163320208312,,,,,,,,,,,
6535.371668819177,0.001753181614619674,0.004568548212231377,0.00029274731610703876,0.003328771647699097,0.0005620600919232031,3.72809477864117e-05,0.00022186105319831477,,,,,,,,,,,
6544.098421732517,0.0017489262117131722,0.00455624778445958,0.0002920332235739551,0.0033168276979137798,0.0005605556949683423,3.72039214953161e-05,0.000220716409361758,,,,,,,,,,,
6552.836827573989,0.001744681137715981,0.0045439804745441275,0.00029132087291216423,0.0033049266041581316,0.0005590553246473428,3.712705434849861e-05,0.00021957767106605186,,,,,,,,,,,
6561.586901903886,0.001740446367557291,0.004531746193317995,0.0002906102598727541,0.0032930682126606193,0.0005575589701826082,3.705034601715048e-05,0.00021844480784284078,,,,,,,,,,,
6570.348660303256,0.0017362218762271588,0.0045195448518542585,0.0002899013802171791,0.0032812523702014955,0.0005560666208253934,3.6973796173142836e-05,0.0002173177893809687,,,,,,,,,,,
6579.122118373977,0.0017320076387763313,0.0045073763614653884,0.00028919422971723037,0.003269478924110731,0.0005545782658557187,3.689740448902423e-05,0.00021619658552565882,,,,,,,,,,,
6587.907291738734,0.0017278036303161324,0.004495240633702676,0.0002884888041550149,0.0032577477222661398,0.0005530938945823017,3.6821170638020056e-05,0.00021508116627771577,,,,,,,,,,,
6596.704196041101,0.0017236098260182777,0.004483137580355517,0.0002877850993229269,0.003246058613091326,0.0005516134963424714,3.6745094294030796e-05,0.00021397150179271415,,,,,,,,,,,
6605.512846945518,0.0017194262011147592,0.004471067113450833,0.00028708311102362474,0.003234411445553784,0.0005501370605020998,3.6669175131630664e-05,0.00021286756238020785,,,,,,,,,,,
6614.333260137344,0.0017152527308976874,0.004459029145252408,0.00028638283507000583,0.00322280606916294,0.0005486645764555218,3.659341282606634e-05,0.00021176931850293133,,,,,,,,,,,
6623.165451322905,0.001711089390719134,0.004447023588260218,0.0002856842672851792,0.0032112423339681526,0.0005471960336254561,3.651780705325517e-05,0.00021067674077600832,,,,,,,,,,,
6632.009436229469,0.0017069361559910094,0.004435050355209859,0.00028498740350244494,0.003199720090556866,0.0005457314214629364,3.644235748978459e-05,0.00020958979996617012,,,,,,,,,,,
6640.865230605334,0.0017027930021848972,0.004423109359071855,0.00028429223956526444,0.0031882391900525915,0.0005442707294472272,3.636706381290974e-05,0.00020850846699096807,,,,,,,,,,,
6649.732850219799,0.001698659904831926,0.0044112005130510735,0.0002835987713272401,0.003176799484113054,0.0005428139470857573,3.629192570055289e-05,0.0002074327129180007,,,,,,,,,,,
6658.612310863248,0.0016945368395226035,0.004399323730586039,0.0002829069946520871,0.0031654008249282174,0.0005413610639140348,3.621694283130165e-05,0.00020636250896413435,,,,,,,,,,,
6667.503628347122,0.0016904237819066986,0.00438747892534837,0.0002822169054136117,0.003154043065218429,0.0005399120694955815,3.614211488440781e-05,0.00020529782649473827,,,,,,,,,,,
6676.406818504002,0.0016863207076930745,0.004375666011242081,0.00028152849949568295,0.003142726058232459,0.0005384669534218487,3.606744153978561e-05,0.0002042386370229133,,,,,,,,,,,
6685.321897187585,0.001682227592649564,0.004363884902403031,0.0002808417727922127,0.0031314496577456758,0.0005370257053121512,3.599292247801085e-05,0.0002031849122087348,,,,,,,,,,,
6694.248880272763,0.0016781444126028058,0.004352135513198222,0.00028015672120712635,0.0031202137180580654,0.0005355883148135847,3.591855738031924e-05,0.0002021366238584892,,,,,,,,,,,
6703.187783655599,0.0016740711434381258,0.004340417758225253,0.0002794733406543428,0.0031090180939924482,0.0005341547716009592,3.584434592860512e-05,0.0002010937439239249,,,,,,,,,,,
6712.1386232534105,0.0016700077610993698,0.004328731552311621,0.0002787916270577466,0.003097862640892517,0.0005327250653767164,3.5770287805419895e-05,0.00020005624450149655,,,,,,,,,,,
6721.101415004749,0.0016659542415887812,0.004317076810514182,0.00027811157635116595,0.0030867472146210223,0.0005312991858708637,3.5696382693970966e-05,0.00019902409783162278,,,,,,,,,,,
6730.076174869447,0.0016619105609668576,0.004305453448118484,0.00027743318447834785,0.0030756716715579064,0.0005298771228408967,3.56226302781205e-05,0.00019799727629794253,,,,,,,,,,,
6739.062918828671,0.0016578766953521883,0.004293861380638135,0.0002767564473929319,0.003064635868598393,0.0005284588660717231,3.554903024238339e-05,0.0001969757524265721,,,,,,,,,,,
6748.061662884898,0.001653852620921344,0.004282300523814253,0.0002760813610584303,0.003053639663151227,0.0005270444053755957,3.547558227192663e-05,0.00019595949888537715,,,,,,,,,,,
6757.072423062004,0.0016498383139087066,0.0042707707936147825,0.0002754079214481989,0.0030426829131367456,0.0005256337305920317,3.5402286052567664e-05,0.00019494848848323435,,,,,,,,,,,
6766.095215405231,0.0016458337506063557,0.004259272106233949,0.00027473612454541785,0.0030317654769851103,0.0005242268315877479,3.532914127077309e-05,0.00019394269416930963,,,,,,,,,,,
6775.130055981275,0.0016418389073639065,0.004247804378091584,0.00027406596634306393,0.0030208872136344243,0.0005228236982565792,3.5256147613657106e-05,0.00019294208903232945,,,,,,,,,,,
6784.176960878259,0.0016378537605883888,0.004236367525832586,0.0002733974428438896,0.003010047982528957,0.0005214243205194149,3.5183304768980586e-05,0.00019194664629986548,,,,,,,,,,,
6793.235946205815,0.0016338782867440862,0.004224961466326243,0.0002727305500603957,0.00299924764361728,0.0005200286883241172,3.5110612425149446e-05,0.00019095633933761353,,,,,,,,,,,
6802.307028095061,0.0016299124623524223,0.004213586116665712,0.000272065284014812,0.002988486057350518,0.0005186367916454587,3.503807027121345e-05,0.00018997114164868574,,,,,,,,,,,
6811.39022269868,0.0016259562639917946,0.00420224139416732,0.00027140164073906895,0.0029777630846804645,0.0005172486204850393,3.4965677996864544e-05,0.00018899102687289676,,,,,,,,,,,
6820.485546190905,0.0016220096682974649,0.004190927216370045,0.00027073961627477783,0.0029670785870578717,0.0005158641648712254,3.4893435292436224e-05,0.00018801596878606245,,,,,,,,,,,
6829.593014767566,0.0016180726519614027,0.004179643501034884,0.0002700792066732053,0.0029564324264306067,0.0005144834148590723,3.482134184890157e-05,0.00018704594129929743,,,,,,,,,,,
6838.712644646141,0.0016141451917321432,0.0041683901661442304,0.00026942040799524927,0.0029458244652418634,0.0005131063605302509,3.474939735787201e-05,0.00018608091845831318,,,,,,,,,,,
6847.844452065733,0.0016102272644146717,0.004157167129901336,0.00026876321631141755,0.002935254566428438,0.0005117329919929833,3.467760151159635e-05,0.00018512087444273048,,,,,,,,,,,
6856.98845328716,0.0016063188468702604,0.004145974310729649,0.00026810762770180114,0.002924722593418878,0.0005103632993819636,3.460595400295917e-05,0.00018416578356538095,,,,,,,,,,,
6866.144664592925,0.0016024199160163564,0.004134811627272292,0.0002674536382560552,0.0029142284101318075,0.0005089972728582952,3.453445452547963e-05,0.00018321562027162735,,,,,,,,,,,
6875.3131022873,0.001598530448826426,0.0041236789983913925,0.0002668012440733707,0.002903771880974087,0.000507634902609412,3.446310277330994e-05,0.0001822703591386723,,,,,,,,,,,
6884.493782696301,0.001594650422329834,0.004112576343167585,0.00026615044126245647,0.002893352870839125,0.0005062761788490162,3.43918984412344e-05,0.0001813299748748855,,,,,,,,,,,
6893.686722167772,0.0015907798136116898,0.004101503580899323,0.0002655012259415104,0.0028829712451050814,0.0005049210918169995,3.432084122466786e-05,0.00018039444231911963,,,,,,,,,,,
6902.8919370713575,0.001586918599812734,0.004090460631102382,0.0002648535942382025,0.0028726268696331768,0.0005035696317793815,3.424993081965455e-05,0.0001794637364400445,,,,,,,,,,,
6912.109443798591,0.0015830667581291844,0.004079447413509199,0.0002642075422896452,0.0028623196107659074,0.0005022217890282313,3.417916692286642e-05,0.00017853783233547,,,,,,,,,,,
6921.339258762863,0.0015792242658126167,0.004068463848068359,0.0002635630662423762,0.00285204933532538,0.0005008775538816062,3.410854923160261e-05,0.00017761670523168706,,,,,,,,,,,
6930.581398399512,0.0015753911001698119,0.004057509854943946,0.0002629201622523307,0.002841815910611513,0.000499536916683474,3.403807744378718e-05,0.00017670033048279755,,,,,,,,,,,
6939.835879165799,0.0015715672385626421,0.004046585354515021,0.0002622788264848223,0.002831619204400403,0.0004981998678036505,3.396775125796861e-05,0.00017578868357006139,,,,,,,,,,,
6949.102717540963,0.0015677526584079284,0.004035690267375014,0.00026163905511451834,0.002821459084942567,0.0004968663976377275,3.389757037331811e-05,0.00017488174010123688,,,,,,,,,,,
6958.381930026266,0.0015639473371772952,0.004024824514331125,0.00026100084432541547,0.0028113354209612375,0.0004955364966070007,3.382753448962847e-05,0.00017397947580992737,,,,,,,,,,,
6967.673533144978,0.0015601512523970664,0.004013988016403818,0.00026036419031082153,0.0028012480816507037,0.000494210155158408,3.375764330731278e-05,0.0001730818665549355,,,,,,,,,,,
6976.977543442462,0.0015563643816480976,0.004003180694826157,0.00025972908927332695,0.0027911969366745714,0.0004928873637644525,3.368789652740283e-05,0.00017218888831961308,,,,,,,,,,,
6986.293977486143,0.0015525867025656755,0.003992402471043318,0.0002590955374247876,0.002781181856164138,0.0004915681129231429,3.361829385154861e-05,0.00017130051721122268,,,,,,,,,,,
6995.622851865601,0.0015488181928393586,0.003981653266711943,0.0002584635309862975,0.0027712027107166513,0.0004902523931579162,3.354883498201605e-05,0.00017041672946029415,,,,,,,,,,,
7004.9641831925355,0.0015450588302128696,0.003970933003699644,0.0002578330661881706,0.0027612593713936926,0.0004889401950175786,3.347951962168648e-05,0.0001695375014199929,,,,,,,,,,,
7014.317988100859,0.0015413085924839446,0.003960241604084361,0.0002572041392699142,0.002751351709719465,0.0004876315090762287,3.341034747405506e-05,0.00016866280956548283,,,,,,,,,,,
7023.684283246666,0.001537567457504218,0.003949578990153869,0.0002565767464802101,0.0027414795976791776,0.00048632632593319854,3.334131824322963e-05,0.0001677926304933013,,,,,,,,,,,
7033.063085308321,0.001533835403179073,0.00393894508440514,0.00025595088407688946,0.0027316429077173425,0.00048502463621297783,3.327243163392915e-05,0.00016692694092072867,,,,,,,,,,,
7042.454410986432,0.0015301124074675323,0.003928339809543848,0.0002553265483269129,0.0027218415127361886,0.00048372643056515425,3.320368735148289e-05,0.00016606571768516942,,,,,,,,,,,
7051.858277003932,0.0015263984483821099,0.003917763088483753,0.0002547037355063451,0.0027120752860939393,0.00048243169966433885,3.313508510182885e-05,0.00016520893774352825,,,,,,,,,,,
7061.274700106067,0.001522693503988694,0.003907214844346176,0.0002540824419003361,0.0027023441016032585,0.00048114043421010615,3.306662459151261e-05,0.00016435657817159767,,,,,,,,,,,
7070.703697060441,0.0015189975524064127,0.003896695000459433,0.00025346266380309743,0.0026926478335295716,0.0004798526249269225,3.299830552768611e-05,0.00016350861616344222,,,,,,,,,,,
7080.145284657071,0.0015153105718074965,0.0038862034803582453,0.0002528443975178786,0.0026829863565894364,0.0004785682625640795,3.293012761810608e-05,0.00016266502903078728,,,,,,,,,,,
7089.599479708363,0.0015116325404171684,0.0038757402077832437,0.0002522276393569482,0.0026733595459489624,0.00047728733789563233,3.2862090571133545e-05,0.0001618257942024155,,,,,,,,,,,
7099.066299049204,0.0015079634365134907,0.0038653051066803485,0.0002516123856415691,0.0026637672772221502,0.00047600984172032636,3.279419409573158e-05,0.00016099088922355882,,,,,,,,,,,
7108.54575953693,0.0015043032384272675,0.003854898101200282,0.0002509986327019788,0.0026542094264693397,0.0004747357648615386,3.2726437901464863e-05,0.00016016029175530165,,,,,,,,,,,
7118.037878051417,0.0015006519245418818,0.003844519115697951,0.00025038637687736467,0.002644685870195548,0.00047346509816720403,3.2658821698498073e-05,0.00015933397957397917,,,,,,,,,,,
7127.542671495051,0.0014970094732931997,0.003834168074731959,0.0002497756145158458,0.002635196485348927,0.0004721978325097579,3.2591345197594786e-05,0.00015851193057058672,,,,,,,,,,,
7137.060156792818,0.0014933758631694165,0.0038238449030640097,0.0002491663419744472,0.0026257411493191313,0.00047093395878606214,3.252400811011596e-05,0.0001576941227501843,,,,,,,,,,,
7146.590350892273,0.0014897510727109522,0.003813549525658398,0.00024855855561908195,0.002616319739935772,0.00046967346791734776,3.245681014801912e-05,0.00015688053423131194,,,,,,,,,,,
7156.133270763633,0.0014861350805103074,0.0038032818676814193,0.0002479522518245264,0.0026069321354668,0.00046841635084914193,3.238975102385686e-05,0.00015607114324540035,,,,,,,,,,,
7165.688933399745,0.0014825278652119513,0.0037930418545008837,0.0002473474269744011,0.0025975782146169723,0.00046716259855121074,3.2322830450775705e-05,0.0001552659281361924,,,,,,,,,,,
7175.257355816176,0.0014789294055121776,0.0037828294116855105,0.00024674407746114613,0.002588257856526241,0.0004659122020174865,3.2256048142514624e-05,0.00015446486735915977,,,,,,,,,,,
7184.838555051192,0.0014753396801589986,0.0037726444650044424,0.000246142199686003,0.0025789709407682405,0.00046466515226600976,3.218940381340439e-05,0.0001536679394809297,,,,,,,,,,,
7194.432548165811,0.0014717586679520085,0.003762486940426683,0.0002455417900589916,0.002569717347348697,0.0004634214403388621,3.212289717836583e-05,0.00015287512317871095,,,,,,,,,,,
7204.0393522438535,0.001468186347742256,0.003752356764120534,0.0002449428449988872,0.0025604969567038756,0.00046218105730209876,3.205652795290862e-05,0.00015208639723972,,,,,,,,,,,
7213.658984391924,0.0014646226984321308,0.00374225386245311,0.0002443453609332026,0.0025513096496990674,0.00046094399424569105,3.199029585313043e-05,0.00015130174056061918,,,,,,,,,,,
7223.291461739499,0.0014610676989752212,0.003732178161989757,0.0002437493342981634,0.0025421553076270084,0.0004597102422834551,3.192420059571545e-05,0.0001505211321469459,,,,,,,,,,,
7232.936801438899,0.0014575213283762123,0.003722129589493556,0.00024315476153868968,0.002533033812206394,0.00045847979255299505,3.1858241897933256e-05,0.0001497445511125569,,,,,,,,,,,
7242.595020665376,0.0014539835656907382,0.003712108071924746,0.00024256163910837153,0.0025239450455802974,0.0004572526362156325,3.179241947763736e-05,0.00014897197667906346,,,,,,,,,,,
7252.266136617089,0.0014504543900252804,0.0037021135364402502,0.00024196996346945176,0.002514888890314696,0.00045602876445635,3.1726733053264636e-05,0.00014820338817528143,,,,,,,,,,,
7261.950166515189,0.0014469337805370266,0.003692145910393084,0.00024137973109280075,0.0025058652293969115,0.00045480816848372037,3.166118234383327e-05,0.00014743876503667212,,,,,,,,,,,
7271.6471276037955,0.0014434217164337626,0.0036822051213318894,0.00024079093845789912,0.0024968739462341385,0.0004535908395298513,3.159576706894222e-05,0.00014667808680479813,,,,,,,,,,,
7281.357037150082,0.001439918176973732,0.003672291097000348,0.00024020358205281383,0.0024879149246518975,0.0004523767688503146,3.1530486948769737e-05,0.00014592133312676985,,,,,,,,,,,
7291.079912444251,0.0014364231414655336,0.003662403765336715,0.00023961765837417966,0.0024789880488925746,0.0004511659477240909,3.146534170407226e-05,0.00014516848375470694,,,,,,,,,,,
7300.815770799621,0.0014329365892679822,0.0036525430544732318,0.0002390331639271753,0.0024700932036138814,0.00044995836745349957,3.1400331056183e-05,0.0001444195185451911,,,,,,,,,,,
7310.564629552607,0.001429458499789998,0.0036427088927356716,0.00023845009522550578,0.002461230273887413,0.0004487540193641428,3.1335454727011095e-05,0.00014367441745873112,,,,,,,,,,,
7320.326506062775,0.0014259888524904827,0.003632901208642773,0.00023786844879138025,0.0024523991451971296,0.00044755289480484056,3.127071243904021e-05,0.00014293316055922527,,,,,,,,,,,
7330.101417712892,0.001422527626878187,0.003623119930905714,0.0002372882211554896,0.0024435997034378738,0.0004463549851475659,3.1206103915327344e-05,0.00014219572801342636,,,,,,,,,,,
7339.889381908907,0.0014190748025116112,0.0036133649884276388,0.00023670940885698908,0.0024348318349139285,0.00044516028178738786,3.11416288795018e-05,0.00014146210009041433,,,,,,,,,,,
7349.690416080043,0.0014156303589988584,0.003603636310303088,0.00023613200844347471,0.0024260954263375057,0.00044396877614240495,3.107728705576361e-05,0.00014073225716106463,,,,,,,,,,,
7359.504537678764,0.0014121942759975443,0.0035939338258175356,0.00023555601647096507,0.002417390364827333,0.0004427804596536889,3.1013078168883085e-05,0.0001400061796975272,,,,,,,,,,,
7369.331764180869,0.0014087665332146444,0.003584257464446821,0.00023498142950387793,0.0024087165379071316,0.0004415953237852165,3.0949001944198754e-05,0.00013928384827269897,,,,,,,,,,,
7379.172113085465,0.0014053471104064036,0.0035746071558566913,0.00023440824411501325,0.002400073833504234,0.0004404133600238155,3.088505810761687e-05,0.0001385652435597096,,,,,,,,,,,
7389.025601915051,0.0014019359873781911,0.003564982829902232,0.00023383645688552902,0.0023914621399480705,0.00043923455987909614,3.082124638560993e-05,0.00013785034633139872,,,,,,,,,,,
7398.892248215499,0.001398533143984405,0.0035553844166274257,0.00023326606440492444,0.0023828813459687796,0.0004380589148833975,3.0757566505215626e-05,0.00013713913745980714,,,,,,,,,,,
7408.772069556138,0.0013951385601283326,0.0035458118462645674,0.00023269706327101663,0.0023743313406957255,0.0004368864165917194,3.0694018194035445e-05,0.00013643159791565938,,,,,,,,,,,
7418.665083529735,0.001391752215762047,0.00353626504923382,0.00023212945008992234,0.0023658120136560994,0.0004357170565816679,3.063060118023379e-05,0.00013572770876785963,,,,,,,,,,,
7428.571307752547,0.0013883740908862826,0.0035267439561426843,0.00023156322147603717,0.002357323254773487,0.00043455082645339256,3.056731519253689e-05,0.00013502745118298235,,,,,,,,,,,
7438.49075986438,0.0013850041655503094,0.0035172484977854736,0.00023099837405201373,0.0023488649543664175,0.0004333877178295228,3.050415996023109e-05,0.00013433080642476794,,,,,,,,,,,
7448.4234575285645,0.0013816424198518317,0.00350777860514286,0.0002304349044487448,0.0023404370031469878,0.00043222772235511434,3.0441135213162297e-05,0.000133637755853624,,,,,,,,,,,
7458.369418432043,0.0013782888339368554,0.003498334209381315,0.0002298728093053395,0.002332039292219412,0.00043107083169758215,3.0378240681734528e-05,0.00013294828092612348,,,,,,,,,,,
7468.32866028535,0.0013749433879995836,0.0034889152418526677,0.0002293120852691068,0.0023236717130786524,0.00042991703754664736,3.031547609690887e-05,0.00013226236319451173,,,,,,,,,,,
7478.301200822697,0.0013716060622822829,0.0034795216340935443,0.00022875272899553246,0.0023153341576089745,0.0004287663316142708,3.025284119020209e-05,0.00013157998430620964,,,,,,,,,,,
7488.2870578019465,0.0013682768370751881,0.0034701533178249427,0.00022819473714826184,0.0023070265180826035,0.0004276187056346003,3.019033569368586e-05,0.00013090112600332583,,,,,,,,,,,
7498.286249004703,0.0013649556927163636,0.003460810224951656,0.0002276381063990768,0.002298748687158266,0.00042647415136390447,3.0127959339985342e-05,0.00013022577012216502,,,,,,,,,,,
7508.298792236285,0.0013616426095916074,0.0034514922875618506,0.00022708283342787964,0.0022905005578798742,0.00042533266058052024,3.0065711862278198e-05,0.00012955389859274505,,,,,,,,,,,
7518.324705325818,0.0013583375681343196,0.003442199437926511,0.00022652891492266937,0.0022822820236750815,0.0004241942250847872,3.0003592994293186e-05,0.0001288854934383104,,,,,,,,,,,
7528.364006126204,0.0013550405488253995,0.003432931608499004,0.00022597634757952576,0.002274092978353954,0.00042305883669899516,2.9941602470309386e-05,0.00012822053677485424,,,,,,,,,,,
7538.416712514212,0.0013517515321931149,0.0034236887319145336,0.0002254251281025857,0.0022659333161075585,0.000421926487267319,2.9879740025154833e-05,0.00012755901081063683,,,,,,,,,,,
7548.482842390464,0.0013484704988130046,0.003414470740989697,0.0002248752532040277,0.0022578029315066255,0.0004207971686557656,2.981800539420542e-05,0.00012690089784571208,,,,,,,,,,,
7558.5624136794795,0.0013451974293077534,0.0034052775687219775,0.00022432671960404945,0.002249701719500184,0.0004196708727521134,2.9756398313383796e-05,0.00012624618027145342,,,,,,,,,,,
7568.655444329741,0.001341932304347076,0.0033961091482892333,0.00022377952403084792,0.002241629575414174,0.00041854759146585103,2.969491851915821e-05,0.00012559484057008015,,,,,,,,,,,
7578.761952313664,0.0013386751046476136,0.003386965413049273,0.00022323366322060266,0.0022335863949501365,0.0004174273167281255,2.963356574854147e-05,0.00012494686131419325,,,,,,,,,,,
7588.881955627693,0.0013354258109728023,0.003377846296539296,0.00022268913391745282,0.0022255720741838287,0.00041631004049167726,2.957233973908954e-05,0.00012430222516630405,,,,,,,,,,,
7599.015472292276,0.0013321844041327816,0.003368751732475478,0.00022214593287348135,0.0022175865095639138,0.0004151957547307894,2.9511240228900817e-05,0.00012366091487837541,,,,,,,,,,,
7609.162520351951,0.0013289508649842574,0.0033596816547524304,0.0002216040568486917,0.0022096295979105885,0.00041408445144122327,2.9450266956614754e-05,0.0001230229132913552,,,,,,,,,,,
7619.323117875321,0.0013257251744304157,0.0033506359974427758,0.00022106350261099305,0.0022017012364142943,0.00041297612264016653,2.938941966141085e-05,0.00012238820333472202,,,,,,,,,,,
7629.49728295515,0.0013225073134207805,0.003341614694796613,0.0002205242669361761,0.0021938013226343303,0.0004118707603661712,2.9328698083007257e-05,0.00012175676802602412,,,,,,,,,,,
7639.685033708326,0.001319297262951128,0.003332617681241094,0.00021998634660789828,0.0021859297544975964,0.0004107683566791016,2.9268101961660315e-05,0.00012112859047042868,,,,,,,,,,,
7649.886388275963,0.0013160950040633514,0.003323644891379893,0.00021944973841766087,0.002178086430297212,0.00040966890366007133,2.9207631038162598e-05,0.00012050365386026654,,,,,,,,,,,
7660.1013648233675,0.0013129005178453695,0.0033146962599927823,0.0002189144391647933,0.002170271248691253,0.00040857239341139266,2.914728505384247e-05,0.00011988194147458559,,,,,,,,,,,
7670.329981540132,0.001309713785430999,0.0033057717220351165,0.00021838044565643055,0.0021624841087014,0.0004074788180565132,2.9087063750562674e-05,0.00011926343667870032,,,,,,,,,,,
7680.572256640116,0.001306534787999853,0.0032968712126373884,0.000217847754707497,0.0021547249097116656,0.00040638816973996556,2.90269668707193e-05,0.00011864812292374926,,,,,,,,,,,
7690.8282083614995,0.0013033635067772273,0.003287994667104749,0.000217316363140687,0.002146993551467088,0.00040530044062730774,2.8966994157240726e-05,0.00011803598374625167,,,,,,,,,,,
7701.097854966838,0.0013001999230339814,0.0032791420209165147,0.00021678626778644328,0.002139289934072411,0.00040421562290506507,2.8907145353586294e-05,0.00011742700276766464,,,,,,,,,,,
7711.381214743045,0.0012970440180864438,0.003270313209725746,0.0002162574654829419,0.0021316139579908304,0.00040313370878067935,2.8847420203745555e-05,0.00011682116369394917,,,,,,,,,,,
7721.678306001483,0.0012938957732962864,0.003261508169358724,0.00021572995307606981,0.002123965524042673,0.0004020546904824465,2.8787818452236957e-05,0.0001162184503151294,,,,,,,,,,,
7731.989147077932,0.0012907551700704276,0.0032527268358145396,0.00021520372741940945,0.00211634453340415,0.0004009785602594673,2.8728339844106846e-05,0.00011561884650486375,,,,,,,,,,,
7742.313756332691,0.0012876221898609063,0.0032439691452645744,0.00021467878537421653,0.0021087508876060403,0.00039990531038158517,2.8668984124928102e-05,0.00011502233622000859,,,,,,,,,,,
7752.652152150541,0.0012844968141647924,0.003235235034052085,0.00021415512380940449,0.0021011844885324665,0.0003988349331393371,2.8609751040799688e-05,0.00011442890350019375,,,,,,,,,,,
7763.004352940848,0.0012813790245240556,0.0032265244386917033,0.00021363273960152334,0.0020936452384195687,0.00039776742084389184,2.8550640338344733e-05,0.00011383853246739078,,,,,,,,,,,
7773.370377137523,0.0012782688025254816,0.003217837295869006,0.00021311162963474315,0.0020861330398543043,0.0003967027658270011,2.8491651764710113e-05,0.0001132512073254928,,,,,,,,,,,
7783.750243199129,0.0012751661298005352,0.0032091735424400153,0.00021259179080083281,0.0020786477957731326,0.00039564096044093804,2.8432785067565066e-05,0.00011266691235988718,,,,,,,,,,,
7794.143969608843,0.0012720709880252785,0.0032005331154307893,0.00021207321999914484,0.0020711894094608057,0.0003945819970584487,2.8374039995100225e-05,0.00011208563193703972,,,,,,,,,,,
7804.551574874553,0.001268983358920239,0.0031919159520369133,0.0002115559141365933,0.0020637577845490818,0.00039352586807269086,2.8315416296026316e-05,0.00011150735050407177,,,,,,,,,,,
7814.97307752884,0.0012659032242503217,0.003183321989623086,0.0002110398701276383,0.002056352825015508,0.00039247256589718506,2.8256913719573367e-05,0.00011093205258834816,,,,,,,,,,,
7825.40849612903,0.0012628305658246906,0.003174751165722647,0.00021052508489426705,0.0020489744351821757,0.00039142208296575763,2.81985320154897e-05,0.00011035972279706099,,,,,,,,,,,
7835.857849257252,0.0012597653654966598,0.0031662034180371026,0.00021001155536597298,0.0020416225197144593,0.0003903744117324839,2.8140270934040334e-05,0.0001097903458168173,,,,,,,,,,,
7846.321155520419,0.0012567076051635962,0.0031576786844357157,0.00020949927847974126,0.002034296983619821,0.00038932954467163966,2.80821302260065e-05,0.00010922390641323158,,,,,,,,,,,
7856.798433550317,0.0012536572667667973,0.0031491769029550138,0.00020898825118002693,0.0020269977322465486,0.0003882874742776406,2.8024109642684276e-05,0.00010866038943051546,,,,,,,,,,,
7867.289702003584,0.0012506143322914024,0.0031406980117983725,0.00020847847041874002,0.002019724671282566,0.00038724819306499506,2.7966208935883656e-05,0.00010809977979107496,,,,,,,,,,,
7877.7949795618015,0.0012475787837662713,0.003132241949335527,0.000207969933155224,0.0020124777067541803,0.0003862116935682436,2.790842785792724e-05,0.00010754206249510427,,,,,,,,,,,
7888.314284931462,0.00124455060326389,0.003123808654102172,0.00020746263635624092,0.0020052567450249076,0.0003851779683419117,2.785076616164953e-05,0.00010698722262018719,,,,,,,,,,,
7898.8476368440715,0.0012415297729002504,0.0031153980647994645,0.00020695657699595056,0.0019980616927942124,0.00038414700996045064,2.779322360039564e-05,0.00010643524532089513,,,,,,,,,,,
7909.395054056115,0.0012385162748347633,0.003107010120293629,0.00020645175205589474,0.0019908924570963588,0.00038311881101818864,2.7735799928020356e-05,0.00010588611582839258,,,,,,,,,,,
7919.956555349157,0.001235510091270133,0.0030986447596154615,0.00020594815852497658,0.001983748945299158,0.00038209336412927384,2.767849489888685e-05,0.00010533981945003932,,,,,,,,,,,
7930.532159529807,0.0012325112044522708,0.0030903019219599387,0.00020544579339944587,0.001976631065102812,0.00038107066192762584,2.7621308267865985e-05,0.0001047963415689999,,,,,,,,,,,
7941.121885429822,0.0012295195966701756,0.00308198154668572,0.0002049446536828776,0.0019695387245386867,0.0003800506970668771,2.7564239790335018e-05,0.00010425566764384987,,,,,,,,,,,
7951.725751906078,0.0012265352502558388,0.0030736835733147657,0.0002044447363861573,0.0019624718319681505,0.00037903346222032547,2.7507289222176634e-05,0.00010371778320818938,,,,,,,,,,,
7962.343777840633,0.0012235581475841376,0.003065407941531858,0.0002039460385274614,0.001955430296081387,0.00037801895008087924,2.745045631977788e-05,0.00010318267387025448,,,,,,,,,,,
7972.9759821407815,0.0012205882710727227,0.0030571545911841583,0.00020344855713223928,0.001948414025896189,0.0003770071533610025,2.7393740840029134e-05,0.00010265032531253157,,,,,,,,,,,
7983.6223837390335,0.0012176256031819293,0.0030489234622808076,0.00020295228923319718,0.0019414229307568196,0.0003759980647926679,2.7337142540323125e-05,0.0001021207232913764,,,,,,,,,,,
7994.283001593211,0.0012146701264146604,0.003040714494992444,0.00020245723187027785,0.001934456920332809,0.0003749916771272987,2.7280661178553662e-05,0.00010159385363663045,,,,,,,,,,,
8004.95785468642,0.0012117218233162943,0.0030325276296508147,0.00020196338209064614,0.0019275159046178163,0.0003739879831357223,2.7224296513114936e-05,0.0001010697022512443,,,,,,,,,,,
8015.646962027147,0.0012087806764745676,0.0030243628067482937,0.00020147073694866806,0.0019205997939284345,0.0003729869756081127,2.716804830290027e-05,0.00010054825511089796,,,,,,,,,,,
8026.350342649226,0.0012058466685194906,0.0030162199669375002,0.00020097929350589627,0.0019137084989030732,0.00037198864735394445,2.711191630730119e-05,0.00010002949826362807,,,,,,,,,,,
8037.068015611942,0.0012029197821232236,0.003008099051030813,0.00020048904883105005,0.00190684193050075,0.0003709929912019352,2.705590028620612e-05,9.951341782945218e-05,,,,,,,,,,,
8047.799999999997,0.0011999999999999995,0.003000000000000001,0.00020000000000000004,0.0018999999999999996,0.00037,2.6999999999999975e-05,9.899999999999994e-05,,,,,,,,,,,
