Photon Energy / eV,4p,5s,4d,5p,6s,4f,5d,6p,7s,6d,5f,Unnamed: 12,Unnamed: 13,Unnamed: 14,Unnamed: 15,Unnamed: 16,Unnamed: 17,Unnamed: 18
10.2,,,,,,,,,0.003899999999999999,9.198,,,,,,,,
10.21362017100584,,,,,,,,,0.0039301335594825945,9.192306033308205,,,,,,,,
10.22725852917425,,,,,,,,,0.0039604999475311145,9.18661559143231,,,,,,,,
10.24091509879075,,,,,,,,,0.003991100963107972,9.18092867219031,,,,,,,,
10.25458990417328,,,,,,,,,0.004021938419075372,9.175245273401528,,,,,,,,
10.26828296967226,,,,,,,,,0.0040530141423026946,9.169565392886653,,,,,,,,
10.281994319670622,,,,,,,,,0.004084329973774715,9.16388902846772,,,,,,,,
10.29572397858386,,,,,,,,,0.004115887768700699,9.158216177968107,,,,,,,,
10.30947197086006,,,,,,,,,0.004147689396624244,9.15254683921255,,,,,,,,
10.323238320979964,,,,,,,,,0.004179736741534122,9.146881010027123,,,,,,,,
10.337023053457003,,,,,,,,,0.004212031701975817,9.141218688239242,,,,,,,,
10.350826192837335,,,,,,,,,0.0042445761911640385,9.135559871677678,,,,,,,,
10.3646477636999,,,,,,,,,0.004277372137096056,9.12990455817254,,,,,,,,
10.378487790656457,,,,,,,,,0.004310421482665897,9.124252745555285,,,,,,,,
10.39234629835163,,,,,,,,,0.004343726185779479,9.11860443165871,,,,,,,,
10.406223311462949,,,,,,,,,0.004377288219470584,9.112959614316948,,,,,,,,
10.420118854700899,,,,,,,,,0.004411109572017733,9.107318291365479,,,,,,,,
10.434032952808957,,,,,,,,,0.004445192247062001,9.101680460641123,,,,,,,,
10.447965630563646,,,,,,,,,0.004479538263725697,9.096046119982038,,,,,,,,
10.461916912774575,,,,,,,,,0.004514149656732008,9.090415267227716,,,,,,,,
10.475886824284464,,,,,,,,,0.0045490284765254616,9.084787900219,,,,,,,,
10.489875389969226,,,,,,,,,0.004584176789393513,9.079164016798051,,,,,,,,
10.503882634737984,,,,,,,,,0.004619596677588883,9.07354361480838,,,,,,,,
10.51790858353312,,,,,,,,,0.004655290239452914,9.067926692094824,,,,,,,,
10.531953261330328,,,,,,,,,0.004691259589539914,9.06231324650356,,,,,,,,
10.546016693138645,,,,,,,,,0.0047275068587424,9.056703275882096,,,,,,,,
10.560098904000506,,,,,,,,,0.004764034194417352,9.051096778079277,,,,,,,,
10.574199918991788,,,,,,,,,0.004800843760513402,9.045493750945269,,,,,,,,
10.588319763221847,,,,,,,,,0.004837937737699063,9.039894192331577,,,,,,,,
10.602458461833573,,,,,,,,,0.004875318323491901,9.034298100091036,,,,,,,,
10.616616040003423,,,,,,,,,0.004912987732388703,9.028705472077807,,,,,,,,
10.630792522941482,,,,,,,,,0.0049509481959967025,9.023116306147383,,,,,,,,
10.644987935891493,,,,,,,,,0.004989201963165778,9.017530600156578,,,,,,,,
10.659202304130899,,,,,,,,,0.005027751300121608,9.011948351963541,,,,,,,,
10.673435652970909,,,,,,,,,0.005066598490600047,9.006369559427743,,,,,,,,
10.687688007756526,,,,,,,,,0.005105745835982335,9.00079422040998,,,,,,,,
10.701959393866595,,,,,,,,,0.005145195655431465,8.99522233277237,,,,,,,,
10.716249836713851,,,,,,,,,0.005184950286029551,8.98965389437836,,,,,,,,
10.730559361744964,,,,,,,,,0.005225012082916313,8.984088903092715,,,,,,,,
10.74488799444058,,,,,,,,,0.005265383419428585,8.978527356781521,,,,,,,,
10.75923576031537,,,,,,,,,0.005306066687240899,8.972969253312192,,,,,,,,
10.77360268491808,,,,,,,,,0.005347064296507204,8.967414590553453,,,,,,,,
10.787988793831566,,,,,,,,,0.005388378676003635,8.961863366375358,,,,,,,,
10.802394112672848,,,,,,,,,0.00543001227327238,8.956315578649269,,,,,,,,
10.816818667093155,,,,,,,,,0.005471967554766724,8.95077122524787,,,,,,,,
10.831262482777957,,,,,,,,,0.005514247005997082,8.945230304045166,,,,,,,,
10.845725585447031,,,,,,,,,0.005556853131678354,8.939692812916478,,,,,,,,
10.860208000854502,,,,,,,,,0.0055997884558782185,8.934158749738435,,,,,,,,
10.874709754788878,,,,,,,,,0.005643055522166721,8.928628112388989,,,,,,,,
10.889230873073103,,,,,,,,,0.005686656893766931,8.923100898747395,,,,,,,,
10.903771381564605,,,,,,,,,0.0057305951537067875,8.917577106694228,,,,,,,,
10.91833130615534,,,,,,,,,0.005774872904972145,8.91205673411138,,,,,,,,
10.932910672771834,,,,,,,,,0.005819492770660973,8.906539778882044,,,,,,,,
10.947509507375239,,,,,,,,,0.005864457394138729,8.90102623889073,,,,,,,,
10.962127835961367,,,,,,,,,0.005909769439194992,8.895516112023254,,,,,,,,
10.976765684560746,,,,,,,,,0.005955431590201256,8.890009396166741,,,,,,,,
10.991423079238663,,,,,,,,,0.006001446552269937,8.884506089209628,,,,,,,,
11.006100046095213,,,,,,,,,0.006047817051414685,8.879006189041652,,,,,,,,
11.02079661126533,,,,,,,,,0.006094545834711777,8.873509693553865,,,,,,,,
11.035512800918863,,,,,,,,,0.006141635670462986,8.868016600638622,,,,,,,,
11.050248641260591,,,,,,,,,0.00618908934835948,8.862526908189574,,,,,,,,
11.0650041585303,,,,,,,,,0.006236909679647144,8.857040614101688,,,,,,,,
11.079779379002801,,,,,,,,,0.006285099497293104,8.851557716271227,,,,,,,,
11.094574328987996,,,,,,,,,0.006333661656153543,8.846078212595758,,,,,,,,
11.109389034830919,,,,,,,,,0.00638259903314286,8.84060210097415,,,,,,,,
11.124223522911782,,,,,,,,,0.006431914527404083,8.835129379306574,,,,,,,,
11.13907781964602,,,,,,,,,0.006481611060480627,8.829660045494498,,,,,,,,
11.153951951484348,,,,,,,,,0.006531691576489356,8.824194097440689,,,,,,,,
11.168845944912793,,,,,,,,,0.006582159042295025,8.818731533049215,,,,,,,,
11.183759826452752,,,,,,,,,0.006633016447686032,8.813272350225441,,,,,,,,
11.198693622661045,,,,,,,,,0.006684266805551535,8.807816546876026,,,,,,,,
11.213647360129933,,,,,,,,,0.0067359131520599,8.802364120908928,,,,,,,,
11.228621065487202,,,,,,,,,0.006787958546838674,8.796915070233398,,,,,,,,
11.243614765396194,,,,,,,,,0.0068404060731557395,8.791469392759982,,,,,,,,
11.258628486555848,,,,,,,,,0.006893258838102033,8.786027086400521,,,,,,,,
11.273662255700762,,,,,,,,,0.006946519972775591,8.780588149068146,,,,,,,,
11.288716099601224,,,,,,,,,0.007000192632467052,8.775152578677284,,,,,,,,
11.303790045063277,,,,,,,,,0.007054279996846558,8.769720373143643,,,,,,,,
11.318884118928755,,,,,,,,,0.007108785270152162,8.764291530384233,,,,,,,,
11.333998348075333,,,,,,,,,0.007163711681379638,8.75886604831735,,,,,,,,
11.349132759416577,,,,,,,,,0.007219062484473745,8.753443924862573,,,,,,,,
11.364287379901992,,,,,,,,,0.007274840958521043,8.748025157940777,,,,,,,,
11.379462236517073,,,,,,,,,0.007331050407944147,8.74260974547412,,,,,,,,
11.394657356283334,,,,,,,,,0.007387694162697408,8.737197685386047,,,,,,,,
11.409872766258385,,,,,,,,,0.007444775578464296,8.731788975601285,,,,,,,,
11.425108493535966,,,,,,,,,0.007502298036856149,8.726383614045853,,,,,,,,
11.440364565245988,,,,,,,,,0.007560264945612507,8.720981598647047,,,,,,,,
11.455641008554595,,,,,,,,,0.007618679738802967,8.71558292733345,,,,,,,,
11.470937850664205,,,,,,,,,0.0076775458770306755,8.710187598034926,,,,,,,,
11.48625511881356,,,,,,,,,0.007736866847637315,8.70479560868262,,,,,,,,
11.50159284027777,,,,,,,,,0.0077966461649096735,8.699406957208959,,,,,,,,
11.516951042368369,,,,,,,,,0.007856887370287892,8.694021641547648,,,,,,,,
11.532329752433364,,,,,,,,,0.00791759403257524,8.688639659633676,,,,,,,,
11.547728997857273,,,,,,,,,0.007978769748149508,8.683261009403303,,,,,,,,
11.563148806061186,,,,,,,,,0.008040418141176123,8.67788568879407,,,,,,,,
11.578589204502812,,,,,,,,,0.008102542863822832,8.672513695744795,,,,,,,,
11.594050220676507,,,,,,,,,0.00816514759647599,8.667145028195577,,,,,,,,
11.60953188211336,,,,,,,,,0.008228236047958703,8.66177968408778,,,,,,,,
11.625034216381218,,,,,,,,,0.008291811955750497,8.65641766136405,,,,,,,,
11.640557251084733,,,,,,,,,0.008355879086208738,8.651058957968303,,,,,,,,
11.656101013865422,,,,,,,,,0.008420441234791723,8.64570357184573,,,,,,,,
11.671665532401715,,,,,,,,,0.008485502226283595,8.640351500942788,,,,,,,,
11.687250834408998,,,,,,,,,0.008551065915020889,8.635002743207219,,,,,,,,
11.702856947639663,,,,,,,,,0.008617136185120857,8.629657296588018,,,,,,,,
11.718483899883166,,,,,,,,,0.008683716950711616,8.624315159035467,,,,,,,,
11.734131718966067,,,,,,,,,0.008750812156163999,8.6189763285011,,,,,,,,
11.749800432752084,,,,,,,,,0.008818425776325235,8.61364080293773,,,,,,,,
11.765490069142146,,,,,,,,,0.00888656181675443,8.608308580299434,,,,,,,,
11.781200656074423,,,,,,,,,0.008955224313959795,8.60297965854156,,,,,,,,
11.796932221524408,,,,,,,,,0.00902441733563793,8.597654035620717,,,,,,,,
11.812684793504943,,,,,,,,,0.009094144980914652,8.592331709494774,,,,,,,,
11.828458400066278,,,,,,,,,0.009164411380587918,8.587012678122875,,,,,,,,
11.844253069296117,,,,,,,,,0.009235220697372521,8.58169693946542,,,,,,,,
11.860068829319673,,,,,,,,,0.009306577126146668,8.576384491484076,,,,,,,,
11.875905708299708,,,,,,,,,0.009378484894200541,8.571075332141767,,,,,,,,
11.891763734436596,,,,,,,,,0.009450948261486698,8.565769459402686,,,,,,,,
11.907642935968369,,,,,,,,,0.009523971520872462,8.560466871232274,,,,,,,,
11.923543341170758,,,,,,,,,0.009597558998394195,8.555167565597241,,,,,,,,
11.939464978357256,,,,,,,,,0.009671715053513637,8.549871540465555,,,,,,,,
11.955407875879164,,,,,,,,,0.009746444079376151,8.544578793806439,,,,,,,,
11.971372062125644,,,,,,,,,0.00982175050307097,8.539289323590374,,,,,,,,
11.98735756552375,,,,,,,,,0.009897638785893406,8.534003127789099,,,,,,,,
12.003364414538513,,,,,,,,,0.009974113423609293,8.528720204375604,,,,,,,,
12.019392637672967,,,,,,,,,0.010051178946721223,8.52344055132414,,,,,,,,
12.035442263468205,,,,,,,,,0.010128839920736923,8.518164166610207,,,,,,,,
12.051513320503435,,,,,,,,,0.010207100946439803,8.512891048210562,,,,,,,,
12.067605837396025,,,,,,,,,0.010285966660161445,8.507621194103214,,,,,,,,
12.083719842801555,,,,,,,,,0.010365441734056314,8.502354602267419,,,,,,,,
12.09985536541387,,,,,,,,,0.010445530876378515,8.497091270683688,,,,,,,,
12.116012433965132,,,,,,,,,0.01052623883176073,8.491831197333783,,,,,,,,
12.132191077225865,,,,,,,,,0.010607570381495316,8.486574380200713,,,,,,,,
12.148391324005015,,,,,,,,,0.01068953034381753,8.481320817268736,,,,,,,,
12.164613203149997,,,,,,,,,0.010772123574190972,8.476070506523362,,,,,,,,
12.180856743546748,,,,,,,,,0.010855354965595308,8.470823445951337,,,,,,,,
12.197121974119762,,,,,,,,,0.010939229448815936,8.465579633540669,,,,,,,,
12.213408923832173,,,,,,,,,0.011023751992736365,8.460339067280598,,,,,,,,
12.229717621685785,,,,,,,,,0.011108927604632392,8.455101745161615,,,,,,,,
12.246048096721127,,,,,,,,,0.011194761330468816,8.449867665175457,,,,,,,,
12.262400378017508,,,,,,,,,0.011281258255198346,8.444636825315095,,,,,,,,
12.278774494693064,,,,,,,,,0.011368423503062844,8.439409223574755,,,,,,,,
12.295170475904815,,,,,,,,,0.011456262237896921,8.434184857949893,,,,,,,,
12.311588350848714,,,,,,,,,0.011544779663433813,8.428963726437214,,,,,,,,
12.328028148759701,,,,,,,,,0.011633981023613701,8.42374582703466,,,,,,,,
12.344489898911752,,,,,,,,,0.011723871602894335,8.418531157741413,,,,,,,,
12.360973630617933,,,,,,,,,0.011814456726564112,8.413319716557892,,,,,,,,
12.377479373230457,,,,,,,,,0.011905741761057607,8.408111501485752,,,,,,,,
12.394007156140717,,,,,,,,,0.011997732114273312,8.402906510527895,,,,,,,,
12.410557008779367,,,,,,,,,0.012090433235894267,8.397704741688448,,,,,,,,
12.427128960616358,,,,,,,,,0.012183850617710726,8.392506192972782,,,,,,,,
12.443723041160986,,,,,,,,,0.012277989793945558,8.387310862387494,,,,,,,,
12.460339279961959,,,,,,,,,0.012372856341582118,8.382118747940421,,,,,,,,
12.476977706607435,,,,,,,,,0.012468455880694597,8.376929847640632,,,,,,,,
12.493638350725087,,,,,,,,,0.01256479407478102,8.371744159498428,,,,,,,,
12.510321241982146,,,,,,,,,0.012661876631098714,8.366561681525345,,,,,,,,
12.527026410085458,,,,,,,,,0.01275970930100243,8.361382411734146,,,,,,,,
12.54375388478154,,,,,,,,,0.0128582978802851,8.356206348138823,,,,,,,,
12.560503695856626,,,,,,,,,0.012957648209521127,8.351033488754599,,,,,,,,
12.577275873136736,,,,,,,,,0.013057766174412493,8.345863831597928,,,,,,,,
12.594070446487692,,,,,,,,,0.013158657706137233,8.340697374686492,,,,,,,,
12.610887445815216,,,,,,,,,0.013260328781701084,8.335534116039199,,,,,,,,
12.627726901064962,,,,,,,,,0.013362785424291389,8.330374053676177,,,,,,,,
12.644588842222564,,,,,,,,,0.013466033703633964,8.325217185618792,,,,,,,,
12.661473299313702,,,,,,,,,0.013570079736352712,8.320063509889623,,,,,,,,
12.678380302404145,,,,,,,,,0.013674929686331936,8.314913024512483,,,,,,,,
12.695309881599814,,,,,,,,,0.013780589765081524,8.3097657275124,,,,,,,,
12.712262067046824,,,,,,,,,0.013887066232104948,8.304621616915632,,,,,,,,
12.729236888931553,,,,,,,,,0.013994365395270046,8.299480690749652,,,,,,,,
12.746234377480679,,,,,,,,,0.014102493611182756,8.294342947043157,,,,,,,,
12.763254562961247,,,,,,,,,0.01421145728556366,8.289208383826066,,,,,,,,
12.780297475680719,,,,,,,,,0.014321262873627479,8.284076999129516,,,,,,,,
12.797363145987026,,,,,,,,,0.014431916880465566,8.27894879098586,,,,,,,,
12.814451604268612,,,,,,,,,0.014543425861431048,8.27382375742868,,,,,,,,
12.831562880954513,,,,,,,,,0.014655796422527505,8.26870189649276,,,,,,,,
12.848697006514394,,,,,,,,,0.01476903522080008,8.26358320621411,,,,,,,,
12.865854011458604,,,,,,,,,0.014883148964729965,8.258467684629952,,,,,,,,
12.883033926338236,,,,,,,,,0.014998144414631773,8.253355329778728,,,,,,,,
12.900236781745173,,,,,,,,,0.015114028383054045,8.248246139700091,,,,,,,,
12.917462608312153,,,,,,,,,0.015230807735182872,8.243140112434904,,,,,,,,
12.934711436712814,,,,,,,,,0.015348489389248548,8.238037246025248,,,,,,,,
12.951983297661757,,,,,,,,,0.015467080316935448,8.232937538514415,,,,,,,,
12.969278221914594,,,,,,,,,0.015586587543795058,8.227840987946905,,,,,,,,
12.986596240268005,,,,,,,,,0.015707018149662143,8.222747592368435,,,,,,,,
13.003937383559792,,,,,,,,,0.015828379269074214,8.217657349825929,,,,,,,,
13.021301682668948,,,,,,,,,0.015950678091694193,8.212570258367512,,,,,,,,
13.038689168515672,,,,,,,,,0.016073921862736203,8.207486316042528,,,,,,,,
13.056099872061473,,,,,,,,,0.01619811788339502,8.202405520901529,,,,,,,,
13.073533824309198,,,,,,,,,0.01632327351127845,8.197327870996263,,,,,,,,
13.090991056303093,,,,,,,,,0.01644939616084327,8.192253364379699,,,,,,,,
13.108471599128855,,,,,,,,,0.01657649330383445,8.187181999105993,,,,,,,,
13.12597548391369,,,,,,,,,0.016704572469727764,8.182113773230522,,,,,,,,
13.143502741826373,,,,,,,,,0.016833641246175944,8.177048684809858,,,,,,,,
13.161053404077295,,,,,,,,,0.016963707279458076,8.17198673190178,,,,,,,,
13.178627501918522,,,,,,,,,0.017094778274932672,8.166927912565265,,,,,,,,
13.196225066643855,,,,,,,,,0.01722686199749408,8.1618722248605,,,,,,,,
13.213846129588878,,,,,,,,,0.01735996627203253,8.156819666848861,,,,,,,,
13.23149072213102,,,,,,,,,0.017494098983897702,8.151770236592933,,,,,,,,
13.249158875689616,,,,,,,,,0.017629268079365882,8.146723932156496,,,,,,,,
13.266850621725933,,,,,,,,,0.017765481566110557,8.14168075160453,,,,,,,,
13.28456599174327,,,,,,,,,0.017902747513677056,8.136640693003217,,,,,,,,
13.302305017286987,,,,,,,,,0.01804107405396047,8.131603754419933,,,,,,,,
13.320067729944563,,,,,,,,,0.01818046938168738,8.126569933923243,,,,,,,,
13.337854161345662,,,,,,,,,0.018320941754901378,8.121539229582917,,,,,,,,
13.35566434316218,,,,,,,,,0.01846249949545228,8.116511639469918,,,,,,,,
13.373498307108303,,,,,,,,,0.01860515098948911,8.111487161656402,,,,,,,,
13.39135608494057,,,,,,,,,0.018748904687956914,8.10646579421572,,,,,,,,
13.409237708457923,,,,,,,,,0.018893769107097454,8.101447535222412,,,,,,,,
13.42714320950176,,,,,,,,,0.019039752828953642,8.096432382752212,,,,,,,,
13.445072619956013,,,,,,,,,0.01918686450187812,8.091420334882045,,,,,,,,
13.463025971747165,,,,,,,,,0.01933511284104526,8.086411389690031,,,,,,,,
13.481003296844346,,,,,,,,,0.019484506628967918,8.081405545255475,,,,,,,,
13.499004627259376,,,,,,,,,0.01963505471601742,8.076402799658869,,,,,,,,
13.517029995046817,,,,,,,,,0.019786766020947966,8.071403150981897,,,,,,,,
13.535079432304032,,,,,,,,,0.019939649531425012,8.066406597307429,,,,,,,,
13.553152971171249,,,,,,,,,0.020093714304557652,8.061413136719525,,,,,,,,
13.571250643831608,,,,,,,,,0.02024896946743527,8.056422767303424,,,,,,,,
13.589372482511225,,,,,,,,,0.020405424217668156,8.05143548714556,,,,,,,,
13.60751851947925,,,,,,,,,0.020563087823932437,8.046451294333538,,,,,,,,
13.62568878704792,,,,,,,,,0.02072196962651919,8.041470186956163,,,,,,,,
13.643883317572621,,,,,,,,,0.02088207903788773,8.036492163103413,,,,,,,,
13.662102143451941,,,,,,,,,0.021043425543223228,8.031517220866448,,,,,,,,
13.680345297127738,,,,,,,,,0.021206018700998763,8.026545358337614,,,,,,,,
13.698612811085171,,,,,,,,,0.021369868143541217,8.021576573610439,,,,,,,,
13.716904717852795,,,,,,,,,0.02153498357760241,8.016610864779624,,,,,,,,
13.735221050002595,,,,,,,,,0.021701374784933797,8.011648229941056,,,,,,,,
13.75356184015005,,,,,,,,,0.02186905162286609,8.006688667191797,,,,,,,,
13.771927120954192,,,,,,,,,0.022038024024893174,8.001732174630092,,,,,,,,
13.790316925117658,,,,,,,,,0.022208302001260605,7.996778750355356,,,,,,,,
13.80873128538676,,,,,,,,,0.022379895639558674,7.991828392468188,,,,,,,,
13.827170234551529,,,,,,,,,0.022552815105319948,7.986881099070354,,,,,,,,
13.845633805445788,,,,,,,,,0.02272707064262152,7.981936868264804,,,,,,,,
13.8641220309472,,,,,,,,,0.02290267257469194,7.976995698155659,,,,,,,,
13.882634943977331,,,,,,,,,0.023079631304522678,7.972057586848211,,,,,,,,
13.901172577501706,,,,,,,,,0.023257957315484537,7.967122532448931,,,,,,,,
13.919734964529876,,,,,,,,,0.023437661171948666,7.962190533065451,,,,,,,,
13.938322138115451,,,,,,,,,0.023618753519912224,7.957261586806589,,,,,,,,
13.956934131356197,,,,,,,,,0.023801245087629423,7.9523356917823245,,,,,,,,
13.97557097739407,,,,,,,,,0.02398514668624684,7.947412846103807,,,,,,,,
13.994232709415282,,,,,,,,,0.024170469210443978,7.94249304788336,,,,,,,,
14.012919360650356,,,,,,,,,0.02435722363907863,7.937576295234474,,,,,,,,
14.03163096437419,,,,,,,,,0.024545421035837376,7.932662586271802,,,,,,,,
14.050367553906112,,,,,,,,,0.024735072549890914,7.92775191911117,,,,,,,,
14.069129162609945,,,,,,,,,0.024926189416554622,7.922844291869569,,,,,,,,
14.087915823894063,,,,,,,,,0.02511878295795417,7.917939702665155,,,,,,,,
14.106727571211445,,,,,,,,,0.02531286458369621,7.913038149617252,,,,,,,,
14.12556443805975,,,,,,,,,0.025508445791544338,7.908139630846342,,,,,,,,
14.144426457981355,,,,,,,,,0.025705538168100263,7.903244144474074,,,,,,,,
14.163313664563443,,,,,,,,,0.025904153389490234,7.89835168862326,,,,,,,,
14.182226091438022,,,,,,,,,0.026104303222056525,7.893462261417876,,,,,,,,
14.201163772282028,,,,,,,,,0.02630599952305487,7.888575860983058,,,,,,,,
14.220126740817363,,,,,,,,,0.026509254241356705,7.8836924854451,,,,,,,,
14.239115030810957,,,,,,,,,0.026714079418157018,7.878812132931457,,,,,,,,
14.258128676074826,,,,,,,,,0.026920487187687737,7.873934801570744,,,,,,,,
14.27716771046614,,,,,,,,,0.02712848977793663,7.869060489492735,,,,,,,,
14.296232167887277,,,,,,,,,0.027338099511371616,7.864189194828362,,,,,,,,
14.315322082285887,,,,,,,,,0.027549328805670868,7.859320915709713,,,,,,,,
14.334437487654945,,,,,,,,,0.027762190174458384,7.854455650270033,,,,,,,,
14.353578418032827,,,,,,,,,0.02797669622804535,7.849593396643719,,,,,,,,
14.372744907503357,,,,,,,,,0.028192859674177326,7.844734152966327,,,,,,,,
14.39193699019585,,,,,,,,,0.028410693318786557,7.839877917374571,,,,,,,,
14.411154700285243,,,,,,,,,0.028630210066751625,7.835024688006306,,,,,,,,
14.430398071992057,,,,,,,,,0.028851422922660786,7.830174463000556,,,,,,,,
14.449667139582534,,,,,,,,,0.029074344991583224,7.82532724049748,,,,,,,,
14.46896193736867,,,,,,,,,0.02929898947984513,7.820483018638402,,,,,,,,
14.488282499708271,,,,,,,,,0.029525369695812015,7.81564179556579,,,,,,,,
14.507628861005031,,,,,,,,,0.029753499050677253,7.810803569423263,,,,,,,,
14.527001055708574,,,,,,,,,0.02998339105925648,7.805968338355589,,,,,,,,
14.546399118314532,,,,,,,,,0.030215059340788282,7.801136100508688,,,,,,,,
14.565823083364595,,,,,,,,,0.030448517619741065,7.79630685402962,,,,,,,,
14.585272985446577,,,,,,,,,0.030683779726626018,7.791480597066598,,,,,,,,
14.604748859194483,,,,,,,,,0.03092085959881658,7.786657327768982,,,,,,,,
14.624250739288566,,,,,,,,,0.031159771281374093,7.781837044287272,,,,,,,,
14.64377866045537,,,,,,,,,0.03140052892787958,7.777019744773122,,,,,,,,
14.663332657467826,,,,,,,,,0.03164314680127273,7.772205427379322,,,,,,,,
14.6829127651453,,,,,,,,,0.03188763927469649,7.767394090259806,,,,,,,,
14.702519018353644,,,,,,,,,0.03213402083234872,7.762585731569657,,,,,,,,
14.72215145200527,,,,,,,,,0.03238230607034015,7.757780349465094,,,,,,,,
14.74181010105921,,,,,,,,,0.03263250969755918,7.752977942103479,,,,,,,,
14.761495000521174,,,,,,,,,0.03288464653654324,7.748178507643319,,,,,,,,
14.78120618544362,,,,,,,,,0.03313873152435684,7.743382044244252,,,,,,,,
14.800943690925807,,,,,,,,,0.0333947797134766,7.738588550067063,,,,,,,,
14.820707552113868,,,,,,,,,0.03365280627268282,7.733798023273673,,,,,,,,
14.840497804200862,,,,,,,,,0.03391282648795824,7.729010462027141,,,,,,,,
14.860314482426842,,,,,,,,,0.0341748557633936,7.724225864491663,,,,,,,,
14.88015762207893,,,,,,,,,0.0344389096221002,7.719444228832571,,,,,,,,
14.900027258491336,,,,,,,,,0.03470500370712927,7.714665553216332,,,,,,,,
14.919923427045486,,,,,,,,,0.03497315378239915,7.709889835810553,,,,,,,,
14.939846163170035,,,,,,,,,0.035243375733628866,7.705117074783968,,,,,,,,
14.959795502340949,,,,,,,,,0.03551568556927933,7.70034726830645,,,,,,,,
14.979771480081563,,,,,,,,,0.03579009942150165,7.695580414549004,,,,,,,,
14.999774131962653,,,,,,,,,0.036066633547092906,7.690816511683763,,,,,,,,
15.019803493602486,,,,,,,,,0.03634530432845915,7.686055557883997,,,,,,,,
15.039859600666896,,,,,,,,,0.03662612827458599,7.681297551324104,,,,,,,,
15.059942488869337,,,,,,,,,0.03690912202201662,7.676542490179615,,,,,,,,
15.080052193970955,,,,,,,,,0.03719430233583734,7.671790372627186,,,,,,,,
15.10018875178065,,,,,,,,,0.03748168611067085,7.667041196844606,,,,,,,,
15.12035219815513,,,,,,,,,0.03777129037167699,7.662294961010787,,,,,,,,
15.140542568999,,,,,,,,,0.038063132275561545,7.657551663305771,,,,,,,,
15.16075990026478,,,,,,,,,0.038357229111592214,7.652811301910732,,,,,,,,
15.181004227953025,,,,,,,,,0.03865359830262342,7.64807387500796,,,,,,,,
15.201275588112347,,,,,,,,,0.03895225740612817,7.643339380780882,,,,,,,,
15.221574016839503,,,,,,,,,0.03925322411523817,7.638607817414034,,,,,,,,
15.241899550279445,,,,,,,,,0.03955651625979206,7.6338791830930885,,,,,,,,
15.262252224625389,,,,,,,,,0.03986215180739175,7.629153476004838,,,,,,,,
15.282632076118885,,,,,,,,,0.040170148864466695,7.624430694337195,,,,,,,,
15.303039141049872,,,,,,,,,0.040480525677346745,7.6197108362791965,,,,,,,,
15.32347345575675,,,,,,,,,0.04079330063334293,7.614993900021002,,,,,,,,
15.343935056626442,,,,,,,,,0.04110849226183684,7.610279883753884,,,,,,,,
15.364423980094456,,,,,,,,,0.04142611923537837,7.605568785670241,,,,,,,,
15.384940262644957,,,,,,,,,0.04174620037079179,7.60086060396359,,,,,,,,
15.405483940810834,,,,,,,,,0.04206875463029081,7.596155336828564,,,,,,,,
15.426055051173732,,,,,,,,,0.04239380112260122,7.591452982460918,,,,,,,,
15.446653630364171,,,,,,,,,0.042721359104093866,7.5867535390575185,,,,,,,,
15.467279715061576,,,,,,,,,0.043051447979924794,7.582057004816351,,,,,,,,
15.48793334199435,,,,,,,,,0.043384087305185025,7.577363377936515,,,,,,,,
15.508614547939938,,,,,,,,,0.043719296786059125,7.572672656618227,,,,,,,,
15.5293233697249,,,,,,,,,0.04405709628099247,7.567984839062817,,,,,,,,
15.550059844224961,,,,,,,,,0.044397505801867784,7.563299923472729,,,,,,,,
15.570824008365097,,,,,,,,,0.044740545515190744,7.558617908051516,,,,,,,,
15.591615899119585,,,,,,,,,0.04508623574328453,7.553938791003846,,,,,,,,
15.612435553512073,,,,,,,,,0.045434596965493936,7.5492625705355,,,,,,,,
15.633283008615658,,,,,,,,,0.045785649819398554,7.544589244853365,,,,,,,,
15.654158301552908,,,,,,,,,0.04613941510203488,7.539918812165448,,,,,,,,
15.675061469496017,,,,,,,,,0.04649591377112974,7.535251270680851,,,,,,,,
15.69599254966676,,,,,,,,,0.04685516694633999,7.530586618609795,,,,,,,,
15.716951579336648,,,,,,,,,0.047217195910505265,7.5259248541636055,,,,,,,,
15.737938595826948,,,,,,,,,0.04758202211090797,7.521265975554715,,,,,,,,
15.75895363650877,,,,,,,,,0.047949667160544204,7.516609980996664,,,,,,,,
15.779996738803117,,,,,,,,,0.048320152839403954,7.5119568687041,,,,,,,,
15.80106794018097,,,,,,,,,0.04869350109576146,7.50730663689277,,,,,,,,
15.822167278163336,,,,,,,,,0.049069734047475576,7.502659283779531,,,,,,,,
15.843294790321336,,,,,,,,,0.04944887398329989,7.498014807582343,,,,,,,,
15.864450514276248,,,,,,,,,0.04983094336420326,7.493373206520267,,,,,,,,
15.885634487699594,,,,,,,,,0.05021596482470048,7.488734478813469,,,,,,,,
15.906846748313203,,,,,,,,,0.050603961174193204,7.484098622683216,,,,,,,,
15.928087333889254,,,,,,,,,0.050994955398320795,7.479465636351874,,,,,,,,
15.949356282250383,,,,,,,,,0.05138897066032275,7.474835518042912,,,,,,,,
15.970653631269727,,,,,,,,,0.05178603030241051,7.4702082659809,,,,,,,,
15.991979418870994,,,,,,,,,0.052186157847150326,7.465583878391502,,,,,,,,
16.013333683028534,,,,,,,,,0.05258937699885679,7.460962353501487,,,,,,,,
16.0347164617674,,,,,,,,,0.05299571164499725,7.456343689538714,,,,,,,,
16.05612779316342,,,,,,,,,0.053405185857606764,7.451727884732145,,,,,,,,
16.07756771534327,,,,,,,,,0.05381782389471427,7.447114937311836,,,,,,,,
16.099036266484543,,,,,,,,,0.05423365020177973,7.442504845508941,,,,,,,,
16.12053348481579,,,,,,,,,0.0546526894131422,7.437897607555705,,,,,,,,
16.14205940861663,,,,,,,,,0.05507496635347933,7.433293221685473,,,,,,,,
16.163614076217783,,,,,,,,,0.055500506039277954,7.428691686132675,,,,,,,,
16.185197526001172,,,,,,,,,0.05592933368031626,7.4240929991328395,,,,,,,,
16.20680979639994,,,,,,,,,0.05636147468115674,7.419497158922591,,,,,,,,
16.228450925898578,,,,,,,,,0.05679695464265198,7.41490416373964,,,,,,,,
16.25012095303295,,,,,,,,,0.05723579936346088,7.41031401182279,,,,,,,,
16.271819916390392,,,,,,,,,0.05767803484157697,7.405726701411933,,,,,,,,
16.29354785460975,,,,,,,,,0.05812368727586876,7.40114223074805,,,,,,,,
16.315304806381477,,,,,,,,,0.058572783067631654,7.396560598073216,,,,,,,,
16.337090810447684,,,,,,,,,0.059025348822152074,7.391981801630588,,,,,,,,
16.358905905602217,,,,,,,,,0.05948141135028371,7.387405839664416,,,,,,,,
16.38075013069072,,,,,,,,,0.05994099767003566,7.382832710420035,,,,,,,,
16.402623524610714,,,,,,,,,0.060404135008173133,7.3782624121438625,,,,,,,,
16.424526126311658,,,,,,,,,0.060870850801830474,7.373694943083406,,,,,,,,
16.446457974795013,,,,,,,,,0.06134117270013641,7.369130301487256,,,,,,,,
16.468419109114343,,,,,,,,,0.06181512856585245,7.364568485605086,,,,,,,,
16.49040956837532,,,,,,,,,0.062292746477022556,7.360009493687661,,,,,,,,
16.51242939173587,,,,,,,,,0.06277405472863787,7.355453323986817,,,,,,,,
16.534478618406194,,,,,,,,,0.06325908183431203,7.350899974755479,,,,,,,,
16.55655728764885,,,,,,,,,0.06374785652797064,7.346349444247653,,,,,,,,
16.578665438778824,,,,,,,,,0.06424040776555365,7.341801730718424,,,,,,,,
16.600803111163607,,,,,,,,,0.06473676472673044,7.33725683242396,,,,,,,,
16.622970344223248,,,,,,,,,0.06523695681662886,7.332714747621506,,,,,,,,
16.645167177430434,,,,,,,,,0.06574101366757694,7.328175474569386,,,,,,,,
16.667393650310572,,,,,,,,,0.0662489651408585,7.323639011527003,,,,,,,,
16.689649802441835,,,,,,,,,0.06676084132848223,7.319105356754838,,,,,,,,
16.711935673455258,,,,,,,,,0.06701444151683165,7.3071585333316165,,,,,,,,
16.734251303034764,,,,,,,,,0.06704142290610482,7.28881263181919,,,,,,,,
16.756596730917327,,,,,,,,,0.06706841515863896,7.270512790906196,,,,,,,,
16.778971996892913,,,,,,,,,0.06709541827880783,7.252258894949454,,,,,,,,
16.801377140804664,,,,,,,,,0.06712243227098699,7.234050828596096,,,,,,,,
16.823812202548915,,,,,,,,,0.06714945713955368,7.215888476782873,,,,,,,,
16.846277222075273,,,,,,,,,0.06717649288888704,7.197771724735425,,,,,,,,
16.86877223938669,,,,,,,,,0.06720353952336784,7.1797004579675505,,,,,,,,
16.891297294539534,,,,,,,,,0.06723059704737867,7.161674562280492,,,,,,,,
16.91385242764366,,,,,,,,,0.06725766546530389,7.143693923762197,,,,,,,,
16.93643767886249,,,,,,,,,0.06728474478152956,7.125758428786622,,,,,,,,
16.959053088413064,,,,,,,,,0.06731183500044365,7.107867964012989,,,,,,,,
16.98169869656613,,,,,,,,,0.06733893612643574,7.090022416385093,,,,,,,,
17.004374543646225,,,,,,,,,0.06736604816389727,7.07222167313056,,,,,,,,
17.02708067003169,,,,,,,,,0.06739317111722141,7.054465621760186,,,,,,,,
17.04981711615484,,,,,,,,,0.06742030499080312,7.036754150067139,,,,,,,,
17.07258392250193,,,,,,,,,0.06744744978903912,7.01908714612635,,,,,,,,
17.09538112961331,,,,,,,,,0.06747460551632785,7.001464498293731,,,,,,,,
17.11820877808344,,,,,,,,,0.06750177217706965,6.983886095205501,,,,,,,,
17.141066908561005,,,,,,,,,0.06752894977566652,6.9663518257774815,,,,,,,,
17.163955561748956,,,,,,,,,0.06755613831652225,6.948861579204385,,,,,,,,
17.18687477840461,,,,,,,,,0.06758333780404245,6.931415244959124,,,,,,,,
17.20982459933969,,,,,,,,,0.0676105482426344,6.914012712792106,,,,,,,,
17.23280506542043,,,,,,,,,0.06763776963670733,6.896653872730541,,,,,,,,
17.255816217567617,,,,,,,,,0.06766500199067209,6.879338615077747,,,,,,,,
17.278858096756696,,,,,,,,,0.06769224530894134,6.862066830412448,,,,,,,,
17.301930744017827,,,,,,,,,0.06771949959592956,6.844838409588091,,,,,,,,
17.32503420043594,,,,,,,,,0.06774676485605297,6.8276532437321675,,,,,,,,
17.348168507150838,,,,,,,,,0.06777404109372959,6.810511224245499,,,,,,,,
17.37133370535726,,,,,,,,,0.06780132831337915,6.793412242801562,,,,,,,,
17.394529836304955,,,,,,,,,0.06782862651942331,6.7763561913458155,,,,,,,,
17.41775694129874,,,,,,,,,0.06785593571628537,6.759342962095004,,,,,,,,
17.44101506169861,,,,,,,,,0.06788325590839046,6.742372447536479,,,,,,,,
17.464304238919762,,,,,,,,,0.06791058710016551,6.725444540427524,,,,,,,,
17.487624514432714,,,,,,,,,0.06793792929603916,6.7085591337946715,,,,,,,,
17.51097592976335,,,,,,,,,0.06796528250044195,6.691716120933034,,,,,,,,
17.53435852649301,,,,,,,,,0.06799264671780612,6.67491539540562,,,,,,,,
17.557772346258552,,,,,,,,,0.0680200219525657,6.65815685104267,,,,,,,,
17.58121743075244,,,,,,,,,0.06804740820915653,6.641440381940984,,,,,,,,
17.604693821722808,,,,,,,,,0.06807480549201622,6.6247658824632385,,,,,,,,
17.628201560973526,,,,,,,,,0.06810221380558419,6.608133247237357,,,,,,,,
17.6517406903643,,,,,,,,,0.06812963315430157,6.591542371155791,,,,,,,,
17.67531125181072,,,,,,,,,0.0681570635426114,6.574993149374898,,,,,,,,
17.698913287284356,,,,,,,,,0.06818450497495844,6.558485477314256,,,,,,,,
17.72254683881282,,,,,,,,,0.06821195745578924,6.542019250656017,,,,,,,,
17.746211948479846,,,,,,,,,0.06823942098955213,6.525594365344234,,,,,,,,
17.76990865842535,,,,,,,,,0.06826689558069723,6.509210717584217,,,,,,,,
17.79363701084554,,,,,,,,,0.06829438123367652,6.492868203841872,,,,,,,,
17.817397047992944,,,,,,,,,0.06832187795294371,6.476566720843037,,,,,,,,
17.841188812176537,,,,,,,,,0.0683493857429543,6.460306165572846,,,,,,,,
17.865012345761762,,,,,,,,,0.0683769046081656,6.444086435275064,,,,,,,,
17.888867691170656,,,,,,,,,0.06840443455303667,6.427907427451449,,,,,,,,
17.9127548908819,,,,,,,,,0.06843197558202853,6.41176903986109,,,,,,,,
17.93667398743087,,,,,,,,,0.06845952769960373,6.395671170519788,,,,,,,,
17.960625023409772,,,,,,,,,0.06848709091022687,6.379613717699372,,,,,,,,
17.984608041467673,,,,,,,,,0.06851466521836418,6.363596579927088,,,,,,,,
18.008623084310596,,,,,,,,,0.06854225062848376,6.347619655984949,,,,,,,,
18.032670194701577,,,,,,,,,0.06856984714505551,6.331682844909085,,,,,,,,
18.056749415460768,,,,,,,,,0.06859745477255107,6.315786045989122,,,,,,,,
18.08086078946549,,,,,,,,,0.068625073515444,6.299929158767531,,,,,,,,
18.105004359650323,,,,,,,,,0.06865270337820954,6.284112083039004,,,,,,,,
18.129180169007178,,,,,,,,,0.06868034436532479,6.268334718849814,,,,,,,,
18.15338826058537,,,,,,,,,0.06870799648126864,6.252596966497182,,,,,,,,
18.17762867749171,,,,,,,,,0.06873565973052177,6.2368987265286515,,,,,,,,
18.201901462890532,,,,,,,,,0.06876333411756667,6.221239899741475,,,,,,,,
18.22620666000388,,,,,,,,,0.0687910196468877,6.205620387181936,,,,,,,,
18.25054431211143,,,,,,,,,0.06881871632297093,6.190040090144794,,,,,,,,
18.274914462550704,,,,,,,,,0.06884642415030429,6.174498910172607,,,,,,,,
18.29931715471708,,,,,,,,,0.06887414313337747,6.158996749055129,,,,,,,,
18.323752432063877,,,,,,,,,0.06890187327668204,6.143533508828692,,,,,,,,
18.348220338102447,,,,,,,,,0.06892961458471128,6.128109091775581,,,,,,,,
18.372720916402226,,,,,,,,,0.06895736706196041,6.112723400423418,,,,,,,,
18.39725421059085,,,,,,,,,0.06898513071292636,6.097376337544548,,,,,,,,
18.4218202643542,,,,,,,,,0.06901290554210789,6.08206780615542,,,,,,,,
18.446419121436488,,,,,,,,,0.06904069155400558,6.066797709515983,,,,,,,,
18.471050825640347,,,,,,,,,0.06906848875312178,6.051565951129061,,,,,,,,
18.495715420826905,,,,,,,,,0.06909629714396077,6.036372434739753,,,,,,,,
18.520412950915816,,,,,,,,,0.06912411673102854,6.021217064334839,,,,,,,,
18.54514345988546,,,,,,,,,0.06915194751883291,6.006099744142122,,,,,,,,
18.569906991772857,,,,,,,,,0.06917978951188353,5.991020378629897,,,,,,,,
18.594703590673884,,,,,,,,,0.06920764271469186,5.975978872506283,,,,,,,,
18.619533300743285,,,,,,,,,0.06923550713177119,5.960975130718653,,,,,,,,
18.64439616619476,,,,,,,,,0.06926338276763656,5.9460090584530265,,,,,,,,
18.669292231301053,,,,,,,,,0.06929126962680497,5.931080561133469,,,,,,,,
18.694221540394025,,,,,,,,,0.06931916771379512,5.916189544421498,,,,,,,,
18.719184137864733,,,,,,,,,0.06934707703312755,5.9013359142154815,,,,,,,,
18.74418006816351,,,,,,,,,0.06937499758932462,5.8865195766500475,,,,,,,,
18.769209375800042,,,,,,,,,0.06940292938691052,5.871740438095489,,,,,,,,
18.794272105343456,,,,,,,,,0.06943087243041131,5.8569984051571735,,,,,,,,
18.819368301422394,,,,,,,,,0.0694588267243548,5.842293384674943,,,,,,,,
18.844498008725054,,,,,,,,,0.06948679227327065,5.827625283722564,,,,,,,,
18.86966127199938,,,,,,,,,0.06951476908169033,5.812994009607065,,,,,,,,
18.894858136053,,,,,,,,,0.06954275715414715,5.7983994698682375,,,,,,,,
18.920088645753403,,,,,,,,,0.06957075649517623,5.78384157227799,,,,,,,,
18.945352846027994,,,,,,,,,0.06959876710931458,5.769320224839787,,,,,,,,
18.97065078186416,,,,,,,,,0.06962678900110095,5.754835335788073,,,,,,,,
18.99598249830936,,,,,,,,,0.06965482217507594,5.740386813587678,,,,,,,,
19.021348040471214,,,,,,,,,0.06968286663578202,5.725974566933256,,,,,,,,
19.04674745351757,,,,,,,,,0.06971092238776344,5.7115985047486895,,,,,,,,
19.072180782676583,,,,,,,,,0.06973898943556628,5.69725853618653,,,,,,,,
19.097648073236822,,,,,,,,,0.06976706778373852,5.6829545706274125,,,,,,,,
19.123149370547285,,,,,,,,,0.0697951574368299,5.668686517679506,,,,,,,,
19.148684720017595,,,,,,,,,0.069823258399392,5.654454287177887,,,,,,,,
19.174254167117944,,,,,,,,,0.06985137067597826,5.640257789184045,,,,,,,,
19.199857757379274,,,,,,,,,0.06987949427114391,5.626096933985257,,,,,,,,
19.225495536393325,,,,,,,,,0.06990762918944605,5.611971632094038,,,,,,,,
19.251167549812706,,,,,,,,,0.06993577543544365,5.597881794247586,,,,,,,,
19.27687384335099,,,,,,,,,0.06996393301369744,5.5838273314072,,,,,,,,
19.3026144627828,,,,,,,,,0.06999210192877002,5.569808154757733,,,,,,,,
19.328389453943867,,,,,,,,,0.07002028218522582,5.555824175707023,,,,,,,,
19.354198862731142,,,,,,,,,0.07004847378763113,5.541875305885329,,,,,,,,
19.380042735102847,,,,,,,,,0.07007667674055401,5.527961457144785,,,,,,,,
19.40592111707859,,,,,,,,,0.0701048910485645,5.514082541558828,,,,,,,,
19.43183405473943,,,,,,,,,0.07013311671623433,5.500238471421652,,,,,,,,
19.457781594227914,,,,,,,,,0.07016135374813716,5.486429159247669,,,,,,,,
19.483763781748284,,,,,,,,,0.07018960214884845,5.472654517770901,,,,,,,,
19.509780663566403,,,,,,,,,0.0702178619229455,5.458914459944509,,,,,,,,
19.53583228600995,,,,,,,,,0.07024613307500747,5.44520889894017,,,,,,,,
19.561918695468467,,,,,,,,,0.0702744156096154,5.4315377481475755,,,,,,,,
19.58803993839343,,,,,,,,,0.07030270953135212,5.417900921173855,,,,,,,,
19.614196061298344,,,,,,,,,0.07033101484480231,5.404298331843053,,,,,,,,
19.64038711075883,,,,,,,,,0.07035933155455251,5.390729894195568,,,,,,,,
19.666613133412696,,,,,,,,,0.07038765966519107,5.3771955224876145,,,,,,,,
19.692874175960025,,,,,,,,,0.07041599918130831,5.363695131190688,,,,,,,,
19.719170285163266,,,,,,,,,0.07044435010749624,5.350228634991011,,,,,,,,
19.745501507847305,,,,,,,,,0.07047271244834882,5.336795948789007,,,,,,,,
19.771867890899564,,,,,,,,,0.07050108620846181,5.323396987698746,,,,,,,,
19.798269481270037,,,,,,,,,0.07052947139243283,5.310031667047444,,,,,,,,
19.82470632597148,,,,,,,,,0.0705578680048614,5.2966999023748675,,,,,,,,
19.85117847207935,,,,,,,,,0.07058627605034877,5.283401609432867,,,,,,,,
19.877685966732013,,,,,,,,,0.07061469553349822,5.270136704184794,,,,,,,,
19.904228857130764,,,,,,,,,0.07064312645891474,5.256905102804995,,,,,,,,
19.93080719053993,,,,,,,,,0.07067156883120523,5.243706721678277,,,,,,,,
19.957421014286947,,,,,,,,,0.07070002265497843,5.230541477399371,,,,,,,,
19.98407037576245,,,,,,,,,0.07072848793484493,5.21740928677242,,,,,,,,
20.010755322420355,,,,,,,,,0.07075696467541723,5.204310066810438,,,,,,,,
20.03747590177794,,,,,,,,,0.07078545288130961,5.191243734734795,,,,,,,,
20.06423216141594,,,,,,,,,0.07081395255713827,5.178210207974694,,,,,,,,
20.091024148978622,,,,,,,,,0.0708424637075212,5.165209404166641,,,,,,,,
20.117851912173883,,,,,,,,,0.07087098633707833,5.15224124115393,,,,,,,,
20.14471549877328,,,,,,,,,0.07089952045043137,5.139305636986139,,,,,,,,
20.17161495661224,,,,,,,,,0.07092806605220398,5.126402509918566,,,,,,,,
20.198550333589985,,,,,,,,,0.07095662314702161,5.113531778411776,,,,,,,,
20.225521677669747,,,,,,,,,0.07098519173951161,5.100693361131035,,,,,,,,
20.252529036878784,,,,,,,,,0.07101377183430316,5.0878871769458165,,,,,,,,
20.27957245930849,,,,,,,,,0.07104236343602732,5.075113144929288,,,,,,,,
20.30665199311448,,,,,,,,,0.071070966549317,5.0623711843578,,,,,,,,
20.333767686516666,,,,,,,,,0.07109958117880705,5.049661214710369,,,,,,,,
20.36091958779935,,,,,,,,,0.07112820732913411,5.036983155668178,,,,,,,,
20.38810774531131,,,,,,,,,0.07115684500493667,5.02433692711406,,,,,,,,
20.41533220746589,,,,,,,,,0.07118549421085517,5.011722449131998,,,,,,,,
20.44259302274105,,,,,,,,,0.0712141549515318,4.9991396420066305,,,,,,,,
20.46989023967954,,,,,,,,,0.07124282723161081,4.986588426222706,,,,,,,,
20.497223906888873,,,,,,,,,0.07127151105573805,4.974068722464642,,,,,,,,
20.524594073041502,,,,,,,,,0.07130020642856151,4.961580451615972,,,,,,,,
20.552000786874864,,,,,,,,,0.07132891335473088,4.949123534758872,,,,,,,,
20.57944409719147,,,,,,,,,0.07135763183889779,4.936697893173653,,,,,,,,
20.606924052859007,,,,,,,,,0.07138636188571573,4.924303448338267,,,,,,,,
20.63444070281041,,,,,,,,,0.07141510349984001,4.911940121927807,,,,,,,,
20.66199409604395,,,,,,,,,0.07144385668592794,4.899607835814019,,,,,,,,
20.68958428162334,,,,,,,,,0.0714726214486386,4.887306512064798,,,,,,,,
20.717211308677793,,,,,,,,,0.07150139779263297,4.875036072943705,,,,,,,,
20.744875226402137,,,,,,,,,0.07153018572257391,4.862796440909473,,,,,,,,
20.772576084056894,,,,,,,,,0.07155898524312618,4.850587538615505,,,,,,,,
20.800313930968322,,,,,,,,,0.07158779635895633,4.838409288909424,,,,,,,,
20.82808881652862,,,,,,,,,0.07161661907473296,4.826261614832514,,,,,,,,
20.855900790195868,,,,,,,,,0.07164545339512639,4.814144439619323,,,,,,,,
20.88374990149423,,,,,,,,,0.07167429932480888,4.8020576866971,,,,,,,,
20.91163620001399,,,,,,,,,0.07170315686845458,4.790001279685358,,,,,,,,
20.939559735411645,,,,,,,,,0.0717320260307395,4.7779751423953725,,,,,,,,
20.96752055741001,,,,,,,,,0.0717609068163415,4.765979198829703,,,,,,,,
20.995518715798283,,,,,,,,,0.07178979922994044,4.754013373181718,,,,,,,,
21.023554260432153,,,,,,,,,0.07181870327621798,4.742077589835106,,,,,,,,
21.05162724123388,,,,,,,,,0.07184761895985763,4.730171773363411,,,,,,,,
21.079737708192393,,,,,,,,,0.07187654628554487,4.71829584852954,,,,,,,,
21.107885711363355,,,,,,,,,0.07190548525796697,4.706449740285303,,,,,,,,
21.136071300869297,,,,,,,,,0.07193443588181327,4.694633373770923,,,,,,,,
21.164294526899624,,,,,,,,,0.0719633981617747,4.682846674314591,,,,,,,,
21.192555439710844,,,,,,,,,0.07199237210254439,4.6710895674319435,,,,,,,,
21.220854089626492,,,,,,,,,0.07203182653038602,4.657110914113275,,,,,,,,
21.249190527037342,,,,,,,,,0.07207504468744746,4.6423726337424975,,,,,,,,
21.277564802401454,,,,,,,,,0.07211828877483986,4.627680995359057,,,,,,,,
21.305976966244252,,,,,,,,,0.07216155880812107,4.6130358513558445,,,,,,,,
21.334427069158636,,,,,,,,,0.07220485480285825,4.598437054592878,,,,,,,,
21.362915161805063,,,,,,,,,0.07224817677462798,4.583884458395828,,,,,,,,
21.391441294911633,,,,,,,,,0.07229152473901608,4.569377916554543,,,,,,,,
21.42000551927419,,,,,,,,,0.07233489871161787,4.55491728332158,,,,,,,,
21.448607885756402,,,,,,,,,0.07237829870803783,4.54050241341074,,,,,,,,
21.477248445289852,,,,,,,,,0.07242172474388998,4.5261331619956096,,,,,,,,
21.505927248874155,,,,,,,,,0.07246517683479768,4.5118093847081,,,,,,,,
21.534644347576968,,,,,,,,,0.07250865499639353,4.497530937637021,,,,,,,,
21.563399792534227,,,,,,,,,0.07255215924431968,4.48329767732658,,,,,,,,
21.59219363495007,,,,,,,,,0.0725956895942275,4.469109460775015,,,,,,,,
21.621025926097055,,,,,,,,,0.07263924606177796,4.454966145433095,,,,,,,,
21.649896717316185,,,,,,,,,0.0726828286626412,4.440867589202721,,,,,,,,
21.678806060017028,,,,,,,,,0.07272643741249693,4.426813650435486,,,,,,,,
21.7077540056778,,,,,,,,,0.07277007232703414,4.412804187931258,,,,,,,,
21.73674060584545,,,,,,,,,0.07281373342195138,4.398839060936755,,,,,,,,
21.765765912135763,,,,,,,,,0.07285742071295646,4.384918129144139,,,,,,,,
21.794829976233444,,,,,,,,,0.07290113421576673,4.371041252689601,,,,,,,,
21.82393284989222,,,,,,,,,0.07294487394610896,4.357208292151953,,,,,,,,
21.853074584934916,,,,,,,,,0.07298863991971927,4.3434191085512355,,,,,,,,
21.882255233253574,,,,,,,,,0.07303243215234333,4.329673563347308,,,,,,,,
21.911474846809476,,,,,,,,,0.07307625065973614,4.315971518438489,,,,,,,,
21.94073347763338,,,,,,,,,0.0731200954576623,4.302312836160106,,,,,,,,
21.970031177825433,,,,,,,,,0.07316396656189572,4.28869737928319,,,,,,,,
21.999367999555393,,,,,,,,,0.07320786398821989,4.275125011013036,,,,,,,,
22.028743995062683,,,,,,,,,0.07325178775242766,4.261595594987859,,,,,,,,
22.058159216656467,,,,,,,,,0.07329573787032151,4.24810899527741,,,,,,,,
22.087613716715772,,,,,,,,,0.0733397143577132,4.234665076381623,,,,,,,,
22.117107547689557,,,,,,,,,0.07338371723042415,4.221263703229244,,,,,,,,
22.14664076209682,,,,,,,,,0.07342774650428523,4.207904741176473,,,,,,,,
22.17621341252669,,,,,,,,,0.07347180219513672,4.194588056005621,,,,,,,,
22.205825551638522,,,,,,,,,0.07351588431882854,4.181313513923747,,,,,,,,
22.23547723216196,,,,,,,,,0.07355999289121996,4.168080981561344,,,,,,,,
22.26516850689712,,,,,,,,,0.07360412792817997,4.15489032597094,,,,,,,,
22.294899428714547,,,,,,,,,0.07364828944558685,4.141741414625835,,,,,,,,
22.324670050555437,,,,,,,,,0.07369247745932861,4.128634115418716,,,,,,,,
22.354480425431664,,,,,,,,,0.07373669198530264,4.115568296660354,,,,,,,,
22.384330606425888,,,,,,,,,0.073780933039416,4.102543827078268,,,,,,,,
22.41422064669165,,,,,,,,,0.07382520063758517,4.08956057581542,,,,,,,,
22.44415059945347,,,,,,,,,0.07386949479573625,4.07661841242889,,,,,,,,
22.474120518006938,,,,,,,,,0.07391381552980493,4.063717206888568,,,,,,,,
22.504130455718812,,,,,,,,,0.07395816285573635,4.050856829575849,,,,,,,,
22.534180466027106,,,,,,,,,0.07400253678948535,4.03803715128233,,,,,,,,
22.564270602441198,,,,,,,,,0.07404693734701619,4.0252580432085105,,,,,,,,
22.594400918541925,,,,,,,,,0.07409136454430286,4.012519376962496,,,,,,,,
22.624571467981625,,,,,,,,,0.07413581839732881,3.9998210245587313,,,,,,,,
22.654782304484357,,,,,,,,,0.07418029892208722,3.98716285841666,,,,,,,,
22.685033481845842,,,,,,,,,0.07422480613458068,3.974544751359511,,,,,,,,
22.71532505393368,,,,,,,,,0.07426934005082157,3.9619665766129697,,,,,,,,
22.745657074687383,,,,,,,,,0.07431390068683172,3.9494282078039267,,,,,,,,
22.776029598118505,,,,,,,,,0.07435848805864272,3.9369295189592015,,,,,,,,
22.806442678310706,,,,,,,,,0.07440310218229561,3.924470384504281,,,,,,,,
22.83689636941987,,,,,,,,,0.0744477430738412,3.912050679262056,,,,,,,,
22.867390725674195,,,,,,,,,0.0744924107493399,3.8996702784515604,,,,,,,,
22.8979258013743,,,,,,,,,0.07453710522486168,3.887329057686722,,,,,,,,
22.928501650893292,,,,,,,,,0.07458182651648626,3.875026892975112,,,,,,,,
22.959118328676904,,,,,,,,,0.07462657464030288,3.8627636607166966,,,,,,,,
22.98977588924357,,,,,,,,,0.07467134961241059,3.850539237702594,,,,,,,,
23.020474387184485,,,,,,,,,0.07471615144891794,3.838353501113856,,,,,,,,
23.05121387716381,,,,,,,,,0.07476098016594328,3.826206328520186,,,,,,,,
23.08199441391863,,,,,,,,,0.0748058357796145,3.8140975978787752,,,,,,,,
23.11281605225916,,,,,,,,,0.07485071830606933,3.8020271875330183,,,,,,,,
23.143678847068795,,,,,,,,,0.07489562776145499,3.789994976211323,,,,,,,,
23.17458285330422,,,,,,,,,0.07494056416192854,3.7780008430258833,,,,,,,,
23.205528125995492,,,,,,,,,0.07498552752365671,3.7660446674714616,,,,,,,,
23.23651472024617,,,,,,,,,0.07503051786281582,3.7541263294241847,,,,,,,,
23.26754269123337,,,,,,,,,0.07507553519559208,3.74224570914033,,,,,,,,
23.298612094207908,,,,,,,,,0.07512057953818121,3.730402687255129,,,,,,,,
23.32972298449436,,,,,,,,,0.0751656509067888,3.718597144781564,,,,,,,,
23.360875417491194,,,,,,,,,0.07521074931763012,3.7068289631091718,,,,,,,,
23.392069448670846,,,,,,,,,0.07525587478693015,3.6950980240028515,,,,,,,,
23.42330513357979,,,,,,,,,0.07530102733092355,3.6834042096016946,,,,,,,,
23.45458252783876,,,,,,,,,0.07534620696585487,3.6717474024177554,,,,,,,,
23.485901687142654,,,,,,,,,0.07539141370797825,3.660127485334933,,,,,,,,
23.517262667260812,,,,,,,,,0.07543664757355767,3.6485443416077388,,,,,,,,
23.548665524037023,,,,,,,,,0.07548190857886691,3.636997854860156,,,,,,,,
23.580110313389643,,,,,,,,,0.07552719674018937,3.6254879090844603,,,,,,,,
23.611597091311694,,,,,,,,,0.07557251207381838,3.614014388640052,,,,,,,,
23.643125913870975,,,,,,,,,0.0756178545960569,3.6025771782523015,,,,,,,,
23.674696837210142,,,,,,,,,0.07566322432321776,3.5911761630113848,,,,,,,,
23.70630991754683,,,,,,,,,0.07570862127162362,3.579811228371129,,,,,,,,
23.737965211173748,,,,,,,,,0.0757540454576068,3.5684822601478636,,,,,,,,
23.76966277445872,,,,,,,,,0.0757994968975095,3.5571891445192874,,,,,,,,
23.801402663844936,,,,,,,,,0.07584497560768377,3.5459317680232805,,,,,,,,
23.833184935850845,,,,,,,,,0.07589048160449133,3.534710017556831,,,,,,,,
23.865009647070476,,,,,,,,,0.07593601490430386,3.523523780374828,,,,,,,,
23.89687685417333,,,,,,,,,0.07598157552350283,3.5123729440889893,,,,,,,,
23.928786613904638,,,,,,,,,0.07602716347847946,3.5012573966666936,,,,,,,,
23.960738983085385,,,,,,,,,0.07607277878563491,3.490177026429868,,,,,,,,
23.992734018612435,,,,,,,,,0.07611842146138008,3.4791317220538684,,,,,,,,
24.024771777458625,,,,,,,,,0.07616409152213584,3.468121372566356,,,,,,,,
24.056852316672867,,,,,,,,,0.07620978898433274,3.457145867346184,,,,,,,,
24.08897569338025,,,,,,,,,0.07625551386441135,3.446205096122288,,,,,,,,
24.121141964782147,,,,,,,,,0.07630126617882206,3.4352989489725747,,,,,,,,
24.15335118815632,,,,,,,,,0.0763470459440251,3.4244273163228165,,,,,,,,
24.185603420856975,,,,,,,,,0.07639285317649053,3.413590088945572,,,,,,,,
24.217898720314977,,,,,,,,,0.07643868789269838,3.4027871579590356,,,,,,,,
24.2502371440378,,,,,,,,,0.0764845501091386,3.3920184148260133,,,,,,,,
24.282618749609757,,,,,,,,,0.07653043984231088,3.3812837513527754,,,,,,,,
24.315043594692042,,,,,,,,,0.07657635710872497,3.3705830596879984,,,,,,,,
24.34751173702284,,,,,,,,,0.0766223019249004,3.3599162323216736,,,,,,,,
24.380023234417443,,,,,,,,,0.07666827430736672,3.3492831620840247,,,,,,,,
24.412578144768336,,,,,,,,,0.0767142742726633,3.3386837421444375,,,,,,,,
24.445176526045312,,,,,,,,,0.07676030183733948,3.328117866010382,,,,,,,,
24.477818436295575,,,,,,,,,0.07680635701795459,3.31758542752634,,,,,,,,
24.510503933643836,,,,,,,,,0.07685243983107774,3.307086320872746,,,,,,,,
24.543233076292417,,,,,,,,,0.07689855029328818,3.296620440564919,,,,,,,,
24.57600592252138,,,,,,,,,0.07694468842117495,3.2861876814519966,,,,,,,,
24.60882253068855,,,,,,,,,0.076990854231337,3.275787938715906,,,,,,,,
24.641682959229772,,,,,,,,,0.07703704774038352,3.26542110787026,,,,,,,,
24.67458726665883,,,,,,,,,0.07708326896493337,3.2550870847593645,,,,,,,,
24.70753551156769,,,,,,,,,0.07712951792161547,3.2447857655571326,,,,,,,,
24.740527752626555,,,,,,,,,0.07717579462706882,3.234517046766054,,,,,,,,
24.773564048583957,,,,,,,,,0.07722209909794223,3.2242808252161583,,,,,,,,
24.806644458266884,,,,,,,,,0.07726843135089463,3.2140769980639754,,,,,,,,
24.83976904058087,,,,,,,,,0.07731479140259497,3.2039054627914996,,,,,,,,
24.872937854510113,,,,,,,,,0.07736117926972201,3.193766117205165,,,,,,,,
24.906150959117568,,,,,,,,,0.07740759496896477,3.183658859434813,,,,,,,,
24.939408413545063,,,,,,,,,0.07745403851702205,3.1735835879326744,,,,,,,,
24.97271027701339,,,,,,,,,0.07750050993060287,3.163540201472347,,,,,,,,
25.006056608822444,,,,,,,,,0.07754700922642609,3.1535285991477706,,,,,,,,
25.03944746835124,,,,,,,,,0.07759353642122073,3.14354868037224,,,,,,,,
25.072882915058184,,,,,,,,,0.07764009153172587,3.1336003448773453,,,,,,,,
25.10636300848098,,,,,,,,,0.0776866745746905,3.1236834927120234,,,,,,,,
25.13988780823688,,,,,,,,,0.07773328556687373,3.113798024241508,,,,,,,,
25.173457374022743,,,,,,,,,0.07777992452504473,3.103943840146349,,,,,,,,
25.207071765615137,,,,,,,,,0.07782659146598278,3.094120841421412,,,,,,,,
25.240731042870447,,,,,,,,,0.07787328640647712,3.084328929374881,,,,,,,,
25.274435265724986,,,,,,,,,0.07792000936332716,3.0745680056272695,,,,,,,,
25.308184494195103,,,,,,,,,0.0779667603533423,3.0648379721104306,,,,,,,,
25.341978788377286,,,,,,,,,0.07801353939334213,3.0551387310665716,,,,,,,,
25.375818208448273,,,,,,,,,0.07806034650015621,3.045470185047273,,,,,,,,
25.409702814665152,,,,,,,,,0.0781071816906243,3.0358322369125084,,,,,,,,
25.44363266736549,,,,,,,,,0.07815404498159627,3.026224789829664,,,,,,,,
25.47760782696737,,,,,,,,,0.07820093638993196,3.0166477472725868,,,,,,,,
25.511628353969638,,,,,,,,,0.07824785593250151,3.007101013020572,,,,,,,,
25.54569430895184,,,,,,,,,0.07829480362618503,2.997584491157449,,,,,,,,
25.579805752574472,,,,,,,,,0.07834177948787288,2.988098086070577,,,,,,,,
25.613962745579006,,,,,,,,,0.07838878353446543,2.9786417024499006,,,,,,,,
25.648165348788023,,,,,,,,,0.07843581578287333,2.9692152452869927,,,,,,,,
25.682413623105333,,,,,,,,,0.07848287625001721,2.9598186198740977,,,,,,,,
25.71670762951606,,,,,,,,,0.07852996495282803,2.950451731803179,,,,,,,,
25.75104742908676,,,,,,,,,0.07857708190824676,2.9411144869649717,,,,,,,,
25.78543308296555,,,,,,,,,0.07862422713322462,2.9318067915480372,,,,,,,,
25.819864652382194,,,,,,,,,0.07867140064472301,2.9225285520378175,,,,,,,,
25.85434219864817,,,,,,,,,0.07871860245971342,2.913279675215711,,,,,,,,
25.888865783156916,,,,,,,,,0.07876583259517762,2.9040600681581004,,,,,,,,
25.92343546738376,,,,,,,,,0.07881309106810752,2.8948696382354657,,,,,,,,
25.958051312886177,,,,,,,,,0.07886037789550518,2.8857082931114166,,,,,,,,
25.992713381303812,,,,,,,,,0.07890769309438293,2.876575940741782,,,,,,,,
26.02742173435863,,,,,,,,,0.07895503668176335,2.86747248937368,,,,,,,,
26.062176433855008,,,,,,,,,0.07900240867467909,2.858397847544599,,,,,,,,
26.09697754167986,,,,,,,,,0.07904980909017317,2.8493519240814766,,,,,,,,
26.131825119802723,,,,,,,,,0.0790972379452987,2.8403346280997845,,,,,,,,
26.166719230275902,,,,,,,,,0.07914469525711912,2.8313458690026145,,,,,,,,
26.201659935234545,,,,,,,,,0.07919218104270812,2.8223855564797704,,,,,,,,
26.236647296896773,,,,,,,,,0.0792396953191495,2.813453600506857,,,,,,,,
26.271681377563812,,,,,,,,,0.0792872381035375,2.8045499113443766,,,,,,,,
26.30676223962001,,,,,,,,,0.07933480941297641,2.7956743995368405,,,,,,,,
26.34188994553312,,,,,,,,,0.07938240926458098,2.786826975911835,,,,,,,,
26.377064557854215,,,,,,,,,0.07943003767547607,2.778007551579173,,,,,,,,
26.412286139217944,,,,,,,,,0.07947769466279696,2.7692160379299633,,,,,,,,
26.447554752342583,,,,,,,,,0.07952538024368903,2.760452346635735,,,,,,,,
26.482870460030153,,,,,,,,,0.07957309443530816,2.751716389647553,,,,,,,,
26.518233325166538,,,,,,,,,0.0796208372548203,2.7430080791951243,,,,,,,,
26.553643410721588,,,,,,,,,0.07966860871940189,2.734327327785925,,,,,,,,
26.58910077974925,,,,,,,,,0.07971640884623961,2.725674048204315,,,,,,,,
26.624605495387648,,,,,,,,,0.07976423765253038,2.717048153510665,,,,,,,,
26.660157620859238,,,,,,,,,0.07981209515548156,2.7084495570404825,,,,,,,,
26.695757219470877,,,,,,,,,0.07985998137231069,2.699878172403539,,,,,,,,
26.731404354613986,,,,,,,,,0.07990789632024582,2.6913339134830023,,,,,,,,
26.76709908976457,,,,,,,,,0.07995584001652516,2.6828166944345844,,,,,,,,
26.80284148848349,,,,,,,,,0.07999549690339088,2.6742294089640675,,,,,,,,
26.83863161441639,,,,,,,,,0.07993884040775796,2.664549334781397,,,,,,,,
26.874469531293947,,,,,,,,,0.07988222403886491,2.6549043001640937,,,,,,,,
26.910355302931933,,,,,,,,,0.07982564776829221,2.645294178277268,,,,,,,,
26.946288993231327,,,,,,,,,0.0797691115676403,2.635718842745142,,,,,,,,
26.982270666178444,,,,,,,,,0.07971261540852982,2.6261781676493885,,,,,,,,
27.01830038584503,,,,,,,,,0.07965615926260156,2.616672027527475,,,,,,,,
27.0543782163884,,,,,,,,,0.07959974310151632,2.607200297371012,,,,,,,,
27.090504222051525,,,,,,,,,0.07954336689695497,2.5977628526241126,,,,,,,,
27.126678467163167,,,,,,,,,0.07948703062061845,2.5883595691817516,,,,,,,,
27.16290101613799,,,,,,,,,0.0794307342442278,2.578990323388134,,,,,,,,
27.19917193347668,,,,,,,,,0.07937447773952398,2.5696549920350678,,,,,,,,
27.235491283766,,,,,,,,,0.0793182610782681,2.5603534523603564,,,,,,,,
27.271859131679047,,,,,,,,,0.07926208423224115,2.551085582046151,,,,,,,,
27.30827554197519,,,,,,,,,0.07920594717324411,2.5418512592173874,,,,,,,,
27.344740579500314,,,,,,,,,0.07914984987309807,2.532650362440147,,,,,,,,
27.381254309186897,,,,,,,,,0.07909379230364393,2.5234827707200767,,,,,,,,
27.4178167960541,,,,,,,,,0.07903777443674254,2.5143483635007935,,,,,,,,
27.45442810520793,,,,,,,,,0.0789817962442748,2.5052470206623,,,,,,,,
27.49108830184131,,,,,,,,,0.07892585769814142,2.4961786225194054,,,,,,,,
27.52779745123422,,,,,,,,,0.07886995877026304,2.487143049820149,,,,,,,,
27.564555618753822,,,,,,,,,0.07881409943258012,2.4781401837442356,,,,,,,,
27.601362869854547,,,,,,,,,0.07875827965705319,2.4691699059014707,,,,,,,,
27.638219270078242,,,,,,,,,0.07870249941566242,2.460232098330204,,,,,,,,
27.67512488505427,,,,,,,,,0.0786467586804079,2.451326643495775,,,,,,,,
27.71207978049959,,,,,,,,,0.07859105742330964,2.4424534242889835,,,,,,,,
27.749084022219005,,,,,,,,,0.07853539561640731,2.4336123240245144,,,,,,,,
27.786137676105085,,,,,,,,,0.07847977323176053,2.424803226439448,,,,,,,,
27.823240808138454,,,,,,,,,0.07842419024144863,2.416026015691697,,,,,,,,
27.860393484387817,,,,,,,,,0.07836864661757068,2.4072805763584957,,,,,,,,
27.897595771010106,,,,,,,,,0.07831314233224562,2.398566793434884,,,,,,,,
27.934847734250592,,,,,,,,,0.07825767735761205,2.3898845523321905,,,,,,,,
27.972149440443,,,,,,,,,0.07820225166582832,2.381233738876529,,,,,,,,
28.009500956009642,,,,,,,,,0.07814686522907248,2.372614239307293,,,,,,,,
28.04690234746151,,,,,,,,,0.07809151801954238,2.364025940275666,,,,,,,,
28.08435368139844,,,,,,,,,0.07803621000945542,2.3554687288431215,,,,,,,,
28.121855024509124,,,,,,,,,0.07798094117104881,2.346942492479957,,,,,,,,
28.15940644357142,,,,,,,,,0.07792571147657934,2.338447119063779,,,,,,,,
28.19700800545224,,,,,,,,,0.07787052089832343,2.3299824968780714,,,,,,,,
28.234659777107858,,,,,,,,,0.07781536940857725,2.3215485146106936,,,,,,,,
28.27236182558393,,,,,,,,,0.07776025697965647,2.313145061352431,,,,,,,,
28.310114218015634,,,,,,,,,0.07770518358389639,2.3047720265955354,,,,,,,,
28.347917021627815,,,,,,,,,0.07765014919365198,2.2964293002322687,,,,,,,,
28.38577030373506,,,,,,,,,0.07759515378129775,2.288116772553457,,,,,,,,
28.423674131741862,,,,,,,,,0.0775401973192277,2.279834334247048,,,,,,,,
28.461628573142704,,,,,,,,,0.07748527977985545,2.2715818763966724,,,,,,,,
28.499633695522203,,,,,,,,,0.07743040113561421,2.263359290480213,,,,,,,,
28.537689566555223,,,,,,,,,0.07737556135895664,2.2551664683683765,,,,,,,,
28.575796254007006,,,,,,,,,0.07732076042235485,2.2470033023232685,,,,,,,,
28.61395382573323,,,,,,,,,0.07726599829830062,2.2388696849969927,,,,,,,,
28.65216234968027,,,,,,,,,0.07721127495930506,2.2307655094302055,,,,,,,,
28.690421893885148,,,,,,,,,0.07715659037789886,2.2226906690507513,,,,,,,,
28.728732526475774,,,,,,,,,0.07710194452663206,2.2146450576722287,,,,,,,,
28.76709431567103,,,,,,,,,0.07704733737807419,2.2066285694926093,,,,,,,,
28.80550732978089,,,,,,,,,0.07699276890481424,2.1986410990928418,,,,,,,,
28.843971637206536,,,,,,,,,0.07693823907946058,2.1906825414354674,,,,,,,,
28.882487306440492,,,,,,,,,0.07688374787464097,2.182752791863238,,,,,,,,
28.921054406066737,,,,,,,,,0.07682929526300253,2.17485174609774,,,,,,,,
28.959673004760838,,,,,,,,,0.07677488121721188,2.1669793002380215,,,,,,,,
28.99834317129006,,,,,,,,,0.07672050570995484,2.159135350759229,,,,,,,,
29.037064974513488,,,,,,,,,0.07666616871393664,2.1513197945112434,,,,,,,,
29.075838483382185,,,,,,,,,0.07661187020188191,2.1435325287173224,,,,,,,,
29.114663766939213,,,,,,,,,0.07655761014653449,2.1357734509727617,,,,,,,,
29.15354089431994,,,,,,,,,0.07650338852065754,2.1280424592435176,,,,,,,,
29.192469934751937,,,,,,,,,0.07644920529703361,2.120339451864907,,,,,,,,
29.231450957555285,,,,,,,,,0.07639506044846439,2.1126643275402337,,,,,,,,
29.27048403214261,,,,,,,,,0.07634095394777096,2.105016985339479,,,,,,,,
29.309569228019225,,,,,,,,,0.07628688576779356,2.097397324697963,,,,,,,,
29.348706614783257,,,,,,,,,0.0762328558813917,2.089805245415029,,,,,,,,
29.387896262125764,,,,,,,,,0.07617886426144405,2.0822406476527195,,,,,,,,
29.427138239830864,,,,,,,,,0.07612491088084862,2.07470343193447,,,,,,,,
29.46643261777586,,,,,,,,,0.07607099571252253,2.067193499143795,,,,,,,,
29.50577946593137,,,,,,,,,0.07601711872940202,2.0597107505229886,,,,,,,,
29.545178854361424,,,,,,,,,0.07596327990444265,2.0522550876718233,,,,,,,,
29.584630853223647,,,,,,,,,0.075909479210619,2.0448264125462554,,,,,,,,
29.624135532769277,,,,,,,,,0.07585571662092494,2.0374246274571477,,,,,,,,
29.663692963343454,,,,,,,,,0.07580199210837321,2.0300496350689547,,,,,,,,
29.70330321538517,,,,,,,,,0.07574830564599591,2.022701338398482,,,,,,,,
29.742966359427506,,,,,,,,,0.07569465720684421,2.015379640813581,,,,,,,,
29.782682466097736,,,,,,,,,0.07564104676398824,2.0080844460318903,,,,,,,,
29.82245160611743,,,,,,,,,0.07558747429051728,2.0008156581195675,,,,,,,,
29.862273850302596,,,,,,,,,0.07553393975953963,1.9935731814900297,,,,,,,,
29.902149269563804,,,,,,,,,0.07548044314418276,1.9863569209026923,,,,,,,,
29.942077934906315,,,,,,,,,0.07542698441759302,1.9791667814617209,,,,,,,,
29.9820599174302,,,,,,,,,0.07537356355293581,1.9720026686147798,,,,,,,,
30.02209528833048,,,,,,,,,0.07532018052339566,1.9648644881517894,,,,,,,,
30.0621841188972,,,,,,,,,0.07526683530217593,1.9577521462036973,,,,,,,,
30.102326480515686,,,,,,,,,0.07521352786249899,1.9506655492412166,,,,,,,,
30.142522444666493,,,,,,,,,0.07516025817760631,1.9436046040736332,,,,,,,,
30.18277208292568,,,,,,,,,0.07510702622075811,1.9365692178475502,,,,,,,,
30.223075466964872,,,,,,,,,0.07505383196523376,1.9295592980456802,,,,,,,,
30.26343266855139,,,,,,,,,0.07500067538433138,1.922574752485627,,,,,,,,
30.303843759548386,,,,,,,,,0.07494755645136807,1.9156154893186725,,,,,,,,
30.344308811914985,,,,,,,,,0.0748944751396798,1.9086814170285693,,,,,,,,
30.384827897706383,,,,,,,,,0.07484143142262151,1.9017724444303366,,,,,,,,
30.425401089074008,,,,,,,,,0.07478842527356692,1.8948884806690618,,,,,,,,
30.466028458265622,,,,,,,,,0.07473545666590861,1.8880294352187055,,,,,,,,
30.50671007762546,,,,,,,,,0.07468252557305811,1.8811952178809108,,,,,,,,
30.547446019594382,,,,,,,,,0.07462963196844562,1.8743857387838154,,,,,,,,
30.588236356709906,,,,,,,,,0.07457677582552036,1.8676009083808813,,,,,,,,
30.629081161606535,,,,,,,,,0.07452395711775009,1.8608406374496902,,,,,,,,
30.669980507015634,,,,,,,,,0.07447117581862157,1.8541048370908053,,,,,,,,
30.710934465765764,,,,,,,,,0.07441843190164034,1.8473934187265748,,,,,,,,
30.75194311078271,,,,,,,,,0.07436572534033058,1.840706294099979,,,,,,,,
30.793006515089644,,,,,,,,,0.07431305610823528,1.834043375273468,,,,,,,,
30.834124751807238,,,,,,,,,0.07426042417891617,1.827404574627805,,,,,,,,
30.875297894153807,,,,,,,,,0.07420782952595374,1.8207898048609132,,,,,,,,
30.916526015445438,,,,,,,,,0.07415527212294713,1.8141989789867294,,,,,,,,
30.95780918909611,,,,,,,,,0.07410275194351419,1.807632010334059,,,,,,,,
30.99914748861784,,,,,,,,,0.07405026896129152,1.8010888125454363,,,,,,,,
31.0405409876208,,,,,,,,,0.07399782314993432,1.7945692995759894,,,,,,,,
31.08198975981348,,,,,,,,,0.07394541448311641,1.7880733856923057,,,,,,,,
31.123493879002723,,,,,,,,,0.07389304293453042,1.781600985471317,,,,,,,,
31.165053419094036,,,,,,,,,0.07384070847788743,1.7751520137991492,,,,,,,,
31.206668454091506,,,,,,,,,0.07378841108691728,1.7687263858700373,,,,,,,,
31.2483390580981,,,,,,,,,0.07373615073536831,1.7623240171851828,,,,,,,,
31.29006530531572,,,,,,,,,0.0736839273970075,1.7559448235516557,,,,,,,,
31.33184727004536,,,,,,,,,0.0736317410456204,1.7495887210812846,,,,,,,,
31.37368502668721,,,,,,,,,0.07357959165501116,1.7432556261895524,,,,,,,,
31.41557864974082,,,,,,,,,0.07352747919900245,1.736945455594499,,,,,,,,
31.45752821380522,,,,,,,,,0.07347540365143541,1.7306581263156247,,,,,,,,
31.499533793579047,,,,,,,,,0.07342336498616991,1.7243935556727992,,,,,,,,
31.54159546386069,,,,,,,,,0.07337136317708412,1.7181516612851753,,,,,,,,
31.583713299548418,,,,,,,,,0.07331939819807479,1.7119323610701045,,,,,,,,
31.62588737564052,,,,,,,,,0.07326747002305722,1.7057355732420556,,,,,,,,
31.66811776723537,,,,,,,,,0.0732155786259651,1.6995612163115512,,,,,,,,
31.71040454953174,,,,,,,,,0.07316372398075056,1.6934092090840693,,,,,,,,
31.7527477978287,,,,,,,,,0.07311190606138432,1.6872794706590097,,,,,,,,
31.79514758752593,,,,,,,,,0.07306012484185538,1.6811719204286042,,,,,,,,
31.83760399412377,,,,,,,,,0.07300838029617121,1.675086478076867,,,,,,,,
31.880117093223397,,,,,,,,,0.07295667239835778,1.6690230635785372,,,,,,,,
31.922686960526917,,,,,,,,,0.07290500112245932,1.6629815971980273,,,,,,,,
31.96531367183753,,,,,,,,,0.07285336644253848,1.6569619994883722,,,,,,,,
32.00799730305966,,,,,,,,,0.07280176833267638,1.6509641912901867,,,,,,,,
32.050737930199084,,,,,,,,,0.07275020676697237,1.6449880937306238,,,,,,,,
32.093535629363075,,,,,,,,,0.07269868171954419,1.6390336282223374,,,,,,,,
32.13639047676052,,,,,,,,,0.07264719316452795,1.6331007164624485,,,,,,,,
32.1793025487021,,,,,,,,,0.07259574107607798,1.627189280431514,,,,,,,,
32.22227192160031,,,,,,,,,0.0725443254283671,1.6212992423925119,,,,,,,,
32.26529867196982,,,,,,,,,0.07249294619558615,1.615430524889793,,,,,,,,
32.308382876427345,,,,,,,,,0.0724416033519445,1.609583050748096,,,,,,,,
32.35152461169196,,,,,,,,,0.0723902968716696,1.6037567430715058,,,,,,,,
32.39472395458518,,,,,,,,,0.07233902672900736,1.5979515252424552,,,,,,,,
32.43798098203111,,,,,,,,,0.07228779289822172,1.5921673209207137,,,,,,,,
32.481295771056544,,,,,,,,,0.07223659535359493,1.5864040540423847,,,,,,,,
32.52466839879116,,,,,,,,,0.07218543406942753,1.5806616488189047,,,,,,,,
32.5680989424676,,,,,,,,,0.07213430902003815,1.5749400297360465,,,,,,,,
32.61158747942167,,,,,,,,,0.0720832201797636,1.569239121552927,,,,,,,,
32.655134087092435,,,,,,,,,0.07203216752295902,1.5635588493010146,,,,,,,,
32.698738843022305,,,,,,,,,0.07198115102399756,1.5578991382831548,,,,,,,,
32.742401824857346,,,,,,,,,0.07193017065727053,1.5522599140725637,,,,,,,,
32.786123110347184,,,,,,,,,0.0718792263971875,1.5466411025118822,,,,,,,,
32.829902777345374,,,,,,,,,0.07182831821817602,1.5410426297121655,,,,,,,,
32.87374090380935,,,,,,,,,0.07177744609468181,1.5354644220519447,,,,,,,,
32.91763756780068,,,,,,,,,0.07172661000116874,1.5299064061762342,,,,,,,,
32.96159284748516,,,,,,,,,0.07167580991211871,1.5243685089955787,,,,,,,,
33.005606821132965,,,,,,,,,0.07162504580203162,1.5188506576850884,,,,,,,,
33.04967956711878,,,,,,,,,0.07157431764542563,1.5133527796834831,,,,,,,,
33.093811163921956,,,,,,,,,0.07152362541683677,1.5078748026921371,,,,,,,,
33.138001690126636,,,,,,,,,0.07147296909081911,1.5024166546741256,,,,,,,,
33.18225122442185,,,,,,,,,0.07142234864194491,1.4969782638532898,,,,,,,,
33.226559845601805,,,,,,,,,0.07137176404480422,1.4915595587132684,,,,,,,,
33.270927632565794,,,,,,,,,0.07132121527400531,1.4861604679965885,,,,,,,,
33.3153546643186,,,,,,,,,0.07127070230417416,1.4807809207036966,,,,,,,,
33.35984101997037,,,,,,,,,0.071220225109955,1.4754208460920566,,,,,,,,
33.40438677873701,,,,,,,,,0.07116978366600982,1.4700801736751874,,,,,,,,
33.448992019940114,,,,,,,,,0.07111937794701868,1.4647588332217665,,,,,,,,
33.49365682300723,,,,,,,,,0.0710690079276795,1.4594567547546835,,,,,,,,
33.53838126747196,,,,,,,,,0.07101867358270812,1.454173868550131,,,,,,,,
33.58316543297412,,,,,,,,,0.07096837488683837,1.4489101051366853,,,,,,,,
33.62800939925985,,,,,,,,,0.07091811181482187,1.443665395294392,,,,,,,,
33.67291324618181,,,,,,,,,0.07086788434142813,1.4384396700538573,,,,,,,,
33.717877053699254,,,,,,,,,0.07081769244144465,1.4332328606953377,,,,,,,,
33.76290090187818,,,,,,,,,0.07076753608967666,1.428044898747847,,,,,,,,
33.807984870891616,,,,,,,,,0.07071741526094724,1.4228757159882335,,,,,,,,
33.85312904101948,,,,,,,,,0.07066732993009742,1.4177252444403132,,,,,,,,
33.898333492649044,,,,,,,,,0.07061728007198588,1.412593416373944,,,,,,,,
33.9435983062748,,,,,,,,,0.07056726566148931,1.4074801643041661,,,,,,,,
33.98892356249884,,,,,,,,,0.07051728667350192,1.402385420990284,,,,,,,,
34.03430934203077,,,,,,,,,0.07046734308293598,1.397309119435011,,,,,,,,
34.07975572568803,,,,,,,,,0.07041743486472134,1.3922511928835666,,,,,,,,
34.12526279439598,,,,,,,,,0.07036756199380571,1.387211574822809,,,,,,,,
34.17083062918803,,,,,,,,,0.0703177244451545,1.3821901989803582,,,,,,,,
34.21645931120579,,,,,,,,,0.0702679221937508,1.3771869993237242,,,,,,,,
34.262148921699215,,,,,,,,,0.07021815521459557,1.372201910059439,,,,,,,,
34.30789954202679,,,,,,,,,0.07016842348270728,1.367234865632189,,,,,,,,
34.353711253655554,,,,,,,,,0.07011872697312233,1.362285800723964,,,,,,,,
34.39958413816146,,,,,,,,,0.07006906566089448,1.3573546502531748,,,,,,,,
34.44551827722924,,,,,,,,,0.07001943952109548,1.3524413493738279,,,,,,,,
34.49151375265285,,,,,,,,,0.06996984852881451,1.347545833474642,,,,,,,,
34.53757064633532,,,,,,,,,0.06992029265915854,1.3426680381782274,,,,,,,,
34.583689040289194,,,,,,,,,0.0698707718872521,1.3378078993402116,,,,,,,,
34.629869016636405,,,,,,,,,0.0698212861882373,1.3329653530484213,,,,,,,,
34.676110657608604,,,,,,,,,0.06977183553727397,1.3281403356220232,,,,,,,,
34.72241404554723,,,,,,,,,0.06972241990953942,1.323332783610695,,,,,,,,
34.7687792629037,,,,,,,,,0.06967303928022857,1.31854263379379,,,,,,,,
34.81520639223949,,,,,,,,,0.06962369362455399,1.3137698231795047,,,,,,,,
34.86169551622634,,,,,,,,,0.0695743829177457,1.3090142890040515,,,,,,,,
34.908246717646406,,,,,,,,,0.06952510713505126,1.3042759687308298,,,,,,,,
34.95486007939231,,,,,,,,,0.06947586625173591,1.2995548000496155,,,,,,,,
35.00153568446748,,,,,,,,,0.06942666024308218,1.2948507208757185,,,,,,,,
35.048273615986034,,,,,,,,,0.06937748908439037,1.2901636693491962,,,,,,,,
35.09507395717323,,,,,,,,,0.06932835275097798,1.2854935838340087,,,,,,,,
35.14193679136531,,,,,,,,,0.06927925121818025,1.2808404029172376,,,,,,,,
35.1888622020099,,,,,,,,,0.06923018446134971,1.2762040654082565,,,,,,,,
35.23585027266601,,,,,,,,,0.06918115245585649,1.271584510337937,,,,,,,,
35.282901087004234,,,,,,,,,0.06913215517708805,1.2669816769578441,,,,,,,,
35.330014728806894,,,,,,,,,0.0690831926004493,1.262395504739438,,,,,,,,
35.37719128196819,,,,,,,,,0.06903426470136267,1.257825933373277,,,,,,,,
35.42443083049435,,,,,,,,,0.06898537145526783,1.2532729027682248,,,,,,,,
35.471733458503735,,,,,,,,,0.06893651283762205,1.2487363530506663,,,,,,,,
35.51909925022712,,,,,,,,,0.06888768882389971,1.2442162245637036,,,,,,,,
35.56652829000764,,,,,,,,,0.06883889938959285,1.2397124578663956,,,,,,,,
35.614020662301186,,,,,,,,,0.06879014451021066,1.2352249937329498,,,,,,,,
35.66157645167627,,,,,,,,,0.0687414241612798,1.230753773151971,,,,,,,,
35.70919574281449,,,,,,,,,0.06869273831834422,1.2262987373256573,,,,,,,,
35.756878620510385,,,,,,,,,0.0686440869569651,1.2218598276690524,,,,,,,,
35.804625169671795,,,,,,,,,0.06859547005272111,1.2174369858092573,,,,,,,,
35.85243547531992,,,,,,,,,0.06854688758120808,1.2130301535846706,,,,,,,,
35.9003096225895,,,,,,,,,0.06849833951803914,1.2086392730442221,,,,,,,,
35.94824769672894,,,,,,,,,0.06844982583884476,1.2042642864466104,,,,,,,,
35.99624978310048,,,,,,,,,0.06840134651927263,1.199905136259544,,,,,,,,
36.04431596718038,,,,,,,,,0.0683529015349876,1.1955617651589834,,,,,,,,
36.092446334558936,,,,,,,,,0.06830449086167195,1.1912341160283946,,,,,,,,
36.1406409709409,,,,,,,,,0.06825611447502497,1.1869221319579801,,,,,,,,
36.18889996214528,,,,,,,,,0.06820777235076339,1.182625756243956,,,,,,,,
36.23722339410585,,,,,,,,,0.06815946446462086,1.1783449323877793,,,,,,,,
36.28561135287098,,,,,,,,,0.06811119079234847,1.1740796040954316,,,,,,,,
36.334063924604095,,,,,,,,,0.06806295130971432,1.169829715276652,,,,,,,,
36.382581195583526,,,,,,,,,0.06801474599250379,1.1655952100442242,,,,,,,,
36.43116325220291,,,,,,,,,0.06796657481651933,1.1613760327132248,,,,,,,,
36.47981018097121,,,,,,,,,0.06791843775758051,1.1571721278002973,,,,,,,,
36.52852206851291,,,,,,,,,0.06787033479152413,1.152983440022922,,,,,,,,
36.577299001568186,,,,,,,,,0.06782226589420402,1.1488099142986887,,,,,,,,
36.62614106699299,,,,,,,,,0.06777423104149113,1.144651495744573,,,,,,,,
36.67504835175933,,,,,,,,,0.06772623020927346,1.1405081296762114,,,,,,,,
36.724020942955235,,,,,,,,,0.0676782633734562,1.136379761607192,,,,,,,,
36.773058927785165,,,,,,,,,0.06763033050996146,1.132266337248319,,,,,,,,
36.822162393569876,,,,,,,,,0.06758243159472856,1.1281678025069237,,,,,,,,
36.87133142774688,,,,,,,,,0.06753456660371372,1.1240841034861275,,,,,,,,
36.92056611787028,,,,,,,,,0.06748673551289026,1.1200151864841574,,,,,,,,
36.96986655161126,,,,,,,,,0.06743893829824847,1.1159609979936165,,,,,,,,
37.01923281675793,,,,,,,,,0.06739117493579574,1.1119214847008023,,,,,,,,
37.0686650012157,,,,,,,,,0.06734344540155633,1.1078965934849891,,,,,,,,
37.11816319300734,,,,,,,,,0.0672957496715716,1.1038862714177373,,,,,,,,
37.167727480273165,,,,,,,,,0.06724808772189979,1.0998904657621955,,,,,,,,
37.21735795127118,,,,,,,,,0.06720045952861613,1.095909123972407,,,,,,,,
37.267054694377244,,,,,,,,,0.06715286506781275,1.0919421936926195,,,,,,,,
37.316817798085246,,,,,,,,,0.06710530431559879,1.0879896227565937,,,,,,,,
37.36664735100716,,,,,,,,,0.06705777724810034,1.0840513591869267,,,,,,,,
37.416543441873415,,,,,,,,,0.06701028384146021,1.0801273511943503,,,,,,,,
37.466506159532784,,,,,,,,,0.06696282407183832,1.0762175471770732,,,,,,,,
37.51653559295282,,,,,,,,,0.06691539791541132,1.0723218957200782,,,,,,,,
37.566631831219745,,,,,,,,,0.06686800534837285,1.068440345594469,,,,,,,,
37.61679496353883,,,,,,,,,0.06682064634693335,1.0645728457567798,,,,,,,,
37.66702507923442,,,,,,,,,0.06677332088732008,1.060719345348311,,,,,,,,
37.71732226775015,,,,,,,,,0.06672602894577721,1.05687979369446,,,,,,,,
37.76768661864908,,,,,,,,,0.0666787704985657,1.0530541403040536,,,,,,,,
37.81811822161388,,,,,,,,,0.06663154552196329,1.0492423348686852,,,,,,,,
37.86861716644696,,,,,,,,,0.06658435399226456,1.0454443272620524,,,,,,,,
37.91918354307066,,,,,,,,,0.0665371958857809,1.0416600675392977,,,,,,,,
37.96981744152739,,,,,,,,,0.06649007117884041,1.0378895059363513,,,,,,,,
38.02051895197973,,,,,,,,,0.06644297984778805,1.0341325928692833,,,,,,,,
38.0712881647108,,,,,,,,,0.06639592186898545,1.0303892789336349,,,,,,,,
38.122125170124114,,,,,,,,,0.066348897218811,1.026659514903792,,,,,,,,
38.17303005874405,,,,,,,,,0.0663019058736598,1.022943251732314,,,,,,,,
38.22400292121573,,,,,,,,,0.06625494780994377,1.0192404405493098,,,,,,,,
38.2750438483054,,,,,,,,,0.0662080230040914,1.0155510326617805,,,,,,,,
38.32615293090049,,,,,,,,,0.06616113143254801,1.0118749795529856,,,,,,,,
38.37733026000979,,,,,,,,,0.06611427307177548,1.008212232881803,,,,,,,,
38.42857592676361,,,,,,,,,0.06606744789825243,1.0045627444820955,,,,,,,,
38.47989002241394,,,,,,,,,0.06602065588847408,1.000926466362074,,,,,,,,
38.53127263833466,,,,,,,,,0.06597389701895237,0.9973033507036685,,,,,,,,
38.58272386602158,,,,,,,,,0.06592717126621592,0.9936933498619033,,,,,,,,
38.63424379709281,,,,,,,,,0.06588047860680975,0.9900964163642573,,,,,,,,
38.68583252328864,,,,,,,,,0.06583381901729575,0.9865125029100592,,,,,,,,
38.73749013647204,,,,,,,,,0.06578719247425223,0.9829415623698442,,,,,,,,
38.78921672862847,,,,,,,,,0.06574059895427425,0.9793835477847559,,,,,,,,
38.84101239186638,,,,,,,,,0.06569403843397324,0.9758384123659066,,,,,,,,
38.892877218417084,,,,,,,,,0.06564751088997735,0.972306109493783,,,,,,,,
38.944811300635116,,,,,,,,,0.0656010162989313,0.9687865927176178,,,,,,,,
38.99681473099834,,,,,,,,,0.06555455463749624,0.9652798157547858,,,,,,,,
39.04888760210807,,,,,,,,,0.0655081258823499,0.961785732490194,,,,,,,,
39.10103000668929,,,,,,,,,0.06546173001018651,0.9583042969756749,,,,,,,,
39.15324203759082,,,,,,,,,0.0654153669977169,0.9548354634293824,,,,,,,,
39.20552378778545,,,,,,,,,0.06536903682166824,0.9513791862351888,,,,,,,,
39.25787535037005,,,,,,,,,0.06532273945878435,0.9479354199420909,,,,,,,,
39.31029681856595,,,,,,,,,0.06527647488582537,0.9445041192635981,,,,,,,,
39.36278828571879,,,,,,,,,0.06523024307956798,0.9410852390771568,,,,,,,,
39.415349845299026,,,,,,,,,0.06518404401680528,0.9376787344235358,,,,,,,,
39.46798159090175,,,,,,,,,0.06513787767434685,0.9342845605062559,,,,,,,,
39.5206836162472,,,,,,,,,0.06509174402901863,0.9309026726909801,,,,,,,,
39.57345601518063,,,,,,,,,0.06504564305766306,0.9275330265049465,,,,,,,,
39.626298881672675,,,,,,,,,0.06499957473713887,0.9241755776363684,,,,,,,,
39.67921230981943,,,,,,,,,0.06495353904432127,0.9208302819338589,,,,,,,,
39.732196393842635,,,,,,,,,0.06490753595610178,0.9174970954058481,,,,,,,,
39.78525122808987,,,,,,,,,0.06486156544938837,0.9141759742200058,,,,,,,,
39.83837690703466,,,,,,,,,0.0648156275011053,0.9108668747026639,,,,,,,,
39.89157352527673,,,,,,,,,0.06476972208819314,0.9075697533382414,,,,,,,,
39.94484117754203,,,,,,,,,0.06472384918760891,0.9042845667686786,,,,,,,,
39.99817995868315,,,,,,,,,0.06467800877632585,0.9010112717928527,,,,,,,,
40.05158996367918,,,,,,,,,0.06463220083133359,0.8977498253660287,,,,,,,,
40.105071287636164,,,,,,,,,0.0645864253296379,0.8945001845992733,,,,,,,,
40.15862402578703,,,,,,,,,0.06454068224826104,0.8912623067589109,,,,,,,,
40.212248273491994,,,,,,,,,0.06449497156424139,0.888036149265942,,,,,,,,
40.26594412623849,,,,,,,,,0.0644492932546337,0.8848216696955011,,,,,,,,
40.31971167964152,,,,,,,,,0.0644036472965089,0.881618825776286,,,,,,,,
40.37355102944376,,,,,,,,,0.06435803366695413,0.8784275753900078,,,,,,,,
40.42746227151572,,,,,,,,,0.06431245234307288,0.8752478765708356,,,,,,,,
40.48144550185594,,,,,,,,,0.06426690330198477,0.8720796875048451,,,,,,,,
40.53550081659112,,,,,,,,,0.06422138652082558,0.8689229665294681,,,,,,,,
40.58962831197637,,,,,,,,,0.06417590197674741,0.8657776721329441,,,,,,,,
40.64382808439523,,,,,,,,,0.06413044964691847,0.8626437629537799,,,,,,,,
40.6981002303601,,,,,,,,,0.06408502950852309,0.8595211977801928,,,,,,,,
40.75244484651206,,,,,,,,,0.06403964153876186,0.8564099355495863,,,,,,,,
40.806862029621456,,,,,,,,4.810421906144212,0.06398678733642721,0.8532274307594817,2.4282495815632585,,,,,,,
40.86135187658764,,,,,,,,4.790014105876086,0.06388204397105918,0.8494869434014242,2.438187610613814,,,,,,,
40.9159144844395,,,,,,,,4.7696928839414,0.0637774720656604,0.8457628540694629,2.4481663127575137,,,,,,,
40.97054995033542,,,,,,,,4.749457873039041,0.0636730713395589,0.8420550908758375,2.458185854455988,,,,,,,
41.02525837156354,,,,,,,,4.729308707426132,0.0635688415125423,0.838363582247938,2.4682464028521376,,,,,,,
41.08003984554192,,,,,,,,4.7092450229114355,0.06346478230485675,0.8346882569269237,2.4783481257729263,,,,,,,
41.13489446981868,,,,,,,,4.68926645684876,0.06336089343720648,0.8310290439663475,2.488491191732178,,,,,,,
41.18982234207224,,,,,,,,4.669372648130403,0.06325717463075277,0.8273858727307847,2.4986757699333912,,,,,,,
41.24482356011136,,,,,,,,4.649563237180657,0.06315362560711357,0.8237586728944772,2.508902030272545,,,,,,,
41.29989822187554,,,,,,,,4.62983786594924,0.06305024608836221,0.8201473744399602,2.5191701433409737,,,,,,,
41.3550464254349,,,,,,,,4.610196177904915,0.06294703579702733,0.816551907656731,2.5294802804281535,,,,,,,
41.41026826899069,,,,,,,,4.59063781802895,0.06284399445609146,0.8129722031398823,2.5398326135246254,,,,,,,
41.465563850875114,,,,,,,,4.571162432808799,0.0627411217889908,0.8094081917887832,2.5502273153247987,,,,,,,
41.520933269551854,,,,,,,,4.551769670231612,0.06263841751961416,0.8058598048057247,2.5606645592298967,,,,,,,
41.57637662361591,,,,,,,,4.532459179777966,0.0625358813723024,0.8023269736946111,2.571144519350788,,,,,,,
41.631894011794024,,,,,,,,4.513230612415466,0.062433513071847635,0.7988096302596234,2.581667370510937,,,,,,,
41.68748553294478,,,,,,,,4.4940836205924555,0.06233131234349237,0.7953077066039093,2.592233288249299,,,,,,,
41.74315128605871,,,,,,,,4.475017858231744,0.06222927891292902,0.7918211351282715,2.6028424488232513,,,,,,,
41.798891370258595,,,,,,,,4.456032980724337,0.06212741250629893,0.7883498485298627,2.613495029211537,,,,,,,
41.854705884799515,,,,,,,,4.437128644923219,0.062025712850191726,0.7848937798008865,2.624191207117214,,,,,,,
41.910594929069156,,,,,,,,4.418304509137135,0.06192417967164464,0.7814528622273023,2.6349311609706247,,,,,,,
41.9665586025878,,,,,,,,4.399560233124458,0.06182281269814185,0.7780270293875444,2.6457150699323515,,,,,,,
42.022597005008784,,,,,,,,4.380895478086952,0.06172161165761335,0.7746162151512254,2.656543113896252,,,,,,,
42.07871023611835,,,,,,,,4.362309906663766,0.06162057627843474,0.7712203536778789,2.6674154734923965,,,,,,,
42.134898395836125,,,,,,,,4.343803182925212,0.061519706289426115,0.7678393794156682,2.678332330090149,,,,,,,
42.19116158421502,,,,,,,,4.325374972366815,0.061419001419851633,0.7644732271001413,2.6892938658011247,,,,,,,
42.24749990144171,,,,,,,,4.307024941903145,0.06131846139941838,0.7611218317529508,2.7003002634822955,,,,,,,
42.3039134478365,,,,,,,,4.288752759861912,0.061218085958276165,0.7577851286806182,2.711351706738978,,,,,,,
42.36040232385373,,,,,,,,4.270558095977889,0.06111787482701644,0.7544630534732719,2.7224483799279415,,,,,,,
42.41696663008187,,,,,,,,4.252440621386974,0.0610178277366716,0.7511555420034093,2.733590468160463,,,,,,,
42.473606467243705,,,,,,,,4.234400008620247,0.06091794441871435,0.7478625304246587,2.7447781573054195,,,,,,,
42.53032193619651,,,,,,,,4.216435931598041,0.060818224605057036,0.7445839551705457,2.7560116339923875,,,,,,,
42.587113137932235,,,,,,,,4.1985480656240615,0.060718668028050746,0.7413197529532671,2.7672910856147586,,,,,,,
42.64398017357772,,,,,,,,4.180736087379497,0.06061927442048477,0.7380698607624676,2.7786167003328663,,,,,,,
42.70092314439473,,,,,,,,4.162999674917218,0.060520043515585834,0.7348342158640295,2.789988667077108,,,,,,,
42.757942151780426,,,,,,,,4.14533850765588,0.060420975047017246,0.7316127557988485,2.801407175551139,,,,,,,
42.815037297267175,,,,,,,,4.12775226637423,0.06032206874887845,0.7284054183816463,2.8128724162349767,,,,,,,
42.872208682523095,,,,,,,,4.110240633205234,0.060223324355703926,0.7252121416997503,2.8243845803882444,,,,,,,
42.9294564093519,,,,,,,,4.092803291630429,0.06012474160246303,0.7220328641119187,2.835943860053294,,,,,,,
42.9867805796934,,,,,,,,4.075439926474107,0.0600263202245586,0.7188675242471305,2.847550448058477,,,,,,,
43.044181295623396,,,,,,,,4.058150223897707,0.05992805995782694,0.7157160610034193,2.859204538021301,,,,,,,
43.10165865935406,,,,,,,,4.040933871394078,0.05982996053853655,0.7125784135466807,2.8709063243517003,,,,,,,
43.15921277323403,,,,,,,,4.02379055778186,0.05973202170338777,0.7094545213095036,2.8826560022552634,,,,,,,
43.216843739748626,,,,,,,,4.00671997319985,0.05963424318951184,0.7063443239900001,2.8944537677364903,,,,,,,
43.27455166152,,,,,,,,3.989721809101409,0.05953662473447044,0.7032477615506414,2.906299817602063,,,,,,,
43.33233664130735,,,,,,,,3.9727957582488767,0.05943916607625473,0.7001647742170989,2.918194349464129,,,,,,,
43.3901987820071,,,,,,,,3.955941514708018,0.05934186695328477,0.6970953024770892,2.9301375617436025,,,,,,,
43.44813818665299,,,,,,,,3.9391587738425233,0.059244727104409,0.694039287079231,2.94212965367345,,,,,,,
43.5061549584165,,,,,,,,3.9224472323084285,0.05914774626890302,0.6909966690318888,2.954170825302066,,,,,,,
43.564249200606696,,,,,,,,3.9058065880487347,0.0590509241864696,0.6879673896020514,2.9662612774965407,,,,,,,
43.62242101667076,,,,,,,,3.88923654028784,0.05895426059723724,0.6849513903141795,2.978401211946084,,,,,,,
43.68067051019388,,,,,,,,3.8727367895262046,0.05885775524176016,0.6819486129490945,2.990590831165322,,,,,,,
43.738997784899624,,,,,,,,3.8563070375348607,0.058761407861017044,0.6789589995428419,3.0028303384977235,,,,,,,
43.79740294465005,,,,,,,,3.8399469873500607,0.05866521819641073,0.6759824923855781,3.0151199381189735,,,,,,,
43.85588609344592,,,,,,,,3.8236563432678974,0.058569185989767264,0.673019034020455,3.027459835040378,,,,,,,
43.91444733542683,,,,,,,,3.8074348108389655,0.0584733109833354,0.670068567242512,3.0398502351122896,,,,,,,
43.97308677487148,,,,,,,,3.791282096863031,0.058377592919785753,0.6671310350975697,3.052291345027538,,,,,,,
44.031804516197795,,,,,,,,3.775197909383742,0.05828203154221017,0.6642063808811328,3.0647833723248774,,,,,,,
44.09060066396312,,,,,,,,3.7591819576833414,0.058186626594121126,0.6612945481372938,3.077326525392453,,,,,,,
44.149475322864454,,,,,,,,3.7432339522774156,0.05809137781945081,0.6583954806576429,3.0899210134712765,,,,,,,
44.208428597738504,,,,,,,,3.727353604909683,0.05799628496255082,0.6555091224801882,3.102567046658696,,,,,,,
44.26746059356212,,,,,,,,3.711540628546727,0.05790134776819091,0.6526354178882636,3.115264835911954,,,,,,,
44.32657141545215,,,,,,,,3.69579473737289,0.057806565981559,0.6497743114094695,3.128014593051631,,,,,,,
44.385761168666,,,,,,,,3.680115646785016,0.05771193934825975,0.6469257478145846,3.1408165307652607,,,,,,,
44.44502995860145,,,,,,,,3.6645030733873956,0.0576174676143146,0.6440896721165161,3.1536708626108014,,,,,,,
44.504377890797116,,,,,,,,3.6489567349865784,0.057523150526160506,0.6412660295692262,3.166577803020255,,,,,,,
44.56380507093253,,,,,,,,3.6334763505862973,0.057428987830649564,0.638454765666681,3.1795375673032154,,,,,,,
44.62331160482831,,,,,,,,3.6180616403823938,0.05733497927504832,0.635655826141797,3.192550371650473,,,,,,,
44.68289759844642,,,,,,,,3.602712325757748,0.05724112460703692,0.6328691569653939,3.2056164331376116,,,,,,,
44.74256315789027,,,,,,,,3.587428129277254,0.057147423574708665,0.6300947043451511,3.2187359697286353,,,,,,,
44.802308389405,,,,,,,,3.572208774682792,0.057053875926569075,0.6273324147245689,3.231909200279611,,,,,,,
44.86213339937753,,,,,,,,3.5570539868882673,0.056960481411535584,0.6245822347819393,3.245136344542289,,,,,,,
44.92203829433699,,,,,,,,3.5419634919745744,0.05686723977893631,0.6218441114293056,3.258417623167826,,,,,,,
44.98202318095459,,,,,,,,3.526937017184731,0.056774150778510064,0.6191179918114535,3.2717532577103943,,,,,,,
45.04208816604415,,,,,,,,3.5119742909188583,0.05668121416040499,0.6164038233048734,3.285143470630952,,,,,,,
45.10223335656193,,,,,,,,3.49707504272936,0.056588429675178534,0.6137015535167618,3.298588485300878,,,,,,,
45.16245885960722,,,,,,,,3.482239003315948,0.05649579707379619,0.6110111302839933,3.3120885260057777,,,,,,,
45.222764782422125,,,,,,,,3.4674659045208536,0.056403316107631295,0.6083325016721292,3.3256438179491483,,,,,,,
45.28315123239207,,,,,,,,3.4527554793239257,0.056310986528464155,0.6056656159744029,3.3392545872561903,,,,,,,
45.343618317045845,,,,,,,,3.4381074618378245,0.056218808088481294,0.6030104217107283,3.3529210609775557,,,,,,,
45.404166144055814,,,,,,,,3.4235215873032185,0.056126780540275034,0.6003668676267037,3.366643467093142,,,,,,,
45.46479482123813,,,,,,,,3.408997592083991,0.05603490363684256,0.5977349026926234,3.3804220345158926,,,,,,,
45.5255044565529,,,,,,,,3.3945352136624827,0.055943177131585524,0.5951144761024921,3.3942569930956146,,,,,,,
45.58629515810443,,,,,,,,3.3801341906347333,0.05585160077830907,0.5925055372730432,3.408148573622824,,,,,,,
45.647167034141276,,,,,,,,3.365794262705791,0.05576017433122162,0.5899080358427676,3.4220970078325625,,,,,,,
45.7081201930567,,,,,,,,3.351515170684944,0.05566889754493364,0.5873219216709304,3.4361025284083246,,,,,,,
45.76915474338853,,,,,,,,3.3372966564811177,0.0555777701744575,0.584747144836618,3.450165368985862,,,,,,,
45.8302707938197,,,,,,,,3.323138463098124,0.0554867919752065,0.5821836556377586,3.4642857641571614,,,,,,,
45.891468453178085,,,,,,,,3.309040334630102,0.055395962702994385,0.5796314045901786,3.478463949474274,,,,,,,
45.95274783043707,,,,,,,,3.2950020162568054,0.05530528211403455,0.5770903424266313,3.492700161453334,,,,,,,
46.01410903471538,,,,,,,,3.2810232542390807,0.05521474996493951,0.5745604200958613,3.5069946375784187,,,,,,,
46.07555217527756,,,,,,,,3.2671037959142155,0.055124366012720215,0.5720415887616461,3.5213476163055724,,,,,,,
46.137077361534004,,,,,,,,3.2532433896914075,0.055034130014785305,0.569533799801859,3.5357593370667546,,,,,,,
46.19868470304124,,,,,,,,3.239441785047202,0.054944041728940546,0.5670370048075289,3.5502300402738443,,,,,,,
46.26037430950205,,,,,,,,3.2256987325209727,0.054854100913388236,0.5645511555819063,3.5647599673226456,,,,,,,
46.32214629076573,,,,,,,,3.2120139837104045,0.05476430732672638,0.5620762041395326,3.5793493605969156,,,,,,,
46.38400075682828,,,,,,,,3.1983872912670055,0.05467466072794822,0.5596121027053134,3.593998463472417,,,,,,,
46.44593781783247,,,,,,,,3.184818408891658,0.05458516087644153,0.5571588037135998,3.6087075203209444,,,,,,,
46.50795758406833,,,,,,,,3.1713070913301107,0.054495807531987864,0.5547162598072618,3.6234767765144658,,,,,,,
46.57006016597295,,,,,,,,3.1578530943686243,0.05440660045476213,0.5522844238367863,3.6383064784291337,,,,,,,
46.632245674131084,,,,,,,,3.144456174829473,0.05431753940533163,0.5498632488593532,3.6531968734494797,,,,,,,
46.694514219274986,,,,,,,,3.1311160905666338,0.05422862414465586,0.5474526881379436,3.668148209972454,,,,,,,
46.75686591228492,,,,,,,,3.117832600461325,0.05413985443408533,0.5450526951404226,3.683160737411662,,,,,,,
46.81930086418908,,,,,,,,3.104605464417728,0.05405123003536149,0.5426632235386561,3.6982347062014345,,,,,,,
46.881819186163995,,,,,,,,3.091434443358589,0.053962750710615584,0.5402842272076048,3.7133703678010708,,,,,,,
46.94442098953462,,,,,,,,3.0783192992209227,0.05387441622236838,0.5379156602244395,3.728567974699008,,,,,,,
47.007106385774584,,,,,,,,3.065259794951707,0.05378622633352929,0.5355574768676529,3.743827780417033,,,,,,,
47.06987548650634,,,,,,,,3.0522556945035957,0.05369818080739591,0.5332096316161781,3.7591500395145134,,,,,,,
47.132728403501424,,,,,,,,3.0393067628306545,0.05361027940765323,0.5308720791485089,3.7745350075926463,,,,,,,
47.19566524868061,,,,,,,,3.026412765884105,0.05352252189837314,0.5285447743418245,3.789982941298727,,,,,,,
47.25868613411406,,,,,,,,3.013573470608121,0.05343490804401377,0.5262276722711228,3.8054940983304006,,,,,,,
47.321791172021726,,,,,,,,3.0007886449355605,0.053347437609418624,0.5239207282083436,3.821068737440022,,,,,,,
47.38498047477322,,,,,,,,2.9880580577838467,0.05326011035981645,0.5216238976215181,3.8367071184388926,,,,,,,
47.448254154888424,,,,,,,,2.9753814790507103,0.05317292606081997,0.5193371361738955,3.8524095022016795,,,,,,,
47.51161232503726,,,,,,,,2.9627586796101055,0.053085884478425896,0.5170603997231006,3.8681761506706835,,,,,,,
47.57505509804022,,,,,,,,2.9501894313080155,0.05299898537901378,0.5147936443202709,3.8840073268602757,,,,,,,
47.63858258686841,,,,,,,,2.9376735069583506,0.05291222852934571,0.5125368262092141,3.8999032948612498,,,,,,,
47.7021949046438,,,,,,,,2.92521068033884,0.0528256136965655,0.5102899018255618,3.915864319845236,,,,,,,
47.765892164639396,,,,,,,,2.9128007261869397,0.05273914064819822,0.5080528277959283,3.9318906680691295,,,,,,,
47.829674480279486,,,,,,,,2.900443420195764,0.05265280915214943,0.5058255609370739,3.9479826068795227,,,,,,,
47.89354196513979,,,,,,,,2.88813853901003,0.05256661897670459,0.503608058255071,3.9641404047171713,,,,,,,
47.95749473294769,,,,,,,,2.8758858602220196,0.052480569890528565,0.5014002769444745,3.980364331121474,,,,,,,
48.02153289758245,,,,,,,,2.8636851623675548,0.052394661662664786,0.4992021743874942,3.9966546567349677,,,,,,,
48.08565657307533,,,,,,,,2.8515362249220213,0.05230889406253492,0.49701370815317675,4.013011653307817,,,,,,,
48.149865873610004,,,,,,,,2.839438828296326,0.05222326685993784,0.49483483599657696,4.029435593702416,,,,,,,
48.21416091352241,,,,,,,,2.8273927538330033,0.05213777982504952,0.4926655158579552,4.045926751897844,,,,,,,
48.27854180730138,,,,,,,,2.8153977838021844,0.052052432728421846,0.4905057058619522,4.062485402994537,,,,,,,
48.34300866958844,,,,,,,,2.803453701397734,0.0519672253409826,0.4883553643167928,4.07911182321878,,,,,,,
48.4075616151783,,,,,,,,2.7915602907332784,0.051882157434034314,0.4862144497134723,4.095806289927395,,,,,,,
48.47220075901894,,,,,,,,2.7797173368383294,0.05179722877925404,0.4840829207249594,4.1125690816123175,,,,,,,
48.5369262162118,,,,,,,,2.767924625654392,0.051712439148692474,0.4819607362053975,4.129400477905266,,,,,,,
48.60173810201206,,,,,,,,2.7561819440310953,0.0516277883147735,0.47984785518931045,4.146300759582399,,,,,,,
48.66663653182877,,,,,,,,2.744489079722341,0.05154327605029356,0.47774423689081175,4.163270208568999,,,,,,,
48.73162162122512,,,,,,,,2.7328458213824622,0.051458902128420934,0.4756498407028165,4.180309107944182,,,,,,,
48.796693485918524,,,,,,,,2.7212519585624255,0.051374666322695384,0.47356462619626144,4.197417741945588,,,,,,,
48.86185224178107,,,,,,,,2.709707281705978,0.05129056840702712,0.47148855311931603,4.214596395974197,,,,,,,
48.927098004839394,,,,,,,,2.6982115821459267,0.051206608155696755,0.469421581396617,4.231845356598984,,,,,,,
48.99243089127524,,,,,,,,2.6867646521002966,0.051122785343354064,0.4673636711284823,4.249164911561814,,,,,,,
49.057851017425314,,,,,,,,2.6753662846686437,0.051039099745018045,0.46531478259015346,4.266555349782131,,,,,,,
49.123358499781844,,,,,,,,2.664016273828247,0.05095555113607569,0.4632748762310164,4.284016961361884,,,,,,,
49.18895345499245,,,,,,,,2.65271441443045,0.05087213929228183,0.46124391267384923,4.301550037590265,,,,,,,
49.25463599986061,,,,,,,,2.6414605021969035,0.050788863989758376,0.45922185271405425,4.31915487094865,,,,,,,
49.32040625134576,,,,,,,,2.630254333715896,0.05070572500499364,0.45720865731890414,4.336831755115434,,,,,,,
49.386264326563484,,,,,,,,2.619095706438674,0.05062272211484189,0.45520428762678866,4.3545809849709425,,,,,,,
49.45221034278578,,,,,,,,2.6079844186757777,0.05053985509652259,0.4532087049464638,4.372402856602349,,,,,,,
49.518244417441224,,,,,,,,2.5969202695933986,0.05045712372761999,0.45122187075630554,4.390297667308616,,,,,,,
49.584366668115216,,,,,,,,2.5859030592097443,0.050374527786082285,0.44924374670356454,4.4082657156054585,,,,,,,
49.6505772125501,,,,,,,,2.5749325883914436,0.05029206705022137,0.4472742946036306,4.42630730123029,,,,,,,
49.71687616864557,,,,,,,,2.564008658849903,0.050209741298711745,0.4453134764392867,4.444422725147303,,,,,,,
49.783263654458594,,,,,,,,2.5531310731377848,0.05012755031059052,0.4433612543599866,4.462612289552379,,,,,,,
49.84973978820396,,,,,,,,2.5422996346453703,0.05004549386525624,0.4414175906811119,4.480876297878247,,,,,,,
49.91630468825413,,,,,,,,2.531514147597075,0.049963571742468744,0.43948244788325713,4.499215054799426,,,,,,,
49.9829584731398,,,,,,,,2.520774417047842,0.0498817837223483,0.4375557886114931,4.517628866237426,,,,,,,
50.0497012615498,,,,,,,,2.5100802488796803,0.04980012958537515,0.435637575674657,4.536118039365746,,,,,,,
50.116533172331515,,,,,,,,2.4994314497981116,0.0497186091123889,0.4337277720446267,4.554682882615073,,,,,,,
50.183454324491024,,,,,,,,2.4888278273286972,0.04963722208458783,0.43182634085560906,4.5733237056783915,,,,,,,
50.25046483719331,,,,,,,,2.4782691898135543,0.0495559682835285,0.42993324540342825,4.592040819516155,,,,,,,
50.317564829762475,,,,,,,,2.4677553464078925,0.049474847491124956,0.4280484491448167,4.610834536361485,,,,,,,
50.38475442168197,,,,,,,,2.457286107076563,0.04939385948964826,0.42617191569671,4.62970516972536,,,,,,,
50.45203373259479,,,,,,,,2.446861282590622,0.04931300406172591,0.4243036088355435,4.648653034401871,,,,,,,
50.51940288230362,,,,,,,,2.436480684523928,0.04923228099034127,0.42244349249655727,4.667678446473425,,,,,,,
50.58686199077128,,,,,,,,2.4261441252496945,0.04915169005883284,0.42059153077309136,4.686781723316104,,,,,,,
50.65441117812058,,,,,,,,2.415851417937156,0.049071231050893914,0.41874768791590394,4.705963183604845,,,,,,,
50.722050564634934,,,,,,,,2.40560237654813,0.04899090375057174,0.4169119283324695,4.7252231473188795,,,,,,,
50.78978027075816,,,,,,,,2.395396815833715,0.04891070794226721,0.4150842165863031,4.744561935746947,,,,,,,
50.85760041709512,,,,,,,,2.3852345513308824,0.04883064341073396,0.4132645173962655,4.763979871492776,,,,,,,
50.92551112441154,,,,,,,,2.3751153993591974,0.04875070994107819,0.411452795635892,4.783477278480353,,,,,,,
50.99351251363451,,,,,,,,2.3650391770174597,0.0486709073187577,0.4096490163327071,4.803054481959415,,,,,,,
51.06160470585257,,,,,,,,2.3550057021804154,0.04859123532958159,0.407853144667553,4.8227118085108245,,,,,,,
51.129787822315926,,,,,,,,2.3450147934954595,0.048511693759709484,0.4060651459739162,4.842449586052036,,,,,,,
51.198061984436734,,,,,,,,2.3350662703793623,0.04843228239565117,0.40428498573725896,4.862268143842563,,,,,,,
51.266427313789244,,,,,,,,2.325159953015001,0.04835300102426579,0.40251262959435263,4.88216781248947,,,,,,,
51.33488393211008,,,,,,,,2.315295662348108,0.048273849432761466,0.400748043332614,4.9021489239528915,,,,,,,
51.40343196129832,,,,,,,,2.305473220084054,0.048194827408694685,0.39899119288944773,4.922211811551542,,,,,,,
51.472071523415984,,,,,,,,2.295692448684582,0.04811593473996951,0.39724204435158195,4.94235680996835,,,,,,,
51.540802740687894,,,,,,,,2.285953171364657,0.048037171214837464,0.3955005639544235,4.962584255255928,,,,,,,
51.60962573550227,,,,,,,,2.276255212089207,0.04795853662189642,0.39376671808139535,4.9828944848423085,,,,,,,
51.6785406304106,,,,,,,,2.266598395570002,0.04788003075009055,0.3920404732632978,5.003287837536448,,,,,,,
51.74754754812809,,,,,,,,2.2569825472624414,0.04780165338870932,0.39032179617765483,5.023764653533969,,,,,,,
51.81664661153381,,,,,,,,2.2474074933624193,0.04772340432738727,0.3886106536480748,5.044325274422794,,,,,,,
51.88583794367089,,,,,,,,2.2378730608031776,0.047645283356103164,0.3869070126436086,5.0649700431888585,,,,,,,
51.95512166774678,,,,,,,,2.2283790772521797,0.04756729026517968,0.3852108402781128,5.08569930422182,,,,,,,
52.024497907133444,,,,,,,,2.2189253711079955,0.04748942484528263,0.38352210380961405,5.106513403320812,,,,,,,
52.0939667853676,,,,,,,,2.2095117714971946,0.04741168688742056,0.381840770639677,5.127412687700221,,,,,,,
52.163528426150826,,,,,,,,2.2001381082712768,0.047334076182944156,0.38016680831277805,5.148397505995435,,,,,,,
52.23318295335009,,,,,,,,2.1908042120035587,0.04725659252354548,0.37850018451567174,5.169468208268744,,,,,,,
52.302930490997504,,,,,,,,2.1815099139861607,0.04717923570125785,0.3768408670767767,5.190625146015071,,,,,,,
52.372771163291056,,,,,,,,2.172255046226907,0.04710200550845474,0.37518882396554437,5.2118686721679515,,,,,,,
52.44270509459434,,,,,,,,2.1630394414463385,0.04702490173784976,0.3735440232918507,5.233199141105299,,,,,,,
52.51273240943723,,,,,,,,2.1538629330746404,0.046947924182495576,0.3719064333053708,5.254616908655447,,,,,,,
52.582853232515696,,,,,,,,2.144725355248678,0.04687107263578387,0.37027602239497526,5.276122332102958,,,,,,,
52.653067688692346,,,,,,,,2.135626542808963,0.046794346891444336,0.36865275908811296,5.297715770194675,,,,,,,
52.72337590299647,,,,,,,,2.1265663312966865,0.04671774674354445,0.3670366120502069,5.319397583145666,,,,,,,
52.793778000624314,,,,,,,,2.117544556950741,0.04664127198648872,0.3654275500840485,5.341168132645246,,,,,,,
52.8642741069393,,,,,,,,2.108561056704762,0.046564922415018195,0.36382554212919566,5.363027781863,,,,,,,
52.93486434747225,,,,,,,,2.09961566818418,0.04648869782421,0.3622305572613728,5.384976895454847,,,,,,,
53.00554884792164,,,,,,,,2.0907082297032806,0.04641259800947659,0.3606425646918737,5.407015839569137,,,,,,,
53.07632773415368,,,,,,,,2.081838580262304,0.04633662276656551,0.35906153376697,5.429144981852707,,,,,,,
53.14720113220284,,,,,,,,2.07300655954449,0.04626077189155841,0.3574874339673126,5.451364691457109,,,,,,,
53.21816916827167,,,,,,,,2.0642120079132398,0.046185045180870986,0.35592023490735225,5.47367533904465,,,,,,,
53.28923196873146,,,,,,,,2.0554547664091687,0.046109442431251965,0.35435990633474257,5.4960772967947,,,,,,,
53.36038966012202,,,,,,,,2.0467346767472927,0.04603396343978302,0.35280641812976626,5.518570938409767,,,,,,,
53.43164236915235,,,,,,,,2.03805158131411,0.04595860800387774,0.3512597403047439,5.5411566391218745,,,,,,,
53.50299022270046,,,,,,,,2.0294053231648044,0.045883375921281604,0.34971984300346404,5.563834775698684,,,,,,,
53.57443334781389,,,,,,,,2.020795746020371,0.04580826699007096,0.3481866965006002,5.586605726449877,,,,,,,
53.64597187170978,,,,,,,,2.012222694264809,0.04573328100865278,0.3466602712011404,5.609469871233427,,,,,,,
53.71760592177519,,,,,,,,2.0036860129423046,0.045658417775764064,0.34514053763981495,5.632427591461941,,,,,,,
53.78933562556724,,,,,,,,1.9951855477544307,0.04558367709047118,0.34362746648052767,5.655479270109019,,,,,,,
53.86116111081339,,,,,,,,1.9867211450573579,0.045509058752169526,0.3421210285157899,5.67862529171565,,,,,,,
53.93308250541169,,,,,,,,1.9782926518590747,0.04543456256058276,0.3406211946661557,5.701866042396632,,,,,,,
54.005099937430856,,,,,,,,1.969899915816637,0.04536018831576255,0.3391279359796638,5.725201909846967,,,,,,,
54.07721353511081,,,,,,,,1.9615427852333818,0.04528593581808763,0.33764122363127214,5.748633283348427,,,,,,,
54.1494234268625,,,,,,,,1.9532211090562295,0.04521180486826379,0.3361610289223102,5.772160553775921,,,,,,,
54.221729741268554,,,,,,,,1.944934736872906,0.04513779526732278,0.3346873232799157,5.795784113604143,,,,,,,
54.294132607083085,,,,,,,,1.9366835189092735,0.045063906816622264,0.33322007825649225,5.819504356913993,,,,,,,
54.36663215323235,,,,,,,,1.9284673060265727,0.04499013931784492,0.3317592655291513,5.843321679399285,,,,,,,
54.439228508814566,,,,,,,,1.9202859497187748,0.04491649257299818,0.3303048568991736,5.867236478373213,,,,,,,
54.51192180310045,,,,,,,,1.9121393021098623,0.044842966384413534,0.3288568242914589,5.891249152775081,,,,,,,
54.58471216553331,,,,,,,,1.904027215951172,0.044769560554746,0.32741513975398656,5.915360103176912,,,,,,,
54.657599725729305,,,,,,,,1.8959495446187307,0.04469627488697374,0.32597977545727574,5.939569731790138,,,,,,,
54.73058461347765,,,,,,,,1.8879061421106047,0.044623109184397346,0.324550703693848,5.963878442472312,,,,,,,
54.803666958740905,,,,,,,,1.879896863044261,0.044550063250639406,0.32312789687769233,5.98828664073384,,,,,,,
54.87684689165516,,,,,,,,1.871921562653936,0.044477136889643984,0.3217113275437325,6.012794733744764,,,,,,,
54.9501245425302,,,,,,,,1.8639800967880351,0.044404329905676186,0.32030096834729915,6.037403130341497,,,,,,,
55.02350004184997,,,,,,,,1.8560723219064927,0.04433164210332131,0.31889679206359633,6.062112241033752,,,,,,,
55.09697352027248,,,,,,,,1.8481980950782244,0.044259073287484706,0.3174987715871839,6.086922478011251,,,,,,,
55.17054510863038,,,,,,,,1.8403572739784937,0.044186623263391005,0.3161068799314456,6.111834255150748,,,,,,,
55.24421493793086,,,,,,,,1.8325497168863858,0.04411429183658372,0.3147210902280764,6.136847988022787,,,,,,,
55.31798313935616,,,,,,,,1.8247752826822132,0.044042078812924684,0.31334137572655796,6.161964093898753,,,,,,,
55.391849844263625,,,,,,,,1.8170338308449787,0.04396998399859346,0.31196770979364447,6.187182991757771,,,,,,,
55.46581518418604,,,,,,,,1.809325221449834,0.043898007200086984,0.3106000659128487,6.212505102293708,,,,,,,
55.53987929083182,,,,,,,,1.8016493151655497,0.04382614822421886,0.3092384176839295,6.2379308479221995,,,,,,,
55.61404229608523,,,,,,,,1.7940059732519966,0.04375440687811895,0.30788273882238276,6.2634606527876855,,,,,,,
55.68830433200667,,,,,,,,1.7863950575576397,0.043682782969232885,0.3065330031589335,6.289094942770488,,,,,,,
55.76266553083287,,,,,,,,1.7788164305170386,0.043611276305321425,0.30518918463903094,6.314834145493924,,,,,,,
55.837126024977145,,,,,,,,1.7712699551483604,0.04353988669446007,0.30385125732234525,6.340678690331436,,,,,,,
55.911685947029554,,,,,,,,1.763755495050917,0.0434686139450385,0.30251919538226907,6.366629008413716,,,,,,,
55.98634542975736,,,,,,,,1.756272914402669,0.04339745786575999,0.30119297310541343,6.392685532635996,,,,,,,
56.06110460610491,,,,,,,,1.7488220779578123,0.04332641826564105,0.29987256489111896,6.418848697665136,,,,,,,
56.13596360919429,,,,,,,,1.7414028510442892,0.04325549495401066,0.2985579452509539,6.445118939947016,,,,,,,
56.21092257232516,,,,,,,,1.734015099561396,0.04318468774051014,0.2972490888082293,6.471496697713678,,,,,,,
56.285981628975264,,,,,,,,1.7266586899773293,0.043113996435092235,0.29594597029750397,6.497982410990749,,,,,,,
56.36114091280058,,,,,,,,1.7193334893267846,0.04304342084802091,0.2946485645640988,6.524576521604722,,,,,,,
56.43640055763554,,,,,,,,1.7120393652085517,0.04297296078987061,0.29335684656361116,6.551279473190338,,,,,,,
56.51176069749329,,,,,,,,1.7047761857831214,0.04290261607152597,0.29207079136143127,6.578091711197997,,,,,,,
56.58722146656593,,,,,,,,1.6975438197703017,0.0428323865041811,0.2907903741322607,6.605013682901177,,,,,,,
56.662782999224774,,,,,,,,1.6903421364468434,0.042762271899339246,0.28951557015963325,6.6320458374039095,,,,,,,
56.738445430020455,,,,,,,,1.6831710056440894,0.04269227206881223,0.2882463548354393,6.65918862564822,,,,,,,
56.814208893683464,,,,,,,,1.676030297745594,0.042622386824719784,0.28698270365944645,6.6864425004217685,,,,,,,
56.890073525123974,,,,,,,,1.6689198836848191,0.04255261597948943,0.2857245922388333,6.713807916365236,,,,,,,
56.96603945943253,,,,,,,,1.6618396349427587,0.04248295934585547,0.2844719962877108,6.741285329980092,,,,,,,
57.04210683187984,,,,,,,,1.654789423545659,0.042413416736859014,0.2832248916266616,6.768875199636024,,,,,,,
57.118275777917475,,,,,,,,1.6477691220626631,0.04234398796584695,0.2819832541822651,6.796577985578763,,,,,,,
57.19454643317766,,,,,,,,1.6407786036035463,0.042274672846471975,0.28074705998664035,6.824394149937601,,,,,,,
57.27091893347387,,,,,,,,1.6338177418163946,0.04220547119269161,0.27951628517697774,6.85232415673322,,,,,,,
57.347393414800884,,,,,,,,1.6268864108853338,0.04213638281876806,0.2782909059950813,6.880368471885371,,,,,,,
57.42397001333507,,,,,,,,1.6199844855282521,0.04206740753926747,0.2770708987869089,6.908527563220661,,,,,,,
57.50064886543466,,,,,,,,1.6131118409945373,0.04199854516905963,0.2758562400021161,6.936801900480363,,,,,,,
57.577430107639955,,,,,,,,1.6062683530628201,0.04192979552331732,0.2746469061936019,6.965191955328243,,,,,,,
57.6543138766736,,,,,,,,1.5994538980387272,0.041861158417515816,0.2734428740170546,6.993698201358443,,,,,,,
57.73130030944069,,,,,,,,1.5926683527526586,0.04179263366743265,0.2722441202305044,7.022321114103328,,,,,,,
57.80838954302936,,,,,,,,1.5859115945575324,0.041724221089146654,0.2710506216938696,7.051061171041539,,,,,,,
57.885581714710526,,,,,,,,1.579183501326607,0.041655920499038,0.2698623553685163,7.079918851605788,,,,,,,
57.962876961938676,,,,,,,,1.5724839514512328,0.04158773171378715,0.26867929831680687,7.108894637191042,,,,,,,
58.0402754223516,,,,,,,,1.5658128238386941,0.04151965455037496,0.267501427701664,7.137989011162368,,,,,,,
58.11777723377108,,,,,,,,1.5591699979099813,0.04145168882608158,0.2663287207861232,7.167202458863175,,,,,,,
58.19538253420277,,,,,,,,1.5525553535976475,0.041383834358486506,0.2651611549328999,7.196535467623145,,,,,,,
58.27309146183671,,,,,,,,1.5459687713436125,0.041316090965467726,0.26399870760394845,7.225988526766494,,,,,,,
58.35090415504741,,,,,,,,1.5394101320970126,0.041248458465201344,0.26284135636002853,7.255562127620058,,,,,,,
58.42882075239418,,,,,,,,1.5328793173120476,0.04118093667616117,0.2616890788602717,7.285256763521518,,,,,,,
58.506841392621354,,,,,,,,1.5263762089458375,0.041113525417118095,0.2605418528617507,7.315072929827629,,,,,,,
58.584966214658515,,,,,,,,1.5199006894562894,0.041046224507139746,0.2593996562190492,7.34501112392247,,,,,,,
58.6631953576208,,,,,,,,1.5134526417999694,0.04097903376558982,0.2582624668838346,7.375071845225766,,,,,,,
58.741528960808985,,,,,,,,1.5070319494300006,0.040911953012127876,0.25713026290443436,7.40525559520116,,,,,,,
58.81996716371006,,,,,,,,1.5006384962939292,0.04084498206670846,0.2560030224254072,7.4355628773646965,,,,,,,
58.898510105997055,,,,,,,,1.494272166831663,0.04077812074958109,0.25488072368712816,7.465994197293053,,,,,,,
58.97715792752972,,,,,,,,1.4879328459733445,0.040711368881289275,0.25376334502536146,7.496550062632166,,,,,,,
59.05591076835433,,,,,,,,1.481620419137309,0.04064472628267054,0.2526508648708492,7.527230983105502,,,,,,,
59.13476876870442,,,,,,,,1.475334772227976,0.04057819277485545,0.251543261748888,7.558037470522753,,,,,,,
59.21373206900055,,,,,,,,1.4690757916338217,0.040511768179267535,0.2504405142789212,7.5889700387881955,,,,,,,
59.29280080985092,,,,,,,,1.462843364225301,0.04044545231762261,0.24934260117412108,7.620029203909402,,,,,,,
59.371975132051446,,,,,,,,1.4566373773528118,0.04037924501192827,0.2482495012409804,7.651215484005775,,,,,,,
59.45125517658605,,,,,,,,1.4504577188446601,0.04031314608448358,0.2471611933789026,7.682529399317212,,,,,,,
59.53064108462693,,,,,,,,1.4443042770050294,0.040247155357878386,0.24607765657979463,7.713971472212787,,,,,,,
59.610132997534755,,,,,,,,1.4381769406119633,0.04018127265499303,0.24499886992766154,7.745542227199453,,,,,,,
59.68973105685903,,,,,,,,1.432075598915353,0.04011549779899771,0.24392481259820195,7.77724219093081,,,,,,,
59.76943540433812,,,,,,,,1.4260001416349466,0.040049830613352225,0.24285546385840856,7.809071892215836,,,,,,,
59.84924618189987,,,,,,,,1.41995045895833,0.03998427092180517,0.2417908030661631,7.841031862027829,,,,,,,
59.929163531661416,,,,,,,,1.413926441538978,0.03991881854839381,0.24073080966984414,7.87312263351309,,,,,,,
60.009187595929895,,,,,,,,1.40792798049424,0.03985347331744337,0.23967546320792382,7.905344742000019,,,,,,,
60.08931851720225,,,,,,,,1.401954967403406,0.039788235053566684,0.23862474330857902,7.937698725007842,,,,,,,
60.16955643816585,,,,,,,,1.3960072943057236,0.0397231035816637,0.23757862968929352,7.970185122255732,,,,,,,
60.24990150169853,,,,,,,,1.3900848536984558,0.03965807872692093,0.2365371021564686,8.002804475671738,,,,,,,
60.33035385086893,,,,,,,,1.3841875385349374,0.039593160314811145,0.23550014060503288,8.035557329401847,,,,,,,
60.41091362893675,,,,,,,,1.3783152422226388,0.039528348171092714,0.2344677250180541,8.068444229819056,,,,,,,
60.49158097935293,,,,,,,,1.3724678586212407,0.03946364212180926,0.23343983546635289,8.101465725532483,,,,,,,
60.57235604576006,,,,,,,,1.3666452820407122,0.039399041993289176,0.2324164521081174,8.134622367396545,,,,,,,
60.653238971992366,,,,,,,,1.3608474072394126,0.039334547612145235,0.2313975551885225,8.167914708520069,,,,,,,
60.73422990207638,,,,,,,,1.3550741294221638,0.03927015880527384,0.2303831250393441,8.201343304275658,,,,,,,
60.81532898023069,,,,,,,,1.3493253442383901,0.03920587539985493,0.22937314207858528,8.234908712308785,,,,,,,
60.89653635086671,,,,,,,,1.3436009477801965,0.03914169722335123,0.22836758681009192,8.268611492547274,,,,,,,
60.97785215858846,,,,,,,,1.3379008365805258,0.03907762410350802,0.22736643982318294,8.302452207210449,,,,,,,
61.059276548193274,,,,,,,,1.3322249076112538,0.03901365586835238,0.22636968179226907,8.336431420818721,,,,,,,
61.140809664671636,,,,,,,,1.3265730582813586,0.03894979234619308,0.22537729347648575,8.370549700202805,,,,,,,
61.22245165320774,,,,,,,,1.320945186435044,0.038886033365619854,0.2243892557193175,8.404807614513318,,,,,,,
61.30420265917965,,,,,,,,1.315341190349903,0.03882237875550303,0.2234055494482299,8.439205735230212,,,,,,,
61.38606282815952,,,,,,,,1.3097609687350766,0.03875882834499305,0.22242615567430116,8.473744636172322,,,,,,,
61.46803230591391,,,,,,,,1.3042044207294239,0.038695381963520084,0.22145105549185568,8.50842489350693,,,,,,,
61.55011123840401,,,,,,,,1.2986714458996989,0.03863203944079346,0.2204802300780988,8.543247085759385,,,,,,,
61.63229977178595,,,,,,,,1.2931619442387325,0.03856880060680129,0.21951366069275333,8.578211793822764,,,,,,,
61.71459805241091,,,,,,,,1.2876758161636364,0.03850566529181002,0.2185513286776996,8.613319600967495,,,,,,,
61.797006226825694,,,,,,,,1.2822129625139784,0.03844263332636386,0.2175932154566112,8.64857109285123,,,,,,,
61.87952444177256,,,,,,,,1.2767732845500237,0.03837970454128453,0.2166393025346019,8.683966857528429,,,,,,,
61.96215284418994,,,,,,,,1.271356683950915,0.0383168787676705,0.21568957149786283,8.719507485460362,,,,,,,
62.04489158121225,,,,,,,,1.2659630628129295,0.03825415583689697,0.2147440040133128,8.755193569524758,,,,,,,
62.1277408001706,,,,,,,,1.260592323647676,0.03819153558061492,0.21380258182823866,8.791025705025916,,,,,,,
62.21070064859264,,,,,,,,1.2552443693803639,0.038129017830751136,0.21286528676994837,8.82700448970442,,,,,,,
62.293771274203124,,,,,,,,1.249919103348026,0.03806660241950735,0.21193210074541616,8.863130523747257,,,,,,,
62.37695282492404,,,,,,,,1.2446164292977806,0.0380042891793601,0.21100300574093508,8.899404409797784,,,,,,,
62.460245448874886,,,,,,,,1.2393362513850916,0.03794207794306006,0.2100779838217692,8.935826752965768,,,,,,,
62.54364929437296,,,,,,,,1.2340784741720345,0.03787996854363175,0.2091570171318069,8.972398160837498,,,,,,,
62.627164509933614,,,,,,,,1.2288430026255721,0.03781796081437299,0.2082400878932167,9.009119243485907,,,,,,,
62.710791244270524,,,,,,,,1.2236297421158349,0.03775605458885445,0.20732717840610335,9.04599061348078,,,,,,,
62.794529646295835,,,,,,,,1.2184385984144197,0.037694249700919356,0.2064182710481681,9.083012885898889,,,,,,,
62.87837986512075,,,,,,,,1.2132694776926662,0.03763254598468274,0.2055133482743646,9.120186678334404,,,,,,,
62.962342050055334,,,,,,,,1.2081222865199894,0.0375709432745314,0.20461239261656558,9.15751261090901,,,,,,,
63.04641635060928,,,,,,,,1.20299693186216,0.037509441405123,0.20371538668321998,9.194991306282443,,,,,,,
63.13060291649167,,,,,,,,1.1978933210796536,0.03744804021138609,0.2028223131590228,9.232623389662674,,,,,,,
63.21490189761173,,,,,,,,1.192811361925946,0.037386739528519224,0.20193315480457524,9.270409488816563,,,,,,,
63.299313444078685,,,,,,,,1.187750962545874,0.03732553919199091,0.20104789445605725,9.30835023408011,,,,,,,
63.38383770620227,,,,,,,,1.1827120314739548,0.03726443903753886,0.2001665150248925,9.346446258369127,,,,,,,
63.468474834492945,,,,,,,,1.1776944776327414,0.03720343890116974,0.19928899949741982,9.384698197189737,,,,,,,
63.55322497966212,,,,,,,,1.1726982103311754,0.03714253861915865,0.19841533093456487,9.423106688648973,,,,,,,
63.63808829262248,,,,,,,,1.1677231392629475,0.037081738028048664,0.19754549247151296,9.461672373465435,,,,,,,
63.723064924488185,,,,,,,,1.1627691745048647,0.0370210369646505,0.19667946731738348,9.500395894979974,,,,,,,
63.80815502657525,,,,,,,,1.1578362265152238,0.03696043526604191,0.19581723875490556,9.53927789916644,,,,,,,
63.8933587504016,,,,,,,,1.152924206132202,0.036899932769567496,0.19495879014009698,9.578319034642378,,,,,,,
63.9786762476877,,,,,,,,1.1480330245722248,0.03683952931283791,0.19410410490193908,9.617519952680018,,,,,,,
64.06410767035638,,,,,,,,1.143162593428389,0.03677922473372987,0.1932531665420621,9.65688130721692,,,,,,,
64.14965317053354,,,,,,,,1.1383128246688359,0.036719018870385214,0.1924059586344213,9.696403754867108,,,,,,,
64.23531290054805,,,,,,,,1.1334836306351863,0.03665891156121098,0.19156246482498485,9.736087954931808,,,,,,,
64.32108701293227,,,,,,,,1.1286749240409377,0.03659890264487859,0.19072266883141437,9.775934569410614,,,,,,,
64.40697566042223,,,,,,,,1.1238866179698943,0.036538991960323564,0.18988655444275263,9.815944263012451,,,,,,,
64.49297899595791,,,,,,,,1.119118625874595,0.03647917934674512,0.18905410551910978,9.856117703166673,,,,,,,
64.5790971726835,,,,,,,,1.114370861574749,0.036419464643605653,0.1882253059913524,9.896455560034214,,,,,,,
64.66533034394769,,,,,,,,1.1096432392556776,0.0363598476906304,0.18740013986079274,9.93695850651875,,,,,,,
64.75167866330393,,,,,,,,1.1049356734667637,0.036300328327806906,0.18657859119888018,9.977627218277927,,,,,,,
64.83814228451072,,,,,,,,1.100248079119907,0.03624090639538471,0.18576064414689383,10.018462373734653,,,,,,,
64.92472136153194,,,,,,,,1.0955803714879842,0.03618158173387476,0.18494628291563586,10.059464654088389,,,,,,,
65.01141604853686,,,,,,,,1.090932466203327,0.03612235418404924,0.18413549178512842,10.100634743326486,,,,,,,
65.0982264999009,,,,,,,,1.0863042792561772,0.03606322358694077,0.18332825510430678,10.14197332823572,,,,,,,
65.18515287020533,,,,,,,,1.0816957269931944,0.03600418978384242,0.18252455729072176,10.183481098413546,,,,,,,
65.27219531423812,,,,,,,,1.0771067261159168,0.03594525261630685,0.18172438283023404,10.225158746279833,,,,,,,
65.35935398699365,,,,,,,,1.0725371936792811,0.035886411926146215,0.1809277162767194,10.267006967088195,,,,,,,
65.44662904367345,,,,,,,,1.0679870470901043,0.03582766755543161,0.180134542251767,10.30902645893775,,,,,,,
65.53402063968626,,,,,,,,1.0634562041055995,0.035769019346492584,0.17934484544438414,10.351217922784683,,,,,,,
65.6215289306483,,,,,,,,1.0589445828318882,0.035710467141916856,0.1785586106107005,10.393582062453982,,,,,,,
65.7091540723836,,,,,,,,1.0544521017225192,0.03565201078454978,0.17777582257367364,10.436119584651145,,,,,,,
65.79689622092428,,,,,,,,1.0499786795769952,0.035593650117493984,0.17699646622279636,10.478831198973989,,,,,,,
65.88475553251084,,,,,,,,1.0455242355393033,0.03553538498410889,0.17622052651380435,10.521717617924493,,,,,,,
65.97273216359224,,,,,,,,1.0410886890964621,0.03547721522801044,0.1754479884683876,10.564779556920616,,,,,,,
66.06082627082665,,,,,,,,1.0366719600770475,0.03541914069307043,0.17467883717389776,10.608017734308389,,,,,,,
66.1490380110811,,,,,,,,1.0322739686497697,0.03536116122341633,0.17391305778306487,10.65143287137369,,,,,,,
66.23736754143238,,,,,,,,1.0278946353220026,0.035303276663430694,0.17315063551370594,10.69502569235449,,,,,,,
66.32581501916675,,,,,,,,1.0235338809383738,0.035245486857750905,0.1723915556484443,10.738796924452712,,,,,,,
66.41438060178078,,,,,,,,1.019191626679308,0.03518779165126857,0.171635803534421,10.782747297846605,,,,,,,
66.50306444698109,,,,,,,,1.0148677940596262,0.03513019088912926,0.1708833645830161,10.826877545702681,,,,,,,
66.59186671268503,,,,,,,,1.0105623049271097,0.035072684416732045,0.17013422426956396,10.871188404188125,,,,,,,
66.6807875570208,,,,,,,,1.0062750814610955,0.03501527207972903,0.16938836813307434,10.91568061248301,,,,,,,
66.76982713832774,,,,,,,,1.002006046171068,0.03495795372402498,0.16864578177595285,10.96035491279262,,,,,,,
66.8589856151566,,,,,,,,0.9977551218952586,0.03490072919577695,0.1679064508637233,11.005212050359843,,,,,,,
66.94826314626988,,,,,,,,0.9935222317992504,0.034843598341393764,0.16717036112475064,11.0502527734776,,,,,,,
67.03765989064208,,,,,,,,0.9893072993745887,0.034786561007535736,0.16643749834996538,11.09547783350135,,,,,,,
67.12717600745988,,,,,,,,0.9851102484374057,0.03472961704111417,0.1657078483925907,11.140887984861534,,,,,,,
67.21681165612273,,,,,,,,0.9809310031270256,0.03467276628929092,0.16498139716786633,11.186483985076341,,,,,,,
67.30656699624267,,,,,,,,0.9767694879046181,0.034616008599478124,0.16425813065278072,11.23226659476412,,,,,,,
67.39644218764514,,,,,,,,0.9726256275518069,0.034559343819337555,0.16353803488579602,11.278236577656294,,,,,,,
67.48643739036872,,,,,,,,0.9684993471693362,0.03450277179678054,0.1628210959665829,11.324394700609862,,,,,,,
67.57655276466598,,,,,,,,0.9643905721756906,0.03444629237996718,0.16210730005574794,11.370741733620449,,,,,,,
67.66678847100322,,,,,,,,0.9602992283057719,0.0343899054173063,0.16139663337457055,11.417278449834907,,,,,,,
67.75714467006117,,,,,,,,0.9562252416095387,0.034333610757454745,0.16068908220473385,11.464005625564381,,,,,,,
67.84762152273505,,,,,,,,0.9521685384506778,0.03427740824931719,0.1599846328880614,11.510924040297205,,,,,,,
67.93821919013497,,,,,,,,0.948129045505272,0.03422129774204556,0.1592832718262533,11.558034476711885,,,,,,,
68.02893783358613,,,,,,,,0.9441066897604741,0.034165279085038816,0.15858498548062344,11.605337720690182,,,,,,,
68.11977761462919,,,,,,,,0.9401013985131877,0.03410935212794233,0.15788976037183855,11.652834561330211,,,,,,,
68.2107386950205,,,,,,,,0.9361130993687519,0.03405351672064769,0.15719758307965734,11.700525790959626,,,,,,,
68.3018212367323,,,,,,,,0.9321417202396393,0.033997772713292206,0.156508440242673,11.74841220514874,,,,,,,
68.39302540195338,,,,,,,,0.9281871893441375,0.03394211995625838,0.15582231855805231,11.796494602724009,,,,,,,
68.48435135308877,,,,,,,,0.9242494352050739,0.033886558300173814,0.15513920478128287,11.84477378578108,,,,,,,
68.57579925276067,,,,,,,,0.9203283866484994,0.03383108759591044,0.15445908572591313,11.893250559698451,,,,,,,
68.66736926380815,,,,,,,,0.9164239728024264,0.0337757076945845,0.15378194826330197,11.941925733150631,,,,,,,
68.75906154928802,,,,,,,,0.9125361230955235,0.03372041844755575,0.1531077793223614,11.99080011812191,,,,,,,
68.85087627247452,,,,,,,,0.9086647672558626,0.033665219706427454,0.15243656588930776,12.03987452991964,,,,,,,
68.94281359686012,,,,,,,,0.9048098353096323,0.03361011132304564,0.15176829500740807,12.089149787188022,,,,,,,
69.0348736861555,,,,,,,,0.9009712575798805,0.03355509314949896,0.15110295377673075,12.1386267119217,,,,,,,
69.12705670429001,,,,,,,,0.8971489646852536,0.033500165038118146,0.15044052935389668,12.188306129479457,,,,,,,
69.21936281541186,,,,,,,,0.8933428875387422,0.03344532684147562,0.14978100895183125,12.238188868598,,,,,,,
69.31179218388844,,,,,,,,0.8895529573464329,0.03339057841238524,0.14912437983951735,12.288275761405787,,,,,,,
69.40434497430668,,,,,,,,0.8857791056062629,0.03333591960390168,0.14847062934174965,12.338567643436923,,,,,,,
69.49702135147315,,,,,,,,0.8820212641067894,0.03328135026932029,0.14781974483889074,12.389065353644996,,,,,,,
69.58982148041471,,,,,,,,0.8782793649259405,0.033226870262176404,0.14717171376662525,12.439769734417313,,,,,,,
69.68274552637833,,,,,,,,0.8745533404298095,0.0331724794362453,0.1465265236157208,12.490681631588618,,,,,,,
69.77579365483186,,,,,,,,0.8708431232714091,0.033118177645541425,0.14588416193178258,12.541801894455544,,,,,,,
69.86896603146391,,,,,,,,0.867148646389476,0.03306396474431837,0.14524461631501667,12.593131375790477,,,,,,,
69.96226282218447,,,,,,,,0.8634698430072426,0.03300984058706819,0.14460787441998796,12.644670931856004,,,,,,,
70.05568419312503,,,,,,,,0.8598066466312376,0.0329558050285212,0.14397392395538317,12.696421422419085,,,,,,,
70.1492303106389,,,,,,,,0.8561589910500825,0.03290185792364546,0.14334275268377306,12.748383710765431,,,,,,,
70.24290134130153,,,,,,,,0.8525268103332947,0.03284799912764645,0.14271434842137662,12.800558663713906,,,,,,,
70.33669745191084,,,,,,,,0.8489100388300961,0.03279422849596673,0.14208869903782548,12.852947151630964,,,,,,,
70.43061880948741,,,,,,,,0.8453086111682263,0.03274054588428541,0.14146579245593,12.90555004844519,,,,,,,
70.52466558127489,,,,,,,,0.8417224622527613,0.03268695114851792,0.1408456166514461,12.958368231661876,,,,,,,
70.61883793474028,,,,,,,,0.8381515272649349,0.03263344414481547,0.14022815965284277,13.011402582377668,,,,,,,
70.71313603757406,,,,,,,,0.8345957416609749,0.032580024729564866,0.13961340954107238,13.064653985295168,,,,,,,
70.80756005769085,,,,,,,,0.8310550411709207,0.03252669275938784,0.13900135444933787,13.118123328737939,,,,,,,
70.90211016322925,,,,,,,,0.8275293617974822,0.032473448091141,0.13839198256286717,13.171811504664975,,,,,,,
70.99678652255263,,,,,,,,0.8240186398148617,0.03242029058191511,0.13778528211868155,13.225719408685935,,,,,,,
71.09158930424893,,,,,,,,0.820522811767622,0.03236722008903498,0.13718124140537188,13.279847940075777,,,,,,,
71.18651867713136,,,,,,,,0.817041814469525,0.03231423647005896,0.13657984876287013,13.334198001789973,,,,,,,
71.28157481023851,,,,,,,,0.8135755850023956,0.032261339582778506,0.1359810925822253,13.388770500479476,,,,,,,
71.37675787283469,,,,,,,,0.810124060714984,0.032208529285217946,0.1353849613053793,13.44356634650586,,,,,,,
71.47206803441021,,,,,,,,0.8066871792218331,0.03215580543563394,0.1347914434249437,13.498586453956525,,,,,,,
71.56750546468176,,,,,,,,0.8032648784021502,0.03210316789251525,0.13420052748397757,13.553831740659918,,,,,,,
71.6630703335926,,,,,,,,0.799857096398684,0.03205061651458219,0.13361220207576624,13.609303128200878,,,,,,,
71.75876281131286,,,,,,,,0.7964637716166119,0.031998151160786484,0.1330264558436021,13.66500154193591,,,,,,,
71.85458306824012,,,,,,,,0.7930848427224133,0.031945771690310557,0.13244327748056295,13.72092791100884,,,,,,,
71.95053127499918,,,,,,,,0.7897202486427799,0.03189347796256755,0.1318626557292972,13.777083168366007,,,,,,,
72.04660760244299,,,,,,,,0.7863699285634916,0.03184126983720056,0.13128457938180274,13.833468250772176,,,,,,,
72.14281222165235,,,,,,,,0.7830338219283375,0.03178914717408256,0.1307090372792144,13.8900840988258,,,,,,,
72.23914530393681,,,,,,,,0.7797118684380009,0.031737109833315826,0.1301360183115849,13.946931656975064,,,,,,,
72.33560702083439,,,,,,,,0.7764040080489888,0.0316851576752317,0.12956551141767367,14.004011873533322,,,,,,,
72.43219754411233,,,,,,,,0.7731101809725325,0.03163329056039015,0.12899750558473097,14.06132570069515,,,,,,,
72.52891704576719,,,,,,,,0.769830327673513,0.031581508349579346,0.12843198984828644,14.118874094552123,,,,,,,
72.6257656980252,,,,,,,,0.7665643888693843,0.03152981090381542,0.12786895329193695,14.176658015108776,,,,,,,
72.72274367334256,,,,,,,,0.7633123055291011,0.03147819808434193,0.1273083850471364,14.23467842629865,,,,,,,
72.81985114440577,,,,,,,,0.7600740188720525,0.03142666975262962,0.12675027429298535,14.292936296000331,,,,,,,
72.91708828413195,,,,,,,,0.7568494703669979,0.031375225770376006,0.1261946102560223,14.35143259605364,,,,,,,
73.01445526566896,,,,,,,,0.7536386017310156,0.031323865999505,0.12564138221001664,14.410168302275732,,,,,,,
73.11195226239612,,,,,,,,0.7504413549284351,0.03127259030216649,0.12509057947575936,14.469144394477617,,,,,,,
73.20957944792399,,,,,,,,0.7472576721698075,0.031221398540736082,0.12454219142085995,14.528361856480167,,,,,,,
73.30733699609523,,,,,,,,0.7440874959108407,0.031170290577814612,0.1239962074595379,14.587821676130908,,,,,,,
73.40522508098437,,,,,,,,0.7409307688513789,0.0311192662762279,0.12345261705242162,14.647524845320099,,,,,,,
73.50324387689862,,,,,,,,0.7377874339343479,0.031068325499026196,0.12291140970634175,14.707472359997675,,,,,,,
73.60139355837778,,,,,,,,0.7346574343447413,0.031017468109484077,0.12237257497413165,14.767665220189503,,,,,,,
73.69967430019476,,,,,,,,0.731540713508581,0.030966693971099822,0.12183610245442344,14.828104430014317,,,,,,,
73.79808627735586,,,,,,,,0.7284372150919001,0.03091600294759522,0.12130198179144834,14.888790997700365,,,,,,,
73.89662966510109,,,,,,,,0.7253468829997236,0.030865394902915087,0.12077020267483653,14.949725935602226,,,,,,,
73.99530463890441,,,,,,,,0.7222696613750551,0.03081486970122702,0.12024075483941803,15.010910260217742,,,,,,,
74.09411137447412,,,,,,,,0.719205494597866,0.030764427206920898,0.11971362806502471,15.072344992204924,,,,,,,
74.19305004775319,,,,,,,,0.7161543272840903,0.03071406728460864,0.11918881217629265,15.134031156399033,,,,,,,
74.29212083491936,,,,,,,,0.7131161042846285,0.030663789799123795,0.11866629704246681,15.195969781829547,,,,,,,
74.39132391238587,,,,,,,,0.7100907706843381,0.03061359461552108,0.11814607257720329,15.25816190173759,,,,,,,
74.49065945680128,,,,,,,,0.7070782718010591,0.030563481599076264,0.11762812873837754,15.320608553592814,,,,,,,
74.59012764505027,,,,,,,,0.7040785531846062,0.030513450615285483,0.11711245552788734,15.383310779111095,,,,,,,
74.68972865425347,,,,,,,,0.7010915606158037,0.030463501529865225,0.11659904299146306,15.446269624271507,,,,,,,
74.78946266176828,,,,,,,,0.6981172401054869,0.03041363420875161,0.11608788121847233,15.509486139334163,,,,,,,
74.8893298451887,,,,,,,,0.6951555378935435,0.03036384851810039,0.11557896034173153,15.572961378857384,,,,,,,
74.98933038234597,,,,,,,,0.6922064004479291,0.030314144324286283,0.11507227053731343,15.636696401715549,,,,,,,
75.0894644513088,,,,,,,,0.6892697744637059,0.030264521493902827,0.11456780202435826,15.700692271116637,,,,,,,
75.18973223038368,,,,,,,,0.6863456068620771,0.030214979893761876,0.11406554506488484,15.764950054619977,,,,,,,
75.29013389811516,,,,,,,,0.6834338447894288,0.030165519390893368,0.11356548996360268,15.829470824154098,,,,,,,
75.39066963328624,,,,,,,,0.6805344356163736,0.030116139852544865,0.11306762706772468,15.894255656034556,,,,,,,
75.49133961491863,,,,,,,,0.6776473269367986,0.03006684114618122,0.11257194676678065,15.959305630981941,,,,,,,
75.59214402227302,,,,,,,,0.674772466566924,0.03001762313948434,0.1120784394924328,16.024621834139783,,,,,,,
75.69308303484966,,,,,,,,0.6719098025443473,0.02996848570035258,0.11158709571828894,16.090205355092923,,,,,,,
75.79415683238824,,,,,,,,0.6690592831271207,0.029919428696900705,0.11109790595972135,16.156057287885307,,,,,,,
75.89536559486874,,,,,,,,0.6662208567927986,0.029870451997459194,0.11061086077368078,16.222178731038667,,,,,,,
75.99670950251117,,,,,,,,0.6633944722375226,0.029821555470574232,0.1101259507585169,16.288570787570425,,,,,,,
76.09818873577639,,,,,,,,0.6605800783750819,0.029772738985007062,0.10964316655379477,16.355234565012402,,,,,,,
76.1998034753662,,,,,,,,0.6577776243359958,0.02972400240973384,0.10916249884011518,16.422171175429153,,,,,,,
76.30155390222363,,,,,,,,0.654987059466593,0.02967534561394515,0.10868393833893443,16.48938173543656,,,,,,,
76.4034401975334,,,,,,,,0.652208333328096,0.02962676846704571,0.10820747581238527,16.55686736622043,,,,,,,
76.5054625427221,,,,,,,,0.6494413956957094,0.029578270838654056,0.10773310206309866,16.624629193555222,,,,,,,
76.60762111945868,,,,,,,,0.6466861965577111,0.029529852598602087,0.10726080793402594,16.692668347822867,,,,,,,
76.70991610965449,,,,,,,,0.6439426861145539,0.02948151361693489,0.106790584308263,16.760985964031452,,,,,,,
76.81234769546406,,,,,,,,0.641210814777953,0.029433253763910122,0.10632242210887234,16.829583181834458,,,,,,,
76.91491605928482,,,,,,,,0.6384905331700068,0.029385072909998006,0.10585631229871052,16.89846114554941,,,,,,,
77.01762138375811,,,,,,,,0.635781792122286,0.02933697092588061,0.10539224588025088,16.967621004177325,,,,,,,
77.12046385176885,,,,,,,,0.633084542674963,0.02928894768245188,0.10493021389541264,17.037063911421516,,,,,,,
77.22344364644641,,,,,,,,0.6303987360759095,0.02924100305081691,0.10447020742538524,17.10679102570725,,,,,,,
77.3265609511645,,,,,,,,0.6277243237798311,0.02919313690229197,0.10401221759045873,17.17680351020063,,,,,,,
77.42981594954178,,,,,,,,0.6250612574473788,0.029145349108403856,0.10355623554985048,17.24710253282835,,,,,,,
77.53320882544212,,,,,,,,0.62240948894428,0.029097639540889703,0.10310225250153536,17.317689266296995,,,,,,,
77.63673976297487,,,,,,,,0.6197689703404674,0.02905000807169663,0.10265025968207575,17.388564888112672,,,,,,,
77.74040894649521,,,,,,,,0.6171396539092131,0.029002454572981333,0.10220024836645225,17.459730580600628,,,,,,,
77.84421656060455,,,,,,,,0.6145214921262656,0.02895497891710983,0.10175220986789531,17.531187530924964,,,,,,,
77.94816279015076,,,,,,,,0.6119144376689902,0.028907580976656994,0.10130613553771742,17.60293693110852,,,,,,,
78.05224782022846,,,,,,,,0.609318443415518,0.02886026062440641,0.10086201676514694,17.67497997805255,,,,,,,
78.15647183617965,,,,,,,,0.6067334624438839,0.02881301773334975,0.10041984497716006,17.74731787355704,,,,,,,
78.26083502359351,,,,,,,,0.6041594480311931,0.028765852176686764,0.09997961163831781,17.819951824340322,,,,,,,
78.3653375683074,,,,,,,,0.6015963536527607,0.028718763827824605,0.0995413082505987,17.89288304205965,,,,,,,
78.46997965640644,,,,,,,,0.5990441329812863,0.02867175256037778,0.09910492635323714,17.96611274333097,,,,,,,
78.57476147422462,,,,,,,,0.5965027398860019,0.0286248182481676,0.09867045752255772,18.03964214974969,,,,,,,
78.67968320834443,,,,,,,,0.5939721284318518,0.028577960765221976,0.09823789337181499,18.113472487910574,,,,,,,
78.78474504559766,,,,,,,,0.5914522528786517,0.028531179985775017,0.09780722555102962,18.18760498942856,,,,,,,
78.88994717306555,,,,,,,,0.5889430676802673,0.028484475784266675,0.09737844574682823,18.262040890959167,,,,,,,
78.99528977807915,,,,,,,,0.5864445274837898,0.02843784803534249,0.09695154568228262,18.336781434219116,,,,,,,
79.10077304821968,,,,,,,,0.5839565871287166,0.028391296613853156,0.09652651711675009,18.411827866007076,,,,,,,
79.20639717131878,,,,,,,,0.5814792016461338,0.02834482139485424,0.09610335184571422,18.487181438224482,,,,,,,
79.312162335459,,,,,,,,0.579012326257904,0.02829842225360583,0.09568204170062665,18.562843407896377,,,,,,,
79.41806872897385,,,,,,,,0.5765559163758608,0.028252099065572297,0.09526257854874974,18.638815037192305,,,,,,,
79.52411654044862,,,,,,,,0.5741099276009923,0.02820585170642171,0.0948449542929982,18.715097593447652,,,,,,,
79.63030595872006,,,,,,,,0.5716743157226538,0.0281596800520258,0.09442916087178511,18.791692349184355,,,,,,,
79.73663717287747,,,,,,,,0.5692490367177522,0.028113583978459408,0.09401519025886347,18.86860058213261,,,,,,,
79.84311037226225,,,,,,,,0.5668340467499665,0.028067563362000312,0.09360303446317426,18.94582357525169,,,,,,,
79.94972574646899,,,,,,,,0.5644293021689399,0.028021618079128695,0.09319268552868935,19.023362616751868,,,,,,,
80.05648348534515,,,,,0.18901198102129718,,,0.5626020676536483,0.02797278280612453,0.09275325283416268,19.054054659582853,,,,,,,
80.16338377899189,,,,,0.18884567864413646,,,0.5612848742330468,0.027921396511323516,0.09228852440638644,19.042819085587055,,,,,,,
80.2704268177641,,,,,0.1886795225882857,,,0.5599707646946546,0.02787010461368389,0.09182612444154799,19.03159013685424,,,,,,,
80.37761279227092,,,,,0.18851351272500383,,,0.558659731818325,0.027818906939797106,0.09136604127317863,19.0203678094777,,,,,,,
80.48494189337602,,,,,0.18834764892566327,,,0.5573517684008156,0.02776780331657313,0.09090826329326303,19.00915209955303,,,,,,,
80.59241431219786,,,,,0.1881819310617495,,,0.5560468672557488,0.027716793571239892,0.09045277895194637,18.99794300317812,,,,,,,
80.70003024011022,,,,,0.18801635900486097,,,0.5547450212135716,0.027665877531342743,0.08999957675724274,18.98674051645318,,,,,,,
80.80778986874222,,,,,0.1878509326267095,,,0.5534462231215186,0.027615055024743842,0.08954864527474596,18.975544635480713,,,,,,,
80.91569338997914,,,,,0.18768565179911914,,,0.5521504658435673,0.02756432587962147,0.0890999731273395,18.964355356365502,,,,,,,
81.0237409959622,,,,,0.18752051639402745,,,0.5508577422604065,0.027513689924469703,0.0886535489949116,18.95317267521465,,,,,,,
81.13193287908948,,,,,0.187355526283484,,,0.5495680452693891,0.027463146988097507,0.0882093616140672,18.94199658813754,,,,,,,
81.2402692320157,,,,,0.18719068133965147,,,0.5482813677845007,0.02741269689962848,0.08776739977784626,18.930827091245856,,,,,,,
81.34875024765302,,,,,0.18702598143480464,,,0.5469977027363147,0.02736233948850002,0.0873276523354391,18.919664180653566,,,,,,,
81.45737611917109,,,,,0.1868614264413309,,,0.5457170430719568,0.027312074584462873,0.08689010819190594,18.908507852476955,,,,,,,
81.56614703999757,,,,,0.1866970162317298,,,0.5444393817550649,0.027261902017580567,0.08645475630789677,18.89735810283457,,,,,,,
81.67506320381838,,,,,0.18653275067861314,,,0.5431647117657509,0.027211821618228774,0.08602158569937285,18.88621492784726,,,,,,,
81.78412480457806,,,,,0.1863686296547047,,,0.5418930261005621,0.02716183321709476,0.08559058543732959,18.875078323638157,,,,,,,
81.89333203648015,,,,,0.18620465303284037,,,0.5406243177724425,0.02711193664517686,0.08516174464752078,18.863948286332683,,,,,,,
82.0026850939875,,,,,0.1860408206859679,,,0.5393585798106947,0.027062131733783832,0.08473505251018426,18.852824812058536,,,,,,,
82.11218417182265,,,,,0.1858771324871466,,,0.5380958052609409,0.027012418314534305,0.08431049825976872,18.841707896945703,,,,,,,
82.22182946496801,,,,,0.185713588309548,,,0.5368359871850873,0.026962796219356322,0.08388807118466299,18.830597537126476,,,,,,,
82.33162116866667,,,,,0.18555018802645457,,,0.5355791186612804,0.02691326528048653,0.08346776062692385,18.81949372873537,,,,,,,
82.44155947842204,,,,,0.18538693151126082,,,0.5343251927838764,0.02686382533046991,0.08304955598200976,18.808396467909255,,,,,,,
82.55164458999897,,,,,0.18522381863747223,,,0.5330742026633956,0.026814476202158922,0.0826334466985105,18.797305750787192,,,,,,,
82.66187669942339,,,,,0.18506084927870592,,,0.5318261414264914,0.02676521772871317,0.08221942227788352,18.786221573510606,,,,,,,
82.77225600298317,,,,,0.18489802330868996,,,0.5305810022159081,0.02671604974359873,0.08180747227418729,18.775143932223138,,,,,,,
82.88278269722825,,,,,0.18473534060126373,,,0.5293387781904444,0.026666972080587582,0.08139758629381842,18.764072823070727,,,,,,,
82.993456978971,,,,,0.18457280103037735,,,0.5280994625249162,0.026617984573757057,0.08098975399524944,18.753008242201577,,,,,,,
83.10427904528663,,,,,0.18441040447009213,,,0.5268630484101192,0.026569087057489338,0.08058396508876772,18.741950185766164,,,,,,,
83.21524909351348,,,,,0.18424815079457998,,,0.5256295290527906,0.026520279366470802,0.08018020933621599,18.73089864991724,,,,,,,
83.32636732125344,,,,,0.18408603987812353,,,0.5243988976755725,0.026471561335691503,0.07977847655073382,18.71985363080981,,,,,,,
83.43763392637211,,,,,0.18392407159511628,,,0.5231711475169756,0.026422932800444707,0.07937875659650123,18.708815124601173,,,,,,,
83.54904910699959,,,,,0.18376224582006181,,,0.5219462718313385,0.02637439359632611,0.07898103938848167,18.697783127450876,,,,,,,
83.6606130615302,,,,,0.1836005624275746,,,0.5207242638887961,0.026325943559233567,0.07858531489216931,18.686757635520724,,,,,,,
83.7723259886235,,,,,0.18343902129237896,,,0.5195051169752367,0.02627758252536624,0.07819157312333402,18.675738644974803,,,,,,,
83.88418808720407,,,,,0.1832776222893099,,,0.518288824392271,0.02622931033122437,0.07779980414777134,18.664726151979444,,,,,,,
83.99619955646232,,,,,0.18311636529331213,,,0.5170753794571888,0.02618112681360834,0.0774099980810499,18.653720152703254,,,,,,,
84.10836059585444,,,,,0.18295525017944078,,,0.5158647755029295,0.02613303180961851,0.07702214508826388,18.642720643317087,,,,,,,
84.2206714051031,,,,,0.18279427682286056,,,0.5146570058780392,0.026085025156654427,0.07663623538378353,18.631727619994052,,,,,,,
84.33313218419762,,,,,0.1826334450988463,,,0.5134520639466379,0.026037106692414318,0.0762522592310089,18.620741078909543,,,,,,,
84.44574313339437,,,,,0.18247275488278233,,,0.5122499430883812,0.025989276254894556,0.07587020694212397,18.609761016241176,,,,,,,
84.55850445321713,,,,,0.18231220605016285,,,0.5110506366984252,0.025941533682389165,0.0754900688778524,18.598787428168837,,,,,,,
84.6714163444574,,,,,0.18215179847659146,,,0.5098541381873892,0.025893878813489177,0.07511183544721413,18.58782031087466,,,,,,,
84.78447900817491,,,,,0.18199153203778115,,,0.5086604409813197,0.025846311487082132,0.07473549710728337,18.57685966054303,,,,,,,
84.89769264569765,,,,,0.1818314066095546,,,0.507469538521656,0.02579883154235161,0.0743610443629486,18.565905473360583,,,,,,,
85.01105745862276,,,,,0.1816714220678432,,,0.5062814242651898,0.025751438818776486,0.07398846776667123,18.5549577455162,,,,,,,
85.12457364881621,,,,,0.18151157828868814,,,0.5050960916840356,0.025704133156130658,0.07361775791824962,18.54401647320104,,,,,,,
85.2382414184139,,,,,0.181351875148239,,,0.5039135342655877,0.025656914394482228,0.0732489054645794,18.533081652608438,,,,,,,
85.3520609698213,,,,,0.18119231252275503,,,0.5027337455124915,0.0256097823741932,0.07288190109942001,18.522153279934063,,,,,,,
85.46603250571447,,,,,0.18103289028860364,,,0.5015567189426011,0.025562736935918724,0.07251673556315738,18.511231351375734,,,,,,,
85.5801562290398,,,,,0.1808736083222617,,,0.5003824480889497,0.025515777920606802,0.07215339964257263,18.500315863133597,,,,,,,
85.69443234301491,,,,,0.18071446650031422,,,0.4992109264997099,0.02546890516949751,0.07179188417060792,18.48940681140999,,,,,,,
85.80886105112866,,,,,0.1805554646994552,,,0.4980421477381598,0.025422118524122624,0.071432180026136,18.478504192409495,,,,,,,
85.92344255714167,,,,,0.18039660279648678,,,0.49687610538264754,0.025375417826305,0.07107427813372982,18.46760800233894,,,,,,,
86.03817706508663,,,,,0.18023788066831972,,,0.495712793026556,0.02532880291815806,0.07071816946343364,18.456718237407397,,,,,,,
86.15306477926872,,,,,0.18007929819197308,,,0.49455220427826774,0.025282273642085313,0.07036384503053514,18.445834893826156,,,,,,,
86.2681059042659,,,,,0.17992085524457394,,,0.49339433276112893,0.025235829840779697,0.0700112958953387,18.434957967808742,,,,,,,
86.38330064492918,,,,,0.1797625517033578,,,0.49223917211341717,0.02518947135722324,0.06966051316294028,18.424087455570948,,,,,,,
86.49864920638342,,,,,0.17960438744566778,,,0.4910867159883013,0.025143198034686273,0.06931148798300195,18.413223353330736,,,,,,,
86.61415179402701,,,,,0.17944636234895542,,,0.48993695805381293,0.025097009716727167,0.06896421154953009,18.40236565730836,,,,,,,
86.72980861353298,,,,,0.17928847629077943,,,0.48878989199280526,0.02505090624719156,0.06861867510065153,18.391514363726262,,,,,,,
86.84561987084864,,,,,0.17913072914880698,,,0.4876455115029249,0.025004887470212084,0.06827486991839425,18.38066946880913,,,,,,,
86.96158577219663,,,,,0.1789731208008122,,,0.4865038102965703,0.024958953230207553,0.06793278732846565,18.369830968783877,,,,,,,
87.0777065240747,,,,,0.17881565112467732,,,0.48536478210086403,0.02491310337188272,0.06759241870003532,18.35899885987963,,,,,,,
87.19398233325649,,,,,0.1786583199983916,,,0.484228420657613,0.024867337740227532,0.06725375544551612,18.34817313832775,,,,,,,
87.3104134067917,,,,,0.17850112730005194,,,0.4830947197232767,0.024821656180516703,0.06691678902034799,18.337353800361804,,,,,,,
87.4269999520065,,,,,0.1783440729078623,,,0.48196367306893245,0.024776058538309217,0.06658151092278237,18.326540842217618,,,,,,,
87.54374217650394,,,,,0.17818715670013385,,,0.48083527448024094,0.02473054465944773,0.06624791269366762,18.3157342601332,,,,,,,
87.66064028816425,,,,,0.17803037855528497,,,0.4797095177574121,0.02468511439005808,0.06591598591623554,18.30493405034879,,,,,,,
87.77769449514528,,,,,0.17787373835184073,,,0.478586396715171,0.024639767576548812,0.06558572221588903,18.294140209106846,,,,,,,
87.89490500588272,,,,,0.1777172359684335,,,0.4774659051827253,0.024594504065610624,0.06525711325999137,18.283352732652034,,,,,,,
88.01227202909082,,,,,0.17756087128380188,,,0.47634803700372735,0.024549323704215757,0.06493015075765447,18.272571617231247,,,,,,,
88.12979577376221,,,,,0.17740464417679178,,,0.4752327860362464,0.024504226339617702,0.06460482645953182,18.261796859093575,,,,,,,
88.24747644916896,,,,,0.17724855452635507,,,0.47412014615272813,0.024459211819350405,0.06428113215760811,18.251028454490328,,,,,,,
88.36531426486225,,,,,0.17709260221155074,,,0.4730101112399674,0.02441427999122802,0.0639590596849942,18.240266399675047,,,,,,,
88.48330943067324,,,,,0.17693678711154373,,,0.4719026751990696,0.024369430703344193,0.06363860091571957,18.229510690903446,,,,,,,
88.60146215671328,,,,,0.17678110910560554,,,0.47079783194541996,0.02432466380407162,0.06331974776452799,18.218761324433466,,,,,,,
88.71977265337425,,,,,0.1766255680731138,,,0.46969557540864926,0.024279979142061595,0.06300249218667339,18.208018296525257,,,,,,,
88.83824113132897,,,,,0.17647016389355225,,,0.46859589953260045,0.02423537656624339,0.06268682617771684,18.197281603441166,,,,,,,
88.95686780153159,,,,,0.17631489644651077,,,0.4674987982752955,0.024190855925823797,0.062372741773324684,18.186551241445745,,,,,,,
89.07565287521798,,,,,0.17615976561168498,,,0.4664042656089019,0.02414641707028664,0.062060231049067445,18.175827206805746,,,,,,,
89.1945965639059,,,,,0.17600477126887673,,,0.46531229551970116,0.024102059849392267,0.061749286120220355,18.16510949579015,,,,,,,
89.31369907939589,,,,,0.17584991329799313,,,0.4642228820080518,0.024057784113176918,0.06143989914156343,18.154398104670083,,,,,,,
89.43296063377089,,,,,0.17569519157904742,,,0.4631360190883622,0.02401358971195246,0.06113206230718489,18.14369302971894,,,,,,,
89.55238143939745,,,,,0.175540605992158,,,0.46205170078905133,0.02396947649630559,0.06082576785028276,18.132994267212236,,,,,,,
89.67196170892532,,,,,0.17538615641754918,,,0.4609699211525224,0.023925444317097627,0.06052100804297038,18.12230181342775,,,,,,,
89.79170165528858,,,,,0.17523184273555015,,,0.45989067423512336,0.023881493025463718,0.06021777519607994,18.11161566464542,,,,,,,
89.91160149170527,,,,,0.17507766482659587,,,0.4588139541071209,0.023837622472812573,0.0599160616589699,18.100935817147384,,,,,,,
90.0316614316784,,,,,0.1749236225712262,,,0.45773975485266294,0.023793832510825848,0.059615859819330895,18.090262267217973,,,,,,,
90.15188168899599,,,,,0.17476971585008627,,,0.4566680705697484,0.02375012299145763,0.059317162102994175,18.079595011143713,,,,,,,
90.27226247773152,,,,,0.17461594454392612,,,0.4555988953701941,0.02370649376693398,0.05901996097374042,18.068934045213314,,,,,,,
90.39280401224433,,,,,0.17446230853360067,,,0.4545322233796028,0.023662944689752455,0.05872424893310954,18.05827936571767,,,,,,,
90.51350650718003,,,,,0.1743088077000699,,,0.4534680487373305,0.023619475612681528,0.05843001852021158,18.047630968949882,,,,,,,
90.63437017747086,,,,,0.17415544192439816,,,0.4524063655964542,0.02357608638876014,0.05813726231153828,18.03698885120522,,,,,,,
90.75539523833588,,,,,0.17400221108775496,,,0.45134716812374154,0.023532776871297283,0.05784597292077641,18.026353008781143,,,,,,,
90.87658190528188,,,,,0.17384911507141373,,,0.45029045049961447,0.02348954691387128,0.057556142998620094,18.01572343797729,,,,,,,
90.99793039410302,,,,,0.173696153756753,,,0.4492362069181233,0.023446396370329584,0.05726776523258718,18.005100135095482,,,,,,,
91.11944092088201,,,,,0.1735433270252551,,,0.4481844315869082,0.023403325094788,0.05698083234683282,17.99448309643973,,,,,,,
91.2411137019897,,,,,0.17339063475850713,,,0.44713511872717393,0.023360332941630427,0.05669533710196782,17.983872318316212,,,,,,,
91.36294895408625,,,,,0.17323807683819994,,,0.44608826257365175,0.023317419765508163,0.056411272294874096,17.973267797033284,,,,,,,
91.48494689412081,,,,,0.17308565314612886,,,0.44504385737457364,0.023274585421339623,0.05612863075852467,17.962669528901504,,,,,,,
91.60710773933238,,,,,0.17293336356419298,,,0.4440018973916363,0.02323182976430965,0.055847405361801605,17.952077510233575,,,,,,,
91.72943170725004,,,,,0.17278120797439528,,,0.44296237689997175,0.023189152649869166,0.055567589009316624,17.941491737344386,,,,,,,
91.8519190156933,,,,,0.1726291862588428,,,0.4419252901881152,0.023146553933734604,0.05528917464123201,17.930912206550996,,,,,,,
91.97456988277254,,,,,0.172477298299746,,,0.4408906315579739,0.023104033471887442,0.055012155233082456,17.920338914172646,,,,,,,
92.0973845268894,,,,,0.17232554397941927,,,0.4398583953247958,0.023061591120573762,0.054736523795597854,17.909771856530732,,,,,,,
92.22036316673717,,,,,0.17217392318028024,,,0.43882857581713797,0.023019226736303654,0.054462273374526866,17.899211029948823,,,,,,,
92.343506021301,,,,,0.1720224357848504,,,0.4378011673768373,0.022976940175850908,0.054189397050461885,17.888656430752683,,,,,,,
92.46681330985878,,,,,0.1718710816757541,,,0.4367761643589748,0.022934731296252297,0.05391788793866354,17.878108055270186,,,,,,,
92.59028525198083,,,,,0.1717198607357195,,,0.4357535611318513,0.022892599954807323,0.05364773918888822,17.86756589983144,,,,,,,
92.71392206753102,,,,,0.17156877284757738,,,0.43473335207694946,0.022850546009077533,0.05337894398521395,17.857029960768642,,,,,,,
92.83772397666645,,,,,0.1714178178942622,,,0.4337155315889094,0.02280856931688625,0.05311149554586973,17.846500234416226,,,,,,,
92.96169119983857,,,,,0.1712669957588108,,,0.43270009407549187,0.022766669736317854,0.052845387123063095,17.83597671711074,,,,,,,
93.08582395779287,,,,,0.17111630632436356,,,0.431687033957553,0.02272484712571754,0.05258061200281111,17.8254594051909,,,,,,,
93.21012247156979,,,,,0.1709657494741632,,,0.4306763456690096,0.02268310134369065,0.052317163504770094,17.8149482949976,,,,,,,
93.3345869625049,,,,,0.17081532509155534,,,0.42966802365681045,0.022641432249102277,0.05205503498206744,17.804443382873863,,,,,,,
93.45921765222928,,,,,0.1706650330599883,,,0.42866206238090554,0.022599839701076815,0.051794219821133886,17.79394466516489,,,,,,,
93.58401476267001,,,,,0.17051487326301284,,,0.42765845631421545,0.02255832355899742,0.05153471144153658,17.78345213821803,,,,,,,
93.70897851605045,,,,,0.1703648455842823,,,0.4266571999426011,0.022516883682505553,0.05127650329581313,17.772965798382778,,,,,,,
93.83410913489081,,,,,0.17021494990755215,,,0.4256582877648328,0.022475519931500546,0.05101958886930626,17.76248564201081,,,,,,,
93.95940684200819,,,,,0.17006518611668056,,,0.42466171429256233,0.022434232166139104,0.050763961679999955,17.752011665455914,,,,,,,
94.0848718605176,,,,,0.1699155540956273,,,0.42366747405028854,0.022393020246834754,0.05050961527835484,17.741543865074057,,,,,,,
94.21050441383154,,,,,0.1697660537284549,,,0.42267556157533254,0.022351884034257554,0.05025654324714692,17.73108223722334,,,,,,,
94.33630472566128,,,,,0.1696166848993273,,,0.4216859714178022,0.02231082338933339,0.0500047392013041,17.720626778264023,,,,,,,
94.46227302001643,,,,,0.16946744749251078,,,0.4206986981405675,0.02226983817324375,0.04975419678774656,17.710177484558496,,,,,,,
94.58840952120593,,,,,0.1693183413923732,,,0.4197137363192265,0.022228928247425048,0.049504909685225425,17.699734352471303,,,,,,,
94.71471445383821,,,,,0.16916936648338435,,,0.4187310805420776,0.022188093473568263,0.04925687160416369,17.689297378369144,,,,,,,
94.8411880428216,,,,,0.1690205226501155,,,0.4177507254100895,0.022147333713618475,0.049010076286497506,17.678866558620843,,,,,,,
94.96783051336476,,,,,0.16887180977723948,,,0.4167726655368712,0.02210664882977434,0.04876451750551825,17.668441889597375,,,,,,,
95.09464209097708,,,,,0.1687232277495308,,,0.41579689554864274,0.022066038684487657,0.04852018906571544,17.65802336767185,,,,,,,
95.22162300146906,,,,,0.1685747764518651,,,0.41482341008420553,0.022025503140462935,0.04827708480262041,17.647610989219515,,,,,,,
95.34877347095275,,,,,0.16842645576921952,,,0.41385220379491267,0.021985042060656868,0.0480351985826508,17.637204750617766,,,,,,,
95.47609372584215,,,,,0.16827826558667217,,,0.4128832713446397,0.021944655308277876,0.04779452430295567,17.626804648246107,,,,,,,
95.60358399285343,,,,,0.1681302057894026,,,0.4119166074097567,0.021904342746785762,0.047555055891261994,17.616410678486236,,,,,,,
95.73124449900581,,,,,0.167982276262691,,,0.41095220667909527,0.02186410423989102,0.047316787305720545,17.606022837721902,,,,,,,
95.85907547162128,,,,,0.16783447689191888,,,0.4099900638539246,0.021823939651554648,0.04707971253475462,17.595641122339064,,,,,,,
95.98707713832576,,,,,0.1676868075625682,,,0.40903017364791666,0.02178384884598741,0.046843825596907175,17.58526552872575,,,,,,,
96.11524972704878,,,,,0.16753926816022208,,,0.4080725307871225,0.021743831687649644,0.046609120540691,17.574896053272166,,,,,,,
96.24359346602441,,,,,0.16739185857056404,,,0.40711713000993965,0.021703888041250598,0.04637559144443778,17.564532692370623,,,,,,,
96.37210858379144,,,,,0.1672445786793782,,,0.40616396606708444,0.02166401777174806,0.04614323241614903,17.55417544241556,,,,,,,
96.50079530919385,,,,,0.16709742837254934,,,0.4052130337215632,0.021624220744347923,0.04591203759334738,17.543824299803543,,,,,,,
96.62965387138118,,,,,0.16695040753606244,,,0.4042643277486435,0.02158449682450367,0.045682001142928676,17.53347926093327,,,,,,,
96.75868449980895,,,,,0.166803516056003,,,0.4033178429358252,0.021544845877915938,0.04545311726101476,17.52314032220555,,,,,,,
96.88788742423915,,,,,0.16665675381855646,,,0.40237357408281144,0.021505267770532112,0.045225380172807014,17.51280748002332,,,,,,,
97.01726287474034,,,,,0.1665101207100088,,,0.40143151600148236,0.02146576236854583,0.044998784132441065,17.502480730791653,,,,,,,
97.14681108168867,,,,,0.16636361661674565,,,0.40049166351586196,0.021426329538396457,0.044773323422840836,17.492160070917723,,,,,,,
97.27653227576751,,,,,0.166217241425253,,,0.3995540114620957,0.021386969146768835,0.04454899235557565,17.481845496810823,,,,,,,
97.40642668796863,,,,,0.1660709950221162,,,0.39861855468841567,0.021347681060592583,0.04432578527071527,17.471537004882375,,,,,,,
97.53649454959191,,,,,0.16592487729402097,,,0.39768528805511866,0.02130846514704189,0.04410369653668856,17.461234591545907,,,,,,,
97.66673609224644,,,,,0.16577888812775224,,,0.3967542064345319,0.021269321273534834,0.04388272055013993,17.450938253217064,,,,,,,
97.79715154785022,,,,,0.1656330274101949,,,0.3958253047109903,0.021230249307733123,0.04366285173578931,17.44064798631361,,,,,,,
97.92774114863117,,,,,0.1654872950283332,,,0.39489857778080445,0.02119124911754156,0.04344408454629052,17.430363787255406,,,,,,,
98.05850512712725,,,,,0.16534169086925077,,,0.39397402055223424,0.021152320571107584,0.04322641346209174,17.42008565246445,,,,,,,
98.1894437161869,,,,,0.16519621482013078,,,0.39305162794546056,0.021113463536820858,0.04300983299129617,17.409813578364833,,,,,,,
98.32055714896953,,,,,0.16505086676825548,,,0.39213139489255755,0.021074677883312836,0.04279433766952345,17.39954756138275,,,,,,,
98.45184565894584,,,,,0.1649056466010064,,,0.3912133163374646,0.02103596347945627,0.04257992205977183,17.389287597946517,,,,,,,
98.58330947989838,,,,,0.16476055420586405,,,0.3902973872359583,0.020997320194364785,0.042366580752280864,17.379033684486544,,,,,,,
98.71494884592164,,,,,0.16461558947040822,,,0.38938360255562643,0.020958747897392518,0.04215430836439537,17.368785817435356,,,,,,,
98.84676399142309,,,,,0.16447075228231714,,,0.3884719572758364,0.020920246458133486,0.041943099540428685,17.35854399322756,,,,,,,
98.97875515112274,,,,,0.1643260425293684,,,0.38756244638771303,0.02088181574642139,0.04173294895152881,17.348308208299915,,,,,,,
99.1109225600545,,,,,0.1641814600994378,,,0.3866550648941054,0.02084345563232894,0.041523851295542646,17.338078459091214,,,,,,,
99.24326645356568,,,,,0.16403700488050033,,,0.38574980780956497,0.020805165986167606,0.04131580129688342,17.327854742042415,,,,,,,
99.37578706731824,,,,,0.16389267676062905,,,0.3848466701603126,0.020766946678487008,0.04110879370639652,17.317637053596513,,,,,,,
99.50848463728852,,,,,0.1637484756279958,,,0.3839456469842165,0.020728797580074676,0.04090282330122799,17.307425390198652,,,,,,,
99.6413593997681,,,,,0.16360440137087076,,,0.38304673333076095,0.020690718561955417,0.04069788488469207,17.29721974829605,,,,,,,
99.77441159136411,,,,,0.16346045387762237,,,0.3821499242610211,0.020652709495391018,0.040493973286140406,17.287020124338017,,,,,,,
99.90764144899954,,,,,0.1633166330367173,,,0.3812552148476354,0.020614770251879733,0.0402910833608315,17.27682651477596,,,,,,,
100.04104920991385,,,,,0.16317293873672034,,,0.38036260017477813,0.020576900703155862,0.040089209989800874,17.266638916063375,,,,,,,
100.17463511166308,,,,,0.1630293708662945,,,0.3794720753381341,0.0205391007211894,0.039888348079732294,17.256457324655877,,,,,,,
100.30839939212082,,,,,0.16288592931420032,,,0.37858363544486784,0.020501370178185426,0.03968849256282836,17.246281737011113,,,,,,,
100.4423422894779,,,,,0.16274261396929676,,,0.3776972756136022,0.020463708946583902,0.03948963839668389,17.236112149588894,,,,,,,
100.57646404224361,,,,,0.1625994247205401,,,0.37681299097438575,0.020426116899059002,0.03929178056415738,17.225948558851037,,,,,,,
100.71076488924534,,,,,0.16245636145698472,,,0.3759307766686716,0.020388593908518892,0.03909491407324573,17.215790961261515,,,,,,,
100.84524506962974,,,,,0.16231342406778218,,,0.37505062784928506,0.02035113984810512,0.038899033956957,17.20563935328635,,,,,,,
100.97990482286245,,,,,0.16217061244218203,,,0.37417253968040287,0.02031375459119239,0.038704135273186356,17.195493731393654,,,,,,,
101.11474438872925,,,,,0.1620279264695309,,,0.37329650733752073,0.020276438011387878,0.03851021310459014,17.185354092053625,,,,,,,
101.2497640073358,,,,,0.1618853660392729,,,0.37242252600743186,0.020239189982531065,0.03831726255846288,17.175220431738534,,,,,,,
101.38496391910839,,,,,0.1617429310409496,,,0.3715505908881984,0.02020201037869315,0.03812527876661339,17.16509274692276,,,,,,,
101.52034436479452,,,,,0.16160062136419953,,,0.37068069718912366,0.020164899074176637,0.037934256885241636,17.154971034082717,,,,,,,
101.65590558546322,,,,,0.1614584368987582,,,0.3698128401307272,0.020127855943514926,0.03774419209481682,17.144855289696917,,,,,,,
101.79164782250518,,,,,0.16131637753445843,,,0.3689470149447199,0.02009088086147197,0.0375550795999561,17.13474551024597,,,,,,,
101.92757131763344,,,,,0.16117444316123,,,0.3680832168739763,0.020053973703041763,0.03736691462930329,17.124641692212535,,,,,,,
102.06367631288398,,,,,0.16103263366909928,,,0.3672214411725075,0.020017134343447898,0.0371796924354082,17.11454383208136,,,,,,,
102.199963050616,,,,,0.16089094894818937,,,0.3663616831054358,0.019980362658143173,0.03699340829460711,17.104451926339234,,,,,,,
102.33643177351213,,,,,0.16074938888872034,,,0.3655039379489708,0.01994365852280923,0.03680805750690393,17.094365971475064,,,,,,,
102.47308272457911,,,,,0.16060795338100872,,,0.3646482009903806,0.019907021813356067,0.03662363539585117,17.08428596397979,,,,,,,
102.60991614714811,,,,,0.16046664231546756,,,0.36379446752796785,0.01987045240592167,0.0364401373084322,17.07421190034646,,,,,,,
102.74693228487541,,,,,0.1603254555826062,,,0.3629427328710418,0.0198339501768715,0.03625755861494345,17.064143777070154,,,,,,,
102.88413138174266,,,,,0.16018439307303037,,,0.36209299233989367,0.019797515002798135,0.03607589470887798,17.05408159064801,,,,,,,
103.02151368205709,,,,,0.1600434546774421,,,0.36124524126577245,0.019761146760520893,0.03589514100680932,17.044025337579285,,,,,,,
103.15907943045215,,,,,0.15990264028663978,,,0.3603994749908579,0.0197248453270854,0.03571529294827579,17.033975014365254,,,,,,,
103.29682887188815,,,,,0.1597619497915175,,,0.3595556888682334,0.019688610579763097,0.035536345995664964,17.02393061750927,,,,,,,
103.43476225165253,,,,,0.15962138308306545,,,0.35871387826186213,0.01965244239605085,0.03535829563409963,17.013892143516745,,,,,,,
103.57287981536001,,,,,0.15948094005236987,,,0.35787403854656263,0.019616340653670666,0.035181137371324,17.003859588895146,,,,,,,
103.71118180895334,,,,,0.15934062059061296,,,0.3570361651079822,0.01958030523056912,0.03500486673759021,16.993832950154033,,,,,,,
103.84966847870385,,,,,0.1592004245890723,,,0.3562002533425701,0.01954433600491699,0.03482947928554518,16.983812223804975,,,,,,,
103.98834007121171,,,,,0.15906035193912116,,,0.35536629865755387,0.019508432855108834,0.034654970590118815,16.973797406361626,,,,,,,
104.1271968334062,,,,,0.15892040253222867,,,0.354534296470915,0.019472595659762667,0.034481336248412445,16.963788494339685,,,,,,,
104.26623901254644,,,,,0.15878057625995937,,,0.353704242211362,0.019436824297719466,0.034308571879587496,16.953785484256926,,,,,,,
104.40546685622154,,,,,0.15864087301397312,,,0.3528761313183066,0.019401118648042767,0.03413667312475515,16.943788372633158,,,,,,,
104.5448806123515,,,,,0.15850129268602506,,,0.35204995924183685,0.01936547859001825,0.03396563564686597,16.93379715599024,,,,,,,
104.68448052918738,,,,,0.1583618351679656,,,0.35122572144269315,0.019329904003153337,0.03379545513060076,16.92381183085209,,,,,,,
104.82426685531145,,,,,0.15822250035174032,,,0.3504034133922448,0.019294394767176842,0.03362612728226197,16.91383239374467,,,,,,,
104.96423983963798,,,,,0.15808328812939013,,,0.34958303057246365,0.019258950762038537,0.03345764782966505,16.903858841196016,,,,,,,
105.10439973141379,,,,,0.1579441983930505,,,0.3487645684758983,0.019223571867908656,0.03329001252203045,16.893891169736165,,,,,,,
105.24474678021855,,,,,0.15780523103495186,,,0.3479480226056504,0.019188257965177577,0.033123217129876585,16.88392937589722,,,,,,,
105.38528123596497,,,,,0.15766638594741977,,,0.347133388475351,0.019153008934455432,0.032957257444913436,16.87397345621336,,,,,,,
105.52600334889945,,,,,0.15752766302287444,,,0.3463206616091353,0.019117824656571695,0.03279212927993609,16.864023407220763,,,,,,,
105.66691336960282,,,,,0.15738906215383056,,,0.34550983754161596,0.0190827050125747,0.03262782846871882,16.854079225457685,,,,,,,
105.80801154899045,,,,,0.1572505832328973,,,0.34470091181786044,0.019047649883731286,0.03246435086591024,16.844140907464375,,,,,,,
105.94929813831257,,,,,0.1571122261527787,,,0.34389387999336757,0.019012659151526487,0.032301692346929006,16.83420844978318,,,,,,,
106.09077338915502,,,,,0.1569739908062729,,,0.3430887376340412,0.01897773269766298,0.032139848807859334,16.824281848958446,,,,,,,
106.23243755343948,,,,,0.1568358770862726,,,0.34228548031616723,0.018942870404060817,0.031978816165347666,16.81436110153658,,,,,,,
106.37429088342424,,,,,0.15669788488576455,,,0.34148410362638715,0.0189080721528569,0.0318185903564994,16.804446204066018,,,,,,,
106.51633363170441,,,,,0.15656001409782952,,,0.3406846031616755,0.01887333782640464,0.03165916733877651,16.794537153097206,,,,,,,
106.6585660512122,,,,,0.15642226461564268,,,0.3398869745293164,0.01883866730727363,0.03150054308989581,16.784633945182666,,,,,,,
106.80098839521756,,,,,0.1562846363324732,,,0.33909121334687864,0.018804060478249195,0.03134271360772732,16.774736576876933,,,,,,,
106.94360091732882,,,,,0.1561471291416838,,,0.3382973152421901,0.018769517222331892,0.03118567491019292,16.764845044736568,,,,,,,
107.08640387149303,,,,,0.1560097429367312,,,0.3375052758533149,0.018735037422737237,0.031029423035166266,16.75495934532017,,,,,,,
107.22939751199604,,,,,0.15587247761116596,,,0.33671509082853085,0.018700620962895334,0.030873954040372898,16.74507947518836,,,,,,,
107.3725820934633,,,,,0.15573533305863238,,,0.3359267558263043,0.018666267726450417,0.030719264003290683,16.735205430903815,,,,,,,
107.51595787086045,,,,,0.15559830917286807,,,0.33514026651526496,0.01863197759726042,0.030565349021050514,16.725337209031196,,,,,,,
107.65952509949362,,,,,0.1554614058477041,,,0.33435561857418333,0.018597750459396635,0.030412205210338168,16.715474806137212,,,,,,,
107.80328403500961,,,,,0.15532462297706529,,,0.33357280769194825,0.018563586197143347,0.030259828707296446,16.705618218790594,,,,,,,
107.94723493339671,,,,,0.15518796045496955,,,0.33279182956754144,0.018529484694997406,0.03010821566742744,16.69576744356211,,,,,,,
108.09137805098494,,,,,0.1550514181755282,,,0.33201267991001476,0.018495445837667872,0.029957362265495724,16.685922477024533,,,,,,,
108.23571364444678,,,,,0.15491499603294556,,,0.33123535443846536,0.01846146951007553,0.02980726469543149,16.676083315752656,,,,,,,
108.38024197079747,,,,,0.15477869392151894,,,0.33045984888201274,0.018427555597352572,0.02965791917023475,16.666249956323302,,,,,,,
108.52496328739522,,,,,0.15464251173563898,,,0.32968615897977716,0.018393703984842268,0.02950932192188006,16.6564223953153,,,,,,,
108.6698778519419,,,,,0.1545064493697891,,,0.32891428048085436,0.018359914558098482,0.029361469201221173,16.646600629309525,,,,,,,
108.81498592248373,,,,,0.1543705067185455,,,0.3281442091442915,0.01832618720288529,0.029214357277896227,16.63678465488882,,,,,,,
108.96028775741146,,,,,0.154234683676577,,,0.3273759407390648,0.01829252180517662,0.029067982440233876,16.62697446863808,,,,,,,
109.10578361546068,,,,,0.15409898013864537,,,0.32660947104405763,0.018258918251155904,0.028922340995159865,16.61717006714421,,,,,,,
109.25147375571245,,,,,0.153963395999605,,,0.32584479584803605,0.018225376427215677,0.028777429268103616,16.607371446996126,,,,,,,
109.39735843759416,,,,,0.15382793115440252,,,0.3250819109496239,0.018191896219957086,0.02863324360290517,16.597578604784736,,,,,,,
109.54343792087913,,,,,0.15369258549807716,,,0.3243208121572838,0.01815847751618968,0.02848978036172377,16.587791537102987,,,,,,,
109.689712465688,,,,,0.15355735892576042,,,0.32356149528928957,0.018125120202930854,0.028347035924945127,16.57801024054581,,,,,,,
109.83618233248845,,,,,0.15342225133267612,,,0.3228039561737071,0.01809182416740563,0.028205006691090936,16.568234711710154,,,,,,,
109.98284778209594,,,,,0.1532872626141404,,,0.3220481906483701,0.018058589297046197,0.02806368907672758,16.55846494719499,,,,,,,
110.12970907567446,,,,,0.15315239266556133,,,0.32129419456085545,0.018025415479491477,0.027923079516375644,16.548700943601283,,,,,,,
110.27676647473668,,,,,0.15301764138243884,,,0.3205419637684623,0.017992302602586812,0.02778317446242005,16.53894269753197,,,,,,,
110.42402024114428,,,,,0.15288300866036517,,,0.31979149413818964,0.017959250554383598,0.027643970385020804,16.529190205592048,,,,,,,
110.5714706371086,,,,,0.1527484943950244,,,0.3190427815467132,0.017926259223138914,0.027505463772023758,16.519443464388484,,,,,,,
110.71911792519136,,,,,0.1526140984821921,,,0.3182958218803611,0.017893328497315036,0.027367651128871722,16.509702470530243,,,,,,,
110.86696236830483,,,,,0.1524798208177356,,,0.3175506110350927,0.01786045826557915,0.027230528978516598,16.499967220628303,,,,,,,
111.01500422971218,,,,,0.15234566129761407,,,0.3168071449164771,0.01782764841680302,0.02709409386133173,16.490237711295627,,,,,,,
111.16324377302806,,,,,0.1522116198178782,,,0.3160654194396695,0.017794898840062526,0.02695834233502455,16.4805139391472,,,,,,,
111.31168126221954,,,,,0.15207769627466988,,,0.31532543052938694,0.017762209424637257,0.026823270974549306,16.47079590079996,,,,,,,
111.46031696160566,,,,,0.15194389056422264,,,0.3145871741198901,0.01772958006001031,0.026688876372021445,16.461083592872896,,,,,,,
111.60915113585887,,,,,0.15181020258286113,,,0.3138506461549563,0.01769701063586768,0.02655515513663076,16.451377011986928,,,,,,,
111.7581840500047,,,,,0.1516766322270013,,,0.3131158425878612,0.017664501042098105,0.02642210389455658,16.441676154765027,,,,,,,
111.9074159694226,,,,,0.1515431793931504,,,0.3123827593813548,0.01763205116879258,0.02628971928888235,16.431981017832115,,,,,,,
112.05684715984658,,,,,0.1514098439779064,,,0.3116513925076383,0.01759966090624396,0.026157997979510697,16.422291597815125,,,,,,,
112.2064778873655,,,,,0.15127662587795843,,,0.3109217379483429,0.01756733014494664,0.026026936643079382,16.41260789134297,,,,,,,
112.3563084184233,,,,,0.15114352499008651,,,0.310193791694509,0.017535058775596222,0.025896531972877668,16.40292989504654,,,,,,,
112.50633901981969,,,,,0.15101054121116164,,,0.30946754974656293,0.017502846689089108,0.025766780678762678,16.393257605558755,,,,,,,
112.65656995871089,,,,,0.1508776744381453,,,0.30874300811429395,0.017470693776522064,0.025637679487076154,16.383591019514466,,,,,,,
112.80700150260988,,,,,0.15074492456808958,,,0.3080201628168334,0.017438599929191927,0.025509225140562104,16.373930133550534,,,,,,,
112.95763391938655,,,,,0.15061229149813746,,,0.30729900988263403,0.01740656503859525,0.025381414398284802,16.364274944305812,,,,,,,
113.10846747726868,,,,,0.15047977512552216,,,0.3065795453494462,0.0173745889964279,0.02525424403554674,16.35462544842111,,,,,,,
113.25950244484204,,,,,0.15034737534756762,,,0.30586176526429776,0.017342671694584727,0.02512771084380739,16.344981642539263,,,,,,,
113.4107390910513,,,,,0.15021509206168776,,,0.3051456656834701,0.017310813025159112,0.025001811630602083,16.335343523305024,,,,,,,
113.56217768520025,,,,,0.1500829251653868,,,0.30443124267247806,0.017279012880442673,0.024876543219461547,16.325711087365175,,,,,,,
113.71381849695209,,,,,0.14995087455625936,,,0.303718492306049,0.017247271152924914,0.024751902449832025,16.316084331368437,,,,,,,
113.86566179633002,,,,,0.14981894013199018,,,0.30300741066810055,0.01721558773529287,0.02462788617699527,16.30646325196555,,,,,,,
114.01770785371811,,,,,0.14968712179035382,,,0.3022979938517176,0.017183962520430637,0.024504491271989125,16.296847845809207,,,,,,,
114.16995693986145,,,,,0.1495554194292147,,,0.3015902379591321,0.017152395401419097,0.024381714621528657,16.287238109554046,,,,,,,
114.32240932586643,,,,,0.14942383294652736,,,0.30088413910170286,0.017120886271535598,0.024259553127927828,16.277634039856732,,,,,,,
114.47506528320146,,,,,0.1492923622403362,,,0.300179693399893,0.017089435024253512,0.024138003709021204,16.268035633375863,,,,,,,
114.62792508369766,,,,,0.14916100720877504,,,0.2994768969832474,0.01705804155324188,0.02401706329808593,16.258442886772023,,,,,,,
114.78098899954915,,,,,0.1490297677500673,,,0.2987757459903729,0.01702670575236506,0.023896728843764623,16.248855796707762,,,,,,,
114.93425730331326,,,,,0.14889864376252626,,,0.2980762365689176,0.016995427515682435,0.02377699730998846,16.239274359847585,,,,,,,
115.08773026791138,,,,,0.1487676351445544,,,0.29737836487554853,0.016964206737447987,0.023657865675900416,16.229698572858,,,,,,,
115.24140816662926,,,,,0.14863674179464387,,,0.2966821270759315,0.016933043312109958,0.023539330935779163,16.22012843240744,,,,,,,
115.39529127311775,,,,,0.14850596361137583,,,0.29598751934470846,0.016901937134310457,0.023421390098962973,16.21056393516633,,,,,,,
115.54937986139316,,,,,0.14837530049342068,,,0.29529453786547727,0.01687088809888513,0.023304040189774448,16.201005077807025,,,,,,,
115.70367420583743,,,,,0.1482447523395382,,,0.29460317883077225,0.016839896100862863,0.023187278247445632,16.19145185700389,,,,,,,
115.85817458119888,,,,,0.14811431904857728,,,0.2939134384420417,0.016808961035465378,0.023071101326043127,16.181904269433215,,,,,,,
116.01288126259297,,,,,0.14798400051947552,,,0.2932253129096265,0.01677808279810682,0.022955506494393565,16.172362311773263,,,,,,,
116.16779452550252,,,,,0.1478537966512595,,,0.2925387984527399,0.01674726128439347,0.022840490836009864,16.162825980704255,,,,,,,
116.32291464577793,,,,,0.1477237073430448,,,0.29185389129944805,0.016716496390123407,0.02272605144901781,16.153295272908355,,,,,,,
116.47824189963798,,,,,0.14759373249403585,,,0.29117058768664816,0.016685788011286153,0.022612185446082657,16.143770185069727,,,,,,,
116.63377656367054,,,,,0.14746387200352545,,,0.29048888386004673,0.01665513604406224,0.022498889954336108,16.134250713874426,,,,,,,
116.78951891483275,,,,,0.14733412577089508,,,0.28980877607414,0.016624540384822924,0.022386162115304004,16.124736856010507,,,,,,,
116.94546923045142,,,,,0.14720449369561497,,,0.2891302605921945,0.016594000930129877,0.022273999084834396,16.115228608167975,,,,,,,
117.10162778822372,,,,,0.1470749756772436,,,0.2884533336862247,0.016563517576734743,0.022162398033025513,16.105725967038758,,,,,,,
117.25799486621757,,,,,0.146945571615428,,,0.287777991636974,0.016533090221578884,0.0220513561441545,16.096228929316787,,,,,,,
117.41457074287239,,,,,0.14681628140990333,,,0.2871042307338923,0.016502718761792927,0.021940870616606205,16.086737491697882,,,,,,,
117.57135569699943,,,,,0.14668710496049284,,,0.2864320472751168,0.016472403094696463,0.021830938662802578,16.077251650879848,,,,,,,
117.728350007782,,,,,0.14655804216710827,,,0.28576143756745287,0.016442143117797774,0.02172155750913257,16.067771403562418,,,,,,,
117.88555395477619,,,,,0.14642909292974934,,,0.2850923979263525,0.016411938728793388,0.02161272439588191,16.058296746447297,,,,,,,
118.04296781791163,,,,,0.14630025714850356,,,0.2844249246758931,0.016381789825567747,0.021504436577163426,16.048827676238123,,,,,,,
118.20059187749176,,,,,0.14617153472354635,,,0.2837590141487584,0.016351696306192872,0.021396691320847823,16.039364189640445,,,,,,,
118.35842641419407,,,,,0.1460429255551412,,,0.28309466268621925,0.01632165806892807,0.021289485908494978,16.029906283361814,,,,,,,
118.51647170907081,,,,,0.14591442954363928,,,0.2824318666381125,0.016291675012219554,0.021182817635285144,16.02045395411168,,,,,,,
118.6747280435498,,,,,0.1457860465894793,,,0.28177062236281986,0.01626174703470004,0.021076683809950574,16.011007198601455,,,,,,,
118.83319569943464,,,,,0.14565777659318754,,,0.2811109262272491,0.016231874035188464,0.020971081754707823,16.001566013544455,,,,,,,
118.99187495890496,,,,,0.14552961945537807,,,0.28045277460681495,0.016202055912689656,0.020866008805190232,15.992130395655977,,,,,,,
119.15076610451736,,,,,0.1454015750767521,,,0.2797961638854177,0.016172292566393978,0.02076146231038058,15.982700341653246,,,,,,,
119.30986941920557,,,,,0.1452736433580986,,,0.2791410904554243,0.016142583895677,0.0206574396325443,15.973275848255406,,,,,,,
119.46918518628138,,,,,0.14514582420029337,,,0.2784875507176471,0.016112929800099086,0.0205539381471627,15.963856912183553,,,,,,,
119.62871368943492,,,,,0.1450181175042996,,,0.27783554108132513,0.016083330179405112,0.0204509552428669,15.954443530160681,,,,,,,
119.78845521273486,,,,,0.14489052317116777,,,0.2771850579641052,0.016053784933524162,0.020348488321372118,15.945035698911768,,,,,,,
119.9484100406292,,,,,0.14476304110203533,,,0.2765360977920214,0.016024293962569165,0.02024653479741196,15.935633415163691,,,,,,,
120.108578457946,,,,,0.14463567119812668,,,0.2758886569994743,0.015994857166836487,0.020145092098673,15.926236675645264,,,,,,,
120.26896074989365,,,,,0.14450841336075296,,,0.27524273202921246,0.015965474446805655,0.02004415766573008,15.916845477087227,,,,,,,
120.42955720206118,,,,,0.1443812674913125,,,0.2745983193323139,0.015936145703139074,0.019943728951981866,15.907459816222246,,,,,,,
120.59036810041893,,,,,0.1442542334912902,,,0.27395541536816553,0.015906870836681603,0.01984380342358646,15.898079689784941,,,,,,,
120.75139373131934,,,,,0.14412731126225764,,,0.27331401660444266,0.015877649748460225,0.019744378559397292,15.888705094511812,,,,,,,
120.91263438149726,,,,,0.1440005007058729,,,0.2726741195170909,0.015848482339683743,0.01964545185089967,15.879336027141312,,,,,,,
121.0740903380701,,,,,0.14387380172388067,,,0.2720357205903073,0.01581936851174247,0.01954702080214767,15.869972484413806,,,,,,,
121.2357618885389,,,,,0.14374721421811223,,,0.27139881631651985,0.015790308166207856,0.01944908292970091,15.860614463071592,,,,,,,
121.39764932078836,,,,,0.1436207380904852,,,0.27076340319636916,0.01576130120483219,0.019351635762562016,15.851261959858903,,,,,,,
121.55975292308791,,,,,0.1434943732430033,,,0.2701294777386879,0.015732347529548173,0.019254676842114127,15.841914971521845,,,,,,,
121.72207298409191,,,,,0.14336811957775644,,,0.2694970364604822,0.015703447042468684,0.019158203722058946,15.83257349480848,,,,,,,
121.88460979283988,,,,,0.14324197699692098,,,0.2688660758869138,0.015674599645886456,0.019062213968355203,15.823237526468768,,,,,,,
122.04736363875732,,,,,0.1431159454027593,,,0.2682365925512801,0.01564580524227371,0.01896670515915706,15.813907063254621,,,,,,,
122.21033481165645,,,,,0.1429900246976195,,,0.2676085829949937,0.015617063734281792,0.01887167488475292,15.804582101919816,,,,,,,
122.37352360173648,,,,,0.14286421478393574,,,0.2669820437675648,0.015588375024740869,0.018777120747504712,15.795262639220068,,,,,,,
122.53693029958387,,,,,0.14273851556422812,,,0.26635697142658293,0.015559739016659644,0.018683040361787598,15.785948671913022,,,,,,,
122.70055519617313,,,,,0.14261292694110247,,,0.26573336253769725,0.015531155613225017,0.018589431353929577,15.77664019675821,,,,,,,
122.86439858286751,,,,,0.14248744881725028,,,0.26511121367459656,0.015502624717801677,0.018496291362151505,15.767337210517091,,,,,,,
123.02846075141937,,,,,0.14236208109544854,,,0.26449052141899154,0.015474146233931833,0.018403618036507655,15.758039709953003,,,,,,,
123.19274199397037,,,,,0.14223682367855991,,,0.263871282360597,0.015445720065334937,0.01831140903882651,15.748747691831241,,,,,,,
123.35724260305241,,,,,0.1421116764695326,,,0.26325349309711144,0.015417346115907294,0.018219662042651616,15.739461152918963,,,,,,,
123.52196287158787,,,,,0.14198663937140016,,,0.26263715023419965,0.01538902428972175,0.018128374733183003,15.73018008998527,,,,,,,
123.68690309289056,,,,,0.14186171228728137,,,0.2620222503854724,0.015360754491027348,0.018037544807218572,15.72090449980115,,,,,,,
123.85206356066591,,,,,0.1417368951203801,,,0.26140879017246876,0.01533253662424902,0.017947169973096117,15.711634379139472,,,,,,,
124.0174445690113,,,,,0.14161218777398576,,,0.2607967662246388,0.015304370593987314,0.017857247950635667,15.702369724775053,,,,,,,
124.18304641241684,,,,,0.14148759015147272,,,0.26018617517932363,0.015276256305018032,0.017767776471081805,15.693110533484587,,,,,,,
124.34886938576612,,,,,0.14136310215630027,,,0.25957701368173647,0.01524819366229186,0.017678753277046277,15.683856802046668,,,,,,,
124.51491378433647,,,,,0.14123872369201254,,,0.2589692783849449,0.015220182570934073,0.017590176122451187,15.674608527241794,,,,,,,
124.68117990379929,,,,,0.1411144546622388,,,0.2583629659498532,0.015192222936244297,0.017502042772472474,15.665365705852354,,,,,,,
124.84766804022075,,,,,0.14099029497069304,,,0.25775807304518367,0.015164314663696119,0.017414351003483382,15.656128334662665,,,,,,,
125.01437849006267,,,,,0.14086624452117383,,,0.25715459634745685,0.015136457658936722,0.017327098602998206,15.646896410458892,,,,,,,
125.18131155018267,,,,,0.14074230321756445,,,0.25655253254097443,0.01510865182778662,0.017240283369616624,15.637669930029126,,,,,,,
125.34846751783458,,,,,0.14061847096383273,,,0.2559518783178019,0.015080897076239386,0.0171539031129683,15.628448890163341,,,,,,,
125.51584669066924,,,,,0.1404947476640311,,,0.2553526303777491,0.015053193310461241,0.017067955653657395,15.619233287653422,,,,,,,
125.68344936673482,,,,,0.14037113322229644,,,0.2547547854283526,0.015025540436790824,0.016982438823207702,15.610023119293125,,,,,,,
125.85127584447777,,,,,0.14024762754284978,,,0.254158340184857,0.014997938361738778,0.016897350464007806,15.600818381878103,,,,,,,
126.01932642274302,,,,,0.14012423052999637,,,0.2535632913701969,0.014970386991987484,0.01681268842925668,15.5916190722059,,,,,,,
126.18760140077431,,,,,0.1400009420881259,,,0.25296963571498055,0.014942886234390808,0.016728450582909747,15.582425187075938,,,,,,,
126.35610107821496,,,,,0.13987776212171227,,,0.25237736995747057,0.014915435995973697,0.016644634799624757,15.57323672328956,,,,,,,
126.52482575510867,,,,,0.13975469053531306,,,0.25178649084356514,0.014888036183931875,0.016561238964708153,15.564053677649948,,,,,,,
126.69377573189978,,,,,0.13963172723356992,,,0.2511969951267812,0.014860686705631539,0.01647826097406173,15.55487604696219,,,,,,,
126.86295130943356,,,,,0.13950887212120863,,,0.25060887956823746,0.014833387468609105,0.01639569873412976,15.54570382803328,,,,,,,
127.03235278895703,,,,,0.13938612510303872,,,0.2500221409366356,0.014806138380570839,0.01631355016184598,15.536537017672066,,,,,,,
127.20198047211981,,,,,0.1392634860839532,,,0.24943677600824132,0.014778939349392495,0.016231813184580928,15.527375612689283,,,,,,,
127.37183466097383,,,,,0.1391409549689292,,,0.2488527815668696,0.01475179028311913,0.01615048574008998,15.518219609897551,,,,,,,
127.54191565797488,,,,,0.139018531663027,,,0.24827015440386355,0.014724691089964648,0.01606956577646092,15.509069006111373,,,,,,,
127.7122237659822,,,,,0.13889621607139074,,,0.24768889131807992,0.014697641678311637,0.01598905125206255,15.499923798147112,,,,,,,
127.88275928825946,,,,,0.13877400809924803,,,0.24710898911587012,0.014670641956710974,0.015908940135493006,15.490783982823043,,,,,,,
128.05352252847555,,,,,0.13865190765190966,,,0.24653044461106188,0.014643691833881494,0.01582923040552839,15.481649556959294,,,,,,,
128.22451379070483,,,,,0.1385299146347697,,,0.2459532546249425,0.014616791218709718,0.015749920051071876,15.472520517377847,,,,,,,
128.39573337942744,,,,,0.13840802895330573,,,0.24537741598624227,0.014589940020249569,0.01567100707110312,15.463396860902606,,,,,,,
128.56718159953013,,,,,0.13828625051307838,,,0.2448029255311163,0.01456313814772206,0.015592489474627639,15.454278584359313,,,,,,,
128.73885875630697,,,,,0.13816457921973133,,,0.2442297801031262,0.014536385510514916,0.015514365280626441,15.445165684575596,,,,,,,
128.91076515545973,,,,,0.13804301497899113,,,0.2436579765532236,0.014509682018182313,0.015436632518006184,15.436058158380947,,,,,,,
129.08290110309812,,,,,0.13792155769666756,,,0.24308751173973364,0.014483027580444634,0.015359289225549562,15.426956002606724,,,,,,,
129.25526690574063,,,,,0.13780020727865322,,,0.24251838252833702,0.014456422107188081,0.015282333451865707,15.417859214086182,,,,,,,
129.42786287031535,,,,,0.13767896363092327,,,0.24195058579205125,0.014429865508464352,0.015205763255340751,15.40876778965439,,,,,,,
129.6006893041598,,,,,0.13755782665953598,,,0.24138411841121674,0.014403357694490465,0.015129576704089293,15.399681726148348,,,,,,,
129.77374651502237,,,,,0.13743679627063185,,,0.240818977273476,0.014376898575648278,0.015053771875905148,15.390601020406853,,,,,,,
129.94703481106194,,,,,0.13731587237043427,,,0.24025515927375973,0.014350488062484356,0.014978346858213294,15.381525669270625,,,,,,,
130.12055450084898,,,,,0.13719505486524916,,,0.23969266131426836,0.014324126065709562,0.014903299748021395,15.372455669582214,,,,,,,
130.29430589336621,,,,,0.13707434366146468,,,0.23913148030445405,0.014297812496198771,0.014828628651871737,15.363391018186043,,,,,,,
130.4682892980089,,,,,0.13695373866555127,,,0.2385716131610049,0.01427154726499057,0.014754331685793511,15.35433171192839,,,,,,,
130.64250502458526,,,,,0.13683323978406206,,,0.23801305680782858,0.01424533028328701,0.014680406975255439,15.34527774765739,,,,,,,
130.81695338331716,,,,,0.13671284692363211,,,0.2374558081760347,0.014219161462453273,0.014606852655118314,15.336229122223063,,,,,,,
130.991634684841,,,,,0.13659255999097872,,,0.2368998642039171,0.01419304071401731,0.014533666869587897,15.327185832477246,,,,,,,
131.16654924020793,,,,,0.1364723788929011,,,0.2363452218369377,0.01416696794966961,0.014460847772168143,15.318147875273649,,,,,,,
131.3416973608842,,,,,0.1363523035362806,,,0.23579187802771093,0.01414094308126291,0.014388393525614775,15.309115247467858,,,,,,,
131.51707935875206,,,,,0.1362323338280807,,,0.23523982973598576,0.01411496602081189,0.014316302301888765,15.300087945917285,,,,,,,
131.69269554611043,,,,,0.13611246967534632,,,0.23468907392862792,0.014089036680492795,0.01424457228211012,15.29106596748121,,,,,,,
131.86854623567487,,,,,0.13599271098520455,,,0.2341396075796062,0.014063154972643287,0.014173201656512296,15.282049309020756,,,,,,,
132.044631740579,,,,,0.1358730576648638,,,0.23359142766997237,0.014037320809761982,0.014102188624396151,15.273037967398905,,,,,,,
132.22095237437415,,,,,0.1357535096216145,,,0.23304453118784763,0.014011534104508285,0.014031531394084888,15.264031939480473,,,,,,,
132.39750845103035,,,,,0.13560329693714193,,,0.23259287437482112,0.013988214403910428,0.013965393660616563,15.213415472473914,,,,,,,
132.57430028493715,,,,,0.13542832224134696,,,0.23221819423808912,0.013966893400236206,0.013902931750049927,15.129402592027935,,,,,,,
132.75132819090393,,,,,0.13525357332283647,,,0.23184411766758922,0.013945604894290748,0.01384074920792543,15.045853655006924,,,,,,,
132.9285924841601,,,,,0.1350790498902806,,,0.23147064369104653,0.013924348836540626,0.01377884478473402,14.96276609938118,,,,,,,
133.10609348035612,,,,,0.13490475165272534,,,0.2310977713377523,0.013903125177527943,0.013717217236555213,14.880137377269238,,,,,,,
133.28383149556404,,,,,0.1347306783195919,,,0.23072549963856112,0.01388193386787013,0.013655865325032004,14.797964954859676,,,,,,,
133.46180684627817,,,,,0.13455682960067641,,,0.23035382762588855,0.013860774858259896,0.013594787817346103,14.71624631233349,,,,,,,
133.64001984941495,,,,,0.13438320520614974,,,0.22998275433370938,0.01383964809946515,0.013533983486193245,14.63497894378699,,,,,,,
133.8184708223143,,,,,0.13420980484655662,,,0.22961227879755453,0.013818553542328799,0.013473451109758366,14.554160357154721,,,,,,,
133.99716008273973,,,,,0.13403662823281534,,,0.22924240005450858,0.013797491137768717,0.013413189471691187,14.473788074133228,,,,,,,
134.17608794887926,,,,,0.133863675076217,,,0.22887311714320674,0.013776460836777544,0.013353197361081594,14.393859630104808,,,,,,,
134.3552547393458,,,,,0.13369094508842524,,,0.22850442910383303,0.013755462590422615,0.013293473572435426,14.31437257406213,,,,,,,
134.53466077317756,,,,,0.13351843798147597,,,0.22813633497811797,0.013734496349845896,0.013234016905650316,14.235324468533113,,,,,,,
134.7143063698386,,,,,0.13334615346777673,,,0.22776883380933585,0.013713562066263806,0.013174826165991518,14.156712889506139,,,,,,,
134.89419184921994,,,,,0.13317409126010588,,,0.22740192464230166,0.013692659690967088,0.013115900164067782,14.078535426355536,,,,,,,
135.0743175316397,,,,,0.13300225107161232,,,0.22703560652336888,0.013671789175320756,0.013057237715807557,14.000789681767813,,,,,,,
135.2546837378435,,,,,0.13283063261581543,,,0.22666987850042783,0.013650950470763947,0.012998837642435274,13.923473271668263,,,,,,,
135.43529078900522,,,,,0.1326592356066042,,,0.22630473962290273,0.013630143528809847,0.012940698770447597,13.846583825147729,,,,,,,
135.61613900672788,,,,,0.1324880597582366,,,0.2259401889417483,0.013609368301045496,0.012882819931589724,13.77011898438977,,,,,,,
135.79722871304395,,,,,0.13231710478533928,,,0.22557622550944822,0.013588624739131725,0.012825199962832027,13.694076404598496,,,,,,,
135.97856023041567,,,,,0.1321463704029073,,,0.22521284838001293,0.013567912794803095,0.012767837706346733,13.618453753926778,,,,,,,
136.16013388173596,,,,,0.13197585632630343,,,0.22485005660897656,0.01354723241986769,0.01271073200948458,13.54324871340457,,,,,,,
136.34194999032874,,,,,0.13180556227125786,,,0.22448784925339485,0.013526583566207092,0.012653881724751688,13.468458976867879,,,,,,,
136.52400887995006,,,,,0.13163548795386726,,,0.22412622537184215,0.013505966185776173,0.012597285709786405,13.394082250887939,,,,,,,
136.70631087478813,,,,,0.1314656330905947,,,0.22376518402440915,0.013485380230603044,0.012540942827336428,13.32011625470093,,,,,,,
136.8888562994639,,,,,0.1312959973982693,,,0.22340472427270117,0.013464825652788975,0.01248485194523605,13.246558720138207,,,,,,,
137.0716454790317,,,,,0.13112658059408563,,,0.22304484517983536,0.013444302404508229,0.012429011936383289,13.173407391556582,,,,,,,
137.2546787389803,,,,,0.1309573823956029,,,0.22268554581043737,0.013423810438007935,0.012373421678717194,13.100660025769098,,,,,,,
137.43795640523297,,,,,0.13078840252074472,,,0.22232682523063962,0.013403349705608029,0.01231808005519537,13.028314391976302,,,,,,,
137.62147880414798,,,,,0.13061964068779905,,,0.2219686825080796,0.013382920159701123,0.012262985953771592,12.95636827169799,,,,,,,
137.80524626251938,,,,,0.13045109661541715,,,0.22161111671189654,0.013362521752752418,0.012208138267373422,12.884819458705023,,,,,,,
137.98925910757788,,,,,0.13028277002261326,,,0.22125412691272867,0.013342154437299521,0.01215353589387984,12.813665758951617,,,,,,,
138.1735176669911,,,,,0.13011466062876412,,,0.22089771218271143,0.013321818165952383,0.0120991777360992,12.742904990508121,,,,,,,
138.358022268864,,,,,0.12994676815360875,,,0.22054187159547536,0.013301512891393232,0.012045062701747251,12.672534983494257,,,,,,,
138.54277324173975,,,,,0.12977909231724782,,,0.22018660422614303,0.01328123856637638,0.011991189703425094,12.602553580012376,,,,,,,
138.72777091460003,,,,,0.1296116328401432,,,0.21983190915132725,0.013260995143728194,0.01193755765859737,12.532958634081444,,,,,,,
138.91301561686623,,,,,0.1294443894431172,,,0.21947778544912763,0.01324078257634689,0.011884165489570426,12.46374801157103,,,,,,,
139.0985076783995,,,,,0.1292773618473524,,,0.21912423219912883,0.013220600817202482,0.011831012123470716,12.39491959013599,,,,,,,
139.28424742950122,,,,,0.12911054977439138,,,0.2187712484823989,0.013200449819336716,0.01177809649222334,12.326471259151498,,,,,,,
139.47023520091383,,,,,0.12894395294613603,,,0.2184188333814861,0.013180329535862888,0.01172541753253048,12.258400919648208,,,,,,,
139.65647132382173,,,,,0.12877757108484683,,,0.21806698598041593,0.013160239919965743,0.011672974185849973,12.190706484247778,,,,,,,
139.84295612985147,,,,,0.1286114039131427,,,0.21771570536468965,0.013140180924901372,0.011620765398374111,12.123385877098972,,,,,,,
140.02968995107219,,,,,0.12844545115400063,,,0.21736499062128206,0.013120152503997154,0.011568790121008558,12.056437033814117,,,,,,,
140.21667311999647,,,,,0.12827971253075507,,,0.21701484083863873,0.013100154610651614,0.01151704730935116,11.989857901405687,,,,,,,
140.40390596958113,,,,,0.1281141877670973,,,0.21666525510667323,0.013080187198334255,0.011465535923670913,11.923646438223233,,,,,,,
140.59138883322763,,,,,0.12794887658707507,,,0.21631623251676502,0.013060250220585523,0.01141425492888713,11.857800613890895,,,,,,,
140.7791220447823,,,,,0.12778377871509244,,,0.2159677721617578,0.013040343631016686,0.011363203294548738,11.79231840924524,,,,,,,
140.9671059385375,,,,,0.12761889387590902,,,0.21561987313595649,0.013020467383309725,0.011312379994813418,11.727197816273195,,,,,,,
141.15534084923164,,,,,0.12745422179463967,,,0.2152725345351251,0.01300062143121723,0.011261784008427114,11.662436838050546,,,,,,,
141.3438271120506,,,,,0.12728976219675364,,,0.21492575545648362,0.012980805728562248,0.011211414318703374,11.598033488680597,,,,,,,
141.53256506262773,,,,,0.1271255148080745,,,0.21457953499870666,0.012961020229238207,0.011161269913502978,11.533985793233327,,,,,,,
141.72155503704428,,,,,0.12696147935477983,,,0.21423387226192092,0.012941264887208835,0.011111349785213722,11.470291787684967,,,,,,,
141.91079737183028,,,,,0.12679765556340047,,,0.2138887663477029,0.012921539656508052,0.011061652930730066,11.406949518857633,,,,,,,
142.10029240396545,,,,,0.12663404316082,,,0.2135442163590758,0.01290184449123979,0.011012178351432885,11.343957044359383,,,,,,,
142.29004047087943,,,,,0.1264706418742743,,,0.21320022140050773,0.012882179345577935,0.01096292505316952,11.2813124325247,,,,,,,
142.48004191045217,,,,,0.1263074514313515,,,0.21285678057790988,0.012862544173766274,0.01091389204623385,11.219013762355404,,,,,,,
142.6702970610148,,,,,0.12614447155999126,,,0.2125138929986337,0.012842938930118305,0.010865078345346326,11.157059123461591,,,,,,,
142.86080626135052,,,,,0.12598170198848402,,,0.2121715577714683,0.012823363569017162,0.010816482969634115,11.095446616003024,,,,,,,
143.05156985069488,,,,,0.12581914244547082,,,0.21182977400663802,0.01280381804491549,0.010768104942611451,11.0341743506309,,,,,,,
143.24258816873615,,,,,0.12565679265994312,,,0.21148854081580146,0.012784302312335386,0.010719943292160103,10.973240448430069,,,,,,,
143.43386155561635,,,,,0.12549465236124185,,,0.21114785731204772,0.012764816325868266,0.0106719970505097,10.912643040861223,,,,,,,
143.62539035193151,,,,,0.12533272127905745,,,0.21080772260989494,0.012745360040174755,0.010624265254218395,10.852380269703731,,,,,,,
143.8171748987328,,,,,0.12517099914342886,,,0.21046813582528712,0.012725933409984572,0.010576746944153372,10.792450286998497,,,,,,,
144.00921553752673,,,,,0.12500948568474324,,,0.21012909607559246,0.012706536390096428,0.010529441165471656,10.73285125499138,,,,,,,
144.2015126102756,,,,,0.12484818063373603,,,0.20979060247960143,0.012687168935377954,0.01048234696760098,10.673581346076956,,,,,,,
144.39406645939837,,,,,0.12468708372149008,,,0.20945265415752395,0.012667831000765588,0.010435463404220647,10.614638742742363,,,,,,,
144.58687742777138,,,,,0.12452619467943499,,,0.20911525023098687,0.012648522541264414,0.01038878953324241,10.55602163751147,,,,,,,
144.77994585872898,,,,,0.12436551323934687,,,0.2087783898230318,0.012629243511948095,0.01034232441679163,10.49772823288956,,,,,,,
144.97327209606357,,,,,0.12420503913334822,,,0.20844207205811358,0.012609993867958818,0.01029606712118849,10.439756741308292,,,,,,,
145.16685648402668,,,,,0.12404477209390719,,,0.2081062960620976,0.012590773564507112,0.010250016716929178,10.382105385070794,,,,,,,
145.3606993673298,,,,,0.12388471185383686,,,0.20777106096225664,0.012571582556871784,0.010204172278667129,10.32477239629706,,,,,,,
145.55480109114472,,,,,0.12372485814629508,,,0.20743636588726957,0.01255242080039978,0.010158532885194485,10.267756016869823,,,,,,,
145.74916200110385,,,,,0.12356521070478434,,,0.20710220996721918,0.012533288250506132,0.010113097619423694,10.211054498380745,,,,,,,
145.94378244330127,,,,,0.12340576926315074,,,0.20676859233358943,0.012514184862673836,0.01006786556836895,10.154666102076666,,,,,,,
146.13866276429306,,,,,0.12324653355558403,,,0.2064355121192636,0.01249511059245373,0.010022835823127907,10.098589098806345,,,,,,,
146.3338033110983,,,,,0.12308750331661669,,,0.20610296845852127,0.012476065395464404,0.009978007478863337,10.042821768967352,,,,,,,
146.52920443119956,,,,,0.12292867828112373,,,0.20577096048703666,0.01245704922739207,0.009933379634785007,9.987362402453385,,,,,,,
146.72486647254303,,,,,0.1227700581843225,,,0.2054394873418767,0.012438062043990512,0.009888951394131628,9.932209298601933,,,,,,,
146.92078978353953,,,,,0.12261164276177206,,,0.20510854816149857,0.012419103801080975,0.009844721864152828,9.877360766142033,,,,,,,
147.11697471306542,,,,,0.12245343174937236,,,0.2047781420857466,0.012400174454551995,0.009800690156091042,9.822815123142329,,,,,,,
147.3134216104629,,,,,0.12229542488336419,,,0.20444826825585094,0.012381273960359344,0.009756855385163812,9.768570696959577,,,,,,,
147.51013082554041,,,,,0.1221376219003289,,,0.20411892581442548,0.012362402274525971,0.009713216670546062,9.71462582418743,,,,,,,
147.70710270857344,,,,,0.12198002253718777,,,0.20379011390546525,0.012343559353141832,0.009669773135352276,9.660978850605355,,,,,,,
147.90433761030553,,,,,0.12182262653120127,,,0.20346183167434376,0.012324745152363809,0.009626523906618866,9.607628131127825,,,,,,,
148.10183588194852,,,,,0.12166543361996893,,,0.20313407826781124,0.01230595962841559,0.009583468115286684,9.554572029753947,,,,,,,
148.299597875183,,,,,0.121508443541429,,,0.20280685283399288,0.012287202737587615,0.009540604896183608,9.50180891951738,,,,,,,
148.4976239421593,,,,,0.1213516560338579,,,0.20248015452238582,0.012268474436236954,0.009497933388007064,9.44933718243632,,,,,,,
148.69591443549774,,,,,0.12119507083586982,,,0.20215398248385769,0.012249774680787183,0.00945545273330682,9.397155209463968,,,,,,,
148.89446970828993,,,,,0.12103868768641596,,,0.2018283358706433,0.012231103427728297,0.009413162078467601,9.345261400439066,,,,,,,
149.09329011409892,,,,,0.12088250632478442,,,0.20150321383634312,0.012212460633616595,0.009371060573692046,9.293654164036912,,,,,,,
149.2923760069595,,,,,0.12072652649059991,,,0.20117861553592176,0.012193846255074612,0.009329147372983666,9.242331917720639,,,,,,,
149.49172774137932,,,,,0.12057074792382311,,,0.20085454012570486,0.012175260248791024,0.0092874216341298,9.191293087692598,,,,,,,
149.69134567233965,,,,,0.12041517036475002,,,0.20053098676337672,0.012156702571520479,0.00924588251868462,9.140536108846037,,,,,,,
149.89123015529574,,,,,0.12025979355401176,,,0.20020795460797855,0.012138173180083534,0.009204529191952356,9.090059424717172,,,,,,,
150.09138154617727,,,,,0.12010461723257433,,,0.19988544281990667,0.012119672031366609,0.009163360822970559,9.039861487437541,,,,,,,
150.29180020138912,,,,,0.11994964114173798,,,0.1995634505609099,0.012101199082321813,0.00912237658449339,8.989940757686457,,,,,,,
150.49248647781258,,,,,0.1197948650231364,,,0.19924197699408677,0.012082754289966854,0.00908157565297485,8.940295704643695,,,,,,,
150.69344073280485,,,,,0.11964028861873718,,,0.1989210212838848,0.012064337611384991,0.009040957208552476,8.890924805942811,,,,,,,
150.8946633242009,,,,,0.11948591167084036,,,0.1986005825960965,0.012045949003724842,0.009000520435030626,8.841826547624162,,,,,,,
151.09615461031316,,,,,0.11933173392207885,,,0.1982806600978591,0.012027588424200398,0.008960264519864272,8.79299942408874,,,,,,,
151.29791494993242,,,,,0.11917775511541769,,,0.19796125295765135,0.012009255830090836,0.008920188654142595,8.744441938051882,,,,,,,
151.49994470232892,,,,,0.11900480721674325,,,0.19765056262959882,0.011993055681787636,0.008886539894640921,8.681154939810813,,,,,,,
151.70224422725263,,,,,0.11881255058296956,,,0.1973487306387749,0.011979025872901436,0.008859384422884404,8.603134387860385,,,,,,,
151.9048138849336,,,,,0.11862060454684396,,,0.19704735957530417,0.011965012476474463,0.00883231193276697,8.525815033684776,,,,,,,
152.1076540360828,,,,,0.11842896860658465,,,0.19674644873530506,0.011951015473306981,0.00880532217071352,8.449190575376313,,,,,,,
152.31076504189338,,,,,0.11823764226122026,,,0.19644599741597057,0.011937034844221686,0.008778414883923768,8.373254767664642,,,,,,,
152.5141472640406,,,,,0.11804662501058873,,,0.19614600491556686,0.01192307057006371,0.008751589820369929,8.298001421407815,,,,,,,
152.71780106468245,,,,,0.1178559163553363,,,0.19584647053343227,0.011909122631700629,0.008724846728794424,8.22342440308797,,,,,,,
152.9217268064605,,,,,0.11766551579691598,,,0.19554739356997486,0.011895191010022373,0.008698185358707462,8.1495176343113,,,,,,,
153.125924852501,,,,,0.11747542283758569,,,0.19524877332667076,0.011881275685941215,0.008671605460384623,8.076275091312455,,,,,,,
153.33039556641447,,,,,0.11728563698040816,,,0.19495060910606335,0.011867376640391798,0.008645106784864695,8.003690804463988,,,,,,,
153.53513931229764,,,,,0.11709615772924829,,,0.19465290021176038,0.01185349385433102,0.00861868908394714,7.931758857789339,,,,,,,
153.74015645473293,,,,,0.11690698458877291,,,0.1943556459484337,0.011839627308738096,0.008592352110189955,7.860473388481046,,,,,,,
153.94544735878952,,,,,0.11671811706444918,,,0.194058845621817,0.011825776984614485,0.008566095616907238,7.789828586422735,,,,,,,
154.15101239002445,,,,,0.11652955466254278,,,0.19376249853870375,0.011811942862983852,0.008539919358166908,7.7198186937154505,,,,,,,
154.35685191448292,,,,,0.11634129689011713,,,0.19346660400694593,0.011798124924892064,0.008513823088788364,7.65043800420848,,,,,,,
154.5629662986985,,,,,0.1161533432550323,,,0.19317116133545303,0.01178432315140717,0.008487806564340306,7.581680863034373,,,,,,,
154.76935590969433,,,,,0.11596569326594335,,,0.19287616983418995,0.011770537523619385,0.008461869541138322,7.51354166614793,,,,,,,
154.9760211149838,,,,,0.1157783464322989,,,0.19258162881417476,0.011756768022641011,0.008436011776242659,7.44601485986935,,,,,,,
155.18296228257122,,,,,0.11559130226434008,,,0.19228753758747774,0.011743014629606446,0.008410233027455897,7.379094940431676,,,,,,,
155.39017978095183,,,,,0.11540456027309948,,,0.19199389546722015,0.011729277325672187,0.008384533053320797,7.312776453532323,,,,,,,
155.59767397911315,,,,,0.11521811997039955,,,0.191700701767572,0.01171555609201676,0.008358911613117909,7.247053993888364,,,,,,,
155.80544524653527,,,,,0.11503198086885148,,,0.1914079558037508,0.011701850909840711,0.008333368466863429,7.181922204796068,,,,,,,
156.01349395319195,,,,,0.11484614248185365,,,0.1911156568920194,0.011688161760366569,0.008307903375306827,7.1173757776941695,,,,,,,
156.22182046955095,,,,,0.11466060432359053,,,0.19082380434968466,0.01167448862483882,0.008282516099928685,7.0534094517312775,,,,,,,
156.43042516657445,,,,,0.11447536590903169,,,0.1905323974950966,0.011660831484523917,0.008257206402938496,6.990018013337202,,,,,,,
156.63930841571994,,,,,0.11429042675393032,,,0.19024143564764598,0.011647190320710233,0.008231974047272396,6.9271962957979145,,,,,,,
156.8484705889413,,,,,0.1141057863748217,,,0.1899509181277627,0.011633565114708,0.008206818796590883,6.864939178834341,,,,,,,
157.057912058689,,,,,0.11392144428902201,,,0.1896608442569143,0.011619955847849316,0.008181740415276672,6.803241588185135,,,,,,,
157.2676331979106,,,,,0.11373740001462768,,,0.18937121335760498,0.011606362501488146,0.00815673866843252,6.742098495193194,,,,,,,
157.47763438005163,,,,,0.11355365307051357,,,0.18908202475337352,0.011592785057000253,0.008131813321878982,6.681504916395695,,,,,,,
157.68791597905658,,,,,0.11337020297633155,,,0.1887932777687912,0.011579223495783178,0.008106964142152171,6.621455913117838,,,,,,,
157.89847836936934,,,,,0.11318704925250951,,,0.18850497172946104,0.011565677799256217,0.008082190896501617,6.561946591070403,,,,,,,
158.10932192593341,,,,,0.11300419142025045,,,0.18821710596201602,0.011552147948860432,0.00805749335288814,6.502972099950941,,,,,,,
158.32044702419316,,,,,0.11282162900153063,,,0.1879296797941174,0.011538633926058575,0.008032871279981604,6.444527633048309,,,,,,,
158.5318540400941,,,,,0.11263936151909883,,,0.18764269255445334,0.011525135712335101,0.008008324447158769,6.386608426850983,,,,,,,
158.7435433500841,,,,,0.11245738849647444,,,0.18735614357273675,0.011511653289196103,0.007983852624501128,6.3292097606586895,,,,,,,
158.9555153311137,,,,,0.11227570945794674,,,0.18707003217970405,0.01149818663816931,0.007959455582792728,6.272326956197721,,,,,,,
159.16777036063644,,,,,0.11209432392857378,,,0.1867843577071142,0.011484735740804067,0.00793513309351812,6.215955377239729,,,,,,,
159.3803088166099,,,,,0.11191323143418087,,,0.18649911948774667,0.011471300578671323,0.007910884928860117,6.160090429223761,,,,,,,
159.59313107749665,,,,,0.1117324315013591,,,0.1862143168553993,0.011457881133363556,0.007886710861697697,6.1047275588816845,,,,,,,
159.80623752226467,,,,,0.11155192365746441,,,0.18592994914488734,0.011444477386494773,0.007862610665603849,6.049862253867175,,,,,,,
160.0196285303876,,,,,0.1113717074306165,,,0.18564601569204225,0.011431089319700521,0.007838584114843509,5.9954900423880115,,,,,,,
160.23330448184583,,,,,0.11119178234969754,,,0.18536251583370986,0.011417716914637827,0.007814630984371441,5.9416064928415215,,,,,,,
160.44726575712747,,,,,0.11101214794435038,,,0.18507944890774808,0.011404360152985146,0.007790751049830034,5.888207213453302,,,,,,,
160.6615127372287,,,,,0.11083280374497785,,,0.1847968142530261,0.011391019016442383,0.007766944087547301,5.835287851919348,,,,,,,
160.87604580365405,,,,,0.11065374928274174,,,0.18451461120942317,0.011377693486730848,0.007743209874534753,5.782844095051405,,,,,,,
161.09086533841776,,,,,0.110474984089561,,,0.1842328391178263,0.011364383545593245,0.0077195481884853165,5.730871668425299,,,,,,,
161.30597172404396,,,,,0.11029650769811102,,,0.1839514973201293,0.01135108917479364,0.007695958807771258,5.679366336032623,,,,,,,
161.52136534356785,,,,,0.11011831964182191,,,0.18367058515923057,0.011337810356117407,0.007672441511442049,5.628323899935375,,,,,,,
161.73704658053617,,,,,0.10994041945487741,,,0.18339010197903194,0.011324547071371231,0.007648996079222337,5.577740199923874,,,,,,,
161.95301581900748,,,,,0.10976280667221425,,,0.18311004712443754,0.011311299302383105,0.007625622291509938,5.52761111317777,,,,,,,
162.16927344355312,,,,,0.10958548082952033,,,0.18283041994135202,0.011298067031002269,0.007602319929373724,5.477932553929924,,,,,,,
162.38581983925832,,,,,0.1094084414632335,,,0.1825512197766783,0.011284850239099184,0.0075790887745515335,5.428700473133331,,,,,,,
162.60265539172255,,,,,0.1092316881105405,,,0.1822724459783169,0.011271648908565518,0.007555928609448166,5.379910858131178,,,,,,,
162.81978048705977,,,,,0.10905522030937594,,,0.1819940978951643,0.011258463021314143,0.0075328392171333984,5.331559732329864,,,,,,,
163.0371955118996,,,,,0.10887903759842103,,,0.18171617487711147,0.011245292559279092,0.0075098203813399,5.283643154874813,,,,,,,
163.2549008533882,,,,,0.10870313951710195,,,0.18143867627504165,0.011232137504415507,0.007486871886461163,5.236157220329209,,,,,,,
163.47289689918873,,,,,0.10852752560558888,,,0.18116160144082946,0.01121899783869964,0.007463993517549531,5.189098058355743,,,,,,,
163.69118403748163,,,,,0.10835219540479529,,,0.18088494972733948,0.011205873544128858,0.007441185060314238,5.142461833401253,,,,,,,
163.90976265696594,,,,,0.10817714845637601,,,0.18060872048842452,0.011192764602721558,0.0074184463011193,5.096244744383979,,,,,,,
164.1286331468594,,,,,0.10800238430272661,,,0.18033291307892427,0.011179670996517201,0.007395777026981608,5.050443024383844,,,,,,,
164.3477958969,,,,,0.10782790248698167,,,0.18005752685466317,0.011166592707576228,0.0073731770255688256,5.0050529403353154,,,,,,,
164.56725129734605,,,,,0.10765370255301372,,,0.17978256117244945,0.011153529717980072,0.007350646085197491,4.960070792723216,,,,,,,
164.7869997389766,,,,,0.10747978404543258,,,0.17950801539007394,0.011140482009831143,0.007328183994831006,4.915492915281267,,,,,,,
165.0070416130926,,,,,0.10730614650958377,,,0.1792338888663082,0.011127449565252795,0.007305790544077685,4.871315674693192,,,,,,,
165.2273773115178,,,,,0.10713278949154693,,,0.1789601809609026,0.011114432366389268,0.007283465523188698,4.827535470296525,,,,,,,
165.4480072265992,,,,,0.10695971253813515,,,0.17868689103458518,0.011101430395405697,0.007261208723056197,4.7841487337892055,,,,,,,
165.6689317512073,,,,,0.1067869151968939,,,0.1784140184490607,0.011088443634488085,0.0072390199352113235,4.7411519289388,,,,,,,
165.89015127873725,,,,,0.10661439701609954,,,0.17814156256700867,0.011075472065843292,0.007216898951822287,4.6985415512942295,,,,,,,
166.1116662031098,,,,,0.10644215754475803,,,0.17786952275208132,0.011062515671698967,0.00719484556569233,4.656314127900068,,,,,,,
166.3334769187718,,,,,0.10627019633260389,,,0.17759789836890275,0.011049574434303546,0.007172859570257876,4.614466217013541,,,,,,,
166.55558382069634,,,,,0.10609851293009927,,,0.1773266887830678,0.011036648335926255,0.007150940759586567,4.572994407824078,,,,,,,
166.7779873043842,,,,,0.10592710688843256,,,0.1770558933611397,0.011023737358857057,0.007129088928375338,4.531895320175213,,,,,,,
167.00068776586406,,,,,0.10575597775951721,,,0.17678551147064941,0.011010841485406628,0.0071073038719485036,4.491165604289153,,,,,,,
167.22368560169377,,,,,0.10558512509599041,,,0.1765155424800932,0.01099796069790633,0.007085585386255783,4.450801940493656,,,,,,,
167.4469812089607,,,,,0.10541454845121206,,,0.1762459857589319,0.010985094978708188,0.0070639332678704295,4.410801038951525,,,,,,,
167.67057498528212,,,,,0.10524424737926383,,,0.17597684067758937,0.010972244310184898,0.007042347313987382,4.371159639392538,,,,,,,
167.89446732880626,,,,,0.10507422143494786,,,0.17570810660745106,0.01095940867472977,0.00702082732242128,4.331874510847647,,,,,,,
168.1186586382133,,,,,0.10490447017378525,,,0.17543978292086196,0.010946588054756701,0.006999373091604599,4.292942451385587,,,,,,,
168.3431493127158,,,,,0.1047349931520151,,,0.1751718689911255,0.010933782432700146,0.006977984420585738,4.254360287851962,,,,,,,
168.56793975205912,,,,,0.1045657899265938,,,0.17490436419250255,0.010920991791015145,0.006956661109027219,4.21612487561067,,,,,,,
168.79303035652228,,,,,0.10439686005519336,,,0.17463726790020967,0.010908216112177247,0.006935402957203728,4.178233098287549,,,,,,,
169.01842152691924,,,,,0.10422820309620023,,,0.17437057949041693,0.01089545537868249,0.0069142097660002694,4.140681867516313,,,,,,,
169.2441136645991,,,,,0.1040598186087143,,,0.17410429834024713,0.010882709573047386,0.006893081336910275,4.103468122686896,,,,,,,
169.47010717144659,,,,,0.10389170615254793,,,0.17383842382777476,0.010869978677808926,0.0068720174720338315,4.0665888306960545,,,,,,,
169.69640244988327,,,,,0.10372386528822458,,,0.1735729553320237,0.01085726267552451,0.006851017974075722,4.030040985700068,,,,,,,
169.9229999028678,,,,,0.10355629557697775,,,0.17330789223296642,0.010844561548771964,0.006830082646343668,3.9938216088698026,,,,,,,
170.14989993389736,,,,,0.10338899658074958,,,0.17304323391152182,0.010831875280149464,0.006809211292746386,3.9579277481478417,,,,,,,
170.37710294700784,,,,,0.10322196786218993,,,0.17277897974955414,0.010819203852275552,0.0067884037177918365,3.922356478007933,,,,,,,
170.6046093467744,,,,,0.10305520898465537,,,0.17251512912987205,0.01080654724778911,0.0067676597265853644,3.8871048992166,,,,,,,
170.8324195383123,,,,,0.10288871951220797,,,0.1722516814362267,0.010793905449349345,0.0067469791248279,3.8521701385967795,,,,,,,
171.06053392727821,,,,,0.10272249900961386,,,0.1719886360533099,0.010781278439635724,0.006726361718814058,3.817549348793598,,,,,,,
171.28895291987044,,,,,0.10255654704234214,,,0.17172599236675312,0.010768666201347971,0.006705807315430405,3.7832397080423448,,,,,,,
171.51767692282934,,,,,0.10239086317656432,,,0.17146374976312645,0.010756068717206076,0.006685315722153623,3.7492384199385436,,,,,,,
171.74670634343838,,,,,0.10222544697915276,,,0.17120190762993662,0.01074348596995024,0.006664886747048734,3.715542713209975,,,,,,,
171.9760415895253,,,,,0.10206029801767919,,,0.17094046535562551,0.010730917942340835,0.00664452019876722,3.6821498414907508,,,,,,,
172.2056830694623,,,,,0.10189541586041405,,,0.17067942232956873,0.010718364617158407,0.006624215886545311,3.649057083097528,,,,,,,
172.43563119216668,,,,,0.1017308000763255,,,0.17041877794207488,0.010705825977203645,0.006603973620202177,3.616261740807728,,,,,,,
172.6658863671018,,,,,0.10156645023507785,,,0.17015853158438335,0.010693302005297372,0.00658379321013815,3.5837611416396196,,,,,,,
172.89644900427766,,,,,0.10140236590703086,,,0.16989868264866342,0.010680792684280509,0.006563674467332931,3.551552636634513,,,,,,,
173.12731951425215,,,,,0.10123854666323802,,,0.16963923052801216,0.010668297997014027,0.006543617203343827,3.519633600640778,,,,,,,
173.35849830813132,,,,,0.1010749920754459,,,0.1693801746164534,0.010655817926378949,0.006523621230303962,3.4880014320999346,,,,,,,
173.58998579756988,,,,,0.10091170171609318,,,0.16912151430893688,0.010643352455276351,0.006503686360920596,3.456653552834662,,,,,,,
173.82178239477216,,,,,0.10074867515830915,,,0.1688632490013362,0.010630901566627297,0.006483812408473292,3.425587407838609,,,,,,,
174.0538885124933,,,,,0.10058591197591264,,,0.16860537809044715,0.010618465243372819,0.006463999186812191,3.3948004650681094,,,,,,,
174.28630456403963,,,,,0.10042341174341093,,,0.16834790097398666,0.010606043468473908,0.006444246510356247,3.364290215235849,,,,,,,
174.51903096326893,,,,,0.10026117403599888,,,0.16809081705059187,0.010593636224911504,0.00642455419409156,3.3340541716064003,,,,,,,
174.75206812459172,,,,,0.10009919842955775,,,0.1678341257198182,0.010581243495686458,0.006404922053569576,3.304089869793487,,,,,,,
174.9854164629723,,,,,0.09993748450065348,,,0.1675778263821374,0.010568865263819473,0.00638534990490536,3.2743948675590575,,,,,,,
175.21907639392845,,,,,0.09977603182653678,,,0.1673219184389376,0.010556501512351163,0.006365837564775919,3.244966744614396,,,,,,,
175.4530483335335,,,,,0.09961483998514056,,,0.1670664012925202,0.010544152224341935,0.006346384850418433,3.2158031024226674,,,,,,,
175.68733269841582,,,,,0.09945390855508023,,,0.16681127434610013,0.010531817382872037,0.006326991579628582,3.1869015640035885,,,,,,,
175.92192990576007,,,,,0.09929323711565176,,,0.16655653700380335,0.010519496971041523,0.00630765757075885,3.1582597737396227,,,,,,,
176.15684037330837,,,,,0.09913282524683065,,,0.16630218867066573,0.010507190971970188,0.006288382642716749,3.1298753971839406,,,,,,,
176.3920645193607,,,,,0.09897267252927096,,,0.16604822875263145,0.01049489936879758,0.006269166614963196,3.1017461208701973,,,,,,,
176.62760276277518,,,,,0.09881277854430441,,,0.1657946566565524,0.010482622144682983,0.006250009307510803,3.0738696521240167,,,,,,,
176.86345552296928,,,,,0.09865314287393911,,,0.1655414717901862,0.010470359282805394,0.006230910540922211,3.0462437188760805,,,,,,,
177.0996232199208,,,,,0.09849376510085824,,,0.16528867356219457,0.010458110766363453,0.006211870136308337,3.0188660694769056,,,,,,,
177.33610627416846,,,,,0.09833464480841915,,,0.1650362613821422,0.01044587657857547,0.006192887915326754,2.9917344725133637,,,,,,,
177.57290510681207,,,,,0.09817578158065254,,,0.16478423466049577,0.01043365670267939,0.006173963700180046,2.9648467166268526,,,,,,,
177.8100201395138,,,,,0.09801717500226108,,,0.16453259280862237,0.010421451121932778,0.006155097313614112,2.938200610333016,,,,,,,
178.04745179449938,,,,,0.09785882465861805,,,0.1642813352387873,0.010409259819612751,0.006136288578916446,2.911793981843067,,,,,,,
178.2852004945576,,,,,0.09770073013576713,,,0.16403046136415422,0.010397082779016032,0.0061175373199146175,2.885624678886921,,,,,,,
178.52326666304265,,,,,0.09754289102042009,,,0.16377997059878213,0.010384919983458842,0.006098843360974466,2.859690568537608,,,,,,,
178.7616507238733,,,,,0.09738530689995693,,,0.16352986235762548,0.010372771416276952,0.006080206526998596,2.833989537037576,,,,,,,
179.00035310153453,,,,,0.09722797736242415,,,0.16328013605653205,0.010360637060825616,0.006061626643424651,2.808519489626343,,,,,,,
179.2393742210784,,,,,0.09707090199653355,,,0.16303079111224136,0.010348516900479554,0.0060431035362237,2.783278350369728,,,,,,,
179.47871450812465,,,,,0.09691408039166144,,,0.16278182694238355,0.010336410918632924,0.0060246370318985856,2.758264061990692,,,,,,,
179.71837438886092,,,,,0.09675751213784765,,,0.16253324296547855,0.010324319098699339,0.006006226957482372,2.7334745857016958,,,,,,,
179.95835429004393,,,,,0.09660119682579438,,,0.16228503860093427,0.010312241424111808,0.00598787314053665,2.7089079010384913,,,,,,,
180.1986546390007,,,,,0.0964451340468648,,,0.16203721326904483,0.010300177878322705,0.0059695754091499496,2.6845620056954065,,,,,,,
180.43927586362878,,,,,0.09628932339308233,,,0.16178976639098958,0.010288128444803759,0.0059513335919361,2.6604349153621856,,,,,,,
180.68021839239677,,,,,0.09613376445712954,,,0.16154269738883226,0.01027609310704606,0.0059331475180327015,2.636524663562294,,,,,,,
180.92148265434557,,,,,0.09597845683234715,,,0.16129600568551894,0.010264071848559986,0.005915017017099441,2.612829301492587,,,,,,,
181.16306907908884,,,,,0.0958234001127328,,,0.161049690704877,0.01025206465287523,0.005896941919316566,2.5893468978645053,,,,,,,
181.40497809681423,,,,,0.09566859389293988,,,0.16080375187161355,0.010240071503540728,0.005878922055383215,2.5660755387466176,,,,,,,
181.64721013828384,,,,,0.09551403776827663,,,0.16055818861131402,0.01022809238412466,0.00586095725651588,2.543013327408657,,,,,,,
181.88976563483465,,,,,0.09535973133470531,,,0.1603130003504415,0.010216127278214448,0.005843047354446852,2.520158384166964,,,,,,,
182.1326450183795,,,,,0.09520567418884086,,,0.16006818651633484,0.010204176169416716,0.005825192181422618,2.4975088462312502,,,,,,,
182.37584872140846,,,,,0.09505186592794977,,,0.15982374653720707,0.010192239041357241,0.005807391570202249,2.4750628675527335,,,,,,,
182.61937717698902,,,,,0.09489830614994912,,,0.15957967984214455,0.010180315877680965,0.00578964535405587,2.452818618673715,,,,,,,
182.8632308187666,,,,,0.09474499445340578,,,0.15933598586110556,0.010168406662051967,0.005771953366763135,2.4307742865784996,,,,,,,
183.1074100809657,,,,,0.09459193043753517,,,0.15909266402491917,0.010156511378153446,0.005754315442611634,2.4089280745455937,,,,,,,
183.35191539839104,,,,,0.09443911370219993,,,0.15884971376528303,0.01014463000968767,0.005736731416395304,2.387278202001229,,,,,,,
183.59674720642784,,,,,0.09428654384790922,,,0.15860713451476285,0.010132762540375971,0.00571920112341292,2.365822904374273,,,,,,,
183.84190594104237,,,,,0.09413422047581768,,,0.15836492570679106,0.010120908953958742,0.005701724399466585,2.3445604329524383,,,,,,,
184.08739203878332,,,,,0.09398214318772437,,,0.15812308677566522,0.010109069234195394,0.005684301080860146,2.323489054739706,,,,,,,
184.33320593678198,,,,,0.09383031158607162,,,0.15788161715654694,0.01009724336486433,0.005666931004397666,2.302607052315109,,,,,,,
184.5793480727538,,,,,0.09367872527394387,,,0.15764051628546,0.010085431329762926,0.005649614007381904,2.2819127236927064,,,,,,,
184.82581888499874,,,,,0.09352738385506679,,,0.1573997835992894,0.010073633112707507,0.005632349927612763,2.261404382182897,,,,,,,
185.07261881240157,,,,,0.09337628693380642,,,0.15715941853578053,0.010061848697533349,0.005615138603385844,2.241080356254975,,,,,,,
185.3197482944332,,,,,0.09322543411516802,,,0.15691942053353733,0.01005007806809464,0.005597979873490862,2.22093898940086,,,,,,,
185.56720777115166,,,,,0.09307482500479472,,,0.15667978903202073,0.010038321208264435,0.005580873577210157,2.200978640000055,,,,,,,
185.81499768320265,,,,,0.0929244592089668,,,0.15644052347154755,0.010026578101934651,0.005563819554317167,2.1811976811858758,,,,,,,
186.0631184718199,,,,,0.09277433633460071,,,0.15620162329328982,0.010014848733016082,0.005546817645074996,2.161594500712884,,,,,,,
186.3115705788263,,,,,0.09262445598924816,,,0.15596308793927285,0.010003133085438322,0.005529867690234854,2.14216750082545,,,,,,,
186.56035444663502,,,,,0.09247481778109438,,,0.15572491685237372,0.00999143114314976,0.0055129695310345605,2.1229150981274993,,,,,,,
186.80947051825015,,,,,0.09232542131895782,,,0.15548710947632022,0.009979742890117552,0.005496123009197097,2.1038357234534866,,,,,,,
187.0589192372668,,,,,0.09217626621228893,,,0.15524966525569012,0.009968068310327656,0.0054793279669291105,2.0849278217405325,,,,,,,
187.3087010478727,,,,,0.09202735207116922,,,0.155012583635909,0.009956407387784723,0.005462584246919434,2.066189851901632,,,,,,,
187.55881639484846,,,,,0.09187867850631,,,0.15477586406324972,0.009944760106512126,0.005445891692337625,2.0476202867000772,,,,,,,
187.809265723569,,,,,0.09173024512905145,,,0.15453950598483018,0.009933126450551938,0.005429250146832449,2.0292176126249393,,,,,,,
188.06004948000404,,,,,0.09158205155136157,,,0.1543035088486128,0.009921506403964863,0.00541265945453045,2.010980329767737,,,,,,,
188.31116811071828,,,,,0.09143409738583544,,,0.15406787210340314,0.00990989995083031,0.005396119460034523,1.9929069517002158,,,,,,,
188.56262206287283,,,,,0.09128638224569403,,,0.1538325951988487,0.009898307075246278,0.005379630008422424,1.974996005353166,,,,,,,
188.81441178422625,,,,,0.09113890574478295,,,0.15359767758543694,0.009886727761329355,0.0053631909452452895,1.957246030896336,,,,,,,
189.06653772313499,,,,,0.0909916674975717,,,0.15336311871449446,0.009875161993214737,0.005346802116526218,1.9396555816194745,,,,,,,
189.31900032855384,,,,,0.0908446671191527,,,0.15312891803818618,0.009863609755056155,0.005330463368758864,1.9222232238144452,,,,,,,
189.571800050037,,,,,0.09069790422524043,,,0.15289507500951363,0.009852071031025927,0.005314174548905967,1.9049475366583435,,,,,,,
189.8249373377395,,,,,0.09055137843216973,,,0.1526615890823132,0.00984054580531482,0.005297935504397886,1.8878271120976666,,,,,,,
190.07841264241733,,,,,0.09040508935689538,,,0.1524284597112554,0.009829034062132133,0.005281746083131197,1.870860554733578,,,,,,,
190.33222641542804,,,,,0.09025903661699129,,,0.15219568635184386,0.009817535785705633,0.005265606133467312,1.8540464817082,,,,,,,
190.5863791087321,,,,,0.09011321983064893,,,0.15196326846041353,0.009806050960281525,0.005249515504231005,1.8373835225918667,,,,,,,
190.84087117489324,,,,,0.08996763861667678,,,0.15173120549412977,0.009794579570124485,0.005233474044709013,1.8208703192714508,,,,,,,
191.09570306707997,,,,,0.08982229259449892,,,0.15149949691098652,0.009783121599517533,0.005217481604648599,1.8045055258396339,,,,,,,
191.35087523906583,,,,,0.08967718138415429,,,0.15126814216980544,0.009771677032762119,0.005201538034256188,1.7882878084852338,,,,,,,
191.60638814522994,,,,,0.08953230460629584,,,0.151037140730235,0.009760245854178035,0.005185643184195938,1.7722158453845174,,,,,,,
191.86224224055823,,,,,0.08938766188218938,,,0.1508064920527488,0.009748828048103458,0.005169796905588373,1.7562883265934404,,,,,,,
192.11843798064442,,,,,0.0892432528337124,,,0.150576195598644,0.009737423598894825,0.00515399905000892,1.7405039539408547,,,,,,,
192.37497582169073,,,,,0.08909907708335323,,,0.15034625083004038,0.009726032490926914,0.00513824946948658,1.7248614409227276,,,,,,,
192.63185622050804,,,,,0.08895513425421027,,,0.15011665720987966,0.009714654708592774,0.005122548016502525,1.7093595125973091,,,,,,,
192.88907963451732,,,,,0.08881142396999091,,,0.14988741420192336,0.009703290236303707,0.005106894543988737,1.6939969054811916,,,,,,,
193.14664652175065,,,,,0.08866794585501021,,,0.1496585212707519,0.009691939058489264,0.005091288905326564,1.678772367446309,,,,,,,
193.40455734085182,,,,,0.08852469953419002,,,0.1494299778817631,0.009680601159597171,0.005075730954345413,1.6636846576179045,,,,,,,
193.66281255107654,,,,,0.08838168463305858,,,0.1492017835011716,0.009669276524093405,0.005060220545321359,1.648732546273416,,,,,,,
193.92141261229403,,,,,0.08823890077774886,,,0.14897393759600697,0.009657965136462079,0.005044757532975785,1.6339148147422138,,,,,,,
194.1803579849874,,,,,0.08809634759499793,,,0.14874643963411294,0.009646666981205462,0.005029341772474025,1.619230255306295,,,,,,,
194.43964913025502,,,,,0.08795402471214572,,,0.14851928908414544,0.009635382042843968,0.005013973119423972,1.6046776711018151,,,,,,,
194.69928650981097,,,,,0.0878119317571342,,,0.14829248541557188,0.009624110305916075,0.004998651429874746,1.5902558760215606,,,,,,,
194.95927058598545,,,,,0.08767006835850656,,,0.14806602809867017,0.009612851754978412,0.004983376560315386,1.575963694618297,,,,,,,
195.219601821726,,,,,0.08752843414540626,,,0.14783991660452722,0.00960160637460563,0.004968148367673472,1.561799962008942,,,,,,,
195.48028068059884,,,,,0.08738702874757542,,,0.1476141504050372,0.009590374149390447,0.004952966709313753,1.5477635237796001,,,,,,,
195.74130762678908,,,,,0.08724585179535452,,,0.14738872897290076,0.009579155063943568,0.004937831443036842,1.5338532358914938,,,,,,,
196.00268312510127,,,,,0.08710490291968144,,,0.14716365178162422,0.009567949102893757,0.00492274242707792,1.5200679645877413,,,,,,,
196.2644076409607,,,,,0.08696418175209021,,,0.14693891830551786,0.009556756250887729,0.004907699520105354,1.5064065863009262,,,,,,,
196.52648164041452,,,,,0.08682368792470999,,,0.14671452801969437,0.00954557649259014,0.004892702581219391,1.492867987561502,,,,,,,
196.78890559013212,,,,,0.0866834210702642,,,0.14649048040006798,0.009534409812683622,0.0048777514699508175,1.4794510649070596,,,,,,,
197.0516799574057,,,,,0.08654338082206985,,,0.14626677492335366,0.009523256195868697,0.004862846046259709,1.4661547247924096,,,,,,,
197.31480521015166,,,,,0.0864035668140362,,,0.14604341106706534,0.009512115626863821,0.004847986170534043,1.4529778835004232,,,,,,,
197.57828181691102,,,,,0.08626397868066409,,,0.14582038830951485,0.009500988090405291,0.004833171703588451,1.4399194670537225,,,,,,,
197.84211024685075,,,,,0.08612461605704459,,,0.14559770612981054,0.009489873571247283,0.004818402506662852,1.426978411127118,,,,,,,
198.1062909697644,,,,,0.08598547857885837,,,0.14537536400785608,0.009478772054161783,0.004803678441421202,1.4141536609608794,,,,,,,
198.37082445607243,,,,,0.08584656588237473,,,0.14515336142434984,0.009467683523938602,0.004788999369950188,1.401444171274788,,,,,,,
198.6357111768234,,,,,0.0857078776044508,,,0.144931697860783,0.009456607965385378,0.004774365154757951,1.3888489061829214,,,,,,,
198.90095160369535,,,,,0.08556941338252995,,,0.14471037279943846,0.009445545363327465,0.004759775658772739,1.3763668391092032,,,,,,,
199.1665462089961,,,,,0.08543117285464141,,,0.14448938572338965,0.009434495702608004,0.0047452307453416855,1.3639969527037539,,,,,,,
199.43249546566375,,,,,0.08529315565939942,,,0.14426873611649962,0.00942345896808785,0.0047307302782295035,1.3517382387599883,,,,,,,
199.69879984726794,,,,,0.08515536143600193,,,0.14404842346341973,0.009412435144645607,0.004716274121617238,1.3395896981324238,,,,,,,
199.96545982801103,,,,,0.08501778982422967,,,0.14382844724958793,0.009401424217177504,0.004701862140100927,1.3275503406552267,,,,,,,
200.2324758827287,,,,,0.08486595928115001,,1.0084671160930658,0.14361160552172975,0.009381350625067321,0.004696031892769106,1.3178457360223617,,,,,,,
200.4998484868901,,,,,0.08471225096074618,,1.0044241999723809,0.1433955061652869,0.009359974220083065,0.004691477963495015,1.3085410042338934,,,,,,,
200.76757811659965,,,,,0.08455882103521309,,1.0003974917879768,0.1431797319840392,0.009338646523510668,0.00468692845034762,1.299301969082967,,,,,,,
201.03566524859724,,,,,0.084405669000325,,0.9963869265626988,0.14296428248867996,0.009317367424362843,0.004682383349044438,1.2901281667143933,,,,,,,
201.30411036025976,,,,,0.08425279435276925,,0.9923924395798777,0.14274915719063835,0.009296136811905185,0.004677842655307123,1.2810191365480486,,,,,,,
201.57291392960153,,,,,0.08410019659014469,,0.9884139663822914,0.14253435560207878,0.009274954575655601,0.004673306364861477,1.271974421255763,,,,,,,
201.84207643527483,,,,,0.08394787521096043,,0.9844514427711316,0.1423198772359,0.00925382060538377,0.004668774473437457,1.262993566738375,,,,,,,
202.11159835657102,,,,,0.08379582971463381,,0.9805048048049606,0.14210572160573384,0.009232734791110536,0.004664246976769163,1.254076122102918,,,,,,,
202.3814801734219,,,,,0.08364405960148871,,0.9765739887986744,0.14189188822594354,0.009211697023107335,0.0046597238705948195,1.2452216396399698,,,,,,,
202.65172236640015,,,,,0.08349256437275387,,0.9726589313224806,0.14167837661162314,0.009190707191895596,0.004655205150656784,1.2364296748011885,,,,,,,
202.9223254167197,,,,,0.0833413435305617,,0.9687595692008814,0.14146518627859667,0.009169765188246278,0.004650690812701559,1.2276997861770067,,,,,,,
203.19328980623706,,,,,0.08319039657794632,,0.9648758395116471,0.14125231674341676,0.009148870903179196,0.004646180852479755,1.2190315354744568,,,,,,,
203.46461601745287,,,,,0.08303972301884166,,0.9610076795847934,0.14103976752336295,0.009128024227962465,0.004641675265746106,1.2104244874951462,,,,,,,
203.73630453351112,,,,,0.08288932235808054,,0.9571550270015893,0.1408275381364419,0.009107225054112,0.004637174048259476,1.2018782101134535,,,,,,,
204.00835583820185,,,,,0.08273919410139212,,0.9533178195935272,0.14061562810138478,0.009086473273390865,0.004632677195782821,1.1933922742547816,,,,,,,
204.28077041596043,,,,,0.08258933775540118,,0.9494959954413402,0.14040403693764755,0.009065768777808788,0.004628184704083224,1.1849662538740604,,,,,,,
204.55354875186916,,,,,0.0824397528276261,,0.9456894928739938,0.14019276416540913,0.009045111459621556,0.004623696568931868,1.1765997259343377,,,,,,,
204.82669133165845,,,,,0.08229043882647694,,0.9418982504676854,0.13998180930557028,0.009024501211330463,0.004619212786104031,1.1682922703855267,,,,,,,
205.10019864170732,,,,,0.0821413952612542,,0.9381222070448583,0.1397711718797526,0.009003937925681705,0.004614733351379091,1.1600434701433309,,,,,,,
205.37407116904387,,,,,0.08199262164214735,,0.9343613016732207,0.13956085141029786,0.008983421495665948,0.004610258260540514,1.151852911068316,,,,,,,
205.6483094013465,,,,,0.08184411748023297,,0.9306154736647572,0.13935084742026657,0.008962951814517645,0.004605787509375872,1.1437201819451046,,,,,,,
205.92291382694523,,,,,0.08169588228747289,,0.9268846625747424,0.13914115943343666,0.008942528775714534,0.0046013210936768035,1.1356448744617191,,,,,,,
206.19788493482218,,,,,0.08154791557671301,,0.9231688082007729,0.13893178697430258,0.008922152272977033,0.0045968590092390306,1.1276265831890935,,,,,,,
206.47322321461198,,,,,0.08140021686168168,,0.9194678505817998,0.13872272956807463,0.008901822200267806,0.004592401251862361,1.1196649055607315,,,,,,,
206.74892915660303,,,,,0.08125278565698803,,0.9157817299971572,0.1385139867406776,0.008881538451791095,0.004587947817350677,1.1117594418524825,,,,,,,
207.02500325173912,,,,,0.08110562147811991,,0.9121103869655888,0.13830555801874908,0.008861300921992195,0.004583498701511914,1.1039097951624552,,,,,,,
207.30144599161875,,,,,0.08095872384144326,,0.9084537622443082,0.13809744292963966,0.008841109505556957,0.004579053900158091,1.0961155713911326,,,,,,,
207.57825786849764,,,,,0.08081209226419943,,0.9048117968280205,0.13788964100141052,0.008820964097411137,0.0045746134091052765,1.088376379221538,,,,,,,
207.85543937528826,,,,,0.08066572626450459,,0.9011844319479897,0.13768215176283335,0.008800864592719988,0.004570177224173595,1.08069183009963,,,,,,,
208.13299100556125,,,,,0.08051962536134762,,0.8975716090710822,0.13747497474338913,0.008780810886887608,0.0045657453411872394,1.073061538214778,,,,,,,
208.41091325354668,,,,,0.08037378907458836,,0.8939732698988162,0.13726810947326634,0.008760802875556428,0.004561317755974436,1.0654851204803788,,,,,,,
208.6892066141347,,,,,0.08022821692495631,,0.8903893563664271,0.13706155548336044,0.008740840454606632,0.004556894464367458,1.0579621965146369,,,,,,,
208.96787158287572,,,,,0.08008290843404922,,0.8868198106419359,0.1368553123052732,0.008720923520155724,0.00455247546220263,1.0504923886214765,,,,,,,
209.246908655982,,,,,0.07993786312433132,,0.88326457512521,0.13664937947131112,0.00870105196855788,0.004548060745320313,1.0430753217715696,,,,,,,
209.52631833032873,,,,,0.07979308051913159,,0.8797235924470288,0.13644375651448418,0.008681225696403441,0.0045436503095648935,1.0357106235834936,,,,,,,
209.80610110345464,,,,,0.07964856014264225,,0.8761968054681634,0.136238442968505,0.008661444600518355,0.004539244150784788,1.0283979243050494,,,,,,,
210.08625747356234,,,,,0.07950430151991758,,0.8726841572784599,0.13603343836778825,0.008641708577963697,0.004534842264832451,1.0211368567947066,,,,,,,
210.36678793951998,,,,,0.07936030417687197,,0.8691855911959127,0.13582874224744904,0.00862201752603511,0.004530444647564342,1.0139270565031546,,,,,,,
210.64769300086158,,,,,0.0792165676402785,,0.8657010507657555,0.13562435414330198,0.00860237134226224,0.0045260512948409595,1.0067681614550126,,,,,,,
210.92897315778868,,,,,0.07907309143776729,,0.8622304797595424,0.13542027359186015,0.008582769924408222,0.004521662202526797,0.9996598122306372,,,,,,,
211.21062891117066,,,,,0.07892987509782386,,0.8587738221742452,0.13521650013033384,0.008563213170469115,0.0045172773664903625,0.9926016519480904,,,,,,,
211.4926607625454,,,,,0.07878691814978801,,0.8553310222313565,0.13501303329663006,0.008543700978673472,0.004512896782604178,0.9855933262452322,,,,,,,
211.77506921412038,,,,,0.07864422012385201,,0.8519020243759825,0.13480987262935124,0.008524233247481715,0.004508520446744769,0.9786344832619185,,,,,,,
212.05785476877418,,,,,0.07850178055105876,,0.8484867732759424,0.13460701766779368,0.008504809875585627,0.0045041483547926505,0.9717247736223246,,,,,,,
212.34101793005686,,,,,0.07835959896330064,,0.8450852138208806,0.13440446795194708,0.008485430761907812,0.004499780502632335,0.964863850417416,,,,,,,
212.62455920219043,,,,,0.07821767489331796,,0.8416972911213827,0.13420222302249346,0.00846609580560122,0.004495416886152325,0.9580513691875412,,,,,,,
212.90847909007024,,,,,0.07807600787469744,,0.8383229505080843,0.13400028242080614,0.008446804906048619,0.004491057501245119,0.9512869879051277,,,,,,,
213.1927780992662,,,,,0.0779345974418702,,0.8349621375307834,0.13379864568894817,0.008427557962861978,0.00448670234380719,0.9445703669574995,,,,,,,
213.47745673602338,,,,,0.07779344313011075,,0.8316147979575681,0.13359731236967176,0.008408354875882042,0.004482351409738986,0.937901169129837,,,,,,,
213.76251550726235,,,,,0.07765254447553543,,0.8282808777739451,0.13339628200641732,0.008389195545177782,0.0044780046949449434,0.9312790595882573,,,,,,,
214.04795492058082,,,,,0.07751190101510069,,0.8249603231819614,0.1331955541433123,0.008370079871045885,0.004473662195333463,0.9247037058629873,,,,,,,
214.33377548425412,,,,,0.07737151228660172,,0.8216530805993412,0.13299512832517016,0.00835100775401021,0.004469323906816919,0.9181747778316831,,,,,,,
214.61997770723661,,,,,0.07723137782867064,,0.8183590966586131,0.13279500409748904,0.008331979094821284,0.004464989825311641,0.9116919477028396,,,,,,,
214.90656209916244,,,,,0.0770914971807752,,0.8150783182062546,0.13259518100645096,0.008312993794455745,0.004460659946737921,0.9052548899993443,,,,,,,
215.19352917034564,,,,,0.07695186988321742,,0.8118106923018392,0.1323956585989211,0.008294051754115937,0.004456334267020005,0.898863281542146,,,,,,,
215.48087943178183,,,,,0.07681249547713212,,0.808556166217177,0.13219643642244663,0.008275152875229301,0.004452012782086104,0.8925168014340192,,,,,,,
215.76861339514934,,,,,0.07667337350448475,,0.805314687435459,0.13199751402525509,0.00825629705944785,0.004447695487868365,0.8862151310434433,,,,,,,
216.05673157280972,,,,,0.07653450350807048,,0.8020862036504144,0.13179889095625388,0.008237484208647722,0.004443382380302879,0.8799579539886158,,,,,,,
216.3452344778083,,,,,0.07639588503151275,,0.798870662765472,0.13160056676502954,0.008218714224928635,0.004439073455329686,0.8737449561215768,,,,,,,
216.63412262387547,,,,,0.07625751761926154,,0.7956680128929141,0.13140254100184623,0.008199987010613422,0.004434768708892764,0.8675758255124277,,,,,,,
216.92339652542805,,,,,0.07611940081659184,,0.7924782023530346,0.1312048132176447,0.008181302468247414,0.004430468136940017,0.8614502524336611,,,,,,,
217.2130566975697,,,,,0.07598153416960209,,0.7893011796733096,0.13100738296404135,0.008162660500598037,0.004426171735423276,0.8553679293446198,,,,,,,
217.50310365609158,,,,,0.07584391722521308,,0.7861368935875724,0.13081024979332762,0.008144061010654274,0.004421879500298311,0.8493285508760658,,,,,,,
217.79353791747374,,,,,0.07570654953116616,,0.7829852930351782,0.13061341325846837,0.008125503901626169,0.004417591427524797,0.843331813814835,,,,,,,
218.08435999888567,,,,,0.07556943063602183,,0.7798463271601852,0.13041687291310144,0.00810698907694431,0.004413307513066346,0.8373774170886235,,,,,,,
218.37557041818792,,,,,0.07543256008915812,,0.7767199453105271,0.13022062831153594,0.008088516440259293,0.00440902775289047,0.8314650617508574,,,,,,,
218.6671696939325,,,,,0.07529593744076912,,0.7736060970372002,0.13002467900875173,0.008070085895441278,0.00440475214296859,0.8255944509656944,,,,,,,
218.95915834536342,,,,,0.0751595622418639,,0.770504732093454,0.12982902456039846,0.008051697346579473,0.004400480679276043,0.8197652899931289,,,,,,,
219.25153689241804,,,,,0.07502343404426468,,0.7674158004339762,0.12963366452279454,0.008033350697981658,0.004396213357792072,0.8139772861741852,,,,,,,
219.54430585572854,,,,,0.07488755240060518,,0.7643392522140794,0.12943859845292566,0.008015045854173595,0.0043919501744998065,0.8082301489162157,,,,,,,
219.8374657566221,,,,,0.07475191686432951,,0.7612750377889029,0.12924382590844413,0.00799678271989862,0.004387691125386277,0.8025235896783206,,,,,,,
220.1310171171218,,,,,0.07461652698969067,,0.758223107712615,0.12904934644766822,0.007978561200117133,0.0043834362064424015,0.7968573219568694,,,,,,,
220.4249604599476,,,,,0.07448138233174903,,0.7551834127376111,0.1288551596295808,0.007960381200006113,0.004379185413662999,0.7912310612711086,,,,,,,
220.7192963085181,,,,,0.07434648244637058,,0.7521559038137142,0.12866126501382802,0.007942242624958547,0.004374938743046758,0.78564452514887,,,,,,,
221.01402518695062,,,,,0.07421182689022582,,0.749140532087388,0.12846766216071873,0.00792414538058302,0.004370696190596248,0.7800974331123975,,,,,,,
221.30914762006202,,,,,0.07407741522078833,,0.7461372489009532,0.12827435063122364,0.00790608937270321,0.004366457752317926,0.7745895066642747,,,,,,,
221.60466413337016,,,,,0.07394324699633309,,0.743146005791796,0.128081329986974,0.007888074507357368,0.004362223424222113,0.7691204692734289,,,,,,,
221.9005752530944,,,,,0.07380932177593529,,0.7401667544915893,0.1278885997902607,0.007870100690797889,0.004357993202323007,0.7636900463612565,,,,,,,
222.19688150615715,,,,,0.07367563911946842,,0.7371994469255083,0.1276961596040332,0.007852167829490716,0.004353767082638661,0.7582979652878247,,,,,,,
222.49358342018454,,,,,0.07354219858760319,,0.734244035211459,0.12750400899189843,0.007834275830114949,0.004349545061190994,0.7529439553381923,,,,,,,
222.7906815235067,,,,,0.07340899974180617,,0.7313004716593091,0.12731214751812037,0.007816424599562334,0.0043453271340057765,0.7476277477088257,,,,,,,
223.0881763451593,,,,,0.07327604214433832,,0.7283687087701157,0.1271205747476186,0.007798614044936805,0.004341113297112649,0.7423490754940955,,,,,,,
223.38606841488487,,,,,0.07314332535825309,,0.7254486992353525,0.12692929024596716,0.007780844073553903,0.004336903546545089,0.7371076736728678,,,,,,,
223.6843582631333,,,,,0.07301084894739536,,0.7225403959361522,0.12673829357939376,0.007763114592940395,0.004332697878340417,0.7319032790952074,,,,,,,
223.9830464210624,,,,,0.07287861247640019,,0.7196437519425499,0.12654758431477917,0.007745425510833766,0.0043284962885398095,0.7267356304691729,,,,,,,
224.2821334205391,,,,,0.07274661551069113,,0.716758720512722,0.12635716201965577,0.00772777673518173,0.004324298773188279,0.7216044683476913,,,,,,,
224.5816197941412,,,,,0.07261485761647873,,0.7138852550922267,0.12616702626220652,0.007710168174141735,0.0043201053283346644,0.716509535115524,,,,,,,
224.88150607515746,,,,,0.0724833383607591,,0.7110233093132576,0.1259771766112642,0.0076925997360805035,0.004315915950031639,0.7114505749763405,,,,,,,
225.1817927975884,,,,,0.07235205731131285,,0.7081728369939004,0.12578761263631047,0.007675071329573571,0.004311730634335716,0.7064273339398843,,,,,,,
225.4824804961478,,,,,0.07222101403670332,,0.7053337921373802,0.12559833390747488,0.007657582863404775,0.004307549377307212,0.7014395598092088,,,,,,,
225.78356970626322,,,,,0.07209020810627534,,0.7025061289313241,0.12540933999553386,0.0076401342465658405,0.004303372175010286,0.6964870021680236,,,,,,,
226.08506096407763,,,,,0.07195963909015361,,0.6996898017470154,0.12522063047190948,0.007622725388255799,0.004299199023512898,0.6915694123681102,,,,,,,
226.38695480644995,,,,,0.07182930655924133,,0.6968847651386619,0.12503220490866868,0.007605356197880616,0.004295029918886823,0.6866865435168469,,,,,,,
226.68925177095545,,,,,0.07169921008521911,,0.694090973842666,0.12484406287852258,0.0075880265850526915,0.004290864857207653,0.6818381504648195,,,,,,,
226.99195239588732,,,,,0.07156934924054335,,0.6913083827768913,0.12465620395482538,0.007570736459590382,0.004286703834554784,0.6770239897935072,,,,,,,
227.29505722025795,,,,,0.07143972359844455,,0.6885369470399295,0.12446862771157288,0.00755348573151752,0.004282546847011408,0.6722438198030528,,,,,,,
227.59856678379944,,,,,0.07131033273292625,,0.685776621910381,0.12428133372340192,0.007536274311062955,0.004278393890664514,0.6674974005001363,,,,,,,
227.9024816269642,,,,,0.07118117621876371,,0.6830273628461376,0.12409432156558975,0.0075191021086601076,0.004274244961604898,0.6627844935859326,,,,,,,
228.20680229092628,,,,,0.07105225363150235,,0.6802891254836587,0.12390759081405268,0.007501969034946483,0.004270100055927137,0.6581048624441406,,,,,,,
228.51152931758287,,,,,0.07092356454745612,,0.6775618656372518,0.1237211410453449,0.007484875000763204,0.004265959169729595,0.6534582721290956,,,,,,,
228.8166632495547,,,,,0.07079510854370644,,0.6748455392983637,0.12353497183665771,0.007467819917154517,0.0042618222991144174,0.6488444893539818,,,,,,,
229.12220463018662,,,,,0.07066688519810084,,0.6721401026348742,0.12334908276581902,0.0074508036953674275,0.00425768944018754,0.6442632824791263,,,,,,,
229.4281540035493,,,,,0.07053889408925137,,0.669445511990383,0.12316347341129176,0.007433826246851134,0.004253560589058668,0.6397144215003595,,,,,,,
229.73451191443962,,,,,0.07041113479653341,,0.6667617238835092,0.12297814335217339,0.007416887483256624,0.004249435741841284,0.6351976780374733,,,,,,,
230.04127890838242,,,,,0.07028360690008395,,0.6640886950071829,0.12279309216819435,0.007399987316436183,0.0042453148946526315,0.6307128253227458,,,,,,,
230.348455531631,,,,,0.07015630998080041,,0.6614263822279516,0.12260831943971763,0.007383125658442948,0.004241198043613723,0.6262596381895625,,,,,,,
230.65604233116758,,,,,0.07002924362033949,,0.6587747425852873,0.12242382474773776,0.0073663024215304684,0.004237085184849328,0.6218378930611189,,,,,,,
230.96403985470477,,,,,0.06990240740111571,,0.6561337332908899,0.12223960767387992,0.007349517518152235,0.004232976314487989,0.6174473679391882,,,,,,,
231.27244865068707,,,,,0.06977580090629953,,0.6535033117279917,0.12205566780039846,0.007332770860961214,0.004228871428661987,0.6130878423929691,,,,,,,
231.58126926829127,,,,,0.06964942371981649,,0.6508834354506752,0.12187200471017644,0.00731606236280937,0.004224770523507356,0.6087590975480258,,,,,,,
231.89050225742704,,,,,0.06952327542634586,,0.6482740621831908,0.12168861798672471,0.007299391936747305,0.004220673595163883,0.6044609160753058,,,,,,,
232.2001481687383,,,,,0.06939735561131913,,0.6456751498192715,0.12150550721418096,0.007282759496023713,0.004216580639775101,0.6001930821802217,,,,,,,
232.5102075536048,,,,,0.06927166386091856,,0.643086656421449,0.12132267197730831,0.0072661649540849615,0.0042124916534882735,0.5959553815918108,,,,,,,
232.82068096414253,,,,,0.06914619976207577,,0.6405085402203813,0.12114011186149469,0.00724960822457461,0.004208406632454399,0.5917476015519838,,,,,,,
233.13156895320418,,,,,0.0690209629024708,,0.6379407596141822,0.12095782645275226,0.007233089221333049,0.004204325572828223,0.5875695308048495,,,,,,,
233.442872074381,,,,,0.06889595287053038,,0.6353832731677445,0.12077581533771592,0.007216607858396955,0.004200248470768202,0.5834209595860992,,,,,,,
233.75459088200316,,,,,0.06877116925542671,,0.632836039612075,0.12059407810364278,0.0072001640499988985,0.004196175322436536,0.5793016796124808,,,,,,,
234.06672593114158,,,,,0.06864661164707601,,0.6302990178436231,0.1204126143384107,0.00718375771056687,0.00419210612399913,0.5752114840713332,,,,,,,
234.37927777760828,,,,,0.06852227963613712,,0.6277721669236207,0.12023142363051768,0.007167388754723817,0.004188040871625612,0.5711501676102085,,,,,,,
234.69224697795704,,,,,0.06839817281401052,,0.6252554460774266,0.12005050556908128,0.007151057097287285,0.00418397956148933,0.5671175263265693,,,,,,,
235.00563408948483,,,,,0.06827429077283671,,0.6227488146938632,0.11986985974383718,0.007134762653268891,0.004179922189767344,0.5631133577575443,,,,,,,
235.3194396702332,,,,,0.06815063310549473,,0.6202522323245587,0.11968948574513831,0.007118505337873901,0.004175868752640413,0.559137460869758,,,,,,,
235.6336642789889,,,,,0.06802719940560102,,0.6177656586832975,0.11950938316395389,0.0071022850665007735,0.0041718192462929975,0.5551896360492435,,,,,,,
235.94830847528436,,,,,0.06790398926750822,,0.615289053645374,0.11932955159186898,0.007086101754740792,0.004167773666913274,0.5512696850914269,,,,,,,
236.26337281939914,,,,,0.06778100228630367,,0.6128223772469417,0.11914999062108309,0.007069955318377548,0.004163732010693101,0.5473774111911696,,,,,,,
236.57885787236168,,,,,0.06765823805780778,,0.6103655896843619,0.11897069984440911,0.0070538456733865145,0.004159694273828029,0.5435126189328795,,,,,,,
236.8947641959486,,,,,0.06753569617857341,,0.6079186513135756,0.11879167885527306,0.007037772735934652,0.004155660452517313,0.5396751142807198,,,,,,,
237.21109235268761,,,,,0.0674133762458838,,0.6054815226494478,0.1186129272477123,0.0070217364223799155,0.004151630542963874,0.5358647045688445,,,,,,,
237.52784290585694,,,,,0.06729127785775181,,0.6030541643651441,0.11843444461637541,0.007005736649270867,0.004147604541374331,0.5320811984917453,,,,,,,
237.8450164194868,,,,,0.06716940061291839,,0.6006365372914905,0.11825623055652093,0.006989773333346224,0.004143582443958979,0.5283244060946384,,,,,,,
238.16261345836122,,,,,0.06704774411085107,,0.5982286024163367,0.1180782846640162,0.006973846391534413,0.004139564246931781,0.5245941387639215,,,,,,,
238.48063458801826,,,,,0.06692630795174279,,0.5958303208839315,0.1179006065353366,0.0069579557409531236,0.004135549946510373,0.520890209217711,,,,,,,
238.79908037475073,,,,,0.06680509173651085,,0.5934416539942993,0.11772319576756508,0.006942101298908956,0.004131539538916059,0.5172124314964439,,,,,,,
239.1179513856076,,,,,0.06668409506679529,,0.5910625632026109,0.11754605195839084,0.006926282982896906,0.004127533020373819,0.5135606209535364,,,,,,,
239.43724818839553,,,,,0.0665633175449576,,0.5886930101185588,0.11736917470610816,0.00691050071059997,0.0041235303871122765,0.5099345942461075,,,,,,,
239.75697135167934,,,,,0.06644275877407935,,0.5863329565057416,0.1171925636096158,0.0068947543998886815,0.004119531635363719,0.5063341693257807,,,,,,,
240.0771214447826,,,,,0.06632241835796121,,0.5839823642810497,0.11701621826841636,0.006879043968820772,0.004115536761364091,0.5027591654295482,,,,,,,
240.39769903778912,,,,,0.06620229590112146,,0.5816411955140476,0.1168401382826151,0.006863369335640666,0.00411154576135299,0.4992094030706911,,,,,,,
240.71870470154462,,,,,0.06608239100879443,,0.5793094124263567,0.11666432325291856,0.006847730418779033,0.004107558631573645,0.4956847040297593,,,,,,,
241.0401390076562,,,,,0.06596270328692977,,0.576986977391058,0.11648877278063474,0.006832127136852486,0.0041035753682729485,0.49218489134564297,,,,,,,
241.3620025284951,,,,,0.06584323234219044,,0.5746738529320704,0.11631348646767094,0.006816559408662996,0.0040995959677014165,0.48870978930666664,,,,,,,
241.68429583719623,,,,,0.06572397778195214,,0.5723700017235588,0.116138463916534,0.006801027153197617,0.004095620426113202,0.4852592234417859,,,,,,,
242.0070195076597,,,,,0.06560493921430167,,0.5700753865893264,0.11596370473032871,0.006785530289627978,0.004091648739766106,0.48183302051182014,,,,,,,
242.33017411455248,,,,,0.06548611624803542,,0.5677899705022111,0.11578920851275706,0.0067700687373098796,0.00408768090492154,0.4784310085007492,,,,,,,
242.653760233309,,,,,0.06536750849265842,,0.5655137165834916,0.11561497486811718,0.006754642415782853,0.004083716917844547,0.47505301660708327,,,,,,,
242.97777844013143,,,,,0.06524911555838307,,0.563246588102296,0.11544100340130299,0.006739251244769822,0.004079756774803796,0.47169887523529175,,,,,,,
243.30222931199148,,,,,0.0651309370561278,,0.5609885484750051,0.11526729371780291,0.00672389514417661,0.004075800472071577,0.468368415987284,,,,,,,
243.62711342663167,,,,,0.06501297259751546,,0.5587395612646595,0.11509384542369869,0.006708574034091514,0.004071848005923785,0.46506147165394957,,,,,,,
243.9524313625661,,,,,0.06489522179487248,,0.556499590180374,0.11492065812566496,0.006693287834784942,0.004067899372639927,0.4617778762067683,,,,,,,
244.27818369908078,,,,,0.0647776842612275,,0.5542685990767562,0.11474773143096834,0.006678036466708972,0.0040639545685031316,0.45851746478947963,,,,,,,
244.60437101623555,,,,,0.06466035961031,,0.5520465519533178,0.11457506494746635,0.006662819850496955,0.004060013589800112,0.45528007370979856,,,,,,,
244.93099389486454,,,,,0.06454324745654913,,0.549833412953897,0.11440265828360671,0.006647637906963075,0.004056076432821202,0.45206554043120195,,,,,,,
245.25805291657798,,,,,0.06442634741507218,,0.5476291463660754,0.11423051104842606,0.006632490557101946,0.00405214309386032,0.4488737035647611,,,,,,,
245.58554866376272,,,,,0.06430965910170362,,0.5454337166206041,0.11405862285154932,0.006617377722088179,0.004048213569214976,0.4457044028610438,,,,,,,
245.9134817195828,,,,,0.06419318213296382,,0.5432470882908342,0.11388699330318909,0.0066022993232760525,0.004044287855186282,0.44255747920207383,,,,,,,
246.2418526679809,,,,,0.06407691612606775,,0.5410692260921408,0.11371562201414458,0.006587255282199025,0.004040365948078934,0.4394327745933374,,,,,,,
246.57066209368008,,,,,0.06396086069892346,,0.5389000948813509,0.11354450859580026,0.006572245520569324,0.004036447844201204,0.43633013215584576,,,,,,,
246.89991058218402,,,,,0.06384501547013104,,0.5367396596561795,0.11337365266012547,0.006557269960277582,0.004032533539864951,0.43324939611826446,,,,,,,
247.22959871977787,,,,,0.06372938005898159,,0.5345878855546682,0.11320305381967365,0.006542328523392415,0.004028623031385603,0.4301904118090965,,,,,,,
247.55972709352955,,,,,0.0636139540854557,,0.532444737854619,0.11303271168758129,0.00652742113216004,0.004024716315082173,0.4271530256489129,,,,,,,
247.89029629129146,,,,,0.06349873717022213,,0.5303101819730308,0.1128626258775667,0.0065125477090037884,0.004020813387277235,0.424137085142637,,,,,,,
248.22130690170098,,,,,0.06338372893463662,,0.5281841834655453,0.11269279600392947,0.006497708176523787,0.0040169142442969255,0.42114243887189323,,,,,,,
248.55275951418093,,,,,0.06326892900074091,,0.5260667080258935,0.11252322168154985,0.006482902457496528,0.004013018882470954,0.4181689364874094,,,,,,,
248.8846547189415,,,,,0.06315433699126119,,0.5239577214853375,0.11235390252588746,0.006468130474874475,0.004009127298132585,0.41521642870146136,,,,,,,
249.2169931069807,,,,,0.06303995252960705,,0.521857189812123,0.11218483815298068,0.006453392151785648,0.004005239487618641,0.4122847672803827,,,,,,,
249.54977527008631,,,,,0.06292577523987004,,0.5197650791109245,0.11201602817944534,0.006438687411533202,0.00400135544726949,0.4093738050371153,,,,,,,
249.88300180083618,,,,,0.06281180474682248,,0.5176813556223019,0.1118474722224743,0.006424016177595073,0.0039974751734290544,0.4064833958238245,,,,,,,
250.21667329259904,,,,,0.0626980406759165,,0.5156059857221591,0.11167916989983659,0.006409378373623561,0.003993598662444795,0.40361339452456596,,,,,,,
250.55079033953592,,,,,0.0625844826532826,,0.5135389359211978,0.11151112082987645,0.006394773923444959,0.00398972591066773,0.40076365704799555,,,,,,,
250.88535353660177,,,,,0.06247113030572825,,0.5114801728643744,0.11134332463151213,0.006380202751059076,0.0039858569144524,0.3979340403201305,,,,,,,
251.2203634795459,,,,,0.062357983260736875,,0.5094296633303648,0.11117578092423538,0.0063656647806389225,0.0039819916701568855,0.3951244022771711,,,,,,,
251.55582076491277,,,,,0.06224504114646675,,0.507387374231031,0.11100848932811068,0.00635115993653029,0.0039781301741428025,0.3923346018583719,,,,,,,
251.89172599004328,,,,,0.06213230359174962,,0.5053532726108848,0.11084144946377429,0.006336688143251381,0.003974272422775298,0.38956449899895584,,,,,,,
252.2280797530765,,,,,0.06201977022608928,,0.5033273256465524,0.11067466095243304,0.006322249325492339,0.003970418412423035,0.3868139546230775,,,,,,,
252.56488265295033,,,,,0.061907440679660655,,0.5013095006462478,0.11050812341586372,0.0063078434081149356,0.003966568139458198,0.38408283063684534,,,,,,,
252.90213528940174,,,,,0.0617953145833086,,0.4992997650492488,0.11034183647641253,0.006293470316152159,0.0039627216002565005,0.38137098992139234,,,,,,,
253.2398382629689,,,,,0.06168339156854649,,0.4972980864253664,0.11017579975699386,0.006279129974807805,0.003958878791197156,0.3786782963259858,,,,,,,
253.57799217499158,,,,,0.06157167126755522,,0.49530443247442507,0.11001001288108958,0.006264822309456133,0.003955039708662907,0.37600461466119584,,,,,,,
253.9165976276131,,,,,0.06146015331318168,,0.4933187710257367,0.1098444754727479,0.006250547245641394,0.003951204349039986,0.37334981069210155,,,,,,,
254.2556552237808,,,,,0.061348837338937694,,0.4913410700375843,0.1096791871565827,0.006236304709077517,0.003947372708718136,0.3707137511315564,,,,,,,
254.5951655672466,,,,,0.061237722978999175,,0.48937129759670867,0.10951414755777306,0.006222094625647705,0.003943544784090605,0.36809630363349993,,,,,,,
254.9351292625686,,,,,0.06112680986820449,,0.4874094219177895,0.10934935630206202,0.006207916921404064,0.003939720571554142,0.3654973367863093,,,,,,,
255.27554691511278,,,,,0.06101609764205326,,0.48545541134293024,0.10918481301575551,0.006193771522567152,0.003935900067508979,0.3629167201061975,,,,,,,
255.61641913105342,,,,,0.06090558593670526,,0.48350923434114995,0.10902051732572182,0.006179658355525662,0.003932083268358844,0.3603543240306667,,,,,,,
255.9577465173737,,,,,0.06079527438897944,,0.4815708595078773,0.10885646885939095,0.006165577346836029,0.003928270170510949,0.3578100199120067,,,,,,,
256.2995296818673,,,,,0.06068516263635252,,0.4796402555644411,0.10869266724475345,0.0061515284232220345,0.003924460770376003,0.3552836800108329,,,,,,,
256.64176923314,,,,,0.06057525031695771,,0.4777173913575626,0.10852911211035955,0.006137511511574415,0.00392065506436818,0.35277517748966813,,,,,,,
256.98446578061044,,,,,0.06046553706958354,,0.4758022358588554,0.10836580308531828,0.006123526538950496,0.003916853048905136,0.3502843864065797,,,,,,,
257.32761993451015,,,,,0.06035602253367298,,0.4738947581643282,0.1082027397992971,0.006109573432573821,0.003913054720408005,0.3478111817088592,,,,,,,
257.6712323058862,,,,,0.060246706349321964,,0.4719949274938814,0.10803992188252055,0.00609565211983375,0.00390926007530139,0.34535543922673895,,,,,,,
258.0153035066009,,,,,0.06013758815727831,,0.47010271319081337,0.10787734896576977,0.0060817625282851276,0.0039054691100133634,0.3429170356671614,,,,,,,
258.35983414933446,,,,,0.060028667598940426,,0.4682180847213215,0.10771502068038116,0.006067904585647821,0.0039016818209754557,0.34049584860758364,,,,,,,
258.704824847585,,,,,0.059919944316356145,,0.4663410116740122,0.10755293665824593,0.00605407821980642,0.0038978982046226607,0.3380917564898347,,,,,,,
259.05027621566944,,,,,0.05981141795222181,,0.4644714637594133,0.10739109653180941,0.0060402833588098425,0.0038941182573934245,0.3357046386140163,,,,,,,
259.39618886872495,,,,,0.05970308814988091,,0.4626094108094822,0.10722949993407005,0.006026519930870957,0.00389034197572966,0.33333437513243935,,,,,,,
259.7425634227106,,,,,0.059594954553322706,,0.46075482277711627,0.10706814649857825,0.006012787864366193,0.0038865693560767183,0.33098084704360314,,,,,,,
260.08940049440804,,,,,0.059487016807181346,,0.45890766973567093,0.10690703585943584,0.00599908708783518,0.0038828003948833977,0.3286439361862245,,,,,,,
260.4367007014219,,,,,0.0593792745567347,,0.4570679218784795,0.10674616765129548,0.0059854175299803945,0.0038790350886019486,0.326323525233309,,,,,,,
260.78446466218156,,,,,0.059271727447903155,,0.45523554951836925,0.10658554150935963,0.005971779119666766,0.00387527343368806,0.3240194976862566,,,,,,,
261.13269299594276,,,,,0.05916437512724816,,0.4534105230871798,0.10642515706937937,0.005958171785921306,0.003871515426600852,0.3217317378690094,,,,,,,
261.481386322788,,,,,0.05905721724197143,,0.45159281313528865,0.1062650139676539,0.0059445954579327425,0.0038677610638028783,0.3194601309222475,,,,,,,
261.8305452636274,,,,,0.05895025343991373,,0.44978239033113876,0.10610511184102996,0.005931050065051168,0.0038640103417601334,0.317204562797626,,,,,,,
262.18017044020036,,,,,0.05884348336955362,,0.4479792254607613,0.10594545032690064,0.00591753553678765,0.0038602632569420246,0.3149649202520434,,,,,,,
262.53026247507626,,,,,0.05873690668000639,,0.4461832894273064,0.1057860290632047,0.005904051802813882,0.0038565198058213975,0.3127410908419601,,,,,,,
262.8808219916564,,,,,0.05863052302102269,,0.4443945532505702,0.10562684768842556,0.005890598792961793,0.0038527799848745072,0.3105329629177478,,,,,,,
263.23184961417434,,,,,0.058524332042987494,,0.4426129880665296,0.1054679058415906,0.0058771764372232,0.0038490437905810255,0.30834042561808694,,,,,,,
263.5833459676969,,,,,0.05841833339691929,,0.44083856512687913,0.10530920316227063,0.005863784665749451,0.0038453112194240463,0.306163368864405,,,,,,,
263.93531167812534,,,,,0.05831252673446852,,0.4390712557985646,0.10515073929057872,0.005850423408851051,0.003841582267890074,0.3040016833553458,,,,,,,
264.2877473721973,,,,,0.058206911707916406,,0.43731103156331824,0.10499251386716942,0.005837092596997291,0.0038378569324690106,0.301855260561279,,,,,,,
264.6406536774874,,,,,0.058101487970173976,,0.43555786401720115,0.10483452653323784,0.005823792160815893,0.003834135209654169,0.2997239927188543,,,,,,,
264.9940312224076,,,,,0.05799625517478106,,0.4338117248701477,0.10467677693051929,0.005810522031092664,0.0038304170959422555,0.2976077728255948,,,,,,,
265.347880636209,,,,,0.05789121297590497,,0.4320725859455063,0.10451926470128822,0.005797282138771121,0.0038267025878333883,0.29550649463452094,,,,,,,
265.7022025489836,,,,,0.057786361028339304,,0.43034041917958216,0.10436198948835707,0.005784072414952129,0.0038229916818310655,0.29342005264881355,,,,,,,
266.0569975916647,,,,,0.0576816989875028,,0.428615196621187,0.10420495093507583,0.005770892790893525,0.003819284374442178,0.29134834211652016,,,,,,,
266.41226639602746,,,,,0.05757722650943849,,0.42689689043119083,0.10404814868533128,0.005757743198009826,0.0038155806621770097,0.2892912590252993,,,,,,,
266.768009594691,,,,,0.057472943250812314,,0.4251854728820685,0.1038915823835461,0.005744623567871801,0.0038118805415492266,0.28724870009719344,,,,,,,
267.12422782111906,,,,,0.0573688488689121,,0.42348091635745494,0.103735251674678,0.005731533832206154,0.0038081840090758786,0.28522056278344704,,,,,,,
267.48092170962155,,,,,0.05726494302164631,,0.42178319335169595,0.10357915620421877,0.005718473922895145,0.003804491061277385,0.28320674525935347,,,,,,,
267.83809189535543,,,,,0.0571612253675429,,0.4200922764694065,0.10342329561819363,0.005705443771976247,0.003800801694677544,0.28120714641914546,,,,,,,
268.19573901432545,,,,,0.057057695565748516,,0.41840813842503155,0.1032676695631607,0.005692443311641806,0.0037971159058035214,0.27922166587092273,,,,,,,
268.5538637033854,,,,,0.056954353276027145,,0.4167307520424032,0.10311227768620992,0.005679472474238673,0.0037934336911858604,0.277250203931608,,,,,,,
268.91246660024007,,,,,0.056851198158758796,,0.41506009025429924,0.10295711963496205,0.005666531192267849,0.003789755047358459,0.2752926616219397,,,,,,,
269.27154834344583,,,,,0.0567482298749387,,0.4133961261020093,0.10280219505756806,0.005653619398384117,0.0037860799708585757,0.2733489406615054,,,,,,,
269.63110957241116,,,,,0.056645448086176164,,0.4117388327349024,0.10264750360270862,0.005640737025395756,0.0037824084582268346,0.2714189434638105,,,,,,,
269.99115092739834,,,,,0.05654285245469341,,0.41008818340999076,0.10249304491959309,0.005627884006264127,0.0037787405060072145,0.2695025731313762,,,,,,,
270.3516730495251,,,,,0.056440442643324255,,0.408444151491496,0.10233881865795837,0.005615060274103348,0.003775076110747038,0.26759973345087135,,,,,,,
270.7126765807654,,,,,0.05633821831551324,,0.4068067104504219,0.10218482446806845,0.0056022657621799185,0.003771415268996976,0.2657103288882847,,,,,,,
271.0741621639497,,,,,0.056236179135314604,,0.4051758338641287,0.10203106200071388,0.0055895004039124415,0.003767757977311056,0.26383426458413217,,,,,,,
271.43613044276725,,,,,0.05613432476739095,,0.403551495415903,0.10187753090721043,0.0055767641328712085,0.0037641042322466315,0.2619714463486893,,,,,,,
271.7985820617665,,,,,0.056032654877012346,,0.4019336688945357,0.10172423083939879,0.005564056882777885,0.00376045403036441,0.26012178065726543,,,,,,,
272.16151766635716,,,,,0.05593116913005494,,0.400322328193895,0.10157116144964325,0.005551378587505157,0.0037568073682284226,0.25828517464550405,,,,,,,
272.5249379028107,,,,,0.055829867193000066,,0.398717447312508,0.10141832239083126,0.005538729181076363,0.003753164242406032,0.25646153610472316,,,,,,,
272.88884341826105,,,,,0.055728748732933216,,0.3971190003531435,0.10126571331637273,0.005526108597665223,0.0037495246494679392,0.2546507734772888,,,,,,,
273.25323486070624,,,,,0.05562781341754299,,0.39552696152239136,0.10111333388019918,0.005513516771595426,0.003745888585988168,0.25285279585201526,,,,,,,
273.6181128790102,,,,,0.05552706091511958,,0.3939413051302442,0.10096118373676262,0.005500953637340313,0.0037422560485440583,0.2510675129595982,,,,,,,
273.9834781229032,,,,,0.05542649089455401,,0.3923620055896852,0.10080926254103499,0.0054884191295225095,0.0037386270337162737,0.24929483516808526,,,,,,,
274.34933124298266,,,,,0.05532610302533717,,0.39078903741627735,0.1006575699485077,0.005475913182913656,0.003735001538088788,0.2475346734783789,,,,,,,
274.7156728907146,,,,,0.05522589697755853,,0.3892223752277502,0.10050610561519052,0.005463435732434008,0.0037313795582489006,0.24578693951976513,,,,,,,
275.0825037184359,,,,,0.05512587242190493,,0.38766199374358656,0.1003548691976105,0.005450986713152077,0.0037277610907872046,0.24405154554547298,,,,,,,
275.44982437935334,,,,,0.05502602902965991,,0.38610786778462275,0.10020386035281201,0.0054385660602843874,0.0037241461322976136,0.2423284044282781,,,,,,,
275.81763552754717,,,,,0.05492636647270207,,0.384559972272633,0.10005307873835496,0.005426173709195016,0.003720534679377331,0.24061742965611832,,,,,,,
276.18593781797,,,,,0.05482688442350454,,0.3830182822299329,0.099902524012315,0.005413809595395373,0.00371692672862687,0.23891853532775909,,,,,,,
276.55473190644915,,,,,0.054727582555133665,,0.38148277277897297,0.09975219583328217,0.005401473654543792,0.0037133222766500404,0.23723163614847684,,,,,,,
276.9240184496882,,,,,0.054628460541247814,,0.37995341914193465,0.0996020938603601,0.005389165822445214,0.0037097213200539387,0.23555664742577404,,,,,,,
277.2937981052677,,,,,0.05452951805609635,,0.37843019664033295,0.09945221775316532,0.005376886035050834,0.0037061238554489547,0.23389348506513,,,,,,,
277.6640715316455,,,,,0.05443075477451882,,0.37691308069462076,0.0993025671718269,0.0053646342284578334,0.003702529879448761,0.2322420655657811,,,,,,,
278.03483938815896,,,,,0.05433217037194372,,0.3754020468237895,0.09915314177698516,0.005352410338908982,0.0036989393886703273,0.23060230601652595,,,,,,,
278.4061023350263,,,,,0.05423376452438719,,0.3738970706449721,0.09900394122979098,0.005340214302792325,0.0036953523797338904,0.22897412409156054,,,,,,,
278.7778610333472,,,,,0.054135536908452256,,0.3723981278730514,0.09885496519190501,0.00532804605664084,0.003691768849262966,0.22735743804634706,,,,,,,
279.1501161451039,,,,,0.05403748720132777,,0.3709051943202712,0.09870621332549741,0.00531590553713214,0.0036881887938843517,0.2257521667135128,,,,,,,
279.5228683331622,,,,,0.053939615080787255,,0.36941824589584316,0.0985576852932465,0.005303792681088144,0.0036846122102281147,0.22415822949877223,,,,,,,
279.8961182612742,,,,,0.05384192022518764,,0.36793725860555493,0.09840938075833792,0.005291707425474673,0.0036810390949275807,0.2225755463768772,,,,,,,
280.2698665940769,,,,,0.05374440231346868,,0.3664622085513908,0.09826129938446468,0.005279649707401244,0.003677469444619354,0.22100403788760747,,,,,,,
280.64411399709616,,,,,0.0536470610251514,,0.36499307193113684,0.09811344083582527,0.005267619464120612,0.0036739032559432905,0.21944362513177199,,,,,,,
281.0188611367456,,,,,0.05354989604033743,,0.3635298250380051,0.09796580477712383,0.00525561663302856,0.0036703405255425025,0.21789422976725592,,,,,,,
281.3941086803287,,,,,0.05345290703970783,,0.36207244426024743,0.097818390873569,0.005243641151663502,0.0036667812500633715,0.21635577400508377,,,,,,,
281.7698572960405,,,,,0.05335609370452184,,0.36062090608077213,0.09767119879087315,0.005231692957706177,0.0036632254261555175,0.21482818060551148,,,,,,,
282.1461076529684,,,,,0.05325945571661599,,0.35917518707676704,0.09752422819525151,0.005219771988979309,0.003659673050471811,0.2133113728741512,,,,,,,
282.5228604210926,,,,,0.05316299275840323,,0.35773526391932353,0.09737747875342183,0.00520787818344732,0.003656124119668376,0.2118052746581228,,,,,,,
282.90011627128797,,,,,0.05306670451287177,,0.3563011133730579,0.0972309501326033,0.005196011479216003,0.003652578630404577,0.21030981034222831,,,,,,,
283.2778758753258,,,,,0.052970590663583755,,0.35487271229573425,0.09708464200051584,0.005184171814532143,0.0036490365793430137,0.2088249048451532,,,,,,,
283.6561399058742,,,,,0.052874650894674496,,0.3534500376378933,0.09693855402537917,0.005172359127783254,0.00364549796314952,0.20735048361569938,,,,,,,
284.0349090364993,,,,,0.05277888489085154,,0.35203306644248245,0.09679268587591255,0.0051605733574972435,0.0036419627784931743,0.2058864726290443,,,,,,,
284.41418394166635,,,,,0.052683292337393474,,0.35062177584448334,0.09664703722133373,0.00514881444234211,0.003638431022046275,0.2044327983830223,,,,,,,
284.79396529674216,,,,,0.052587872920148736,,0.3492161430705397,0.09650160773135784,0.005137082321125549,0.003634902690484348,0.20298938789443102,,,,,,,
285.1742537779943,,,,,0.052492626325535,,0.34781614543859724,0.09635639707619754,0.005125376932794755,0.0036313777804861517,0.20155616869537482,,,,,,,
285.5550500625943,,,,,0.052397552240537604,,0.3464217603575289,0.09621140492656124,0.005113698216435978,0.003627856288733653,0.2001330688296179,,,,,,,
285.93635482861737,,,,,0.05230265035270904,,0.34503296532677824,0.0960666309536531,0.0051020461112743,0.003624338211912046,0.19872001684897922,,,,,,,
286.3181687550439,,,,,0.05220792035016769,,0.34364973793599285,0.09592207482917219,0.005090420556673299,0.0036208235467097404,0.197316941809742,,,,,,,
286.70049252176165,,,,,0.05211336192159673,,0.3422720558646607,0.09577773622531127,0.0050788214921346775,0.0036173122898183487,0.19592377326908972,,,,,,,
287.0833268095662,,,,,0.05201897475624311,,0.3408998968817519,0.09563361481475639,0.005067248857298013,0.0036138044379326966,0.19454044128157202,,,,,,,
287.46667230016163,,,,,0.051924758543916795,,0.33953323884536246,0.09548971027068631,0.005055702591940418,0.00361029998775081,0.19316687639559468,,,,,,,
287.85052967616224,,,,,0.051830712974989555,,0.3381720597023546,0.09534602226677166,0.005044182635976252,0.003606798935973929,0.19180300964993083,,,,,,,
288.23489962109454,,,,,0.051736837740393796,,0.33681633748799866,0.09520255047717384,0.005032688929456742,0.003603301279306481,0.19044877257025644,,,,,,,
288.61978281939764,,,,,0.051643132531621755,,0.3354660503256212,0.09505929457654455,0.005021221412569739,0.003599807014456089,0.18910409716571489,,,,,,,
289.0051799564241,,,,,0.05154959704072453,,0.3341211764262537,0.09491625424002523,0.005009780025639385,0.0035963161381335775,0.18776891592550518,,,,,,,
289.39109171844194,,,,,0.05145623096031092,,0.33278169408827807,0.09477342914324619,0.00499836470912579,0.0035928286470529552,0.1864431618154895,,,,,,,
289.7775187926351,,,,,0.05136303398354654,,0.3314475816970783,0.09463081896232578,0.004986975403624757,0.003589344537931422,0.1851267682748298,,,,,,,
290.1644618671059,,,,,0.05127000580415255,,0.33011881772468865,0.0944884233738696,0.004975612049867408,0.0035858638074893535,0.18381966921264284,,,,,,,
290.55192163087537,,,,,0.05117714611640494,,0.32879538072944864,0.09434624205496984,0.004964274588719936,0.00358238645245031,0.18252179900468432,,,,,,,
290.9398987738841,,,,,0.05108445461513349,,0.32747724935565864,0.09420427468320475,0.0049529629611832745,0.0035789124695410246,0.1812330924900559,,,,,,,
291.328393986994,,,,,0.050991930995720705,,0.32616440233323346,0.09406252093663786,0.004941677108392816,0.0035754418554914164,0.17995348496793184,,,,,,,
291.71740796198986,,,,,0.0508995749541007,,0.324856818477357,0.09392098049381684,0.0049304169716180395,0.003571974607034564,0.1786829121943086,,,,,,,
292.10694139158045,,,,,0.05080738618675827,,0.3235544766881426,0.09377965303377306,0.004919182492262269,0.0035685107209067145,0.1774213103787815,,,,,,,
292.4969949693989,,,,,0.050715364390728115,,0.3222573559502944,0.09363853823602107,0.004907973611862352,0.003565050193847287,0.17616861618134386,,,,,,,
292.88756939000433,,,,,0.05062350926359362,,0.32096543533276634,0.09349763578055777,0.004896790272088351,0.0035615930225988625,0.1749247667092051,,,,,,,
293.27866534888426,,,,,0.050531820503485834,,0.31967869398842214,0.09335694534786126,0.004885632414743228,0.003558139203907174,0.17368969951363109,,,,,,,
293.6702835424546,,,,,0.05044029780908248,,0.31839711115370134,0.0932164666188905,0.004874499981762553,0.0035546887345211096,0.172463352586811,,,,,,,
294.0624246680608,,,,,0.05034894087960718,,0.31712066614828577,0.09307619927508468,0.004863392915214215,0.003551241611192722,0.1712456643587458,,,,,,,
294.4550894239797,,,,,0.05025774941482828,,0.3158493383747633,0.09293614299836232,0.004852311157298096,0.0035477978306771977,0.17003657369415442,,,,,,,
294.84827850942014,,,,,0.05016672311505794,,0.31458310731829703,0.09279629747112064,0.004841254650345805,0.0035443573897328854,0.16883601988940614,,,,,,,
295.2419926245255,,,,,0.050075861681151024,,0.31332195254629164,0.09265666237623453,0.0048302233368203145,0.003540920285121267,0.16764394266946997,,,,,,,
295.6362324703738,,,,,0.049985164814504136,,0.3120658537080654,0.09251723739705607,0.004819217159315725,0.003537486513606963,0.16646028218489084,,,,,,,
296.0309987489787,,,,,0.049894632217054896,,0.31081479053452393,0.09237802221741413,0.0048082360605569445,0.0035340560719577395,0.1652849790087861,,,,,,,
296.42629216329135,,,,,0.04980426359128073,,0.3095687428378309,0.09223901652161325,0.004797279983399388,0.0035306289569444985,0.16411797413386042,,,,,,,
296.82211341720205,,,,,0.04971405864019785,,0.30832769051108083,0.09210021999443277,0.0047863488708286715,0.0035272051653412644,0.16295920896944113,,,,,,,
297.21846321554114,,,,,0.049624017067360325,,0.307091613527976,0.09196163232112642,0.004775442665960325,0.0035237846939251936,0.16180862533853893,,,,,,,
297.6153422640794,,,,,0.049534138576859274,,0.30586049194250536,0.09182325318742178,0.004764561312039504,0.003520367539476565,0.16066616547492837,,,,,,,
298.01275126953004,,,,,0.0494444228733218,,0.30463430588862134,0.09168508227951926,0.004753704752440688,0.0035169536987787902,0.1595317720202461,,,,,,,
298.41069093955065,,,,,0.04935486966190977,,0.30341303557991633,0.09154711928409127,0.004742872930667372,0.0035135431686183897,0.15840538802110923,,,,,,,
298.8091619827437,,,,,0.04926547864831918,,0.3021966613093062,0.0914093638882817,0.0047320657903517855,0.0035101359457849995,0.15728695692625788,,,,,,,
299.2081651086572,,,,,0.04917624953877909,,0.30098516344871384,0.09127181577970549,0.004721283275254607,0.0035067320270713766,0.15617642258371756,,,,,,,
299.60770102778713,,,,,0.04908718204005063,,0.2997785224487494,0.09113447464644743,0.004710525329264654,0.0035033314092733844,0.15507372923797733,,,,,,,
300.0077704515777,,,,0.367192494987363,0.04899806172162201,,0.29860028408252764,0.09099711885878475,0.004699831440279081,0.0034999506554643967,0.15400626335211484,,,,,,,
300.40837409242374,,,,0.36680604654064664,0.048898305887571304,,0.29861492029093784,0.09084880671170575,0.004691155469896561,0.0034974093814239735,0.1543292941595656,,,,,,,
300.8095126636714,,,,0.36642000480813036,0.04879875314780788,,0.2986295572167573,0.09070073629198293,0.004682495515505893,0.0034948699525734926,0.15465300252973574,,,,,,,
301.2111868796189,,,,0.3660343693617717,0.048699403088849326,,0.2986441948600211,0.0905529072056358,0.004673851547541285,0.0034923323675731797,0.15497738988382462,,,,,,,
301.613397455518,,,,0.36564913977397867,0.04860025529805507,,0.29865883322076453,0.09040531905932585,0.0046652235364915235,0.003489796625084243,0.15530245764601247,,,,,,,
302.0161451075763,,,,0.3652643156176089,0.048501309363624456,,0.2986734722990226,0.09025797146035566,0.0046566114528998545,0.0034872627237688522,0.15562820724346735,,,,,,,
302.4194305529578,,,,0.36487989646596936,0.048402564874595246,,0.2986881120948306,0.09011086401666765,0.0046480152673639185,0.0034847306622901495,0.15595464010635077,,,,,,,
302.82325450978345,,,,0.3644958818928168,0.04830402142084202,,0.2987027526082236,0.08996399633684357,0.004639434950535625,0.0034822004393122575,0.15628175766782357,,,,,,,
303.2276176971331,,,,0.3641122714723564,0.04820567859307435,,0.29871739383923696,0.08981736803010315,0.0046308704731210714,0.003479672053500258,0.1566095613640527,,,,,,,
303.6325208350475,,,,0.36372906477924116,0.048107535982834945,,0.2987320357879056,0.08967097870630271,0.004622321805880427,0.003477145503520206,0.15693805263421798,,,,,,,
304.03796464452876,,,,0.36334626138857146,0.048009593182498055,,0.2987466784542649,0.08952482797593447,0.004613788919627822,0.0034746207880391217,0.1572672329205178,,,,,,,
304.44394984754126,,,,0.3629638608758955,0.04791184978526801,,0.2987613218383499,0.08937891545012579,0.004605271785231288,0.0034720979057249997,0.15759710366817536,,,,,,,
304.85047716701365,,,,0.36258186281720806,0.04781430538517726,,0.2987759659401959,0.08923324074063767,0.004596770373612626,0.003469576855246802,0.15792766632544517,,,,,,,
305.25754732683964,,,,0.3622002667889503,0.04771695957708484,,0.298790610759838,0.08908780345986402,0.004588284655747319,0.00346705763527445,0.15825892234361946,,,,,,,
305.66516105188015,,,,0.3618190723680086,0.047619811956674474,,0.2988052562973114,0.08894260322083024,0.004579814602664426,0.003464540244478835,0.158590873177035,,,,,,,
306.07331906796406,,,,0.36143827913171467,0.04752286212045303,,0.29881990255265134,0.08879763963719242,0.004571360185446472,0.0034620246815318086,0.15892352028307904,,,,,,,
306.4820221018888,,,,0.36105788665784566,0.047426109665749006,,0.2988345495258929,0.08865291232323662,0.004562921375229391,0.003459510945106194,0.15925686512219525,,,,,,,
306.89127088142226,,,,0.36067789452462296,0.047329554190710735,,0.29884919721707137,0.08850842089387756,0.004554498143202397,0.0034569990338757794,0.1595909091578906,,,,,,,
307.3010661353049,,,,0.36029830231071136,0.047233195294304454,,0.2988638456262218,0.08836416496465731,0.004546090460607864,0.0034544889465153075,0.15992565385674226,,,,,,,
307.7114085932501,,,,0.35991910959521917,0.047137032576312944,,0.29887849475337963,0.08822014415174455,0.0045376982987412745,0.0034519806817004876,0.16026110068840366,,,,,,,
308.1222989859452,,,,0.3595403159576981,0.04704106563733393,,0.2988931445985798,0.08807635807193386,0.004529321628951096,0.003449474238107986,0.1605972511256102,,,,,,,
308.5337380450529,,,,0.3591619209781423,0.04694529407877827,,0.29890779516185767,0.08793280634264432,0.004520960422638699,0.0034469696144154415,0.16093410664418656,,,,,,,
308.945726503214,,,,0.3587839242369877,0.04684971750286817,,0.29892244644324834,0.08778948858191829,0.00451261465125822,0.0034444668093014425,0.1612716687230533,,,,,,,
309.3582650940472,,,,0.3584063253151114,0.04675433551263569,,0.2989370984427871,0.08764640440842086,0.004504284286316506,0.0034419658214455357,0.16160993884423316,,,,,,,
309.7713545521504,,,,0.35802912379383245,0.04665914771192123,,0.298951751160509,0.08750355344143862,0.00449596929937301,0.0034394666495282345,0.16194891849285692,,,,,,,
310.1849956131026,,,,0.35765231925491014,0.046564153705371626,,0.29896640459644946,0.08736093530087868,0.004487669662039679,0.003436969292231011,0.16228860915717075,,,,,,,
310.5991890134648,,,,0.3572759112805442,0.04646935309843877,,0.29898105875064346,0.08721854960726781,0.0044793853459808766,0.003434473748236286,0.16262901232854204,,,,,,,
311.01393549078216,,,,0.3568998994533736,0.046374745497377565,,0.2989957136231264,0.08707639598175088,0.00447111632291325,0.0034319800162274415,0.162970129501467,,,,,,,
311.42923578358466,,,,0.35652428335647646,0.046280330509244634,,0.2990103692139333,0.08693447404609046,0.004462862564605676,0.0034294880948888117,0.16331196217357652,,,,,,,
311.8450906313878,,,,0.35614906257337026,0.046186107741896715,,0.29902502552309956,0.0867927834226656,0.00445462404287914,0.003426997982905694,0.16365451184564225,,,,,,,
312.2615007746946,,,,0.35577423668801084,0.046092076803988906,,0.2990396825506602,0.0866513237344709,0.004446400729606657,0.003424509678964339,0.16399778002158383,,,,,,,
312.67846695499753,,,,0.35539980528479137,0.045998237304972926,,0.2990543402966506,0.0865100946051153,0.004438192596713156,0.0034220231817519444,0.16434176820847582,,,,,,,
313.0959899147791,,,,0.35502576794854235,0.0459045888550956,,0.2990689987611059,0.08636909565882106,0.004429999616175382,0.0034195384899566657,0.16468647791655394,,,,,,,
313.51407039751285,,,,0.35465212426453174,0.045811131065397415,,0.29908365794406133,0.08622832652042323,0.004421821760021832,0.003417055602267607,0.16503191065922118,,,,,,,
313.9327091476647,,,,0.3542788738184643,0.04571786354771075,,0.2990983178455521,0.08608778681536818,0.004413659000332634,0.003414574517374833,0.16537806795305476,,,,,,,
314.35190691069573,,,,0.3539060161964797,0.04562478591465806,,0.2991129784656134,0.0859474761697127,0.004405511309239455,0.003412095233969352,0.16572495131781362,,,,,,,
314.7716644330621,,,,0.3535335509851536,0.04553189777965053,,0.2991276398042805,0.08580739421012296,0.0043973786589253895,0.003409617750743121,0.1660725622764444,,,,,,,
315.1919824622163,,,,0.3531614777714973,0.04543919875688655,,0.29914230186158863,0.08566754056387382,0.004389261021624908,0.003407142066389057,0.16642090235508758,,,,,,,
315.6128617466091,,,,0.35278979614295625,0.04534668846134985,,0.299156964637573,0.08552791485884759,0.004381158369623728,0.0034046681796010125,0.166769973083085,,,,,,,
316.0343030356904,,,,0.3524185056874105,0.04525436650880814,,0.2991716281322688,0.08538851672353313,0.004373070675258734,0.003402196089073803,0.16711977599298616,,,,,,,
316.4563070799116,,,,0.35204760599317336,0.04516223251581122,,0.2991862923457113,0.0852493457870246,0.004364997910917858,0.00339972579350318,0.16747031262055548,,,,,,,
316.87887463072593,,,,0.3516770966489912,0.04507028609968958,,0.29920095727793566,0.08511040167902066,0.004356940049040016,0.003397257291585843,0.16782158450477885,,,,,,,
317.3020064405897,,,,0.3513069772440439,0.04497852687855292,,0.29921562292897724,0.08497168402982377,0.0043488970621150085,0.003394790582019448,0.16817359318786948,,,,,,,
317.72570326296375,,,,0.3509372473679438,0.04488695447128847,,0.29923028929887113,0.08483319247033895,0.004340868922683421,0.003392325663502585,0.16852634021527554,,,,,,,
318.14996585231574,,,,0.35056790661073434,0.04479556849755916,,0.2992449563876527,0.08469492663207254,0.004332855603336511,0.0033898625347347916,0.1688798271356873,,,,,,,
318.5747949641209,,,,0.35019895456289063,0.044704368577802314,,0.29925962419535707,0.08455688614713143,0.004324857076716145,0.0033874011944165575,0.16923405550104342,,,,,,,
319.0001913548624,,,,0.3498303908153193,0.04461335433322814,,0.29927429272201955,0.08441907064822243,0.004316873315514697,0.0033849416412493035,0.16958902686653732,,,,,,,
319.4261557820337,,,,0.34946221495935736,0.044522525385818024,,0.29928896196767535,0.08428147976865098,0.004308904292474958,0.0033824838739354057,0.16994474279062433,,,,,,,
319.85268900414064,,,,0.34909442658677137,0.04443188135832276,,0.29930363193235976,0.08414411314231976,0.004300949980390006,0.003380027891178174,0.17030120483502964,,,,,,,
320.2797917807007,,,,0.34872702528975835,0.04434142187426146,,0.2993183026161079,0.08400697040372866,0.004293010352103178,0.003377573691681859,0.1706584145647529,,,,,,,
320.7074648722467,,,,0.34836001066094363,0.04425114655791946,,0.29933297401895526,0.0838700511879728,0.004285085380507923,0.0033751212741516615,0.17101637354807758,,,,,,,
321.1357090403262,,,,0.34799338229338195,0.044161055034347196,,0.2993476461409368,0.0837333551307424,0.0042771750385477295,0.0033726706372937095,0.1713750833565759,,,,,,,
321.5645250475036,,,,0.3476271397805564,0.04407114692935852,,0.299362318982088,0.08359688186832144,0.004269279299216046,0.0033702217798150845,0.1717345455651164,,,,,,,
321.9939136573621,,,,0.3472612827163774,0.04398142186952887,,0.29937699254244393,0.08346063103758644,0.0042613981355561666,0.0033677747004237962,0.1720947617518714,,,,,,,
322.4238756345047,,,,0.34689581069518266,0.04389187948219403,,0.29939166682204,0.08332460227600591,0.004253531520661136,0.0033653293978287923,0.17245573349832363,,,,,,,
322.8544117445546,,,,0.3465307233117374,0.04380251939544859,,0.29940634182091136,0.08318879522163922,0.00424567942767369,0.0033628858707399683,0.1728174623892724,,,,,,,
323.28552275415745,,,,0.34616602016123343,0.04371334123814431,,0.2994210175390932,0.08305320951313581,0.004237841829786141,0.0033604441178681456,0.17317995001284106,,,,,,,
323.7172094309832,,,,0.34580170083928785,0.04362434463988847,,0.29943569397662095,0.08291784478973388,0.004230018700240281,0.0033580041379250862,0.17354319796048479,,,,,,,
324.1494725437268,,,,0.34543776494194356,0.043535529231042404,,0.2994503711335298,0.0827827006912595,0.004222210012327287,0.0033555659296234833,0.1739072078269967,,,,,,,
324.5823128621091,,,,0.34507421206566896,0.04344689464272014,,0.29946504900985504,0.08264777685812608,0.004214415739387666,0.003353129491676971,0.17427198121051463,,,,,,,
325.01573115687887,,,,0.34471104180735734,0.043358440506786756,,0.2994797276056318,0.08251307293133299,0.004206635854811128,0.0033506948228001197,0.17463751971252844,,,,,,,
325.4497281998148,,,,0.34434825376432526,0.04327016645585655,,0.2994944069208955,0.08237858855246456,0.004198870332036503,0.0033482619217084235,0.175003824937888,,,,,,,
325.88430476372497,,,,0.3439858475343142,0.04318207212329213,,0.29950908695568135,0.08224432336368963,0.004191119144551654,0.0033458307871183143,0.17537089849480825,,,,,,,
326.3194616224507,,,,0.343623822715488,0.04309415714320223,,0.29952376771002465,0.08211027700775976,0.004183382265893383,0.0033434014177471517,0.17573874199487857,,,,,,,
326.7551995508657,,,,0.3432621789064341,0.04300642115044073,,0.29953844918396055,0.08197644912800924,0.004175659669647353,0.003340973812313235,0.17610735705306768,,,,,,,
327.1915193248783,,,,0.3429009157061625,0.04291886378060492,,0.2995531313775245,0.08184283936835349,0.004167951329447993,0.003338547969535792,0.1764767452877319,,,,,,,
327.6284217214336,,,,0.34254003271410455,0.04283148467003383,,0.2995678142907515,0.08170944737328828,0.004160257218978378,0.0033361238881349747,0.17684690832062258,,,,,,,
328.06590751851405,,,,0.34217952953011327,0.04274428345580688,,0.2995824979236772,0.08157627278788865,0.004152577311970181,0.0033337015668318684,0.1772178477768927,,,,,,,
328.50397749514053,,,,0.3418194057544634,0.0426572597757425,,0.2995971822763366,0.0814433152578084,0.00414491158220357,0.0033312810043484823,0.17758956528510345,,,,,,,
328.9426324313739,,,,0.3414596609878503,0.04257041326839652,,0.2996118673487651,0.08131057442927889,0.004137260003507121,0.0033288621994077643,0.17796206247723204,,,,,,,
329.3818731083175,,,,0.341100294831389,0.04248374357306042,,0.29962655314099784,0.08117804994910777,0.004129622549757699,0.00332644515073358,0.17833534098867923,,,,,,,
329.82170030811756,,,,0.34074130688661436,0.04239725032976015,,0.2996412396530703,0.08104574146467837,0.004121999194880406,0.003324029857050721,0.1787094024582762,,,,,,,
330.26211481396416,,,,0.34038269675548116,0.04231093317925461,,0.29965592688501763,0.08091364862394901,0.004114389912848489,0.003321616317084914,0.17908424852829086,,,,,,,
330.70311741009306,,,,0.3400244640403632,0.042224791763034106,,0.2996706148368752,0.08078177107545174,0.004106794677683227,0.0033192045295627995,0.17945988084443598,,,,,,,
331.1447088817883,,,,0.33966660834405166,0.04213882572331863,,0.29968530350867817,0.08065010846829113,0.004099213463453855,0.0033167944932119544,0.17983630105587695,,,,,,,
331.5868900153812,,,,0.33930912926975715,0.042053034703056866,,0.299699992900462,0.08051866045214409,0.004091646244277497,0.0033143862067608705,0.18021351081523732,,,,,,,
332.0296615982543,,,,0.33895202642110667,0.04196741834592414,,0.29971468301226184,0.08038742667725805,0.004084092994319023,0.0033119796689389616,0.18059151177860805,,,,,,,
332.4730244188407,,,,0.33859529940214506,0.04188197629632143,,0.299729373844113,0.0802564067944509,0.004076553687791024,0.0033095748784765754,0.18097030560555305,,,,,,,
332.91697926662613,,,,0.3382389478173342,0.041796708199373686,,0.29974406539605086,0.08012560045510954,0.0040690282989536905,0.0033071718341049668,0.18134989395911705,,,,,,,
333.3615269321513,,,,0.33788297127155137,0.0417116137009282,,0.2997587576681106,0.07999500731118886,0.004061516802114722,0.0033047705345563266,0.18173027850583373,,,,,,,
333.80666820701265,,,,0.33752736937008987,0.04162669244755332,,0.2997734506603277,0.07986462701521115,0.004054019171629238,0.0033023709785637554,0.1821114609157323,,,,,,,
334.2524038838627,,,,0.3371721417186589,0.04154194408653706,,0.29978814437273715,0.07973445922026504,0.004046535381899716,0.0032999731648612734,0.18249344286234437,,,,,,,
334.6987347564127,,,,0.33681728792338267,0.04145736826588553,,0.2998028388053746,0.07960450358000472,0.004039065407375885,0.003297577092183831,0.18287622602271175,,,,,,,
335.1456616194341,,,,0.33646280759079944,0.04137296463432135,,0.2998175339582751,0.07947475974864857,0.004031609222554637,0.0032951827592672864,0.18325981207739447,,,,,,,
335.59318526876,,,,0.3361087003278613,0.0412887328412823,,0.2998322298314741,0.07934522738097867,0.004024166801979928,0.003292790164848415,0.18364420271047754,,,,,,,
336.04130650128513,,,,0.33575496574193486,0.04120467253692001,,0.29984692642500677,0.07921590613233989,0.004016738120242728,0.003290399307664922,0.1840293996095779,,,,,,,
336.490026114969,,,,0.3354016034407995,0.04112078337209832,,0.2998616237389086,0.07908679565863867,0.004009323151980906,0.0032880101864554124,0.1844154044658524,,,,,,,
336.939344908836,,,,0.33504861303264766,0.041037064998391874,,0.2998763217732147,0.07895789561634249,0.004001921871879155,0.0032856227999594227,0.18480221897400498,,,,,,,
337.38926368297837,,,,0.3346959941260837,0.04095351706808464,,0.2998910205279606,0.07882920566247843,0.003994534254668883,0.0032832371469173937,0.18518984483229475,,,,,,,
337.8397832385566,,,,0.3343437463301238,0.04087013923416847,,0.2999057200031814,0.07870072545463266,0.003987160275128155,0.0032808532260706815,0.185578283742543,,,,,,,
338.2909043778004,,,,0.33399186925419627,0.04078693115034182,,0.2999204201989126,0.07857245465094964,0.0039797999080816,0.0032784710361615653,0.18596753741014005,,,,,,,
338.74262790401065,,,,0.3336403625081403,0.040703892471008196,,0.2999351211151893,0.07844439291013085,0.003972453128400327,0.003276090575933228,0.18635760754405323,,,,,,,
339.19495462156146,,,,0.3332892257022053,0.040621022851274564,,0.299949822752047,0.07831653989143404,0.00396511991100181,0.0032737118441297677,0.1867484958568351,,,,,,,
339.6478853359012,,,,0.33293845844705094,0.04053832194695009,,0.299964525109521,0.0781888952546722,0.003957800230849841,0.003271334839496192,0.18714020406463033,,,,,,,
340.101420853553,,,,0.33258806035374694,0.04045578941454478,,0.29997922818764655,0.07806145866021298,0.003950494062954435,0.0032689595607784264,0.1875327338871826,,,,,,,
340.555561982117,,,,0.3322380310337726,0.040373424911268,,0.29999393198645896,0.07793422976897767,0.003943201382371729,0.0032665860067233056,0.18792608704784283,,,,,,,
341.01030953027237,,,,0.3318883700990154,0.0402912280950268,,0.30000863650599374,0.07780720824243989,0.00393592216420391,0.0032642141760785694,0.1883202652735773,,,,,,,
341.46566430777807,,,,0.33153907716177144,0.04020919862442478,,0.3000233417462859,0.07768039374262506,0.003928656383599125,0.0032618440675928687,0.1887152702949745,,,,,,,
341.9216271254738,,,,0.3311901518347452,0.04012733615876069,,0.30003804770737114,0.07755378593210968,0.003921404015751396,0.0032594756800157607,0.1891111038462525,,,,,,,
342.3781987952822,,,,0.3308415937310487,0.04004564035802687,,0.3000527543892845,0.07742738447402006,0.003914165035900545,0.0032571090120977163,0.18950776766526706,,,,,,,
342.8353801302098,,,,0.3304934024642013,0.039964110882907924,,0.3000674617920614,0.07730118903203172,0.003906939419332103,0.003254744062590114,0.1899052634935188,,,,,,,
343.29317194434935,,,,0.33014557764812846,0.039882747394779164,,0.3000821699157373,0.07717519927036806,0.0038997271413772163,0.003252380830245233,0.19030359307616182,,,,,,,
343.7515750528808,,,,0.3297981188971622,0.039801549555705314,,0.30009687876034724,0.07704941485379979,0.003892528177412562,0.0032500193138162606,0.19070275816201074,,,,,,,
344.2105902720719,,,,0.3294510258260408,0.03972051702843925,,0.3001115883259269,0.07692383544764421,0.0038853425028602916,0.0032476595120572863,0.19110276050354774,,,,,,,
344.6702184192802,,,,0.32910429804990815,0.039639649476420374,,0.30012629861251133,0.07679846071776408,0.0038781700931879225,0.0032453014237233155,0.1915036018569308,,,,,,,
345.13046031295556,,,,0.3287579351843124,0.03955894656377326,,0.30014100962013607,0.07667329033056655,0.003871010923908256,0.003242945047570246,0.19190528398200216,,,,,,,
345.5913167726407,,,,0.32841193684520653,0.039478407955306265,,0.30015572134883634,0.07654832395300255,0.0038638649705792865,0.0032405903823548798,0.19230780864229524,,,,,,,
346.05278861897193,,,,0.32806630264894826,0.03939803331651028,,0.3001704337986476,0.07642356125256591,0.003856732208804147,0.0032382374268349274,0.1927111776050421,,,,,,,
346.5148766736814,,,,0.32772103221229887,0.039317822313557245,,0.3001851469696051,0.0762990018972925,0.0038496126142310086,0.0032358861797690025,0.19311539264118133,,,,,,,
346.97758175959916,,,,0.32737612515242265,0.039237774613298616,,0.30019986086174427,0.07617464555575894,0.0038425061625529753,0.003233536639916613,0.19352045552536692,,,,,,,
347.4409047006541,,,,0.32703158108688657,0.0391578898832641,,0.30021457547510033,0.07605049189708216,0.0038354128295080355,0.00323118880603817,0.19392636803597513,,,,,,,
347.9048463218745,,,,0.3266873996336609,0.03907816779166043,,0.3002292908097088,0.07592654059091851,0.0038283325908789684,0.003228842676894983,0.1943331319551118,,,,,,,
348.3694074493908,,,,0.3263435804111175,0.038998608007369776,,0.3002440068656048,0.07580279130746259,0.003821265422493255,0.003226498251249266,0.1947407490686211,,,,,,,
348.8345889104361,,,,0.32600012303803017,0.03891921019994844,,0.30025872364282397,0.07567924371744675,0.0038142113002230076,0.0032241555278641324,0.1951492211660927,,,,,,,
349.30039153334883,,,,0.3256570271335735,0.03883997403962545,,0.3002734411414014,0.07555589749213967,0.003807170199984859,0.003221814505503587,0.1955585500408706,,,,,,,
349.76681614757365,,,,0.3253142923173228,0.03876089919730115,,0.3002881593613727,0.07543275230334597,0.0038001420977399115,0.003219475182932535,0.1959687374900604,,,,,,,
350.23386358366184,,,,0.32497191820925425,0.038681985344546053,,0.3003028783027731,0.07530980782340531,0.003793126969493652,0.0032171375589167763,0.19637978531453643,,,,,,,
350.70153467327395,,,,0.3246299044297441,0.03860323215359933,,0.30031759796563784,0.07518706372519128,0.0037861247912958505,0.003214801632223015,0.1967916953189505,,,,,,,
351.16983024918164,,,,0.32428825059956745,0.038524639297367304,,0.30033231835000246,0.07506451968211063,0.003779135539240492,0.003212467401618843,0.19720446931174027,,,,,,,
351.63875114526866,,,,0.3239469563398986,0.03844620644942225,,0.3003470394559023,0.07494217536810226,0.003772159189465694,0.0032101348658727445,0.19761810910513664,,,,,,,
352.10829819653145,,,,0.32360602127231114,0.03836793328400115,,0.3003617612833728,0.0748200304576368,0.0037651957181536184,0.0032078040237541097,0.19803261651517112,,,,,,,
352.57847223908146,,,,0.3232654450187767,0.03828981947600416,,0.300376483832449,0.07469808462571538,0.0037582451015304077,0.003205474874033212,0.19844799336168434,,,,,,,
353.04927411014734,,,,0.3229252272016645,0.038211864700993255,,0.3003912071031666,0.07457633754786869,0.003751307315866083,0.003203147415481217,0.19886424146833465,,,,,,,
353.52070464807576,,,,0.3225853674437411,0.0381340686351909,,0.3004059310955609,0.07445478890015617,0.00374438233747446,0.0032008216468701932,0.19928136266260568,,,,,,,
353.99276469233195,,,,0.3222458653681705,0.03805643095547888,,0.3004206558096673,0.07433343835916553,0.003737470142713099,0.003198497566973087,0.19969935877581346,,,,,,,
354.4654550835027,,,,0.32190672059851316,0.037978951339396744,,0.300435381245521,0.07421228560201144,0.003730570707983196,0.00319617517456375,0.20011823164311568,,,,,,,
354.93877666329666,,,,0.32156793275872597,0.03790162946514063,,0.3004501074031576,0.07409133030633497,0.0037236840097295163,0.0031938544684169128,0.2005379831035189,,,,,,,
355.4127302745472,,,,0.3212295014731609,0.0378244650115617,,0.3004648342826123,0.07397057215030234,0.003716810024440303,0.0031915354473081962,0.20095861499988774,,,,,,,
355.88731676121324,,,,0.32089142636656554,0.03774745765816494,,0.30047956188392055,0.07385001081260431,0.0037099487286471923,0.00318921811001412,0.20138012917895218,,,,,,,
356.3625369683798,,,,0.32055370706408276,0.037670607085108006,,0.30049429020711776,0.07372964597245558,0.003703100098925162,0.0031869024553120785,0.20180252749131522,,,,,,,
356.83839174226046,,,,0.3202163431912499,0.03759391297319963,,0.30050901925223933,0.07360947730959368,0.003696264111892432,0.0031845884819803687,0.20222581179146137,,,,,,,
357.3148819301993,,,,0.31987933437399807,0.03751737500389836,,0.30052374901932055,0.07348950450427784,0.0036894407442103674,0.003182276188798163,0.20264998393776573,,,,,,,
357.79200838067214,,,,0.31954268023865184,0.03744099285931124,,0.3005384795083969,0.0733697272372885,0.003682629972583428,0.0031799655745455204,0.20307504579250135,,,,,,,
358.26977194328674,,,,0.3192063804119298,0.03736476622219262,,0.3005532107195037,0.07325014518992658,0.0036758317737590816,0.0031776566380033967,0.20350099922184672,,,,,,,
358.7481734687857,,,,0.3188704345209431,0.03728869477594274,,0.30056794265267645,0.0731307580440124,0.0036690461245277232,0.003175349377953622,0.20392784609589476,,,,,,,
359.227213809048,,,,0.31853484219319517,0.037212778204606306,,0.30058267530795035,0.07301156548188463,0.0036622730017225763,0.003173043793178914,0.20435558828866154,,,,,,,
359.7068938170904,,,,0.3181996030565812,0.03713701619287128,,0.30059740868536106,0.07289256718639986,0.0036555123822196393,0.003170739882462872,0.2047842276780939,,,,,,,
360.1872143470678,,,,0.3178647167393886,0.03706140842606769,,0.3006121427849437,0.07277376284093151,0.003648764242937604,0.0031684376445899843,0.20521376614607717,,,,,,,
360.66817625427626,,,,0.31753018287029583,0.036985954590166105,,0.3006268776067339,0.07265515212936917,0.00364202856083777,0.0031661370783456215,0.20564420557844404,,,,,,,
361.1497803951533,,,,0.31719600107837215,0.03691065437177654,,0.30064161315076693,0.07253673473611766,0.003635305312923959,0.003163838182516031,0.2060755478649827,,,,,,,
361.63202762728093,,,,0.316862170993077,0.03683550745814691,,0.3006563494170782,0.07241851034609594,0.003628594476242447,0.0031615409558883424,0.20650779489944573,,,,,,,
362.1149188093862,,,,0.31652869224425956,0.03676051353716188,,0.30067108640570317,0.0723004786447366,0.003621896027881885,0.0031592453972505655,0.20694094857955792,,,,,,,
362.59845480134226,,,,0.3161955644621592,0.03668567229734164,,0.3006858241166771,0.0721826393179851,0.0036152099449732137,0.0031569515053915943,0.2073750108070239,,,,,,,
363.0826364641702,,,,0.3158627872774043,0.03661098342784056,,0.30070056255003563,0.07206499205229867,0.0036085362046896006,0.0031546592791012033,0.20780998348753715,,,,,,,
363.56746466004194,,,,0.3155303603210117,0.036536446618445725,,0.30071530170581395,0.0719475365346455,0.0036018747842463473,0.003152368717170039,0.20824586853078914,,,,,,,
364.0529402522803,,,,0.3151982832243864,0.036462061559575806,,0.30073004158404765,0.07183027245250391,0.0035952256609008025,0.0031500798183896296,0.2086826678504768,,,,,,,
364.53906410536035,,,,0.314866555619322,0.03638782794227987,,0.30074478218477196,0.07171319949386178,0.003588588811952318,0.003147792581552377,0.20912038336431044,,,,,,,
365.02583708491153,,,,0.31453517713799917,0.03631374545823594,,0.3007595235080225,0.07159631734721554,0.0035819642147421485,0.003145507005451569,0.20955901699402285,,,,,,,
365.5132600577198,,,,0.31420414741298586,0.036239813799749686,,0.30077426555383446,0.07147962570156915,0.003575351846653371,0.0031432230888813616,0.2099985706653784,,,,,,,
366.0013338917286,,,,0.31387346607723615,0.036166032659753204,,0.3007890083222435,0.07136312424643339,0.0035687516851108055,0.003140940830636785,0.2104390463081806,,,,,,,
366.49005945603966,,,,0.3135431327640913,0.03609240173180388,,0.3008037518132848,0.07124681267182534,0.003562163707580963,0.003138660229513755,0.21088044585628035,,,,,,,
366.97943762091546,,,,0.3132131471072779,0.036018920710082905,,0.30081849602699395,0.07113069066826719,0.003555587891571944,0.003136381284309048,0.21132277124758497,,,,,,,
367.46946925778036,,,,0.3128835087409085,0.03594558928939418,,0.30083324096340625,0.07101475792678565,0.003549024214633378,0.003134103993820326,0.21176602442406628,,,,,,,
367.96015523922296,,,,0.31255421729948,0.035872407165162816,,0.30084798662255724,0.0708990141389108,0.0035424726543563188,0.003131828356846117,0.21221020733177012,,,,,,,
368.451496438997,,,,0.31222527241787434,0.03579937403343404,,0.30086273300448224,0.07078345899667544,0.003535933188373199,0.003129554372185819,0.21265532192082418,,,,,,,
368.9434937320224,,,,0.31189667373135777,0.03572648959087201,,0.3008774801092168,0.0706680921926146,0.003529405794357747,0.003127282038639713,0.2131013701454459,,,,,,,
369.43614799438706,,,,0.31156842087558084,0.03565375353475842,,0.3008922279367962,0.07055291341976438,0.003522890450024907,0.0031250113550089368,0.21354835396395175,,,,,,,
369.92946010334987,,,,0.3112405134865766,0.035581165562991186,,0.30090697648725606,0.07043792237166098,0.0035163871331307453,0.003122742320095512,0.21399627533876647,,,,,,,
370.4234309373408,,,,0.3109129512007616,0.03550872537408329,,0.3009217257606316,0.0703231187423401,0.0035098958214724012,0.0031204749327023214,0.214445136236431,,,,,,,
370.9180613759622,,,,0.31058573365493525,0.03543643266716161,,0.3009364757569584,0.07020850222633632,0.0035034164928880057,0.003118209191633116,0.2148949386276105,,,,,,,
371.41335229999095,,,,0.3102588604862793,0.035364287141965565,,0.3009512264762718,0.07009407251868212,0.0034969491252566025,0.003115945095692525,0.21534568448710353,,,,,,,
371.90930459138076,,,,0.30993233133235676,0.035292288498845796,,0.3009659779186074,0.06997982931490672,0.003490493696498054,0.003113682643686036,0.2157973757938516,,,,,,,
372.40591913326307,,,,0.30960614583111234,0.03522043643876299,,0.30098073008400056,0.06986577231103579,0.0034840501845729947,0.0031114218344200045,0.2162500145309471,,,,,,,
372.90319680994776,,,,0.30928030362087194,0.035148730663286776,,0.30099548297248657,0.0697519012035904,0.00347761856748275,0.0031091626667016617,0.21670360268564123,,,,,,,
373.401138506926,,,,0.30895480434034206,0.03507717087459425,,0.30101023658410103,0.0696382156895863,0.003471198823269241,0.003106905139339093,0.21715814224935387,,,,,,,
373.8997451108708,,,,0.3086296476286098,0.03500575677546898,,0.30102499091887935,0.06952471546653309,0.0034647909300149385,0.00310464925114126,0.2176136352176816,,,,,,,
374.39901750964026,,,,0.3083048331251413,0.03493448806929948,,0.301039745976857,0.06941140023243321,0.0034583948658427665,0.0031023950009179814,0.21807008359040744,,,,,,,
374.89895659227767,,,,0.3079803604697822,0.03486336446007818,,0.30105450175806936,0.06929826968578137,0.003452010608916023,0.0031001423874799394,0.21852748937150912,,,,,,,
375.3995632490129,,,,0.307656229302758,0.034792385652400226,,0.301069258262552,0.06918532352556377,0.0034456381374383355,0.0030978914096386895,0.21898585456916686,,,,,,,
375.90083837126457,,,,0.3073324392646726,0.0347215513514622,,0.3010840154903402,0.06907256145125726,0.003439277429653564,0.0030956420662066404,0.2194451811957732,,,,,,,
376.40278285164237,,,,0.3070089899965074,0.034650861263060787,,0.3010987734414696,0.0689599831628284,0.0034329284638457275,0.003093394355997066,0.21990547126794235,,,,,,,
376.9053975839478,,,,0.30668588113962225,0.034580315093591614,,0.3011135321159755,0.06884758836073264,0.0034265912183389217,0.0030911482778241,0.22036672680651848,,,,,,,
377.4086834631752,,,,0.3063631123357543,0.034509912550048205,,0.30112829151389353,0.06873537674591391,0.0034202656714972753,0.0030889038305027413,0.22082894983658374,,,,,,,
377.9126413855139,,,,0.30604068322701833,0.03443965334002056,,0.3011430516352589,0.06862334801980347,0.0034139518017248524,0.003086661012848851,0.221292142387468,,,,,,,
378.4172722483513,,,,0.30571859345590446,0.0343695371716939,,0.30115781248010737,0.06851150188431902,0.003407649587465577,0.0030844198236791433,0.22175630649275865,,,,,,,
378.92257695027126,,,,0.3053968426652806,0.03429956375384774,,0.3011725740484741,0.06839983804186445,0.0034013590072031704,0.0030821802618111937,0.2222214441903072,,,,,,,
379.4285563910593,,,,0.30507543049838914,0.034229732795854284,,0.3011873363403948,0.06828835619532823,0.0033950800394610685,0.003079942326063435,0.22268755752224095,,,,,,,
379.9352114717012,,,,0.3047543565988489,0.03416004400767761,,0.3012020993559048,0.06817705604808351,0.003388812662802361,0.003077706015255162,0.22315464853496964,,,,,,,
380.44254309438577,,,,0.30443362061065354,0.034090497099872254,,0.3012168630950396,0.06806593730398669,0.003382556855829713,0.0030754713282065286,0.22362271927919533,,,,,,,
380.95055216250734,,,,0.30411322217817127,0.03402109178358195,,0.3012316275578346,0.06795499966737688,0.003376312597185274,0.0030732382637385382,0.22409177180992218,,,,,,,
381.4592395806666,,,,0.30379316094614417,0.03395182777053854,,0.30124639274432546,0.0678442428430749,0.003370079865550629,0.003071006820673054,0.22456180818646473,,,,,,,
381.96860625467133,,,,0.30347343655968906,0.03388270477306078,,0.30126115865454756,0.06773366653638295,0.0033638586396467223,0.0030687769978327904,0.22503283047245634,,,,,,,
382.47865309153883,,,,0.30315404866429585,0.03381372250405321,,0.30127592528853625,0.06762327045308354,0.003357648898233781,0.003066548794041327,0.22550484073585872,,,,,,,
382.98938099949845,,,,0.30283499690582755,0.03374488067700473,,0.3012906926463271,0.06751305429943846,0.0033514506201112264,0.003064322208123088,0.22597784104897203,,,,,,,
383.5007908879922,,,,0.30251628093051947,0.03367617900598754,,0.30130546072795567,0.06740301778218832,0.003345263784117625,0.0030620972389033513,0.22645183348844306,,,,,,,
384.0128836676756,,,,0.3021979003849799,0.033607617205656096,,0.30132022953345733,0.06729316060855187,0.003339088369130614,0.0030598738852082564,0.22692682013527365,,,,,,,
384.52566025042046,,,,0.3018798549161891,0.033539194991245774,,0.3013349990628676,0.06718348248622502,0.0033329243540668155,0.0030576521458647835,0.22740280307483066,,,,,,,
385.03912154931714,,,,0.301562144171498,0.03347091207857155,,0.3013497693162219,0.06707398312337985,0.0033267717178817693,0.003055432019700776,0.22787978439685605,,,,,,,
385.55326847867383,,,,0.3012447677986298,0.0334027681840272,,0.30136454029355586,0.06696466222866444,0.0033206304395698777,0.003053213505544921,0.22835776619547368,,,,,,,
386.0681019540211,,,,0.30092772544567725,0.0333347630245837,,0.30137931199490486,0.06685551951120135,0.0033145004981642964,0.003050996602226753,0.22883675056920127,,,,,,,
386.58362289211084,,,,0.3006110167611045,0.033266896317788335,,0.30139408442030435,0.0667465546805875,0.0033083818727369066,0.003048781308576666,0.22931673962095706,,,,,,,
387.09983221091926,,,,0.3002946413937453,0.03319916778176351,,0.30140885756978997,0.06663776744689318,0.0033022745423982197,0.0030465676234259008,0.2297977354580703,,,,,,,
387.6167308296489,,,,0.2999785989928029,0.03313157713520539,,0.301423631443397,0.06652915752066092,0.0032961784862973052,0.003044355545606541,0.23027974019229114,,,,,,,
388.1343196687299,,,,0.29966288920784934,0.03306412409738284,,0.3014384060411612,0.06642072461290521,0.0032900936836217157,0.0030421450739515224,0.23076275593979903,,,,,,,
388.6525996498206,,,,0.29934751168882634,0.03299680838813638,,0.30145318136311783,0.06631246843511153,0.0032840201135974387,0.0030399362072946238,0.2312467848212116,,,,,,,
389.17157169581014,,,,0.29903246608604367,0.0329296297278769,,0.3014679574093025,0.06620438869923567,0.003277957755488808,0.0030377289444704814,0.23173182896159436,,,,,,,
389.69123673082055,,,,0.298717752050179,0.03286258783758442,,0.30148273417975063,0.06609648511770282,0.0032719065885984337,0.0030355232843145667,0.232217890490471,,,,,,,
390.21159568020806,,,,0.2984033692322772,0.03279568243880702,,0.3014975116744979,0.0659887574034067,0.003265866592267122,0.0030333192256631982,0.23270497154183192,,,,,,,
390.7326494705638,,,,0.2980893172837515,0.032728913253659765,,0.30151228989357953,0.06588120526970931,0.0032598377458738343,0.0030311167673535474,0.23319307425414273,,,,,,,
391.2543990297163,,,,0.297775595856381,0.032662280004823435,,0.30152706883703134,0.06577382843043957,0.003253820028835591,0.0030289159082236192,0.23368220077035504,,,,,,,
391.77684528673296,,,,0.2974622046023123,0.03259578241554347,,0.30154184850488863,0.065666626599893,0.003247813420607417,0.003026716647112273,0.23417235323791497,,,,,,,
392.29998917192233,,,,0.2971491431740569,0.032529420209628644,,0.3015566288971869,0.06555959949283068,0.003241817900682245,0.003024518982859203,0.23466353380877353,,,,,,,
392.8238316168353,,,,0.2968364112244926,0.032463193111450024,,0.30157141001396176,0.06545274682447842,0.0032358334485908767,0.0030223229143049456,0.23515574463939565,,,,,,,
393.348373554266,,,,0.29652400840686255,0.032397100845939955,,0.30158619185524865,0.06534606831052651,0.003229860043901901,0.0030201284402908883,0.23564898789076874,,,,,,,
393.87361591825385,,,,0.29621193437477517,0.03233114313859078,,0.30160097442108313,0.06523956366712845,0.0032238976662216285,0.0030179355596592506,0.2361432657284127,,,,,,,
394.3995596440865,,,,0.2959001887822027,0.03226531971545362,,0.3016157577115007,0.06513323261090037,0.003217946295194,0.0030157442712530932,0.23663858032239063,,,,,,,
394.92620566830044,,,,0.2955887712834819,0.032199630303137355,,0.30163054172653686,0.06502707485892016,0.0032120059105005434,0.003013554573916325,0.23713493384731724,,,,,,,
395.45355492868197,,,,0.2952776815333133,0.03213407462880751,,0.30164532646622705,0.06492109012872703,0.0032060764918603025,0.003011366466493683,0.2376323284823679,,,,,,,
395.9816083642696,,,,0.2949669191867613,0.03206865242018513,,0.301660111930607,0.06481527813832061,0.0032001580190297485,0.0030091799478307547,0.23813076641128872,,,,,,,
396.51036691535654,,,,0.2946564838992526,0.03200336340554547,,0.30167489811971204,0.0647096386061599,0.003194250471802731,0.003006995016773957,0.2386302498224071,,,,,,,
397.03983152349156,,,,0.2943463753265767,0.031938207313717014,,0.3016896850335778,0.0646041712511628,0.003188353830010386,0.0030048116721705436,0.2391307809086404,,,,,,,
397.57000313148,,,,0.29403659312488556,0.03187318387408041,,0.3017044726722397,0.06449887579270554,0.0031824680735210984,0.003002629912868616,0.23963236186750506,,,,,,,
398.1008826833864,,,,0.2937271369506931,0.03180829281656722,,0.30171926103573343,0.0643937519506216,0.00317659318224041,0.003000449737717098,0.24013499490112697,,,,,,,
398.6324711245355,,,,0.29341800646087485,0.03174353387165888,,0.3017340501240943,0.0642887994452012,0.0031707291361109608,0.0029982711455657633,0.2406386822162509,,,,,,,
399.1647694015154,,,,0.2931092013126669,0.031678906770385484,,0.3017488399373581,0.06418401799719027,0.0031648759151124126,0.002996094135265209,0.24114342602425096,,,,,,,
399.69777846217784,,,,0.2928007211636662,0.03161441124432466,,0.30176363047556015,0.06407940732778984,0.0031590334992613774,0.00299391870566687,0.2416492285411396,,,,,,,
400.23149925563973,,,,0.29249256567183046,0.03155004702560067,,0.3017784217387361,0.0639749671586556,0.0031532018686113708,0.0029917448556230214,0.2421560919875767,,,,,,,
400.76593273228514,,,,0.2921847344954775,0.031485813846883134,,0.30179321372692136,0.06387069721189684,0.0031473810032527283,0.0029895725839867646,0.24266401858888006,,,,,,,
401.30107984376815,,,,0.29187722729328397,0.031421711441385836,,0.30180800644015165,0.06376659721007556,0.003141570883312535,0.0029874018896120353,0.2431730105750358,,,,,,,
401.8369415430135,,,,0.29157004372428613,0.03135773954286571,,0.3018227998784623,0.06366266687620611,0.003135771488954553,0.0029852327713535995,0.2436830701807075,,,,,,,
402.37351878421754,,,,0.2912631834478792,0.03129389788562185,,0.30183759404188903,0.06355890593375425,0.003129982800379177,0.0029830652280670596,0.24419419964524516,,,,,,,
402.9108125228509,,,,0.29095664612381716,0.03123018620449426,,0.3018523889304673,0.06345531410663659,0.0031242047978233536,0.0029808992586088504,0.244706401212696,,,,,,,
403.4488237156608,,,,0.29065043141221136,0.031166604234862724,,0.30186718454423267,0.06335189111921943,0.003118437461560495,0.0029787348618362294,0.24521967713181478,,,,,,,
403.987553320672,,,,0.2903445389735312,0.031103151712645778,,0.3018819808832207,0.06324863669631849,0.0031126807719004403,0.002976572036607288,0.2457340296560732,,,,,,,
404.5270022971877,,,,0.29003896846860333,0.031039828374299645,,0.3018967779474669,0.06314555056319804,0.0031069347091893787,0.0029744107817809436,0.24624946104366874,,,,,,,
405.0671716057926,,,,0.28973371955861177,0.030976633956817108,,0.30191157573700683,0.06304263244557001,0.0031011992538097777,0.0029722510962169476,0.2467659735575361,,,,,,,
405.60806220835343,,,,0.28942879190509685,0.030913568197726435,,0.301926374251876,0.06293988206959358,0.0030954743861803264,0.0029700929787758795,0.24728356946535585,,,,,,,
406.14967506802236,,,,0.289124185169955,0.030850630835090175,,0.3019411734921101,0.06283729916187397,0.0030897600867558443,0.00296793642831914,0.24780225103956602,,,,,,,
406.69201114923754,,,,0.2888198990154381,0.030787821607504155,,0.3019559734577445,0.0627348834494621,0.0030840563360272416,0.002965781443708961,0.24832202055737107,,,,,,,
407.23507141772416,,,,0.2885159331041544,0.0307251402540965,,0.30197077414881496,0.0626326346598539,0.003078363114521449,0.0029636280238083943,0.2488428803007512,,,,,,,
407.778856840497,,,,0.2882122870990669,0.030662586514526434,,0.3019855755653568,0.06253055252098934,0.0030726804028013356,0.00296147616748133,0.24936483255647302,,,,,,,
408.3233683858628,,,,0.28790896066349303,0.030600160128983145,,0.30200037770740584,0.06242863676125178,0.003067008181465658,0.0029593258735924714,0.2498878796161005,,,,,,,
408.8686070234214,,,,0.2876059534611044,0.030537860838184726,,0.30201518057499743,0.06232688710946718,0.003061346431148975,0.002957177141007347,0.25041202377600424,,,,,,,
409.41457372406654,,,,0.2873032651559272,0.030475688383377286,,0.3020299841681673,0.0622253032949037,0.0030556951325216098,0.0029550299685923184,0.25093726733737076,,,,,,,
409.9612694599884,,,,0.2870008954123412,0.030413642506333712,,0.3020447884869508,0.06212388504727073,0.003050054266289566,0.0029528843552145607,0.25146361260621314,,,,,,,
410.50869520467603,,,,0.28669884389507877,0.03035172294935253,,0.3020595935313838,0.06202263209671803,0.0030444238131944606,0.0029507402997420717,0.25199106189338233,,,,,,,
411.05685193291856,,,,0.2863971102692253,0.030289929455256933,,0.30207439930150154,0.06192154417383514,0.003038803754013453,0.002948597801043681,0.25251961751457647,,,,,,,
411.6057406208059,,,,0.2860956942002191,0.03022826176739378,,0.30208920579733983,0.06182062100965093,0.0030331940695592034,0.002946456857989026,0.25304928179034974,,,,,,,
412.1553622457317,,,,0.28579459535385027,0.03016671962963242,,0.30210401301893414,0.06171986233563255,0.0030275947406797864,0.0029443174694485778,0.2535800570461245,,,,,,,
412.70571778639425,,,,0.28549381339626084,0.030105302786363704,,0.30211882096632003,0.06161926788368489,0.0030220057482586347,0.0029421796342936155,0.25411194561220013,,,,,,,
413.2568082227998,,,,0.28519334799394397,0.0300440109824988,,0.3021336296395331,0.061518837386149626,0.003016427073214466,0.00294004335139625,0.2546449498237647,,,,,,,
413.80863453626296,,,,0.2848931988137436,0.02998284396346818,,0.302148439038609,0.06141857057580468,0.003010858696501215,0.0029379086196294015,0.25517907202090434,,,,,,,
414.361197709408,,,,0.2845933655228549,0.029921801475220725,,0.3021632491635832,0.061318467185863694,0.00300530059910799,0.002935775437866809,0.2557143145486127,,,,,,,
414.91449872617113,,,,0.2842938477888231,0.02986088326422253,,0.3021780600144913,0.061218526949975136,0.002999752762058994,0.0029336438049830382,0.25625067975680227,,,,,,,
415.46853857180355,,,,0.2839946452795431,0.029800089077455776,,0.30219287159136893,0.061118749602221356,0.0029942151664134444,0.002931513719853463,0.25678817000031523,,,,,,,
416.0233182328718,,,,0.28369575766325916,0.02973941866241776,,0.3022076838942517,0.06101913487711825,0.0029886877932655325,0.002929385181354274,0.257326787638933,,,,,,,
416.57883869725913,,,,0.2833971846085652,0.029678871767119946,,0.3022224969231751,0.0609196825096144,0.0029831706237443537,0.002927258188362486,0.25786653503738605,,,,,,,
417.13510095416785,,,,0.28309892578440393,0.02961844814008683,,0.3022373106781747,0.06082039223509054,0.002977663639013842,0.0029251327397559214,0.25840741456536476,,,,,,,
417.69210599412196,,,,0.28280098086006605,0.029558147530354805,,0.3022521251592863,0.0607212637893584,0.002972166820272688,0.00292300883441322,0.2589494285975309,,,,,,,
418.24985480896817,,,,0.28250334950519024,0.029497969687471166,,0.30226694036654517,0.06062229690866043,0.002966680148754299,0.0029208864712138316,0.259492579513527,,,,,,,
418.8083483918768,,,,0.2822060313897634,0.029437914361493244,,0.3022817562999872,0.060523491329669075,0.0029612036057267282,0.0029187656490380276,0.2600368696979863,,,,,,,
419.3675877373447,,,,0.2819090261841194,0.02937798130298717,,0.3022965729596478,0.06042484678948581,0.00295573717249261,0.0029166463667668905,0.26058230154054396,,,,,,,
419.92757384119636,,,,0.2816123335589395,0.029318170263026945,,0.3023113903455627,0.06032636302564079,0.002950280830389086,0.002914528623282311,0.2611288774358474,,,,,,,
420.4883077005868,,,,0.2813159531852508,0.02925848099319327,,0.3023262084577673,0.060228039776091695,0.0029448345607877577,0.0029124124174669938,0.26167659978356744,,,,,,,
421.0497903140025,,,,0.281019884734427,0.029198913245572614,,0.30234102729629747,0.060129876779223414,0.0029393983450946024,0.0029102977482044516,0.26222547098840837,,,,,,,
421.6120226812625,,,,0.28072412787818773,0.02913946677275626,,0.30235584686118855,0.060031873773847326,0.0029339721647499368,0.002908184614379014,0.26277549346011747,,,,,,,
422.1750058035208,,,,0.28042868228859835,0.029080141327839194,,0.30237066715247635,0.059934030499200444,0.0029285560012283366,0.0029060730148758205,0.26332666961349643,,,,,,,
422.7387406832691,,,,0.28013354763806886,0.029020936664419003,,0.30238548817019634,0.05983634669494476,0.002923149836038573,0.002903962948580815,0.2638790018684131,,,,,,,
423.3032283243379,,,,0.279838723599354,0.028961852536594893,,0.3024003099143842,0.05973882210116648,0.0029177536507235423,0.002901854414380752,0.264432492649811,,,,,,,
423.8684697318971,,,,0.2795442098455534,0.028902888698966827,,0.30241513238507545,0.05964145645837563,0.002912367426860229,0.0028997474111631927,0.26498714438771886,,,,,,,
424.43446591245885,,,,0.27925000605011063,0.028844044906634368,,0.30242995558230584,0.059544249507505184,0.002906991146059623,0.002897641937816513,0.2655429595172628,,,,,,,
425.0012178738802,,,,0.27895611188681274,0.028785320915195586,,0.3024447795061108,0.05944720098991016,0.0029016247899666587,0.0028955379932298895,0.2660999404786774,,,,,,,
425.568726625364,,,,0.2786625270297897,0.02872671648074614,,0.3024596041565262,0.05935031064736713,0.002896268340260144,0.002893435576293303,0.2666580897173156,,,,,,,
426.1369931774598,,,,0.27836925115351535,0.028668231359878338,,0.30247442953358744,0.05925357822207372,0.002890921778652724,0.002891334685897551,0.26721740968365865,,,,,,,
426.706018542067,,,,0.27807628393280553,0.02860986530968,,0.30248925563733015,0.05915700345664765,0.002885585086890796,0.002889235320934224,0.2677779028333283,,,,,,,
427.2758037324358,,,,0.2777836250428187,0.028551618087733543,,0.3025040824677901,0.05906058609412622,0.00288025824675446,0.002887137480295728,0.2683395716270965,,,,,,,
427.8463497631702,,,,0.2774912741590548,0.028493489452114853,,0.30251891002500264,0.058964325877965365,0.0028749412400574355,0.002885041162875266,0.26890241853089747,,,,,,,
428.4176576502291,,,,0.27719923095735516,0.0284354791613923,,0.3025337383090037,0.05886822255203914,0.0028696340486470224,0.0028829463675668432,0.26946644601583786,,,,,,,
428.9897284109271,,,,0.2769074951139028,0.02837758697462593,,0.3025485673198287,0.058772275860639246,0.0028643366544040347,0.002880853093265278,0.2700316565582067,,,,,,,
429.56256306393726,,,,0.2766160663052215,0.0283198126513663,,0.3025633970575134,0.05867648554847414,0.0028590490392427373,0.0028787613388661787,0.27059805263948705,,,,,,,
430.13616262929366,,,,0.276324944208175,0.02826215595165342,,0.3025782275220933,0.05858085136066818,0.0028537711851107663,0.0028766711032659673,0.2711656367463677,,,,,,,
430.7105281283926,,,,0.2760341284999673,0.028204616636015832,,0.30259305871360415,0.058485373042761156,0.002848503073989093,0.002874582385361859,0.2717344113707534,,,,,,,
431.2856605839932,,,,0.2757436188581423,0.028147194465469712,,0.30260789063208143,0.05839005034070775,0.0028432446878919543,0.002872495184051868,0.2723043790097749,,,,,,,
431.8615610202205,,,,0.2754534149605835,0.028089889201517785,,0.30262272327756096,0.058294883000876714,0.002837996008866791,0.0028704094982348197,0.2728755421658005,,,,,,,
432.43823046256773,,,,0.2751635164855128,0.028032700606148264,,0.3026375566500782,0.05819987077004997,0.002832757018994172,0.0028683253268103285,0.27344790334644836,,,,,,,
433.01566993789766,,,,0.2748739231114909,0.02797562844183389,,0.30265239074966893,0.05810501339542226,0.0028275277003877563,0.0028662426686788083,0.27402146506459635,,,,,,,
433.5938804744432,,,,0.2745846345174171,0.027918672471531125,,0.30266722557636866,0.05801031062460038,0.0028223080351942155,0.002864161522741481,0.2745962298383922,,,,,,,
434.17286310181083,,,,0.27429565038252846,0.02786183245867896,,0.3026820611302132,0.0579157622056025,0.0028170980055931853,0.002862081887900353,0.27517220019126604,,,,,,,
434.7526188509814,,,,0.27400697038639993,0.027805108167198056,,0.30269689741123795,0.05782136788685756,0.002811897593797197,0.002860003763058241,0.2757493786519404,,,,,,,
435.3331487543132,,,,0.2737185942089432,0.027748499361489626,,0.30271173441947885,0.0577271274172043,0.002806706782051616,0.002857927147118749,0.27632776775444284,,,,,,,
435.9144538455433,,,,0.27343052153040664,0.027692005806434543,,0.30272657215497123,0.057633040545890954,0.0028015255526345744,0.0028558520389862776,0.27690737003811605,,,,,,,
436.496535159788,,,,0.2731427520313759,0.027635627267392437,,0.302741410617751,0.05753910702257443,0.0027963538878569326,0.0028537784375660307,0.277488188047628,,,,,,,
437.0793937335458,,,,0.27285528539277265,0.027579363510200655,,0.3027562498078536,0.057445326597319754,0.002791191770062204,0.002851706341763999,0.2780702243329843,,,,,,,
437.6630306047005,,,,0.27256812129585395,0.027523214301173212,,0.3027710897253149,0.057351699020599195,0.0027860391816264913,0.0028496357504869704,0.27865348144954016,,,,,,,
438.24744681252133,,,,0.2722812594222122,0.027467179407099834,,0.3027859303701703,0.057258224043291624,0.0027808961049584245,0.0028475666626425235,0.27923796195801065,,,,,,,
438.8326433976646,,,,0.27199469945377547,0.027411258595245177,,0.30280077174245573,0.05716490141668217,0.0027757625224991214,0.0028454990771390365,0.279823668424481,,,,,,,
439.4186214021762,,,,0.2717084410728067,0.02735545163334771,,0.3028156138422067,0.05707173089246123,0.002770638416722113,0.0028434329928856794,0.28041060342041896,,,,,,,
440.0053818694949,,,,0.27142248396190216,0.027299758289618642,,0.30283045666945874,0.05697871222272382,0.002765523770133269,0.002841368408792409,0.2809987695226873,,,,,,,
440.59292584445075,,,,0.27113682780399356,0.027244178332741252,,0.3028453002242477,0.056885845159969216,0.0027604185652707713,0.0028393053237699734,0.28158816931355196,,,,,,,
441.18125437327103,,,,0.2708514722823451,0.027188711531869584,,0.3028601445066092,0.05679312945709979,0.002755322784705024,0.00283724373672992,0.28217880538069706,,,,,,,
441.7703685035786,,,,0.270566417080555,0.027133357656627805,,0.3028749895165789,0.05670056486742094,0.002750236411038615,0.002835183646584575,0.2827706803172331,,,,,,,
442.3602692843952,,,,0.27028166188255454,0.027078116477109095,,0.30288983525419233,0.056608151144640004,0.0027451594269062504,0.002833125052247067,0.2833637967217097,,,,,,,
442.95095776614426,,,,0.2699972063726073,0.027022987763874635,,0.3029046817194854,0.056515888042865746,0.0027400918149746785,0.0028310679526313033,0.2839581571981277,,,,,,,
443.5424350006519,,,,0.269713050235309,0.026967971287952697,,0.3029195289124936,0.0564237753166076,0.0027350335579426543,0.0028290123466519807,0.2845537643559502,,,,,,,
444.13470204114776,,,,0.2694291931555879,0.026913066820837824,,0.3029343768332527,0.05633181272077529,0.0027299846385408742,0.0028269582332245934,0.28515062081011255,,,,,,,
444.72775994226794,,,,0.2691456348187035,0.02685827413448978,,0.30294922548179826,0.05624000001067802,0.0027249450395319154,0.002824905611265413,0.28574872918103494,,,,,,,
445.32160976005764,,,,0.26886237491024667,0.0268035930013325,,0.30296407485816607,0.05614833694202363,0.0027199147437101637,0.0028228544796915014,0.28634809209463497,,,,,,,
445.9162525519724,,,,0.26857941311613864,0.02674902319425326,,0.3029789249623917,0.05605682327091811,0.002714893733901776,0.002820804837420705,0.28694871218233814,,,,,,,
446.51168937687856,,,,0.26829674912263207,0.026694564486601794,,0.3029937757945109,0.055965458753865154,0.0027098819929646085,0.0028187566833716596,0.28755059208108846,,,,,,,
447.1079212950567,,,,0.26801438261630933,0.02664021665218927,,0.3030086273545593,0.0558742431477653,0.002704879503788169,0.0028167100164637883,0.288153734433361,,,,,,,
447.70494936820444,,,,0.26773231328408253,0.026585979465287256,,0.3030234796425727,0.05578317620991505,0.002699886249293542,0.0028146648356172916,0.2887581418871748,,,,,,,
448.30277465943516,,,,0.2674505408131937,0.026531852700627006,,0.3030383326585866,0.05569225769800682,0.0026949022124333516,0.0028126211397531574,0.28936381709610143,,,,,,,
448.9013982332838,,,,0.2671690648912135,0.026477836133398276,,0.30305318640263684,0.05560148737012762,0.0026899273761916745,0.0028105789277931546,0.2899707627192801,,,,,,,
449.5008211557054,,,,0.2668878852060418,0.026423929539248624,,0.303068040874759,0.055510864984759,0.0026849617235840152,0.0028085381986598396,0.2905789814214262,,,,,,,
450.10104449407834,,,,0.26660700144590715,0.026370132694282372,,0.3030828960749888,0.05542039030077613,0.002680005237657228,0.002806498951276552,0.2911884758728445,,,,,,,
450.70206931720713,,,,0.2663264132993655,0.0263164453750596,,0.3030977520033619,0.055330063077447,0.0026750579014894614,0.0028044611845674076,0.29179924874944174,,,,,,,
451.30389669532366,,,,0.26604612045530096,0.026262867358595277,,0.30311260865991413,0.05523988307443206,0.002670119698190093,0.0028024248974573055,0.2924113027327373,,,,,,,
451.90652770008785,,,,0.2657661226029253,0.02620939842235845,,0.30312746604468105,0.055149850051783494,0.0026651906108996946,0.002800390088871923,0.29302464050987426,,,,,,,
452.50996340459056,,,,0.2654864194317772,0.026156038344271198,,0.30314232415769826,0.055059963769944625,0.0026602706227899613,0.002798356757737726,0.293639264773632,,,,,,,
453.1142048833567,,,,0.26520701063172203,0.026102786902707686,,0.30315718299900174,0.054970223989749135,0.0026553597170636393,0.0027963249029819516,0.29425517822243896,,,,,,,
453.7192532123458,,,,0.26492789589295124,0.026049643876493236,,0.3031720425686269,0.05488063047242041,0.0026504578769544914,0.002794294523532615,0.2948723835603837,,,,,,,
454.3251094689533,,,,0.26464907490598294,0.025996609044903588,,0.30318690286660965,0.05479118297957123,0.002645565085727234,0.002792265618318519,0.2954908834972254,,,,,,,
454.9317747320137,,,,0.2643705473616606,0.025943682187663804,,0.30320176389298553,0.05470188127320276,0.0026406813266774735,0.0027902381862692327,0.29611068074840785,,,,,,,
455.53925008180175,,,,0.26409231295115343,0.025890863084947445,,0.3032166256477904,0.05461272511570419,0.0026358065831316594,0.0027882122263151138,0.29673177803506984,,,,,,,
456.14753660003544,,,,0.2638143713659551,0.025838151517375542,,0.30323148813105977,0.054523714269851885,0.0026309408384470067,0.002786187737387288,0.29735417808405884,,,,,,,
456.75663536987736,,,,0.26353672229788416,0.02578554726601576,,0.30324635134282957,0.05443484849880875,0.0026260840760114613,0.0027841647184176565,0.29797788362794186,,,,,,,
457.36654747593536,,,,0.2632593654390836,0.025733050112381577,,0.3032612152831353,0.05434612756612395,0.002621236279243639,0.002782143168338906,0.2986028974050167,,,,,,,
457.9772740042658,,,,0.2629823004820208,0.025680659838431295,,0.3032760799520129,0.05425755123573188,0.002616397431592766,0.0027801230860844887,0.2992292221593245,,,,,,,
458.588816042376,,,,0.262705527119486,0.025628376226567016,,0.30329094534949785,0.054169119271951734,0.0026115675165386096,0.002778104470588631,0.29985686064066336,,,,,,,
459.2011746792255,,,,0.2624290450445932,0.025576199059633896,,0.303305811475626,0.05408083143948667,0.002606746517591444,0.0027760873207863424,0.3004858156045989,,,,,,,
459.8143510052271,,,,0.26215285395077925,0.02552412812091926,,0.303320678330433,0.05399268750342359,0.0026019344182919785,0.0027740716356133934,0.30111608981247573,,,,,,,
460.4283461122494,,,,0.2618769535318041,0.025472163194151642,,0.3033355459139547,0.05390468722923224,0.002597131202211314,0.0027720574140063397,0.3017476860314305,,,,,,,
461.04316109362026,,,,0.2616013434817494,0.025420304063499804,,0.30335041422622655,0.05381683038276445,0.0025923368529508746,0.0027700446549024996,0.3023806070344047,,,,,,,
461.65879704412714,,,,0.2613260234950188,0.025368550513571935,,0.30336528326728457,0.05372911673025369,0.0025875513541423487,0.0027680333572399638,0.30301485560015634,,,,,,,
462.2752550600187,,,,0.26105099326633785,0.025316902329414803,,0.30338015303716437,0.0536415460383146,0.002582774689447653,0.002766023519957602,0.30365043451327095,,,,,,,
462.8925362390077,,,,0.2607762524907534,0.02526535929651278,,0.30339502353590153,0.05355411807394211,0.0025780068425588607,0.002764015141995043,0.304287346564175,,,,,,,
463.5106416802724,,,,0.26050180086363334,0.025213921200787016,,0.303409894763532,0.05346683260451101,0.0025732477971981515,0.0027620082222926975,0.3049255945491478,,,,,,,
464.1295724844596,,,,0.26022763808066574,0.02516258782859439,,0.3034247667200913,0.053379689397775064,0.002568497537117752,0.0027600027597917366,0.30556518127033466,,,,,,,
464.74932975368586,,,,0.2599537638378589,0.025111358966726782,,0.30343963940561536,0.053292688221866565,0.0025637560460998747,0.0027579987534341,0.30620610953575844,,,,,,,
465.36991459153853,,,,0.2596801778315415,0.025060234402410213,,0.3034545128201397,0.053205828845295886,0.0025590233079566824,0.0027559962021625048,0.30684838215933097,,,,,,,
465.99132810307844,,,,0.259406879758362,0.025009213923303884,,0.3034693869637003,0.05311911103695068,0.002554299306530223,0.002753995104920426,0.3074920019608663,,,,,,,
466.6135713948431,,,,0.2591338693152875,0.024958297317499233,,0.30348426183633265,0.053032534566095114,0.002549584025692357,0.0027519954606521108,0.3081369717660941,,,,,,,
467.2366455748476,,,,0.25886114619960393,0.02490748437351913,,0.30349913743807266,0.0529460992023695,0.002544877449344727,0.0027499972683025673,0.30878329440667096,,,,,,,
467.86055175258554,,,,0.25858871010891643,0.02485677488031706,,0.303514013768956,0.052859804715789625,0.0025401795614186954,0.002748000526817578,0.309430972720192,,,,,,,
468.48529103903206,,,,0.25831656074114845,0.0248061686272762,,0.3035288908290184,0.052773650876746216,0.0025354903458752903,0.002746005235143689,0.31008000955020415,,,,,,,
469.1108645466467,,,,0.25804469779454065,0.02475566540420841,,0.3035437686182956,0.05268763745600402,0.0025308097867051357,0.0027440113922282063,0.3107304077462199,,,,,,,
469.73727338937465,,,,0.25777312096765154,0.024705265001353515,,0.3035586471368234,0.05260176422470148,0.0025261378679284157,0.002742018997019203,0.31138217016372854,,,,,,,
470.3645186826475,,,,0.2575018299593571,0.02465496720937845,,0.30357352638463747,0.05251603095435016,0.002521474573594817,0.0027400280484655135,0.31203529966420773,,,,,,,
470.9926015433866,,,,0.2572308244688503,0.024604771819376297,,0.30358840636177364,0.05243043741683388,0.0025168198877834687,0.0027380385455167402,0.31268979911513783,,,,,,,
471.62152309000464,,,,0.2569601041956405,0.024554678622865506,,0.30360328706826756,0.05234498338440845,0.002512173794602893,0.0027360504871232496,0.313345671390013,,,,,,,
472.2512844424084,,,,0.25668966883955324,0.02450468741178888,,0.3036181685041551,0.05225966862970061,0.0025075362781909376,0.002734063872236163,0.3140029193683559,,,,,,,
472.8818867220001,,,,0.2564195181007298,0.024454797978512834,,0.3036330506694718,0.05217449292570781,0.002502907322714741,0.0027320786998073676,0.3146615459357288,,,,,,,
473.51333105167856,,,,0.25614965167962755,0.024405010115826554,,0.30364793356425374,0.052089456045797566,0.0024982869123706657,0.002730094968789508,0.3153215539837457,,,,,,,
474.1456185558419,,,,0.25588006927701895,0.024355323616941125,,0.3036628171885364,0.052004557763706695,0.002493675031384253,0.0027281126781359974,0.31598294641008556,,,,,,,
474.7787503603907,,,,0.25561077059399123,0.02430573827548851,,0.3036777015423556,0.05191979785354078,0.002489071664010162,0.0027261318268010015,0.31664572611850655,,,,,,,
475.4127275927289,,,,0.25534175533194586,0.02425625388552087,,0.30369258662574716,0.0518351760897735,0.0024844767945321087,0.0027241524137394447,0.3173098960188574,,,,,,,
476.047551381765,,,,0.2550730231925994,0.024206870241509706,,0.30370747243874685,0.051750692247246266,0.002479890407262835,0.0027221744379070188,0.3179754590270891,,,,,,,
476.68322285791487,,,,0.25480457387798194,0.024157587138344965,,0.3037223589813904,0.05166634610116748,0.0024753124865440376,0.0027201978982601626,0.31864241806526933,,,,,,,
477.31974315310475,,,,0.254536407090437,0.024108404371334106,,0.30373724625371346,0.051582137427111756,0.0024707430167463184,0.0027182227937560836,0.3193107760615954,,,,,,,
477.9571134007725,,,,0.2542685225326213,0.024059321736201324,,0.30375213425575204,0.051498066001019506,0.0024661819822691224,0.002716249123352738,0.31998053595040693,,,,,,,
478.5953347358685,,,,0.25400091990750484,0.024010339029086773,,0.30376702298754166,0.05141413159919646,0.0024616293675407074,0.00271427688600884,0.32065170067219706,,,,,,,
479.2344082948589,,,,0.2537335989183702,0.023961456046545617,,0.30378191244911823,0.051330333998312876,0.0024570851570180703,0.0027123060806838635,0.3213242731736275,,,,,,,
479.8743352157271,,,,0.2534665592688122,0.02391267258554726,,0.30379680264051745,0.051246672975403085,0.0024525493351869065,0.0027103367063380387,0.32199825640753976,,,,,,,
480.51511663797703,,,,0.25319980066273734,0.02386398844347435,,0.30381169356177523,0.05116314830786465,0.002448021886561539,0.002708368761932346,0.3226736533329703,,,,,,,
481.1567537026342,,,,0.25293332280436376,0.02381540341812208,,0.30382658521292716,0.05107975977345795,0.002443502795684884,0.002706402246428521,0.3233504669151621,,,,,,,
481.79924755224664,,,,0.2526671253982213,0.023766917307697387,,0.3038414775940092,0.05099650715030575,0.0024389920471283954,0.002704437158789053,0.3240287001255768,,,,,,,
482.4425993308882,,,,0.25240120814915057,0.023718529910818027,,0.3038563707050569,0.05091339021689243,0.00243448962549201,0.002702473497977191,0.32470835594190856,,,,,,,
483.0868101841613,,,,0.2521355707623028,0.023670241026511687,,0.3038712645461063,0.05083040875206323,0.0024299955154040817,0.002700511262956929,0.3253894373480985,,,,,,,
483.73188125919825,,,,0.2518702129431391,0.023622050454215216,,0.30388615911719297,0.050747562535023945,0.0024255097015213477,0.0026985504526930134,0.3260719473343467,,,,,,,
484.3778137046619,,,,0.2516051343974314,0.02357395799377387,,0.30390105441835286,0.05066485134534023,0.0024210321685288715,0.0026965910661509505,0.32675588889712404,,,,,,,
485.0246086707491,,,,0.2513403348312607,0.0235259634454404,,0.30391595044962155,0.05058227496293713,0.0024165629011399913,0.0026946331022969896,0.32744126503918647,,,,,,,
485.6722673091936,,,,0.2510758139510177,0.023478066609874136,,0.3039308472110351,0.05049983316809815,0.0024121018840962518,0.002692676560098133,0.3281280787695896,,,,,,,
486.3207907732669,,,,0.2508115714634014,0.023430267288140266,,0.30394574470262903,0.050417525741465005,0.0024076491021673726,0.00269072143852213,0.3288163331037003,,,,,,,
486.9701802177796,,,,0.25054760707542034,0.023382565281709067,,0.3039606429244393,0.05033535246403702,0.0024032045401511945,0.0026887677365374867,0.32950603106320936,,,,,,,
487.6204367990848,,,,0.2502839204943909,0.02333496039245496,,0.3039755418765017,0.05025331311717033,0.0023987681828736103,0.0026868154531134556,0.33019717567614604,,,,,,,
488.2715616750793,,,,0.250020511427938,0.02328745242265577,,0.3039904415588519,0.050171407482577604,0.0023943400151885353,0.0026848645872200334,0.3308897699768905,,,,,,,
488.92355600520676,,,,0.2497573795839936,0.023240041174991805,,0.30400534197152573,0.05008963534232705,0.00238992002197784,0.0026829151378279683,0.3315838170061886,,,,,,,
489.57642095045935,,,,0.2494945246707973,0.023192726452545085,,0.30402024311455916,0.050007996478842166,0.0023855081881512946,0.002680967103908751,0.33227931981116415,,,,,,,
490.23015767337847,,,,0.24923194639689586,0.023145508058798617,,0.30403514498798784,0.049926490674901174,0.0023811044986465405,0.002679020484434627,0.33297628144533137,,,,,,,
490.8847673380577,,,,0.24896964447114303,0.023098385797635512,,0.3040500475918475,0.04984511771363626,0.0023767089384290198,0.0026770752783785855,0.3336747049686092,,,,,,,
491.5402511101463,,,,0.2487076186026984,0.02305135947333805,,0.30406495092617414,0.049763877378533064,0.002372321492491928,0.0026751314847143575,0.33437459344733594,,,,,,,
492.1966101568499,,,,0.2484458685010279,0.023004428890587007,,0.3040798549910033,0.04968276945343002,0.0023679421458561545,0.002673189102416419,0.33507594995428164,,,,,,,
492.8538456469316,,,,0.24818439387590327,0.02295759385446088,,0.3040947597863711,0.04960179372251804,0.0023635708835702545,0.002671248130459998,0.3357787775686603,,,,,,,
493.51195875071534,,,,0.24792319443740202,0.022910854170435,,0.30410966531231315,0.04952094997033979,0.002359207690710379,0.0026693085678210597,0.3364830793761449,,,,,,,
494.1709506400888,,,,0.24766226989590612,0.022864209644380674,,0.3041245715688653,0.04944023798178893,0.0023548525523802285,0.0026673704134763145,0.3371888584688814,,,,,,,
494.83082248850434,,,,0.2474016199621027,0.02281766008256442,,0.3041394785560633,0.04935965754210974,0.0023505054537109943,0.002665433666403213,0.33789611794550184,,,,,,,
495.4915754709805,,,,0.2471412443469833,0.022771205291647275,,0.30415438627394314,0.049279208436896635,0.0023461663798613266,0.0026634983255799547,0.33860486091113656,,,,,,,
496.153210764105,,,,0.24688114276184386,0.02272484507868384,,0.3041692947225404,0.049198890452093434,0.00234183531601727,0.00266156438998548,0.33931509047742947,,,,,,,
496.8157295460365,,,,0.2466213149182842,0.0226785792511216,,0.30418420390189116,0.049118703373992906,0.00233751224739222,0.0026596318585994662,0.3400268097625507,,,,,,,
497.4791329965076,,,,0.2463617605282071,0.022632407616799945,,0.30419911381203096,0.04903864698923597,0.0023331971592268565,0.0026577007304023335,0.3407400218912118,,,,,,,
498.14342229682643,,,,0.24610247930381887,0.022586329983949525,,0.3042140244529959,0.048958721084811294,0.002328890036789112,0.0026557710043752392,0.3414547299946785,,,,,,,
498.80859862987734,,,,0.2458434709576288,0.022540346161191476,,0.3042289358248215,0.04887892544805489,0.0023245908653741175,0.0026538426795000873,0.3421709372107835,,,,,,,
499.47466318012437,,,,0.24558473520244897,0.02249445595753656,,0.3042438479275439,0.048799259866649354,0.002320299630304152,0.0026519157547595196,0.34288864668394087,,,,,,,
500.14161713361403,,,,0.2453262717513931,0.022448659182384315,,0.3042587607611986,0.0487197241286232,0.0023160163169285777,0.0026499902291369118,0.34360786156516143,,,,,,,
500.80946167797674,,,,0.2450680803178771,0.022402955645522322,,0.30427367432582175,0.048640318022350415,0.0023117409106238095,0.0026480661016163804,0.3443285850120652,,,,,,,
501.4781980024277,,,,0.24481016061561864,0.02235734515712548,,0.30428858862144903,0.048561041336550065,0.0023074733967932623,0.002646143371182777,0.3450508201888944,,,,,,,
502.1478272977699,,,,0.24455251235863687,0.02231182752775518,,0.30430350364811615,0.04848189386028556,0.002303213760867289,0.002644222036821698,0.3457745702665281,,,,,,,
502.8183507563977,,,,0.24429513526125138,0.022266402568358375,,0.3043184194058591,0.04840287538296394,0.002298961988303141,0.0026423020975194686,0.34649983842249754,,,,,,,
503.48976957229763,,,,0.24403802903808255,0.022221070090266963,,0.30433333589471373,0.04832398569433558,0.0022947180645849167,0.0026403835522631498,0.347226627840999,,,,,,,
504.16208494104944,,,,0.24378119340405138,0.022175829905197005,,0.3043482531147158,0.04824522458449353,0.0022904819752235074,0.002638466400040546,0.3479549417129064,,,,,,,
504.8352980598298,,,,0.24352462807437886,0.022130681825247855,,0.3043631710659011,0.04816659184387299,0.0022862537057565567,0.0026365506398401866,0.34868478323578717,,,,,,,
505.5094101274138,,,,0.24326833276458562,0.022085625662901454,,0.30437808974830566,0.04808808726325075,0.0022820332417484066,0.0026346362706513447,0.34941615561391526,,,,,,,
506.1844223441779,,,,0.24301230719049163,0.022040661231021445,,0.3043930091619651,0.04800971063374445,0.002277820568790044,0.0026327232914640213,0.3501490620582865,,,,,,,
506.8603359121017,,,,0.24275655106821567,0.02199578834285246,,0.3044079293069154,0.04793146174681227,0.0022736156724990496,0.0026308117012689486,0.35088350578663213,,,,,,,
507.5371520347686,,,,0.24250106411417588,0.02195100681201943,,0.3044228501831924,0.04785334039425229,0.002269418538519565,0.0026289014990576007,0.3516194900234313,,,,,,,
508.2148719173694,,,,0.24224584604508864,0.02190631645252672,,0.30443777179083187,0.04777534636820199,0.00226522915252223,0.002626992683822176,0.35235701799992664,,,,,,,
508.89349676670497,,,,0.24199089657796835,0.021861717078757285,,0.3044526941298697,0.047697479461137546,0.0022610475002041368,0.0026250852545556046,0.3530960929541395,,,,,,,
509.57302779118777,,,,0.24173621543012694,0.021817208505472002,,0.30446761720034177,0.04761973946587329,0.0022568735672887706,0.002623179210251556,0.3538367181308831,,,,,,,
510.2534662008429,,,,0.24148180231917443,0.021772790547808937,,0.3044825410022839,0.04754212617556142,0.0022527073395259855,0.0026212745499044187,0.35457889678177534,,,,,,,
510.93481320731104,,,,0.2412276569630181,0.021728463021282524,,0.3044974655357319,0.04746463938369124,0.0022485488026919406,0.002619371272509324,0.3553226321652548,,,,,,,
511.61707002385253,,,,0.24097377907986126,0.02168422574178269,,0.30451239080072173,0.047387278884088446,0.002244397942589039,0.0026174693770621192,0.35606792754659605,,,,,,,
512.3002378653456,,,,0.2407201683882049,0.021640078525574324,,0.3045273167972892,0.04731004447091504,0.0022402547450459088,0.0026155688625593945,0.3568147861979207,,,,,,,
512.9843179482928,,,,0.24046682460684518,0.021596021189296256,,0.3045422435254701,0.04723293593866823,0.0022361191959173266,0.002613669727998459,0.3575632113982155,,,,,,,
513.6693114908194,,,,0.24021374745487512,0.02155205354996073,,0.30455717098530044,0.04715595308218038,0.002231991281084189,0.0026117719723773502,0.3583132064333438,,,,,,,
514.3552197126777,,,,0.23996093665168303,0.02150817542495251,,0.30457209917681594,0.04707909569661825,0.0022278709864534587,0.002609875594694841,0.3590647745960607,,,,,,,
515.0420438352493,,,,0.23970839191695245,0.021464386632028112,,0.30458702810005256,0.04700236357748229,0.0022237582979581032,0.0026079805939504225,0.35981791918602907,,,,,,,
515.7297850815469,,,,0.23945611297066177,0.021420686989315072,,0.30460195775504606,0.046925756520606265,0.0022196532015570643,0.002606086969144314,0.36057264350983304,,,,,,,
516.4184446762154,,,,0.2392040995330846,0.02137707631531127,,0.30461688814183246,0.04684927432215685,0.002215555683235209,0.0026041947192774677,0.3613289508809912,,,,,,,
517.1080238455347,,,,0.23895235132478873,0.021333554428884106,,0.30463181926044747,0.04677291677863294,0.0022114657290032693,0.002602303843351553,0.36208684461997215,,,,,,,
517.7985238174234,,,,0.23870086806663593,0.021290121149269696,,0.3046467511109271,0.04669668368686494,0.002207383324897804,0.0026004143403689675,0.3628463280542106,,,,,,,
518.4899458214398,,,,0.2384496494797815,0.02124677629607216,,0.30466168369330715,0.04662057484401443,0.0022033084569811484,0.0025985262093328296,0.36360740451812035,,,,,,,
519.1822910887829,,,,0.2381986952856748,0.02120351968926296,,0.30467661700762344,0.046544590047573706,0.002199241111341365,0.0025966394492469877,0.3643700773531083,,,,,,,
519.8755608522957,,,,0.23794800520605816,0.021160351149180096,,0.30469155105391194,0.04646872909536511,0.002195181274092205,0.002594754059116013,0.3651343499075898,,,,,,,
520.569756346469,,,,0.23769757896296634,0.021117270496527212,,0.30470648583220844,0.04639299178554032,0.0021911289313730443,0.002592870037945195,0.3659002255370054,,,,,,,
521.26487880744,,,,0.23744741627872723,0.02107427755237314,,0.304721421342549,0.04631737791658028,0.0021870840693488575,0.0025909873847405466,0.36666770760383144,,,,,,,
521.9609294729987,,,,0.23719751687596047,0.02103137213815087,,0.30473635758496925,0.04624188728729406,0.0021830466742101423,0.0025891060985088012,0.3674367994775994,,,,,,,
522.6579095825862,,,,0.23694788047757787,0.020988554075657025,,0.30475129455950534,0.0461665196968189,0.0021790167321729037,0.0025872261782574173,0.3682075045349066,,,,,,,
523.3558203772985,,,,0.2366985068067831,0.020945823187051047,,0.30476623226619287,0.04609127494461939,0.002174994229478589,0.0025853476229945756,0.368979826159433,,,,,,,
524.0546630998905,,,,0.23644939558707062,0.02090317929485437,,0.304781170705068,0.04601615283048681,0.002170979152394042,0.002583470431729171,0.36975376774195684,,,,,,,
524.7544389947759,,,,0.23620054654222603,0.02086062222194977,,0.3047961098761664,0.045941153154538845,0.0021669714872114515,0.0025815946034708197,0.3705293326803688,,,,,,,
525.4551493080294,,,,0.23595195939632585,0.020818151791580683,,0.30481104977952417,0.04586627571721895,0.0021629712202483227,0.0025797201372298566,0.37130652437968537,,,,,,,
526.1567952873893,,,,0.23570363387373716,0.020775767827350383,,0.30482599041517694,0.04579152031929591,0.002158978337847418,0.0025778470320173405,0.37208534625206513,,,,,,,
526.8593781822615,,,,0.23545556969911657,0.02073347015322123,,0.3048409317831609,0.045716886761863126,0.0021549928263767015,0.0025759752868450424,0.372865801716825,,,,,,,
527.5628992437198,,,,0.23520776659741066,0.020691258593513985,,0.30485587388351165,0.04564237484633813,0.002151014672229308,0.0025741049007254493,0.37364789420045386,,,,,,,
528.267359724508,,,,0.23496022429385569,0.02064913297290713,,0.30487081671626537,0.04556798437446228,0.0021470438618234927,0.002572235872671775,0.37443162713662653,,,,,,,
528.9727608790427,,,,0.234712942513977,0.020607093116436055,,0.3048857602814578,0.04549371514829995,0.0021430803816025815,0.0025703682016979374,0.3752170039662208,,,,,,,
529.6791039634153,,,,0.2344659209835891,0.0205651388494924,,0.3049007045791248,0.045419566970238225,0.0021391242180349304,0.0025685018868185816,0.37600402813733097,,,,,,,
530.3863902353955,,,,0.23421915942879434,0.020523269997823224,,0.30491564960930234,0.045345539642986175,0.002135175357613864,0.0025666369270490605,0.37679270310528495,,,,,,,
531.0946209544327,,,,0.23397265757598376,0.020481486387530355,,0.3049305953720264,0.045271632969574364,0.0021312337868576465,0.0025647733214054416,0.3775830323326584,,,,,,,
531.8037973816566,,,,0.23372641515183637,0.02043978784506973,,0.3049455418673328,0.04519784675335457,0.0021272994923094346,0.0025629110689045155,0.3783750192892885,,,,,,,
532.5139207798811,,,,0.23348043188331913,0.020398174197250585,,0.3049604890952574,0.045124180797998986,0.0021233724605372204,0.0025610501685637745,0.37916866745229055,,,,,,,
533.2249924136075,,,,0.23323470749768566,0.020356645271234715,,0.3049754370558362,0.04505063490749979,0.0021194526781337934,0.0025591906194014366,0.3799639803060743,,,,,,,
533.9370135490256,,,,0.23298924172247698,0.02031520089453579,,0.3049903857491051,0.04497720888616853,0.0021155401317166926,0.0025573324204364242,0.38076096134235815,,,,,,,
534.6499854540145,,,,0.23274403428552093,0.020273840895018724,,0.3050053351751,0.044903902538635874,0.0021116348079281595,0.0025554755706883713,0.38155961406018324,,,,,,,
535.363909398147,,,,0.232499084914932,0.020232565100898863,,0.3050202853338567,0.04483071566985089,0.0021077366934351013,0.0025536200691776323,0.3823599419659299,,,,,,,
536.0787866526916,,,,0.2322543933391103,0.020191373340741243,,0.3050352362254114,0.044757648085080426,0.002103845774929033,0.002551765914925265,0.3831619485733344,,,,,,,
536.7946184906147,,,,0.23200995928674195,0.02015026544345992,,0.3050501878497997,0.04468469958990872,0.0020999620391260313,0.002549913106953038,0.3839656374035033,,,,,,,
537.5114061865813,,,,0.2317657824867988,0.02010924123831734,,0.30506514020705777,0.044611869990237016,0.002096085472766706,0.002548061644283438,0.3847710119849274,,,,,,,
538.2291510169591,,,,0.23152186266853791,0.020068300554923504,,0.30508009329722136,0.04453915909228283,0.00209221606261614,0.002546211525939651,0.3855780758534991,,,,,,,
538.9478542598195,,,,0.23127819956150128,0.020027443223235356,,0.3050950471203265,0.0444665667025796,0.00208835379546385,0.0025443627509455823,0.3863868325525269,,,,,,,
539.6675171949416,,,,0.23103479289551548,0.019986669073555976,,0.305110001676409,0.04439409262797594,0.002084498658123737,0.0025425153183258387,0.38719728563275274,,,,,,,
540.3881411038137,,,,0.23079164240069108,0.01994597793653392,,0.305124956965505,0.04432173667563528,0.0020806506374340373,0.002540669227105735,0.3880094386523661,,,,,,,
541.1097272696338,,,,0.23054874780742327,0.019905369643162606,,0.3051399129876502,0.04424949865303548,0.0020768097202572954,0.002538824476311302,0.3888232951770187,,,,,,,
541.8322769773134,,,,0.23030610884639105,0.019864844024779522,,0.3051548697428807,0.044177378367968166,0.0020729758934803074,0.002536981064969268,0.38963885877984133,,,,,,,
542.5557915134813,,,,0.23006372524855626,0.01982440091306548,,0.30516982723123226,0.044105375628538106,0.002069149144014066,0.0025351389921070733,0.3904561330414606,,,,,,,
543.2802721664838,,,,0.229821596745164,0.01978404014004398,,0.30518478545274097,0.04403349024316291,0.0020653294587937325,0.00253329825675286,0.3912751215500137,,,,,,,
544.0057202263866,,,,0.22957972306774263,0.01974376153808057,,0.3051997444074427,0.04396172202057242,0.0020615168247785885,0.0025314588579354817,0.3920958279011626,,,,,,,
544.7321369849783,,,,0.2293381039481031,0.019703564939882068,,0.30521470409537343,0.04389007076980832,0.0020577112289519913,0.0025296207946844964,0.39291825569811134,,,,,,,
545.4595237357734,,,,0.2290967391183381,0.01966345017849585,,0.305229664516569,0.04381853630022341,0.0020539126583213165,0.0025277840660301626,0.39374240855162296,,,,,,,
546.1878817740134,,,,0.22885562831082232,0.019623417087309178,,0.30524462567106553,0.04374711842148117,0.00205012109991793,0.0025259486710034447,0.3945682900800342,,,,,,,
546.9172123966684,,,,0.22861477125821253,0.01958346550004859,,0.3052595875588988,0.043675816943555476,0.0020463365407971416,0.0025241146086360084,0.3953959039092698,,,,,,,
547.6475169024412,,,,0.22837416769344673,0.01954359525077912,,0.3052745501801048,0.043604631676729774,0.0020425589680381556,0.0025222818779602274,0.396225253672861,,,,,,,
548.3787965917679,,,,0.22813381734974397,0.019503806173903647,,0.30528951353471956,0.043533562431596846,0.0020387883687440246,0.0025204504780091787,0.3970563430119594,,,,,,,
549.1110527668222,,,,0.22789371996060398,0.019464098104162133,,0.30530447762277885,0.04346260901905808,0.002035024730041612,0.002518620407816636,0.3978891755753555,,,,,,,
549.8442867315167,,,,0.22765387525980665,0.019424470876631017,,0.3053194424443188,0.043391771250323015,0.0020312680390815446,0.0025167916664170734,0.39872375501949314,,,,,,,
550.578499791504,,,,0.22741428298141275,0.019384924326722525,,0.30533440799937517,0.04332104893690905,0.0020275182830381674,0.0025149642528456756,0.3995600850084844,,,,,,,
551.3136932541801,,,,0.2271749428597626,0.019345458290184008,,0.3053493742879842,0.04325044189064071,0.002023775449109508,0.002513138166138318,0.4003981692141266,,,,,,,
552.0498684286879,,,,0.22693585462947607,0.01930607260309715,,0.30536434131018153,0.043179949923649215,0.002020039524517222,0.0025113134053315815,0.4012380113159204,,,,,,,
552.7870266259185,,,,0.22669701802545206,0.019266767101877354,,0.30537930906600336,0.043109572848371885,0.0020163104965065493,0.002509489969462741,0.40207961500108397,,,,,,,
553.5251691585124,,,,0.22645843278286906,0.01922754162327313,,0.3053942775554855,0.04303931047755191,0.0020125883523462846,0.002507667857569778,0.4029229839645685,,,,,,,
554.2642973408626,,,,0.226220098637184,0.019188396004365355,,0.30540924677866405,0.04296916262423768,0.002008873079328722,0.00250584706869137,0.4037681219090751,,,,,,,
555.0044124891186,,,,0.2259820153241322,0.019149330082566533,,0.3054242167355748,0.042899129101782146,0.002005164664769613,0.00250402760186689,0.40461503254507275,,,,,,,
555.7455159211873,,,,0.22574418257972678,0.019110343695620185,,0.30543918742625387,0.04282920972384247,0.0020014630960081183,0.0025022094561364086,0.40546371959081334,,,,,,,
556.4876089567342,,,,0.2255066001402593,0.019071436681600242,,0.30545415885073707,0.04275940430437966,0.0019977683604067813,0.0025003926305406927,0.40631418677234643,,,,,,,
557.2306929171875,,,,0.2252692677422985,0.01903260887891024,,0.3054691310090606,0.042689712657657884,0.001994080445351469,0.0024985771241212104,0.4071664378235376,,,,,,,
557.9747691257397,,,,0.2250321851226907,0.018993860126282774,,0.30548410390126013,0.04262013459824408,0.0019903993382513396,0.0024967629359201253,0.40802047648608386,,,,,,,
558.7198389073509,,,,0.2247953520185586,0.018955190262778688,,0.30549907752737193,0.042550669941007306,0.0019867250265387837,0.0024949500649802912,0.40887630650953166,,,,,,,
559.4659035887505,,,,0.22455876816730186,0.0189165991277865,,0.3055140518874317,0.04248131850111833,0.0019830574976693978,0.00249313851034526,0.4097339316512922,,,,,,,
560.2129644984385,,,,0.22432243330659657,0.018878086561021763,,0.30552902698147566,0.042412080094049315,0.0019793967391219377,0.0024913282710592754,0.4105933556766565,,,,,,,
560.9610229666889,,,,0.22408634717439513,0.018839652402526365,,0.30554400280953964,0.04234295453557317,0.0019757427383982756,0.002489519346167283,0.41145458235881355,,,,,,,
561.7100803255531,,,,0.2238505095089252,0.01880129649266779,,0.30555897937165966,0.04227394164176292,0.0019720954830233454,0.002487711734714913,0.41231761547886786,,,,,,,
562.460137908861,,,,0.22361492004869007,0.018763018672138525,,0.30557395666787174,0.042205041228991456,0.001968454960545117,0.0024859054357484907,0.41318245882585497,,,,,,,
563.2111970522228,,,,0.2233795785324686,0.01872481878195546,,0.30558893469821174,0.04213625311393094,0.0019648211585345473,0.0024841004483150387,0.41404911619675644,,,,,,,
563.9632590930318,,,,0.2231444846993144,0.018686696663459127,,0.30560391346271576,0.04206757711355242,0.001961194064585541,0.0024822967714622666,0.41491759139651835,,,,,,,
564.7163253704686,,,,0.22290963828855556,0.018648652158313052,,0.3056188929614197,0.0419990130451251,0.0019575736663148945,0.0024804944042385734,0.4157878882380689,,,,,,,
565.4703972255016,,,,0.22267503903979435,0.01861068510850311,,0.3056338731943597,0.04193056072621606,0.0019539599513622684,0.002478693345693058,0.416660010542334,,,,,,,
566.2254760008893,,,,0.2224406866929076,0.018572795356336935,,0.30564885416157156,0.04186221997468979,0.001950352907390146,0.002476893594875499,0.4175339621382525,,,,,,,
566.9815630411833,,,,0.22220658098804555,0.018534982744443183,,0.30566383586309137,0.041793990608707574,0.0019467525220837776,0.002475095150836375,0.4184097468627956,,,,,,,
567.73865969273,,,,0.2219727216656323,0.01849724711577093,,0.3056788182989551,0.04172587244672714,0.001943158783151155,0.002473298012626847,0.4192873685609816,,,,,,,
568.4967673036749,,,,0.22173910846636458,0.01845958831358893,,0.3056938014691988,0.041657865307501964,0.0019395716783229566,0.0024715021792987646,0.4201668310858952,,,,,,,
569.2558872239638,,,,0.2215057411312122,0.01842200618148506,,0.30570878537385837,0.041589969010080996,0.0019359911953525045,0.002469707649904673,0.421048138298703,,,,,,,
570.0160208053436,,,,0.2212726194014178,0.018384500563365647,,0.3057237700129699,0.04152218337380817,0.0019324173220157386,0.0024679144234977957,0.4219312940686694,,,,,,,
570.7771694013666,,,,0.22103974301849644,0.018347071303454844,,0.30573875538656925,0.04145450821832182,0.0019288500461111624,0.0024661224991320537,0.4228163022731742,,,,,,,
571.5393343673933,,,,0.22080711172423473,0.018309718246293884,,0.30575374149469264,0.041386943363554245,0.0019252893554598015,0.0024643318758620475,0.4237031667977317,,,,,,,
572.3025170605944,,,,0.22057472526069127,0.018272441236740506,,0.3057687283373759,0.04131948862973112,0.0019217352379051584,0.002462542552743064,0.424591891536006,,,,,,,
573.0667188399512,,,,0.22034258337019624,0.01823524011996836,,0.30578371591465514,0.041252143837371316,0.0019181876813131862,0.002460754528831083,0.42548248038982717,,,,,,,
573.8319410662604,,,,0.2201106857953512,0.018198114741466303,,0.3057987042265662,0.04118490880728618,0.0019146466735722363,0.002458967803182763,0.42637493726920894,,,,,,,
574.5981851021361,,,,0.21987903227902802,0.018161064947037717,,0.30581369327314534,0.04111778336057903,0.001911112202593016,0.00245718237485545,0.42726926609236815,,,,,,,
575.3654523120124,,,,0.2196476225643695,0.0181240905827999,,0.3058286830544283,0.041050767318644724,0.0019075842563085435,0.002455398242907171,0.4281654707857399,,,,,,,
576.1337440621443,,,,0.2194164563947888,0.018087191495183525,,0.30584367357045134,0.04098386050316938,0.0019040628226741235,0.0024536154063966426,0.429063555283994,,,,,,,
576.9030617206114,,,,0.2191855335139691,0.018050367530931855,,0.30585866482125035,0.040917062736129654,0.0019005478896672906,0.002451833864383265,0.4299635235300535,,,,,,,
577.6734066573197,,,,0.21895485366586362,0.01801361853710022,,0.3058736568068613,0.040850373839792425,0.0018970394452877777,0.0024500536159271164,0.4308653794751116,,,,,,,
578.4447802440055,,,,0.2187244165946945,0.01797694436105528,,0.30588864952732026,0.040783793636714125,0.00189353747755746,0.002448274660088959,0.43176912707865034,,,,,,,
579.217183854237,,,,0.2184942220449531,0.01794034485047443,,0.3059036429826633,0.0407173219497404,0.001890041974520331,0.002446496995930236,0.4326747703084568,,,,,,,
579.9906188634153,,,,0.21826426976140018,0.01790381985334525,,0.30591863717292644,0.040650958602005745,0.001886552924242457,0.002444720622513076,0.4335823131406393,,,,,,,
580.765086648778,,,,0.21803455948906506,0.01786736921796479,,0.30593363209814556,0.04058470341693293,0.001883070314811936,0.0024429455389002883,0.43449175955964603,,,,,,,
581.540588589403,,,,0.21780509097324496,0.017830992792938913,,0.30594862775835685,0.040518556218232395,0.0018795941343388463,0.002441171744155359,0.4354031135582841,,,,,,,
582.3171260662095,,,,0.2175758639595052,0.0177946904271817,,0.3059636241535962,0.040452516829901905,0.0018761243709552208,0.0024393992373424557,0.4363163791377355,,,,,,,
583.09470046196,,,,0.21734687819367934,0.01775846196991488,,0.30597862128389974,0.0403865850762262,0.0018726610128150052,0.002437628017526423,0.4372315603075735,,,,,,,
583.8733131612627,,,,0.21711813342186836,0.01772230727066716,,0.30599361914930345,0.04032076078177642,0.001869204048094007,0.002435858083772792,0.4381486610857814,,,,,,,
584.6529655505764,,,,0.21688962939044001,0.017686226179273533,,0.30600861774984345,0.040255043771409475,0.0018657534649898653,0.002434089435147766,0.4390676854987717,,,,,,,
585.433659018211,,,,0.21666136584602919,0.017650218545874726,,0.3060236170855556,0.04018943387026781,0.0018623092517219986,0.0024323220707182245,0.4399886375814025,,,,,,,
586.2153949543292,,,,0.2164333425355375,0.01761428422091662,,0.3060386171564761,0.04012393090377894,0.001858871396531583,0.002430555989551733,0.4409115213769935,,,,,,,
586.9981747509504,,,,0.2162055592061331,0.01757842305514953,,0.3060536179626409,0.04005853469765479,0.0018554398876814968,0.0024287911907165246,0.44183634093734625,,,,,,,
587.7819998019525,,,,0.21597801560525,0.01754263489962768,,0.30606861950408615,0.03999324507789148,0.0018520147134562879,0.0024270276732815173,0.44276310032276,,,,,,,
588.5668715030754,,,,0.2157507114805881,0.01750691960570847,,0.3060836217808477,0.03992806187076858,0.0018485958621621283,0.0024252654363162993,0.44369180360205235,,,,,,,
589.3527912519231,,,,0.21552364658011253,0.01747127702505193,,0.30609862479296174,0.039862984902848855,0.0018451833221267725,0.0024235044788911333,0.44462245485257496,,,,,,,
590.1397604479646,,,,0.21529682065205413,0.017435707009620133,,0.3061136285404642,0.039798014000977815,0.0018417770816995306,0.0024217448000769647,0.4455550581602307,,,,,,,
590.9277804925375,,,,0.21507023344490867,0.01740020941167656,,0.30612863302339133,0.03973314899228314,0.0018383771292512189,0.0024199863989454043,0.4464896176194924,,,,,,,
591.716852788852,,,,0.21484388470743634,0.017364784083785424,,0.3061436382417789,0.03966838970417426,0.001834983453174119,0.0024182292745687462,0.44742613733342274,,,,,,,
592.5069787419916,,,,0.21461777418866163,0.017329430878811086,,0.30615864419566324,0.03960373596434183,0.0018315960418819352,0.002416473426019951,0.44836462141369066,,,,,,,
593.2981597589153,,,,0.2143919016378737,0.017294149649917528,,0.3061736508850802,0.039539187600757475,0.0018282148838097694,0.002414718852372652,0.44930507398058783,,,,,,,
594.0903972484607,,,,0.2141662668046253,0.017258940250567678,,0.30618865831006586,0.03947474444167322,0.001824839967414073,0.002412965552701162,0.4502474991630483,,,,,,,
594.8836926213485,,,,0.21394086943873256,0.017223802534522714,,0.3062036664706564,0.039410406315620795,0.0018214712811725955,0.0024112135260804584,0.4511919010986689,,,,,,,
595.6780472901803,,,,0.21371570929027528,0.017188736355841665,,0.3062186753668877,0.039346173051411686,0.0018181088135843693,0.0024094627715861975,0.45213828393372224,,,,,,,
596.4734626694469,,,,0.21349078610959588,0.017153741568880543,,0.30623368499879594,0.03928204447813612,0.0018147525531696492,0.0024077132882947007,0.4530866518231807,,,,,,,
597.269940175526,,,,0.2132660996472998,0.017118818028291995,,0.30624869536641713,0.03921802042516308,0.001811402488469887,0.00240596507528296,0.4540370089307295,,,,,,,
598.0674812266864,,,,0.21304164965425515,0.01708396558902457,,0.3062637064697874,0.03915410072213964,0.0018080586080476892,0.0024042181316286442,0.45498935942878743,,,,,,,
598.8660872430918,,,,0.21281743588159183,0.017049184106322068,,0.30627871830894265,0.039090285198990396,0.0018047209004867662,0.0024024724564100856,0.4559437074985263,,,,,,,
599.6657596468028,,,,0.2125934580807016,0.01701447343572301,,0.3062937308839192,0.03902657368591718,0.0018013893543919095,0.0024007280487062846,0.45690005732988814,,,,,,,
600.4664998617773,,0.08094846784963515,,0.21231186854815126,0.016980018919938233,,0.3061388965692744,0.03895730284417997,0.001796467938374713,0.002398135450239898,0.45693759644268533,,,,,,,
601.2683093138745,,0.08086006547858163,,0.21198924209214612,0.016945766894258762,,0.3058624854523689,0.0388841023820131,0.001790419675263917,0.0023949374641800535,0.4563160324664031,,,,,,,
602.0711894308592,,0.08077175965017322,,0.21166710589526228,0.01691158396162734,,0.3055863239055325,0.03881103946293237,0.0017843917751587033,0.0023917437427312172,0.4556953139923943,,,,,,,
602.8751416424025,,0.08068355025897744,,0.21134545921250786,0.01687746998266973,,0.30531041170342943,0.0387381138284954,0.0017783841695018661,0.002388554280206398,0.455075439870537,,,,,,,
603.680167380083,,0.08059543719967699,,0.21102430130002353,0.016843424818292877,,0.305034748620928,0.03866532522074545,0.0017723967899670222,0.0023853690709261955,0.45445640895227457,,,,,,,
604.4862680773916,,0.08050742036706954,,0.21070363141508047,0.01680944832968431,,0.30475933443309966,0.038592673382210535,0.001766429568457826,0.002382188109218781,0.45383822009061286,,,,,,,
605.2934451697347,,0.0804194996560676,,0.2103834488160775,0.016775540378311506,,0.3044841689152184,0.038520158055902295,0.0017604824371071854,0.002379011389419884,0.4532208721401166,,,,,,,
606.101700094433,,0.08033167496169855,,0.21006375276254166,0.016741700825921475,,0.3042092518427619,0.03844777898531542,0.0017545553282765152,0.0023758389058727955,0.45260436395691034,,,,,,,
606.911034290729,,0.08024394617910424,,0.20974454251512395,0.016707929534540016,,0.30393458299140974,0.0383755359144264,0.0017486481745549321,0.002372670652928341,0.45198869439867284,,,,,,,
607.7214491997853,,0.08015631320354123,,0.20942581733559973,0.016674226366471312,,0.3036601621370447,0.03830342858769296,0.0017427609087585295,0.002369506624944887,0.45137386232463816,,,,,,,
608.5329462646887,,0.08006877593038039,,0.2091075764868662,0.016640591184297338,,0.30338598905575187,0.03823145675005292,0.0017368934639295866,0.0023663468162883226,0.45075986659559214,,,,,,,
609.3455269304543,,0.07998133425510684,,0.2087898192329401,0.01660702385087718,,0.30311206352381803,0.038159620146923326,0.0017310457733358028,0.002363191221332045,0.4501467060738692,,,,,,,
610.1591926440268,,0.07989398807331974,,0.20847254483895652,0.016573524229346583,,0.3028383853177321,0.03808791852419954,0.0017252177704695536,0.0023600398344569558,0.4495343796233515,,,,,,,
610.9739448542817,,0.07980673728073237,,0.20815575257116786,0.016540092183117416,,0.30256495421418517,0.03801635162825454,0.0017194093890471347,0.002356892650051454,0.44892288610946746,,,,,,,
611.7897850120293,,0.07971958177317208,,0.2078394416969414,0.016506727575877095,,0.3022917699900699,0.0379449192059378,0.0017136205630080023,0.0023537496625114216,0.44831222439918883,,,,,,,
612.6067145700181,,0.07963252144657965,,0.2075236114847573,0.01647343027158793,,0.30201883242247995,0.0378736210045744,0.0017078512265140172,0.0023506108662402093,0.4477023933610277,,,,,,,
613.424734982937,,0.07954555619700962,,0.2072082612042072,0.016440200134486653,,0.30174614128871036,0.0378024567719642,0.0017021013139486936,0.0023474762556486314,0.4470933918650353,,,,,,,
614.2438477074156,,0.07945868592063014,,0.20689339012599334,0.016407037029083898,,0.30147369636625765,0.037731426256380984,0.0016963707599164778,0.00234434582515496,0.4464852187828008,,,,,,,
615.0640542020291,,0.07937191051372272,,0.2065789975219261,0.01637394082016364,,0.30120149743281904,0.03766052920657162,0.0016906594992419817,0.0023412195691849104,0.4458778729874484,,,,,,,
615.8853559273016,,0.07928522987268204,,0.2062650826649216,0.016340911372782502,,0.30092954426629215,0.03758976537175487,0.0016849674669692307,0.002338097482171625,0.44527135335363377,,,,,,,
616.7077543457054,,0.0791986438940161,,0.20595164482900197,0.016307948552269427,,0.30065783664477574,0.0375191345016209,0.0016792945983609671,0.0023349795585556783,0.44466565875754516,,,,,,,
617.5312509216681,,0.07911215247434562,,0.20563868328929136,0.01627505222422491,,0.3003863743465682,0.03744863634633004,0.0016736408288978613,0.0023318657927850497,0.4440607880768977,,,,,,,
618.3558471215707,,0.0790257555104046,,0.20532619732201635,0.01624222225452065,,0.30011515715016857,0.03737827065651223,0.0016680060942778217,0.002328756179315129,0.44345674019093445,,,,,,,
619.1815444137524,,0.07893945289903964,,0.20501418620450315,0.01620945850929889,,0.29984418483427616,0.03730803718326592,0.0016623903304152443,0.0023256507126087,0.4428535139804232,,,,,,,
620.0083442685144,,0.07885324453720988,,0.2047026492151759,0.016176760854971845,,0.2995734571777894,0.03723793567815718,0.0016567934734402789,0.002322549387135927,0.44225110832765313,,,,,,,
620.8362481581211,,0.07876713032198708,,0.204391585633555,0.016144129158221204,,0.2993029739598064,0.03716796589321889,0.0016512154596981087,0.0023194521973743465,0.44164952211643393,,,,,,,
621.6652575568015,,0.07868111015055547,,0.2040809947402564,0.016111563285997624,,0.2990327349596253,0.03709812758094993,0.001645656225748234,0.0023163591378088655,0.44104875423209444,,,,,,,
622.4953739407534,,0.07859518392021154,,0.2037708758169889,0.01607906310552018,,0.29876273995674346,0.03702842049431426,0.0016401157083637437,0.0023132702029317444,0.44044880356147975,,,,,,,
623.326598788147,,0.07850935152836389,,0.20346122814655268,0.01604662848427571,,0.29849298873085667,0.03695884438673993,0.0016345938445305906,0.0023101853872425854,0.4398496689929485,,,,,,,
624.158933579126,,0.0784236128725331,,0.20315205101283756,0.016014259290018373,,0.29822348106186,0.036889399012118226,0.0016290905714468756,0.0023071046852483237,0.439251349416371,,,,,,,
624.9923797958097,,0.07833796785035184,,0.202843343700822,0.015981955390769124,,0.29795421672984734,0.03682008412480305,0.001623605826522148,0.002304028091463226,0.4386538437231291,,,,,,,
625.8269389222968,,0.07825241635956444,,0.20253510549657086,0.01594971665481516,,0.29768519551511124,0.03675089947960981,0.0016181395473766835,0.0023009556004088706,0.43805715080611185,,,,,,,
626.6626124446674,,0.07816695829802699,,0.20222733568723417,0.015917542950709358,,0.29741641719814244,0.03668184483181461,0.001612691671840775,0.0022978872066141444,0.4374612695597148,,,,,,,
627.4994018509869,,0.07808159356370709,,0.20192003356104457,0.01588543414726971,,0.29714788155962996,0.036612919937153335,0.0016072621379540155,0.0022948229046152262,0.43686619887983674,,,,,,,
628.337308631308,,0.07799632205468358,,0.20161319840731637,0.015853390113578825,,0.2968795883804603,0.03654412455182084,0.0016018508839646085,0.0022917626889555802,0.43627193766387806,,,,,,,
629.1763342776719,,0.07791114366914696,,0.20130682951644432,0.015821410718983464,,0.29661153744171864,0.03647545843247016,0.0015964578483286648,0.0022887065541859516,0.43567848481074006,,,,,,,
630.0164802841117,,0.07782605830539878,,0.2010009261799015,0.01578949583309392,,0.29634372852468754,0.036406921336211595,0.001591082969709499,0.0022856544948643533,0.43508583922082184,,,,,,,
630.8577481466571,,0.07774106586185149,,0.20069548769023712,0.015757645325783474,,0.2960761614108468,0.036338513020611744,0.001585726186976926,0.002282606505556049,0.4344939997960173,,,,,,,
631.7001393633356,,0.07765616623702859,,0.2003905133410754,0.015725859067187875,,0.2958088358818734,0.036270233243692725,0.0015803874392065643,0.002279562580833551,0.43390296543971424,,,,,,,
632.5436554341733,,0.07757135932956448,,0.20008600242711455,0.01569413692770492,,0.2955417517196419,0.0362020817639314,0.001575066665679166,0.002276522715276614,0.4333127350567928,,,,,,,
633.3882978611996,,0.07748664503820421,,0.19978195424412448,0.015662478777993812,,0.29527490870622386,0.03613405834025851,0.001569763805879905,0.00227348690347222,0.4327233075536229,,,,,,,
634.234068148451,,0.07740202326180336,,0.19947836808894473,0.015630884488974612,,0.2950083066238871,0.03606616273205764,0.0015644787994976838,0.0022704551400145657,0.4321346818380615,,,,,,,
635.0809678019721,,0.07731749389932796,,0.19917524325948338,0.015599353931827766,,0.29474194525509606,0.03599839469916445,0.0015592115864244626,0.002267427419505056,0.4315468568194506,,,,,,,
635.9289983298171,,0.07723305684985446,,0.1988725790547159,0.015567886977993618,,0.2944758243825121,0.03593075400186603,0.0015539621067545753,0.0022644037365522995,0.4309598314086171,,,,,,,
636.7781612420551,,0.0771487120125695,,0.19857037477468278,0.015536483499171834,,0.29420994378899246,0.03586324040089979,0.00154873030078404,0.0022613840857720925,0.4303736045178691,,,,,,,
637.6284580507706,,0.07706445928676982,,0.19826862972048845,0.015505143367320895,,0.29394430325759074,0.035795853657452796,0.0015435161090098864,0.002258368461787413,0.4297881750609945,,,,,,,
638.4798902700685,,0.07698029857186212,,0.19796734319429873,0.01547386645465752,,0.2936789025715559,0.03572859353316073,0.0015383194721294699,0.002255356859228406,0.42920354195325783,,,,,,,
639.3324594160755,,0.0768962297673628,,0.19766651449934006,0.015442652633656188,,0.29341374151433275,0.03566145979010716,0.001533140331039803,0.002252349272732376,0.4286197041113994,,,,,,,
640.1861670069416,,0.07681225277289831,,0.197366142939898,0.015411501777048692,,0.293148819869562,0.035594452190822766,0.00152797862683689,0.002249345696943784,0.4280366604536337,,,,,,,
641.041014562844,,0.0767283674882046,,0.19706622782131544,0.015380413757823529,,0.2928841374210796,0.03552757049828449,0.0015228343008150502,0.0022463461265142337,0.42745440989964695,,,,,,,
641.897003605991,,0.07664457381312693,,0.19676676844999033,0.015349388449225357,,0.29261969395291626,0.035460814475914516,0.0015177072944662453,0.0022433505561024543,0.4268729513705939,,,,,,,
642.7541356606237,,0.07656087164762011,,0.19646776413337455,0.015318425724754524,,0.292355489249298,0.035394183887579506,0.001512597549479415,0.0022403589803742996,0.42629228378909684,,,,,,,
643.6124122530169,,0.07647726089174822,,0.19616921417997296,0.015287525458166617,,0.29209152309464564,0.035327678497589984,0.001507505007739827,0.0022373713940027403,0.42571240607924454,,,,,,,
644.4718349114839,,0.07639374144568445,,0.19587111789934114,0.015256687523471866,,0.2918277952735749,0.03526129807069931,0.0015024296113284113,0.0022343877916678515,0.4251333171665893,,,,,,,
645.3324051663799,,0.07631031320971096,,0.19557347460208335,0.015225911794934602,,0.2915643055708956,0.03519504237210275,0.0014973713025210821,0.002231408168056798,0.42455501597814405,,,,,,,
646.1941245501033,,0.07622697608421881,,0.19527628359985155,0.015195198147072783,,0.2913010537716116,0.03512891116743677,0.0014923300237881026,0.002228432517863828,0.4239775014423813,,,,,,,
647.0569945970979,,0.07614372996970793,,0.19497954420534408,0.015164546454657563,,0.2910380396609215,0.03506290422277836,0.0014873057177934282,0.002225460835790272,0.423400772489232,,,,,,,
647.9210168438568,,0.07606057476678685,,0.19468325573230358,0.015133956592712652,,0.2907752630242176,0.034997021304643904,0.0014822983273940482,0.0022224931165445217,0.4228248280500823,,,,,,,
648.7861928289242,,0.07597751037617267,,0.19438741749551552,0.015103428436513902,,0.2905127236470862,0.034931262179988626,0.0014773077956393413,0.00221952935484203,0.42224966705777245,,,,,,,
649.6525240929001,,0.07589453669869092,,0.19409202881080642,0.015072961861588699,,0.29025042131530665,0.03486562661620552,0.00147233406577042,0.00221656954540529,0.4216752884465933,,,,,,,
650.5200121784417,,0.07581165363527526,,0.19379708899504228,0.015042556743715537,,0.28998835581485183,0.03480011438112462,0.0014673770812194838,0.002213613682963835,0.4211016911522855,,,,,,,
651.3886586302647,,0.07572886108696783,,0.1935025973661278,0.015012212958923517,,0.2897265269318883,0.03473472524301232,0.0014624367856091976,0.0022106617622542285,0.42052887411203826,,,,,,,
652.2584649951475,,0.07564615895491876,,0.19320855324300393,0.014981930383491816,,0.2894649344527756,0.03466945897057049,0.0014575131227520296,0.0022077137780200547,0.4199568362644865,,,,,,,
653.1294328219354,,0.07556354714038595,,0.19291495594564637,0.014951708893949136,,0.2892035781640658,0.03460431533293541,0.0014526060366496095,0.002204769725011903,0.4193855765497079,,,,,,,
654.0015636615419,,0.07548102554473525,,0.19262180479506405,0.014921548367073238,,0.2889424578525037,0.03453929409967722,0.001447715471492103,0.002201829597987362,0.41881509390922206,,,,,,,
654.8748590669497,,0.07539859406944029,,0.19232909911329807,0.014891448679890515,,0.28868157330502703,0.034474395040799154,0.0014428413716575793,0.0021988933917110164,0.41824538728598937,,,,,,,
655.7493205932158,,0.07531625261608227,,0.19203683822341988,0.014861409709675399,,0.288420924308766,0.03440961792673652,0.001437983681711372,0.002195961100954432,0.41767645562440786,,,,,,,
656.6249497974745,,0.07523400108634981,,0.191745021449529,0.014831431333949843,,0.28816051065104226,0.034344962528355956,0.0014331423464054452,0.002193032720496143,0.41710829787031084,,,,,,,
657.5017482389399,,0.0751518393820389,,0.19145364811675225,0.014801513430482858,,0.28790033211937,0.034280428616954614,0.0014283173106777642,0.002190108245121646,0.41654091297096535,,,,,,,
658.3797174789062,,0.07506976740505285,,0.1911627175512422,0.014771655877290088,,0.28764038850145535,0.03421601596425949,0.0014235085196516886,0.0021871876696233964,0.41597429987507156,,,,,,,
659.2588590807535,,0.07498778505740203,,0.19087222908017523,0.014741858552633191,,0.2873806795851959,0.0341517243424264,0.0014187159186353254,0.0021842709888007916,0.41540845753275907,,,,,,,
660.1391746099487,,0.07490589224120392,,0.19058218203175048,0.014712121335019432,,0.28712120515868106,0.034087553524039395,0.0014139394531209205,0.0021813581974601654,0.41484338489558614,,,,,,,
661.0206656340504,,0.0748240888586828,,0.19029257573518735,0.014682444103201098,,0.2868619650101912,0.03402350328210973,0.001409179068784229,0.002178449290414774,0.41427908091653626,,,,,,,
661.9033337227105,,0.07474237481216961,,0.1900034095207246,0.014652826736175075,,0.2866029589281977,0.033959573390075104,0.001404434711483898,0.002175544262484791,0.4137155445500173,,,,,,,
662.7871804476755,,0.07466075000410226,,0.1897146827196192,0.01462326911318236,,0.28634418670136336,0.03389576362179911,0.0013997063272608655,0.0021726431084973007,0.4131527747518601,,,,,,,
663.6722073827904,,0.07457921433702507,,0.18942639466414438,0.014593771113707552,,0.28608564811854204,0.033832073751570185,0.001394993862337735,0.0021697458232862853,0.412590770479316,,,,,,,
664.5584161040034,,0.07449776771358864,,0.18913854468758756,0.014564332617478304,,0.2858273429687776,0.033768503554100805,0.001390297263118159,0.002166852401692613,0.4120295306910539,,,,,,,
665.4458081893672,,0.07441641003655002,,0.18885113212424923,0.0145349535044649,,0.2855692710413042,0.03370505280452677,0.0013856164761862357,0.0021639628385640313,0.41146905434715925,,,,,,,
666.3343852190399,,0.07433514120877247,,0.18856415630944195,0.01450563365487977,,0.2853114321255472,0.0336417212784065,0.0013809514483059079,0.0021610771287551623,0.4109093404091327,,,,,,,
667.22414877529,,0.07425396113322534,,0.18827761657948844,0.014476372949176992,,0.2850538260111218,0.03357850875172008,0.0013763021264203497,0.0021581952671274897,0.4103503878398878,,,,,,,
668.1151004425,,0.07417286971298392,,0.18799151227171934,0.01444717126805173,,0.28479645248783253,0.0335154150008685,0.0013716684576513614,0.002155317248549346,0.40979219560374797,,,,,,,
669.007241807168,,0.0740918668512292,,0.18770584272447233,0.01441802849243984,,0.2845393113456741,0.033452439802672866,0.0013670503892987663,0.002152443067895906,0.4092347626664452,,,,,,,
669.9005744579094,,0.07401095245124818,,0.18742060727709095,0.014388944503517371,,0.28428240237483116,0.033389582934373704,0.0013624478688398247,0.0021495727200491837,0.40867808799511957,,,,,,,
670.7950999854614,,0.07393012641643329,,0.18713580526992254,0.014359919182700054,,0.28402572536567733,0.03332684417363009,0.0013578608439286277,0.002146706199898015,0.40812217055831546,,,,,,,
671.6908199826847,,0.07384938865028258,,0.186851436044317,0.014330952411642834,,0.2837692801087759,0.03326422329851895,0.0013532892623955024,0.002143843502338055,0.4075670093259807,,,,,,,
672.5877360445684,,0.07376873905639941,,0.18656749894262467,0.014302044072239365,,0.283513066394879,0.03320172008753401,0.0013487330722464102,0.0021409846222717605,0.40701260326946387,,,,,,,
673.4858497682312,,0.07368817753849231,,0.18628399330819517,0.014273194046621524,,0.2832570840149274,0.0331393343195853,0.0013441922216623672,0.0021381295546083865,0.4064589513615121,,,,,,,
674.3851627529234,,0.07360770400037514,,0.18600091848537656,0.014244402217158999,,0.28300133276005124,0.03307706577399835,0.0013396666589988555,0.00213527829426398,0.40590605257627144,,,,,,,
675.2856766000305,,0.07352731834596687,,0.1857182738195131,0.01421566846645876,,0.282745812421569,0.03301491423051329,0.0013351563327852318,0.002132430836161369,0.40535390588928294,,,,,,,
676.1873929130778,,0.07344702047929115,,0.1854360586569435,0.014186992677364533,,0.2824905227909876,0.03295287946928406,0.0013306611917241373,0.002129587175230147,0.40480251027748043,,,,,,,
677.090313297732,,0.07336681030447657,,0.1851542723449996,0.014158374732956393,,0.28223546366000174,0.03289096127087771,0.0013261811846909132,0.0021267473064066687,0.4042518647191895,,,,,,,
677.9944393618023,,0.07328668772575644,,0.18487291423200564,0.01412981451655029,,0.2819806348204949,0.03282915941627363,0.0013217162607330388,0.002123911224634046,0.4037019681941263,,,,,,,
678.8997727152447,,0.0732066526474687,,0.1845919836672761,0.014101311911697549,,0.28172603606453833,0.032767473686862815,0.0013172663690695333,0.002121078924862135,0.40315281968339484,,,,,,,
679.8063149701666,,0.07312670497405567,,0.18431148000111378,0.014072866802184352,,0.2814716671843908,0.0327059038644469,0.0013128314590903755,0.0021182504020475206,0.40260441816948433,,,,,,,
680.7140677408281,,0.0730468446100639,,0.18403140258480868,0.01404447907203132,,0.2812175279724984,0.03264444973123753,0.0013084114803559386,0.0021154256511535146,0.402056762636268,,,,,,,
681.6230326436432,,0.07296707146014451,,0.18375175077063716,0.014016148605493058,,0.280963618221495,0.03258311106985561,0.0013040063825964189,0.002112604667150149,0.40150985206900214,,,,,,,
682.5332112971853,,0.07288738542905253,,0.1834725239118595,0.01398787528705763,,0.2807099377242019,0.03252188766333054,0.001299616115711255,0.002109787445014161,0.4009636854543231,,,,,,,
683.4446053221881,,0.07280778642164708,,0.183193721362719,0.013959659001446129,,0.28045648627362724,0.032460779295099385,0.0012952406297685648,0.002106973979728989,0.40041826178024587,,,,,,,
684.3572163415512,,0.07272827434289114,,0.1829153424784399,0.013931499633612164,,0.28020326366296583,0.03239978574900606,0.001290879875004569,0.002104164266284757,0.3998735800361614,,,,,,,
685.271045980341,,0.07264884909785141,,0.1826373866152261,0.0139033970687414,,0.27995026968559916,0.03233890680930063,0.0012865338018230306,0.0021013582996782703,0.3993296392128353,,,,,,,
686.1860958657926,,0.07256951059169835,,0.1823598531302604,0.013875351192251145,,0.2796975041350958,0.03227814226063867,0.0012822023607946965,0.002098556074913008,0.39878643830240684,,,,,,,
687.1023676273139,,0.07249025872970614,,0.18208274138170222,0.013847361889789842,,0.27944496680521047,0.03221749188808035,0.0012778855026567293,0.0020957575869991157,0.3982439762983862,,,,,,,
688.0198628964902,,0.0724110934172521,,0.18180605072868597,0.01381942904723658,,0.2791926574898838,0.03215695547708964,0.0012735831783121435,0.0020929628309533863,0.3977022521956519,,,,,,,
688.9385833070851,,0.07233201455981703,,0.18152978053132005,0.013791552550700636,,0.2789405759832427,0.03209653281353362,0.0012692953388292474,0.002090171801799259,0.39716126499044974,,,,,,,
689.8585304950427,,0.07225302206298498,,0.18125393015068542,0.013763732286521068,,0.2786887220796,0.03203622368368179,0.0012650219354410975,0.0020873844945668127,0.3966210136803917,,,,,,,
690.7797060984914,,0.07217411583244313,,0.18097849894883408,0.01373596814126621,,0.2784370955734544,0.031976027874205275,0.0012607629195449407,0.0020846009042927555,0.39608149726445324,,,,,,,
691.7021117577491,,0.07209529577398152,,0.18070348628878677,0.013708260001733164,,0.27818569625948975,0.03191594517217593,0.001256518242701642,0.0020818210260204065,0.3955427147429704,,,,,,,
692.6257491153214,,0.07201656179349325,,0.18042889153453306,0.01368060775494745,,0.27793452393257567,0.03185597536506581,0.0012522878566351642,0.002079044854799703,0.39500466511764054,,,,,,,
693.5506198159097,,0.07193791379697405,,0.1801547140510281,0.013653011288162398,,0.2776835783877666,0.031796118240746185,0.0012480717132319922,0.0020762723856871785,0.39446734739151745,,,,,,,
694.47672550641,,0.07185935169052238,,0.1798809532041927,0.013625470488858843,,0.27743285942030216,0.03173637358748706,0.0012438697645406045,0.0020735036137459572,0.39393076056901216,,,,,,,
695.4040678359167,,0.07178087538033928,,0.1796076083609112,0.013597985244744573,,0.2771823668256074,0.03167674119395621,0.001239681962770921,0.002070738534045754,0.3933949036558902,,,,,,,
696.3326484557284,,0.0717024847727282,,0.17933467888902963,0.013570555443753884,,0.2769321003992912,0.03161722084921847,0.0012355082602937548,0.0020679771416628515,0.39285977565926844,,,,,,,
697.262469019348,,0.07162417977409477,,0.17906216415735454,0.013543180974047097,,0.2766820599371473,0.03155781234273502,0.0012313486096402699,0.002065219431680099,0.3923253755876146,,,,,,,
698.1935311824853,,0.071545960290947,,0.17879006353565216,0.013515861724010194,,0.2764322452351541,0.03149851546436268,0.0012272029635014582,0.0020624653991869065,0.3917917024507458,,,,,,,
699.1258366030611,,0.0714678262298951,,0.17851837639464638,0.013488597582254291,,0.2761826560894742,0.031439330004353186,0.0012230712747275867,0.002059715039279233,0.39125875525982623,,,,,,,
700.0593869412112,,0.07138977749765099,,0.1782471021060169,0.013461388437615181,,0.2759332922964537,0.03138025575335229,0.001218953496327655,0.002056968347059572,0.3907265330273642,,,,,,,
700.9941838592882,,0.07131181400102861,,0.17797624004239818,0.013434234179152873,,0.2756841536526229,0.031321292502399074,0.0012148495814688746,0.002054225317636949,0.3901950347672115,,,,,,,
701.9302290218634,,0.0712339356469437,,0.1777057895773785,0.013407134696151212,,0.27543523995469604,0.03126244004292538,0.0012107594834761344,0.002051485946126916,0.389664259494562,,,,,,,
702.8675240957302,,0.07115614234241366,,0.177435750085498,0.013380089878117377,,0.27518655099957084,0.03120369816675498,0.0012066831558314674,0.002048750227651538,0.38913420622594924,,,,,,,
703.8060707499105,,0.07107843399455732,,0.17716612094224657,0.013353099614781384,,0.27493808658432783,0.03114506666610259,0.001202620552173513,0.0020460181573393786,0.38860487397924326,,,,,,,
704.7458706556515,,0.07100081051059509,,0.17689690152406407,0.013326163796095754,,0.2746898465062317,0.031086545333573596,0.0011985716262970085,0.0020432897303255065,0.3880762617736519,,,,,,,
705.6869254864351,,0.07092327179784857,,0.17662809120833695,0.013299282312234914,,0.27444183056272925,0.0310281339621629,0.0011945363321522425,0.0020405649417514684,0.38754836862971526,,,,,,,
706.6292369179757,,0.07084581776374066,,0.17635968937339844,0.013272455053594891,,0.27419403855145075,0.03096983234525445,0.001190514623844549,0.0020378437867652976,0.38702119356930725,,,,,,,
707.5728066282253,,0.07076844831579536,,0.1760916953985265,0.01324568191079282,,0.2739464702702092,0.03091164027662047,0.0011865064556337785,0.0020351262605214967,0.38649473561563213,,,,,,,
708.5176362973777,,0.07069116336163767,,0.17582410866394188,0.013218962774666426,,0.27369912551699993,0.030853557550420577,0.001182511781933773,0.0020324123581810264,0.3859689937932222,,,,,,,
709.4637276078706,,0.0706139628089933,,0.17555692855080707,0.013192297536273639,,0.2734520040900004,0.030795583961201176,0.001178530557311848,0.0020297020749113002,0.3854439671279365,,,,,,,
710.4110822443866,,0.07053684656568893,,0.17529015444122545,0.01316568608689218,,0.2732051057875709,0.030737719303894764,0.001174562736488289,0.0020269954058861795,0.3849196546469602,,,,,,,
711.3597018938581,,0.07045981453965196,,0.17502378571823934,0.01313912831801911,,0.2729584304082535,0.03067996337381921,0.0011706082743358252,0.002024292346285962,0.38439605537880156,,,,,,,
712.3095882454711,,0.0703828666389101,,0.17475782176582813,0.013112624121370294,,0.27271197775077216,0.03062231596667687,0.0011666671258791133,0.002021592891297369,0.3838731683532897,,,,,,,
713.2607429906678,,0.0703060027715916,,0.17449226196890727,0.013086173388880037,,0.27246574761403225,0.030564776878553947,0.0011627392462942312,0.0020188970361135396,0.38335099260157335,,,,,,,
714.2131678231472,,0.07022922284592513,,0.1742271057133274,0.013059776012700676,,0.27221973979712133,0.030507345905919928,0.0011588245909081724,0.0020162047759340277,0.38282952715612,,,,,,,
715.1668644388697,,0.07015252677023953,,0.17396235238587235,0.013033431885202089,,0.2719739540993082,0.030450022845626725,0.0011549231151983337,0.002013516105964788,0.3823087710507133,,,,,,,
716.1218345360629,,0.07007591445296367,,0.17369800137425714,0.013007140898971222,,0.2717283903200423,0.03039280749490779,0.0011510347747920007,0.002010831021418163,0.3817887233204499,,,,,,,
717.0780798152191,,0.06999938580262662,,0.1734340520671281,0.012980902946811763,,0.271483048258955,0.030335699651377793,0.0011471595254658625,0.002008149517512888,0.3812693830017407,,,,,,,
718.0356019791041,,0.069922940727857,,0.17317050385405974,0.012954717921743552,,0.27123792771585786,0.030278699113031503,0.001143297323145482,0.002005471589474064,0.3807507491323056,,,,,,,
718.994402732755,,0.0698465791373836,,0.17290735612555475,0.012928585717002292,,0.27099302849074375,0.030221805678243358,0.0011394481239048251,0.0020027972325331687,0.3802328207511749,,,,,,,
719.9544837834862,,0.06977030094003474,,0.17264460827304196,0.01290250622603906,,0.270748350383786,0.030165019145766678,0.001135611883965741,0.0020001264419280363,0.379715596898686,,,,,,,
720.915846840893,,0.06969410604473818,,0.17238225968887458,0.012876479342519814,,0.27050389319533796,0.03010833931473284,0.001131788559697463,0.001997459212902848,0.37919907661648083,,,,,,,
721.8784936168533,,0.06961799436052124,,0.1721203097663294,0.01285050496032501,,0.2702596567259335,0.030051765984650605,0.0011279781076161215,0.0019947955407081286,0.37868325894750504,,,,,,,
722.8424258255302,,0.06954196579651063,,0.17185875789960522,0.012824582973549197,,0.27001564077628676,0.029995298955405595,0.00112418048438425,0.001992135420600738,0.37816814293600687,,,,,,,
723.8076451833749,,0.0694660202619323,,0.17159760348382172,0.012798713276500584,,0.2697718451472918,0.029938938027259446,0.0011203956468102884,0.001989478847843863,0.37765372762753474,,,,,,,
724.7741534091325,,0.06939015766611126,,0.17133684591501716,0.012772895763700515,,0.2695282696400223,0.029882683000848953,0.0011166235518480885,0.0019868258177070026,0.37714001206893455,,,,,,,
725.7419522238432,,0.06931437791847153,,0.17107648459014774,0.01274713032988312,,0.2692849140557312,0.029826533677185574,0.001112864156596423,0.001984176325465964,0.37662699530834876,,,,,,,
726.7110433508436,,0.06923868092853615,,0.17081651890708624,0.012721416869994891,,0.2690417781958515,0.029770489857654747,0.0011091174182985145,0.001981530366402858,0.37611467639521545,,,,,,,
727.6814285157725,,0.0691630666059269,,0.17055694826462037,0.012695755279194247,,0.2687988618619952,0.029714551344015013,0.0011053832943415298,0.0019788879358060853,0.3756030543802653,,,,,,,
728.653109446572,,0.06908753486036431,,0.1702977720624516,0.012670145452851084,,0.2685561648559538,0.029658717938397507,0.0011016617422561056,0.001976249028970331,0.3750921283155206,,,,,,,
729.6260878734931,,0.0690120856016675,,0.1700389897011932,0.012644587286546327,,0.26831368697969715,0.029602989443305052,0.0010979527197158597,0.0019736136411965524,0.37458189725429253,,,,,,,
730.6003655290973,,0.06893671873975385,,0.16978060058236918,0.01261908067607153,,0.2680714280353739,0.029547365661611535,0.0010942561845369088,0.001970981767791971,0.37407236025117985,,,,,,,
731.5759441482579,,0.06886143418463947,,0.16952260410841352,0.012593625517428514,,0.26782938782531196,0.029491846396561376,0.0010905720946774,0.001968353404070072,0.3735635163620683,,,,,,,
732.5528254681652,,0.06878623184643863,,0.16926499968266823,0.012568221706828862,,0.26758756615201756,0.02943643145176869,0.001086900408237024,0.0019657285453505893,0.37305536464412775,,,,,,,
733.5310112283303,,0.0687111116353636,,0.1690077867093815,0.01254286914069349,,0.26734596281817474,0.029381120631216468,0.0010832410834565348,0.001963107186959494,0.3725479041558098,,,,,,,
734.5105031705872,,0.0686360734617248,,0.1687509645937069,0.012517567715652253,,0.2671045776266459,0.02932591373925606,0.0010795940787172793,0.0019604893242289906,0.3720411339568469,,,,,,,
735.4913030390943,,0.06856111723593067,,0.16849453274170229,0.012492317328543553,,0.2668634103804718,0.029270810580606533,0.0010759593525407295,0.001957874952497513,0.37153505310825136,,,,,,,
736.4734125803391,,0.06848624286848748,,0.1682384905603281,0.012467117876413913,,0.2666224608828709,0.02921581096035383,0.001072336863588004,0.001955264067109709,0.3710296606723125,,,,,,,
737.4568335431425,,0.06841145026999913,,0.16798283745744552,0.01244196925651747,,0.266381728937239,0.029160914683950098,0.0010687265706593966,0.001952656663416433,0.37052495571259475,,,,,,,
738.4415676786607,,0.0683367393511672,,0.16772757284181553,0.012416871366315632,,0.26614121434714955,0.029106121557213024,0.0010651284326939072,0.0019500527367747383,0.37002093729393615,,,,,,,
739.427616740387,,0.06826211002279081,,0.16747269612309798,0.012391824103476673,,0.26590091691635354,0.029051431386325263,0.001061542408768784,0.001947452282547873,0.3695176044824477,,,,,,,
740.4149824841564,,0.06818756219576651,,0.1672182067118496,0.012366827365875297,,0.265660836448779,0.028996843977833565,0.0010579684580990525,0.0019448552961052674,0.3690149563455103,,,,,,,
741.4036666681482,,0.06811309578108816,,0.166964104019523,0.012341881051592209,,0.2654209727485313,0.028942359138648267,0.0010544065400370506,0.0019422617728225284,0.36851299195177384,,,,,,,
742.3936710528906,,0.06803871068984679,,0.16671038745846473,0.012316985058913677,,0.2651813256198923,0.028887976676042423,0.0010508566140719606,0.0019396717080814258,0.3680117103711545,,,,,,,
743.3849974012629,,0.0679644068332304,,0.16645705644191436,0.012292139286331138,,0.2649418948673204,0.028833696397651182,0.0010473186398293579,0.0019370850972698875,0.3675111106748334,,,,,,,
744.3776474784967,,0.06789018412252426,,0.16620411038400348,0.012267343632540846,,0.26470268029545096,0.028779518111471294,0.0010437925770707518,0.0019345019357819963,0.36701119193525605,,,,,,,
745.3716230521808,,0.06781604246911038,,0.16595154869975398,0.012242597996443392,,0.264463681709096,0.02872544162586022,0.001040278385693125,0.0019319222190179771,0.3665119532261296,,,,,,,
746.3669258922658,,0.06774198178446748,,0.16569937080507627,0.012217902277143266,,0.26422489891324313,0.028671466749535465,0.0010367760257284733,0.0019293459423841844,0.36601339362242064,,,,,,,
747.3635577710658,,0.06766800198017099,,0.16544757611676827,0.012193256373948481,,0.26398633171305597,0.02861759329157395,0.0010332854573433508,0.0019267731012930988,0.36551551220035383,,,,,,,
748.3615204632597,,0.06759410296789296,,0.16519616405251464,0.012168660186370223,,0.2637479799138748,0.028563821061411435,0.0010298066408384319,0.001924203691163322,0.36501830803741125,,,,,,,
749.3608157458966,,0.06752028465940194,,0.16494513403088484,0.01214411361412236,,0.2635098433212153,0.028510149868841705,0.0010263395366480455,0.0019216377074195658,0.36452178021233,,,,,,,
750.3614453983996,,0.0674465469665627,,0.16469448547133148,0.012119616557121033,,0.26327192174076847,0.0284565795240159,0.0010228841053397217,0.0019190751454926387,0.3640259278050994,,,,,,,
751.3634112025682,,0.06737288980133634,,0.16444421779418936,0.012095168915484261,,0.26303421497840085,0.02840310983744188,0.0010194403076137536,0.0019165160008194427,0.36353074989696044,,,,,,,
752.3667149425793,,0.06729931307578008,,0.16419433042067455,0.012070770589531599,,0.2627967228401546,0.028349740619983604,0.0010160081043027495,0.0019139602688429689,0.3630362455704045,,,,,,,
753.3713584049934,,0.06722581670204723,,0.16394482277288244,0.012046421479783642,,0.26255944513224677,0.028296471682860418,0.0010125874563711825,0.0019114079450122828,0.36254241390917064,,,,,,,
754.3773433787555,,0.06715240059238704,,0.16369569427378675,0.01202212148696168,,0.2623223816610696,0.02824330283764643,0.001009178324914951,0.001908859024782521,0.3620492539982448,,,,,,,
755.3846716552013,,0.06707906465914455,,0.1634469443472376,0.011997870511987228,,0.2620855322331896,0.02819023389626966,0.0010057806711609295,0.0019063135036148774,0.36155676492385674,,,,,,,
756.3933450280579,,0.06700580881476038,,0.16319857241796087,0.011973668455981657,,0.2618488966553482,0.028137264671011575,0.0010023944564665323,0.0019037713769765976,0.3610649457734792,,,,,,,
757.4033652934467,,0.06693263297177109,,0.1629505779115567,0.011949515220265853,,0.2616124747344616,0.02808439497450643,0.0009990196423192777,0.0019012326403409763,0.36057379563582703,,,,,,,
758.4147342498869,,0.0668595370428086,,0.16270296025449826,0.011925410706359737,,0.2613762662776202,0.028031624619740503,0.0009956561903363456,0.0018986972891873442,0.3600833136008547,,,,,,,
759.4274536983014,,0.06678652094060013,,0.16245571887412974,0.01190135481598185,,0.26114027109208837,0.027978953420051432,0.000992304062264139,0.0018961653190010573,0.35959349875975377,,,,,,,
760.4415254420176,,0.06671358457796832,,0.16220885319866574,0.011877347451048983,,0.26090448898530444,0.02792638118912759,0.0009889632199778476,0.0018936367252734912,0.359104350204952,,,,,,,
761.4569512867691,,0.06664072786783104,,0.16196236265718988,0.011853388513675837,,0.26066891976488094,0.027873907741007464,0.0009856336254810247,0.0018911115035020385,0.3586158670301126,,,,,,,
762.4737330407012,,0.06656795072320126,,0.16171624667965348,0.011829477906174543,,0.2604335632386041,0.02782153289007901,0.0009823152409051505,0.0018885896491900955,0.3581280483301315,,,,,,,
763.4918725143748,,0.06649525305718693,,0.16147050469687363,0.011805615531054263,,0.26019841921443354,0.027769256451078844,0.0009790080285091895,0.0018860711578470516,0.3576408932011353,,,,,,,
764.5113715207688,,0.06642263478299072,,0.1612251361405325,0.011781801291020806,,0.25996348750050197,0.02771707823909171,0.000975711950679175,0.001883556024988284,0.35715440074047977,,,,,,,
765.5322318752811,,0.0663500958139104,,0.16098014044317605,0.0117580350889763,,0.25972876790511573,0.027664998069549848,0.00097242696992778,0.0018810442461351543,0.3566685700467497,,,,,,,
766.5544553957349,,0.06627763606333824,,0.16073551703821243,0.011734316828018702,,0.25949426023675437,0.027613015758232308,0.0009691530488938862,0.0018785358168149952,0.3561834002197553,,,,,,,
767.5780439023794,,0.06620525544476115,,0.16049126535991104,0.011710646411441462,,0.2592599643040702,0.02756113112126428,0.0009658901503421628,0.0018760307325611045,0.35569889036053187,,,,,,,
768.6029992178965,,0.06613295387176049,,0.16024738484340045,0.011687023742733066,,0.2590258799158881,0.02750934397511641,0.0009626382371626383,0.001873528988912734,0.3552150395713369,,,,,,,
769.6293231674016,,0.06606073125801193,,0.1600038749246677,0.011663448725576698,,0.25879200688120557,0.02745765413660418,0.0009593972723702773,0.001871030581415083,0.35473184695564874,,,,,,,
770.657017578446,,0.0659885875172855,,0.1597607350405572,0.011639921263849853,,0.25855834500919284,0.027406061422887373,0.0009561672191045738,0.0018685355056192962,0.35424931161816636,,,,,,,
771.686084281021,,0.06591652256344552,,0.15951796462876924,0.011616441261623926,,0.2583248941091925,0.027354565651469286,0.0009529480406291189,0.0018660437570824499,0.35376743266480637,,,,,,,
772.7165251075631,,0.06584453631045012,,0.15927556312785804,0.011593008623163783,,0.2580916539907188,0.02730316664019608,0.0009497397003311802,0.001863555331367542,0.3532862092027009,,,,,,,
773.7483418929561,,0.0657726286723515,,0.15903352997723108,0.011569623252927416,,0.25785862446345825,0.027251864207256185,0.0009465421617212945,0.0018610702240434871,0.3528056403401967,,,,,,,
774.7815364745317,,0.06570079956329579,,0.1587918646171481,0.011546285055565571,,0.25762580533726936,0.027200658171179698,0.0009433553884328523,0.001858588430685113,0.352325725186854,,,,,,,
775.8161106920754,,0.06562904889752286,,0.15855056648871935,0.011522993935921332,,0.2573931964221822,0.027149548350837733,0.0009401793442216815,0.0018561099468731481,0.35184646285344445,,,,,,,
776.852066387831,,0.0655573765893662,,0.15830963503390402,0.011499749799029698,,0.2571607975283983,0.027098534565441666,0.0009370139929656313,0.0018536347681942103,0.3513678524519485,,,,,,,
777.8894054065022,,0.06548578255325273,,0.15806906969550932,0.011476552550117229,,0.2569286084662904,0.02704761663454252,0.0009338592986641652,0.0018511628902408031,0.3508898930955545,,,,,,,
778.9281295952543,,0.06541426670370308,,0.1578288699171895,0.011453402094601708,,0.2566966290464028,0.02699679437803052,0.0009307152254379558,0.001848694308611311,0.350412583898658,,,,,,,
779.96824080372,,0.0653428289553311,,0.15758903514344405,0.011430298338091682,,0.25646485907945055,0.026946067616134266,0.0009275817375284701,0.0018462290189099869,0.34993592397685863,,,,,,,
781.0097408840011,,0.0652714692228439,,0.15734956481961676,0.011407241186386119,,0.25623329837632014,0.026895436169420146,0.0009244587992975673,0.0018437670167469466,0.3494599124469596,,,,,,,
782.0526316906739,,0.06520018742104174,,0.15711045839189397,0.011384230545473974,,0.2560019467480682,0.026844899858791668,0.0009213463752270887,0.0018413082977381567,0.3489845484269648,,,,,,,
783.0969150807913,,0.0651289834648178,,0.15687171530730346,0.011361266321533857,,0.25577080400592184,0.02679445850548885,0.0009182444299184535,0.0018388528575054301,0.3485098310360777,,,,,,,
784.1425929138845,,0.06505785726915839,,0.15663333501371376,0.011338348420933649,,0.25553986996127936,0.026744111931087652,0.0009151529280922659,0.0018364006916764218,0.34803575939470077,,,,,,,
785.1896670519674,,0.06498680874914267,,0.15639531695983241,0.011315476750230114,,0.255309144425709,0.026693859957499323,0.0009120718345879058,0.0018339517958846174,0.34756233262443303,,,,,,,
786.2381393595421,,0.06491583781994238,,0.15615766059520433,0.011292651216168468,,0.2550786272109488,0.026643702406969647,0.000909001114363127,0.0018315061657693216,0.34708954984806745,,,,,,,
787.2880117036003,,0.06484494439682197,,0.15592036537021084,0.011269871725682057,,0.2548483181289071,0.026593639102078424,0.0009059407324936614,0.001829063796975654,0.34661741018959047,,,,,,,
788.3392859536253,,0.06477412839513844,,0.15568343073606883,0.011247138185891977,,0.25461821699166204,0.02654366986573886,0.0009028906541728262,0.001826624685154546,0.3461459127741808,,,,,,,
789.3919639815965,,0.06470338973034129,,0.15544685614482923,0.011224450504106689,,0.25438832361146163,0.02649379452119696,0.0008998508447111241,0.001824188825962728,0.345675056728207,,,,,,,
790.4460476619946,,0.06463272831797229,,0.1552106410493751,0.011201808587821585,,0.25415863780072295,0.026444012892030723,0.0008968212695358459,0.0018217562150627184,0.3452048411792255,,,,,,,
791.5015388718035,,0.0645621440736653,,0.15497478490342095,0.01117921234471868,,0.2539291593720326,0.02639432480214967,0.0008938018941906775,0.0018193268481228207,0.3447352652559795,,,,,,,
792.5584394905117,,0.0644916369131466,,0.1547392871615119,0.011156661682666222,,0.2536998881381466,0.026344730075794284,0.0008907926843353161,0.0018169007208171176,0.34426632808839785,,,,,,,
793.6167514001181,,0.06442120675223435,,0.15450414727902154,0.011134156509718302,,0.2534708239119899,0.026295228537535215,0.0008877936057450743,0.0018144778288254589,0.34379802880759286,,,,,,,
794.6764764851342,,0.06435085350683867,,0.1542693647121514,0.011111696734114494,,0.2532419665066565,0.026245820012272828,0.0008848046243104907,0.001812058167833458,0.3433303665458589,,,,,,,
795.7376166325894,,0.06428057709296152,,0.15403493891792897,0.011089282264279453,,0.253013315735409,0.026196504325236396,0.0008818257060369363,0.0018096417335324768,0.34286334043667016,,,,,,,
796.8001737320324,,0.06421037742669647,,0.15380086935420684,0.011066913008822541,,0.25278487141167827,0.02614728130198361,0.000878856817044237,0.001807228521619624,0.3423969496146794,,,,,,,
797.8641496755341,,0.06414025442422885,,0.15356715547966174,0.011044588876537514,,0.2525566333490643,0.02609815076839997,0.0008758979235662869,0.0018048185277977492,0.34193119321571724,,,,,,,
798.9295463576915,,0.06407020800183565,,0.15333379675379308,0.011022309776402103,,0.2523286013613351,0.026049112550698174,0.0008729489919506625,0.0018024117477754328,0.34146607037678983,,,,,,,
799.9963656756332,,0.06400023807588501,,0.1531007926369211,0.011000075617577633,,0.2521007752624268,0.02600016647541739,0.000870009988658237,0.0018000081772669744,0.3410015802360765,,,,,,,
801.0646095290211,,0.06381430045642153,,0.15282970529686993,0.010977245461883195,3.541815017727074,0.2517541731204643,0.02594426911668956,0.0008695203347886903,0.001797044152558586,0.34027398195198716,,,,,,,
802.134279820052,,0.06362850813529618,,0.15255896690223297,0.010954460504582344,3.5366199415828476,0.2514076417148067,0.025888467925787337,0.000869039296835895,0.0017940830866184808,0.33954703747627446,,,,,,,
803.2053784534629,,0.06344325673973689,,0.15228870812167508,0.010931722840956504,3.531432485491058,0.2510615872983234,0.025832786752639073,0.0008685585250039753,0.0017911268997524348,0.3388216460087228,,,,,,,
804.2779073365357,,0.0632585446948643,,0.15201892810555792,0.01090903237284038,3.5262526382747352,0.2507160092144541,0.025777225339109328,0.0008680780191457063,0.0017881755839209853,0.3380978042315619,,,,,,,
805.3518683790991,,0.06307437043038425,,0.15174962600574832,0.010886389002272423,3.5210803887732993,0.25037090680754237,0.0257217834276179,0.0008675977791139454,0.0017852291310979215,0.33737550883410944,,,,,,,
806.4272634935305,,0.06289073238057463,,0.15148080097561592,0.010863792631494479,3.515915725842552,0.2500262794228345,0.02566646076113868,0.0008671178047616315,0.0017822875332702622,0.336654756512757,,,,,,,
807.5040945947616,,0.06270762898427176,,0.15121245217003002,0.010841243162951262,3.5107586383546354,0.249682126406478,0.025611257083198283,0.000866638095941784,0.0017793507824382213,0.3359355439709533,,,,,,,
808.5823636002805,,0.0625250586848574,,0.15094457874535724,0.010818740499290007,3.5056091151980184,0.24933844710552058,0.02555617213787505,0.0008661586525075063,0.001776418870615202,0.3352178679191901,,,,,,,
809.6620724301371,,0.062343019930244964,,0.15067717985945833,0.010796284543359982,3.5004671452774607,0.2489952408679082,0.025501205669797626,0.0008656794743119809,0.0017734917898277638,0.3345017250749857,,,,,,,
810.7432230069454,,0.06216151117286676,,0.1504102546716859,0.010773875198212105,3.4953327175139948,0.2486525070424843,0.025446357424143966,0.0008652005612084696,0.0017705695321155988,0.3337871121628709,,,,,,,
811.8258172558851,,0.061980530869660995,,0.15014380234288208,0.010751512367098561,3.490205820844912,0.2483102449789891,0.02539162714664012,0.00086472191305032,0.0017676520895315248,0.33307402591437496,,,,,,,
812.9098571047062,,0.06180007748205845,,0.14987782203537575,0.01072919595347236,3.4850864442237315,0.24796845402805812,0.02533701458355909,0.0008642435296909574,0.0017647394541414525,0.3323624630680101,,,,,,,
813.9953444837352,,0.061620149475969103,,0.14961231291297908,0.010706925860986862,3.4799745766201666,0.24762713354121993,0.02528251948171947,0.0008637654109838897,0.0017618316180243645,0.3316524203692549,,,,,,,
815.0822813258753,,0.06144074532176937,,0.14934727414098575,0.010684701993495417,3.474870207020109,0.24728628287089582,0.02522814158848444,0.000863287556782705,0.0017589285732722895,0.33094389457054074,,,,,,,
816.17066956661,,0.06126186349428936,,0.14908270488616848,0.010662524255050973,3.4697733244256144,0.24694590137039887,0.025173880651760586,0.000862809966941072,0.0017560303119902954,0.33023688243123805,,,,,,,
817.2605111440064,,0.06108350247279962,,0.148818604316776,0.010640392549905632,3.4646839178548694,0.24660598839393252,0.02511973641999674,0.000862332641312743,0.001753136826296459,0.3295313807176405,,,,,,,
818.3518079987226,,0.060905660740997826,,0.14855497160252995,0.010618306782510177,3.4596019763421575,0.24626654329658815,0.02506570864218265,0.0008618555797515482,0.0017502481083218342,0.3288273862029483,,,,,,,
819.4445620740046,,0.060728336786996934,,0.14829180591462357,0.010596266857513808,3.4545274889378628,0.24592756543434588,0.025011797067848063,0.0008613787821114,0.0017473641502104525,0.3281248956672575,,,,,,,
820.5387753156965,,0.060551529103310964,,0.14802910642571757,0.01057427267976355,3.4494604447084125,0.2455890541640713,0.024958001447061333,0.0008609022482462914,0.001744484944119282,0.3274239058975407,,,,,,,
821.6344496722384,,0.0603752361868435,,0.14776687230993887,0.010552324154303992,3.4444008327362834,0.2452510088435162,0.024904321530428434,0.0008604259780102953,0.0017416104822182206,0.32672441368763655,,,,,,,
822.7315870946717,,0.06019945653887419,,0.14750510274287743,0.010530421186376815,3.4393486421199673,0.24491342883131612,0.02485075706909179,0.0008599499712575679,0.0017387407566900632,0.3260264158382329,,,,,,,
823.8301895366453,,0.060024188665045934,,0.14724379690158332,0.010508563681420356,3.4343038619739374,0.24457631348698908,0.024797307814728938,0.0008594742278423437,0.0017358757597304869,0.3253299091568514,,,,,,,
824.9302589544166,,0.059849431075352365,,0.1469829539645643,0.010486751545069225,3.429266481428633,0.24423966217093457,0.024743973519551574,0.0008589987476189384,0.0017330154835480287,0.32463489045783417,,,,,,,
826.0317973068534,,0.059675182284125466,,0.14672257311178394,0.010464984683153931,3.4242364896304456,0.24390347424443323,0.02469075393630435,0.0008585235304417484,0.0017301599203640619,0.3239413565623298,,,,,,,
827.1348065554392,,0.05950144081002265,,0.14646265352465856,0.010443263001700464,3.419213875741685,0.2435677490696446,0.024637648818263774,0.0008580485761652507,0.0017273090624127824,0.32324930429827836,,,,,,,
828.2392886642788,,0.05932820517601396,,0.14620319438605406,0.010421586406929821,3.414198628940552,0.24323248600960581,0.024584657919236887,0.0008575738846440031,0.0017244629019411784,0.32255873050039513,,,,,,,
829.345245600099,,0.05915547390936973,,0.14594419488028396,0.010399954805257657,3.409190738421119,0.2428976844282307,0.02453178099356028,0.0008570994557326423,0.0017216214312090082,0.3218696320101578,,,,,,,
830.4526793322518,,0.058983245541648306,,0.14568565419310722,0.01037836810329391,3.404190193393318,0.2425633436903093,0.024479017796098984,0.0008566252892858886,0.001718784642488792,0.32118200567579264,,,,,,,
831.5615918327184,,0.05881151860868344,,0.14542757151172514,0.010356826207842361,3.399196983082904,0.2422294631615058,0.024426368082245246,0.0008561513851585399,0.0017159525280657825,0.3204958483522594,,,,,,,
832.6719850761158,,0.05864029165057115,,0.14516994602477837,0.01033532902590018,3.394211096731427,0.2418960422083568,0.02437383160791735,0.0008556777432054754,0.0017131250802379394,0.31981115690123507,,,,,,,
833.7838610396947,,0.05846956321165862,,0.14491277692234564,0.010313876464657663,3.3892325235962324,0.24156308019827208,0.02432140812955865,0.000855204363281654,0.0017103022913159158,0.3191279281911033,,,,,,,
834.897221703349,,0.05829933184053048,,0.1446560633959397,0.01029246843149766,3.384261252950407,0.2412305764995309,0.02426909740413625,0.000854731245242115,0.0017074841536230333,0.31844615909693585,,,,,,,
836.0120690496141,,0.05812959608999747,,0.1443998046385061,0.010271104833995324,3.3792972740827825,0.24089853048128285,0.024216899189140027,0.0008542583889419796,0.0017046706594952658,0.317765846500482,,,,,,,
837.1284050636726,,0.05796035451708377,,0.14414399984442008,0.01024978557991764,3.374340576297903,0.2405669415135459,0.024164813242581504,0.000853785794236447,0.0017018618012812174,0.3170869872901527,,,,,,,
838.2462317333598,,0.05779160568301446,,0.14388864820948374,0.010228510577223016,3.36939114891599,0.2402358089672048,0.024112839322992553,0.0008533134609807972,0.001699057571342091,0.3164095783610054,,,,,,,
839.365551049165,,0.05762334815320355,,0.14363374893092368,0.010207279734060892,3.364448981272934,0.23990513221401008,0.02406097718942445,0.0008528413890303904,0.0016962579620516814,0.31573361661473065,,,,,,,
840.4863650042341,,0.05745558049724203,,0.14337930120738912,0.010186092958771409,3.359514062720272,0.23957491062657754,0.02400922660144672,0.0008523695782406667,0.0016934629657963534,0.3150590989596393,,,,,,,
841.6086755943743,,0.057288301288885436,,0.14312530423894881,0.010164950159884946,3.3545863826251616,0.2392451435783867,0.02395758731914606,0.0008518980284671462,0.0016906725749750112,0.31438602231064683,,,,,,,
842.7324848180596,,0.05712150910604153,,0.14287175722708825,0.010143851246121717,3.3496659303703473,0.23891583044377884,0.023906059103125085,0.0008514267395654288,0.001687886781999086,0.31371438358925885,,,,,,,
843.8577946764324,,0.05695520253075843,,0.14261865937470747,0.010122796126391397,3.3447526953541487,0.23858697059795647,0.023854641714501284,0.0008509557113911939,0.0016851055792925123,0.3130441797235574,,,,,,,
844.9846071733057,,0.05678938014921273,,0.14236600988611897,0.010101784709792767,3.339846666990442,0.23825856341698254,0.023803334914906056,0.0008504849438002027,0.001682328959291707,0.31237540764818855,,,,,,,
846.1129243151692,,0.05662404055169732,,0.14211380796704462,0.010080816905613268,3.3349478347086277,0.2379306082777788,0.023752138466483396,0.0008500144366482941,0.001679556914445553,0.3117080643043463,,,,,,,
847.2427481111906,,0.056459182332609374,,0.14186205282461353,0.010059892623328655,3.3300561879536152,0.23760310455812464,0.02370105213188897,0.0008495441897913872,0.0016767894372153752,0.3110421466397599,,,,,,,
848.3740805732227,,0.05629480409043823,,0.141610743667359,0.01003901177260254,3.3251717161857868,0.23727605163665558,0.02365007567428881,0.0008490742030854813,0.001674026520074919,0.31037765160867836,,,,,,,
849.5069237158045,,0.056130904427753654,,0.1413598797052165,0.01001817426328604,3.320294408880986,0.2369494488928623,0.02359920885735837,0.000848604476386654,0.001671268155510326,0.30971457617185744,,,,,,,
850.6412795561632,,0.05596748195119419,,0.14110946014952133,0.009997380005417424,3.3154242555304996,0.2366232957070903,0.023548451445281428,0.0008481350095510653,0.001668514336020127,0.3090529172965467,,,,,,,
851.7771501142197,,0.055804535271455104,,0.14085948421300606,0.009976628909221696,3.3105612456410296,0.23629759146053778,0.023497803202749003,0.0008476658024349525,0.0016657650541152132,0.308392671956475,,,,,,,
852.9145374125941,,0.0556420630032763,,0.1406099511097974,0.009955920885110164,3.3057053687346585,0.23597233553525435,0.023447263894958093,0.0008471968548946328,0.0016630203023188077,0.30773383713183505,,,,,,,
854.0534434766068,,0.05548006376543084,,0.14036086005541434,0.009935255843680098,3.3008566143488425,0.23564752731414007,0.02339683328761076,0.0008467281667865032,0.0016602800731664584,0.3070764098092712,,,,,,,
855.1938703342815,,0.055318536180713314,,0.14011221026676593,0.009914633695714346,3.2960149720363874,0.23532316618094512,0.023346511146913055,0.0008462597379670391,0.0016575443592060145,0.3064203869818661,,,,,,,
856.3358200163497,,0.05515747887592811,,0.13986400096214843,0.009894054352180973,3.291180431365426,0.2349992515202678,0.02329629723957385,0.000845791568292798,0.0016548131529976059,0.3057657656491264,,,,,,,
857.4792945562559,,0.0549968904818773,,0.13961623136124257,0.00987351772423279,3.286352981919381,0.23467578271755293,0.023246191332803756,0.0008453236576204152,0.0016520864471136132,0.3051125428169679,,,,,,,
858.6242959901606,,0.05483676963334924,,0.13936890068511137,0.009853023723207026,3.2815326132969584,0.23435275915909135,0.023196193194314013,0.0008448560058066022,0.0016493642341386605,0.3044607154977027,,,,,,,
859.7708263569409,,0.054677114969107425,,0.13912200815619816,0.009832572260624995,3.2767193151121257,0.2340301802320192,0.023146302592315603,0.0008443886127081556,0.0016466465066695946,0.30381028071002675,,,,,,,
860.9188876981975,,0.054517925131878295,,0.1388755529983235,0.009812163248191607,3.27191307699408,0.23370804532431583,0.023096519295517946,0.0008439214781819464,0.0016439332573154536,0.3031612354790045,,,,,,,
862.0684820582566,,0.05435919876834008,,0.1386295344366831,0.009791796597795097,3.267113888587237,0.2333863538248032,0.02304684307312802,0.0008434546020849294,0.0016412244786974605,0.3025135768360565,,,,,,,
863.2196114841756,,0.05420093452911091,,0.138383951697845,0.009771472221506535,3.2623217395511896,0.23306510512314432,0.02299727369484906,0.0008429879842741331,0.001638520163448994,0.30186730181894417,,,,,,,
864.3722780257456,,0.05404313106873757,,0.13813880400974718,0.009751190031579506,3.2575366195607023,0.2327442986098421,0.02294781093087969,0.000842521624606668,0.0016358203042155651,0.3012224074717574,,,,,,,
865.5264837354928,,0.05388578704568429,,0.1378940906016959,0.009730949940449773,3.25275851830569,0.23242393367623893,0.022898454551912806,0.000842055522939725,0.0016331248936548124,0.3005788908449018,,,,,,,
866.6822306686846,,0.0537289011223212,,0.1376498107043626,0.009710751860734822,3.2479874254911905,0.23210400971451492,0.02284920432913454,0.0008415896791305719,0.0016304339244364707,0.2999367489950844,,,,,,,
867.8395208833341,,0.053572471964912494,,0.13740596354978124,0.009690595705233507,3.243223330837333,0.23178452611768655,0.022800060034223087,0.0008411240930365557,0.0016277473892423514,0.29929597898529914,,,,,,,
868.9983564402029,,0.05341649824360557,,0.13716254837134617,0.009670481386925667,3.2384662240793287,0.23146548227960564,0.022751021439347683,0.0008406587645151029,0.0016250652807663195,0.2986565778848144,,,,,,,
870.1587394028023,,0.05326097863241991,,0.1369195644038103,0.009650408818971818,3.2337160949674493,0.2311468775949588,0.0227020883171677,0.0008401936934237178,0.0016223875917142873,0.29801854276916095,,,,,,,
871.3206718373991,,0.053105911809235413,,0.13667701088328205,0.009630377914712697,3.228972933267002,0.2308287114592659,0.022653260440831435,0.000839728879619986,0.0016197143148041853,0.2973818707201167,,,,,,,
872.4841558130211,,0.052951296455781095,,0.13643488704722273,0.00961038858766889,3.2242367287582976,0.23051098326887845,0.022604537583975074,0.0008392643229615694,0.0016170454427659351,0.2967465588256932,,,,,,,
873.6491934014587,,0.052797131257624065,,0.13619319213444456,0.009590440751540518,3.2195074712366383,0.23019369242097876,0.02255591952072162,0.0008388000233062095,0.0016143809683414423,0.29611260418012303,,,,,,,
874.8157866772672,,0.05264341490415855,,0.1359519253851085,0.00957053432020681,3.2147851505123013,0.2298768383135793,0.02250740602568001,0.0008383359805117266,0.0016117208842845738,0.29548000388384765,,,,,,,
875.9839377177727,,0.052490146088594425,,0.1357110860407214,0.00955066920772578,3.2100697564105065,0.22956042034552118,0.02245899687394388,0.0008378721944360185,0.0016090651833611342,0.2948487550435021,,,,,,,
877.1536486030748,,0.05233732350794635,,0.135470673344134,0.00953084532833381,3.2053612787714,0.229244437916473,0.022410691841090673,0.0008374086649370646,0.0016064138583488522,0.29421885477190357,,,,,,,
878.3249214160518,,0.05218494586302233,,0.13523068653953801,0.009511062596445288,3.2006597074500256,0.22892889042692927,0.022362490703180405,0.00083694539187292,0.0016037669020373478,0.293590300188036,,,,,,,
879.4977582423637,,0.05203301185841293,,0.13499112487246384,0.009491320926652235,3.1959650323163054,0.22861377727820964,0.02231439323675478,0.0008364823751017193,0.0016011243072281277,0.2929630884170384,,,,,,,
880.6721611704537,,0.051881520202480394,,0.13475198758977908,0.009471620233723993,3.1912772432550285,0.22829909787245853,0.022266399218836188,0.0008360196144816755,0.0015984860667345622,0.2923372165901923,,,,,,,
881.8481322915537,,0.05173046960734762,,0.13451327393968532,0.009451960432606812,3.1865963301658193,0.22798485161264304,0.022218508426926572,0.0008355571098710801,0.0015958521733818595,0.29171268184490784,,,,,,,
883.0256736996896,,0.051579858788886816,,0.13427498317171566,0.009432341438423442,3.1819222829631135,0.2276710379025517,0.022170720639006394,0.000835094861128303,0.0015932226200070505,0.2910894813247098,,,,,,,
884.2047874916839,,0.05142968646670879,,0.1340371145367327,0.009412763166472821,3.1772550915761357,0.22735765614679362,0.022123035633533596,0.0008346328681117916,0.0015905973994589698,0.2904676121792253,,,,,,,
885.3854757671568,,0.05127995136415252,,0.1337996672869264,0.009393225532229706,3.1725947459488926,0.22704470575079813,0.022075453189442734,0.0008341711306800743,0.001587976504598233,0.28984707156417194,,,,,,,
886.5677406285323,,0.0511306522082738,,0.13356264067581158,0.009373728451344331,3.167941236040139,0.22673218612081278,0.02202797308614378,0.0008337096486917547,0.0015853599282972246,0.28922785664134354,,,,,,,
887.7515841810438,,0.050981787729834374,,0.13332603395822498,0.00935427183964196,3.1632945518233524,0.22642009666390192,0.021980595103521135,0.0008332484220055162,0.0015827476634400707,0.2886099645785964,,,,,,,
888.9370085327355,,0.050833356663291314,,0.13308984639032354,0.009334855613122571,3.158654683286716,0.2261084367879461,0.02193331902193258,0.0008327874504801199,0.0015801397029226172,0.2879933925498373,,,,,,,
890.1240157944649,,0.05068535774678645,,0.13285407722958215,0.009315479687960553,3.154021620433105,0.22579720590164146,0.02188614462220842,0.0008323267339744051,0.001577536039652424,0.2873781377350117,,,,,,,
891.3126080799091,,0.05053778972213535,,0.132618725734791,0.009296143980504235,3.1493953532800565,0.22548640341449772,0.021839071685650267,0.0008318662723472884,0.0015749366665487345,0.2867641973200888,,,,,,,
892.5027875055664,,0.050390651334816905,,0.13238379116605345,0.009276848407275625,3.1447758718597507,0.22517602873683765,0.02179209999403019,0.0008314060654577671,0.0015723415765424623,0.2861515684970503,,,,,,,
893.6945561907634,,0.05024394133396214,,0.13214927278478322,0.009257592884969957,3.140163166218983,0.22486608127979513,0.02174522932958955,0.0008309461131649138,0.0015697507625761613,0.2855402484638758,,,,,,,
894.8879162576566,,0.05009765847234401,,0.13191516985370252,0.009238377330455376,3.1355572264191482,0.22455656045531483,0.021698459475038033,0.0008304864153278799,0.0015671642176040188,0.2849302344245311,,,,,,,
896.0828698312345,,0.04995180150636695,,0.13168148163684,0.009219201660772627,3.1309580425362245,0.2242474656761511,0.021651790213552784,0.000830026971805895,0.0015645819345918336,0.28432152358895607,,,,,,,
897.2794190393226,,0.049806369196056,,0.13144820739952798,0.009200065793134624,3.126365604660748,0.22393879635586664,0.021605221328777253,0.0008295677824582662,0.0015620039065169964,0.2837141131730512,,,,,,,
898.4775660125905,,0.04966136030504615,,0.13121534640839996,0.009180969644926103,3.121779902897782,0.22363055190883108,0.02155875260482021,0.0008291088471443786,0.0015594301263684614,0.2831080003986639,,,,,,,
899.677312884552,,0.049516773600572,,0.13098289793138868,0.009161913133703277,3.1172009273669037,0.22332273175021997,0.021512383826254713,0.0008286501657236942,0.0015568605871467405,0.2825031824935767,,,,,,,
900.8786617915682,,0.049372607853457505,,0.13075086123772392,0.009142896177193518,3.1126286682021895,0.22301533529601433,0.021466114778117287,0.0008281917380557555,0.0015542952818638814,0.2818996566914954,,,,,,,
902.0816148728534,,0.04922886183810529,,0.1305192355979302,0.009123918693294968,3.108063115552188,0.2227083619629991,0.02141994524590675,0.00082773356400018,0.0015517342035434418,0.2812974202320357,,,,,,,
903.2861742704796,,0.04908553433248607,,0.13028802028382383,0.009104980600076149,3.103504259579889,0.2224018111687616,0.021373875015583244,0.0008272756434166635,0.0015491773452204762,0.2806964703607093,,,,,,,
904.4923421293796,,0.048942624118128414,,0.13005721456851113,0.00908608181577565,3.0989520904627126,0.22209568233169072,0.021327903873567238,0.0008268179761649799,0.0015466246999415157,0.2800968043289127,,,,,,,
905.7001205973481,,0.04880012998010864,,0.12982681772638652,0.00906722225880178,3.094406598392493,0.22178997487097643,0.021282031606738663,0.0008263605621049793,0.0015440762607645472,0.2794984193939152,,,,,,,
906.9095118250491,,0.04865805070704011,,0.12959682903312958,0.009048401847732224,3.089867773575447,0.22148468820660785,0.021236258002435796,0.0008259034010965924,0.0015415320207589997,0.27890131281884506,,,,,,,
908.1205179660172,,0.04851638509106327,,0.1293672477657033,0.009029620501313649,3.085335606232161,0.22117982175937287,0.021190582848454306,0.0008254464929998243,0.0015389919730057215,0.2783054818726779,,,,,,,
909.3331411766648,,0.048375131927834915,,0.12913807320235104,0.009010878138461359,3.0808100865975576,0.22087537495085605,0.021145005933046267,0.0008249898376747588,0.0015364561105969605,0.27771092383022283,,,,,,,
910.5473836162832,,0.048234290016518265,,0.1289093046225949,0.008992174678258991,3.076291204920884,0.22057134720343816,0.021099527044919117,0.0008245334349815571,0.0015339244266363422,0.27711763597211103,,,,,,,
911.7632474470457,,0.048093858159772886,,0.12868094130723357,0.008973510039958115,3.0717789514656952,0.22026773794029542,0.02105414597323487,0.0008240772847804567,0.0015313969142388636,0.2765256155847841,,,,,,,
912.9807348340128,,0.04795383516374438,,0.12845298253833984,0.008954884142977949,3.067273316509829,0.21996454658539824,0.021008862507608965,0.0008236213869317758,0.001528873566530866,0.2759348599604807,,,,,,,
914.1998479451374,,0.04781421983805397,,0.12822542759925792,0.008936296906904914,3.062774290345375,0.21966177256350924,0.02096367643810931,0.000823165741295905,0.0015263543766500089,0.27534536639722323,,,,,,,
915.4205889512679,,0.04767501099578865,,0.12799827577460166,0.00891774825149236,3.0582818632786632,0.21935941530018294,0.020918587555255296,0.0008227103477333147,0.0015238393377452642,0.2747571321988066,,,,,,,
916.642960026149,,0.04753620745349121,,0.12777152635025252,0.008899238096660203,3.053796025630249,0.21905747422176503,0.020873595650016973,0.0008222552061045539,0.0015213284429768938,0.27417015467478667,,,,,,,
917.8669633464285,,0.04739780803115004,,0.12754517861335699,0.00888076636249461,3.049316767734885,0.21875594875539076,0.020828700513813966,0.0008218003162702463,0.0015188216855164312,0.2735844311404669,,,,,,,
919.0926010916622,,0.04725981155218889,,0.12731923185232413,0.008862332969247577,3.044844079941494,0.2184548383289835,0.02078390193851443,0.0008213456780910938,0.0015163190585466542,0.2729999589168854,,,,,,,
920.3198754443167,,0.04712221684345704,,0.12709368535682344,0.008843937837336622,3.040377952613155,0.21815414237125397,0.020739199716434176,0.0008208912914278751,0.001513820555261578,0.2724167353308034,,,,,,,
921.5487885897705,,0.04698502273521952,,0.12686853841778328,0.0088255808873445,3.0359183761270887,0.21785386031169993,0.02069459364033579,0.0008204371561414452,0.0015113261688664348,0.2718347577146942,,,,,,,
922.7793427163217,,0.04684822806114697,,0.12664379032738782,0.00880726204001876,3.031465340874627,0.21755399158060396,0.02065008350342755,0.0008199832720927385,0.0015088358925776477,0.27125402340672916,,,,,,,
924.0115400151891,,0.04671183165830575,,0.12641944037907543,0.008788981216271502,3.0270188372612,0.21725453560903316,0.02060566909936251,0.0008195296391427638,0.001506349719622823,0.27067452975076683,,,,,,,
925.2453826805197,,0.04657583236714791,,0.1261954878675357,0.008770738337178934,3.022578855706302,0.21695549182883722,0.020561350222237512,0.0008190762571526079,0.001503867643240723,0.2700962740963393,,,,,,,
926.48087290939,,0.04644022903150142,,0.12597193208870777,0.008752533323981085,3.0181453866434826,0.21665685967264806,0.020517126666592212,0.0008186231259834341,0.0015013896566812462,0.26951925379864095,,,,,,,
927.7180129018086,,0.046305020498560626,,0.12574877233977833,0.008734366098081509,3.013718420520328,0.21635863857387883,0.020472998227408286,0.0008181702454964819,0.0014989157532054214,0.26894346621851745,,,,,,,
928.956804860722,,0.04617020561887619,,0.12552600791917903,0.008716236581046869,3.0092979477984363,0.21606082796672263,0.02042896470010831,0.00081771761555307,0.0014964459260853802,0.2683689087224524,,,,,,,
930.1972509920197,,0.04603578324634516,,0.12530363812658415,0.00869814469460662,3.00488395895339,0.21576342728615083,0.020385025880554856,0.0008172652360145913,0.0014939801686043375,0.26779557868255466,,,,,,,
931.439353504537,,0.045901752238201414,,0.12508166226290854,0.008680090360652674,3.0004764444747414,0.21546643596791282,0.020341181565049517,0.0008168131067425162,0.0014915184740565723,0.2672234734765473,,,,,,,
932.6831146100573,,0.04576811145500609,,0.1248600796303058,0.0086620735012391,2.9960753948659993,0.21516985344853481,0.020297431550332087,0.0008163612275983919,0.0014890608357474196,0.2666525904877564,,,,,,,
933.9285365233164,,0.04563485976063785,,0.12463888953216579,0.008644094038581757,2.9916808006446027,0.2148736791653187,0.020253775633579545,0.0008159095984438419,0.0014866072469932462,0.266082927105098,,,,,,,
935.1756214620101,,0.04550199602228279,,0.12441809127311203,0.008626151895057922,2.9872926523418912,0.2145779125563406,0.02021021361240501,0.0008154582191405665,0.0014841577011214236,0.2655144807230656,,,,,,,
936.4243716467954,,0.045369519110425215,,0.12419768415899998,0.008608246993205998,2.982910940503094,0.21428255306044997,0.020166745284856902,0.0008150070895503424,0.0014817121914703234,0.26494724874171893,,,,,,,
937.6747893012925,,0.045237427898838195,,0.12397766749691508,0.008590379255725181,2.978535655687315,0.21398760011726914,0.020123370449418084,0.000814556209535022,0.0014792707113892942,0.26438122856667284,,,,,,,
938.9268766520918,,0.04510572126457358,,0.12375804059517011,0.008572548605475124,2.9741667884675023,0.2136930531671915,0.020080088905004814,0.0008141055789565365,0.0014768332542386443,0.2638164176090846,,,,,,,
940.1806359287561,,0.04497439808795276,,0.1235388027633033,0.008554754965475607,2.9698043294304344,0.21339891165138114,0.020036900450965837,0.0008136551976768913,0.001474399813389619,0.2632528132856422,,,,,,,
941.4360693638271,,0.04484345725255683,,0.12331995331207576,0.008536998258906161,2.9654482691766906,0.21310517501177076,0.019993804887081447,0.0008132050655581685,0.0014719703822243875,0.2626904130185519,,,,,,,
942.6931791928276,,0.044712897645217284,,0.1231014915534696,0.008519278409105772,2.961098598320638,0.2128118426910612,0.019950802013562526,0.0008127551824625268,0.0014695449541360238,0.2621292142355269,,,,,,,
943.9519676542639,,0.044582718156006736,,0.12288341680068601,0.008501595339572563,2.956755307490416,0.21251891413272092,0.01990789163104976,0.0008123055482522003,0.0014671235225284863,0.2615692143697766,,,,,,,
945.2124369896311,,0.04445291767822931,,0.12266572836814292,0.008483948973963472,2.95241838732791,0.21222638878098446,0.01986507354061262,0.0008118561627895018,0.0014647060808166072,0.261010410859994,,,,,,,
946.4745894434193,,0.044323495108411014,,0.12244842557147241,0.008466339236093854,2.948087828488726,0.21193426608085084,0.019822347543748356,0.0008114070259368178,0.0014622926224260658,0.26045280115034297,,,,,,,
947.738427263116,,0.0441944493462906,,0.12223150772751891,0.0084487660499372,2.9437636216421774,0.21164254547808303,0.019779713442381153,0.0008109581375566116,0.0014598831407933702,0.25989638269044774,,,,,,,
949.0039526992076,,0.044065779294810314,,0.12201497415433743,0.008431229339624846,2.939445757471267,0.21135122641920734,0.01973717103886131,0.0008105094975114228,0.0014574776293658504,0.25934115293538174,,,,,,,
950.2711680051856,,0.04393748386010653,,0.12179882417119103,0.008413729029445581,2.935134226672667,0.21106030835151196,0.019694720135964235,0.0008100611056638669,0.0014550760816016326,0.2587871093456553,,,,,,,
951.5400754375537,,0.04380956195149998,,0.12158305709854816,0.008396265043845316,2.9308290199566835,0.21076979072304516,0.01965236053688939,0.0008096129618766348,0.001452678490969619,0.2582342493872027,,,,,,,
952.8106772558248,,0.04368201248148727,,0.12136767225808177,0.008378837307426851,2.926530128047263,0.2104796729826158,0.0196100920452597,0.0008091650660124954,0.0014502848509494743,0.2576825705313735,,,,,,,
954.0829757225325,,0.04355483436573084,,0.12115266897266583,0.00836144574494942,2.9222375416819437,0.21018995457979067,0.019567914465120288,0.0008087174179342915,0.0014478951550316067,0.25713207025491785,,,,,,,
955.3569731032292,,0.04342802652305041,,0.12093804656637427,0.008344090281328456,2.9179512516118606,0.2099006349648948,0.019525827600937868,0.0008082700175049423,0.0014455093967171528,0.25658274603997755,,,,,,,
956.6326716664921,,0.0433015878754135,,0.12072380436447848,0.00832677084163527,2.9136712486017147,0.20961171358900982,0.01948383125759967,0.0008078228645874431,0.001443127569517959,0.25603459537407347,,,,,,,
957.91007368393,,0.043175517347926094,,0.12050994169344477,0.00830948735109666,2.909397523429746,0.20932318990397242,0.01944192524041256,0.0008073759590448648,0.0014407496669565558,0.25548761575009316,,,,,,,
959.1891814301846,,0.04304981386882367,,0.12029645788093267,0.008292239735094615,2.905130066887721,0.20903506336237404,0.01940010935510211,0.0008069293007403532,0.0014383756825661505,0.25494180466628025,,,,,,,
960.4699971829332,,0.042924476369462276,,0.12008335225579303,0.00827502791916606,2.90086886978092,0.20874733341755988,0.019358383407811822,0.0008064828895371324,0.0014360056098906098,0.2543971596262239,,,,,,,
961.7525232228944,,0.04279950378430931,,0.11987062414806565,0.008257851829002448,2.8966139229281094,0.2084599995236276,0.019316747205102153,0.0008060367252984997,0.001433639442484433,0.25385367813884635,,,,,,,
963.0367618338345,,0.0426748950509342,,0.11965827288897692,0.008240711390449464,2.8923652171615153,0.20817306113542577,0.019275200553949528,0.0008055908078878288,0.0014312771739127424,0.2533113577183909,,,,,,,
964.322715302569,,0.04255064910999954,,0.11944629781093784,0.008223606529506702,2.888122743326812,0.2078865177085536,0.01923374326174554,0.000805145137168569,0.0014289187977512628,0.25277019588441135,,,,,,,
965.6103859189652,,0.04242676490525242,,0.11923469824754243,0.008206537172327392,2.8838864922831076,0.20760036869935988,0.019192375136296107,0.0008046997130042443,0.0014265643075863032,0.2522301901617613,,,,,,,
966.8997759759482,,0.04230324138351509,,0.11902347353356535,0.00818950324521804,2.8796564549029173,0.2073146135649417,0.01915109598582054,0.0008042545352584574,0.001424213697014745,0.2516913380805822,,,,,,,
968.1908877695075,,0.04218007749467584,,0.11881262300495903,0.008172504674638073,2.8754326220721347,0.20702925176314285,0.019109905618950495,0.0008038096037948809,0.0014218669596440146,0.25115363717629086,,,,,,,
969.483723598695,,0.042057272191680636,,0.11860214599885303,0.008155541387199611,2.871214984690036,0.20674428275255435,0.0190688038447294,0.0008033649184772685,0.0014195240890920791,0.2506170849895707,,,,,,,
970.7782857656358,,0.04193482443052357,,0.11839204185355055,0.00813861330966705,2.867003533669231,0.2064597059925114,0.01902779047261123,0.0008029204791694459,0.0014171850789874109,0.2500816790663576,,,,,,,
972.074576575527,,0.04181273317023853,,0.11818230990852743,0.008121720368956847,2.8627982599356705,0.20617552094309408,0.0189868653124599,0.0008024762857353151,0.00141484992296899,0.24954741695783147,,,,,,,
973.3725983366429,,0.04169099737289022,,0.11797294950442964,0.00810486249213715,2.858599154428614,0.20589172706512585,0.018946028174548286,0.0008020323380388533,0.0014125186146862782,0.2490142962204037,,,,,,,
974.6723533603428,,0.041569616003564944,,0.11776395998307088,0.00808803960642746,2.8544062081006047,0.20560832382017166,0.018905278869557236,0.0008015886359441129,0.0014101911477991933,0.24848231441570515,,,,,,,
975.9738439610719,,0.04144858803036217,,0.11755534068743083,0.00807125163919835,2.850219411917457,0.20532531067053772,0.0188646172085748,0.0008011451793152208,0.0014078675159781048,0.247951469110576,,,,,,,
977.2770724563642,,0.04132791242438592,,0.11734709096165342,0.008054498517971156,2.8460387568582424,0.20504268707927073,0.018824043003095415,0.0008007019680163815,0.001405547712903813,0.24742175787705534,,,,,,,
978.5820411668482,,0.0412075881597357,,0.11713921015104438,0.008037780170417678,2.841864233915264,0.2047604525101566,0.018783556065018955,0.0008002590019118721,0.0014032317322675324,0.2468931782923691,,,,,,,
979.8887524162532,,0.041087614213497776,,0.116931697602069,0.008021096524359804,2.8376958340940317,0.20447860642771878,0.01874315620664978,0.0007998162808660458,0.001400919567770865,0.2463657279389184,,,,,,,
981.1972085314114,,0.040967989565736544,,0.11672455266235024,0.008004447507769241,2.8335335484132473,0.2041971482972178,0.018702843240695988,0.0007993738047433305,0.0013986112131257958,0.24583940440426919,,,,,,,
982.50741184226,,0.040848713199486075,,0.11651777468066706,0.007987833048767238,2.8293773679047933,0.20391607758465066,0.018662616980268512,0.0007989315734082285,0.0013963066620546732,0.24531420528114195,,,,,,,
983.8193646818484,,0.040729784100741205,,0.11631136300695193,0.007971253075624202,2.825227283613703,0.2036353937567493,0.018622477238880275,0.0007984895867253196,0.001394005908290184,0.24479012816739973,,,,,,,
985.1330693863404,,0.04061120125844908,,0.11610531699228908,0.007954707516759467,2.8210832865981486,0.20335509628097975,0.018582423830445276,0.0007980478445592559,0.0013917089455753482,0.24426717066603756,,,,,,,
986.4485282950212,,0.040492963664500316,,0.115899635988912,0.0079381963007409,2.8169453679294105,0.20307518462554072,0.018542456569277735,0.0007976063467747653,0.001389415767663492,0.2437453303851707,,,,,,,
987.7657437502999,,0.04037507031372058,,0.11569431935020165,0.00792171935628464,2.8128135186918657,0.20279565825936285,0.01850257527009121,0.0007971650932366505,0.0013871263683182303,0.24322460493802417,,,,,,,
989.0847180977111,,0.04025752020386222,,0.11548936643068482,0.007905276612254823,2.8086877299829762,0.20251651665210835,0.018462779747997857,0.000796724083809788,0.001384840741313462,0.24270499194292292,,,,,,,
990.4054536859217,,0.040140312335595625,,0.11528477658603174,0.007888867997663215,2.804567992913261,0.20223775927416926,0.018423069818507495,0.0007962833183591318,0.0013825588804333426,0.24218648902327988,,,,,,,
991.7279528667367,,0.04002344571250049,,0.11508054917305381,0.007872493441668925,2.8004542986062715,0.20195938559666626,0.018383445297526665,0.0007958427967497089,0.0013802807794722686,0.24166909380758445,,,,,,,
993.0522179951016,,0.039906919341057466,,0.11487668354970178,0.007856152873578092,2.79634663819858,0.20168139509144797,0.018343906001357865,0.0007954025188466183,0.0013780064322348575,0.2411528039293924,,,,,,,
994.3782514291042,,0.03979073223064009,,0.11467317907506415,0.00783984622284363,2.7922450028397643,0.20140378723109054,0.01830445174669876,0.0007949624845150388,0.0013757358325359424,0.2406376170273158,,,,,,,
995.7060555299814,,0.039674883393505986,,0.11447003510936477,0.007823573419064861,2.788149383692385,0.20112656148889596,0.018265082350641268,0.0007945226936202206,0.001373468974200548,0.2401235307450116,,,,,,,
997.0356326621248,,0.03955937184478838,,0.11426725101396051,0.007807334391987222,2.7840597719319597,0.20084971733889082,0.018225797630670625,0.0007940831460274887,0.0013712058510638662,0.23961054273116983,,,,,,,
998.3669851930836,,0.039444196602487894,,0.1140648261513397,0.007791129071501993,2.7799761587469476,0.20057325425582576,0.018186597404664648,0.0007936438416022433,0.0013689464569712516,0.23909865063950375,,,,,,,
999.7001154935658,,0.039329356687464366,,0.11386275988512025,0.007774957387645961,2.77589853533874,0.20029717171517475,0.018147481490892896,0.0007932047802099578,0.0013666907857782017,0.2385878521287399,,,,,,,
1001.0350259374468,,0.039214851123428256,,0.11366105158004729,0.007758819270601158,2.7718268929216316,0.20002146919313352,0.01810844970801579,0.0007927659617161825,0.0013644388313503366,0.2380781448626063,,,,,,,
1002.3717189017701,,0.0391006789369326,,0.11345970060199145,0.007742714650694517,2.7677612227228043,0.19974614616661918,0.018069501875083802,0.0007923273859865399,0.0013621905875633872,0.23756952650982233,,,,,,,
1003.7101967667559,,0.03898683915736429,,0.11325870631794646,0.007726643458397579,2.763701515982304,0.19947120211326824,0.018030637811536524,0.0007918890528867275,0.001359946048303169,0.23706199474408704,,,,,,,
1005.0504619158022,,0.03887333081693618,,0.11305806809602739,0.0077106056243261955,2.759647763953025,0.1991966365114363,0.017991857337201902,0.0007914509622825169,0.0013577052074655773,0.2365555472440693,,,,,,,
1006.3925167354882,,0.038760152950679,,0.11285778530546899,0.007694601079240267,2.7555999579006976,0.19892244884019736,0.01795316027229546,0.0007910131140397536,0.0013554680589565626,0.23605018169339806,,,,,,,
1007.7363636155793,,0.03864730459643287,,0.11265785731662342,0.007678629754043411,2.7515580891038636,0.19864863857934256,0.01791454643741941,0.0007905755080243593,0.0013532345966921215,0.2355458957806506,,,,,,,
1009.0820049490344,,0.03853478479483905,,0.11245828350095802,0.007662691579782637,2.7475221488538506,0.1983752052093786,0.017876015653561738,0.0007901381441023276,0.001351004814598272,0.23504268719934165,,,,,,,
1010.4294431320076,,0.03842259258933194,,0.11225906323105342,0.007646786487648081,2.74349212845476,0.19810214821152727,0.017837567742095477,0.0007897010221397273,0.0013487787066110365,0.23454055364791326,,,,,,,
1011.7786805638506,,0.03831072702613109,,0.11206019588060222,0.007630914408972714,2.7394680192234557,0.19782946706772475,0.01779920252477788,0.000789264142002701,0.0013465562666764368,0.23403949282972525,,,,,,,
1013.1297196471189,,0.038199187154232934,,0.11186168082440645,0.007615075275232059,2.735449812489536,0.19755716126062053,0.0177609198237496,0.0007888275035574652,0.001344337488750468,0.23353950245304386,,,,,,,
1014.4825627875784,,0.038087972025402546,,0.1116635174383753,0.007599269018043834,2.7314374995953123,0.19728523027357567,0.017722719461533736,0.0007883911066703109,0.001342122366799083,0.23304058023103055,,,,,,,
1015.8372123942073,,0.037977080694165756,,0.11146570509952365,0.007583495569167696,2.727431071895794,0.1970136735906623,0.017684601261035146,0.0007879549512076018,0.001339910894798173,0.23254272388173222,,,,,,,
1017.1936708791985,,0.03786651221780122,,0.11126824318597024,0.007567754860504978,2.723430520758676,0.19674249069666322,0.017646565045539606,0.0007875190370357783,0.0013377030667335627,0.2320459311280715,,,,,,,
1018.551940657967,,0.03775626565633227,,0.11107113107693536,0.007552046824098332,2.719435837564315,0.19647168107707028,0.017608610638712965,0.0007870833640213521,0.0013354988766009833,0.23155019969783552,,,,,,,
1019.9120241491519,,0.037646340072518956,,0.11087436815273914,0.007536371392131499,2.7154470137057105,0.19620124421808355,0.01757073786460037,0.0007866479320309095,0.0013332983184060627,0.23105552732366574,,,,,,,
1021.2739237746242,,0.03753673453184991,,0.11067795379479918,0.007520728496928946,2.7114640405884822,0.19593117960661005,0.01753294654762533,0.0007862127409311107,0.0013311013861642986,0.23056191174304697,,,,,,,
1022.637641959489,,0.037427448102534566,,0.1104818873856289,0.007505118070955611,2.707486909630856,0.19566148673026296,0.017495236512588993,0.0007857777905886898,0.0013289080739010545,0.23006935069829743,,,,,,,
1024.0031811320862,,0.03731847985549545,,0.11028616830883607,0.007489540046816657,2.703515612263653,0.19539216507736148,0.017457607584669424,0.0007853430808704542,0.001326718375651542,0.2295778419365596,,,,,,,
1025.3705437240026,,0.03720982886435974,,0.11009079594911976,0.007473994357257082,2.699550139930254,0.19512321413692826,0.017420059589420587,0.0007849086116432846,0.0013245322854607915,0.22908738320978753,,,,,,,
1026.7397321700691,,0.03710149420545193,,0.10989576969226955,0.0074584809351615055,2.695590484086597,0.19485463339868977,0.017382592352771703,0.0007844743827741376,0.0013223497973836546,0.22859797227473896,,,,,,,
1028.1107489083672,,0.03699347495778577,,0.10970108892516306,0.007442999713553878,2.691636636201154,0.1945864223530751,0.01734520570102642,0.0007840403941300412,0.001320170905484777,0.22810960689296383,,,,,,,
1029.4835963802377,,0.036885770203056174,,0.1095067530357636,0.0074275506255971156,2.6876885877549004,0.19431858049121398,0.017307899460861857,0.0007836066455780972,0.0013179956038385815,0.22762228483079322,,,,,,,
1030.858277030277,,0.03677837902563196,,0.10931276141311931,0.007412133604592925,2.6837463302413207,0.19405110730493738,0.01727067345932806,0.0007831731369854815,0.0013158238865292567,0.2271360038593316,,,,,,,
1032.2347933063497,,0.03667130051254745,,0.10911911344736008,0.007396748583981403,2.6798098551663636,0.19378400228677498,0.01723352752384692,0.0007827398682194425,0.001313655747650737,0.22665076175444362,,,,,,,
1033.6131476595856,,0.03656453375349541,,0.10892580852969673,0.007381395497340839,2.675879154048449,0.19351726492995583,0.017196461482211645,0.0007823068391473044,0.0013114911813066944,0.22616655629674692,,,,,,,
1034.9933425443908,,0.036458077840818455,,0.108732846052418,0.007366074278387357,2.6719542184184255,0.19325089472840568,0.017159475162585692,0.0007818740496364622,0.0013093301816105062,0.22568338527159904,,,,,,,
1036.3753804184453,,0.03635193186950227,,0.10854022540888972,0.007350784860974709,2.668035039819576,0.19298489117674764,0.017122568393502242,0.0007814414995543855,0.00130717274268526,0.2252012464690903,,,,,,,
1037.7592637427144,,0.03624609493716705,,0.10834794599355188,0.0073355271790938965,2.6641216098075753,0.1927192537702997,0.017085741003863137,0.000781009188768617,0.0013050188586637191,0.2247201376840307,,,,,,,
1039.1449949814462,,0.036140566144060554,,0.10815600720191772,0.00732030116687296,2.6602139199504973,0.19245398200507535,0.017048992822938338,0.0007805771171467726,0.001302868523688322,0.22424005671594266,,,,,,,
1040.532576602183,,0.03603534459304982,,0.10796440843057081,0.007305106758576664,2.656311961828771,0.192189075377781,0.017012323680364913,0.0007801452845565406,0.0013007217319111497,0.22376100136904825,,,,,,,
1041.9220110757578,,0.03595069655681413,,0.10775900080004075,0.0072888742705151804,2.6500677184830272,0.19188344424048281,0.016978288325026007,0.000778040265009863,0.0012989658413609612,0.22321275584276135,,,,,,,
1043.3133008763075,,0.03587650908526131,,0.10754682092369192,0.007272136501559924,2.642650603956917,0.19155749115705284,0.01694561472353631,0.000775095658409781,0.0012974086093294598,0.22263032998720533,,,,,,,
1044.706448481269,,0.03580247470617853,,0.10733505883425266,0.0072554371682943585,2.6352542487448085,0.1912320917712752,0.016913004000248092,0.0007721621961018645,0.0012958532441458188,0.22204942384711518,,,,,,,
1046.101456371388,,0.035728593103645866,,0.10712371370909149,0.007238776182456884,2.627878594744717,0.19090724514258192,0.016880456034156426,0.000769239835908919,0.0012942997435720141,0.2214700334571194,,,,,,,
1047.4983270307252,,0.03565486396239515,,0.10691278472719601,0.0072221534559885675,2.6205235840172585,0.19058295033200223,0.01684797070448916,0.0007663285358133718,0.001292748105372704,0.2208921548621921,,,,,,,
1048.897062946655,,0.03558128696780904,,0.10670227106917124,0.007205568901032719,2.613189158785235,0.19025920640216118,0.016815547890706634,0.0007634282539566779,0.0012911983273152332,0.22031578411762884,,,,,,,
1050.2976666098768,,0.03550786180591919,,0.1064921719172349,0.007189022429934365,2.605875261433135,0.18993601241727523,0.016783187472501095,0.0007605389486387051,0.001289650407169612,0.2197409172890163,,,,,,,
1051.7001405144117,,0.03543458816340539,,0.10628248645521551,0.007172513955239852,2.5985818345067258,0.1896133674431514,0.016750889329796403,0.0007576605783171508,0.001288104342708536,0.21916755045220893,,,,,,,
1053.1044871576155,,0.03536146572759378,,0.10607321386854816,0.007156043389696317,2.591308820712558,0.1892912705471827,0.016718653342747396,0.0007547931016069237,0.0012865601317073598,0.21859567969329874,,,,,,,
1054.510709040174,,0.03528849418645593,,0.10586435334427233,0.007139610646251291,2.5840561629175602,0.18896972079834737,0.016686479391739634,0.0007519364772795728,0.0012850177719441142,0.2180253011085919,,,,,,,
1055.9188086661175,,0.035215673228607115,,0.10565590407102768,0.007123215638052173,2.576823804148543,0.18864871726720414,0.01665436735738878,0.0007490906642626696,0.0012834772611994886,0.21745641080457867,,,,,,,
1057.3287885428144,,0.03514300254330539,,0.10544786523905206,0.007106858278445859,2.5696116875918,0.18832825902589154,0.016622317120540357,0.000746255621639242,0.0012819385972568343,0.21688900489791033,,,,,,,
1058.7406511809866,,0.035070481820449806,,0.10524023604017718,0.0070905384809781535,2.562419756592614,0.1880083451481233,0.016590328562269056,0.0007434313086471646,0.0012804017779021598,0.21632307951536933,,,,,,,
1060.1543990947036,,0.034998110750579584,,0.10503301566782658,0.007074256159393476,2.5552479546548588,0.18768897470918774,0.01655840156387856,0.0007406176846785894,0.0012788668009241278,0.21575863079384602,,,,,,,
1061.5700348013966,,0.034925889024872335,,0.10482620331701147,0.007058011227634232,2.548096225440508,0.18737014678594285,0.01652653600690088,0.0007378147092793485,0.0012773336641140525,0.21519565488030903,,,,,,,
1062.987560821855,,0.03485381633514309,,0.10461979818432843,0.007041803599840518,2.5409645127692335,0.18705186045681554,0.01649473177309606,0.0007350223421483825,0.0012758023652658938,0.21463414793178193,,,,,,,
1064.4069796802344,,0.034781892373842854,,0.10441379946795606,0.007025633190349562,2.5338527606179473,0.18673411480179827,0.01646298874445171,0.0007322405431371595,0.0012742729021762611,0.2140741061153158,,,,,,,
1065.8282939040637,,0.03471011683405715,,0.10420820636765132,0.007009499913695294,2.526760913120344,0.18641690890244542,0.016431306803182475,0.0007294692722490887,0.0012727452726444002,0.21351552560796147,,,,,,,
1067.251506024243,,0.03463848940950502,,0.10400301808474735,0.006993403684607928,2.5196889145665016,0.18610024184187277,0.016399685831729745,0.0007267084896389589,0.0012712194744721977,0.212958402596747,,,,,,,
1068.6766185750564,,0.03456700979453736,,0.10379823382214941,0.006977344418013454,2.5126367094023982,0.18578411270475242,0.016368125712761066,0.0007239581556123532,0.0012696955054641746,0.21240273327864756,,,,,,,
1070.103634094167,,0.03449567768413601,,0.10359385278433277,0.0069613220290332765,2.5056042422295217,0.18546852057731242,0.016336626329169882,0.0007212182306250897,0.0012681733634274841,0.2118485138605634,,,,,,,
1071.5325551226317,,0.03442449277391201,,0.10338987417733857,0.006945336432983633,2.4985914578043897,0.18515346454733198,0.016305187564074897,0.0007184886752826413,0.0012666530461719072,0.21129574055929015,,,,,,,
1072.9633842048952,,0.034353454760104776,,0.10318629720877182,0.0069293875453753095,2.491598301038158,0.18483894370414103,0.016273809300819828,0.0007157694503395814,0.0012651345515098554,0.21074440960149676,,,,,,,
1074.3961238888053,,0.03428256333958032,,0.10298312108779721,0.006913475281913022,2.4846247169961475,0.1845249571386154,0.016242491422972818,0.0007130605166990066,0.0012636178772563538,0.21019451722369623,,,,,,,
1075.8307767256063,,0.03421181820983042,,0.10278034502513718,0.006897599558495138,2.477670650897452,0.18421150394317612,0.01621123381432617,0.0007103618354119899,0.0012621030212290572,0.2096460596722231,,,,,,,
1077.2673452699546,,0.03414121906897092,,0.10257796823306768,0.006881760291213092,2.4707360481144685,0.18389858321178515,0.016180036358895693,0.0007076733676770018,0.0012605899812482264,0.2090990332032047,,,,,,,
1078.7058320799144,,0.03407076561574074,,0.1023759899254162,0.006865957396351031,2.4638208541725026,0.18358619403994408,0.01614889894092051,0.0007049950748393721,0.0012590787551367446,0.20855343408253846,,,,,,,
1080.1462397169653,,0.03400045754950052,,0.10217440931755813,0.006850190790385343,2.4569250147493262,0.1832743355246912,0.016117821444862505,0.0007023269183907218,0.001257569340720099,0.20800925858586505,,,,,,,
1081.5885707460109,,0.03393029457023112,,0.10197322562641345,0.006834460389984186,2.450048475674736,0.18296300676459773,0.01608680375540582,0.0006996688599684088,0.001256061735826385,0.207466502998542,,,,,,,
1083.0328277353753,,0.03386027637853273,,0.10177243807044456,0.006818766112007133,2.4431911829301605,0.1826522068597672,0.016055845757456638,0.0006970208613549862,0.0012545559382863055,0.2069251636156209,,,,,,,
1084.4790132568164,,0.03379040267562316,,0.1015720458696522,0.0068031078735045995,2.4363530826481994,0.18234193491183082,0.01602494733614252,0.0006943828844776394,0.0012530519459331556,0.20638523674181902,,,,,,,
1085.927129885522,,0.033720673163337,,0.10137204824557346,0.006787485591717565,2.429534121112238,0.18203219002394688,0.01599410837681218,0.000691754891407655,0.0012515497566028383,0.20584671869149732,,,,,,,
1087.3771802001227,,0.03365108754412394,,0.10117244442127774,0.0067718991840769694,2.422734244755985,0.1817229713007961,0.015963328765034892,0.0006891368443598558,0.001250049368133841,0.2053096057886319,,,,,,,
1088.8291667826882,,0.033581645521047886,,0.10097323362136473,0.0067563485682034345,2.4159534001630942,0.18141427784858105,0.015932608386600235,0.0006865287056920789,0.0012485507783672502,0.20477389436679252,,,,,,,
1090.2830922187404,,0.03351234679778525,,0.10077441507196039,0.006740833661906701,2.409191534066702,0.1811061087750217,0.01590194712751749,0.0006839304379046129,0.0012470539851467367,0.20423958076911392,,,,,,,
1091.738959097249,,0.03344319107862421,,0.10057598800071504,0.006725354383185279,2.4024485933490505,0.18079846318935458,0.01587134487401537,0.0006813420036396795,0.001245558986318557,0.20370666134827425,,,,,,,
1093.1967700106459,,0.03337417806846292,,0.10037795163679909,0.006709910650225954,2.3957245250410293,0.1804913402023286,0.015840801512541476,0.0006787633656808786,0.0012440657797315492,0.20317513246646698,,,,,,,
1094.6565275548196,,0.03330530747280873,,0.10018030521090145,0.006694502381403414,2.389019276321801,0.180184738926204,0.015810316929762015,0.0006761944869526666,0.0012425743632371315,0.2026449904953793,,,,,,,
1096.1182343291293,,0.03323657899777648,,0.09998304795522514,0.006679129495279755,2.3823327945183452,0.1798786584747482,0.01577989101256119,0.0006736353305198127,0.0012410847346892954,0.20211623181616412,,,,,,,
1097.5818929364027,,0.03316799235008765,,0.09978617910348543,0.0066637919106041004,2.3756650271050788,0.1795730979632347,0.01574952364804097,0.0006710858595868759,0.0012395968919446092,0.20158885281941805,,,,,,,
1099.047505982942,,0.033099547237068885,,0.0995896978909065,0.006648489546312177,2.3690159217034306,0.17926805650843994,0.0157192147235206,0.0006685460374976758,0.0012381108328622075,0.2010628499051558,,,,,,,
1100.5150760785336,,0.03303124336665067,,0.09939360355421788,0.006633222321525798,2.362385426081413,0.17896353322863998,0.015688964126536073,0.0006660158277347538,0.0012366265553037923,0.20053821948278414,,,,,,,
1101.9846058364444,,0.03296308044736639,,0.09919789533165266,0.006617990155552574,2.355773488153247,0.17865952724360956,0.01565877174483993,0.0006634951939188671,0.0012351440571336286,0.20001495797108035,,,,,,,
1103.4560978734346,,0.0328950581883507,,0.09900257246294313,0.006602792967885359,2.3491800559789144,0.17835603767461783,0.01562863746640063,0.0006609840998084474,0.0012336633362185427,0.19949306179816467,,,,,,,
1104.929554809755,,0.03282717629933868,,0.09880763418931927,0.0065876306782019145,2.342605077763788,0.1780530636444274,0.0155985611794023,0.0006584825092990937,0.0012321843904279175,0.1989725274014789,,,,,,,
1106.404979269159,,0.03275943449066418,,0.09861307975350453,0.006572503206364421,2.3360485018581856,0.17775060427729036,0.01556854277224418,0.0006559903864230423,0.0012307072176336892,0.1984533512277589,,,,,,,
1107.8823738788994,,0.03269183247325904,,0.09841890839971396,0.0065574104724191095,2.3295102767570044,0.17744865869894713,0.015538582133540361,0.00065350769534866,0.00122923181571035,0.19793552973301376,,,,,,,
1109.3617412697417,,0.03262436995865139,,0.09822511937365028,0.006542352396595787,2.3229903510992753,0.17714722603662247,0.015508679152119207,0.0006510344003799179,0.0012277581825349316,0.1974190593824981,,,,,,,
1110.84308407596,,0.032557046658964854,,0.09803171192250185,0.006527328899307467,2.3164886736678016,0.17684630541902457,0.015478833717023093,0.00064857046595589,0.0012262863159870209,0.1969039366506914,,,,,,,
1112.3264049353495,,0.03248986228691691,,0.09783868529493892,0.006512339901149888,2.3100051933887142,0.17654589597634074,0.015449045717507855,0.0006461158566502292,0.0012248162139487362,0.1963901580212707,,,,,,,
1113.8117064892244,,0.03242281655581808,,0.09764603874111163,0.006497385322901182,2.3035398593311123,0.17624599684023687,0.015419315043042541,0.0006436705371706727,0.0012233478743047443,0.19587771998708953,,,,,,,
1115.29899138243,,0.03235590917957029,,0.09745377151264609,0.0064824650855213285,2.2970926207066222,0.17594660714385293,0.015389641583308793,0.0006412344723585166,0.0012218812949422425,0.19536661905015115,,,,,,,
1116.7882622633392,,0.032289139872666,,0.09726188286264224,0.006467579110151876,2.290663426869034,0.17564772602180206,0.015360025228200647,0.0006388076271881287,0.001220416473750961,0.1948568517215872,,,,,,,
1118.2795217838623,,0.03222250835018685,,0.09707037204567086,0.006452727318115433,2.284252227313887,0.17534935261016743,0.01533046586782403,0.0006363899667664337,0.0012189534086231647,0.19434841452163276,,,,,,,
1119.7727725994534,,0.032156014327802275,,0.09687923831776994,0.0064379096309152666,2.2778589716780626,0.17505148604649923,0.01530096339249626,0.0006339814563324111,0.0012174920974536369,0.19384130397960153,,,,,,,
1121.2680173691085,,0.03208965752176867,,0.09668848093644304,0.006423125970234923,2.271483609739417,0.1747541254698134,0.015271517692745849,0.0006315820612566038,0.0012160325381396933,0.1933355166338647,,,,,,,
1122.7652587553785,,0.03202343764892772,,0.09649809916065508,0.006408376257937765,2.265126091416352,0.17445727002058764,0.015242128659311885,0.0006291917470406087,0.0012145747285811654,0.19283104903182427,,,,,,,
1124.2644994243644,,0.03195735442670567,,0.09630809225083058,0.006393660416066612,2.2587863667674593,0.1741609188407606,0.015212796183143794,0.0006268104793165952,0.0012131186666804034,0.19232789772989267,,,,,,,
1125.765742045733,,0.03189140757311167,,0.09611845946884984,0.006378978366843265,2.2524643859910887,0.1738650710737276,0.01518352015540079,0.0006244382238467927,0.0012116643503422722,0.19182605929346597,,,,,,,
1127.268989292711,,0.03182559680673699,,0.09592920007804709,0.006364330032668184,2.2461600994249964,0.17356972586434002,0.015154300467451639,0.0006220749465230188,0.0012102117774741492,0.19132553029690388,,,,,,,
1128.7742438420985,,0.031759921846753386,,0.09574031334320654,0.006349715336119952,2.2398734575459165,0.173274882358901,0.015125137010874043,0.0006197206133661684,0.0012087609459859193,0.1908263073235028,,,,,,,
1130.2815083742662,,0.03169438241291237,,0.09555179853056048,0.006335134199955015,2.2336044109692086,0.1729805397051647,0.015096029677454473,0.0006173751905257448,0.0012073118537899742,0.19032838696547594,,,,,,,
1131.7907855731683,,0.03162897822554353,,0.09536365490778556,0.006320586547107123,2.2273529104484346,0.17268669705233206,0.015066978359187555,0.0006150386442793554,0.0012058644988012061,0.18983176582392683,,,,,,,
1133.3020781263383,,0.03156370900555381,,0.09517588174400093,0.006306072300687064,2.2211189068750072,0.17239335355105032,0.015037982948275838,0.0006127109410322412,0.0012044188789370126,0.18933644050882922,,,,,,,
1134.815388724903,,0.031498574474425875,,0.0949884783097643,0.0062915913839821395,2.2149023512777677,0.17210050835340848,0.015009043337129246,0.0006103920473167821,0.0012029749921172786,0.18884240763900095,,,,,,,
1136.3307200635793,,0.03143357435421727,,0.09480144387707012,0.006277143720455837,2.2087031948226334,0.17180816061293666,0.014980159418364817,0.0006080819297920241,0.0012015328362643919,0.18834966384208338,,,,,,,
1137.848074840682,,0.03136870836755914,,0.09461477771934618,0.006262729233747396,2.2025213888122006,0.17151630948460278,0.014951331084806247,0.0006057805552431997,0.001200092409303226,0.1878582057545174,,,,,,,
1139.3674557581332,,0.0313039762376548,,0.09442847911145061,0.006248347847671384,2.1963568846853483,0.17122495412480956,0.014922558229483395,0.0006034878905812392,0.0011986537091611417,0.18736803002151917,,,,,,,
1140.8888655214575,,0.03123937768827902,,0.09424254732966987,0.006233999486217364,2.1902096340168886,0.1709340936913938,0.014893840745632091,0.0006012039028423127,0.0011972167337679898,0.18687913329705994,,,,,,,
1142.4123068397976,,0.031174912443776334,,0.09405698165171493,0.006219684073549377,2.184079588517149,0.17064372734362182,0.014865178526693536,0.0005989285591873392,0.0011957814810560944,0.18639151224384032,,,,,,,
1143.9377824259082,,0.03111058022906034,,0.09387178135671939,0.006205401534005687,2.1779667000316305,0.17035385424218905,0.01483657146631406,0.0005966618269015276,0.0011943479489602677,0.18590516353327033,,,,,,,
1145.4652949961717,,0.031046380769612105,,0.09368694572523581,0.006191151792098225,2.1718709205405937,0.17006447354921567,0.014808019458344602,0.0005944036733938958,0.0011929161354177881,0.18542008384544365,,,,,,,
1146.9948472705928,,0.030982313791479376,,0.09350247403923387,0.00617693477251234,2.165792202158715,0.16977558442824622,0.014779522396840463,0.0005921540661968119,0.0011914860383684157,0.18493626986911818,,,,,,,
1148.5264419728132,,0.030918379021275037,,0.09331836558209652,0.006162750400106278,2.159730497134678,0.16948718604424517,0.014751080176060718,0.0005899129729655176,0.0011900576557543753,0.1844537183016901,,,,,,,
1150.0600818301066,,0.030854576186176322,,0.09313461963861837,0.0061485985999108666,2.1536857578508313,0.1691992775635963,0.014722692690468043,0.0005876803614776726,0.00118863098552036,0.18397242584917484,,,,,,,
1151.595769573393,,0.03079090501392327,,0.09295123549500155,0.006134479297129067,2.1476579368227804,0.16891185815409862,0.014694359834728127,0.000585456199632882,0.0011872060256135262,0.18349238922618097,,,,,,,
1153.1335079372348,,0.030727365232817952,,0.09276821243885439,0.006120392417135622,2.1416469866990493,0.16862492698496567,0.014666081503709434,0.000583240455452246,0.0011857827739834926,0.18301360515589124,,,,,,,
1154.67329965985,,0.030663956571722883,,0.09258554975918731,0.0061063378854766155,2.1356528602606737,0.16833848322682143,0.014637857592482682,0.000581033097077885,0.0011843612285823344,0.18253607037003705,,,,,,,
1156.2151474831098,,0.03060067876006028,,0.0924032467464112,0.006092315627869116,2.129675510420861,0.16805252605169932,0.014609687996320578,0.0005788340927724979,0.001182941387364582,0.18205978160887867,,,,,,,
1157.7590541525467,,0.030537531527810705,,0.09222130269233397,0.006078325570200797,2.1237148902246066,0.1677670546330393,0.014581572610697355,0.0005766434109188956,0.001181523248287221,0.18158473562118205,,,,,,,
1159.3050224173626,,0.03047451460551179,,0.09203971689015769,0.006064367638529456,2.117770952848313,0.16748206814568461,0.014553511331288353,0.0005744610200195459,0.0011801068093096824,0.18111092916419547,,,,,,,
1160.853055030426,,0.03041162772425741,,0.09185848863447665,0.006050441759082755,2.1118436515994508,0.1671975657658813,0.014525504053969757,0.0005722868886961283,0.0011786920683938451,0.18063835900362984,,,,,,,
1162.4031547482862,,0.03034887061569617,,0.09167761722127356,0.006036547858257716,2.1059329399161593,0.16691354667127367,0.014497550674818052,0.0005701209856890729,0.0011772790235040312,0.18016702191363385,,,,,,,
1163.9553243311677,,0.030286243012030627,,0.09149710194791794,0.006022685862620407,2.100038771366914,0.1666300100409039,0.014469651090109784,0.0005679632798571231,0.0011758676726070032,0.17969691467677473,,,,,,,
1165.5095665429867,,0.030223744646015772,,0.09131694211316212,0.0060088556989055025,2.094161099650126,0.16634695505520783,0.01444180519632104,0.0005658137401768723,0.0011744580136719598,0.17922803408401367,,,,,,,
1167.0658841513448,,0.030161375250958276,,0.09113713701713988,0.005995057294015942,2.0882998785938174,0.16606438089601439,0.014414012890127219,0.0005636723357423358,0.0011730500446705393,0.17876037693468638,,,,,,,
1168.6242799275437,,0.030099134560714953,,0.09095768596136247,0.005981290575022499,2.082455062155218,0.1657822867465415,0.014386274068402457,0.0005615390357644875,0.0011716437635768031,0.17829394003647867,,,,,,,
1170.1847566465813,,0.03003702230969203,,0.09077858824871708,0.005967555469163441,2.0766266044204422,0.16550067179139538,0.01435858862821945,0.0005594138095708361,0.001170239168367251,0.17782872020540746,,,,,,,
1171.7473170871656,,0.02997503823284362,,0.09059984318346281,0.005953851903844097,2.070814459604094,0.16521953521656652,0.014330956466848895,0.0005572966266049673,0.0011688362570207989,0.17736471426579611,,,,,,,
1173.3119640317113,,0.029913182065670906,,0.0904214500712293,0.005940179806636511,2.0650185820489346,0.1649388762094287,0.014303377481759215,0.0005551874564261159,0.001167435027518794,0.17690191905025532,,,,,,,
1174.878700266349,,0.02985145354422091,,0.09024340821901332,0.005926539105279065,2.0592389262255137,0.16465869395873636,0.01427585157061618,0.0005530862687087262,0.0011660354778449992,0.1764403313996605,,,,,,,
1176.4475285809324,,0.0297898524050852,,0.09006571693517577,0.005912929727676041,2.0534754467317966,0.16437898765462114,0.014248378631282428,0.0005509930332420068,0.001164637605985594,0.17597994816312892,,,,,,,
1178.0184517690368,,0.029728378385399084,,0.08988837552944004,0.005899351601897309,2.04772809829284,0.16409975648859138,0.014220958561817217,0.0005489077199295121,0.0011632414099291767,0.1755207661980009,,,,,,,
1179.5914726279716,,0.02966703122284014,,0.08971138331288796,0.0058858046561778895,2.0419968357603997,0.16382099965352784,0.014193591260475917,0.0005468302987886925,0.0011618468876667494,0.17506278236981535,,,,,,,
1181.1665939587772,,0.02960581065562745,,0.08953473959795856,0.005872288818917628,2.036281614112612,0.16354271634368328,0.014166276625709781,0.0005447607399504795,0.0011604540371917315,0.1746059935522914,,,,,,,
1182.7438185662388,,0.029544716422520136,,0.0893584436984441,0.005858804018680761,2.0305823884536047,0.1632649057546784,0.014139014556165409,0.0005426990136588421,0.0011590628564999384,0.17415039662730414,,,,,,,
1184.3231492588827,,0.029483748262816575,,0.0891824949294886,0.005845350184195593,2.02489911401318,0.16298756708350098,0.014111804950684507,0.0005406450902703704,0.001157673343589597,0.1736959884848661,,,,,,,
1185.904588848989,,0.029422905916352958,,0.08900689260758386,0.0058319272443540645,2.019231746146425,0.16271069952850215,0.014084647708303394,0.0005385989402538394,0.0011562854964613286,0.17324276602310318,,,,,,,
1187.48814015259,,0.02936218912350252,,0.08883163605056824,0.005818535128211433,2.0135802403334013,0.1624343022893956,0.014057542728252773,0.0005365605341897942,0.0011548993131181532,0.1727907261482365,,,,,,,
1189.0738059894811,,0.0293015976251741,,0.08865672457762268,0.005805173764985838,2.0079445521787553,0.16215837456725363,0.014030489909957158,0.0005345298427701177,0.0011535147915654842,0.1723398657745582,,,,,,,
1190.6615891832198,,0.029241131162811327,,0.08848215750926923,0.005791843084058007,2.0023246374114065,0.1618829155645066,0.01400348915303473,0.0005325068367976177,0.0011521319298111268,0.17189018182441346,,,,,,,
1192.251492561138,,0.029180789478391252,,0.08830793416736733,0.005778543014970766,1.9967204518841652,0.16160792448493877,0.013976540357296756,0.0005304914871855983,0.0011507507258652727,0.17144167122817638,,,,,,,
1193.8435189543397,,0.02912057231442349,,0.08813405387511199,0.005765273487428797,1.9911319515734154,0.16133340053368758,0.013949643422747352,0.0005284837649574514,0.001149371177740503,0.17099433092423177,,,,,,,
1195.4376711977088,,0.029060479413949025,,0.08796051595703096,0.00575203443129818,1.9855590925787554,0.1610593429172407,0.013922798249583094,0.0005264836412462332,0.0011479932834517778,0.170548157858953,,,,,,,
1197.0339521299188,,0.02900051052053895,,0.0877873197389816,0.005738825776606033,1.9800018311226422,0.1607857508434332,0.013896004738192561,0.0005244910872942487,0.0011466170410164378,0.17010314898668014,,,,,,,
1198.6323645934287,,0.028940665378293706,,0.08761446454814924,0.005725647453540183,1.9744601235500752,0.16051262352144652,0.013869262789156086,0.0005225060744526446,0.001145242448454201,0.1696593012697018,,,,,,,
1200.2329114344975,,0.028880943731841635,,0.08744194971304331,0.005712499392448742,1.9689339263282204,0.16023996016180472,0.013842572303245268,0.0005205285741809892,0.0011438695037871587,0.16921661167823132,,,,,,,
1201.8355955031807,,0.028821345326338232,,0.08726977456349613,0.0056993815238397935,1.9634231960461022,0.15996775997637372,0.013815933181422742,0.0005185585580468706,0.0011424982050397745,0.16877507719038903,,,,,,,
1203.440419653344,,0.028761869907464703,,0.08709793843065897,0.005686293778380968,1.9579278894142282,0.15969602217835743,0.013789345324841657,0.0005165959977254784,0.0011411285502388778,0.16833469479217886,,,,,,,
1205.0473867426588,,0.028702517221427252,,0.08692644064700063,0.005673236086899153,1.9524479632642837,0.15942474598229717,0.013762808634845447,0.0005146408649992081,0.0011397605374136692,0.16789546147747045,,,,,,,
1206.6564996326179,,0.028643287014955627,,0.08675528054630383,0.005660208380380018,1.9469833745487581,0.15915393060406766,0.013736323012967344,0.000512693131757241,0.0011383941645957034,0.16745737424797597,,,,,,,
1208.2677611885294,,0.028584179035302398,,0.08658445746366343,0.005647210589967784,1.9415340803406402,0.15888357526087638,0.013709888360930155,0.0005107527699951561,0.0011370294298189041,0.16702043011323234,,,,,,,
1209.881174279533,,0.028525193030241525,,0.08641397073548317,0.005634242646964718,1.936100037833049,0.1586136791712598,0.013683504580645713,0.0005088197518145111,0.0011356663311195428,0.16658462609057806,,,,,,,
1211.4967417785945,,0.02846632874806764,,0.08624381969947387,0.0056213044828309034,1.930681204338929,0.1583442415550827,0.013657171574214715,0.000506894049422457,0.0011343048665362536,0.16614995920513562,,,,,,,
1213.1144665625209,,0.02840758593759461,,0.08607400369464992,0.00560839602918377,1.925277537290682,0.15807526163353422,0.013630889243926178,0.0005049756351313248,0.001132945034110017,0.16571642648978838,,,,,,,
1214.7343515119567,,0.02834896434815478,,0.08590452206132751,0.0055955172177978,1.919888994239863,0.15780673862912706,0.013604657492257201,0.0005030644813582363,0.0011315868318841616,0.16528402498516298,,,,,,,
1216.3563995113934,,0.02829046372959777,,0.08573537414112185,0.005582667980604146,1.9145155328568324,0.15753867176569464,0.013578476221872577,0.0005011605606247072,0.001130230257904367,0.16485275173960773,,,,,,,
1217.9806134491776,,0.02823208383228928,,0.08556655927694412,0.005569848249690245,1.909157110930413,0.15727106026838827,0.013552345335624352,0.0004992638455562427,0.0011288753102186475,0.16442260380917165,,,,,,,
1219.606996217508,,0.02817382440711032,,0.08539807681299984,0.005557057957299532,1.903813686367586,0.1570039033636764,0.013526264736551592,0.0004973743088819588,0.0011275219868773652,0.1639935782575868,,,,,,,
1221.2355507124498,,0.028115685205455817,,0.0852299260947853,0.005544297035830973,1.898485217193128,0.1567372002793405,0.013500234327879891,0.0004954919234341742,0.0011261702859332154,0.16356567215624532,,,,,,,
1222.866279833931,,0.028057665979233877,,0.08506210646908594,0.005531565417838834,1.8931716615493128,0.15647095024447472,0.013474254013021162,0.000493616662148035,0.0011248202054412286,0.16313888258418238,,,,,,,
1224.4991864857564,,0.0279997664808644,,0.08489461728397299,0.005518863036032195,1.8878729776955527,0.15620515248948189,0.013448323695573113,0.0004917484980611124,0.001123471743458767,0.16271320662805347,,,,,,,
1226.1342735756036,,0.027941986463278373,,0.08472745788880183,0.005506189823274719,1.8825891240081,0.15593980624607306,0.013422443279319038,0.0004898874043130252,0.0011221248980455218,0.16228864138211707,,,,,,,
1227.7715440150375,,0.027884325679916423,,0.08456062763420849,0.005493545712584194,1.8773200589796901,0.1556749107472635,0.013396612668227326,0.000488033354145045,0.0011207796672635102,0.16186518394821225,,,,,,,
1229.4110007195063,,0.027826783884728187,,0.084394125872108,0.005480930637132249,1.8720657412192458,0.15541046522737215,0.013370831766451265,0.00048618632089972026,0.0011194360491770731,0.16144283143574156,,,,,,,
1231.052646608356,,0.027769360832170853,,0.0842279519556911,0.005468344530243951,1.8668261294515216,0.15514646892201783,0.013345100478328481,0.0004843462780204839,0.0011180940418528702,0.1610215809616487,,,,,,,
1232.6964846048259,,0.027712056277208495,,0.0840621052394226,0.005455787325397501,1.8616011825168102,0.1548829210681186,0.013319418708380803,0.00048251319905128035,0.0011167536433598837,0.16060142965040128,,,,,,,
1234.3425176360631,,0.02765486997531066,,0.08389658507903783,0.0054432589562238304,1.8563908593705878,0.15461982090388804,0.01329378636131372,0.0004806870576361762,0.001115414851769403,0.1601823746339687,,,,,,,
1235.9907486331208,,0.027597801682451635,,0.08373139083154114,0.005430759356506293,1.8511951190832199,0.1543571676688343,0.013268203342016149,0.00047886782751899046,0.0011140776651550372,0.15976441305180494,,,,,,,
1237.6411805309651,,0.027540851155109278,,0.08356652185520284,0.005418288460180315,1.8460139208396276,0.15409496060375746,0.01324266955556006,0.0004770554825429109,0.0011127420815927008,0.15934754205082788,,,,,,,
1239.2938162684857,,0.02748401815026385,,0.08340197750955655,0.00540584620133298,1.8408472239389542,0.1538331989507465,0.013217184907200051,0.00047524999665011716,0.0011114080991606145,0.15893175878539892,,,,,,,
1240.9486587884905,,0.027427302425397267,,0.08323775715539744,0.005393432514202788,1.8356949877942745,0.15357188195317892,0.013191749302373107,0.0004734513438814124,0.0011100757159393077,0.15851706041730593,,,,,,,
1242.605711037723,,0.02737070373849174,,0.08307386015477884,0.005381047333179207,1.8305571719322444,0.15331100885571644,0.013166362646698133,0.0004716594983758422,0.0011087449300116027,0.15810344411574115,,,,,,,
1244.2649759668566,,0.027314221848029077,,0.08291028587101058,0.005368690592802396,1.825433735992813,0.15305057890430482,0.013141024845975747,0.0004698744343703307,0.0011074157394626296,0.15769090705728447,,,,,,,
1245.9264565305086,,0.027257856512989308,,0.08274703366865578,0.005356362227762812,1.8203246397288755,0.1527905913461699,0.013115735806187745,0.00046809612619930154,0.0011060881423798049,0.1572794464258816,,,,,,,
1247.590155687238,,0.027201607492849993,,0.08258410291352919,0.0053440621729009055,1.8152298430059874,0.15253104542981702,0.013090495433496956,0.0004663245482943195,0.0011047621368528453,0.15686905941282744,,,,,,,
1249.2560763995584,,0.02714547454758487,,0.08242149297269385,0.005331790363206734,1.8101493058020193,0.15227194040502742,0.013065303634246706,0.0004645596751837096,0.001103437720973754,0.15645974321674438,,,,,,,
1250.9242216339348,,0.02708945743766316,,0.08225920321445944,0.005319546733819664,1.8050829882068724,0.15201327552285737,0.013040160314960645,0.0004628014814922056,0.001102114892836822,0.1560514950435656,,,,,,,
1252.5945943607983,,0.027033555924048203,,0.08209723300837904,0.005307331220027981,1.800030850422134,0.1517550500356347,0.013015065382342208,0.0004610499419405701,0.0011007936505386254,0.15564431210651355,,,,,,,
1254.2671975545427,,0.026974721033342378,0.5675045849303381,0.08193256561285929,0.00529534676731622,1.7947178829577073,0.1514822869019418,0.01298935865507396,0.00045923565228787286,0.0010989497872138491,0.15521864835796334,,,,,,,
1255.942034193533,,0.026911427613565953,0.5667643851917135,0.0817636897938121,0.005283694821790162,1.7890072696006127,0.15118747444705857,0.012962709375398432,0.00045732431584930055,0.0010963203520994952,0.15476476439837553,,,,,,,
1257.6191072601157,,0.02684828270531558,0.5660251509001836,0.08159516205421333,0.005272068515346954,1.7833148268458263,0.1508932357515587,0.012936114770024057,0.00045542093438321907,0.0010936972083818,0.15431220766751247,,,,,,,
1259.2984197406145,,0.026785285960124288,0.5652868807965108,0.08142698167661717,0.005260467791570067,1.7776404968763118,0.15059956969880106,0.012909574726779779,0.0004535254747810759,0.001091080341007467,0.1538609742843475,,,,,,,
1260.9799746253457,,0.026722437030342525,0.5645495736230981,0.08125914794505598,0.005248892594167069,1.7719842220589839,0.15030647517431692,0.012883089133724572,0.00045163790407211205,0.001088469734959212,0.15341106037920116,,,,,,,
1262.6637749086133,,0.026659735569136683,0.5638132281239904,0.08109166014503835,0.005237342866969431,1.7663459449441572,0.1500139510658073,0.012856657879147176,0.00044975818942279654,0.0010858653752556905,0.15296246209371103,,,,,,,
1264.3498235887253,,0.026597181230486742,0.563077843044869,0.08092451756354506,0.0052258185539322,1.760725608264928,0.14972199626313717,0.012830280851565411,0.00044788629813624663,0.0010832672469513942,0.15251517558079586,,,,,,,
1266.0381236679875,,0.02653477366918481,0.5623434171330531,0.08075771948902709,0.0052143195991337455,1.755123154936628,0.14943060965833285,0.012803957939725929,0.00044602219765166914,0.001080675335136583,0.15206919700462507,,,,,,,
1267.7286781527205,,0.026472512540832764,0.5616099491374941,0.08059126521140147,0.0052028459467754916,1.7495385280562088,0.14913979014557607,0.012777689032603526,0.0004441658555437829,0.0010780896249371836,0.15162452254058345,,,,,,,
1269.4214900532538,,0.026410397501840793,0.5608774378087766,0.08042515402204933,0.00519139754118164,1.7439716709016992,0.14884953662120162,0.012751474019400865,0.00044231723952226743,0.0010755101015147192,0.15118114837524077,,,,,,,
1271.116562383942,,0.02634842820942507,0.5601458818991134,0.08025938521381186,0.005179974326798897,1.738422526931595,0.14855984798369137,0.012725312789547862,0.0004404763174311875,0.0010729367500662082,0.15073907070631667,,,,,,,
1272.8138981631596,,0.026286604321606295,0.5594152801623463,0.08009395808098839,0.005168576248196232,1.7328910397843174,0.14827072313367176,0.012699205232701332,0.0004386430572484466,0.0010703695558240967,0.1502982857426506,,,,,,,
1274.5135004133163,,0.026224925497207365,0.5586856313539409,0.07992887191933225,0.005157203250064546,1.7273771532776088,0.14798216097390798,0.012673151238744422,0.0004368174270852188,0.0010678085040561564,0.14985878970416647,,,,,,,
1276.2153721608543,,0.02616339139585189,0.557956934230987,0.07976412602604868,0.005145855277216477,1.7218808114079898,0.14769416040930125,0.01264715069778623,0.00043499939518540267,0.0010652535800654143,0.1494205788218429,,,,,,,
1277.9195164362566,,0.026102001677962092,0.5572291875521964,0.07959971969979156,0.005134532274586095,1.7164019583501786,0.14740672034688412,0.012621203500161333,0.000433188929925067,0.0010627047691900635,0.1489836493376797,,,,,,,
1279.6259362740575,,0.0260407560047569,0.5565023900778975,0.07943565224065988,0.005123234187228609,1.7109405384565115,0.14711983969581555,0.012595309536429221,0.0004313859998118938,0.0010601620568033705,0.14854799750466458,,,,,,,
1281.3346347128372,,0.025979654038250272,0.5557765405700381,0.07927192295019587,0.00511196096032017,1.7054964962564068,0.14683351736737837,0.012569468697374013,0.00042959057348464176,0.0010576254283136085,0.14811361958674352,,,,,,,
1283.0456147952393,,0.02591869544124911,0.5550516377921787,0.07910853113138082,0.005100712539157522,1.700069776455768,0.1465477522749734,0.012543680874003796,0.00042780261971258905,0.001055094869163955,0.14768051185878597,,,,,,,
1284.7588795679644,,0.025857879877351615,0.5543276805094947,0.07894547608863314,0.00508948886915782,1.6946603239364553,0.14626254333411703,0.012517945957550371,0.0004260221073950027,0.0010525703648324256,0.14724867060655553,,,,,,,
1286.4744320817874,,0.025797207010945174,0.5536046674887697,0.07878275712780448,0.005078289895858284,1.689268083755693,0.1459778894624354,0.01249226383946859,0.0004242490055605841,0.0010500519008317748,0.1468180921266756,,,,,,,
1288.192275391551,,0.025736676507204844,0.552882597498398,0.0786203735561778,0.005067115564916014,1.6838930011455444,0.14569378957966195,0.012466634411436094,0.00042248328336694284,0.0010475394627094277,0.14638877272660003,,,,,,,
1289.9124125561825,,0.025676288032091106,0.5521614693083783,0.07845832468246329,0.005055965822107646,1.6785350215123223,0.14541024260763177,0.01244105756535267,0.00042072491010004907,0.0010450330360473833,0.14596070872457906,,,,,,,
1291.6348466386887,,0.025616041252348447,0.5514412816903156,0.07829660981679648,0.005044840613329172,1.6731940904360674,0.14512724747027902,0.012415533193339974,0.00041897385517370984,0.0010425326064621432,0.1455338964496302,,,,,,,
1293.3595807061718,,0.02555593583550308,0.5507220334174151,0.07813522827073432,0.005033739884595594,1.6678701536699632,0.1448448030936313,0.012390061187740898,0.0004172300881290261,0.0010400381596046184,0.14510833224150416,,,,,,,
1295.0866178298238,,0.025495971449861553,0.550003723264484,0.07797417935725336,0.005022663582040741,1.6625631571398176,0.14456290840580713,0.012364641441119303,0.0004154935786338751,0.0010375496811600613,0.1446840124506562,,,,,,,
1296.8159610849439,,0.025436147764508494,0.5492863500079258,0.07781346239074559,0.005011611651916934,1.6572730469434804,0.14428156233701034,0.012339273846259366,0.0004137642964823698,0.001035067156847965,0.14426093343821209,,,,,,,
1298.5476135509327,,0.025376464449305136,0.548569912425741,0.07765307668701656,0.005000584040594788,1.6519997693503254,0.1440007638195274,0.012313958296165314,0.0004120422115943441,0.0010325905724219986,0.1438390915759391,,,,,,,
1300.2815783113035,,0.025316921174887357,0.5478544092975246,0.07749302156328203,0.004989580694562925,1.6467432708006917,0.14372051178772266,0.012288694684060863,0.00041032729401482495,0.0010301199136699178,0.14341848324621423,,,,,,,
1302.0178584536907,,0.02525751761266369,0.5471398394044612,0.07733329633816471,0.004978601560427685,1.6415034979053276,0.14344080517803387,0.012263482903388764,0.00040861951391350944,0.0010276551664134771,0.14299910484199185,,,,,,,
1303.7564570698466,,0.02519825343481389,0.5464262015293276,0.07717390033169233,0.004967646584912937,1.6362803974448767,0.1431616429289695,0.012238322847810432,0.0004069188415842517,0.0010251963165083641,0.14258095276677527,,,,,,,
1305.4973772556568,,0.025139128314286694,0.545713494456486,0.07701483286529355,0.004956715714859737,1.631073916369306,0.14288302398110295,0.012213214411205401,0.0004052252474445383,0.0010227433498440999,0.1421640234345833,,,,,,,
1307.2406221111364,,0.025080141924798446,0.545001716971886,0.07685609326179617,0.004945808897226154,1.6258840017973974,0.14260494727707038,0.012188157487670971,0.00040353870203498304,0.0010202962523439766,0.1417483132699218,,,,,,,
1308.9861947404443,,0.02502129394083087,0.5442908678630594,0.07669768084542326,0.004934926079086931,1.6207106010161805,0.14232741176156488,0.012163151971521666,0.0004018591760188041,0.0010178550099649586,0.14133381870775094,,,,,,,
1310.7340982518797,,0.024962584037629694,0.5435809459191204,0.07653959494179134,0.004924067207633308,1.6155536614804273,0.14205041638133428,0.012138197757288888,0.00040018664018132534,0.001015419608697619,0.14092053619345665,,,,,,,
1312.4843357578977,,0.024904011891202435,0.5428719499307615,0.07638183487790638,0.0049132322301726865,1.6104131308120886,0.14177396008517534,0.01211329473972037,0.00039852106542945595,0.0010129900345660435,0.14050846218281804,,,,,,,
1314.2369103751037,,0.024845577178317042,0.5421638786902538,0.07622439998216196,0.004902421094128449,1.6052889567997919,0.14149804182393147,0.012088442813779831,0.00039686242279119555,0.0010105662736277646,0.14009759314197928,,,,,,,
1315.9918252242705,,0.02478727957649968,0.5414567309914423,0.07606728958433548,0.0048916337470396466,1.600181087398281,0.14122266055048716,0.01206364187464644,0.00039521068341512034,0.001008148311973668,0.13968792554741677,,,,,,,
1317.7490834303328,,0.02472911876403338,0.5407505056297466,0.07591050301558634,0.004880870136560771,1.5950894707279175,0.14094781521976554,0.012038891817714463,0.0003935658185698904,0.001005736135727926,0.13927945588591162,,,,,,,
1319.508688122403,,0.02467109441995584,0.5400452014021557,0.07575403960845195,0.004870130210461495,1.590014055074124,0.1406735047887229,0.012014192538592733,0.00039192779964374177,0.0010033297310479046,0.13887218065451684,,,,,,,
1321.2706424337682,,0.02461320622405802,0.5393408171072294,0.07559789869684584,0.0048594139166264275,1.5849547888868851,0.14039972821634603,0.011989543933104281,0.0003902965981439951,0.0010009290841240972,0.13846609636052948,,,,,,,
1323.0349495018993,,0.024555453856882185,0.5386373515450942,0.07544207961605442,0.004848721203054843,1.5799116207802117,0.14012648446364778,0.0119649458972859,0.00038867218569655775,0.0009985341811800357,0.13806119952146,,,,,,,
1324.8016124684607,,0.024497836999720093,0.5379348035174402,0.07528658170273393,0.004838052017860439,1.5748844995316096,0.1398537724936624,0.01194039832738759,0.00038705453404542584,0.0009961450084722122,0.13765748666500105,,,,,,,
1326.5706344793064,,0.024440355334611436,0.5372331718275226,0.07513140429490825,0.0048274063092711,1.5698733740815833,0.13958159127144315,0.01191590111987231,0.0003854436150522029,0.0009937615522900096,0.13725495432900028,,,,,,,
1328.3420186844965,,0.024383008544341854,0.5365324552801553,0.07497654673196522,0.0048167840256286,1.5648781935330898,0.13930993976405662,0.011891454171415336,0.00038383940069559836,0.0009913837989556072,0.1368535990614279,,,,,,,
1330.1157682382923,,0.024325796312441406,0.5358326526817133,0.07482200835465481,0.00480618511538842,1.5598989071510492,0.13903881694058048,0.011867057378904032,0.0003822418630709512,0.0009890117348239197,0.13645341742034964,,,,,,,
1331.8918862991725,,0.024268718323182607,0.5351337628401264,0.07466778850508529,0.004795609527119422,1.5549354643618012,0.138768221772098,0.011842710639437204,0.00038065097438973476,0.000986645346282502,0.1360544059738948,,,,,,,
1333.6703760298271,,0.024211774261578906,0.5344357845648812,0.07451388652672153,0.0047850572095036745,1.549987814752621,0.13849815323169568,0.011818413850324876,0.0003790667069790828,0.0009842846197514869,0.13565656130022913,,,,,,,
1335.4512405971757,,0.024154963813382724,0.5337387166670149,0.07436030176438103,0.0047745281113361305,1.5450559080711765,0.13822861029445777,0.011794166909087663,0.0003774890332812984,0.0009819295416834916,0.1352598799875233,,,,,,,
1337.2344831723608,,0.024098286665083936,0.5330425579591179,0.07420703356423225,0.004764022181524452,1.5401396942250491,0.1379595919374641,0.011769969713456497,0.0003759179258533853,0.0009795800985635563,0.1348643586339259,,,,,,,
1339.0201069307648,,0.024041742503907945,0.532347307255327,0.07405408127379076,0.004753539369088689,1.535239123281194,0.13769109713978434,0.011745822161372075,0.0003743533573665592,0.0009772362769090493,0.13446999384753172,,,,,,,
1340.8081150520047,,0.02398533101781413,0.5316529633713277,0.07390144424191764,0.0047430796231611025,1.5303541454654632,0.137423124882476,0.011721724150984533,0.000372795300605783,0.0009748980632696074,0.13407678224635536,,,,,,,
1342.598510719949,,0.023929051895493957,0.5309595251243486,0.0737491218188154,0.004732642892985849,1.5254847111620706,0.13715567414857874,0.01169767558065291,0.0003712437284692835,0.0009725654442270413,0.13368472045829968,,,,,,,
1344.3912971227137,,0.0238729048263694,0.530266991333162,0.07359711335602638,0.004722229127918796,1.520630770913113,0.13688874392311212,0.011673676348944811,0.0003696986139680894,0.0009702384063952732,0.1332938051211289,,,,,,,
1346.1864774526712,,0.02381688950059123,0.5295753608180813,0.07344541820642936,0.00471183827742725,1.515792275418058,0.1366223331930709,0.011649726354635962,0.00036815993022555637,0.0009679169364202541,0.13290403288243904,,,,,,,
1347.9840549064616,,0.02376100560903707,0.5288846324009567,0.07329403572423676,0.00470147029108968,1.5109691755332313,0.13635644094742094,0.011625825496709687,0.00036662765047689746,0.0009656010209798809,0.13251540039962809,,,,,,,
1349.7840326849873,,0.02370525284331008,0.5281948049051775,0.0731429652649924,0.004691125118595543,1.5061614222713435,0.1360910661770963,0.01160197367435665,0.00036510174806872513,0.0009632906467839336,0.13212790433986962,,,,,,,
1351.5864139934313,,0.023649630895736847,0.5275058771556652,0.072992206185568,0.004680802709744961,1.5013689668009635,0.13582620787499433,0.011578170786974248,0.00036358219645857824,0.0009609858005739852,0.13174154138008173,,,,,,,
1353.3912020412504,,0.023594139459366063,0.5268178479788763,0.07284175784416132,0.004670503014448554,1.4965917604460508,0.13556186503597292,0.01155441673416637,0.00036206896921447084,0.0009586864691233352,0.1313563082069008,,,,,,,
1355.1984000421924,,0.023538778227966465,0.5261307162027957,0.0726916196002925,0.004660225982727121,1.4918297546854338,0.13529803665684567,0.011530711415742783,0.0003605620400144212,0.0009563926392369298,0.13097220151665098,,,,,,,
1357.0080112142912,,0.023483546896025522,0.5254444806569394,0.07254179081480236,0.004649971564711476,1.4870829011523437,0.13503472173637907,0.011507054731718903,0.0003590613826460043,0.0009541042977512875,0.13058921801531803,,,,,,,
1358.8200387798831,,0.023428445158747365,0.5247591401723475,0.07239227084984858,0.004639739710642125,1.4823511516338963,0.1347719192752875,0.011483446582315184,0.0003575669710058867,0.0009518214315344189,0.13020735441851863,,,,,,,
1360.6344859656026,,0.02337347271205149,0.5240746935815872,0.072243059068904,0.004629530370869106,1.4776344580706304,0.13450962827623103,0.01145988686795688,0.0003560787790993811,0.0009495440274857621,0.12982660745147484,,,,,,,
1362.4513560023968,,0.02331862925257069,0.5233911397187461,0.07209415483675297,0.004619343495851668,1.4729327725559902,0.13424784774380977,0.011436375489273445,0.00035459678103998637,0.000947272072536093,0.12944697384898352,,,,,,,
1364.270652125524,,0.02326391447764973,0.5227084774194343,0.07194555751948954,0.004609179036158097,1.4682460473358654,0.13398657668456182,0.01141291234709828,0.0003531209510489433,0.0009450055536474637,0.12906845035539027,,,,,,,
1366.0923775745623,,0.023209328085343515,0.5220267055207805,0.07179726648451427,0.004599036942465453,1.463574234808094,0.13372581410695863,0.01138949734246821,0.00035165126345478395,0.0009427444578131217,0.12869103372456084,,,,,,,
1367.91653559342,,0.023154869774415294,0.5213458228614285,0.0716492811005313,0.004588917165559294,1.4589172875219685,0.1334655590214008,0.011366130376623075,0.00035018769269288137,0.0009404887720574302,0.12831472071985223,,,,,,,
1369.7431294303308,,0.023100539244335336,0.5206658282815391,0.07150160073754633,0.004578819656333508,1.454275158177779,0.13320581044021565,0.01134281135100537,0.00034873021330501385,0.0009382384834358062,0.1279395081140871,,,,,,,
1371.5721623378722,,0.02304633619527887,0.5199867206227835,0.07135422476686329,0.004568744365790013,1.4496477996263055,0.1329465673776519,0.011319540167259756,0.00034727879993891124,0.0009359935790346314,0.12756539268952383,,,,,,,
1373.4036375729588,,0.022992260328124826,0.5193084987283464,0.07120715256108227,0.004558691245038551,1.4450351648683646,0.1326878288498775,0.011296316727232721,0.0003458334273478241,0.0009337540459711935,0.12719237123783098,,,,,,,
1375.23755839686,,0.022938311344453805,0.5186311614429187,0.07106038349409614,0.0045486602452964415,1.4404372070543068,0.1324295938749744,0.011273140932972086,0.0003443940703900756,0.0009315198713935964,0.1268204405600577,,,,,,,
1377.0739280751945,,0.022884488946546808,0.5179547076127002,0.0709139169410887,0.004538651317888345,1.4358538794835667,0.13217186147293625,0.011250012686726677,0.0003429607040286325,0.0009292910424807025,0.12644959746660853,,,,,,,
1378.912749877947,,0.022830792837383207,0.5172791360853942,0.0707677522785311,0.0045286644142460255,1.431285135604162,0.13191463066566322,0.011226931890945823,0.0003415333033306613,0.0009270675464420433,0.12607983877721374,,,,,,,
1380.754027079463,,0.0227772227206395,0.5166044457102084,0.07062188888418025,0.004518699485908134,1.4267309290122479,0.1316579004769598,0.011203898448279036,0.00034011184346710376,0.0009248493705177612,0.12571116132090437,,,,,,,
1382.597762958466,,0.022723778300687295,0.5159306353378494,0.07047632613707507,0.004508756484519924,1.4221912134516184,0.1314016699325296,0.011180912261575507,0.00033869629971223505,0.0009226365019785215,0.12534356193598273,,,,,,,
1384.443960798052,,0.022670459282592006,0.5152577038205255,0.07033106341753481,0.004498835361833088,1.4176659428132632,0.13114593805997318,0.011157973233883794,0.00033728664744324307,0.0009204289281254542,0.12497703746999757,,,,,,,
1386.292623885707,,0.022617265372110975,0.5145856500119393,0.07018610010715554,0.004488936069705445,1.4131550711348735,0.1308907038887827,0.011135081268451313,0.0003358828621397913,0.0009182266362900674,0.12461158477971479,,,,,,,
1388.1437555133016,,0.022564196275692013,0.5139144727672905,0.07004143558880836,0.0044790585601007776,1.4086585526003974,0.13063596645033979,0.011112236268724011,0.00033448491938360084,0.0009160296138341829,0.1242472007310924,,,,,,,
1389.9973589771027,,0.022511251700471767,0.5132441709432719,0.06989706924663631,0.004469202785088565,1.404176341539566,0.13038172477791113,0.011089438138345951,0.0003330927948580206,0.000913837848149865,0.12388388219925292,,,,,,,
1391.8534375777833,,0.0224584313542739,0.5125747433980659,0.06975300046605147,0.004459368696843726,1.3997083924274174,0.13012797790664427,0.011066686781158805,0.00033170646434760233,0.0009116513266593381,0.12352162606845557,,,,,,,
1393.7119946204173,,0.022405734945607835,0.5119061889913462,0.0696092286337331,0.004449556247646454,1.3952546598838598,0.12987472487356536,0.011043982101201617,0.00033032590373768665,0.0009094700368149287,0.12316042923207172,,,,,,,
1395.5730334144985,,0.022353162183666758,0.511238506584272,0.06946575313762429,0.0044397653898819054,1.3908150986731829,0.1296219647175738,0.011021324002710222,0.0003289510890139748,0.0009072939660989783,0.12280028859255587,,,,,,,
1397.4365572739334,,0.022300712778326383,0.5105716950394895,0.06932257336692998,0.004429996076040047,1.386389663703625,0.12936969647944038,0.010998712390117009,0.0003275819962621204,0.0009051231020237865,0.12244120106142126,,,,,,,
1399.30256951706,,0.02224838644014299,0.509905753221127,0.06917968871211368,0.004420248258715351,1.381978310026889,0.12911791920180185,0.01097614716805035,0.00032621860166730346,0.0009029574321315249,0.12208316355921135,,,,,,,
1401.1710734666408,,0.022196182880352196,0.5092406799947956,0.06903709856489566,0.004410521890606638,1.3775809928377112,0.12886663192915895,0.010953628241334376,0.00032486088151382553,0.0009007969439941797,0.12172617301547546,,,,,,,
1403.042072449882,,0.022144101810866988,0.5085764742275846,0.06889480231824952,0.004400816924516772,1.3731976674733815,0.12861583370787127,0.010931155514988387,0.0003235088121846887,0.0008986416252134662,0.12137022636874033,,,,,,,
1404.9155697984258,,0.0220921429442765,0.5079131347880625,0.06875279936640052,0.00439113331335251,1.368828289413315,0.12836552358615508,0.010908728894226644,0.0003221623701611927,0.0008964914634207723,0.12101532056648606,,,,,,,
1406.79156884837,,0.022040305993844066,0.507250660546272,0.06861108910482201,0.0043814710101241945,1.3644728142785734,0.12811570061407826,0.010886348284457784,0.0003208215320225188,0.0008943464462770722,0.12066145256511761,,,,,,,
1408.67007294026,,0.021988590673506,0.5065890503737311,0.06846967093023384,0.004371829967945602,1.360131197831441,0.12786636384355823,0.010864013591284579,0.00031948627444532867,0.0008922065614728714,0.12030861932994107,,,,,,,
1410.5510854191093,,0.021936996697869658,0.5059283031434281,0.06832854424059885,0.004362210140033642,1.3558033959749494,0.1276175123283567,0.01084172472050342,0.00031815657420335196,0.0008900717967281204,0.11995681783513536,,,,,,,
1412.4346096343925,,0.021885523782212167,0.5052684177298224,0.06818770843512115,0.004352611479708192,1.3514893647524515,0.12736914512407757,0.01081948157810399,0.0003168324081669885,0.0008879421397921574,0.11960604506372814,,,,,,,
1414.3206489400573,,0.02183417164247874,0.504609393008842,0.06804716291424313,0.0043430339403918465,1.3471890603471668,0.12712126128816273,0.010797284070268877,0.00031551375330290455,0.0008858175784436325,0.11925629800756926,,,,,,,
1416.2092066945338,,0.021782939995280942,0.5039512278578789,0.06790690707964268,0.0043334774756096615,1.3429024390817246,0.1268738598798878,0.010775132103373065,0.00031420058667362683,0.0008836981004904324,0.11890757366730398,,,,,,,
1418.1002862607315,,0.02173182855789548,0.5032939211557916,0.06776694033423128,0.004323942038988993,1.3386294574177446,0.12662693996036012,0.010753025583983722,0.00031289288543715215,0.0008815836937696227,0.11855986905234929,,,,,,,
1419.993891006056,,0.02168083704826225,0.5026374717828992,0.0676272620821508,0.004314427584259202,1.334370071955369,0.12638050059251335,0.010730964418859604,0.0003115906268465416,0.0008794743461473645,0.11821318118086604,,,,,,,
1421.8900243024032,,0.021629965184983155,0.5019818786209825,0.06748787172877159,0.004304934065251496,1.3301242394328459,0.12613454084110579,0.010708948514950859,0.0003102937882495329,0.000877370045518856,0.11786750707973548,,,,,,,
1423.7886895261781,,0.021579212687320194,0.5013271405532798,0.06734876868068924,0.0042954614358986405,1.3258919167260659,0.12588905977271503,0.010686977779398449,0.00030900234708813813,0.0008752707798082537,0.11752284378453172,,,,,,,
1425.6898900582878,,0.02152857927519426,0.5006732564644869,0.06720995234572284,0.004286009650234798,1.3216730608481484,0.12564405645573606,0.010665052119533934,0.00030771628089826025,0.0008731765369686144,0.1171791883394983,,,,,,,
1427.5936292841602,,0.021478064669183252,0.5000202252407531,0.06707142213291165,0.0042765786623952555,1.3174676289489806,0.12539952996037618,0.01064317144287891,0.00030643556730929316,0.0008710873049818116,0.11683653779752089,,,,,,,
1429.4999105937377,,0.021427668590520883,0.4993680457696821,0.06693317745251344,0.0042671684266162285,1.3132755783148071,0.125155479358653,0.010621335657144787,0.00030516018404374114,0.000869003071858482,0.11649488922010405,,,,,,,
1431.4087373814953,,0.021377390761094777,0.4987167169403268,0.06679521771600108,0.004257778897234625,1.30909686636777,0.12491190372438941,0.010599544670232233,0.00030389010891682306,0.0008669238256379416,0.1161542396773438,,,,,,,
1433.3201130464345,,0.021327230903445307,0.49806623764319075,0.0666575423360609,0.00424841002868785,1.3049314506655036,0.12466880213321155,0.010577798390230955,0.00030262531983609565,0.0008648495543881315,0.11581458624790483,,,,,,,
1435.234040992102,,0.021277188740763692,0.49741660677022304,0.06652015072658933,0.004239061775513532,1.3007792889006764,0.1244261736625438,0.010556096725419137,0.00030136579480105944,0.0008627802462055358,0.11547592601899323,,,,,,,
1437.1505246265847,,0.021227263996890802,0.49676782321481916,0.06638304230269128,0.004229734092349365,1.2966403389005838,0.12418401739160662,0.010534439584263216,0.0003001115119027841,0.0008607158892151247,0.11513825608633324,,,,,,,
1439.0695673625198,,0.021177456396315443,0.496119885871818,0.06624621648067709,0.004220426933932855,1.2925145586267113,0.12394233240141247,0.010512826875417396,0.00029886244932352413,0.0008586564715702817,0.11480157355414175,,,,,,,
1440.9911726171067,,0.02112776566417282,0.4954727936374987,0.06610967267805994,0.004211140255101081,1.2884019061742966,0.12370111777476181,0.010491258507723263,0.00029761858533633635,0.0008566019814527302,0.11446587553510262,,,,,,,
1442.9153438121011,,0.02107819152624317,0.49482654540958154,0.06597341031355393,0.004201874010790532,1.284302339771927,0.1234603725962408,0.010469734390209467,0.00029637989830470947,0.0008545524070724781,0.11413115915034362,,,,,,,
1444.8420843738343,,0.021028733708950077,0.4941811400872229,0.06583742880707104,0.004192628156036822,1.2802158177810903,0.12322009595221652,0.010448254432091257,0.00029514636668217885,0.0008525077366677358,0.11379742152940987,,,,,,,
1446.7713977332066,,0.02097939193935912,0.4935365765710169,0.06570172757971915,0.004183402645974538,1.2761422986957753,0.12298028693083479,0.01042681854277018,0.00029391796901195996,0.000850467958504863,0.11346465981024109,,,,,,,
1448.7032873257058,,0.020930165945176212,0.4928928537629894,0.06556630605379897,0.004174197435836957,1.272081741142027,0.1227409446220154,0.010405426631833614,0.0002926946839265677,0.0008484330608782871,0.11313287113914516,,,,,,,
1450.6377565914008,,0.02088105545474627,0.4922499705666007,0.06543116365280237,0.004165012480955893,1.2680341038775507,0.12250206811745004,0.01038407860905447,0.00029147649014745164,0.0008464030321104503,0.11280205267077566,,,,,,,
1452.5748089749607,,0.020832060197051496,0.491607925886739,0.06529629980140902,0.004155847736761418,1.263999345791268,0.1222636565105974,0.010362774384390731,0.00029026336648461986,0.0008443778605517286,0.11247220156810527,,,,,,,
1454.5144479256476,,0.020783179901710167,0.49096671862972313,0.06516171392548495,0.004146703158781707,1.2599774259029237,0.12202570889668117,0.010341513867985156,0.00028905529183627577,0.0008423575345803785,0.11214331500240371,,,,,,,
1456.4566768973357,,0.020734414298974813,0.4903263477032962,0.06502740545207905,0.004137578702642758,1.2559683033626465,0.12178822437268523,0.010320296970164814,0.00028785224518844513,0.0008403420426024577,0.11181539015321135,,,,,,,
1458.4014993485055,,0.02068576311973106,0.4896868120166281,0.06489337380942158,0.0041284743240682445,1.2519719374505567,0.12155120203735158,0.010299123601440788,0.00028665420561461725,0.0008383313730517681,0.11148842420831694,,,,,,,
1460.348918742261,,0.020637226095495828,0.48904811048030944,0.06475961842692086,0.004119389978879233,1.2479882875763293,0.1213146409911755,0.010277993672507722,0.00028546115227537366,0.0008363255143897845,0.1111624143637317,,,,,,,
1462.2989385463268,,0.020588802958416124,0.4884102420063533,0.06462613873516176,0.004110325622994026,1.2440173132788028,0.12107854033640347,0.010256907094243503,0.00028427306441803295,0.0008343244551055894,0.1108373578236668,,,,,,,
1464.2515622330573,,0.020540493441267443,0.4877732055081917,0.06449293416590263,0.004101281212427925,1.2400589742255588,0.1208428991770291,0.010235863777708885,0.00028308992137628537,0.0008323281837158103,0.11051325180050883,,,,,,,
1466.2067932794484,,0.020492297277452172,0.48713699990067255,0.0643600041520728,0.004092256703292989,1.236113230212504,0.1206077166187893,0.010214863634147024,0.000281911702569832,0.0008303366887645447,0.11019009351479503,,,,,,,
1468.164635167133,,0.02044421420099841,0.48650162410006104,0.0642273481277708,0.004083252051797884,1.2321800411634822,0.12037299176916208,0.010193906574983258,0.00028073838750403233,0.0008283499588233076,0.10986788019519117,,,,,,,
1470.1250913823988,,0.020396243946558167,0.4858670770240338,0.0640949655282613,0.004074267214247599,1.2282593671298438,0.12013872373736174,0.01017299251182456,0.0002795699557695409,0.0008263679824909516,0.10954660907846592,,,,,,,
1472.0881654161826,,0.020348386249406224,0.48523335759168135,0.06396285578997321,0.004065302147043308,1.2243511682900636,0.11990491163433693,0.010152121356459336,0.00027840638704196004,0.0008243907483936153,0.10922627740946901,,,,,,,
1474.0538607640894,,0.02030064084543835,0.4846004647235019,0.06383101835049675,0.004056356806682082,1.2204554049493126,0.11967155457276586,0.010131293020856889,0.00027724766108147775,0.000822418245184645,0.10890688244110573,,,,,,,
1476.0221809263853,,0.020253007471170176,0.4839683973414036,0.06369945264858172,0.004047431149756754,1.2165720375390787,0.11943865166705434,0.010110507417167205,0.0002760937577325239,0.0008204504615445422,0.1085884214343153,,,,,,,
1477.9931294080163,,0.020205485863735405,0.483337154368699,0.0635681581241343,0.004038525132955632,1.2127010266167413,0.11920620203333097,0.010089764457720427,0.000274944656923412,0.0008184873861808858,0.1082708916580453,,,,,,,
1479.9667097186032,,0.020158075760884693,0.4827067347301067,0.06343713421821563,0.004029638713062363,1.2088423328651936,0.11897420478944527,0.010069064055026644,0.00027380033866599785,0.0008165290078282804,0.10795429038923048,,,,,,,
1481.9429253724586,,0.02011077690098387,0.482077137351746,0.06330638037303843,0.004020771846955667,1.2049959170924205,0.11874265905496288,0.010048406121775369,0.0002726607830553239,0.0008145753152482788,0.10763861491276717,,,,,,,
1483.9217798885836,,0.0200635890230128,0.48144836116113826,0.0631758960319654,0.00401192449160915,1.2011617402311205,0.11851156395116343,0.01002779057083528,0.0002715259702692796,0.0008126262972293283,0.10732386252149187,,,,,,,
1485.903276790678,,0.020016511866563783,0.48082040508720375,0.06304568063950652,0.0040030966040911055,1.197339763338301,0.1182809186010367,0.010007217315253841,0.00027039588056825383,0.0008106819425867021,0.10701003051615726,,,,,,,
1487.8874196071522,0.19551126720433956,0.019969314595354056,0.4797467384605669,0.06290176796060276,0.003993647248170019,1.1926471009504218,0.11798340564320155,0.009984553909060636,0.0002696961033409167,0.0008085572882764679,0.1066256091838638,,,,,,,
1489.8742118711207,0.1950670081138169,0.01992210404070378,0.4784343689379288,0.06275063937794652,0.003983873990721596,1.1874968794449194,0.11765029418104775,0.009960789877438246,0.00026922830463223734,0.0008063383237131719,0.1062040040274112,,,,,,,
1491.8636571204229,0.19462375851058497,0.019875005099121594,0.4771255894631751,0.06259987389873281,0.003974124650398339,1.1823688981993645,0.11731812321764953,0.009937082406099269,0.0002687613173391812,0.000804125448766286,0.10578406592739349,,,,,,,
1493.8557588976162,0.19418151610079254,0.019828017506736982,0.4758203902155648,0.062449470650564956,0.003964399168670261,1.1772630611733985,0.11698689009762624,0.009913431360425757,0.0002682951400543161,0.0008019186467237736,0.10536578829215291,,,,,,,
1495.8505207499936,0.19374027859579923,0.019781141000303107,0.474518761401218,0.06229942876314181,0.00395469748715056,1.172179272741379,0.1166565921730933,0.009889836606120113,0.0002678297713726493,0.0007997179009194517,0.10494916455609438,,,,,,,
1497.8479462295802,0.19330004371216655,0.019734375317195643,0.4732206932530504,0.06214974736825379,0.003945019547595367,1.1671174376906197,0.11632722680364316,0.009866298009204457,0.000267365209891627,0.0007975231947328854,0.10453418817958485,,,,,,,
1499.848038893149,0.19286080917164322,0.019687720195410992,0.47192617603069204,0.062000425599776636,0.003935365291903299,1.1620774612195783,0.11599879135632207,0.009842815436019682,0.00026690145421112693,0.0007953345115892419,0.10412085264884818,,,,,,,
1501.8508023022164,0.1924225727011562,0.01964117537356513,0.4706352000204221,0.06185146259366769,0.003925734662115207,1.1570592489361096,0.11567128320561118,0.009819388753224915,0.00026643850293345576,0.0007931518349591854,0.10370915147586546,,,,,,,
1503.8562400230617,0.1919853320327963,0.019594740590891824,0.46934775553508823,0.06170285748795972,0.003916127600413731,1.1520627068556677,0.11534469973340337,0.009796017827796526,0.00026597635466334434,0.0007909751483587338,0.10329907819827054,,,,,,,
1505.864355626719,0.19154908490380887,0.01954841558724149,0.46806383291404163,0.0615546094227569,0.003906544049123048,1.1470877413995766,0.1150190383289845,0.009772702527027605,0.00026551500800794454,0.0007888044353491488,0.10289062637925124,,,,,,,
1507.8751526889978,0.19111382905657964,0.019502200103079455,0.46678342252305666,0.06140671754022897,0.0038969839507084444,1.142134259393247,0.11469429638901041,0.009749442718527013,0.0002650544615768225,0.0007866396795368022,0.1024837896074457,,,,,,,
1509.888634790477,0.19067956223862528,0.01945609387948468,0.46550651475426563,0.0612591809846071,0.0038874472477760237,1.1372021680644582,0.11437047131748795,0.009726238270218741,0.00026459471398195764,0.0007844808645730569,0.10207856149684397,,,,,,,
1511.9048055165174,0.19024628220258083,0.01941009665814829,0.4642331000260836,0.06111199890217842,0.0038779338830723428,1.1322913750416082,0.11404756052575335,0.009703089050341174,0.0002641357638377367,0.0007823279741541455,0.10167493568668684,,,,,,,
1513.9236684572718,0.1898139867061869,0.01936420818137201,0.4629631687831334,0.06096517044128099,0.003868443799484057,1.1274017883519731,0.11372556143245097,0.009679994927446197,0.0002636776097609493,0.0007801809920210358,0.10127290584136509,,,,,,,
1515.9452272076803,0.18938267351228058,0.019318428192066875,0.4616967114961812,0.060818694752299424,0.003858976940037607,1.1225333164200118,0.11340447146351423,0.009656955770398674,0.0002632202503707844,0.000778039901959326,0.10087246565032214,,,,,,,
1517.9694853674905,0.1889523403887811,0.019272756433751648,0.4604337186620567,0.06067257098765925,0.0038495332478988373,1.1176858680656185,0.11308428805214313,0.009633971448375462,0.00026276368428882613,0.0007759046877991024,0.10047360882795257,,,,,,,
1519.9964465412497,0.18852298510868093,0.01922719265055156,0.4591741808035899,0.06052679830182283,0.0038401126663727106,1.1128593525024477,0.11276500863878572,0.009611041830864895,0.00026230791013905026,0.0007737753334148368,0.10007632911350592,,,,,,,
1522.026114338325,0.18809460545003173,0.01918173658719663,0.4579180884695324,0.06038137585128359,0.0038307151389028885,1.108053679336182,0.1124466306711156,0.009588166787665857,0.0002618529265478176,0.0007716518227252464,0.09968062027098593,,,,,,,
1524.058492372897,0.18766719919593527,0.01913638798902052,0.4566654322344937,0.06023630279456197,0.003821340609071486,1.1032687585628695,0.11212915160401357,0.00956534618888717,0.0002613987321438735,0.0007695341396931875,0.09928647608905522,,,,,,,
1526.0935842639783,0.18724076413452959,0.01909114660195882,0.4554162026988631,0.060091578292199764,0.003811989020598636,1.0985045005672094,0.11181256889954524,0.00954257990494677,0.0002609453255583404,0.0007674222683255237,0.09889389038093509,,,,,,,
1528.131393635408,0.18681529805897984,0.019046012172547915,0.45417039048874697,0.05994720150675606,0.0038026603173422473,1.0937608161209018,0.11149688002694276,0.009519867806571042,0.0002604927054247164,0.000765316192673013,0.0985028569843112,,,,,,,
1530.17192411587,0.18639079876746467,0.019000984447923266,0.45292798625589037,0.05980317160280158,0.0037933544432975723,1.0890376163809474,0.11118208246258267,0.009497209764794021,0.0002600408703788681,0.0007632158968301801,0.09811336976123405,,,,,,,
1532.2151793388882,0.1859672640631671,0.018956063175818293,0.4516889806776149,0.059659487746914715,0.003784071342596965,1.0843348128880141,0.11086817368996747,0.009474605650956723,0.0002595898190590301,0.0007611213649352034,0.09772542259802541,,,,,,,
1534.2611629428438,0.1855446917542607,0.01891124810456267,0.450453364456741,0.059516149107675796,0.0037748109595094523,1.0796523175647499,0.11055515119970385,0.009452055336706351,0.0002591395501057979,0.0007590325811697884,0.09733900940517956,,,,,,,
1536.309878570972,0.1851230796539004,0.01886653898308116,0.44922112832152467,0.059373154855663024,0.0037655732384404847,1.0749900427141583,0.11024301248948418,0.00942955869399561,0.00025869006216212495,0.0007569495297590537,0.09695412411727022,,,,,,,
1538.3613298713728,0.18470242558021038,0.018821935560892126,0.44799226302558537,0.0592305041634474,0.003756358123931548,1.070347901017947,0.10993175506406563,0.009407115595082003,0.0002582413538733194,0.0007548721949714101,0.09657076069285403,,,,,,,
1540.4155204970227,0.18428272735627169,0.01877743758810597,0.4467667593478334,0.05908819620558759,0.0037471655606598395,1.0657258055348797,0.10962137643524984,0.009384725912527009,0.00025779342388703813,0.0007528005611184387,0.09618891311437518,,,,,,,
1542.4724541057687,0.1838639828101133,0.018733044815424038,0.4455446080924078,0.05894623015862595,0.0037379954934379568,1.0611236696991737,0.10931187412186445,0.009362389519195468,0.0002573462708532849,0.0007507346125547785,0.09580857538807289,,,,,,,
1544.5321343603498,0.18344618977469812,0.018688756994136926,0.44432580008859957,0.05880460520108282,0.003728847867213536,1.0565414073188506,0.1090032456497414,0.009340106288254775,0.00025689989342440336,0.0007486743336780016,0.09542974154388477,,,,,,,
1546.5945649283885,0.18302934608791468,0.018644573876123307,0.44311032619079,0.05866332051345263,0.0037197226270689557,1.0519789325741493,0.10869548855169912,0.009317876093174237,0.0002564542902550766,0.0007466197089285017,0.0950524056353559,,,,,,,
1548.6597494824114,0.18261344959256307,0.018600495213848375,0.44189817727837527,0.05852237527819842,0.0037106197182209706,1.0474361600158917,0.10838860036752088,0.009295698807724273,0.00025600946000232,0.0007445707227893706,0.09467656173954267,,,,,,,
1550.7276916998433,0.18219849813634642,0.01855652076036263,0.44068934425570505,0.05838176867974778,0.0037015390860204176,1.0429130045639092,0.108082578643937,0.009273574305975776,0.00025556540132547884,0.0007425273597862877,0.09430220395692256,,,,,,,
1552.7983952630245,0.1817844895718573,0.01851265026930028,0.4394838180520067,0.05824149990448745,0.003692480675951856,1.0384093815054227,0.10777742093460334,0.009251502462299315,0.00025512211288622347,0.0007404896044873929,0.09392932641129881,,,,,,,
1554.8718638592077,0.18137142175656903,0.01846888349487811,0.4382815896213251,0.058101568140759396,0.0036834444336332696,1.0339252064934825,0.10747312480008364,0.009229483151364543,0.0002546795933485467,0.0007384574415031854,0.09355792324971093,,,,,,,
1556.9481011805744,0.18095929255282228,0.018425220191893833,0.4370826499424467,0.057961972578855256,0.0036744303048157124,1.0294603955453618,0.10716968780782826,0.009207516248139303,0.0002542378413787568,0.0007364308554863895,0.09318798864234011,,,,,,,
1559.02711092423,0.1805480998278162,0.018381660115725017,0.4358869900188399,0.057822712411012445,0.00366543823538301,1.0250148650410107,0.10686710753215632,0.00918560162788914,0.00025379685564547736,0.0007344098311318564,0.09281951678242033,,,,,,,
1561.108896792224,0.18013784145359507,0.018338203022327387,0.43469460087857964,0.057683786831408776,0.003656468171351407,1.0205885317214638,0.10656538155423474,0.00916373916617636,0.00025335663481963977,0.0007323943531764312,0.09245250188614478,,,,,,,
1563.193462491543,0.17972851530703945,0.018294848668233752,0.433505473574287,0.05754519503615838,0.003647520058869264,1.0161813126873032,0.10626450746206041,0.00914192873885954,0.00025291717757448205,0.0007303844063988541,0.09208693819257693,,,,,,,
1565.280811734125,0.1793201192698543,0.018251596810552516,0.4323195991830586,0.0574069362233069,0.0036385938442167393,1.0117931253970969,0.10596448285044009,0.009120170222092681,0.0002524784825855426,0.0007283799756196352,0.09172281996355963,,,,,,,
1567.370948236869,0.17891265122855698,0.018208447206966193,0.43113696880639785,0.0572690095928264,0.0036296894738054313,1.0074238876658426,0.10566530532097078,0.009098463492324524,0.0002520405485306571,0.0007263810457009385,0.09136014148362374,,,,,,,
1569.46387572163,0.17850610907446862,0.01816539961573033,0.42995757357015363,0.05713141434661151,0.0036208068941780995,1.0030735176634513,0.10536697248202187,0.009076808426297944,0.00025160337408995566,0.0007243876015464791,0.09099889705990082,,,,,,,
1571.5595979152404,0.17810049070370051,0.01812245379567185,0.42878140462444697,0.05699414968847398,0.003611946052008308,0.998741933913189,0.10506948194871435,0.009055204901049073,0.0002511669579458561,0.0007223996281013931,0.09063908102203108,,,,,,,
1573.6581185495018,0.17769579401714602,0.018079609506187984,0.42760845314361196,0.056857214824139,0.0036031068941001373,0.9944290552901764,0.10477283134290354,0.009033652793906822,0.0002507312987830633,0.0007204171103521412,0.09028068772207708,,,,,,,
1575.7594413612055,0.1772920169204669,0.01803686650724466,0.4264387103261219,0.05672060896123951,0.0035942893673878338,0.990134801019844,0.1044770182931582,0.009012151982491955,0.00025029639528856225,0.0007184400333263773,0.08992371153443242,,,,,,,
1577.863570092127,0.17688915732408517,0.017994224559375393,0.42527216739453066,0.056584331309312765,0.0035854934189355207,0.9858590906764447,0.10418204043474351,0.008990702344716614,0.0002498622461516167,0.0007164683820928543,0.08956814685573596,,,,,,,
1579.9705084890434,0.17648721314316973,0.017951683423679726,0.4241088155953998,0.05644838107979473,0.0035767189959368525,0.9816018441815221,0.10388789540960021,0.008969303758783442,0.0002494288500637624,0.0007145021417612919,0.08921398810478157,,,,,,,
1582.0802603037293,0.1760861822976281,0.017909242861822123,0.4229486461992398,0.05631275748601637,0.0035679660457147246,0.9773629818024361,0.10359458086632765,0.008947956103185014,0.00024899620571880606,0.0007125412974822837,0.08886122972243256,,,,,,,
1584.1928292929751,0.1756860627120931,0.01786690263603037,0.4217916505004373,0.05617745974319832,0.0035592345157209305,0.9731424241508445,0.10330209446016325,0.008926659256703074,0.0002485643118128193,0.0007105858344471664,0.08850986617153252,,,,,,,
1586.3082192185834,0.1752868523159144,0.017824662509094497,0.42063781981719667,0.05604248706844709,0.003550524353535866,0.9689400921812381,0.10301043385296509,0.008905413098407882,0.00024813316704413535,0.0007086357378879218,0.08815989193682,,,,,,,
1588.4264338473793,0.17488854904314668,0.01778252224436533,0.41948714549147137,0.05590783868075009,0.0035418355068682237,0.9647559071894508,0.1027195967131928,0.008884217507657565,0.00024770277011334607,0.0007066909930770622,0.08781130152484147,,,,,,,
1590.547476951223,0.1744911508325382,0.017740481605753058,0.41833961888889676,0.05577351380097098,0.0035331679235546267,0.960589790811176,0.10242958071588822,0.008863072364097295,0.00024727311972329606,0.0007047515853275101,0.08746408946386391,,,,,,,
1592.6713523070048,0.17409465562752222,0.017698540357726174,0.41719523139873155,0.055639511651845705,0.003524521551559396,0.9564416650205213,0.10214038354265813,0.008841977547658796,0.00024684421457908125,0.0007028174999925033,0.08711825030379115,,,,,,,
1594.7980636966647,0.17369906137620383,0.017656698265309863,0.4160539744337859,0.055505831457977335,0.00351589633897415,0.952311452128522,0.10185200288165427,0.008820932938559492,0.0002464160533880419,0.0007008887224654667,0.08677377861607587,,,,,,,
1596.9276149071866,0.17330436603135202,0.01761495509408496,0.4149158394303642,0.055372472445832314,0.0035072922340175826,0.9481990747817107,0.10156443642755644,0.008799938417301943,0.00024598863485976203,0.0006989652381799192,0.08643066899363676,,,,,,,
1599.0600097306171,0.17291056755038625,0.01757331061018637,0.4137808178481937,0.05523943384373519,0.0034987091850350624,0.9441044559606441,0.10127768188155231,0.00877899386467309,0.0002455619577060631,0.0006970470326093476,0.08608891605077146,,,,,,,
1601.1952519640604,0.1725176638953687,0.017531764580302023,0.4126489011703675,0.05510671488186489,0.0034901471404984105,0.9400275189784852,0.10099173695132088,0.008758099161743645,0.00024513602064100113,0.0006951340912671104,0.08574851442307399,,,,,,,
1603.3333454096974,0.17212565303299107,0.01749031677167131,0.4115200809032736,0.0549743147922496,0.003481606049005505,0.9359681874795425,0.10070659935101232,0.008737254189867344,0.00024471082238086255,0.0006932263997063185,0.0854094587673487,,,,,,,
1605.4742938747795,0.17173453293456659,0.017448966952084016,0.41039434857653795,0.05484223280876298,0.003473085859280058,0.931926385437864,0.10042226680123154,0.008716458830680346,0.0002442863616441612,0.0006913239435197332,0.08507174376152822,,,,,,,
1607.6181011716483,0.17134430157601696,0.017407714889878818,0.4092716957429544,0.05471046816711903,0.003464586520171223,0.9279020371557894,0.10013873702901809,0.008695712966100489,0.0002438626371516322,0.0006894267083396517,0.0847353641045881,,,,,,,
1609.76477111773,0.17095495693786444,0.01736656035394215,0.408152113978428,0.054579020104868474,0.003456107980653368,0.9238950672625569,0.09985600776782988,0.008675016478326698,0.00024343964762623118,0.0006875346798378037,0.08440031451646542,,,,,,,
1611.9143075355544,0.170566497005219,0.017325503113706744,0.40703559488190466,0.054447887861393394,0.003447650189825703,0.9199054007128666,0.09957407675752321,0.008654369249838222,0.00024301739179312772,0.000685647843725238,0.08406658973797408,,,,,,,
1614.0667142527507,0.17017891976776986,0.01728454293915052,0.4059221300753144,0.05431707067790376,0.0034392130969120166,0.915932962785497,0.09929294174433627,0.008633771163394074,0.00024259586837970334,0.0006837661857522194,0.08373418453072386,,,,,,,
1616.2219951020593,0.16979222321977427,0.017243679600795203,0.4048117112035059,0.054186567797432535,0.003430796651260357,0.9119776790818956,0.09901260048087049,0.008613222102032286,0.00024217507611554723,0.0006818896917081189,0.08340309367703755,,,,,,,
1618.3801539213434,0.1694064053600462,0.01720291286970493,0.40370432993418115,0.05405637846483112,0.003422400802342718,0.9080394755247776,0.0987330507260719,0.008592721949069246,0.00024175501373245066,0.0006800183474213046,0.08307331197986827,,,,,,,
1620.5411945535843,0.16902146419194813,0.01716224251748523,0.4025999779578389,0.05392650192676566,0.0034140254997547573,0.9041182783567585,0.09845429024521475,0.0085722705880991,0.00024133567996440666,0.0006781521387590391,0.08274483426271953,,,,,,,
1622.7051208469015,0.1686373977233783,0.017121668316281438,0.40149864698770565,0.05379693743171186,0.0034056706932154685,0.9002140141389494,0.09817631680988177,0.00855186790299301,0.0002409170735476022,0.0006762910516273672,0.0824176553695622,,,,,,,
1624.8719366545465,0.16825420396676272,0.017081190038777727,0.40040032875967996,0.053667684229951385,0.003397336332566917,0.8963266097496053,0.09789912819794834,0.008531513777898568,0.0002404991932204181,0.0006744350719710158,0.08209177016475531,,,,,,,
1627.0416458349223,0.16787188093904265,0.017040807458195528,0.399305015032264,0.05353874157356689,0.003389022367773879,0.8924559923827318,0.09762272219356287,0.00851120809723906,0.0002400820377234223,0.000672584185773281,0.08176717353296376,,,,,,,
1629.2142522515778,0.16749042666166658,0.017000520348292563,0.39821269758650824,0.05341010871643829,0.0033807287489236175,0.8886020895467451,0.09734709658713075,0.00849095074571293,0.00023966560579936856,0.0006707383790559296,0.08144386037907961,,,,,,,
1631.3897597732273,0.16710983916057764,0.016960328483361275,0.3971233682259431,0.05328178491423778,0.003372455426225501,0.8847648290630911,0.09707224917529507,0.008470741608292946,0.00023924989619318956,0.0006688976378790836,0.08112182562814056,,,,,,,
1633.568172273745,0.1667301164662059,0.016920231638227864,0.39603701877652425,0.05315376942442631,0.0033642023500107866,0.8809441390649165,0.0967981777609207,0.008450580570225756,0.0002388349076519967,0.0006670619483411291,0.0808010642252519,,,,,,,
1635.7494936321834,0.1663512566134555,0.016880229588250726,0.39495364108656444,0.05302606150624844,0.0033559694707322395,0.8771399479957005,0.09652488015307488,0.008430467517031028,0.0002384206389250736,0.0006652312965785941,0.08048157113550543,,,,,,,
1637.9337277327695,0.16597325764169718,0.016840322109319482,0.39387322702667904,0.05289866042072884,0.0033477567389639186,0.8733521846079365,0.09625235416701163,0.008410402334500995,0.0002380070887638736,0.0006634056687660617,0.08016334134390235,,,,,,,
1640.1208784649227,0.16559611759475562,0.016800508977853474,0.3927957684897184,0.05277156543066733,0.0033395641054007963,0.8695807779617758,0.09598059762415248,0.008390384908699646,0.0002375942559220153,0.0006615850511160483,0.07984636985527238,,,,,,,
1642.310949723251,0.16521983452090142,0.016760789970800702,0.391721257390713,0.05264477580063514,0.0033313915208585394,0.8658256574237182,0.09570960835207051,0.008370415125962172,0.00023718213915527984,0.0006597694298789145,0.07953065169419742,,,,,,,
1644.5039454075632,0.16484440647283982,0.016721164865636476,0.39064968566680996,0.05251829079697054,0.0033232389362731645,0.8620867526652812,0.09543938418447241,0.00835049287289433,0.00023677073722160662,0.0006579587913427528,0.07921618190493233,,,,,,,
1646.6998694228807,0.1644698315077004,0.016681633440362137,0.38958104527721027,0.05239210968777419,0.0033151063027007503,0.8583639936616743,0.09516992296118042,0.008330618036371681,0.0002363600488810881,0.0006561531218332838,0.0789029555513268,,,,,,,
1648.8987256794321,0.16409610768702837,0.01664219547350396,0.38851532820311424,0.05226623174290556,0.0033069935713171653,0.8546573106905065,0.09490122252811665,0.008310790503539127,0.00023595007289596906,0.0006543524077137591,0.0785909677167492,,,,,,,
1651.1005180926745,0.16372323307677272,0.0166028507441117,0.38745252644765465,0.05214065623397803,0.0032989006934177464,0.8509666343304594,0.0946332807372842,0.008291010161810079,0.00023554080803063997,0.0006525566353848486,0.0782802135040078,,,,,,,
1653.3052505832868,0.16335120574727818,0.01656359903175761,0.3863926320358434,0.05201538243435536,0.0032908276204170355,0.8472918954600078,0.09436609544675155,0.008271276898866,0.00023513225305163578,0.0006507657912845509,0.07797068803527551,,,,,,,
1655.5129270771893,0.16298002377327317,0.01652444011653492,0.38533563701450496,0.051890409619146774,0.0032827743038484577,0.8436330252561043,0.09409966452063391,0.008251590602655621,0.0002347244067276292,0.0006489798618880756,0.07766238645201172,,,,,,,
1657.7235515055384,0.16260968523386202,0.0164853737790569,0.3842815334522235,0.05176573706520352,0.0032747406953640597,0.8399899551929114,0.09383398582907751,0.008231951161394396,0.00023431726782943073,0.000647198833707757,0.07735530391488761,,,,,,,
1659.9371278047465,0.1622401882125127,0.016446399800455345,0.38323031343927666,0.051641364051113914,0.003266726746734192,0.836362617040497,0.09356905724824137,0.00821235846356381,0.0002339108351299809,0.0006454226932929364,0.07704943560370861,,,,,,,
1662.1536599164754,0.16187153079704933,0.016407517962379627,0.3821819690875826,0.05151728985719986,0.0032587324098472463,0.8327509428635776,0.0933048766602816,0.008192812397910799,0.00023350510740435042,0.0006436514272298762,0.07674477671734044,,,,,,,
1664.373151787657,0.16150371107963987,0.01636872804699519,0.3811364925306347,0.05139351376551208,0.0032507576367093393,0.8291548650202248,0.09304144195333303,0.008173312853447058,0.00023310008342973342,0.0006418850221416438,0.07644132247363182,,,,,,,
1666.5956073704872,0.1611367271567885,0.01633002983698261,0.3800938759234485,0.05127003505982655,0.0032428023794440516,0.8255743161606198,0.09277875102149387,0.008153859719448478,0.00023269576198544628,0.0006401234646880224,0.0761390681093415,,,,,,,
1668.8210306224455,0.16077057712932377,0.016291423115536132,0.3790541114424968,0.051146853025639726,0.0032348665902921145,0.8220092292257706,0.0925168017648072,0.008134452885454448,0.000232292141852921,0.0006383667415654026,0.07583800888006136,,,,,,,
1671.0494255062915,0.16040525910239042,0.01625290766636261,0.3780171912856565,0.05102396695016504,0.003226950221611142,0.8184595374462746,0.09225559208924577,0.008115092241267276,0.00023188922181570465,0.0006366148395066859,0.07553814006014381,,,,,,,
1673.2807959900756,0.16004077118543875,0.01621448327368028,0.3769831076721472,0.05090137612232841,0.003219053225875348,0.8149251743410608,0.09199511990669451,0.008095777676951582,0.00023148700065945437,0.0006348677452811861,0.07523945694262671,,,,,,,
1675.515146047152,0.15967711149221434,0.01617614972221745,0.37595185284247135,0.05077907983276394,0.0032111755556752325,0.8114060737161355,0.0917353831349333,0.00807650908283358,0.00023108547717193208,0.0006331254456945197,0.07494195483915898,,,,,,,
1677.7524796561745,0.15931427814074983,0.01613790679721142,0.37492341905836063,0.05065707737381049,0.0032033171637173325,0.8079021696633624,0.09147637969762173,0.008057286349500566,0.00023068465014300415,0.0006313879275885216,0.07464562907992843,,,,,,,
1679.9928008011154,0.15895226925335323,0.016099754284407165,0.373897798602712,0.050535368039506666,0.0031954780028239076,0.8044133965592063,0.09121810752428079,0.00803810936780021,0.0002302845183646347,0.0006296551778411292,0.0743504750135868,,,,,,,
1682.2361134712605,0.1585910829566003,0.016061691970056285,0.3728749837795362,0.050413951125587705,0.0031876580259326856,0.8009396890635254,0.09096056455027808,0.00801897802884001,0.0002298850806308845,0.0006279271833662992,0.0740564880071785,,,,,,,
1684.4824216612299,0.1582307173813226,0.01602371964091559,0.37185496691389364,0.05029282592948052,0.00317985718609655,0.7974809821183264,0.09070374871680965,0.0079998922239866,0.00022948633573790432,0.0006262039311138939,0.07376366344606596,,,,,,,
1686.73172937097,0.1578711706626002,0.015985837084246165,0.37083774035184264,0.05017199175030036,0.003172075436483288,0.7940372109465674,0.09044765797088507,0.007980851844865204,0.00022908828248393483,0.0006244854080695951,0.07347199673385926,,,,,,,
1688.9840406057756,0.15751244093974964,0.015948044087811905,0.36982329646037654,0.05005144788884611,0.003164312730375281,0.7906083110509231,0.09019229026530952,0.007961856783358947,0.0002286909196692999,0.000622771601254797,0.0731814832923419,,,,,,,
1691.239359376283,0.15715452635631663,0.0159103404398786,0.36881162762737196,0.04993119364759695,0.0031565690211692505,0.7871942182125984,0.089937643558669,0.007942906931608344,0.00022829424609640552,0.0006210624977265143,0.072892118561401,,,,,,,
1693.4976896984908,0.15679742506006414,0.015872725929212485,0.36780272626152577,0.049811228330707454,0.0031488442623759535,0.7837948684901046,0.08968371581531227,0.007924002182010536,0.00022789826056973336,0.0006193580845772793,0.07260389799895364,,,,,,,
1695.7590355937534,0.15644113520296507,0.015835200345079303,0.3667965847923045,0.04969155124400455,0.003141138407619927,0.7804101982180824,0.08943050500533639,0.007905142427218867,0.00022750296189584052,0.0006176583489350499,0.07231681708087762,,,,,,,
1698.0234010888018,0.15608565494119062,0.01579776347724289,0.3657931956698809,0.04957216169498257,0.003133451410639187,0.7770401440060893,0.08917800910456884,0.00788632756014207,0.0002271083488833524,0.0006159632779631045,0.07203087130093855,,,,,,,
1700.2907902157388,0.1557309824351023,0.0157604151159642,0.364792551365083,0.049453058992799885,0.003125783225284967,0.77368464273743,0.0889262260945526,0.007867557473943852,0.00022671442034296227,0.0006142728588599557,0.07174605617072057,,,,,,,
1702.5612070120508,0.15537711584924196,0.015723155052000042,0.3637946443693353,0.04933424244827479,0.003118133805521449,0.7703436315679667,0.0886751539625296,0.007848832062042163,0.00022632117508742603,0.0006125870788592451,0.07146236721955546,,,,,,,
1704.8346555206217,0.15502405335232136,0.015685983076601823,0.3627994671946,0.04921571137388111,0.0031105031054254415,0.7670170479249346,0.08842479070142384,0.007830151218108606,0.00022592861193155824,0.0006109059252296487,0.07117979999445155,,,,,,,
1707.111139789726,0.1546717931172145,0.015648898981514572,0.36180701237332624,0.04909746508374484,0.003102891079186176,0.7637048295057879,0.08817513430982692,0.007811514836067913,0.00022553672969223036,0.0006092293852747838,0.07089835006002562,,,,,,,
1709.3906638730514,0.15432033332094605,0.015611902558975576,0.360817272458388,0.048979502893639566,0.0030952976811049523,0.7604069142770119,0.08792618279198039,0.007792922810097199,0.00022514552718836444,0.0006075574463331091,0.07061801299843126,,,,,,,
1711.6732318296913,0.15396967214468418,0.015574993601713372,0.3598302400230341,0.04886182412098313,0.0030877228655949427,0.7571232404729826,0.0876779341577613,0.007774375034625542,0.0002247550032409327,0.0006058900957778331,0.07033878440929155,,,,,,,
1713.9588477241666,0.15361980777372886,0.015538171902946452,0.3588459076608268,0.04874442808483301,0.003080166587180842,0.7538537465947891,0.08743038642266489,0.00775587140433319,0.00022436515667295163,0.0006042273210168142,0.07006065990962794,,,,,,,
1716.2475156264181,0.15327073839750463,0.015501437256382264,0.3578642679855918,0.04862731410588309,0.0030726288004986704,0.7505983714091016,0.08718353760779,0.007737411814151148,0.00022397598630947933,0.0006025691094924713,0.06978363513379349,,,,,,,
1718.5392396118289,0.15292246220954916,0.015464789456215848,0.3568853136313571,0.048510481506459015,0.003065109460295424,0.7473570539470051,0.08693738573982204,0.007718996159260432,0.00022358749097761176,0.0006009154486816804,0.06950770573340243,,,,,,,
1720.834023761216,0.152574977407506,0.015428228297128919,0.3559090372523037,0.04839392961051492,0.0030576085214288774,0.7441297335028775,0.08669192885101852,0.007700624335091571,0.0002231996695064802,0.0005992663260956926,0.06923286737726361,,,,,,,
1723.1318721608536,0.15222828219311313,0.015391753574288477,0.3549354315227045,0.04827765774362893,0.0030501259388672516,0.7409163496332322,0.08644716497919192,0.00768229623732395,0.00022281252072724528,0.0005976217292800249,0.06895911575131097,,,,,,,
1725.4327889024667,0.1518823747721955,0.01535536508334587,0.3539644891368743,0.04816166523299975,0.0030426616676889834,0.7377168421556041,0.0862030921676952,0.0076640117618852616,0.00022242604347309637,0.0005959816458143799,0.06868644655853708,,,,,,,
1727.7367780832437,0.15153725335465487,0.015319062620435558,0.3529962028091131,0.04804595140744262,0.0030352156630824396,0.7345311511474144,0.08595970846540578,0.007645770804950925,0.0002220402365792465,0.0005943460633125434,0.06841485551892532,,,,,,,
1730.0438438058497,0.15119291615445998,0.015282845982173877,0.3520305652736489,0.04793051559738509,0.0030277878803456424,0.7313592169448416,0.08571701192670912,0.007627573262943398,0.0002216550988829286,0.0005927149694222919,0.06814433836938179,,,,,,,
1732.3539901784209,0.1508493613896389,0.015246714965658116,0.35106756928458877,0.04781535713486376,0.0030203782748860204,0.728200980141721,0.08547500061148473,0.00760941903253175,0.00022127062922339276,0.0005910883518253044,0.06787489086367011,,,,,,,
1734.6672213145864,0.15050658728226787,0.01521066936846514,0.3501072076158581,0.047700475353519796,0.003012986802220114,0.725056381588412,0.08523367258508908,0.007591308010630896,0.0002208868264419021,0.00058946619823706,0.0676065087723429,,,,,,,
1736.9835413334608,0.1501645920584642,0.01517470898865049,0.3491494730611525,0.047585869588595626,0.003005613417973348,0.7219253623907108,0.08499302591834158,0.007573240094401186,0.00022050368938173064,0.000587848496406758,0.06733918788267722,,,,,,,
1739.3029543596667,0.14982337394837475,0.015138833624747014,0.34819435843387786,0.04747153917693057,0.002998258077879707,0.7188078639087271,0.08475305868750764,0.007555215181247674,0.0002201212168881571,0.0005862352341172109,0.0670729239986066,,,,,,,
1741.6254645233269,0.14948293118616923,0.015103043075763978,0.3472418565671024,0.04735748345695758,0.00299092073778154,0.7157038277558057,0.08451376897428489,0.007537233168819638,0.00021973940780846475,0.0005846263991847666,0.06680771294065706,,,,,,,
1743.9510759600857,0.14914326201002873,0.015067337141185726,0.34629196031349657,0.04724370176869876,0.0029836013536292225,0.7126131957974133,0.08427515486578634,0.007519293955009926,0.00021935826099193516,0.0005830219794592021,0.0665435505458797,,,,,,,
1746.279792811104,0.14880436466213873,0.01503171562097072,0.3453446625452859,0.04713019345376221,0.0029762998814809646,0.7095359101500698,0.08403721445452647,0.007501397437954442,0.00021897777528984697,0.0005814219628236458,0.06628043266778691,,,,,,,
1748.6116192230784,0.14846623738867798,0.014996178315550288,0.3443999561541912,0.04701695785533757,0.002969016277502474,0.7064719131802436,0.08379994583840465,0.007483543516031504,0.0002185979495554698,0.0005798263371944722,0.06601835517628596,,,,,,,
1750.946559348236,0.14812887843981146,0.014960725025827652,0.3434578340513813,0.046903994318192845,0.002961750497966766,0.7034211475032929,0.08356334712069127,0.007465732087861326,0.00021821878264406382,0.0005782350905212243,0.06575731395761544,,,,,,,
1753.2846173443554,0.1477922860696792,0.014925355553176624,0.34251828916741384,0.04679130218867001,0.002954502499253829,0.7003835559823706,0.08332741641001115,0.007447963052305377,0.00021784027341287395,0.0005766482107865096,0.06549730491427937,,,,,,,
1755.625797374762,0.1474564585363892,0.014890069699440685,0.3415813144521876,0.0466788808146818,0.0029472722378504285,0.6973590817273718,0.08309215182032978,0.007430236308465892,0.00021746242072112726,0.0005750656860059189,0.06523832396498402,,,,,,,
1757.9701036083404,0.1471213941020075,0.01485486726693179,0.3406469028748871,0.046566729545707584,0.002940059670349803,0.6943476680938605,0.08285755147093757,0.0074125517556852235,0.00021708522343003017,0.0005734875042279343,0.06498036704457355,,,,,,,
1760.317540219547,0.14678709103254844,0.01481974805842917,0.33971504742392783,0.04645484773278948,0.0029328647534514105,0.6913492586820023,0.08262361348643439,0.007394909293545285,0.00021670868040276356,0.000571913653533831,0.06472343010396527,,,,,,,
1762.6681113884058,0.14645354759796755,0.014784711877178437,0.3387857411069087,0.046343234728529185,0.0029256874439606857,0.6883637973355236,0.08239033599671583,0.0073773088218670214,0.00021633279050448123,0.0005703441220376004,0.06446750911008772,,,,,,,
1765.0218213005294,0.14612076207215055,0.014749758526890235,0.3378589769505538,0.04623188988708337,0.0029185276987887575,0.6853912281406425,0.0821577171369566,0.007359750240709784,0.00021595755260230386,0.0005687788978858464,0.06421260004581576,,,,,,,
1767.378674147112,0.14578873273290632,0.014714887811739396,0.33693474800066575,0.04612081256416089,0.0029113854749522137,0.6824314954250388,0.08192575504759739,0.007342233450370818,0.00021558296556531872,0.0005672179692577099,0.06395869890990889,,,,,,,
1769.7386741249518,0.14545745786195613,0.014680099536363586,0.336013047322068,0.04601000211701819,0.0029042607295728193,0.6794845437567942,0.08169444787432836,0.007324758351384633,0.00021520902826457382,0.0005656613243647655,0.06370580171694715,,,,,,,
1772.1018254364442,0.14512693574492666,0.01464539350586246,0.33509386799855817,0.045899457904456285,0.002897153419877283,0.6765503179433713,0.08146379376807579,0.007307324844522536,0.00021483573957307558,0.0005641089514509445,0.06345390449726986,,,,,,,
1774.4681322896024,0.14479716467133913,0.014610769525796326,0.33417720313285065,0.04578917928681647,0.002890063503196976,0.6736287630305622,0.0812337908849859,0.0072899328307919195,0.00021446309836578502,0.0005625608387924379,0.063203003296912,,,,,,,
1776.8375988980522,0.14446814293460247,0.014576227402185294,0.3332630458465306,0.04567916562597718,0.0028829909369677002,0.6707198243014776,0.0810044373864115,0.007272582211435881,0.00021409110351961548,0.0005610169746976131,0.0629530941775435,,,,,,,
1779.210229481053,0.14413986883200255,0.014541766941507979,0.3323513892799965,0.04556941628534968,0.00287593567872941,0.6678234472755039,0.08077573143889581,0.007255272887932473,0.0002137197539134268,0.0005594773475069213,0.06270417321640602,,,,,,,
1781.5860282634903,0.14381234066469525,0.014507387950700579,0.3314422265924145,0.04545993062987508,0.0028688976861259772,0.6649395777073003,0.0805476712141594,0.0072380047619943245,0.00021334904842802498,0.000557941945592814,0.06245623650625275,,,,,,,
1783.9649994758993,0.14348555673769575,0.014473090237155657,0.3305355509616613,0.04535070802601993,0.002861876916904916,0.6620681615857656,0.08032025488908404,0.007220777735567933,0.0002129789859461563,0.0005564107573596502,0.06220928015528575,,,,,,,
1786.3471473544585,0.14315951535987143,0.014438873608721193,0.3296313555842779,0.04524174784177315,0.002854873328917156,0.6592091451330423,0.08009348064569931,0.007203591710833197,0.0002126095653525057,0.0005548837712436132,0.06196330028709607,,,,,,,
1788.732476141003,0.1428342148439325,0.014404737873699445,0.3287296336754165,0.04513304944664219,0.002847886880116767,0.6563624748035017,0.07986734667116768,0.007186446590202859,0.00021224078553369217,0.0005533609757126216,0.06171829304060228,,,,,,,
1791.120990083037,0.1425096535064224,0.014370682840845792,0.3278303784687875,0.045024612211648996,0.0028409175285607066,0.6535280972827359,0.07964185115776934,0.007169342276321859,0.0002118726453782658,0.0005518423592662403,0.06147425456998948,,,,,,,
1793.5126934337302,0.14218582966771082,0.014336708319367855,0.32693358321661353,0.04491643550932711,0.002833965232408588,0.6507059594865735,0.0794169923028891,0.007152278672066934,0.00021150514377670543,0.0005503279104355977,0.06123118104465002,,,,,,,
1795.9075904519382,0.1418627416519832,0.014302814118924211,0.3260392411895735,0.044808518713717306,0.0028270299499224033,0.6478960085600686,0.07919276830900052,0.007135255680545896,0.00021113827962141295,0.0005488176177832944,0.060989068649122145,,,,,,,
1798.305685402196,0.14154038778723385,0.014269000049623542,0.3251473456767571,0.04470086120036455,0.0028201116394662995,0.6450981918765281,0.07896917738365296,0.007118273205097247,0.00021077205180671286,0.0005473114699033217,0.060747913583031284,,,,,,,
1800.7069825547414,0.1412187664052553,0.014235265922023347,0.32425788998560967,0.04459346234631387,0.002813210259506302,0.6423124570365085,0.07874621773945588,0.0071013311492894955,0.00021040645922884642,0.0005458094554209706,0.06050771206102923,,,,,,,
1803.1114861855058,0.14089787584163185,0.014201611547129117,0.32337086744188676,0.04448632153010735,0.0028063257686100893,0.6395387518668524,0.07852388759406576,0.007084429416920697,0.00021004150078597056,0.0005443115629927512,0.0602684603127359,,,,,,,
1805.519200576138,0.1405777144357288,0.014168036736393037,0.32248627138959907,0.04437943813177978,0.0027994581254467228,0.6367770244196934,0.07830218517017079,0.00706756791201785,0.0002096771753781518,0.0005428177813062993,0.06003015458267894,,,,,,,
1807.9301300139973,0.14025828053068587,0.01413454130171316,0.3216040951909677,0.04427281153285592,0.00279260728878642,0.6340272229715007,0.07808110869547777,0.0070507465388364035,0.0002093134819073661,0.0005413280990803025,0.05979279113023611,,,,,,,
1810.3442787921747,0.1399395724734067,0.014101125055432134,0.3207243322263692,0.044166441116346114,0.002785773217500284,0.6312892960220937,0.07786065640269671,0.007033965201859658,0.00020895041927749313,0.0005398425050644012,0.05955636622957504,,,,,,,
1812.761651209487,0.13962158861455218,0.014067787810336359,0.31984697589429073,0.0440603262667434,0.0027789558705600807,0.6285631922936936,0.07764082652952803,0.007017223805798278,0.000208587986394314,0.0005383609880391175,0.05932087616959641,,,,,,,
1815.1822515704978,0.1393043273085301,0.014034529379654746,0.3189720196112759,0.04395446637001933,0.002772155207037969,0.6258488607299468,0.07742161731864701,0.007000522255589698,0.00020822618216550764,0.000536883536815757,0.059086317253874,,,,,,,
1817.606084185514,0.13898778691348815,0.014001349577057832,0.3180994568118794,0.043848860813621014,0.0027653711861062714,0.6231462504949834,0.07720302701769112,0.0069838604563976225,0.000207865005500648,0.0005354101402363366,0.05885268580059819,,,,,,,
1820.0331533705973,0.1386719657913049,0.01396824821665665,0.31722928094861613,0.043743508986467214,0.002758603767037236,0.6204553109724582,0.07698505387924538,0.006967238313611496,0.00020750445531120067,0.0005339407871734922,0.05861997814251736,,,,,,,
1822.4634634475792,0.13835686230758035,0.013935225113001652,0.31636148549190996,0.0436384102789447,0.0027518529092027512,0.6177759917645973,0.07676769616082794,0.006950655732845898,0.0002071445305105181,0.0005324754665303962,0.05838819062688007,,,,,,,
1824.8970187440539,0.1380424748316294,0.013902280081081814,0.3154960639300493,0.04353356408290519,0.0027451185720741645,0.6151082426912682,0.07655095212487731,0.006934112619940092,0.000206785230013839,0.0005310141672406773,0.05815731961537867,,,,,,,
1827.333823593402,0.1377288017364714,0.013869412936323397,0.314633009769133,0.04342896979166125,0.0027384007152219713,0.6124520137890235,0.07633482003873698,0.006917608880957422,0.0002064265527382828,0.0005295568782683297,0.05792736148409105,,,,,,,
1829.7738823347831,0.13741584139882357,0.013836623494589135,0.313772316533027,0.043324626799983404,0.00273169929831564,0.6098072553101819,0.07611929817464323,0.006901144422184835,0.00020606849760284752,0.0005281035886076406,0.05769831262342503,,,,,,,
1832.2171993131585,0.13710359219909077,0.01380391157217698,0.31291397776331037,0.04322053450409598,0.0027250142811233026,0.6071739177218797,0.07590438480970971,0.006884719150132297,0.00020571106352840595,0.0005266542872830938,0.05747016943806022,,,,,,,
1834.6637788792837,0.13679205252135904,0.013771276985819298,0.312057987019232,0.043116692301674246,0.0027183456235115792,0.6045519517051597,0.07569007822591509,0.006868332971532315,0.00020535424943770347,0.0005252089633493004,0.05724292834689321,,,,,,,
1837.1136253897312,0.13648122075338526,0.013738719552681612,0.3112043378776572,0.04301309959184035,0.002711693285445272,0.6019413081540317,0.07547637671008803,0.006851985793339344,0.00020499805425535262,0.0005237676058909031,0.05701658578297969,,,,,,,
1839.5667432068838,0.1361710952865908,0.013706239090361812,0.3103530239330248,0.04290975577516037,0.0027050572269871867,0.5993419381745677,0.07526327855389478,0.006835677522729353,0.00020464247690783267,0.0005223302040225065,0.056791138193480126,,,,,,,
1842.0231366989567,0.13586167451605116,0.013673835416888895,0.3095040387972935,0.04280666025364031,0.0026984374082978423,0.5967537930839716,0.07505078205382412,0.0068194080670991595,0.00020428751632348385,0.0005208967468885827,0.05656658203960235,,,,,,,
1844.4828102399922,0.1355529568404895,0.013641508350722156,0.3086573760998989,0.042703812430723215,0.0026918337896352637,0.5941768244096802,0.07483888551117507,0.006803177334066056,0.00020393317143250619,0.0005194672236633985,0.05634291379654747,,,,,,,
1846.9457682098737,0.13524494066226753,0.013609257710750076,0.3078130294877035,0.042601211711285315,0.002685246331354732,0.5916109838884503,0.07462758723204264,0.0067869852314671845,0.0002035794411669546,0.0005180416235509316,0.05612012995345375,,,,,,,
1849.4120149943383,0.1349376243873765,0.013577083316289235,0.3069709926249472,0.04249885750163254,0.002678674993908539,0.5890562234654484,0.07441688552730398,0.006770831667359029,0.00020322632446073642,0.0005166199357847828,0.05589822701334125,,,,,,,
1851.8815549849724,0.13463100642543074,0.013544984987083472,0.30613125919320433,0.04239674920949749,0.002672119737845769,0.5865124952933645,0.07420677871260586,0.006754716550016932,0.00020287382024960902,0.0005152021496281058,0.05567720149305802,,,,,,,
1854.3543925792337,0.1343250851896574,0.013512962543302701,0.3052938228913308,0.0422948862440355,0.0026655805238120366,0.5839797517315003,0.0739972651083499,0.006738639787934517,0.00020252192747117424,0.0005137882543735137,0.055457049923223936,,,,,,,
1856.8305321804444,0.1340198590968902,0.013481015805542043,0.3044586774354223,0.04219326801582175,0.0026590573125492858,0.5814579453448928,0.0737883430396806,0.006722601289823251,0.00020217064506487817,0.0005123782393430108,0.05523776884817788,,,,,,,
1859.3099781978142,0.13371532656755938,0.013449144594820703,0.30362581655876186,0.0420918939368473,0.0026525500648955035,0.5789470289034103,0.07358001083647055,0.006706600964611802,0.00020181997197200546,0.0005109720938878997,0.055019354825921844,,,,,,,
1861.7927350464327,0.13341148602568534,0.013417348732581097,0.3027952340117779,0.041990763420516226,0.0026460587417845467,0.576446955380883,0.07337226683330832,0.006690638721445676,0.00020146990713567814,0.0005095698073887109,0.05480180442806853,,,,,,,
1864.2788071472928,0.1331083358988686,0.013385628040687684,0.3019669235619923,0.04188987588164172,0.0026395833042458425,0.573957677954207,0.07316510936948403,0.00667471446968654,0.00020112044950085003,0.0005081713692551159,0.05458511423978592,,,,,,,
1866.7681989272828,0.1328058746182836,0.01335398234142617,0.30114087899397873,0.04178923073644319,0.0026331237134042196,0.5714791500024832,0.07295853678897708,0.006658828118911858,0.00020077159801430637,0.0005067767689258519,0.054369280859745274,,,,,,,
1869.2609148192105,0.13250410061866869,0.013322411457502297,0.30031709410931107,0.041688827402542386,0.002626679930479608,0.569011325106128,0.07275254744044198,0.006642979578914257,0.00020042335162465846,0.000505385995868638,0.05415430090006617,,,,,,,
1871.756959261795,0.13220301233831985,0.013290915212041066,0.29949556272652145,0.041588665298960596,0.0026202519167868752,0.5665541570460197,0.07254713967719609,0.006627168759701097,0.00020007570928234146,0.0005039990395800991,0.05394017098626484,,,,,,,
1874.2563366996897,0.1319026082190808,0.013259493428585525,0.2986762786810495,0.04148874384611466,0.0026138396337355247,0.5641075998026178,0.07234231185720547,0.006611395571493901,0.00019972866993961085,0.0005026158895856835,0.05372688775719982,,,,,,,
1876.7590515834777,0.13160288670633657,0.013228145931095985,0.2978592358252,0.04138906246581412,0.002607443042829526,0.561671607555114,0.07213806234307264,0.006595659924727882,0.00019938223255053984,0.0005012365354395862,0.05351444786502022,,,,,,,
1879.265108369685,0.13130384624900474,0.013196872543948931,0.29704442802809516,0.04128962058125778,0.0026010621056670466,0.5592461346805685,0.07193438950202319,0.006579961730051457,0.0001990363960710161,0.0004998609667246711,0.05330284797511292,,,,,,,
1881.774511520794,0.1310054852995266,0.013165673091935977,0.2962318491756266,0.041190417617029906,0.002594696783940224,0.5568311357530502,0.07173129170589207,0.006564300898325636,0.0001986911594587371,0.000498489173052386,0.053092084766049485,,,,,,,
1884.2872655052386,0.130707802313861,0.01313454740026306,0.29542149317041366,0.04109145299909771,0.0025883470394349544,0.5544265655427982,0.07152876733111183,0.0065486773406236674,0.00019834652167320964,0.0004971211440626922,0.0528821549295354,,,,,,,
1886.8033747974266,0.13041079575147435,0.013103495294549251,0.29461335393175314,0.0409927261548072,0.0025820128340306404,0.552032379015361,0.07132681475869837,0.006533090968230373,0.00019800248167574448,0.0004957568694239805,0.05267305517035663,,,,,,,
1889.322843877733,0.13011446407533445,0.013072516600825982,0.2938074253955782,0.04089423651288057,0.0025756941296999846,0.5496485313307667,0.0711254323742392,0.006517541692641797,0.0001976590384294543,0.0004943963388329971,0.0524647822063294,,,,,,,
1891.8456772325237,0.1298188057519009,0.013041611145535901,0.29300370151440813,0.04079598350341226,0.0025693908885087388,0.5472749778426697,0.07092461856787924,0.006502029425564577,0.00019731619089925,0.0004930395420147618,0.05225733276824716,,,,,,,
1894.3718793541468,0.12952381925111883,0.013010778755532023,0.29220217625730777,0.040697966557866325,0.002563103072615499,0.5449116740975277,0.07072437173430929,0.006486554078915529,0.00019697393805183876,0.0004916864687224946,0.05205070359983076,,,,,,,
1896.9014547409572,0.1292295030464091,0.012980019258076656,0.2914028436098375,0.0406001851090724,0.0025568306442714547,0.5425585758337562,0.07052469027275197,0.006471115564821086,0.00019663227885571862,0.0004903371087375345,0.05184489145767598,,,,,,,
1899.434407897309,0.1289358556146624,0.012949332480840566,0.29060569757401283,0.04050263859122319,0.0025505735658201863,0.5402156389809125,0.07032557258695007,0.0064557137956168555,0.0001962912122811782,0.0004889914518692662,0.05163989311120378,,,,,,,
1901.9707433335784,0.12864287543622946,0.01291871825190183,0.28981073216825476,0.0404053264398705,0.002544331799697416,0.5378828196588572,0.0701270170851526,0.006440348683847066,0.0001959507373002912,0.00048764948795503737,0.05143570534260856,,,,,,,
1904.5104655661564,0.12835056099491496,0.012888176399745082,0.2890179414273495,0.040308248091922544,0.002538105308430803,0.5355600741769457,0.0699290221801033,0.006425020142264125,0.00019561085288691534,0.0004863112068600908,0.05123232494680864,,,,,,,
1907.0535791174734,0.128058910777968,0.01285770675326034,0.28822731940239876,0.04021140298564018,0.0025318940546396975,0.5332473590331964,0.06973158628902669,0.006409728083828061,0.0001952715580166867,0.00048497659847747675,0.05102974873139497,,,,,,,
1909.600088515992,0.1277679232760757,0.01282730914174223,0.2874388601607801,0.04011479056063409,0.0025256980010349424,0.530944630913488,0.06953470783361657,0.006394472421706106,0.00019493285166701952,0.0004836456527279875,0.050827973516581845,,,,,,,
1912.1499982962218,0.12747759698335479,0.012796983394888951,0.2866525577860994,0.04001841025786139,0.002519517110418626,0.5286518466907429,0.06933838524002282,0.00637925306927214,0.00019459473281710165,0.00048231835956007407,0.05062699613515678,,,,,,,
1914.7033129987335,0.12718793039734316,0.012766729342801248,0.28586840637814576,0.039922261519622124,0.0025133513456838635,0.5263689634241147,0.06914261693883854,0.006364069940106208,0.00019425720044789042,0.00048099470894977166,0.05042681343243009,,,,,,,
1917.2600371701533,0.12689892201899364,0.012736546815981634,0.28508640005285074,0.039826343789556545,0.0025072006698145877,0.5240959383581957,0.06894740136508838,0.006348922947994068,0.00019392025354211212,0.000479674690900627,0.050227422266186664,,,,,,,
1919.8201753631856,0.1266105703526644,0.012706435645333239,0.2843065329422398,0.03973065651264135,0.0025010650458853075,0.5218327289222024,0.06875273695821489,0.006333812006926646,0.00019358389108425653,0.0004783582954436168,0.0500288195066353,,,,,,,
1922.383732136607,0.12632287390611308,0.012676395662159067,0.2835287991943928,0.039635199135187066,0.0024949444370609055,0.5195792927291925,0.0685586221620673,0.006318737031099605,0.00019324811206057588,0.00047704551263708165,0.04983100203636075,,,,,,,
1924.9507120552887,0.1260358311904872,0.012646426698160844,0.28275319297339546,0.039539971104834155,0.002488838806596397,0.5173355875752561,0.06836505542488786,0.006303697934912795,0.00019291291545907942,0.0004757363325666396,0.04963396675027374,,,,,,,
1927.5211196901903,0.12574944072031838,0.012616528585438274,0.2819797084593003,0.03944497187055054,0.0024827481178367307,0.5151015714387404,0.06817203519930053,0.006288694632969855,0.00019257830026953309,0.00047443074534512315,0.04943771055556325,,,,,,,
1930.0949596183823,0.12546370101351262,0.012586701156487932,0.28120833984807825,0.03935020088262776,0.002476672334216546,0.5128772024794481,0.06797955994229758,0.0062737270400776025,0.00019224426548345436,0.0004731287411124928,0.04924223037164693,,,,,,,
1932.6722364230393,0.1251786105913447,0.012556944244202449,0.2804390813515797,0.039255657592678336,0.002470611419259977,0.5106624390378679,0.06778762811522836,0.006258795071245696,0.00019191081009411012,0.0004718303100357742,0.049047523130123796,,,,,,,
1935.2529546934638,0.12489416797844849,0.012527257681869469,0.27967192719748635,0.039161341453632106,0.00246456533658041,0.5084572396343803,0.06759623818378573,0.006243898641686004,0.0001915779330965133,0.0004705354423089725,0.04885358577472501,,,,,,,
1937.8371190250787,0.12461037170281132,0.012497641303170845,0.27890687162927297,0.03906725191973362,0.0024585340498802875,0.5062615629684942,0.06740538861799515,0.0062290376668122675,0.0001912456334874208,0.0004692441281530096,0.048660415261266965,,,,,,,
1940.4247340194509,0.12432722029576444,0.012468094942181538,0.2781439089061591,0.03897338844653828,0.002452517522950869,0.5040753679180607,0.06721507789220116,0.006214212062239496,0.00019091391026532833,0.00046795635781563926,0.048468008557602416,,,,,,,
1943.0158042842857,0.12404471229197699,0.012438618433368857,0.2773830333030701,0.038879750490909915,0.002446515719672029,0.5018986135385138,0.06702530448505625,0.006199421743783565,0.0001905827624304699,0.0004666721215713819,0.048276362643573906,,,,,,,
1945.6103344334417,0.12376284622944779,0.012409211611591454,0.2766242391105927,0.0387863375110172,0.0024405286040120456,0.49973125906209914,0.06683606687950824,0.006184666627460736,0.00019025218898481347,0.0004653914097214493,0.04808547451096582,,,,,,,
1948.2083290869439,0.12348162064949708,0.012379874312098327,0.2758675206349301,0.03869314896633045,0.0024345561400273487,0.4975732638971048,0.06664736356278768,0.0061699466294870995,0.00018992218893205774,0.00046411421259366545,0.04789534116345689,,,,,,,
1950.8097928709788,0.12320103409676057,0.012350606370528074,0.27511287219786357,0.03860018431761897,0.002428598291862359,0.49542458762711367,0.06645919302639684,0.00615526166627823,0.00018959276127762973,0.0004628405205424039,0.047705959616574,,,,,,,
1953.414730417918,0.12292108511918007,0.012321407622907763,0.2743602881367051,0.0385074430269473,0.0024226550237492132,0.49328519001023224,0.06627155376609653,0.006140611654448567,0.0001892639050286814,0.0004615703239485034,0.04751732689764436,,,,,,,
1956.0231463663108,0.12264177226799773,0.012292277905652224,0.27360976280425947,0.03841492455767274,0.0024167263000076096,0.49115503097835095,0.06608444428189507,0.0061259965108110825,0.00018893561919408754,0.00046030361321920676,0.04732944004574984,,,,,,,
1958.6350453609089,0.12236309409774697,0.012263217055562924,0.2728612905687774,0.038322628374441635,0.0024108120850445326,0.48903407063638005,0.06589786307803536,0.00611141615237669,0.0001886079027844409,0.0004590403787880776,0.04714229611167949,,,,,,,
1961.2504320526575,0.12208504916624646,0.01223422490982726,0.2721148658139177,0.03823055394318687,0.0024049123433541003,0.4869222692615158,0.06571180866298379,0.006096870496353853,0.00018828075481205157,0.0004577806111149368,0.04695589215788423,,,,,,,
1963.8693110987208,0.12180763603459115,0.012205301306017442,0.2713704829387007,0.0381387007311242,0.002399027039517291,0.48481958730248353,0.0655262795494175,0.0060823594601480645,0.00018795417429094197,0.0004565243006857846,0.04677022525842976,,,,,,,
1966.4916871624732,0.1215308532671464,0.012176446082089778,0.2706281363574709,0.03804706820674975,0.002393156138201787,0.48272598537880945,0.06534127425421339,0.00606788296136142,0.00018762816023684567,0.00045527143801273273,0.04658529249895169,,,,,,,
1969.1175649135246,0.12125469943153895,0.012147659076383597,0.2698878204998502,0.03795565583983636,0.002387299604161717,0.48064142428007073,0.06515679129843524,0.006053440917792106,0.00018730271166720217,0.0004540220136339293,0.046401090976608605,,,,,,,
1971.7469490277124,0.12097917309865115,0.012118940127620475,0.2691495298107008,0.037864463101431045,0.002381457402237476,0.47856586496517367,0.06497282920732297,0.0060390332474339805,0.00018697782760115653,0.0004527760181134909,0.04621761780003778,,,,,,,
1974.3798441871252,0.12070427284261188,0.012090289074903221,0.268413258750079,0.03777348946385146,0.0023756294973554903,0.4764992685616099,0.06478938651027971,0.0060246598684760575,0.00018665350705955448,0.00045153344204142744,0.04603487008930849,,,,,,,
1977.0162550800978,0.12042999724079065,0.012061705757715079,0.26767900179319754,0.03768273440068323,0.0023698158545280273,0.4744415963647392,0.0646064617408611,0.0060103206993020785,0.00018632974906494004,0.0004502942760335748,0.045852844975877965,,,,,,,
1979.6561864012258,0.1201563448737896,0.012033190015918783,0.26694675343038254,0.03759219738677681,0.002364016438852975,0.47239280983706017,0.06442405343676309,0.005996015658490059,0.0001860065526415533,0.0004490585107315221,0.045671539602545774,,,,,,,
1982.299642851379,0.11988331432543552,0.012004741689755584,0.26621650816703035,0.037501877898244156,0.0023582312155136253,0.47035287060748365,0.06424216013980986,0.005981744664811768,0.00018568391681532604,0.0004478261368025399,0.04549095112340872,,,,,,,
1984.9466291376968,0.11961090418277402,0.011976360619844527,0.2654882605235703,0.03741177541245617,0.0023524601497784924,0.468321740470625,0.06406078039594314,0.005967507637232333,0.00018536184061388058,0.00044659714493951294,0.04531107670381698,,,,,,,
1987.5971499736117,0.11933911303606051,0.01194804664718136,0.26476200503541913,0.0373218894080392,0.002346703207001059,0.4662993813860761,0.06387991275520935,0.005953304494909729,0.00018504032306652455,0.000445371525860866,0.04513191352032865,,,,,,,
1990.251210078842,0.11906793947875459,0.011919799613137837,0.2640377362529444,0.03723221936487247,0.0023409603526196236,0.4642857554777053,0.06369955577174934,0.005939135157194364,0.00018471936320425055,0.0004441492703104977,0.044953458760666455,,,,,,,
1992.9088141794168,0.11879738210751113,0.011891619359460641,0.2633154487414192,0.03714276476408464,0.0023352315521570355,0.46228082503293577,0.06351970800378558,0.005924999543628575,0.0001843989600597313,0.00044293036905770667,0.04477570962367245,,,,,,,
1995.5699670076676,0.11852743952217461,0.01186350572827068,0.26259513708098586,0.03705352508805126,0.0023295167712205447,0.46028455250205147,0.06334036801361176,0.005910897573946217,0.00018407911266731748,0.00044171481289712625,0.04459866331926531,,,,,,,
1998.2346733022532,0.11825811032577024,0.011835458562062024,0.2618767958666106,0.03696449982039128,0.0023238159755015393,0.4582969004974817,0.06316153436758022,0.005896829168072159,0.00018375982006303462,0.00044050259264864886,0.044422317068395244,,,,,,,
2000.9029378081518,0.11798939312449841,0.011807477703701203,0.2611604197080477,0.03687568844596453,0.0023181291307753952,0.45631783179311275,0.0629832056360916,0.005882794246121897,0.000183441081284581,0.00043929369915736525,0.04424666810300166,,,,,,,
2003.5747652766854,0.11772128652772582,0.01177956299642614,0.26044600322979444,0.03678709045086834,0.002312456202901216,0.4543473093235791,0.06280538039358219,0.0058687927284009995,0.00018312289537132274,0.0004380881232934851,0.04407171366596844,,,,,,,
2006.2501604655154,0.11745378914797967,0.01175171428384544,0.25973354107105473,0.036698705322434834,0.0023067971578216756,0.45238529618357937,0.06262805721851367,0.005854824535404769,0.00018280526136429338,0.000436885855952278,0.04389745101108178,,,,,,,
2008.9291281386547,0.11718689960093996,0.011723931409937435,0.25902302788569714,0.036610532549228005,0.002301151961562787,0.45043175562718085,0.06245123469336126,0.005840889587817712,0.0001824881783061896,0.00043568688805399814,0.04372387740298652,,,,,,,
2011.6116730664853,0.11692061650543163,0.011696214219049268,0.2583144583422133,0.03652257162104035,0.0022955205802336976,0.4484866510671266,0.06227491140460195,0.0058269878065131024,0.00018217164524136805,0.000434491210543817,0.04355099011714297,,,,,,,
2014.29780002575,0.11665493848341889,0.011668562555896126,0.25760782712368135,0.036434822028890465,0.0022899029800265017,0.44654994607416093,0.06209908594270422,0.005813119112552564,0.00018185566121584385,0.0004332988143917573,0.04337878643978491,,,,,,,
2016.9875137995782,0.11638986415999639,0.011640976265560257,0.2569031289277223,0.03634728326501959,0.0022842991272160203,0.444621604376335,0.06192375690211555,0.005799283427185571,0.00018154022527728557,0.00043210969059262163,0.04320726366787608,,,,,,,
2019.6808191774785,0.11612539216338386,0.01161345519349023,0.25620035846646394,0.036259954822889205,0.0022787089881596157,0.4427015898583395,0.061748922881252465,0.00578548067184908,0.00018122533647501514,0.00043092383016592797,0.043036419109068726,,,,,,,
2022.377720955363,0.11586152112491722,0.011585999185499912,0.25549951046649727,0.03617283619717744,0.00227313252929697,0.44078986656081637,0.06157458248248811,0.005771710768166963,0.00018091099386000197,0.00042974122415583645,0.04286625008166026,,,,,,,
2025.0782239355397,0.11559824967904327,0.011558608087767777,0.25480057966884107,0.036085926883776896,0.002267569717149905,0.43888639867969714,0.061400734312142165,0.00575797363794971,0.00018059719648486295,0.00042856186363109014,0.04269675391455233,,,,,,,
2027.7823329267371,0.11533557646331094,0.011531281746835872,0.2541035608288982,0.035999226379791034,0.0022620205183221604,0.43699115056552057,0.061227376980468755,0.005744269203193835,0.0001802839434038572,0.00042738573968493707,0.04252792794720769,,,,,,,
2030.490052744097,0.11507350011836583,0.01150402000960913,0.2534084487164204,0.03591273418353183,0.0022564848994992117,0.4351040867227767,0.06105450910164614,0.005730597386081571,0.00017997123367288534,0.00042621284343507404,0.042359769529609646,,,,,,,
2033.2013882091992,0.11481201928794157,0.01147682272335433,0.25271523811546487,0.03582644979451639,0.002250962827448054,0.4332251718092305,0.060882129293764915,0.005716958108980317,0.00017965906634948418,0.00042504316602356854,0.04219227602221926,,,,,,,
2035.9163441500532,0.1145511326188545,0.011449689735699438,0.2520239238243595,0.03574037271346452,0.0022454542690170183,0.4313543706352714,0.06071023617881775,0.005703351294442273,0.0001793474404928266,0.00042387669861680276,0.0420254447959351,,,,,,,
2038.6349254011236,0.11429083876099491,0.011422620894632547,0.25133450065565943,0.03565450244229536,0.002239959191135554,0.42949164816324287,0.06053882838268748,0.005689776865203949,0.00017903635516371662,0.00042271343240539655,0.04185927323205085,,,,,,,
2041.3571368033247,0.11403113636732157,0.011395616048501206,0.25064696343611187,0.035568838484124954,0.002234477560814053,0.4276369695067962,0.06036790453513694,0.005676234744185756,0.00017872580942458733,0.00042155335860414835,0.041693758722215105,,,,,,,
2044.0829832040347,0.11377202409385413,0.011368675046011493,0.2499613070066156,0.03548338034326313,0.0022290093451436343,0.42579029993023265,0.06019746326979772,0.005662724854491589,0.00017841580233949865,0.0004203964684519676,0.04152889866839011,,,,,,,
2046.8124694571109,0.11351350059966557,0.011341797736227097,0.2492775262221809,0.03539812752521049,0.0022235545112959457,0.42395160484784894,0.060027503224158674,0.005649247119408299,0.00017810633297413316,0.000419242753211803,0.04136469048281048,,,,,,,
2049.545600422883,0.11325556454687662,0.011314983968568632,0.24859561595189467,0.035313079536656015,0.0022181130265229816,0.42212084982329917,0.05985802303955616,0.005635801462405393,0.000177797400395795,0.0004180922041705859,0.04120113158794363,,,,,,,
2052.282380968181,0.11299821460064727,0.011288233592812636,0.24791557107887713,0.035228235885473594,0.0022126848581568693,0.4202980005689388,0.05968902136116201,0.005622387807134455,0.00017748900367340478,0.0004169448126391541,0.041038219416448134,,,,,,,
2055.022815966323,0.11274144942917148,0.011261546459090848,0.24723738650024848,0.03514359608071983,0.00220726997360969,0.41848302294519335,0.05952049683797378,0.005609006077428851,0.00017718114187749946,0.0004158005699521968,0.0408759514111346,,,,,,,
2057.766910297144,0.11248526770366865,0.011234922417889271,0.24656105712708581,0.0350591596326306,0.002201868340373263,0.4166758829599084,0.05935244812280282,0.005595656197303181,0.0001768738140802272,0.00041465946746817913,0.04071432502492435,,,,,,,
2060.5146688469868,0.11222966809837834,0.011208361320047449,0.24588657788438925,0.034974926052618704,0.0021964799260189736,0.41487654676772356,0.05918487387226468,0.005582338090952925,0.0001765670193553465,0.00041352149656928496,0.04055333772081061,,,,,,,
2063.2660965087266,0.1119746492905519,0.011181863016757476,0.24521394371103986,0.034890894853270626,0.002191104698197555,0.4130849806694279,0.0590177727467673,0.005569051682753962,0.0001762607567782212,0.0004123866486613464,0.04039298697181759,,,,,,,
2066.0211981817647,0.11172020996044707,0.011155427359563347,0.24454314955976555,0.03480706554834418,0.0021857426246389166,0.4113011511113395,0.05885114341050122,0.005555796897262184,0.00017595502542582038,0.0004112549151737826,0.040233270260961795,,,,,,,
2068.779978772053,0.11146634879131968,0.011129054200359935,0.24387419039709934,0.034723437652765095,0.0021803936731519284,0.40952502468466634,0.058684984531428036,0.005542573659213026,0.00017564982437671273,0.00041012628755953177,0.04007418508121165,,,,,,,
2071.542443192084,0.11121306446941838,0.01110274339139235,0.2432070612033456,0.034640010682624886,0.0021750578116242485,0.4077565681248913,0.058519294781270687,0.0055293818935210765,0.00017534515271106648,0.0004090007572949899,0.039915728935448945,,,,,,,
2074.3085963609215,0.11096035568397623,0.011076494785254928,0.24254175697253813,0.03455678415517744,0.0021697350080221115,0.40599574831113855,0.05835407283550176,0.005516221525279609,0.0001750410095106444,0.00040787831587994305,0.03975789933642886,,,,,,,
2077.078443204189,0.11070822112720537,0.011050308234890557,0.24187827271240636,0.03447375758883665,0.0021644252303901486,0.40424253226556234,0.05818931737333394,0.005503092479760214,0.00017473739385880256,0.00040675895483750573,0.03960069380674161,,,,,,,
2079.8519886540885,0.1104566594942896,0.011024183593589795,0.24121660344433649,0.034390930503173496,0.0021591284468512025,0.4024968871527257,0.05802502707770895,0.005489994682412324,0.00017443430484048714,0.0004056426657140576,0.039444109878773316,,,,,,,
2082.629237649414,0.11020566948337703,0.010998120714989979,0.2405567442033322,0.034308302418913084,0.0021538446256061023,0.40075878027898115,0.057861200635286714,0.005476928058862797,0.00017413174154223043,0.00040452944007917437,0.0392881450946668,,,,,,,
2085.4101951355447,0.1099552497955748,0.010972119453074552,0.23989869003798125,0.03422587285793222,0.0021485737349335233,0.39902817909186805,0.05769783673643571,0.005463892534915527,0.00017382970305215064,0.00040341926952557094,0.03913279700628395,,,,,,,
2088.194866064474,0.10970539913494069,0.010946179662172081,0.23924243601041423,0.034143641343256266,0.0021433157431897426,0.39730505117949205,0.057534934075221436,0.0054508880365509785,0.0001735281884599462,0.0004023121456690328,0.038978063175166285,,,,,,,
2090.9832553947977,0.10945611620847806,0.010920301196955601,0.23858797719627142,0.03406160739905677,0.002138070618808502,0.39558936426992863,0.057372491349397085,0.00543791448992581,0.0001732271968568958,0.00040120806014835636,0.0388239411724976,,,,,,,
2093.7753680917426,0.1092073997261275,0.01089448391244166,0.23793530868466206,0.03397977055064828,0.002132838330300766,0.3938810862306083,0.057210507260392104,0.005424971821372407,0.0001729267273358534,0.0004001070046252823,0.03867042857906497,,,,,,,
2096.5712091271557,0.10895924840076182,0.010868727663989617,0.23728442557813126,0.03389813032448611,0.0021276188462545863,0.39218018506772534,0.05704898051330274,0.005412059957398532,0.00017262677899124735,0.0003990089707844362,0.03851752298522163,,,,,,,
2099.3707834795323,0.1087116609481778,0.010843032307300732,0.23663532299261933,0.03381668624816303,0.0021224121353348585,0.3904866289256279,0.056887909816880806,0.005399178824686806,0.0001723273509190755,0.0003979139503332622,0.038365221990848325,,,,,,,
2102.1740961340074,0.10846463608709103,0.010817397698417481,0.23598799605742918,0.03373543785040707,0.0021172181662831857,0.388800386086232,0.056727293883524176,0.0053863283500944145,0.00017202844221690498,0.0003968219350019642,0.03821352320531642,,,,,,,
2104.98115208238,0.10821817253912784,0.01079182369372259,0.2353424399151858,0.033654384661078326,0.0021120369079176498,0.387121424968417,0.056567131429265734,0.005373508460652567,0.00017173005198386736,0.00039573291654343814,0.038062424247449635,,,,,,,
2107.7919563231076,0.10797226902882011,0.010766310149938412,0.23469864972180365,0.03357352621116667,0.0021068683291326513,0.3854497141274446,0.05640742117376392,0.005360719083566201,0.00017143217932065764,0.0003946468867332172,0.03791192274548738,,,,,,,
2110.6065138613294,0.10772692428359722,0.010740856924125937,0.23405662064644644,0.03349286203278859,0.0021017123988987044,0.3837852222543595,0.05624816184029158,0.00534796014621347,0.00017113482332952948,0.00039356383736940064,0.03776201633704681,,,,,,,
2113.424829708863,0.10748213703378079,0.010715463873684154,0.23341634787149448,0.033412391659184935,0.0020965690862622646,0.38212791817541203,0.0560893521557266,0.005335231576145395,0.0001708379831142948,0.0003924837602726007,0.03761270266908637,,,,,,,
2116.246908884217,0.10723790601257752,0.010690130856349183,0.2327778265925067,0.03333211462471794,0.002091438360345537,0.38047777085147055,0.05593099085054141,0.005322533301085431,0.00017054165778031998,0.00039140664728587487,0.03746397939786865,,,,,,,
2119.0727564126087,0.10699422995607204,0.01066485773019341,0.2321410520181835,0.033252030464868444,0.002086320190346282,0.37883474937743616,0.05577307665879233,0.005309865248929035,0.00017024584643452213,0.00039033249027466566,0.03731584418892321,,,,,,,
2121.902377325956,0.10675110760322176,0.010639644353624852,0.2315060193703339,0.03317213871623356,0.0020812145455376577,0.37719882298167284,0.055615608318110486,0.005297227347743323,0.00016995054818536864,0.0003892612811267414,0.037168294717010664,,,,,,,
2124.735776662906,0.10650853769584875,0.010614490585386178,0.2308727238838361,0.03309243891652355,0.0020761213952679917,0.37556996102542123,0.05545858456969065,0.005284619525766556,0.00016965576214287244,0.0003881930117521303,0.03702132866608541,,,,,,,
2127.572959468824,0.10626651897863486,0.010589396284554102,0.23024116080660528,0.03301293060455965,0.0020710407089606494,0.37394813300223445,0.055302004158282146,0.005272041711407854,0.0001693614874185911,0.00038712767408306635,0.036874943729260014,,,,,,,
2130.4139307958217,0.10602505019911354,0.010564361310538414,0.22961132539955442,0.032933613320270845,0.0020659724561137975,0.37233330853739705,0.055145865832177836,0.005259493833246686,0.00016906772312562195,0.0003860652600739198,0.03672913760876829,,,,,,,
2133.2586957027484,0.10578413010766502,0.010539385523081365,0.22898321293656226,0.032854486604691736,0.0020609166063002707,0.3707254573873661,0.054990168343205116,0.005246975820032533,0.0001687744683786021,0.0003850057617011456,0.03658390801592993,,,,,,,
2136.107259255217,0.10554375745750832,0.010514468782256729,0.22835681870443425,0.03277554999995943,0.0020558731291673428,0.3691245494391947,0.054834910446715,0.005234487600684439,0.00016848172229370299,0.0003839491709632133,0.03643925267111387,,,,,,,
2138.959626525595,0.1053039310046962,0.010489610948469136,0.22773213800287084,0.03269680304931131,0.002050841994436589,0.36753055470997786,0.054680090901573046,0.005222029104290645,0.00016818948398863027,0.00038289547988055626,0.03629516930370324,,,,,,,
2141.815802593034,0.1050646495081073,0.010464811882453198,0.2271091661444285,0.03261824529708195,0.0020458231719036584,0.3659434433462814,0.054525708470148544,0.0052096002601081486,0.00016789775258261913,0.00038184468049550234,0.03615165565205894,,,,,,,
2144.675792543457,0.10482591172944121,0.010440071445272828,0.22648789845448836,0.03253987628870099,0.0020408166314381418,0.3643631856235923,0.054371761918305575,0.00519720099756234,0.0001676065271964333,0.00038079676487222104,0.03600870946348502,,,,,,,
2147.5396014695884,0.10458771643321055,0.010415389498320332,0.22586833027121725,0.03246169557068994,0.0020358223429833384,0.3627897519457525,0.05421825001539211,0.005184831246246564,0.00016731580695236045,0.00037975172509665855,0.03586632849419234,,,,,,,
2150.4072344709452,0.10435006238673589,0.010390765903315766,0.22525045694553608,0.032383702690660016,0.0020308402765561243,0.3612231128444128,0.05406517153423111,0.005172490935921748,0.00016702559097421166,0.00037870955327648097,0.03572451050926426,,,,,,,
2153.2786966538547,0.10411294836013882,0.010366200522306104,0.22463427384108348,0.03230589719730941,0.0020258704022467415,0.35966323897847763,0.05391252525111034,0.00516017999651601,0.0001667358783873176,0.00037767024154101514,0.03558325328262108,,,,,,,
2156.153993131469,0.103876373126335,0.010341693217664396,0.22401977633417977,0.032228278640420355,0.0020209126902186233,0.3581101011335519,0.05376030994577218,0.005147898358124213,0.00016644666831852582,0.000376633782041184,0.03544255459698495,,,,,,,
2159.0331290237596,0.10364033546102916,0.01031724385208915,0.22340695981379532,0.032150846570857095,0.002015967110708227,0.356563670221402,0.053608524401404754,0.005135645951007627,0.00016615795989619847,0.00037560016694945564,0.03530241224384561,,,,,,,
2161.916109457543,0.1034048341427072,0.010292852288603391,0.22279581968151244,0.0320736005405627,0.0020110336340248398,0.35502391727940164,0.053457167404631176,0.005123422705593484,0.0001658697522502095,0.0003745693884597751,0.03516282402342507,,,,,,,
2164.8029395664726,0.10316986795263143,0.010268518390554062,0.2221863513514943,0.03199654010255698,0.002006112230550415,0.353490813469999,0.05330623774550089,0.005111228552474624,0.00016558204451194277,0.00037354143878751454,0.035023787744643785,,,,,,,
2167.6936244910657,0.10293543567483276,0.010244242021611094,0.2215785502504472,0.031919664810933446,0.0020012028707393804,0.3519643300801669,0.05315573421747903,0.0050990634224090635,0.0001652948358142876,0.00037251631016940566,0.0348853012250855,,,,,,,
2170.5881693786955,0.10270153609610583,0.010220023045766805,0.22097241181758961,0.03184297422085719,0.0019963055251184746,0.3504444385208749,0.053005655617437655,0.005086927246319641,0.00016500812529163852,0.0003714939948634884,0.03474736229096382,,,,,,,
2173.4865793836175,0.10246816800600139,0.010195861327334972,0.2203679315046144,0.03176646788856179,0.0019914201642865564,0.34893111032654395,0.052856000745645296,0.005074819955293575,0.00016472191207989072,0.0003704744851490474,0.03460996877708718,,,,,,,
2176.3888596669594,0.10223533019682135,0.010171756730950233,0.21976510477565844,0.031690145371347324,0.001986546758914442,0.347424317154523,0.052706768405758206,0.005062741480582147,0.00016443619531643895,0.0003694577733265571,0.03447311852682581,,,,,,,
2179.2950153967518,0.10200302146361115,0.010147709121567193,0.21916392710726484,0.03161400622757723,0.001981685279744713,0.34592403078454886,0.05255795740480987,0.005050691753600207,0.00016415097414017305,0.0003684438517176208,0.03433680939207694,,,,,,,
2182.2050517479174,0.10177124060415478,0.010123718364459751,0.21856439398835212,0.031538050016676186,0.001976835697591561,0.34443022311822546,0.05240956655320237,0.005038670705925895,0.00016386624769147755,0.00036743271266491455,0.03420103923323193,,,,,,,
2185.1189739022902,0.10153998641896804,0.010099784325220337,0.2179665009201791,0.03146227629912748,0.001971997983340595,0.3429428661784946,0.052261594664696445,0.005026678269300182,0.00016358201511222794,0.00036642434853213047,0.03406580591914221,,,,,,,
2188.03678704863,0.10130925771129175,0.010075906869759088,0.2173702434163098,0.0313866846364701,0.0019671721079486696,0.3414619321091081,0.052114040556401696,0.0050147143756264865,0.00016329827554578718,0.0003654187517039139,0.03393110732708571,,,,,,,
2190.958496382616,0.10107905328708683,0.010052085864303223,0.21677561700258288,0.03131127459129681,0.0019623580424437213,0.33998739317411436,0.05196690304876793,0.005002778956970326,0.0001630150281370053,0.0003644159145858124,0.03379694134273407,,,,,,,
2193.884107106875,0.10084937195502673,0.010028321175396137,0.21618261721707446,0.03123604572725104,0.001957555757924579,0.33851922175732985,0.05182018096557477,0.004990871945558881,0.00016273227203221477,0.0003634158296042135,0.03366330586011878,,,,,,,
2196.813624430971,0.10062021252649264,0.01000461266989682,0.21559123961006826,0.031160997609024826,0.0019527652255608072,0.3370573903618305,0.05167387313392325,0.004978993273780678,0.00016245000637922957,0.00036241848920629097,0.03353019878159891,,,,,,,
2199.7470535714333,0.10039157381556589,0.009980960214978948,0.21500147974401868,0.031086129802355852,0.0019479864165925153,0.33560187160942834,0.05152797838422549,0.004967142874185107,0.00016216823032734077,0.00036142388585994447,0.03339761801782725,,,,,,,
2202.6843997517494,0.10016345463902335,0.009957363678130304,0.21441333319352088,0.031011441874025446,0.0019432193023302027,0.33415263824016733,0.051382495550196194,0.004955320679482157,0.00016188694302731607,0.00036043201205374607,0.03326556148771854,,,,,,,
2205.625668202389,0.09993585381632973,0.00993382292715186,0.2138267955452742,0.030936933391855475,0.0019384638541545692,0.3327096631118039,0.05123742346884257,0.004943526622541913,0.00016160614363139563,0.0003594428602968803,0.03313402711841575,,,,,,,
2208.5708641607985,0.09970877016963303,0.009910337830157216,0.2132418623980527,0.030862603924706467,0.0019337200435163603,0.33127291919930757,0.05109276098045572,0.004931760636394289,0.0001613258312932902,0.0003584564231190908,0.0330030128452586,,,,,,,
2211.5199928714255,0.09948220252375697,0.009886908255571689,0.2126585293626682,0.030788453042474562,0.0019289878419361793,0.329842379594346,0.05094850692860069,0.004920022654228553,0.0001610460051681783,0.0003574726930706196,0.03287251661175009,,,,,,,
2214.473059585713,0.09925614970619633,0.009863534072131737,0.21207679206194127,0.030714480316089476,0.0019242672210043315,0.3284180175047897,0.05080466016010796,0.004908312609393014,0.00016076666441270447,0.0003564916627221572,0.03274253636952527,,,,,,,
2217.430069562124,0.09903061054710936,0.009840215148884068,0.21149664613066457,0.030640685317511608,0.0019195581523806392,0.3269998062542018,0.05066121952506346,0.004896630435394594,0.00016048780818497498,0.00035551332466477847,0.03261307007831812,,,,,,,
2220.3910280661376,0.0988055838793132,0.009816951355185044,0.2109180872155734,0.030567067619729965,0.0019148606077942828,0.32558771928134556,0.05051818387680003,0.00488497606589849,0.00016020943564455732,0.00035453767150989466,0.03248411570593024,,,,,,,
2223.3559403702634,0.09858106853827704,0.009793742560699885,0.21034111097531158,0.03049362679675944,0.0019101745590436347,0.3241817301396841,0.050375552071888034,0.004873349434727794,0.0001599315459524766,0.0003535646958891923,0.03235567122819876,,,,,,,
2226.324811754058,0.09835706336211586,0.009770588635401888,0.2097657130803976,0.030420362423638284,0.0019054999779960623,0.32278181249688165,0.050233322970125775,0.004861750475863059,0.0001596541382712129,0.0003525943904545785,0.03222773462896413,,,,,,,
2229.2976475041187,0.09813356719158534,0.00974748944957183,0.20919188921319523,0.03034727407642595,0.001900836836587804,0.32138794013431793,0.05009149543453125,0.004850179123442027,0.00015937721176469908,0.0003516267478781281,0.032100303900039276,,,,,,,
2232.2744529141123,0.09791057887007469,0.009724444873797084,0.20861963506787756,0.03027436133220026,0.0018961851068237507,0.3200000869465886,0.04995006833133216,0.00483863531175914,0.0001591007655983181,0.0003506617608520231,0.0319733770411772,,,,,,,
2235.255233284764,0.09768809724360197,0.009701454778971056,0.2080489463503982,0.030201623769055382,0.0018915447607773278,0.31861822694102476,0.049809040529957715,0.0048271189752652766,0.0001588247989389012,0.00034969942208850485,0.03184695206004047,,,,,,,
2238.2399939238862,0.09746612116080665,0.009678519036292299,0.20747981877845553,0.030129060966098933,0.0018869157705902785,0.3172423342371979,0.049668410903028634,0.00481563004856729,0.0001585493109547237,0.0003487397243198107,0.03172102697216904,,,,,,,
2241.228740146371,0.09724464947294519,0.009655637517263945,0.20691224808146433,0.03005667250344996,0.0018822981084725444,0.31587238306644316,0.04952817832634916,0.004804168466427699,0.00015827430081550464,0.00034778266029812736,0.03159559980095002,,,,,,,
2244.2214772742145,0.09702368103388367,0.00963281009369287,0.20634623000051977,0.029984457962236147,0.0018776917467020514,0.31450834777136893,0.04938834167889714,0.004792734163764269,0.0001579997676924025,0.0003468282227955279,0.031470668577585716,,,,,,,
2247.218210636513,0.09680321470009319,0.009610036637689027,0.2057817602883693,0.02991241692459175,0.0018730966576245888,0.3131502028053841,0.04924889984281586,0.004781327075649692,0.00015772571075801413,0.0003458764046039255,0.03134623134106365,,,,,,,
2250.218945569485,0.09658324933064252,0.009587317021664715,0.2052188347093772,0.029840548973654797,0.001868512813653605,0.3117979227322118,0.04910985170340436,0.004769947137311169,0.00015745212918637046,0.0003449271985350109,0.03122228613812494,,,,,,,
2253.2236874164682,0.09636378378719374,0.009564651118333906,0.20465744903949623,0.029768853693565092,0.001863940187270068,0.3104514822254208,0.04897119614910931,0.004758594284130084,0.00015717902215293627,0.000343980597420206,0.031098831023234356,,,,,,,
2256.232441527942,0.09614481693399488,0.009542038800711429,0.2040975990662325,0.029697330669461373,0.0018593787510222837,0.3091108560679434,0.04883293207151524,0.004747268451641596,0.00015690638883460582,0.00034303659411060204,0.03097586405854913,,,,,,,
2259.245213261525,0.09592634763787518,0.009519479942112385,0.20353928058861695,0.029625979487479272,0.0018548284775257425,0.30777601915160996,0.048695058365336545,0.004735969575534327,0.0001566342284097011,0.0003420951814769115,0.030853383313889093,,,,,,,
2262.262007981989,0.09570837476823887,0.009496974416151377,0.20298248941717234,0.02955479973474879,0.0018502893394629506,0.3064469464766759,0.04855757392840821,0.004724697591649945,0.0001563625400579698,0.0003411563524094132,0.0307313868667062,,,,,,,
2265.282831061277,0.09549089719705861,0.009474522096741744,0.20242722137388075,0.029483790999391725,0.001845761309583258,0.30512361315135,0.048420477661676745,0.004713452435982814,0.00015609132296058177,0.00034022009981789393,0.030609872802053947,,,,,,,
2268.3076878784964,0.09527391379887098,0.00945212285809499,0.20187347229215513,0.0294129528705197,0.0018412443607027174,0.30380599439133593,0.04828376846919215,0.004702234044679655,0.00015582057630012794,0.00033928641663160276,0.030488839212558114,,,,,,,
2271.336583819945,0.09505742345076937,0.009429776574719925,0.20132123801680454,0.029342284938231312,0.001836738465703886,0.30249406551935937,0.0481474452580982,0.004691042354039146,0.0001555502992606159,0.0003383552957991892,0.03036828419838592,,,,,,,
2274.3695242791055,0.09484142503239926,0.009407483121422122,0.20077051440400662,0.02927178679361019,0.0018322435975357044,0.30118780196471423,0.0480115069386247,0.004679877300511598,0.0001552804910274698,0.0003374267302886583,0.030248205867217094,,,,,,,
2277.4065146566704,0.09462591742595136,0.009385242373303048,0.20022129732127275,0.029201458028722246,0.0018277597292132909,0.2998871792627945,0.047875952424077876,0.00466873882069855,0.000155011150787526,0.00033650071308730957,0.030128602334213342,,,,,,,
2280.447560360536,0.09441089951615701,0.009363054205759532,0.19967358264742072,0.029131298236613683,0.0018232868338178235,0.29859217305464375,0.047740780630832466,0.004657626851352475,0.00015474227772903156,0.0003355772372016905,0.030009471721989492,,,,,,,
2283.4926668058274,0.094196370190281,0.009340918494482906,0.1991273662725403,0.029061307011308265,0.0018188248844963333,0.2973027590864914,0.04760599047832235,0.004646541329376327,0.00015447387104164134,0.00033465629565753954,0.02989081216058337,,,,,,,
2286.5418394148924,0.09398232833811737,0.009318835115458463,0.19858264409796575,0.02899148394780537,0.0018143738544615885,0.2960189132093058,0.04747158088903254,0.004635482191823292,0.00015420592991641644,0.00033373788149973607,0.02977262178742707,,,,,,,
2289.595083617329,0.09376877285198218,0.009296803944964611,0.19803941203624184,0.028921828642077235,0.001809933716991889,0.2947406113783348,0.047337550788489995,0.004624449375896319,0.00015393845354581996,0.0003328219877922457,0.02965489874731711,,,,,,,
2292.652404849974,0.09355570262670915,0.00927482485957233,0.19749766601109633,0.02885234069106699,0.0018055044454309496,0.29346782965266255,0.047203899105255645,0.00461344281894787,0.00015367144112371685,0.00033190860761806996,0.029537641192385913,,,,,,,
2295.713808556937,0.0933431165596425,0.009252897736144327,0.1969574019574062,0.028783019692685985,0.0018010860131876974,0.29220054419475383,0.04707062477091512,0.004602462458479475,0.0001534048918453695,0.00033099773407919205,0.029420847282072202,,,,,,,
2298.7793001895866,0.09313101355063264,0.009231022451834487,0.19641861582117,0.028713865245811758,0.0017966783937361501,0.2909387312700142,0.0469377267200709,0.004591508232141434,0.00015313880490743683,0.0003300893602965261,0.029304515183092614,,,,,,,
2301.848885206572,0.09291939250202974,0.009209198884087118,0.19588130355947622,0.028644876950285628,0.001792281560615234,0.2896823672463425,0.04680520389033346,0.004580580077732447,0.00015287317950797065,0.00032918347940986644,0.029188643069412764,,,,,,,
2304.9225690738394,0.09270825231867774,0.009187426910636214,0.19534546114047158,0.02857605440691016,0.0017878954874286264,0.28843142859368553,0.04667305522231248,0.004569677933199236,0.00015260801484641388,0.00032828008457783103,0.02907322912221827,,,,,,,
2308.0003572646233,0.0924975919079097,0.009165706409504898,0.1948110845433339,0.028507397217447227,0.001783520147844609,0.28718589188360405,0.04654127965960913,0.004558801736636254,0.00015234331012359856,0.00032737916897781583,0.028958271529886774,,,,,,,
2311.0822552594755,0.09228741017954091,0.009144037259004593,0.1942781697582385,0.028438904984615335,0.0017791555155958953,0.28594573378882615,0.04640987614880678,0.004547951426285241,0.00015207906454174186,0.00032648072580593855,0.02884376848795892,,,,,,,
2314.1682685462583,0.09207770604586456,0.009122419337734486,0.19374671278633124,0.02837057731208772,0.001774801564479488,0.2847109310828184,0.04627884363946342,0.004537126940534986,0.0001518152773044459,0.00032558474827699063,0.028729718199110587,,,,,,,
2317.2584026201703,0.09186847842164467,0.009100852524580698,0.1932167096396956,0.028302413804489578,0.0017704582683565056,0.2834814606393427,0.04614818108410236,0.004526328217920856,0.00015155194761669327,0.00032469122962438304,0.028616118873124118,,,,,,,
2320.352662983738,0.09165972622411198,0.00907933669871576,0.19268815634132563,0.028234414067396303,0.0017661256011520417,0.28225729943203126,0.046017887438204785,0.004515555197124567,0.00015128907468484648,0.0003238001631000981,0.028502968726860794,,,,,,,
2323.4510551468466,0.09145144837295696,0.009057871739597781,0.19216104892509323,0.028166577707330703,0.0017618035368549927,0.28103842453394734,0.04588796166020055,0.004504807816973734,0.0001510266577166434,0.0003229115419746357,0.02839026598423226,,,,,,,
2326.5535846267276,0.09124364379032548,0.009036457526969926,0.19163538343572128,0.02809890433176116,0.0017574920495179167,0.27982481311716373,0.04575840271146064,0.004494086016441593,0.00015076469592119728,0.00032202535953696534,0.02827800887617322,,,,,,,
2329.66025694799,0.09103631140081193,0.009015093940859588,0.19111115592875103,0.02803139354909896,0.0017531911132568619,0.27861644245232764,0.045629209556288075,0.004483389734646611,0.0001505031885089926,0.00032114160909447147,0.0281661956406131,,,,,,,
2332.771077642613,0.09082945013145488,0.008993780861577856,0.190588362470515,0.0279640449686964,0.0017489007022512299,0.27741328990824127,0.04550038116191035,0.004472718910852165,0.00015024213469188322,0.00032026028397290834,0.028054824522448923,,,,,,,
2335.8860522499617,0.09062305891173092,0.008972518169718773,0.19006699913810676,0.027896858200844313,0.0017446207907436055,0.2762153329514357,0.04537191649847087,0.00446207348446621,0.00014998153368309054,0.00031938137751634537,0.027943893773517477,,,,,,,
2339.005186316806,0.0904171366735488,0.008951305746158626,0.18954706201934957,0.027829832856769734,0.001740351353039603,0.27502254914574537,0.04524381453902036,0.004451453395040867,0.0001497213846972001,0.00031850488308711743,0.027833401652567702,,,,,,,
2342.1284853973125,0.09021168235124485,0.008930143472055396,0.18902854721277054,0.027762968548633936,0.001736092363507724,0.27383491615189515,0.04511607425950947,0.0044408585822721825,0.00014946168695016053,0.00031763079406577695,0.02772334642523386,,,,,,,
2345.2559550530746,0.09000669488157627,0.008909031228847984,0.18851145082756776,0.027696264889529844,0.0017318437965791874,0.27265241172707394,0.044988694638779705,0.004430288985999688,0.00014920243965927928,0.000316759103851041,0.027613726364007732,,,,,,,
2348.3876008531015,0.08980217320371689,0.008887968898255598,0.1879957689835843,0.027629721493480187,0.001727605626747792,0.27147501372452576,0.044861674658556096,0.00441974454620613,0.00014894364204322253,0.0003158898058597445,0.027504539748212067,,,,,,,
2351.523428373849,0.08959811625925046,0.008866956362277072,0.18748149781127607,0.02756333797543479,0.0017233778285697479,0.2703027000931275,0.0447350133034382,0.004409225203017082,0.00014868529332201115,0.0003150228935267865,0.027395784863973014,,,,,,,
2354.6634431992097,0.08939452299216635,0.008845993503190248,0.18696863345168588,0.027497113951268855,0.0017191603766635384,0.26913544887698354,0.044608709560892884,0.0043987308967006365,0.000148427392717019,0.0003141583603050862,0.02728746000419378,,,,,,,
2357.8076509205416,0.08919139234885294,0.008825080203551218,0.1864571720564113,0.027431049037780285,0.0017149532457097535,0.2679732382150066,0.04448276242124535,0.004388261567667042,0.00014816993945097038,0.0003132961996655267,0.027179563468527256,,,,,,,
2360.956057136659,0.08898872327809326,0.008804216346193803,0.18594710978757892,0.027365142852687832,0.0017107564104509516,0.2668160463405165,0.0443571708776719,0.004377817156468388,0.0001479129327479384,0.000312436405096913,0.027072093563349962,,,,,,,
2364.1086674538637,0.08878651473105842,0.008783401814228752,0.18543844281781252,0.02729939501462855,0.0017065698456914947,0.2656638515808243,0.04423193392619108,0.004367397603798234,0.000147656371833341,0.00031157897010591543,0.026965048601734754,,,,,,,
2367.265487485932,0.08858476566130338,0.008762636491043226,0.18493116733020734,0.027233805143155983,0.0017023935262974101,0.26451663235683437,0.04410705056565646,0.004357002850491331,0.00014740025593394068,0.0003107238882170278,0.026858426903425096,,,,,,,
2370.426522854147,0.08838347502476039,0.00874192026030001,0.18442527951829843,0.027168372858737473,0.0016982274271962262,0.2633743671826327,0.04398251979774778,0.004346632837523195,0.00014714458427784048,0.0003098711529725118,0.026752226794807925,,,,,,,
2373.5917791872907,0.08818264177973453,0.008721253005936978,0.18392077558603478,0.027103097782752456,0.0016940715233768322,0.26223703466509063,0.043858340626963754,0.004336287506009873,0.00014688935609448285,0.0003090207579323532,0.02664644660888806,,,,,,,
2376.761262121661,0.08798226488689795,0.008700634612166394,0.1834176517477496,0.027037979537489987,0.0016899257898893314,0.261104613503462,0.04373451206061375,0.004325966797207543,0.0001466345706146464,0.00030817269667421225,0.026541084685261677,,,,,,,
2379.9349773010886,0.08778234330928392,0.008680064963474213,0.18291590422813084,0.0269730177461465,0.0016857902018448674,0.2599770824889809,0.04361103310880961,0.004315670652512184,0.00014638022707044393,0.0003073269627933714,0.026436139370090126,,,,,,,
2383.1129303769326,0.08758287601228268,0.008659543944619546,0.1824155292621955,0.02690821203282394,0.0016816647344155126,0.2588544205044714,0.04348790278445836,0.004305399013459281,0.00014612632469532082,0.0003064835499026936,0.026331609016074415,,,,,,,
2386.2951270081066,0.08738386196363483,0.008639071440633887,0.18191652309525838,0.02684356202252718,0.001677549362834077,0.2577366065239442,0.043365120103253565,0.004295151821723445,0.00014587286272405101,0.00030564245163256654,0.026227491982428807,,,,,,,
2389.481572861071,0.08718530013342708,0.008618647336820603,0.1814188819829069,0.02677906734116225,0.0016734440623940024,0.25662361961221064,0.04324268408366827,0.00428492901911814,0.00014561984039273684,0.00030480366163086205,0.026123786634855668,,,,,,,
2392.6722736098636,0.08698718949408592,0.008598271518754147,0.18092260219096998,0.026714727615533812,0.0016693488084491715,0.25551543892448286,0.04312059374694635,0.00427473054759527,0.00014536725693880482,0.0003039671735628809,0.026020491345519134,,,,,,,
2395.8672349360877,0.0867895290203733,0.008577943872279566,0.18042767999549303,0.026650542473343336,0.0016652635764137997,0.2544120437059911,0.042998848117095444,0.004264556349244954,0.000145115111601005,0.00030313298111131194,0.025917604493020285,,,,,,,
2399.0664625289437,0.08659231768938021,0.008557664283511717,0.17993411168270704,0.026586511543186607,0.0016611883417622555,0.2533134132915874,0.04287744622087844,0.004254406366295086,0.00014486340361940676,0.0003023010779761778,0.02581512446237096,,,,,,,
2402.2699620852186,0.08639555448052262,0.008537432638834767,0.17944189354900364,0.02652263445455195,0.0016571230800289346,0.2522195271053661,0.04275638708780635,0.00424428054111111,0.00014461213223539867,0.00030147145787479276,0.025713049644969142,,,,,,,
2405.4777393093173,0.08619923837553499,0.008517248824901421,0.17895102190090437,0.02645891083781769,0.0016530677668080984,0.251130364660271,0.04263566975012993,0.004234178816195611,0.00014436129669168462,0.00030064411454171143,0.025611378438572977,,,,,,,
2408.6897999132507,0.08600336835846618,0.008497112728632421,0.17846149305503603,0.026395340324250376,0.001649022377753741,0.25004590555771894,0.04251529324283259,0.0042241011341880436,0.00014411089623228205,0.00029981904172868436,0.025510109247276345,,,,,,,
2411.906149616668,0.0858079434156729,0.00847702423721578,0.1779733033380999,0.02633192254600232,0.001644986888579429,0.24896612948721075,0.042395256603622006,0.004214047437864368,0.00014386093010251966,0.0002989962332046082,0.025409240481483096,,,,,,,
2415.126794146847,0.0856129625358157,0.008456983238106265,0.17748644908684683,0.02626865713610975,0.0016409612750581664,0.24789101622595694,0.042275558872923016,0.004204017670136752,0.00014361139754903542,0.0002981756827554805,0.025308770557882724,,,,,,,
2418.351739238715,0.08541842470985313,0.00843698961902472,0.17700092664804865,0.02620554372849059,0.0016369455130222517,0.24682054563849612,0.04215619909386973,0.004194011774053251,0.00014336229781977417,0.00029735738418435343,0.025208697899425238,,,,,,,
2421.580990634863,0.08522432893103621,0.00841704326795738,0.17651673237846974,0.02614258195794216,0.001632939578363111,0.2457546976763159,0.04203717631229751,0.004184029692797431,0.00014311363016398433,0.00029654133131128314,0.02510902093529615,,,,,,,
2424.814554085542,0.08503067419490414,0.008397144073155366,0.1760338626448421,0.026079771460139407,0.0016289434470311876,0.24469345237748258,0.041918489576736113,0.004174071369688135,0.00014286539383221762,0.000295727517973288,0.025009738100892437,,,,,,,
2428.05243534869,0.08483745949927789,0.008377291923133929,0.17555231382383535,0.026017111871632435,0.0016249570950357599,0.2436367898662612,0.041800137938401274,0.00416413674817906,0.00014261758807632504,0.00029491593802429824,0.02491084783779728,,,,,,,
2431.2946401899235,0.08464468384425634,0.008357486706671946,0.17507208230203222,0.025954602829844742,0.001620980498444836,0.24258469035274974,0.041682120451187875,0.004154225771858537,0.00014237021214945548,0.00029410658533511244,0.02481234859375629,,,,,,,
2434.5411743825684,0.08445234623220989,0.008337728312811177,0.17459316447589876,0.025892243973070786,0.0016170136333849704,0.24153713413250172,0.04156443617166159,0.004144338384449126,0.0001421232653060531,0.00029329945379334845,0.024714238822652456,,,,,,,
2437.7920437076505,0.08426044566777632,0.008318016630855761,0.17411555675176005,0.025830034940474263,0.0016130564760411608,0.24049410158616397,0.04144708415905218,0.004134474529807352,0.00014187674680185588,0.00029249453730340004,0.024616516984482577,,,,,,,
2441.0472539539237,0.08406898115785472,0.008298351550371496,0.1736392555457704,0.025767975372085614,0.001609109002656665,0.2394555731791025,0.0413300634752452,0.004124634151923349,0.00014163065589389167,0.000291691829786388,0.024519181545332374,,,,,,,
2444.3068109178625,0.08387795171160128,0.008278732961185307,0.1731642572838894,0.025706064908800327,0.0016051711895328986,0.23842152946104317,0.04121337318477516,0.004114817194920579,0.00014138499184047812,0.0002908913251801174,0.024422230977353115,,,,,,,
2447.570720403691,0.08368735634042308,0.008259160753384528,0.1726905584018521,0.025644303192376514,0.0016012430130292515,0.237391951065701,0.041097012354817435,0.004105023603055473,0.00014113975390121856,0.0002900930174390277,0.02432566375873699,,,,,,,
2450.8389882233746,0.0834971940579742,0.008239634817316408,0.17221815534514517,0.02558268986543317,0.001597324449562988,0.23636681871042386,0.04098098005518146,0.004095253320717156,0.00014089494133700137,0.0002892969005341527,0.024229478373693786,,,,,,,
2454.111620196649,0.08330746388014947,0.008220155043587366,0.17174704456897744,0.025521224571447752,0.0015934154756090636,0.23534611319582485,0.04086527535830255,0.00408550629242709,0.0001406505534099959,0.0002885029684530682,0.024133673312426582,,,,,,,
2457.3886221510124,0.08311816482508019,0.008200721323062496,0.17127722253825572,0.02545990695475448,0.0015895160677000207,0.23432981540542855,0.04074989733923519,0.004075782462838805,0.00014040658938365214,0.00028771121519985334,0.024038247071108472,,,,,,,
2460.6699999217462,0.0829292959131289,0.0081813335468649,0.17080868572755722,0.02539873666054205,0.001585626202425825,0.23331790630531019,0.04063484507564533,0.004066081776737548,0.0001401630485226977,0.0002869216347950407,0.02394319815185884,,,,,,,
2463.955759351931,0.08274085616688362,0.008161991606375036,0.1703414306211021,0.025337713334851512,0.001581745856433728,0.23231036694373733,0.04052011764780275,0.004056404179039971,0.00013991993009313466,0.00028613422127557226,0.02384852506271952,,,,,,,
2467.2459062924395,0.08255284461115392,0.00814269539323022,0.16987545371272947,0.02527683662457456,0.0015778750064281367,0.23130717845081986,0.04040571413857433,0.004046749614793848,0.00013967723336223923,0.00028534896869475613,0.023754226317632,,,,,,,
2470.5404466019663,0.08236526027296481,0.008123444799323887,0.1694107515058683,0.025216106177451014,0.0015740136291704598,0.23030832203815085,0.04029163363341597,0.004037118029177727,0.0001394349575985579,0.0002845658711222179,0.023660300436413404,,,,,,,
2473.8393861470204,0.08217810218155265,0.008104239716805121,0.168947320513514,0.025155521642067292,0.0015701617014789832,0.2293137789984605,0.04017787522036607,0.00402750936750065,0.00013919310207190658,0.0002837849226438613,0.023566745944733937,,,,,,,
2477.1427308019533,0.08199136936835918,0.008085080038077917,0.16848515725819938,0.025095082667853912,0.0015663192002287158,0.2283235307052599,0.04006443799003748,0.0040179235752018086,0.0001389516660533667,0.000283006117361817,0.023473561374093108,,,,,,,
2480.450486448952,0.08180506086702753,0.008065965655800703,0.16802425827197162,0.025034788905083847,0.0015624861023512647,0.22733755861249802,0.03995132103561091,0.0040083605978502865,0.00013871064881528506,0.000282229449394405,0.02338074526179724,,,,,,,
2483.762658978066,0.08161917571339604,0.008046896462885623,0.16756462009636305,0.024974640004870156,0.0015586623848346834,0.22635584425420846,0.03983852345282709,0.003998820381144671,0.00013847004963127,0.00028145491287608315,0.02328829615093601,,,,,,,
2487.079254287202,0.08143371294549452,0.008027872352498052,0.16710623928236826,0.024914635619164346,0.001554848024723347,0.22537836924416974,0.03972604433998004,0.003989302870912841,0.00013822986777618998,0.0002806825019574099,0.023196212590360057,,,,,,,
2490.4002782821512,0.08124867160353817,0.008008893218055875,0.16664911239041535,0.0248547754007539,0.0015510429991177992,0.2244051152755546,0.03961388279790939,0.003979808013111562,0.0001379901025261711,0.00027991221080499314,0.02310449313465773,,,,,,,
2493.7257368765804,0.08106405072992358,0.007989958953229018,0.16619323599034294,0.024795059003260782,0.0015472472851746366,0.22343606412059358,0.039502037929993745,0.003970335753826267,0.00013775075315859554,0.00027914403360145316,0.023013136344132868,,,,,,,
2497.0556359920643,0.08087984936922273,0.007971069451938727,0.16573860666137166,0.024735486081138933,0.0015434608601063403,0.2224711976302272,0.03939050884214287,0.0039608860392706825,0.000137511818952098,0.0002783779645453719,0.022922140784781747,,,,,,,
2500.389981558076,0.08069606656817906,0.007952224608357077,0.1652852209920808,0.02467605628967265,0.0015396837011811728,0.2215104977337718,0.03927929464279114,0.003951458815786563,0.00013727329918656524,0.0002776139978512542,0.022831505028270947,,,,,,,
2503.7287795120073,0.08051270137570207,0.007933424316906341,0.16483307558038177,0.024616769284974468,0.0015359157857230197,0.22055394643857815,0.039168394442890164,0.003942054029843376,0.00013703519314313287,0.00027685212774948326,0.02274122765191482,,,,,,,
2507.0720357991845,0.08032975284286208,0.007914668472258345,0.16438216703349157,0.024557624723983006,0.0015321570911112563,0.21960152582969303,0.03905780735590137,0.00393267162803798,0.00013679750010418308,0.0002760923484862731,0.02265130723865291,,,,,,,
2510.419756372864,0.08014722002288614,0.007895956969333989,0.16393249196790965,0.02449862226446129,0.0015284075947806215,0.21865321806952828,0.03894753249778961,0.003923311557094368,0.0001365602193533434,0.00027533465432363175,0.022561742377028147,,,,,,,
2513.771947194261,0.07996510197115204,0.007877289703302535,0.16348404700938982,0.024439761564994462,0.0015246672742210696,0.21770900539752122,0.03883756898701533,0.00391397376386329,0.00013632335017548308,0.0002745790395393108,0.02247253166116425,,,,,,,
2517.128614232541,0.07978339774518468,0.007858666569581143,0.16303682879291767,0.02438104228498809,0.0015209361069776477,0.21676887012980758,0.03872791594452827,0.0039046581953220446,0.00013608689185671277,0.0002738254984267691,0.022383673690744087,,,,,,,
2520.48976346485,0.07960210640464999,0.007840087463834163,0.1625908339626826,0.024322464084665908,0.0015172140706503487,0.21583279465888483,0.03861857249375965,0.0038953647985740807,0.00013585084368438036,0.0002730740252951231,0.022295167070987255,,,,,,,
2523.855400876306,0.07942122701135107,0.007821552281972668,0.16214605917205524,0.024264026625068196,0.0015135011428939887,0.2149007614532877,0.038509537760615956,0.003886093520848788,0.00013561520494707082,0.00027232461446910933,0.022207010412628642,,,,,,,
2527.2255324600274,0.07924075862922243,0.0078030609201537576,0.1617025010835599,0.024205729568049384,0.0015097973014180607,0.2139727530572547,0.038400810873471254,0.003876844309501123,0.00013537997493460243,0.00027157726028903794,0.022119202331896157,,,,,,,
2530.600164217127,0.07906070032432613,0.00778461327478008,0.16126015636885194,0.024147572576276574,0.0015061025239866137,0.21304875209040633,0.038292390963160824,0.0038676171120113623,0.00013514515293802594,0.0002708319571107521,0.022031741450489466,,,,,,,
2533.9793021567402,0.07888105116484577,0.007766209242499177,0.1608190217086902,0.02408955531322715,0.001502416788418106,0.21212874124741438,0.03818427716297363,0.0038584118759847665,0.00013491073824962088,0.0002700886993055837,0.021944626395557894,,,,,,,
2537.3629522960196,0.07870181022108282,0.007747848720202929,0.16037909379291457,0.02403167744318714,0.0014987400725852821,0.2112127032976824,0.038076468608645934,0.0038492285491513083,0.00013467673016289518,0.000269347481260312,0.021857855799679325,,,,,,,
2540.7511206601507,0.07852297656545126,0.0077295316050270055,0.1599403693204199,0.023973938631249202,0.0014950723544150417,0.21030062108502098,0.03796896443835407,0.0038400670793653836,0.00013444312797258217,0.00026860829737712215,0.02177142830083848,,,,,,,
2544.1438132823746,0.07834454927247243,0.007711257794350238,0.1595028449991305,0.023916338543310493,0.001491413611888287,0.20939247752732457,0.03786176379270747,0.003830927414605458,0.00013420993097463767,0.00026787114207355885,0.02168534254240544,,,,,,,
2547.541036203977,0.0781665274187712,0.00769302718579408,0.15906651754597756,0.02385887684607105,0.001487763823039824,0.20848825561625606,0.037754865814742224,0.0038218095029738577,0.00013397713846623974,0.0002671360097824903,0.02159959717311471,,,,,,,
2550.9427954743205,0.07798891008306996,0.007674839677222014,0.1586313836868719,0.023801553207031565,0.001484122965958193,0.20758793841692302,0.03764826964991365,0.003812713292696397,0.00013374474974578473,0.00026640289495205994,0.021514190847043577,,,,,,,
2554.3490971508363,0.07781169634618516,0.007656695166739022,0.15819744015668222,0.02374436729449173,0.0014804910187855745,0.20669150906756578,0.03754197444609009,0.003803638732122136,0.00013351276411288667,0.00026567179204564943,0.021429122223591415,,,,,,,
2557.759947299054,0.07763488529102136,0.007638593552690924,0.15776468369920768,0.02368731877754803,0.0014768679597176218,0.20579895077923638,0.0374359793535454,0.003794585769723054,0.0001332811808683735,0.00026494269554183376,0.02134438996745822,,,,,,,
2561.175351992592,0.07745847600256753,0.007620534733663933,0.1573331110671563,0.023630407326092166,0.0014732537670033635,0.20491024683548933,0.037330283524952934,0.003785554354093785,0.00013304999931428675,0.0002642155999343415,0.02125999274862406,,,,,,,
2564.5953173131893,0.0772824675678913,0.007602518608483956,0.15690271902211794,0.023573632610808783,0.0014696484189450462,0.20402538059206346,0.03722488611537799,0.0037765444339512974,0.0001328192187538781,0.00026349049973201143,0.021175929242327782,,,,,,,
2568.019849350696,0.0771068590761353,0.00758454507621615,0.15647350433454252,0.0235169943031739,0.0014660518938980217,0.20314433547657518,0.03711978628227178,0.0037675559581346325,0.00013258883849160828,0.0002627673894587533,0.021092198129046686,,,,,,,
2571.448954203104,0.07693164961851132,0.007566614036164241,0.15604546378371328,0.023460492075452696,0.0014624641702706057,0.20226709498820314,0.03701498318546403,0.0037585888756045795,0.00013235885783314359,0.00026204626365350294,0.021008798094475267,,,,,,,
2574.8826379765374,0.07675683828829671,0.007548725387870074,0.15561859415772517,0.02340412560069793,0.001458885226523958,0.20139364269738413,0.03691047598715686,0.0037496431354434355,0.00013212927608535573,0.0002613271168701863,0.020925727829505168,,,,,,,
2578.3209067852845,0.07658242418082871,0.007530879031112934,0.15519289225345817,0.023347894552747724,0.001455315041171943,0.20052396224550045,0.03680626385191754,0.0037407186868546436,0.0001319000925563176,0.00026060994367767205,0.020842986030204055,,,,,,,
2581.7637667517906,0.07640840639350055,0.007513074865909087,0.15476835487655552,0.023291798606223983,0.001451753592781009,0.1996580373445778,0.0367023459466723,0.0037318154791625858,0.00013167130655530307,0.00025989473865973645,0.020760571397795656,,,,,,,
2585.2112240066754,0.07623478402575648,0.00749531279251118,0.15434497884139872,0.02323583743653034,0.0014482008599700621,0.19879585177697862,0.03659872144069945,0.0037229334618122394,0.00013144291739278398,0.00025918149641501867,0.02067848263863912,,,,,,,
2588.663284688754,0.07606155617908662,0.0074775927114076254,0.15392276097108276,0.0231800107198502,0.0014446568214103175,0.19793738939509606,0.0364953895056225,0.0037140725843689006,0.00013121492438042777,0.0002584702115569806,0.02059671846420858,,,,,,,
2592.119954945027,0.07588872195702337,0.007459914523322165,0.15350169809739453,0.023124318133145135,0.001441121455825204,0.19708263412105623,0.0363923493154041,0.003705232796517918,0.0001309873268310965,0.0002577608787138678,0.020515277591073317,,,,,,,
2595.581240930715,0.07571628046513561,0.00744227812921318,0.15308178706078637,0.023068759354152684,0.001437594741990201,0.19623156994641208,0.036289600046338785,0.0036964140480643753,0.00013076012405884314,0.00025705349252866654,0.02043415874087717,,,,,,,
2599.0471488092453,0.07554423081102518,0.007424683430273263,0.15266302471035495,0.02301333406138484,0.0014340766587327457,0.19538418093184845,0.03618714087704704,0.0036876162889328537,0.00013053331537891158,0.00025634804765906625,0.020353360640318893,,,,,,,
2602.517684752288,0.07537257210432112,0.007407130327928541,0.15224540790381516,0.022958041934125834,0.0014305671849320718,0.19454045120687863,0.03608497098846811,0.003678839469167076,0.0001303069001077323,0.00025564453877741517,0.020272882021131755,,,,,,,
2605.9928549397423,0.07520130345667624,0.007389618723838247,0.15182893350747906,0.0229028826524306,0.0014270662995191168,0.19370036496955206,0.03598308956385408,0.003670083538929711,0.00013008087756292248,0.00025494296057068547,0.02019272162006408,,,,,,,
2609.472665559771,0.07503042398176141,0.007372148519894046,0.15141359839622975,0.02284785589712263,0.001423573981476361,0.19286390648615356,0.035881495788762645,0.0036613484485019986,0.0001298552470632822,0.000254243307740427,0.020112878178858904,,,,,,,
2612.957122808788,0.07485993279526199,0.007354719618219605,0.1509993994535005,0.02279296134979243,0.0014200902098377368,0.19203106009091334,0.03578018885105136,0.0036526341482835552,0.0001296300079287938,0.0002535455750027335,0.020033350444234786,,,,,,,
2616.4462328914933,0.0746898290148723,0.007337331921169928,0.15058633357124881,0.02273819869279536,0.0014166149636884666,0.19120181018570898,0.03567916794087043,0.003643940588792019,0.00012940515948061814,0.0002528497570881966,0.019954137167865562,,,,,,,
2619.9400020208614,0.07452011176029198,0.007319985331330927,0.15017439764993568,0.022683567609250128,0.0014131482221649732,0.19037614123977792,0.035578432250656856,0.00363526772066282,0.00012918070104109462,0.00025215584874187187,0.019875237106361323,,,,,,,
2623.438436418173,0.07435078015322044,0.007302679751518754,0.14976358859849975,0.022629067783036617,0.0014096899644547199,0.18955403778942193,0.03547798097512743,0.0036266154946488637,0.00012895663193373728,0.00025146384472323375,0.019796649021248326,,,,,,,
2626.9415423130085,0.07418183331735331,0.007285415084779364,0.14935390333433635,0.022574698898794324,0.0014062401697961158,0.18873548443772153,0.035377813311272745,0.0036179838616202764,0.00012873295148323413,0.00025077373980613994,0.01971837167895006,,,,,,,
2630.4493259432666,0.07401327037837735,0.007268191234387928,0.14894533878327346,0.022520460641920485,0.001402798817478373,0.1879204658542462,0.03527792845835063,0.003609372772564131,0.00012850965901544412,0.00025008552877879125,0.019640403850767627,,,,,,,
2633.961793555184,0.07384509046396573,0.007251008103848243,0.1485378918795476,0.022466352698568018,0.0013993658868413838,0.18710896677476488,0.03517832561787944,0.0036007821785841196,0.0001282867538573956,0.00024939920644368894,0.019562744312860342,,,,,,,
2637.478951403327,0.07367729270377427,0.007233865596892298,0.14813155956578317,0.022412374755644112,0.0013959413572756055,0.18630097200096482,0.03507900399363227,0.0035922120309003535,0.0001280642353372846,0.00024871476761760113,0.019485391846226902,,,,,,,
2641.000805750624,0.07350987622943589,0.007216763617479616,0.14772633879296676,0.022358526500808017,0.001392525208221926,0.18549646640016174,0.03497996279162997,0.0035836622808490012,0.00012784210278447164,0.00024803220713151753,0.01940834523668576,,,,,,,
2644.5273628683562,0.0733428401745573,0.007199702069796826,0.14732222652042706,0.02230480762246956,0.0013891174191715502,0.18469543490502166,0.0348812012201354,0.003575132879882096,0.00012762035552948134,0.0002473515198306163,0.01933160327485661,,,,,,,
2648.05862903619,0.07317618367471337,0.007182680858257044,0.1469192197158094,0.022251217809787057,0.0013857179696658672,0.18389786251327336,0.03478271848964643,0.0035666237795671882,0.0001273989929039989,0.0002466727005742194,0.01925516475614083,,,,,,,
2651.5946105421654,0.0730099058674437,0.007165699887499376,0.1465173153550554,0.022197756752665828,0.001382326839296338,0.18310373428743265,0.03468451381289036,0.003558134931587121,0.00012717801424086942,0.00024599574423575944,0.01917902848070315,,,,,,,
2655.13531368273,0.07284400589224717,0.007148759062388371,0.14611651042237803,0.022144424141756023,0.0013789440077043617,0.18231303535451765,0.034586586404816926,0.003549666287739721,0.00012695741887409426,0.0002453206457027356,0.019103193253452267,,,,,,,
2658.680744762729,0.07267848289057846,0.007131858288013519,0.14571680191024122,0.022091219668451255,0.0013755694545811645,0.18152575090577497,0.034488935482592666,0.003541217799937554,0.00012673720613883108,0.0002446473998766794,0.0190276578840226,,,,,,,
2662.2309100954362,0.07251333600584257,0.007114997469688643,0.14531818681933492,0.022038143024886415,0.0013722031596676652,0.18074186619639776,0.034391560265594034,0.0035327894202076236,0.0001265173753713896,0.00024397600167311311,0.018952421186755136,,,,,,,
2665.7858160025457,0.07234856438339149,0.007098176512951478,0.1449206621585552,0.021985193903936225,0.0013688451027543721,0.17996136654525402,0.034294459975401814,0.003524381100691128,0.00012629792590923173,0.00024330644602151363,0.018877481980679237,,,,,,,
2669.3454688142037,0.07218416717051875,0.007081395323563023,0.144524224944979,0.021932371999213152,0.0013654952636812346,0.17918423733460734,0.034197633835794196,0.003515992793643154,0.0001260788570909679,0.00024263872786527209,0.018802839089493716,,,,,,,
2672.9098748690008,0.07202014351645578,0.0070646538075071165,0.14412887220384427,0.021879677005065948,0.0013621536223375518,0.17841046400984673,0.03410108107274123,0.0035076244514324474,0.00012586016825635613,0.00024197284216165727,0.018728491341548702,,,,,,,
2676.4790405139906,0.07185649257236727,0.007047951870989868,0.14373460096852647,0.021827108616577672,0.0013588201586618323,0.1776400320792128,0.03400480091439828,0.0034992760265411095,0.0001256418587462998,0.000241308783881778,0.018654437569827143,,,,,,,
2680.0529721047124,0.07169321349134627,0.0070312894204390824,0.14334140828051553,0.021774666529563905,0.001355494852641676,0.17687292711352415,0.03390879259109976,0.00349094747156433,0.00012542392790284475,0.00024064654801054185,0.018580676611926243,,,,,,,
2683.631676005179,0.07153030542841081,0.0070146663625038465,0.14294929118939573,0.0217223504405712,0.0013521776843136634,0.17610913474591156,0.03381305533535339,0.003482638739210141,0.00012520637506917894,0.0002399861295466216,0.018507207310039703,,,,,,,
2687.2151585879137,0.07136776754049845,0.006998082604053882,0.14255824675282108,0.02167016004687503,0.0013488686337632234,0.1753486406715439,0.03371758838183352,0.0034743497822991186,0.00012498919958962913,0.0002393275235024141,0.018434028510938998,,,,,,,
2690.803426233937,0.07120559898646296,0.006981538052179143,0.14216827203649582,0.021618095046478398,0.0013455676811245255,0.1745914306473653,0.03362239096737559,0.0034660805537641438,0.0001247724008096594,0.000238670724904005,0.018361139065955805,,,,,,,
2694.3964853328016,0.07104379892706889,0.006965032614189181,0.14177936411414985,0.02156615513810966,0.0013422748065803492,0.17383749049182334,0.03352746233096948,0.0034578310066501034,0.00012455597807586917,0.00023801572879112912,0.0182885378309635,,,,,,,
2697.9943422825813,0.07088236652498828,0.006948566197612739,0.14139152006751915,0.021514340021221233,0.001338989990361977,0.1730868060846084,0.03343280171375394,0.0034496010941136696,0.00012433993073599162,0.00023736253021713498,0.0182162236663596,,,,,,,
2701.5970034899037,0.07072130094479541,0.00693213871019712,0.1410047369863216,0.021462649395987448,0.0013357132127490628,0.1723393633663844,0.03333840835901003,0.003441390769422966,0.0001241242581388904,0.00023671112424894538,0.01814419543704751,,,,,,,
2705.2044753699415,0.07056060135296327,0.006915750059907782,0.1406190119682376,0.02141108296330315,0.0013324444540695265,0.1715951483385301,0.03324428151215552,0.0034331999859573857,0.00012390895963455955,0.00023606150596702254,0.01807245201241908,,,,,,,
2708.816764346443,0.0704002669178585,0.00689940015492771,0.14023434211888558,0.021359640424781674,0.0013291836946994237,0.17085414706287247,0.03315042042073844,0.003425028697207238,0.00012369403457411992,0.0002354136704653276,0.01800099226633646,,,,,,,
2712.433876851727,0.07024029680973773,0.006883088903657004,0.13985072455180275,0.02130832148275339,0.0013259309150628366,0.1701163456614294,0.03305682433443144,0.003416876856773566,0.00012347948230981832,0.0002347676128512878,0.017929815077114778,,,,,,,
2716.0558193267016,0.07008069020074308,0.006866816214712317,0.13946815638842225,0.021257125840263832,0.0013226860956317588,0.1693817303161485,0.03296349250502566,0.0034087444183678304,0.00012326530219502476,0.00023412332824575635,0.017858919327504406,,,,,,,
2719.682598220883,0.06992144626489732,0.006850581996926307,0.13908663475805086,0.021206053201071894,0.00131944921692596,0.16865028726864606,0.032870424186424475,0.003400631335811657,0.0001230514935842309,0.00023348081178297604,0.017788303904673206,,,,,,,
2723.3142199923886,0.0697625641781007,0.006834386159347218,0.13870615679784942,0.02115510326964837,0.001316220259512897,0.16792200281995376,0.03277761863463809,0.0033925375630365928,0.00012283805583304853,0.00023284005861054402,0.017717967700189505,,,,,,,
2726.9506911079716,0.06960404311812554,0.006818228611238267,0.13832671965280907,0.021104275751173948,0.0013129992040075665,0.16719686333025735,0.03268507510777693,0.0033844630540838137,0.00012262498829820626,0.0002322010638893731,0.017647909610004196,,,,,,,
2730.592018043008,0.069445882264613,0.006802109262077239,0.13794832047573205,0.021053570351537813,0.0013097860310724205,0.16647485521864594,0.032592792866046376,0.0033764077631039096,0.00012241229033754938,0.00023156382279365749,0.017578128534433905,,,,,,,
2734.2382072815312,0.06928808079906779,0.006786028021555874,0.13757095642720818,0.02100298677733563,0.0013065807214172173,0.16575596496285283,0.03250077117174026,0.003368371644356557,0.00012219996131003638,0.00023092833051083317,0.017508623378143268,,,,,,,
2737.889265316224,0.069130637904855,0.0067699847995794675,0.1371946246755957,0.020952524735868134,0.0013033832557989376,0.16504017909900703,0.03240900928923549,0.0033603546522103403,0.00012198800057573831,0.00023029458224154613,0.017439393050128135,,,,,,,
2741.545198648447,0.06897355276719494,0.006753979506266261,0.13681932239699776,0.020902183935139176,0.001300193615021642,0.1643274842213764,0.03231750648498563,0.0033523567411424086,0.00012177640749583531,0.0002296625731996106,0.017370436463698097,,,,,,,
2745.2060137882327,0.06881682457315971,0.006738012051947036,0.13644504677524366,0.02085196408385429,0.001297011779936375,0.1636178669821213,0.032226262027515606,0.003344377865738296,0.00012156518143261648,0.0002290322986119786,0.01730175253645976,,,,,,,
2748.871717254318,0.06866045251166822,0.006722082347164539,0.1360717950018653,0.020801864891418734,0.0012938377314410368,0.16291131409103984,0.03213527518741532,0.0033364179806916004,0.00012135432174947651,0.00022840375371869826,0.017233340190299422,,,,,,,
2752.542315574132,0.06850443577348286,0.006706190302673016,0.13569956427607832,0.020751886067936126,0.0012906714504802793,0.16220781231532372,0.032044545237334306,0.0033284770408037686,0.00012114382781091448,0.00022777693377288352,0.017165198351366494,,,,,,,
2756.2178152838324,0.06834877355120432,0.006690335829437695,0.135328351804759,0.020702027324206417,0.001287512918045382,0.16150734847930565,0.03195407145197544,0.003320555000983811,0.00012093369898253161,0.0002271518340406726,0.017097325950056284,,,,,,,
2759.8982229282956,0.06819346503926835,0.0066745188386343164,0.13495815480242515,0.02065228837172451,0.0012843621151741446,0.1608099094642168,0.0318638531080896,0.0033126518162480637,0.00012072393463102977,0.00022652844980119747,0.017029721920993522,,,,,,,
2763.5835450611366,0.06803850943394113,0.0066587392416485956,0.13458897049121435,0.02060266892267847,0.0012812190229507768,0.16011548220793909,0.031773889484469596,0.0033047674417199424,0.00012051453412420945,0.00022590677634654505,0.016962385203015535,,,,,,,
2767.273788244732,0.06788390593331488,0.006642996950075745,0.13422079610086243,0.020553168689947755,0.0012780836225057654,0.15942405370475932,0.03168417986194436,0.0032969018326296376,0.00012030549683096696,0.00022528680898172107,0.016895314739155398,,,,,,,
2770.968959050208,0.06772965373730441,0.006627291875720007,0.1338536288686844,0.02050378738710183,0.0012749558950157912,0.15873561100512898,0.03159472352337354,0.0032890549443139335,0.00012009682212129415,0.00022466854302461857,0.016828509476625692,,,,,,,
2774.669064057478,0.06757575204764206,0.006611623930594086,0.13348746603955172,0.020454524728398173,0.001271835821703583,0.1580501412154176,0.03150551975364127,0.003281226732215889,0.00011988850936627515,0.00022405197380597706,0.016761968366801622,,,,,,,
2778.374109855229,0.06742220006787458,0.006595993026918754,0.13312230486587362,0.020405380428780928,0.0012687233838378372,0.15736763149767574,0.03141656783965103,0.003273417151884629,0.00011968055793808509,0.00022343709666935296,0.016695690365204904,,,,,,,
2782.0841030409583,0.06726899700335805,0.006580399077122255,0.13275814260757443,0.020356354203879,0.0012656185627330742,0.15668806906938987,0.03132786707031931,0.0032656261589750603,0.00011947296720998799,0.00022282390697107887,0.016629674431487017,,,,,,,
2785.799050220962,0.06711614206125464,0.00656484199383992,0.13239497653207533,0.02030744577000465,0.0012625213397495568,0.15601144120324761,0.03123941673657056,0.003257853709247651,0.00011926573655633542,0.0002222124000802339,0.016563919529413225,,,,,,,
2789.5189580103665,0.06696363445052762,0.006549321689913567,0.13203280391427127,0.02025865484415159,0.0012594316962931476,0.1553377352268949,0.031151216131330962,0.0032500997585681456,0.00011905886535256331,0.0002216025713786036,0.016498424626845972,,,,,,,
2793.2438330331233,0.06681147338193817,0.0065338380783911245,0.13167162203651311,0.020209981143993645,0.001256349613815228,0.15466693852270297,0.031063264549523274,0.0032423642629073484,0.00011885235297519183,0.00022099441626064931,0.016433188695729007,,,,,,,
2796.9736819220384,0.06665965806804047,0.006518391072526038,0.13131142818858477,0.02016142438788281,0.0012532750738125564,0.15399903852752778,0.03097556128806072,0.003234647178340838,0.00011864619880182193,0.00022038793013347046,0.01636821071207091,,,,,,,
2800.708511318763,0.06650818772317839,0.006502980585776886,0.13095221966768528,0.0201129842948479,0.0012502080578271875,0.153334022732479,0.0308881056458418,0.0032269484610487637,0.00011844040221113477,0.00021978310841677193,0.016303489655929402,,,,,,,
2804.4483278738307,0.06635706156348063,0.006487606531806793,0.1305939937784061,0.02006466058459267,0.0012471485474463318,0.15267187868268142,0.03080089692374429,0.0032192680673155333,0.00011823496258288835,0.00021917994654282755,0.0162390245113949,,,,,,,
2808.193138246644,0.0662062788068574,0.006472268824483035,0.13023674783271305,0.02001645297749441,0.0012440965243022707,0.15201259397704553,0.030713934424620018,0.003211605953529634,0.00011802987929791726,0.00021857843995644715,0.016174814266574983,,,,,,,
2811.9429491055002,0.06605583867299604,0.006456967377876519,0.12988047914992512,0.019968361194602248,0.001241051970072232,0.15135615626803342,0.03062721745328913,0.0032039620761833386,0.00011782515173813001,0.00021797858411494241,0.01611085791357828,,,,,,,
2815.6977671276077,0.06590574038335666,0.006441702106261265,0.12952518505669358,0.019920384957635418,0.0012380148664782788,0.15070255326142634,0.030540745316534335,0.0031963363918724656,0.00011762077928650656,0.00021738037448808977,0.016047154448498597,,,,,,,
2819.4575989990803,0.06575598316116886,0.006426472924114013,0.12917086288698396,0.019872523988981882,0.0012349851952872099,0.15005177271609768,0.03045451732309581,0.0031887288572961512,0.00011741676132709787,0.00021678380655809997,0.0159837028713994,,,,,,,
2823.2224514149725,0.06560656623142691,0.00641127974611364,0.12881750998205363,0.01982477801169646,0.0012319629383104394,0.14940380244377996,0.030368532783665136,0.003181139429256576,0.00011721309724502276,0.00021618887581958103,0.015920502186297827,,,,,,,
2826.9923310792647,0.06545748882088656,0.00639612248714079,0.12846512369043434,0.01977714674949953,0.001228948077403897,0.14875863030884026,0.030282791010880362,0.0031735680646587596,0.00011700978642646716,0.00021559557777950624,0.015857551401149354,,,,,,,
2830.767244704903,0.06530875015806005,0.006381001062277289,0.12811370136790978,0.01972962992677507,0.00122594059446791,0.14811624422804928,0.030197291319319954,0.0031660147205102556,0.00011680682825868086,0.00021500390795717842,0.01579484952783191,,,,,,,
2834.5471990137853,0.06516034947321322,0.006365915386805775,0.1277632403774982,0.019682227268569445,0.0012229404714471043,0.14747663217035875,0.030112033025497836,0.0031584793539209833,0.00011660422212997728,0.0002144138618841979,0.01573239558213071,,,,,,,
2838.3322007367956,0.06501228599836051,0.006350865376209117,0.12741373808943038,0.01963493850058947,0.0012199476903302856,0.14683978215667223,0.03002701544785739,0.0031509619221029034,0.00011640196742973041,0.000213825435104427,0.01567018858372242,,,,,,,
2842.122256613796,0.06486455896726183,0.00633585094617005,0.12706519188113197,0.019587763349201114,0.001216962233150342,0.1462056822596248,0.029942237906766568,0.0031434623823698516,0.00011620006354837352,0.0002132386231739583,0.015608227556160183,,,,,,,
2845.917373393658,0.06471716761541788,0.006320872012570596,0.12671759913720174,0.01954070154142764,0.001213984081984124,0.14557432060335554,0.02985769972451193,0.003135980692137234,0.00011599850987739701,0.00021265342166107827,0.015546511526857872,,,,,,,
2849.717557834256,0.06457011118006688,0.006305928491491697,0.12637095724939407,0.019493752804948344,0.001211013218952354,0.14494568536328928,0.02977340022529371,0.003128516808921828,0.00011579730580934732,0.000212069826146238,0.015485039527075249,,,,,,,
2853.5228167024975,0.06442338890017982,0.006291020299212639,0.1260252636165973,0.0194469168680966,0.001208049626219495,0.14431976476591096,0.029689338735219936,0.0031210706903415115,0.00011559645073782365,0.0002114878322220147,0.015423810591902324,,,,,,,
2857.3331567743176,0.06427700001645736,0.006276147352210677,0.125680515644816,0.01940019345985866,0.001205093285993669,0.14369654708854881,0.029605514582301488,0.0031136422941150416,0.00011539594405747778,0.00021090743549308333,0.015362823760244598,,,,,,,
2861.1485848347006,0.06413094377132549,0.006261309567160525,0.12533671074715066,0.019353582309871876,0.001202144180526534,0.1430760206591531,0.02952192709644648,0.0031062315780618203,0.00011519578516401137,0.00021032863157618024,0.015302078074807782,,,,,,,
2864.969107677699,0.0639852194089313,0.006246506860933855,0.1249938463437777,0.019307083148423082,0.001199202292113179,0.1424581738560763,0.0294385756094548,0.0030988385001016116,0.00011499597345417398,0.0002097514161000706,0.015241572582082672,,,,,,,
2868.7947321064244,0.06383982617513985,0.006231739150598912,0.12465191986193176,0.019260695706447284,0.001196267603092025,0.14184299510785853,0.029355459455013156,0.003091463018254372,0.00011479650832576171,0.0002091757847055166,0.015181306332330502,,,,,,,
2872.625464933087,0.06369476331752932,0.006217006353419975,0.12431092873588433,0.01921441971552579,0.0011933400958447106,0.1412304728930074,0.02927257796868926,0.0030841050906399354,0.00011459738917761502,0.0002086017330452429,0.015121278379567622,,,,,,,
2876.4613129789795,0.06355003008538812,0.006202308386856935,0.12397087040692661,0.019168254907884954,0.0011904197527959936,0.1406205957397856,0.029189930487927018,0.0030767646754778486,0.00011439861540961766,0.00020802925678390562,0.01506148778155109,,,,,,,
2880.302283074516,0.06340562572971005,0.006187645168564808,0.12363174232334827,0.019122201016394356,0.001187506556413638,0.14001335222599262,0.029107516352040702,0.0030694417310870746,0.0001142001864226934,0.00020745835159805692,0.015001933599763437,,,,,,,
2884.148382059219,0.0632615495031913,0.006173016616393318,0.12329354194042029,0.019076257774565515,0.0011846004892083176,0.13940873097875428,0.02902533490221023,0.003062136215885795,0.00011400210161880602,0.00020688901317611634,0.01494261489939838,,,,,,,
2887.999616781756,0.06311780066022568,0.006158422648386358,0.12295626672037388,0.019030424916550083,0.0011817015337335008,0.13880672067430633,0.02894338548147537,0.0030548480883911483,0.00011380436040095598,0.00020632123721833336,0.014883530749345708,,,,,,,
2891.8559940999276,0.06297437845690171,0.006143863182781626,0.12261991413238345,0.018984702177138605,0.001178809672585356,0.13820731003778575,0.028861667434730953,0.0030475773072190177,0.00011360696217317989,0.00020575501943676002,0.0148246802221771,,,,,,,
2895.717520880704,0.06283128215099788,0.006129338138010072,0.12228448165254556,0.018939089291758634,0.0011759248884026375,0.1376104878430162,0.028780180108721222,0.00304032383108377,0.00011340990634054722,0.00020519035555521345,0.014766062394131136,,,,,,,
2899.584204000212,0.06268851100197963,0.006114847432695536,0.12194996676386208,0.018893585996473575,0.0011730471638665915,0.13701624291230113,0.02869892285203498,0.00303308761879805,0.00011321319230916023,0.00020462724130924868,0.014707676345099221,,,,,,,
2903.456050343774,0.06254606427099468,0.006100390985654195,0.12161636695621919,0.018848192027980805,0.001170176481700841,0.13642456411621107,0.028617895015100023,0.003025868629272514,0.00011301681948615083,0.00020406567244612156,0.014649521158610755,,,,,,,
2907.333066805895,0.06240394122086997,0.006085968715894195,0.12128367972637037,0.01880290712361042,0.0011673128246712909,0.13583544037337825,0.028537095950178296,0.003018666821515634,0.00011282078727967928,0.0002035056447247602,0.014591595921819033,,,,,,,
2911.215260290289,0.06226214111610754,0.006071580542615157,0.12095190257791692,0.018757731021323627,0.0011644561755860252,0.13524886065028757,0.028456525011360544,0.003011482154633435,0.00011262509509893276,0.00020294715391573227,0.014533899725486849,,,,,,,
2915.1026377098947,0.06212066322288029,0.006057226385207691,0.12062103302128831,0.018712663459711093,0.0011616065172951892,0.13466481396106889,0.028376181554560998,0.003004314587829268,0.00011242974235412278,0.00020239019580121052,0.01447643166397201,,,,,,,
2918.995205986872,0.061979506809029104,0.00604290616325303,0.12029106857372536,0.018667704177991684,0.001158763832690911,0.13408328936729416,0.028296064937512612,0.002997164080403594,0.00011223472845648446,0.00020183476617494528,0.014419190835213515,,,,,,,
2922.892972052635,0.06183867114405811,0.006028619796522478,0.11996200675925962,0.0186228529160107,0.0011559281047071705,0.13350427597776915,0.02821617451976144,0.0029900305917537305,0.00011204005281827332,0.00020128086084222793,0.014362176340716962,,,,,,,
2926.7959428478416,0.06169815549913175,0.0060143672049770645,0.11963384510869678,0.018578109414238615,0.0011530993163197255,0.13292776294833292,0.028136509662662047,0.0029829140813736454,0.00011184571485276516,0.00020072847561986395,0.014305387285540866,,,,,,,
2930.7041253224297,0.06155795914707013,0.006000148308766992,0.1193065811595961,0.018533473413769316,0.0011502774505459854,0.1323537394816513,0.02805706972937189,0.0029758145088536986,0.00011165171397425299,0.0002001776063361368,0.0142488227782822,,,,,,,
2934.617526435606,0.06141808136234619,0.00598596302823129,0.11898021245625393,0.018488944656318895,0.0011474624904449255,0.131782194827018,0.027977854084846716,0.002968731833880452,0.00011145804959804594,0.0001996282488307802,0.014192481931062801,,,,,,,
2938.5361531558806,0.061278521421081075,0.005971811283897269,0.11865473654968338,0.018444522884223852,0.0011446544191169746,0.13121311828015006,0.027898862095834965,0.0029616660162363837,0.00011126472114046712,0.00019908039895494408,0.01413636385951507,,,,,,,
2942.4600124610583,0.06113927860104117,0.005957692996480177,0.11833015099759785,0.018400207840439876,0.0011418532197039228,0.13064649918299048,0.027820093130873264,0.0029546170157997292,0.00011107172801885255,0.00019853405257116508,0.014080467682768405,,,,,,,
2946.389111338272,0.06100035218163361,0.005943608086882651,0.1180064533643907,0.018355999268540122,0.001139058875388811,0.13008232692350555,0.027741546560280845,0.0029475847925441805,0.0001108790696515481,0.00019798920555333366,0.01402479252343509,,,,,,,
2950.3234567839763,0.060861741443903224,0.005929556476194364,0.11768364122111877,0.018311896912713913,0.0011362713693958365,0.12952059093548873,0.027663221756154946,0.002940569306538726,0.00011068674545790922,0.00019744585378666423,0.013969337507596758,,,,,,,
2954.263055803969,0.060723445670528516,0.005915538085691548,0.11736171214548344,0.018267900517765216,0.0011334906849902557,0.1289612806983618,0.0275851180923656,0.0029335705179473794,0.00011049475485829838,0.00019690399316766438,0.01391410176479061,,,,,,,
2958.2079154134103,0.06058546414581762,0.005901552836836511,0.11704066372181159,0.018224009829111026,0.001130716805478266,0.12840438573697627,0.02750723494455048,0.0029265883870289635,0.00011030309727408324,0.00019636361960410114,0.013859084427995551,,,,,,,
2962.1580426368164,0.060447796155705384,0.0058876006512772845,0.11672049354103928,0.01818022459278011,0.0011279497142069321,0.12784989562142035,0.027429571690110306,0.0029196228741368993,0.00011011177212763527,0.00019582472901497438,0.013804284633618961,,,,,,,
2966.113444508096,0.060310440987748806,0.005873681450847089,0.11640119920069172,0.01813654455541134,0.0011251893945640583,0.12729779996682022,0.027352127708203354,0.002912673939718954,0.00010992077884232769,0.0001952873173304816,0.013749701521482721,,,,,,,
2970.074128070538,0.06017339793112418,0.005859795157563992,0.11608277830486718,0.018092969464252408,0.0011224358299781153,0.12674808843314875,0.027274902379741048,0.002905741544317057,0.0001097301168425344,0.00019475138049199073,0.013695334234810104,,,,,,,
2974.040100376847,0.06003666627662254,0.005845941693630374,0.11576522846421704,0.018049499067158158,0.0011196890039181146,0.1262007507250287,0.027197895087382483,0.002898825648567019,0.0001095397855536269,0.0001942169144520071,0.013641181920211975,,,,,,,
2978.0113684891353,0.0599002453166469,0.005832120981432582,0.11544854729592981,0.018006133112589383,0.0011169488998935355,0.12565577659154303,0.027121105215529986,0.0028919262131983743,0.00010934978440197428,0.00019368391517414458,0.013587243727673705,,,,,,,
2981.9879394789564,0.05976413434520776,0.005818332943540429,0.11513273242371137,0.017962871349611092,0.0011142155014541996,0.12511315582603985,0.027044532150323673,0.00288504319903409,0.00010916011281493999,0.00019315237863309342,0.013533518810541541,,,,,,,
2985.9698204272936,0.05962833265792022,0.005804577502706795,0.11481778147776898,0.0179197135278913,0.0011114887921901992,0.12457287826594426,0.026968175279637092,0.00287817656699041,0.00010897077022088128,0.00019262230081459165,0.013480006325509603,,,,,,,
2989.9570184245986,0.059492839551999493,0.005790854581867174,0.11450369209479164,0.017876659397699373,0.0011087687557317706,0.124034933792565,0.026892033993071808,0.0028713262780765765,0.00010878175604914624,0.0001920936777153929,0.013426705432606358,,,,,,,
2993.949540570779,0.05935765432625819,0.005777164104139279,0.1141904619179343,0.017833708709904795,0.0011060553757492248,0.12349931233090798,0.026816107681952996,0.0028644922933946477,0.00010859306973007348,0.00019156650534323823,0.01337361529518172,,,,,,,
2997.9473939752343,0.059222776281101834,0.0057635059928225416,0.11387808859679809,0.017790861215975486,0.0011033486359528204,0.12296600384948458,0.02674039573932413,0.002857674574139251,0.00010840471069498931,0.00019104077971682324,0.013320735079893635,,,,,,,
3001.950585756849,0.05908820471852588,0.00574988017139776,0.11356656978741463,0.01774811666797661,0.001100648520092692,0.12243499836012638,0.026664897559942523,0.002850873081597378,0.00010821667837620641,0.00019051649686577132,0.013268063956695244,,,,,,,
3005.959123044013,0.05895393894211189,0.00573628656352664,0.11325590315222747,0.017705474818568986,0.0010979550119587362,0.12190628591779706,0.026589612540274282,0.002844087777148174,0.00010802897220702248,0.00018999365283060133,0.013215601098821767,,,,,,,
3009.973012974644,0.058819978257023606,0.005722725093051321,0.11294608636007399,0.017662935421007626,0.001095268095380517,0.12137985662040476,0.026514540078489388,0.0028373186222626734,0.00010784159162171772,0.00018947224366269778,0.013163345682777392,,,,,,,
3013.9922626961798,0.058686321970004014,0.005709195683994044,0.11263711708616948,0.017620498229140504,0.0010925877542271748,0.12085570060861969,0.02643967957445722,0.002830565578503647,0.00010765453605555418,0.00018895226542428248,0.013111296888322606,,,,,,,
3018.0168793656126,0.05855296938937097,0.005695698260556625,0.1123289930120879,0.01757816299740684,0.0010899139724073212,0.12033380806568594,0.02636503042974133,0.0028238286075253243,0.00010746780494477268,0.000188433714188383,0.013059453898461049,,,,,,,
3022.0468701494806,0.05841991982501445,0.0056822327471201224,0.11202171182574626,0.017535929480836005,0.0010872467338689511,0.11981416921724115,0.026290592047595124,0.0028171076710732166,0.00010728139772659266,0.00018791658603880496,0.01300781589942695,,,,,,,
3026.0822422239034,0.05828717258839221,0.005668799068244327,0.11171527122138547,0.01749379743504581,0.0010845860225993378,0.11929677433113002,0.026216363832956575,0.0028104027309838716,0.00010709531383920933,0.00018740087707009976,0.012956382080672102,,,,,,,
3030.123002774571,0.058154726992526926,0.005655397148667426,0.11140966889955489,0.01745176661624132,0.0010819318226249445,0.11878161371722532,0.026142345192444003,0.0028037137491846802,0.00010690955272179242,0.0001868865833875389,0.012905151634853384,,,,,,,
3034.1691589967804,0.058022582352001875,0.005642026913305492,0.11110490256709316,0.01740983678121324,0.0010792841180113212,0.1182686777272433,0.02606853553435084,0.0027970406876936383,0.00010672411381448441,0.00018637370110708,0.012854123757819842,,,,,,,
3038.2207180954238,0.05789073798295822,0.005628688287252152,0.11080096993711298,0.017368007687336755,0.0010766428928630169,0.11775795675456595,0.025994934268641346,0.0027903835086191538,0.00010653899655839923,0.0001858622263553423,0.012803297648600323,,,,,,,
3042.2776872850277,0.05775919320309069,0.0056153811957780795,0.11049786872898196,0.017326279092569813,0.0010740081313234744,0.1172494412340582,0.025921540806945458,0.0027837421741598043,0.00010635420039561951,0.00018535215526957252,0.012752672509390627,,,,,,,
3046.340073789739,0.05762794733164476,0.005602105564330665,0.11019559666830737,0.017284650755452057,0.0010713798175749495,0.11674312164189167,0.025848354562554493,0.0027771166466041613,0.00010616972476919637,0.00018484348399762046,0.012702247545541289,,,,,,,
3050.407884843364,0.057496999689412416,0.0055888613185335065,0.10989415148691735,0.017243122435103134,0.001068757935838395,0.11623898849536335,0.025775374950416083,0.0027705068883305205,0.00010598556912314642,0.00018433620869790526,0.012652021965544767,,,,,,,
3054.481127689359,0.057366349598729285,0.005575648384186073,0.10959353092284535,0.017201693891221507,0.0010661424703733897,0.11573703235272058,0.025702601387129837,0.00276391286180675,0.00010580173290245097,0.00018383032553939067,0.012601994981023339,,,,,,,
3058.5598095808514,0.05723599638347086,0.005562466687263257,0.10929373272031256,0.017160364884083023,0.0010635334054780274,0.11523724381298321,0.025630033290942513,0.0027573345295900348,0.00010561821555305416,0.00018332583070155355,0.012552165806716559,,,,,,,
3062.6439377806646,0.05710593936904864,0.005549316153914922,0.10899475462971031,0.01711913517453938,0.0010609307254888256,0.11473961351576623,0.025557670081743228,0.002750771854326671,0.00010543501652186048,0.00018282272037435445,0.012502533660468862,,,,,,,
3066.7335195613073,0.05697617788240744,0.005536196710465571,0.10869659440758467,0.017078004524016976,0.0010583344147806378,0.11424413214110728,0.02548551118105918,0.002744224798751872,0.00010525213525673469,0.00018232099075821207,0.012453097763217512,,,,,,,
3070.828562205011,0.05684671125202106,0.0055231082834138415,0.10839924981661794,0.0170369726945153,0.0010557444577665512,0.11375079040928887,0.025413556012050583,0.0027376933256895316,0.00010506957120649835,0.00018182063806397033,0.012403857338980114,,,,,,,
3074.9290730037205,0.056717538807889586,0.005510050799432185,0.10810271862561359,0.01699603944860577,0.0010531608388978015,0.11325957908066789,0.02534180399950652,0.002731177398052038,0.00010488732382092986,0.00018132165851287405,0.01235481161484269,,,,,,,
3079.0350592591276,0.056588659881535115,0.005497024185366366,0.10780699860947769,0.016955204549430145,0.001050583542663671,0.11277048895549924,0.025270254569839893,0.002724676978840037,0.00010470539255076141,0.00018082404833653614,0.01230595982094728,,,,,,,
3083.146528282664,0.05646007380599914,0.005484028368235142,0.10751208754920417,0.016914467760699388,0.0010480125535914046,0.11228351087376676,0.025198907151083274,0.0027181920311422567,0.0001045237768476785,0.00018032780377691342,0.012257301190480158,,,,,,,
3087.2634873955353,0.05633177991583832,0.0054710632752297626,0.10721798323185616,0.01687382884669204,0.0010454478562461071,0.11179863571500855,0.025127761172883876,0.002711722518135248,0.00010434247616431692,0.00017983292108627414,0.012208834959659454,,,,,,,
3091.385943928711,0.05620377754712176,0.005458128833713656,0.10692468345055127,0.01683328757225311,0.0010428894352306603,0.11131585439814924,0.025056816066499468,0.002705268403083234,0.00010416148995426266,0.0001793393965271731,0.012160560367723528,,,,,,,
3095.513905222964,0.056076066037426785,0.005445224971221929,0.10663218600444331,0.01679284370279248,0.0010403372751856218,0.11083515788132688,0.02498607126479338,0.0026988296493378502,0.00010398081767204905,0.000178847226372421,0.01211247665691866,,,,,,,
3099.6473786288534,0.055948644725836376,0.005432351615461044,0.10634048869870746,0.016752497004283773,0.0010377913607891405,0.1103565371617265,0.024915526202230382,0.002692406220337972,0.00010380045877315566,0.000178356406905058,0.01206458307248753,,,,,,,
3103.7863715067692,0.05582151295293493,0.005419508694308357,0.10604958934452206,0.01671224724326277,0.001035251676756857,0.10987998327540874,0.024845180314871762,0.002685998079609482,0.00010362041271400643,0.0001778669344183242,0.012016878862656994,,,,,,,
3107.93089122692,0.05569467006080549,0.005406696135811731,0.10575948575905374,0.016672094186826285,0.0010327182078418184,0.1094054872971443,0.024775033040371184,0.002679605190765079,0.00010344067895196839,0.0001773788052156327,0.011969363278626619,,,,,,,
3112.0809451693535,0.05556811539302607,0.005393913868189153,0.10547017576544036,0.016632037602630673,0.0010301909388343875,0.10893304034024591,0.024705083817969983,0.0026732275175040785,0.00010326125694534988,0.00017689201561054207,0.011922035574556749,,,,,,,
3116.236540723985,0.05544184829466604,0.005381161819828296,0.10518165719277406,0.016592077258890465,0.001027669854562138,0.10846263355640057,0.024635332088492615,0.0026668650236121665,0.00010308214615339822,0.0001764065619267261,0.01187489500755674,,,,,,,
3120.397685290582,0.055315868112283305,0.005368439919286142,0.10489392787608645,0.01655221292437717,0.0010251549398897866,0.10799425813550662,0.024565777294342495,0.002660517672961255,0.00010290334603629939,0.0001759224404979491,0.01182794083767354,,,,,,,
3124.5643862788074,0.05519017419392017,0.005355748095288569,0.10460698565633063,0.016512444368417745,0.0010226461797190757,0.10752790530550561,0.024496418879497137,0.0026541854295092106,0.00010272485605517517,0.00017543964766803612,0.01178117232787976,,,,,,,
3128.7366511082055,0.0550647658891008,0.005343086276729982,0.10432082838036678,0.0164727713608935,0.0010201435589887085,0.10706356633222112,0.02442725628950412,0.0026478682572997135,0.0001025466756720826,0.00017495817979084653,0.011734588744062429,,,,,,,
3132.9144872082393,0.05493964254882708,0.00533045439267285,0.10403545390094422,0.0164331936722385,0.0010176470626742369,0.10660123251919208,0.024358288971476225,0.0026415661204620008,0.00010236880435001108,0.00017447803323024537,0.011688189355011154,,,,,,,
3137.0979020182817,0.054814803525575946,0.005317852372347395,0.10375086007668699,0.016393711073438465,0.0010151566757879871,0.10614089520751298,0.02428951637408747,0.0026352789832106986,0.00010219124155288227,0.00017399920436007724,0.011641973432406957,,,,,,,
3141.286902987651,0.054690248173295306,0.005305280145151103,0.10346704477207616,0.01635432333602927,0.0010126723833789578,0.1056825457756686,0.02422093794756827,0.0026290068098455935,0.00010201398674554684,0.00017352168956413742,0.011595940250810526,,,,,,,
3145.4814975756003,0.05456597584740149,0.005292737640648423,0.10318400585743544,0.01631503023209578,0.0010101941705327408,0.1052261756393757,0.024152553143701433,0.0026227495647514532,0.0001018370393937845,0.00017304548523614625,0.011550089087651146,,,,,,,
3149.6816932513552,0.054441985904775156,0.005280224788570278,0.1029017412089135,0.016275831534270355,0.0010077220223714215,0.10477177625141905,0.024084361415817414,0.0026165072123978013,0.000101660398964301,0.00017257058777971952,0.011504419223215037,,,,,,,
3153.887497494103,0.05431827770375864,0.005267741518813762,0.10262024870846981,0.016236727015731752,0.0010052559240534998,0.10431933910149453,0.02401636221879028,0.0026102797173387375,0.00010148406492472763,0.0001720969936083447,0.011458929940634374,,,,,,,
3158.098917793031,0.05419485060415201,0.0052552877614416614,0.10233952624385692,0.01619771645020357,0.0010027958607737905,0.10386885571604665,0.023948555009033035,0.002604067044212712,0.0001013080367436184,0.00017162469914534984,0.01141362052587574,,,,,,,
3162.3159616473167,0.05407170396721027,0.005242863446682136,0.10205957170860623,0.016158799611953132,0.0010003418177633421,0.10342031765811248,0.023880939244493558,0.0025978691577423544,0.00010113231389044974,0.00017115370082388035,0.011368490267729138,,,,,,,
3166.538636566152,0.05394883715563989,0.0052304685049282965,0.10178038300201145,0.01611997627579015,0.0009978937802893504,0.10297371652716247,0.023813514384650156,0.00259168602273425,0.00010095689583561832,0.00017068399508686963,0.011323538457796775,,,,,,,
3170.7669500687643,0.05382624953359511,0.005218102866737784,0.10150195802911219,0.01608124621706524,0.0009954517336550543,0.10252904395894216,0.023746279890507083,0.0025855176040787404,0.00010078178205043875,0.00017021557838701258,0.011278764390481784,,,,,,,
3175.0009096844096,0.05370394046667545,0.005205766462832454,0.1012242947006799,0.01604260921166893,0.000993015663199671,0.10208629162531796,0.023679235224590582,0.0025793638667497435,0.00010060697200714345,0.00016974844718673984,0.011234167362977436,,,,,,,
3179.240522952411,0.05358190932192156,0.005193459224097906,0.10094739093320022,0.016004065036030055,0.0009905855542982837,0.10164545123411829,0.023612379850944158,0.002573224775804529,0.00010043246517887973,0.00016928259795818973,0.01118974667525579,,,,,,,
3183.4857974221454,0.05346015546781276,0.005181181081583176,0.10067124464885929,0.015965613467114715,0.0009881613923617776,0.10120651452898122,0.02354571323512476,0.0025671002963835463,0.00010025826103970926,0.00016881802718318305,0.011145501630057026,,,,,,,
3187.7367406530834,0.05333867827426295,0.0051689319665002694,0.1003958537755263,0.01592725428242478,0.0009857431628367286,0.10076947328919691,0.023479234844198053,0.002560990393710198,0.00010008435906460524,0.00016835473135319438,0.011101431532878177,,,,,,,
3191.9933602147776,0.05321747711261817,0.00515671181022386,0.10012121624673971,0.01588898725999679,0.0009833308512053394,0.10033431932955655,0.02341294414673459,0.0025548950330906805,9.991075872945231e-05,0.0001678927069693288,0.011057535691962547,,,,,,,
3196.2556636868994,0.0530965513556526,0.00514452054429082,0.09984733000169006,0.015850812178400474,0.000980924442985329,0.09990104450019617,0.023346840612805116,0.002548814179913734,9.973745951104376e-05,0.00016743195054229156,0.011013813418288552,,,,,,,
3200.5236586592314,0.05297590037756602,0.005132358100399922,0.09957419298520614,0.01581272881673769,0.000978523923729869,0.09946964068644687,0.023280923713976793,0.0025427477996505083,9.956446088708052e-05,0.00016697245859236576,0.010970264025559172,,,,,,,
3204.797352731701,0.052855523553979794,0.0051202244104113686,0.09930180314773795,0.01577473695464091,0.0009761292790274741,0.09904009980868,0.023215192923308547,0.002536695857854303,9.939176233616948e-05,0.00016651422764938205,0.010926886830190939,,,,,,,
3209.076753514376,0.05273542026193439,0.00510811940634649,0.09903015844534273,0.015736836372272137,0.0009737404945019359,0.09861241382215834,0.023149647715347194,0.00253065832016043,9.921936333782168e-05,0.00016605725425269615,0.0108836811513034,,,,,,,
3213.3618686274854,0.052615589879885794,0.005096043020387327,0.09875925683966902,0.015699026850321596,0.000971357555812224,0.09818657471688431,0.02308428756612311,0.002524635152285981,9.904726337245158e-05,0.00016560153495116044,0.010840646310708373,,,,,,,
3217.6527057014428,0.05249603178770208,0.005083995184876221,0.09848909629794077,0.01566130817000629,0.0009689804486524012,0.09776257451744899,0.023019111953145883,0.0025186263200296394,9.88754619213743e-05,0.0001651470663030975,0.010797781632899161,,,,,,,
3221.949272376839,0.05237674536666077,0.005071975832315509,0.09821967479294347,0.015623680113069027,0.0009666091587515439,0.09734040528288514,0.0229541203554005,0.0025126317892714997,9.870395846680483e-05,0.00016469384487627687,0.01075508644504022,,,,,,,
3226.251576304479,0.052257729999444974,0.005059984895367062,0.09795099030300737,0.015586142461776885,0.0009642436718736483,0.09692005910651566,0.022889312253342727,0.0025066515259728524,9.853275249185626e-05,0.00016424186724788543,0.010712560076956291,,,,,,,
3230.559625145372,0.05213898507014089,0.0050480223068519875,0.09768304081199389,0.015548694998920164,0.0009618839738175529,0.0965015281158084,0.02282468712889544,0.002500685496176023,9.836184348053825e-05,0.00016379113000450533,0.010670201861122185,,,,,,,
3234.87342657077,0.052020509964233845,0.005036087999750176,0.09741582430927886,0.015511337507810932,0.0009595300504168454,0.09608480447222584,0.022760244465444036,0.002494733666004131,9.819123091775551e-05,0.00016334162974208444,0.010628011132652021,,,,,,,
3239.192988262155,0.05190230406860592,0.005024181907199998,0.0971493387897391,0.015474069772282002,0.0009571818875397854,0.09566988037108094,0.0226959837478327,0.0024887960016609562,9.802091428930612e-05,0.00016289336306591446,0.010585987229289037,,,,,,,
3243.5183179112787,0.051784366771532045,0.0050123039624978775,0.09688358225373568,0.015436891576685407,0.0009548394710892108,0.09525674804138871,0.022631904462359884,0.002482872469430685,9.785089308187993e-05,0.0001624463265906016,0.010544129491394976,,,,,,,
3247.849423220152,0.0516666974626775,0.005000454099097936,0.09661855270710072,0.015399802705891441,0.000952502787002466,0.09484539974572265,0.02256800609677463,0.0024769630356777793,9.768116678305792e-05,0.00016200051694004406,0.010502437261939944,,,,,,,
3252.1863119010827,0.05154929553309403,0.004988632250611621,0.09635424816112052,0.015362802945287154,0.0009501718212512989,0.09443582778006786,0.022504288140272062,0.0024710676668467345,9.75117348813085e-05,0.00016155593074740444,0.01046090988649188,,,,,,,
3256.5289916766637,0.0514321603752175,0.004976838350807347,0.09609066663252247,0.01532589208077532,0.0009478465598417989,0.09402802447367882,0.022440750083489676,0.002465186329461924,9.734259686598873e-05,0.00016111256465508578,0.010419546713206503,,,,,,,
3260.8774702798137,0.051315291382863996,0.00496507233361008,0.09582780614345848,0.015289069898773011,0.0009455269888142897,0.09362198218893368,0.02237739141850291,0.0024593189901273866,9.71737522273406e-05,0.00016067041531470485,0.01037834709281686,,,,,,,
3265.2317554537663,0.05119868795122724,0.004953334133101025,0.09556566472149157,0.01525233618621055,0.0009432130942432667,0.09321769332119287,0.022314211638821413,0.00245346561552665,9.700520045649052e-05,0.00016022947938706792,0.010337310378623323,,,,,,,
3269.5918549520957,0.05108234947687529,0.004941623683517231,0.09530424039958041,0.015215690730530156,0.0009409048622372999,0.09281515029865624,0.022251210239384814,0.0024476261724225485,9.683694104544755e-05,0.00015978975354214586,0.010296435926483372,,,,,,,
3273.9577765387394,0.05096627535774712,0.004929940919251187,0.09504353121606408,0.015179133319684682,0.000938602278938953,0.09241434558221996,0.02218838671655861,0.0024418006276569976,9.666897348710166e-05,0.00015935123445904662,0.010255723094801383,,,,,,,
3278.3295279879885,0.0508504649931501,0.004918285774850533,0.09478353521464859,0.015142663742136542,0.0009363053305247048,0.09201527166533777,0.022125740568130416,0.0024359889481508604,9.650129727522325e-05,0.0001589139188259938,0.010215171244518753,,,,,,,
3282.7071170845284,0.05073491778375618,0.0049066581850176075,0.09452425044439075,0.015106281786856293,0.0009340140032048597,0.09161792107387765,0.02206327129330561,0.0024301911009037094,9.63339119044594e-05,0.00015847780334029792,0.010174779739103652,,,,,,,
3287.0905516234266,0.05061963313159954,0.00489505808460916,0.09426567495968502,0.015069987243321625,0.0009317282832234719,0.09122228636598452,0.02200097839270369,0.0024244070529936754,9.616681687033513e-05,0.00015804288470833453,0.010134547944541253,,,,,,,
3291.479839410172,0.05050461044007276,0.004883485408635911,0.0940078068202474,0.015033779901515923,0.0009294481568582552,0.09082836013193826,0.02193886136835387,0.002418636771577234,9.600001166924966e-05,0.0001576091596455172,0.010094475229323564,,,,,,,
3295.874988260665,0.050389849113924454,0.0048719400922622655,0.09375064409110237,0.014997659551927256,0.0009271736104205086,0.09043613499401755,0.02187691972369154,0.0024128802238890415,9.5833495798476e-05,0.0001571766248762742,0.01005456096443972,,,,,,,
3300.276006001253,0.0502753485592554,0.0048604220708058695,0.09349418484256689,0.014961625985546978,0.0009249046302550263,0.09004560360635902,0.021815152963553894,0.0024071373772417285,9.566726875615908e-05,0.00015674527713402256,0.010014804523365907,,,,,,,
3304.6829004687224,0.050161108183516316,0.004848931279737329,0.09323842715023738,0.0149256789938687,0.0009226412027400232,0.08965675865482235,0.02175356059417633,0.0024014081990257345,9.55013300413144e-05,0.0001563151131611445,0.009975205282055734,,,,,,,
3309.0956795103375,0.05004712739550401,0.004837467654679766,0.09298336909497384,0.014889818368886898,0.0009203833142870457,0.08926959285685067,0.021692142123188166,0.002395692656709099,9.533567915382637e-05,0.00015588612970896163,0.009935762618930224,,,,,,,
3313.5143509838276,0.04993340560535899,0.00482603113140854,0.0927290087628869,0.014854043903095915,0.0009181309513408978,0.08888409896133671,0.021630897059609005,0.002389990717837311,9.517031559444688e-05,0.000155458323537712,0.009896475914868287,,,,,,,
3317.938922757428,0.049819942224561764,0.004814621645850809,0.09247534424532197,0.014818355389488537,0.0009158841003795518,0.08850026974848452,0.021569824913844533,0.0023843023500330755,9.500523886479364e-05,0.00015503169141652332,0.009857344553196768,,,,,,,
3322.3694027098695,0.049706736665930396,0.004803239134085237,0.09222237363884625,0.014782752621554984,0.0009136427479140733,0.08811809802967636,0.02150892519768286,0.002378627520996184,9.484044846734936e-05,0.00015460623012339137,0.009818367919680944,,,,,,,
3326.8057987304046,0.04959378834361719,0.0047918835323416085,0.09197009504523385,0.01474723539328164,0.0009114068804885414,0.08773757664733724,0.021448197424290518,0.002372966198503294,9.467594390545915e-05,0.0001541819364451537,0.009779545402514843,,,,,,,
3331.248118718831,0.049481096673105435,0.004780554777000442,0.09171850657145096,0.014711803499149783,0.0009091764846799553,0.08735869847479981,0.0213876411082084,0.0023673183504077525,9.451172468332976e-05,0.00015375880717746548,0.009740876392311524,,,,,,,
3335.696370585479,0.04936866107120692,0.0047692528045927005,0.09146760632964321,0.014676456734134586,0.0009069515470981744,0.08698145641617319,0.021327255765348226,0.002361683944639428,9.434779030602793e-05,0.0001533368391247764,0.00970236028209373,,,,,,,
3340.1505622512586,0.04925648095605831,0.004757977551799359,0.09121739243711945,0.014641194893703706,0.0009047320543858152,0.08660584340620749,0.02126704091298828,0.00235606294920451,9.418414027947892e-05,0.00015291602910030527,0.00966399646728409,,,,,,,
3344.610701647641,0.04914455574711874,0.004746728955451127,0.09096786301633979,0.014606017773816309,0.0009025179932181924,0.086231852410164,0.02120699606976995,0.002350455332185343,9.402077411046488e-05,0.00015249637392601722,0.009625784345695916,,,,,,,
3349.0767967167017,0.049032884865166174,0.004735506952528017,0.09071901619489951,0.014570925170921697,0.0009003093503032218,0.085859476423681,0.021147120755693492,0.002344861061740228,9.38576913066234e-05,0.00015207787043259793,0.009587723317523486,,,,,,,
3353.548855411109,0.04892146773229506,0.004724311480159071,0.09047085010551673,0.014535916881958325,0.000898106112381352,0.08548870847264499,0.021087414492114574,0.0023392801061032703,9.369489137644676e-05,0.00015166051545943238,0.009549812785332871,,,,,,,
3358.026885694163,0.04881030377191274,0.004713142475621927,0.09022336288601687,0.014500992704352423,0.0008959082662254767,0.08511954161305767,0.021027876801740047,0.0023337124335841538,9.35323738292785e-05,0.0001512443058545775,0.009512052154052325,,,,,,,
3362.510895539785,0.04869939240873703,0.004701999876342544,0.08997655267932016,0.014466152436017038,0.0008937157986408628,0.08475196893090824,0.020968507208624546,0.0023281580125680173,9.337013817531452e-05,0.00015082923847474226,0.009474440830963146,,,,,,,
3367.0008929325563,0.048588733068792606,0.004690883619894794,0.08973041763342618,0.014431395875350648,0.0008915286964650635,0.08438598354204162,0.02090930523816629,0.0023226168115152166,9.320818392559956e-05,0.00015041531018525995,0.009436978225690201,,,,,,,
3371.4968858677075,0.048478325179408754,0.004679793644000142,0.08948495590140156,0.014396722821236189,0.0008893469465678472,0.0840215785920318,0.020850270417103658,0.0023170887989612003,9.304651059202667e-05,0.00015000251786006835,0.009399663750192844,,,,,,,
3375.9988823511576,0.04836816816921571,0.00466872988652728,0.08924016564136447,0.014362133073039723,0.0008871705358511104,0.08365874725605119,0.020791402273511048,0.002311573943516286,9.288511768733555e-05,0.00014959085838168258,0.009362496818755478,,,,,,,
3380.506890399507,0.048258261468142244,0.004657692285491808,0.08899604501647226,0.014327626430609412,0.0008849994512488056,0.08329748273874468,0.02073270033679542,0.002306072213865509,9.272400472511083e-05,0.00014918032864117412,0.009325476847978523,,,,,,,
3385.02091804006,0.04814860450741254,0.004646680779055847,0.08875259219490701,0.01429320269427433,0.0008828336797268638,0.08293777827410176,0.020674164137692363,0.0023005835787684456,9.256317121978168e-05,0.00014877092553814696,0.009288603256769234,,,,,,,
3389.5409733108513,0.048039196719542904,0.004635695305527716,0.0885098053498613,0.014258861664843194,0.0008806732082831044,0.08257962712532872,0.020615793208262283,0.0022951080070590037,9.240261668661813e-05,0.0001483626459807121,0.009251875466332448,,,,,,,
3394.0670642606333,0.04793003753833949,0.004624735803361601,0.08826768265952573,0.014224603143603392,0.0008785180239471761,0.08222302258472462,0.02055758708188691,0.0022896454676452965,9.224234064173233e-05,0.00014795548688546756,0.009215292900161718,,,,,,,
3398.599198948921,0.047821126398894714,0.004613802211157155,0.08802622230707381,0.014190426932319653,0.0008763681137804581,0.08186795797355327,0.020499545293265243,0.002284195929509411,9.208234260207501e-05,0.0001475494451774715,0.009178854984030033,,,,,,,
3403.1373854459775,0.04771246273758489,0.004602894467659236,0.08778542248064984,0.0141563328332331,0.0008742234648760037,0.0815144266419205,0.020441667378410185,0.0022787593617072843,9.192262208543495e-05,0.00014714451779022268,0.009142561145981007,,,,,,,
3407.6816318328556,0.047604045992066794,0.0045920125117574736,0.08754528137335375,0.014122320649059857,0.0008720840643584414,0.08116242196864733,0.020383952874644444,0.002273335733368485,9.176317861043736e-05,0.00014674070166563352,0.009106410816319722,,,,,,,
3412.2319462013857,0.04749587560127531,0.004581156282486014,0.08730579718322912,0.014088390182990185,0.0008699498993839191,0.0808119373611482,0.020326401320597244,0.0022679250136960665,9.160401169654237e-05,0.00014633799375401069,0.00907040342760398,,,,,,,
3416.788336654216,0.04738795100541984,0.004570325719023097,0.08706696811324806,0.014054541238687086,0.0008678209571400053,0.08046296625530526,0.020269012256200248,0.002262527171966373,9.144512086404368e-05,0.00014593639101402874,0.009034538414635182,,,,,,,
3421.3508113048015,0.047280271645982204,0.0045595207606907925,0.08682879237129931,0.014020773620285374,0.000865697224845634,0.08011550211534772,0.020211785222684235,0.002257142177528881,9.128650563406704e-05,0.00014553589041270979,0.00899881521444965,,,,,,,
3425.919378277444,0.047172836965713,0.004548741346954583,0.08659126817017332,0.013987087132390368,0.0008635786897510061,0.07976953843372714,0.020154719762575105,0.0022517699998060112,9.112816552856861e-05,0.00014513648892539878,0.008963233266309621,,,,,,,
3430.4940457072853,0.047065646408629265,0.0045379874174230955,0.08635439372754994,0.013953481580076903,0.000861465339137533,0.07942506873099753,0.02009781541969048,0.0022464106082929636,9.097010007033432e-05,0.00014473818353574172,0.008927792011694602,,,,,,,
3435.0748217403275,0.04695869942001145,0.004527258911847729,0.08611816726598485,0.013919956768888162,0.0008593571603177473,0.07908208655569318,0.02004107173913597,0.0022410639725575503,9.081230878297731e-05,0.0001443409712356631,0.008892490894292532,,,,,,,
3439.661714533462,0.046851995446400174,0.0045165557701222925,0.08588258701289533,0.013886512504834449,0.0008572541406352287,0.078740585484207,0.019984488267301405,0.0022357300622399996,9.065479119093716e-05,0.00014394484902534112,0.008857329359990968,,,,,,,
3444.2547322544588,0.04674553393559405,0.004505877932282731,0.08564765120054836,0.013853148594392243,0.0008551562674645332,0.07840055912067209,0.019928064551857482,0.002230408847052811,9.049754681947842e-05,0.00014354981391318837,0.008822306856868552,,,,,,,
3448.8538830820075,0.04663931433664615,0.00449522533850672,0.08541335806604597,0.01381986484450289,0.0008530635282111102,0.07806200109683985,0.019871800141751834,0.0022251002967805605,9.03405751946888e-05,0.00014315586291582574,0.00878742283518618,,,,,,,
3453.459175205705,0.04653333609986174,0.004484597929113398,0.08517970585131336,0.013786661062571698,0.0008509759103112341,0.07772490507196282,0.019815694587205758,0.002219804381279749,9.018387584347885e-05,0.00014276299305806276,0.008752676747378556,,,,,,,
3458.0706168260976,0.04642759867679486,0.0044739956445629635,0.08494669280308434,0.013753537056466569,0.0008488934012319218,0.07738926473267378,0.019759747439710252,0.002214521070478612,9.002744829357836e-05,0.0001423712013728732,0.008718068048045393,,,,,,,
3462.6882161546687,0.046322101520246094,0.004463418425456412,0.08471431717288955,0.013720492634517158,0.0008468159884708644,0.0770550737928697,0.01970395825202281,0.0022092503343769674,8.987129207353781e-05,0.00014198048490137393,0.00868359619394304,,,,,,,
3467.3119814138795,0.046216844084259086,0.00445286621253513,0.08448257721704194,0.01368752760551352,0.0008447436595563442,0.07672232599359179,0.01964832657816349,0.0022039921430460248,8.971540671272393e-05,0.0001415908406928015,0.008649260643975785,,,,,,,
3471.9419208371573,0.04611182582411838,0.00444233894668064,0.08425147119662513,0.013654641778705198,0.0008426764020471714,0.07639101510291049,0.0195928519734117,0.0021987464666282435,8.955979174132109e-05,0.00014120226580449093,0.008615060859187547,,,,,,,
3476.578042668938,0.04600704619634599,0.00443183656891419,0.0840209973774789,0.013621834963799949,0.0008406142035325925,0.07606113491580654,0.019537533994302258,0.0021935132753371236,8.94044466903278e-05,0.0001408147573018524,0.008580996302753208,,,,,,,
3481.220355164652,0.04590250465869916,0.004421359020396502,0.0837911540301876,0.01358910697096284,0.0008385570516322364,0.07573267925405704,0.01948237219862225,0.002188292539457084,8.924937109155633e-05,0.00014042831225835028,0.008547066439970412,,,,,,,
3485.8688665907666,0.04579820067016693,0.004410906242427364,0.08356193943006579,0.013556457610814905,0.0008365049339960186,0.07540564196611742,0.01942736614540711,0.002183084229343244,8.909456447763096e-05,0.00014004292775547937,0.008513270738250915,,,,,,,
3490.5235852247783,0.045694133690967954,0.004400478176445371,0.08333335185714652,0.013523886694432292,0.0008344578383040863,0.07508001692700828,0.019372515394937426,0.0021778883154213013,8.89400263819865e-05,0.00013965860088274503,0.008479608667112478,,,,,,,
3495.184519355235,0.0455903031825474,0.004390074764027563,0.08310538959616788,0.01349139403334503,0.0008324157522667328,0.07475579803819962,0.019317819508735255,0.002172704768187334,8.87857563388678e-05,0.00013927532873763952,0.008446079698170409,,,,,,,
3499.8516772817643,0.04548670860757398,0.004379695946889077,0.08287805093655963,0.013458979439535914,0.0008303786636243245,0.07443297922749628,0.01926327804956054,0.0021675335582076387,8.863175388332623e-05,0.0001388931084256203,0.008412683305129221,,,,,,,
3504.5250673150617,0.04538334942993769,0.004369341666882878,0.08265133417243152,0.013426642725439569,0.0008283465601472336,0.07411155444892546,0.01920889058140786,0.0021623746561185734,8.8478018551221e-05,0.00013851193706008904,0.008379418963774518,,,,,,,
3509.2046977769346,0.04528022511474638,0.004359011865999363,0.08242523760255922,0.013394383703941162,0.0008263194296357567,0.07379151768262203,0.019154656669502647,0.0021572280326263744,8.832454987921557e-05,0.0001381318117623687,0.008346286151964599,,,,,,,
3513.8905770002875,0.04517733512832366,0.004348706486366107,0.08219975953037281,0.013362202188375517,0.0008242972599200493,0.07347286293471723,0.01910057588029803,0.002152093658507016,8.817134740477732e-05,0.00013775272966168287,0.008313284349622448,,,,,,,
3518.582713329167,0.04507467893820555,0.004338425470247484,0.08197489826394277,0.013330097992525861,0.0008222800388600455,0.07315558423722497,0.019046647781471044,0.002146971504606005,8.80184106661759e-05,0.00013737468789513303,0.008280413038727364,,,,,,,
3523.281115118747,0.0449722560131382,0.0043281687600443715,0.08175065211596859,0.013298070930622907,0.0008202677543453919,0.0728396756479315,0.0189928719419195,0.002141861541838264,8.786573920248182e-05,0.00013699768360767812,0.008247671703307051,,,,,,,
3527.9857907353726,0.044870065823074706,0.004317936298293811,0.08152701940376478,0.013266120817343614,0.0008182603942953681,0.07252513125028269,0.018939247931758184,0.0021367637411879134,8.771333255356495e-05,0.0001366217139521112,0.008215059829429276,,,,,,,
3532.696748556546,0.04476810783917286,0.004307728027668718,0.08130399844924957,0.013234247467810299,0.0008162579466588212,0.07221194515327467,0.018885775322315793,0.002131678073708159,8.756119026009397e-05,0.00013624677608904069,0.00818257690519405,,,,,,,
3537.413996970971,0.044666381533791794,0.004297543890977504,0.081081587578931,0.013202450697589367,0.0008142603994140866,0.0719001114913419,0.018832453686131168,0.002126604510521084,8.740931186353305e-05,0.00013587286718686544,0.008150222420725373,,,,,,,
3542.1375443785373,0.044564886380489936,0.004287383831163826,0.08085978512389576,0.013170730322690439,0.000812267740568922,0.07158962442424918,0.018779282596950178,0.002121543022817514,8.725769690614311e-05,0.00013549998442175705,0.008117995868163433,,,,,,,
3546.8673991903665,0.04446362185402167,0.004277247791306197,0.08063858941979517,0.013139086159565105,0.0008102799581604299,0.07128047813698023,0.018726261629722032,0.0021164935818568354,8.710634493097766e-05,0.00013512812497763494,0.008085896741656409,,,,,,,
3551.603569828801,0.04436258743033507,0.004267135714617728,0.08041799880683398,0.013107518025106008,0.0008082970402549896,0.07097266683963056,0.018673390360596096,0.002111456158966842,8.695525548188398e-05,0.00013475728604614825,0.008053924537352751,,,,,,,
3556.3460647274283,0.044261782586569036,0.00425704754444578,0.0801980116297574,0.01307602573664575,0.0008063189749481876,0.07066618476729832,0.018620668366918454,0.00210643072554358,8.680442810349992e-05,0.00013438746482665278,0.00802207875339317,,,,,,,
3561.09489233111,0.04416120680105032,0.004246983224271626,0.07997862623783815,0.013044609111955725,0.000804345750364735,0.07036102617997554,0.018568095227228385,0.0021014172530511525,8.665386234125312e-05,0.00013401865852618951,0.007990358889902682,,,,,,,
3565.850061095968,0.04406085955329136,0.004236942697710193,0.07975984098486529,0.013013267969245245,0.0008023773546584138,0.07005718536244238,0.018515670521255252,0.0020964157130216048,8.650355774136046e-05,0.00013365086435946575,0.007958764448982959,,,,,,,
3570.6115794894317,0.043960740323987044,0.004226925908509674,0.07954165422913044,0.012982002127160311,0.0008004137760119863,0.06975465662415811,0.018463393829914857,0.0020914260770547206,8.635351385082462e-05,0.00013328407954883096,0.007927294934704269,,,,,,,
3575.3794559902217,0.043860848595012526,0.004216932800551288,0.07932406433341693,0.01295081140478273,0.0007984550026371427,0.06945343429915654,0.018411264735306385,0.0020864483168178895,8.620373021743548e-05,0.00013291830132425915,0.007895949853097946,,,,,,,
3580.1536990883956,0.04376118384942002,0.00420696331784889,0.07910706966498607,0.012919695621628896,0.0007965010227744154,0.06915351274593785,0.01835928282070875,0.002081482404045926,8.60542063897659e-05,0.00013255352692332454,0.007864728712148406,,,,,,,
3584.9343172853323,0.0436617455714367,0.00419701740454873,0.07889066859556625,0.012888654597648935,0.0007945518246931185,0.06885488634736502,0.018307447670577577,0.0020765283105409265,8.590494191717293e-05,0.00013218975359118412,0.007833631021785633,,,,,,,
3589.721319093778,0.04356253324646137,0.004187095004929072,0.07867485950133943,0.012857688153225466,0.0007926073966912702,0.06855754951055652,0.018255758870541598,0.002071586008172092,8.575593634979464e-05,0.0001318269785805536,0.007802656293877261,,,,,,,
3594.514713037832,0.043463546361062526,0.004177196063399949,0.07845964076293026,0.012826796109172742,0.0007906677270955289,0.06826149666678367,0.018204216007399614,0.0020666554688755865,8.560718923854954e-05,0.0001314651991516893,0.007771804042221156,,,,,,,
3599.3145076529886,0.04336478440297501,0.004167320524502779,0.07824501076539263,0.012795978286735456,0.000788732804261117,0.0679667222713643,0.018152818669116874,0.0020617366646543565,8.545870013513508e-05,0.00013110441257236565,0.007741073782537554,,,,,,,
3604.120711486127,0.043266246861098,0.004157468332910134,0.07803096789819879,0.012765234507587852,0.0007868026165717572,0.06767322080356084,0.018101566444822133,0.002056829567578001,8.531046859202637e-05,0.00013074461611785586,0.0077104650324616684,,,,,,,
3608.9333330955537,0.04316793322549168,0.0041476394334253475,0.07781751055522605,0.012734564593832544,0.0007848771524395962,0.06738098676647505,0.01805045892480403,0.0020519341497825722,8.516249416247453e-05,0.0001303858070709102,0.007679977311535924,,,,,,,
3613.7523810509906,0.04306984298737526,0.004137833770982277,0.07760463713474584,0.012703968367999637,0.0007829564003051402,0.06709001468694678,0.01799949570050809,0.0020470503834704628,8.501477640050612e-05,0.0001300279827217362,0.0076496101412025595,,,,,,,
3618.5778639336036,0.04297197563912403,0.004128051290644962,0.07739234603941117,0.012673445653045613,0.0007810403486371871,0.0668002991154505,0.017948676364533334,0.0020421782409102153,8.486731486092078e-05,0.00012967114036797865,0.007619363044796087,,,,,,,
3623.4097903360293,0.04287433067426651,0.004118291937607295,0.07718063567624418,0.012642996272352257,0.0007791289859327458,0.066511834625993,0.017898000510628922,0.0020373176944363737,8.472010909929048e-05,0.00012931527731469718,0.0075892355475357075,,,,,,,
3628.248168862362,0.04277690758748242,0.004108555657192772,0.07696950445662534,0.012612620049725808,0.0007772223007169851,0.06622461581601286,0.017847467733691166,0.0020324687164493347,8.457315867195812e-05,0.0001289603908743489,0.007559227176518045,,,,,,,
3633.0930081282,0.04267970587459934,0.00409884239485412,0.07675895079628021,0.012582316809395705,0.0007753202815431453,0.06593863730627791,0.01779707762975997,0.002027631279415176,8.44264631360361e-05,0.00012860647836676495,0.0075293374607094945,,,,,,,
3637.9443167606323,0.042582725032590835,0.004089152096173055,0.07654897311526884,0.012552086376013818,0.0007734229169924887,0.06565389374078588,0.017746829796015936,0.002022805355865518,8.428002204940505e-05,0.00012825353711913296,0.00749956593093907,,,,,,,
3642.8021033982814,0.04248596455957319,0.004079484706859917,0.07633956983797262,0.012521928574653207,0.0007715301956742124,0.0653703797866627,0.017696723830776823,0.0020179909183973455,8.41338349707123e-05,0.00012790156446597492,0.007469912119890822,,,,,,,
3647.6663766912907,0.042389423954803385,0.004069840172753421,0.07613073939308383,0.0124918432308073,0.000769642106225398,0.06508809013406398,0.017646759333494647,0.0020131879396728825,8.398790145937142e-05,0.00012755055774912844,0.007440375562096688,,,,,,,
3652.53714530137,0.042293102718675986,0.004060218439820311,0.07592248021359245,0.012461830170388717,0.0007677586373109256,0.06480701949607422,0.01759693590475215,0.002008396392419397,8.384222107555896e-05,0.00012720051431772548,0.00741095579392902,,,,,,,
3657.4144179017785,0.04219700035272108,0.004050619454155082,0.07571479073677571,0.012431889219728421,0.0007658797776234237,0.06452716260860915,0.017547253146259944,0.002003616249429091,8.369679338021577e-05,0.00012685143152817347,0.007381652353593453,,,,,,,
3662.298203177373,0.04210111635960109,0.00404104316197966,0.07550766940418512,0.01240202020557455,0.0007640055158831826,0.06424851423031576,0.01749771066085301,0.0019988474835589,8.355161793504287e-05,0.00012650330674413425,0.00735246478112152,,,,,,,
3667.188509824592,0.042005450243108894,0.0040314895096431325,0.07530111466163603,0.012372222955091597,0.0007621358408381062,0.06397106914247552,0.017448308052487833,0.001994090067730385,8.340669430250273e-05,0.00012615613733650533,0.007323392618363587,,,,,,,
3672.085346551502,0.041910001508164575,0.004021958443621395,0.07509512495919471,0.012342497295859211,0.000760270741263625,0.0636948221489053,0.017399044926238907,0.0019893439749295383,8.326202204581609e-05,0.00012580992068339836,0.00729443540898149,,,,,,,
3676.9887220777855,0.04181476966081341,0.004012449910516905,0.07488969875116781,0.012312843055871367,0.0007584102059626458,0.06341976807586115,0.017349920888295893,0.0019846091782066543,8.311760072896127e-05,0.0001254646541701216,0.007265592698441507,,,,,,,
3681.8986451347682,0.041719754208223096,0.004002963857058365,0.07468483449609033,0.01228326006353532,0.000756554223765474,0.06314590177194108,0.017300935545960284,0.0019798856506761785,8.297342991667357e-05,0.00012512033518915832,0.007236864034007194,,,,,,,
3686.815124465447,0.04162495465868093,0.00399350023010039,0.07448053065671346,0.012253748147670497,0.0007547027835297481,0.06287321810798778,0.017252088507642226,0.0019751733655165252,8.282950917444209e-05,0.00012477696114014753,0.007208248964732185,,,,,,,
3691.7381688244777,0.04153037052159185,0.003984058976623272,0.07427678569999435,0.01222430713750773,0.0007528558741403772,0.06260171197699407,0.01720337938285762,0.0019704722959699708,8.26858380685108e-05,0.00012443452942986508,0.007179747041453277,,,,,,,
3696.6677869782225,0.04143600130747528,0.003974640043732621,0.07407359809708315,0.012194936862688037,0.0007510134845094681,0.062331378294005604,0.017154807782224685,0.001965782415342453,8.254241616587536e-05,0.000124093037472203,0.007151357816783208,,,,,,,
3701.6039877047324,0.041341846527963175,0.003965243378659125,0.0738709663233129,0.012165637153261827,0.0007491756035762649,0.062062211996027294,0.01710637331746118,0.001961103697003465,8.239924303428265e-05,0.00012375248268815112,0.0071230808451037825,,,,,,,
3706.5467797937968,0.041247905695796915,0.003955868928758199,0.07366888885818682,0.01213640783968775,0.0007473422203070759,0.06179420804192676,0.01705807560138096,0.0019564361143858673,8.225631824222932e-05,0.00012341286250577596,0.007094915682558748,,,,,,,
3711.496172046926,0.04115417832482537,0.003946516641509747,0.07346736418536813,0.012107248752831897,0.0007455133236952172,0.06152736141234169,0.017009914247891212,0.0019517796409857628,8.211364135896048e-05,0.00012307417436020377,0.007066861887046965,,,,,,,
3716.4521732773983,0.04106066393000176,0.0039371864645178075,0.07326639079266745,0.012078159723966607,0.0007436889027609319,0.06126166710958407,0.016961888871989062,0.001947134250362327,8.19712119544684e-05,0.00012273641569359817,0.007038919018215319,,,,,,,
3721.4147923102455,0.04096736202738181,0.003927878345510324,0.07306596717203268,0.01204914058476972,0.0007418689465513423,0.060997120157548324,0.01691399908975879,0.0019424999161376743,8.182902959949121e-05,0.00012239958395514388,0.007011086637451946,,,,,,,
3726.384037982299,0.04087427213412062,0.003918592232338786,0.07286609181953643,0.012020191167323396,0.000740053444140365,0.06073371560161637,0.016866244518368472,0.0019378766119966936,8.168709386551145e-05,0.00012206367660102443,0.006983364307879217,,,,,,,
3731.3599191421786,0.04078139376847064,0.003909328072977995,0.07266676323536589,0.011991311304113284,0.0007382423846286628,0.060471448508566374,0.01681862477606715,0.0019332643116869092,8.154540432475546e-05,0.00012172869109440578,0.006955751594347008,,,,,,,
3736.342444650319,0.04068872644977902,0.0039000858155257482,0.07246797992381099,0.011962500828027531,0.0007364357571435681,0.06021031396647969,0.01677113948218171,0.0019286629890183347,8.140396055019104e-05,0.00012139462490541544,0.006928248063425808,,,,,,,
3741.3316233789988,0.04059626969848486,0.003890865408202523,0.07226974039325279,0.01193375957235571,0.0007346335508390197,0.05995030708464821,0.016723788257113716,0.0019240726178633056,8.126276211552686e-05,0.00012106147551112303,0.0069008532833998585,,,,,,,
3746.3274642123283,0.040504023036117234,0.0038816667993512434,0.07207204315615348,0.011905087370788017,0.0007328357548955018,0.059691422993484296,0.01667657072233662,0.0019194931721563538,8.112180859521105e-05,0.00012072924039552333,0.006873566824260504,,,,,,,
3751.3299760462955,0.04041198598529221,0.0038724899374369282,0.07187488672904364,0.011876484057414153,0.0007310423585199729,0.05943365684442784,0.016629486500392452,0.0019149246258940405,8.098109956442982e-05,0.00012039791704951448,0.006846388257699304,,,,,,,
3756.3391677887525,0.040320158069710885,0.0038633347710464636,0.0716782696325128,0.011847949466722508,0.0007292533509458076,0.05917700380985719,0.0165825352148891,0.0019103669531348256,8.084063459910629e-05,0.0001200675029708819,0.00681931715710146,,,,,,,
3761.3550483594618,0.0402285388141563,0.0038542012488882527,0.0714821903911967,0.011819483433599056,0.0007274687214327252,0.058921459082996994,0.016535716490496975,0.0019058201279989037,8.070041327589895e-05,0.00011973799566427654,0.006792353097538963,,,,,,,
3766.377626690081,0.04013712774449167,0.003845089319791992,0.07128664753376769,0.011791085793326564,0.000725688459266732,0.05866701787782993,0.01648902995294636,0.0019012841246680734,8.056043517220128e-05,0.0001194093926411989,0.006765495655764059,,,,,,,
3771.4069117242093,0.04004592438765731,0.0038359989327083205,0.07109163959292242,0.011762756381583464,0.0007239125537600505,0.05841367542900536,0.016442475229024093,0.001896758917385573,8.042069986613864e-05,0.00011908169141997731,0.006738744410202484,,,,,,,
3776.442912417373,0.03995492827166872,0.003826930036708597,0.07089716510537195,0.011734495034443062,0.000722140994251061,0.05816142699175163,0.016396051946570872,0.0018922444804559595,8.028120693656927e-05,0.00011875488952575219,0.006712098940946983,,,,,,,
3781.4856377370725,0.03986413892561363,0.0038178825809845537,0.07070322261182971,0.011706301588372452,0.0007203737701042324,0.057910267841785865,0.016349759734477984,0.0018877407882449254,8.014195596308124e-05,0.00011842898449045448,0.0066855588297505715,,,,,,,
3786.535096662767,0.039773555879650084,0.003808856514848071,0.0705098106570016,0.011678175880231697,0.0007186108707100637,0.057660193275226715,0.016303598222684654,0.0018832478151791985,8.000294652599206e-05,0.00011810397385278932,0.006659123660020102,,,,,,,
3791.591298185922,0.03968317866500346,0.003799851787730833,0.07031692778957402,0.01165011774727275,0.0007168522854850143,0.057411198608505055,0.01625756704217479,0.0018787655357463495,7.986417820634715e-05,0.00011777985515821594,0.006632793016809605,,,,,,,
3796.654251309997,0.03959300681396455,0.003790868349184099,0.0701245725622039,0.011622127027138657,0.0007150980038714456,0.05716327917827728,0.01621166582497426,0.0018742939244946906,7.972565058591843e-05,0.0001174566259589299,0.006606566486813889,,,,,,,
3801.723965050475,0.03950303985988692,0.003781906148878397,0.06993274353150748,0.011594203557862523,0.0007133480153375582,0.05691643034133768,0.016165894204147872,0.0018698329560331026,7.9587363247204e-05,0.00011713428381384486,0.006580443658362004,,,,,,,
3806.800448434887,0.0394132773371843,0.003772965136603217,0.06974143925804897,0.01156634717786655,0.0007116023093773188,0.0566706474745307,0.016120251813796335,0.0018653826050308957,7.94493157734249e-05,0.00011681282628857252,0.00655442412141072,,,,,,,
3811.8837105028056,0.03932371878132862,0.003764045262266784,0.06955065830633084,0.011538557725961225,0.0007098608755104134,0.05642592597466583,0.016074738289053536,0.0018609428462176769,7.931150774852628e-05,0.00011649225095540681,0.006528507467538205,,,,,,,
3816.9737603058884,0.039234363728847074,0.00375514647589573,0.0693603992447818,0.011510835041344225,0.0007081237032821667,0.05618226125842977,0.016029353266083405,0.001856513654383189,7.917393875717429e-05,0.00011617255539330283,0.0065026932899375,,,,,,,
3822.0706069078637,0.0391452117173203,0.0037462687276348366,0.06917066064574733,0.011483178963599672,0.000706390782263496,0.055939648762302174,0.015984096382077255,0.0018520950043771926,7.903660838475564e-05,0.00011585373718786081,0.006476981183410259,,,,,,,
3827.1742593845793,0.039056262285379416,0.0037374119677467473,0.06898144108547771,0.011455589332697007,0.000704662102050835,0.05569808394246862,0.01593896727525059,0.001847686871109287,7.889951621737624e-05,0.00011553579393130636,0.006451370744360247,,,,,,,
3832.2847268239857,0.038967514972704155,0.003728576146611707,0.06879273914411854,0.011428065988990247,0.0007029376522660804,0.05545756227473708,0.015893965584840533,0.0018432892295488113,7.876266184185988e-05,0.00011521872322247333,0.006425861570787136,,,,,,,
3837.402018326185,0.03887896932001999,0.0037197612147272436,0.06860455340569893,0.011400608773216898,0.0007012174225565236,0.05521807925445161,0.0158490909511026,0.0018389020547246566,7.862604484574706e-05,0.00011490252266678476,0.006400453262280077,,,,,,,
3842.526143003414,0.03879062486909626,0.0037109671227079457,0.068416882458122,0.01137321752649719,0.0006995014025947937,0.05497963039640954,0.015804343015308163,0.0018345253217251685,7.848966481729366e-05,0.0001145871898762357,0.006375145420011546,,,,,,,
3847.657109980094,0.038702481162743246,0.003702193821285128,0.06822972489315315,0.011345892090332998,0.0006977895820787904,0.054742211234775934,0.015759721419741288,0.0018301590056979688,7.835352134546962e-05,0.00011427272246937425,0.006349937646730932,,,,,,,
3852.7949283928137,0.03861453774481039,0.0036934412613066118,0.06804307930641068,0.011318632306607098,0.0006960819507316275,0.05450581732300151,0.01571522580769612,0.0018258030818498396,7.821761401995845e-05,0.00011395911807128465,0.006324829546758465,,,,,,,
3857.939607390379,0.03852679416018339,0.0036847093937363946,0.06785694429735402,0.011291438017582069,0.0006943784983015653,0.05427044423373777,0.01567085582347382,0.0018214575254465654,7.808194243115426e-05,0.00011364637431356781,0.006299820725978823,,,,,,,
3863.0911561337984,0.03843924995478226,0.0036759981696544227,0.06767131846927434,0.011264309065899527,0.000692679214561954,0.0540360875587555,0.01562661111237988,0.0018171223118128037,7.794650617016277e-05,0.00011333448883432539,0.006274910791835124,,,,,,,
3868.249583796315,0.03835190467555886,0.0036673075402562983,0.06748620042928351,0.011237245294579184,0.000690984089311173,0.05380274290886154,0.015582491320721245,0.0018127974163319484,7.781130482879828e-05,0.00011302345927814045,0.006250099353322675,,,,,,,
3873.414899563432,0.038264757870494256,0.0036586374568529823,0.06730158878830331,0.01121024654701782,0.00068929311237256,0.053570405913816115,0.015538496095803378,0.001808482814445965,7.767633799958327e-05,0.00011271328329605995,0.006225386020982792,,,,,,,
3878.5871126329025,0.03817780908859694,0.003649987870870573,0.06711748216105595,0.01118331266698858,0.0006876062735943658,0.053339072222252225,0.015494625085927654,0.001804178481655289,7.754160527574701e-05,0.00011240395854557762,0.0062007704068967944,,,,,,,
3883.766232214778,0.03809105787989992,0.003641358733849976,0.0669338791660526,0.011156443498639871,0.000685923562849676,0.053108737501592694,0.015450877940388293,0.001799884393518652,7.740710625122418e-05,0.00011209548269061541,0.006176252124679804,,,,,,,
3888.9522675313906,0.03800450379545893,0.0036327499974466906,0.06675077842558412,0.011129638886494628,0.0006842449700363671,0.05287939743797051,0.01540725430946983,0.0017956005256529672,7.727284052065442e-05,0.00011178785340150686,0.006151830789474804,,,,,,,
3894.145227817405,0.03791814638734954,0.003624161613430482,0.06656817856570957,0.011102898675449259,0.0006825704850770291,0.052651047736146525,0.01536375384444403,0.001791326853733174,7.713880767937938e-05,0.000111481068354978,0.006127506017946455,,,,,,,
3899.3451223198,0.03783198520866542,0.0036155935336851667,0.06638607821624706,0.01107622271077292,0.000680900097918922,0.05242368411943053,0.015320376197567388,0.0017870633534921145,7.70050073234437e-05,0.00011117512523413202,0.006103277428275232,,,,,,,
3904.551960297918,0.0377460198135155,0.003607045710208287,0.06620447601076233,0.011049610838106416,0.0006792337985338986,0.05219730232959964,0.015277121022078087,0.0017828100007203816,7.68714390495921e-05,0.00011087002172842907,0.006079144640151259,,,,,,,
3909.7657510234494,0.03766024975702213,0.003598518095110899,0.06602337058655966,0.011023062903461524,0.0006775715769183606,0.05197189812682006,0.015233987972193476,0.0017785667712661957,7.673810245526887e-05,0.00011056575553367169,0.006055107274768525,,,,,,,
3914.9865037804825,0.03757467459531834,0.003590010640617248,0.06584276058467045,0.010996578753219906,0.0006759134230931826,0.05174746728956615,0.015190976703107031,0.0017743336410352515,7.660499713861659e-05,0.00011026232435198448,0.006031164954818765,,,,,,,
3920.2142278654846,0.03748929388554598,0.003581523299064556,0.06566264464984417,0.010970158234132384,0.0006742593271036678,0.0515240056145429,0.015148086870985896,0.001770110585990604,7.647212269847486e-05,0.00010995972589179963,0.00600731730448569,,,,,,,
3925.4489325873546,0.03740410718585293,0.003573056022902699,0.06548302143053714,0.010943801193317908,0.000672609279019473,0.05130150891660568,0.01510531813296785,0.0017658975821524985,7.633947873437911e-05,0.00010965795786783682,0.0059835639494389475,,,,,,,
3930.6906272674087,0.03731911405539132,0.0035646087646939908,0.06530388957890325,0.010917507478262789,0.0006709632689345631,0.05107997302868321,0.015062670147158794,0.0017616946055982721,7.620706484655924e-05,0.0001093570180010885,0.005959904516828351,,,,,,,
3935.93932123941,0.037234314054314994,0.0035561814771128946,0.0651252477507835,0.010891276936819782,0.0006693212869671421,0.05085939380169881,0.015020142572629926,0.0017575016324621923,7.607488063593904e-05,0.00010905690401880111,0.005936338635278008,,,,,,,
3941.1950238495974,0.03714970674377707,0.0035477741129457375,0.06494709460569553,0.010865109417207133,0.0006676833232595957,0.05063976710449242,0.01497773506941492,0.001753318638935326,7.594292570413403e-05,0.00010875761365445774,0.0059128659348804125,,,,,,,
3946.4577444566735,0.03706529168592814,0.003539386625090495,0.06476942880682442,0.010839004768007827,0.0006660493679784357,0.0504210888237442,0.014935447298507435,0.001749145601265413,7.581119965345091e-05,0.00010845914464776275,0.005889486047190774,,,,,,,
3951.7274924318535,0.03698106844391339,0.0035310189665564706,0.06459224902101164,0.010812962838168577,0.000664419411314236,0.05020335486389625,0.014893278921858126,0.00174498249575672,7.567970208688619e-05,0.00010816149474462223,0.0058661986052210725,,,,,,,
3957.004277158852,0.036897036581870976,0.003522671090464091,0.06441555391874614,0.010786983476999105,0.0006627934434815783,0.04998656114707729,0.014851229602372229,0.0017408292987699174,7.554843260812501e-05,0.00010786466169712965,0.0058430032434344725,,,,,,,
3962.2881080339266,0.03681319566492922,0.0035143429500445827,0.06423934217415327,0.010761066534171079,0.0006611714547189883,0.049770703613024804,0.014809299003906604,0.0017366859867219305,7.541739082153993e-05,0.00010756864326354617,0.005819899597739419,,,,,,,
3967.578994465868,0.036729545259204806,0.0035060344986397683,0.06406361246498588,0.010735211859717453,0.0006595534352888852,0.0495557782190105,0.014767486791267293,0.0017325525360858281,7.528657633218972e-05,0.00010727343720828641,0.005796887305484078,,,,,,,
3972.876945876047,0.036646084931800126,0.0034977456897017575,0.06388836347261333,0.010709419304031404,0.0006579393754775106,0.04934178093976312,0.014725792630206572,0.0017284289233906562,7.515598874581807e-05,0.00010697904130189897,0.005773966005450478,,,,,,,
3978.181971698397,0.03656281425080146,0.0034894764767927256,0.06371359388201282,0.01068368871786563,0.0006563292655948857,0.04912870776739449,0.01468421618742057,0.0017243151252213443,7.502562766885311e-05,0.00010668545332105177,0.005751135337849017,,,,,,,
3983.4940813794656,0.03647973278527627,0.003481226813584608,0.06353930238175819,0.01065801995233134,0.000654723095974737,0.04891655471132304,0.01464275713054633,0.0017202111182185302,7.48954927084046e-05,0.00010639267104851376,0.005728394944312651,,,,,,,
3988.813284378403,0.03639684010527143,0.00347299665385889,0.06336548766401118,0.01063241285889753,0.0006531208569744531,0.0487053177982003,0.014601415128159366,0.0017161168790784667,7.476558347226481e-05,0.00010610069227313898,0.0057057444678913945,,,,,,,
3994.139590166989,0.03631413578181078,0.003464785951506323,0.0631921484245112,0.010606867289390046,0.0006515225389750169,0.04849499307183597,0.014560189849770935,0.0017120323845528646,7.463589956890574e-05,0.00010580951478985005,0.005683183553046676,,,,,,,
3999.4730082296646,0.036231619386892754,0.0034565946605266476,0.06301928336256513,0.010581383095990687,0.0006499281323809503,0.04828557659312325,0.0145190809658253,0.0017079576114487618,7.450644060747861e-05,0.00010551913639962001,0.005660711845645677,,,,,,,
4004.8135480635183,0.03614929049348856,0.0034484227350283832,0.06284689118103844,0.010555960131236476,0.0006483376276202595,0.04807706443996637,0.014478088147697283,0.0017038925366284114,7.437720619781266e-05,0.00010522955490945814,0.005638328992955933,,,,,,,
4010.161219178337,0.0360671486755395,0.0034402701292285164,0.06267497058634451,0.010530598248018658,0.0006467510151443726,0.04786945270720567,0.01443721106768944,0.0016998371370091174,7.424819595041366e-05,0.00010494076813239068,0.005616034643639633,,,,,,,
4015.5160310965894,0.03598519350795523,0.0034321367974523005,0.06250352028843588,0.010505297299582005,0.000645168285428088,0.04766273750654588,0.014396449399029652,0.0016957913895631425,7.411940947646365e-05,0.00010465277388744707,0.005593828447748255,,,,,,,
4020.877993353476,0.03590342456661115,0.003424022694132942,0.062332539000793545,0.010480057139523805,0.0006435894289695109,0.047456914966481925,0.014355802815868283,0.0016917552713175373,7.399084638781799e-05,0.00010436556999964088,0.005571710056716912,,,,,,,
4026.2471154969144,0.03582184142834659,0.003415927773811403,0.06216202544041836,0.010454877621793162,0.0006420144362900029,0.047251981232227756,0.014315270993275819,0.0016877287593540483,7.386250629700637e-05,0.00010407915429995543,0.005549679123359054,,,,,,,
4031.6234070875867,0.03574044367096218,0.003407851991136089,0.06199197832782037,0.010429758600690021,0.0006404432979341188,0.04704793246564284,0.01427485360724,0.0016837118308089553,7.373438881722995e-05,0.00010379352462532609,0.005527735301860855,,,,,,,
4037.006877698926,0.03565923087321817,0.003399795300862653,0.06182239638701024,0.010404699930864455,0.000638876004469555,0.04684476484516157,0.014234550334663518,0.0016797044628729652,7.360649356236096e-05,0.00010350867881862486,0.0055058782477759305,,,,,,,
4042.397536917164,0.035578202614831765,0.0033917576578536834,0.06165327834548864,0.01037970146731568,0.0006373125464870888,0.04664247456572041,0.014194360853361164,0.0016757066327910647,7.347882014694137e-05,0.00010322461472864322,0.0054841076180198,,,,,,,
4047.7953943413186,0.03549735847647539,0.0033837390170785094,0.06148462293423774,0.010354763065391383,0.0006357529146005257,0.04644105783868792,0.014154284842057496,0.001671718317862407,7.335136818618177e-05,0.00010294133021007673,0.00546242307086461,,,,,,,
4053.2004595832404,0.03541669803977407,0.003375739333612891,0.061316428887710654,0.010329884580786704,0.0006341970994466388,0.04624051089179249,0.014114321980384044,0.0016677394954401675,7.322413729596018e-05,0.00010265882312350803,0.005440824265933679,,,,,,,
4058.6127422676022,0.035336220887303704,0.0033677585626388173,0.06114869494382286,0.010305065869543552,0.0006326450916851164,0.046040829969052885,0.014074471948876921,0.0016637701429314273,7.309712709282073e-05,0.00010237709133539134,0.005419310864196236,,,,,,,
4064.03225203193,0.03525592660258867,0.003359796659444234,0.060981419843942286,0.010280306788049707,0.0006310968819985065,0.04584201133070726,0.014034734428974235,0.0016598102377970445,7.29703371939731e-05,0.00010209613271803614,0.005397882527962074,,,,,,,
4069.4589985266307,0.03517581477009954,0.003351853579422773,0.060814602332879567,0.010255607193037945,0.0006295524610921528,0.045644051253142894,0.013995109103013414,0.0016558597575515126,7.284376721729055e-05,0.00010181594514959066,0.005376538920876165,,,,,,,
4074.89299141498,0.03509588497525131,0.003343929278073548,0.06064824115887944,0.010230966941585332,0.0006280118196941521,0.04544694602882727,0.013955595654228882,0.0016519186797628507,7.271741678130923e-05,0.0001015365265140267,0.005355279707913539,,,,,,,
4080.3342403731754,0.03501613680440083,0.0033360237110008554,0.06048233507361041,0.010206385891112248,0.0006264749485552845,0.04525069196623766,0.013916193766749302,0.0016479869820524608,7.259128550522699e-05,0.00010125787470112273,0.0053341045553738625,,,,,,,
4085.7827550903166,0.03493656984484508,0.003328136833913974,0.06031688283215631,0.010181863899381702,0.0006249418384489709,0.04505528538979297,0.013876903125595275,0.001644064642095015,7.246537300890221e-05,0.00010097998760644885,0.005313013130876347,,,,,,,
4091.2385452684603,0.0348571836848186,0.0033202686026268685,0.060151883193006,0.010157400824498383,0.000623412480171207,0.044860722639783926,0.013837723416676577,0.0016401516376183141,7.233967891285263e-05,0.00010070286313135003,0.0052920051033543995,,,,,,,
4096.701620622599,0.034777977913491784,0.0033124189730579915,0.05998733491804513,0.010132996524907957,0.0006218868645405158,0.0446670000723055,0.013798654326789908,0.0016362479464031756,7.22142028382542e-05,0.0001004264991829312,0.005271080143050534,,,,,,,
4102.171990880717,0.03469895212096838,0.003304587901229984,0.05982323677254568,0.010108650859396131,0.0006203649823978861,0.0444741140591877,0.013759695543616146,0.001632353546283292,7.208894440693982e-05,0.00010015089367404009,0.005250237921511104,,,,,,,
4107.64966578377,0.03462010589828372,0.0032967753432694845,0.05965958752515782,0.010084363687087964,0.0006188468246067238,0.04428206098792857,0.013720846755718075,0.0016284684151451271,7.196390324139893e-05,9.987604452325337e-05,0.005229478111581248,,,,,,,
4113.134655085738,0.034541438837402225,0.0032889812554068275,0.05949638594789963,0.010060134867446911,0.0006173323820527909,0.04409083726162562,0.013682107652537656,0.0016245925309277573,7.183907896477474e-05,9.960194965485913e-05,0.005208800387399639,,,,,,,
4118.62696855361,0.03446295053121571,0.0032812055939758487,0.05933363081614889,0.010035964260274149,0.0006158216456441566,0.04390043929890932,0.013643477924393804,0.001620725871622787,7.171447120086518e-05,9.932860699884212e-05,0.00518820442439348,,,,,,,
4124.126615967432,0.034384640573540806,0.0032734483154136045,0.05917132090863289,0.010011851725707632,0.0006143146063111373,0.0437108635338752,0.013604957262479655,0.0016168684152741812,7.159007957412009e-05,9.905601449086776e-05,0.005167689899273306,,,,,,,
4129.633607120298,0.03430650855911733,0.003265709376260141,0.059009455007420164,0.009987797124221395,0.0006128112550062457,0.04352210641601776,0.013566545358860314,0.0016130201399781794,7.14659037096409e-05,9.878417007226714e-05,0.0051472564900280045,,,,,,,
4135.147951818378,0.03422855408360592,0.0032579887331582605,0.058848031897910914,0.009963800316624716,0.0006113115827041386,0.04333416441016379,0.013528241906470298,0.001609181023883147,7.134194323317931e-05,9.851307169002124e-05,0.005126903875919719,,,,,,,
4140.66965988095,0.03415077674358588,0.0032502863428532573,0.058687050368827605,0.009939861164061212,0.0006098155804015528,0.04314703399640558,0.013490046599111013,0.0016053510451894547,7.121819777113602e-05,9.824271729674405e-05,0.00510663173747877,,,,,,,
4146.198741140386,0.0340731761365534,0.0032426021621926914,0.05852650921220667,0.009915979528008231,0.0006083232391172657,0.042960711670036074,0.013451959131448461,0.0016015301821493645,7.109466695056034e-05,9.797310485066971e-05,0.005086439756498732,,,,,,,
4151.735205442205,0.033995751860919014,0.0032349361481261375,0.058366407223388525,0.009892155270275826,0.000606834549892026,0.04277519394148203,0.013413979199010632,0.0015977184130668914,7.097135039914744e-05,9.770423231563485e-05,0.0050663276160313395,,,,,,,
4157.279062645055,0.03391850351600607,0.0032272882577049616,0.058206743201009443,0.009868388253006151,0.000605349503788515,0.04259047733623988,0.01337610649818526,0.0015939157162977024,7.084824774523929e-05,9.74360976610643e-05,0.005046295000381624,,,,,,,
4162.830322620765,0.03384143070204811,0.0032196584480820444,0.05804751594699161,0.009844678338672527,0.0006038680918912777,0.042406558394809425,0.013338340726217177,0.0015901220702489607,7.072535861782197e-05,9.716869886195527e-05,0.005026341595102838,,,,,,,
4168.38899525433,0.03376453302018734,0.003212046676511589,0.0578887242665351,0.009821025390078748,0.0006023903053066851,0.042223433672630296,0.013300681581206123,0.0015863374533792427,7.06026826465252e-05,9.690203389886287e-05,0.005006467086991626,,,,,,,
4173.955090443963,0.03368781007247197,0.003204452900348831,0.05773036696810793,0.009797429270358156,0.0006009161351628644,0.04204109974001618,0.013263128762104087,0.001582561844198375,7.048021946162115e-05,9.66361007578837e-05,0.0049866711640830135,,,,,,,
4179.528618101072,0.03361126146185478,0.003196877077049851,0.0575724428634381,0.009773889842973043,0.0005994455726096622,0.041859553182091835,0.01322568196871316,0.0015787952212673506,7.035796869402326e-05,9.637089743064141e-05,0.0049669535156456135,,,,,,,
4185.109588150323,0.0335348867921905,0.0031893191641712833,0.05741495076750368,0.009750406971713638,0.0005979786088185754,0.041678790598727894,0.013188340901682884,0.0015750375631981759,7.023592997528522e-05,9.610642191427114e-05,0.004947313832176633,,,,,,,
4190.698010529614,0.03345868566823425,0.003181779119370131,0.05725788949852491,0.009726980520697507,0.0005965152349827136,0.04149880860447843,0.013151105262508098,0.0015712888486537706,7.011410293759978e-05,9.584267221140539e-05,0.004927751805397141,,,,,,,
4196.293895190131,0.03338265769563904,0.003174256900403477,0.057101257877954385,0.009703610354368642,0.0005950554423167311,0.041319603828516314,0.013113974753526323,0.0015675490563478323,6.999248721379751e-05,9.557964633015674e-05,0.004908267128247084,,,,,,,
4201.897252096333,0.03330680248095412,0.0031667524651282923,0.05694505473046898,0.00968029633749675,0.000593599222056788,0.041141172914571145,0.013076949077915555,0.001563818165044724,6.987108243734628e-05,9.53173422841054e-05,0.0048888594948806085,,,,,,,
4207.50809122599,0.03323111963162278,0.0031592657715011803,0.05678927888396084,0.00965703833517645,0.0005921465654604886,0.04096351252086595,0.013040027939691855,0.0015600961535593586,6.974988824234931e-05,9.505575809228283e-05,0.004869528600661193,,,,,,,
4213.126422570203,0.033155608755980115,0.003151796777578123,0.05663392916952791,0.009633836212826449,0.0005906974638068307,0.04078661932005415,0.013003211043706865,0.0015563830007570545,6.962890426354465e-05,9.479489177915652e-05,0.004850274142156829,,,,,,,
4218.7522561334,0.03308026946325145,0.003144345441514289,0.0564790044214664,0.009610689836188855,0.0005892519083961563,0.040610489999158214,0.012966498095645651,0.0015526786855534502,6.950813013630385e-05,9.453474137461575e-05,0.0048310958171353426,,,,,,,
4224.385601933383,0.03300510136354985,0.0031369117215637498,0.05632450347726077,0.009587599071328275,0.000587809890550095,0.04043512125950662,0.012929888802024133,0.0015489831869143537,6.938756549663096e-05,9.42753049139563e-05,0.004811993324559565,,,,,,,
4230.026470001317,0.03293010406787455,0.003129495576079296,0.056170425177576075,0.009564563784631181,0.0005863714016115163,0.04026050981667296,0.012893382870186963,0.0015452964838556442,6.926720998116139e-05,9.40165804378665e-05,0.004792966364582703,,,,,,,
4235.674870381774,0.03285527718810841,0.0031220969635121537,0.05601676836624834,0.009541583842805016,0.0005849364329444727,0.04008665240041359,0.012856980008304939,0.0015416185554431386,6.91470632271607e-05,9.375856599241043e-05,0.00477401463854352,,,,,,,
4241.330813132727,0.03278062033701652,0.003114715842411801,0.055863531890276784,0.009518659112877513,0.0005835049759341551,0.03991354575460721,0.01282067992537293,0.0015379493807924846,6.902712487252416e-05,9.350125962901575e-05,0.004755137848961769,,,,,,,
4246.994308325592,0.03270613312824362,0.0031073521714256877,0.055710714599814255,0.009495789462195849,0.0005820770219868303,0.039741186637193046,0.012784482331207311,0.0015342889390690304,6.890739455577414e-05,9.324465940445675e-05,0.004736335699533392,,,,,,,
4252.665366045219,0.032631815176312584,0.003100005909299051,0.05555831534815953,0.009472974758425958,0.0005806525625298025,0.03956957182011096,0.012748386936443862,0.0015306372094877187,6.878787191606102e-05,9.298876338084158e-05,0.004717607895126005,,,,,,,
4258.343996389942,0.03255766609662199,0.003092677014874637,0.05540633299174776,0.009450214869551658,0.0005792315890113483,0.0393986980892402,0.012712393452535225,0.0015269941713129539,6.866855659316049e-05,9.273356962559529e-05,0.004698954141774138,,,,,,,
4264.03020947156,0.03248368550544456,0.0030853654470925185,0.055254766390142845,0.009427509663874017,0.0005778140929006789,0.03922856224433996,0.012676501591748846,0.001523359803858506,6.854944822747324e-05,9.247907621144793e-05,0.004680374146674747,,,,,,,
4269.724015415392,0.03240987301992472,0.0030780711649898143,0.05510361440602795,0.009404859010010477,0.0005764000656878748,0.03905916109898868,0.012640711067164433,0.0015197340864873622,6.843054646002368e-05,9.22252812164179e-05,0.004661867618182474,,,,,,,
4275.425424360266,0.032336228258077054,0.003070794127700507,0.054952875905197734,0.00938226277689417,0.0005749894988838483,0.03889049148052505,0.012605021592671857,0.0015161169986116433,6.831185093245875e-05,9.197218272379818e-05,0.004643434265805209,,,,,,,
4281.134446458549,0.03226275083878411,0.00306353429445519,0.05480254975654957,0.009359720833773127,0.0005735823840202838,0.03872255022998838,0.012569432882968785,0.0015125085196924647,6.819336128704748e-05,9.171977882214243e-05,0.004625073800199461,,,,,,,
4286.851091876174,0.03218944038179428,0.0030562916245808246,0.054652634832074644,0.009337233050209505,0.0005721787126495878,0.03855533420205889,0.012533944653558332,0.0015089086292398221,6.80750771666785e-05,9.146806760524928e-05,0.004606785933165782,,,,,,,
4292.575370792635,0.03211629650772026,0.003049066077500555,0.054503130006850316,0.009314799296078893,0.0005707784763448426,0.038388840264999856,0.012498556620746936,0.0015053173068124864,6.795699821486078e-05,9.12170471721495e-05,0.0045885703776443465,,,,,,,
4298.307293401034,0.032043318838036516,0.0030418576127334293,0.0543540341590308,0.009292419441569444,0.00056938166669975,0.03822306530059781,0.012463268501641922,0.0015017345320178733,6.78391240757211e-05,9.096671562708957e-05,0.0045704268477103115,,,,,,,
4304.046869908068,0.031970506995077926,0.003034666189894221,0.05420534616983959,0.009270093357181305,0.0005679882753285864,0.03805800620410524,0.012428080014149427,0.001498160284511941,6.772145439400365e-05,9.071707107951981e-05,0.004552355058569474,,,,,,,
4309.794110534081,0.03189786060203732,0.0030274917686931684,0.05405706492356021,0.009247820913725656,0.0005665982938661475,0.037893659884181356,0.012392990876971943,0.0014945945439990601,6.760398881506884e-05,9.046811164407818e-05,0.0045343547265536644,,,,,,,
4315.549025513043,0.03182537928296394,0.0030203343089357636,0.05390918930752873,0.009225601982324142,0.0005652117139677024,0.03773002326283529,0.012358000809606275,0.001491037290231919,6.74867269848922e-05,9.021983544057688e-05,0.004516425569116417,,,,,,,
4321.3116250926105,0.03175306266276106,0.003013193770522522,0.053761718212124505,0.009203436434408008,0.0005638285273089392,0.03756709327536736,0.01232310953234108,0.0014874885030113792,6.736966855006336e-05,8.997224059398785e-05,0.004498567304828408,,,,,,,
4327.081919534107,0.031680910367184525,0.0030060701134487725,0.05361465053076277,0.009181324141717446,0.0005624487255859195,0.03740486687031273,0.012288316766254855,0.0014839481621863966,6.72528131577849e-05,8.97253252344293e-05,0.004480779653373172,,,,,,,
4332.859919112573,0.03160892202284038,0.0029989632978044004,0.053467985159885385,0.009159264976300728,0.0005610723005150242,0.03724334100938322,0.012253622233213501,0.001480416247653869,6.713616045587123e-05,8.947908749715049e-05,0.004463062335542575,,,,,,,
4338.645634116758,0.03153709725718325,0.0029918732837736625,0.05332172099895348,0.009137258810513636,0.000559699243832907,0.037082512667411326,0.012219025655868266,0.0014768927393585575,6.701971009274809e-05,8.923352552251826e-05,0.004445415073232533,,,,,,,
4344.439074849149,0.0314654356985143,0.002984800031634946,0.05317585695043865,0.009115305517018595,0.0005583295472964457,0.03692237883229315,0.012184526757653462,0.001473377617292949,6.690346171745057e-05,8.898863745600342e-05,0.0044278375894386095,,,,,,,
4350.240251626004,0.031393936975979184,0.0029777435017605282,0.05303039191981457,0.009093404968783926,0.0005569632026826853,0.0367629365049316,0.01215012526278416,0.0014698708614971467,6.678741497962271e-05,8.874442144816574e-05,0.00441032960825161,,,,,,,
4356.049174777338,0.03132260071956641,0.002970703654616397,0.052885324815549424,0.009071557039083251,0.0005556002017888,0.036604182699181156,0.012115820896254193,0.0014663724520587705,6.66715695295162e-05,8.85008756546407e-05,0.0043928908548533695,,,,,,,
4361.865854646979,0.03125142656010507,0.00296368045076198,0.052740654549096946,0.009049761601494571,0.0005542405364320336,0.03644611444179086,0.012081613383833732,0.001462882369112818,6.655592501798943e-05,8.825799823612514e-05,0.004375521055512317,,,,,,,
4367.690301592547,0.031180414129263326,0.0029566738508499733,0.052596380034889055,0.009028018529899704,0.0005528841984496575,0.036288728772349725,0.012047502452067304,0.0014594005928415847,6.644048109650638e-05,8.801578735836417e-05,0.004358219937579294,,,,,,,
4373.522525985514,0.0311095630595461,0.002949683815626071,0.052452500190326844,0.009006327698483429,0.000551531179698917,0.0361320227432302,0.012013487828271401,0.0014559271034745155,6.632523741713542e-05,8.777424119213619e-05,0.004340987229483146,,,,,,,
4379.36253821118,0.03103887298429358,0.0029427103059287956,0.05230901393577336,0.008984688981732864,0.0005501814720569859,0.03597599341953404,0.011979569240532511,0.0014524618812881275,6.621019363254899e-05,8.753335791323978e-05,0.0043238226607266,,,,,,,
4385.210348668732,0.03096834353767887,0.002935753282689229,0.052165920194544614,0.008963102254436606,0.0005488350674209146,0.03582063787903627,0.011945746417704716,0.0014490049066058696,6.609534939602104e-05,8.729313570247964e-05,0.004306725961881888,,,,,,,
4391.065967771225,0.03089797435470659,0.002928812706930842,0.052023217892902346,0.008941567391684191,0.0005474919577075849,0.03566595321213152,0.011912019089407767,0.0014455561597980296,6.598070436142784e-05,8.705357274565365e-05,0.004289696864586634,,,,,,,
4396.929405945635,0.030827765071210517,0.0029218885397692277,0.05188090596004515,0.008920084268865166,0.0005461521348536577,0.035511936521778496,0.011878386986024688,0.0014421156212816096,6.586625818324552e-05,8.681466723353726e-05,0.004272735101539535,,,,,,,
4402.800673632847,0.030757715323852117,0.0029149807424119325,0.051738983328101264,0.008898652761668539,0.0005448155908155285,0.03535858492344673,0.011844849838699843,0.0014386832715202267,6.575201051654967e-05,8.657641736187232e-05,0.004255840406496256,,,,,,,
4408.679781287703,0.03068782475011828,0.00290808927615819,0.05159744893211972,0.008877272746081945,0.0005434823175692749,0.03520589554506156,0.011811407379336558,0.0014352590910239906,6.563796101701414e-05,8.63388213313513e-05,0.004239012514265173,,,,,,,
4414.566739378992,0.03061809298831977,0.002901214102398746,0.05145630171006308,0.008855944098391001,0.000542152307110612,0.03505386552695117,0.01177805934059519,0.0014318430603494007,6.552410934090992e-05,8.610187734760531e-05,0.004222251160703283,,,,,,,
4420.461558389483,0.03054851967758923,0.0028943551826156252,0.05131554060279917,0.00883466669517856,0.0005408255514548449,0.03490249202179275,0.011744805455890885,0.0014284351600992388,6.541045514510472e-05,8.586558362118932e-05,0.004205556082712024,,,,,,,
4426.364248815957,0.030479104457879123,0.0028875124783818962,0.051175164554092795,0.008813440413323973,0.0005395020426368134,0.034751772194558724,0.011711645459391391,0.0014250353709224443,6.529699808706053e-05,8.562993836756913e-05,0.004188927018233096,,,,,,,
4432.274821169191,0.030409846969960266,0.0028806859513614987,0.051035172510598574,0.008792265130002445,0.0005381817727108564,0.03460170322246454,0.011678579086015094,0.0014216436735140208,6.518373782483437e-05,8.53949398071085e-05,0.00417236370624446,,,,,,,
4438.193285974016,0.030340746855419556,0.0028738755633089825,0.050895563421852176,0.008771140722684222,0.0005368647337507509,0.03445228229491482,0.011645606071428711,0.0014182600486149141,6.507067401707588e-05,8.516058616505457e-05,0.004155865886756118,,,,,,,
4444.119653769302,0.03027180375665851,0.0028670812760693367,0.05075633624026327,0.008750067069134001,0.0005355509178496772,0.034303506613451704,0.011612726152045371,0.0014148844770119132,6.495780632302691e-05,8.492687567152523e-05,0.004139433300806147,,,,,,,
4450.053935108005,0.03020301731689098,0.002860303051577733,0.05061748992110685,0.008729044047410121,0.0005342403171201589,0.034155373391701445,0.011579939065022294,0.0014115169395375307,6.484513440252036e-05,8.469380656149535e-05,0.004123065690456526,,,,,,,
4455.9961405571585,0.03013438718014177,0.0028535408518593577,0.050479023422516235,0.008708071535863933,0.0005329329236940281,0.034007879855323234,0.011547244548258917,0.001408157417069905,6.473265791597915e-05,8.446137707478436e-05,0.00410676279878918,,,,,,,
4461.94628069792,0.03006591299124438,0.002846794639029151,0.050340935705474356,0.008687149413139028,0.0005316287297223659,0.033861023241956216,0.01151464234039459,0.0014048058905326804,6.462037652441526e-05,8.422958545604101e-05,0.004090524369901866,,,,,,,
4467.904366125563,0.02999759439583953,0.0028400643752916404,0.050203225733806915,0.008666277558170614,0.0005303277273754672,0.033714800801168766,0.01148213218080667,0.00140146234089491,6.450828988942861e-05,8.399842995473259e-05,0.004074350148904246,,,,,,,
4473.870407449523,0.02992943104037293,0.0028333500229406963,0.050065892474173646,0.008645455850184707,0.0005290299088427816,0.033569209794406016,0.011449713809608252,0.0013981267491709351,6.439639767320598e-05,8.376790882512955e-05,0.004058239881913787,,,,,,,
4479.844415293386,0.029861422572093902,0.0028266515443593344,0.04992893489606145,0.008624684168697563,0.0005277352663328791,0.033424247494939476,0.011417386967646295,0.0013947990964202957,6.428469953852061e-05,8.353802032629414e-05,0.004042193316051864,,,,,,,
4485.826400294942,0.029793568639053115,0.0028199689020195007,0.04979235197177585,0.008603962393514863,0.0005264437920733903,0.03327991118781507,0.011385151396499338,0.001391479363747596,6.417319514872977e-05,8.330876272206516e-05,0.004026210199439714,,,,,,,
4491.816373106172,0.029725868890101113,0.0028133020584818714,0.04965614267643397,0.0085832904047311,0.000525155478310972,0.03313619816980308,0.011353006838475625,0.0013881675323024268,6.406188416777557e-05,8.308013428104703e-05,0.004010290281194557,,,,,,,
4497.814344393282,0.029658322974886357,0.002806650976395627,0.049520305987956564,0.00856266808272885,0.0005238703173112526,0.03299310574934718,0.011320953036610947,0.0013848635832792388,6.395076626018248e-05,8.285213327659573e-05,0.0039944333114256166,,,,,,,
4503.820324836731,0.02959093054385326,0.0028000156184982503,0.04938484088706,0.00854209530817806,0.000522588301358787,0.03285063124651367,0.011288989734666546,0.0013815674979172383,6.383984109105701e-05,8.262475798680479e-05,0.00397863904123017,,,,,,,
4509.8343251312235,0.02952369124824074,0.0027933959476153306,0.04924974635724937,0.008521571962035424,0.0005213094227570137,0.032708771992942094,0.011257116677127196,0.0013782792575002902,6.372910832608658e-05,8.239800669449437e-05,0.003962907222689712,,,,,,,
4515.856355985765,0.02945660474007997,0.0027867919266603225,0.04911502138481004,0.008501097925543577,0.0005200336738282039,0.03256752533179437,0.011225333609199008,0.0013749988433567973,6.361856763153833e-05,8.217187768719638e-05,0.003947237608865986,,,,,,,
4521.886428123638,0.029389670672193037,0.0027802035186343835,0.04898066495880082,0.008480673080230582,0.0005187610469134199,0.0324268886177059,0.01119364027680756,0.0013717262368596144,6.350821867425877e-05,8.194636925714318e-05,0.003931629953797194,,,,,,,
4527.924552282467,0.029322888698190722,0.0027736306866261167,0.04884667607104559,0.00846029730790905,0.0005174915343724644,0.032286859216735166,0.011162036426595691,0.001368461419425914,6.339806112167142e-05,8.172147970125261e-05,0.003916084012494041,,,,,,,
4533.970739214193,0.0292562584724711,0.002767073393811415,0.048713053716126574,0.008439970490675614,0.0005162251285838412,0.032147434506315256,0.01113052180592165,0.0013652043725171149,6.328809464177756e-05,8.149720732111763e-05,0.0039005995409359734,,,,,,,
4540.0249996851335,0.029189779650217327,0.002760531603453204,0.04857979689137595,0.008419692510910147,0.0005149618219447,0.03200861187520388,0.011099096162856889,0.001361955077638742,6.31783189031538e-05,8.127355042299147e-05,0.0038851762960672776,,,,,,,
4546.0873444759645,0.029123451887396318,0.002754005278901286,0.048446904596869116,0.008399463251275155,0.0005137016068708022,0.03187038872343536,0.011067759246184248,0.0013587135163403538,6.306873357495175e-05,8.10505073177758e-05,0.0038698140357933423,,,,,,,
4552.157784381775,0.029057274840756528,0.0027474943835920865,0.04831437583541645,0.008379282594714994,0.0005124444757964631,0.031732762462271025,0.011036510805395762,0.0013554796702154113,6.29593383268969e-05,8.082807632100764e-05,0.003854512518976767,,,,,,,
4558.236330212051,0.028991248167826566,0.002740998881048495,0.04818220961255656,0.008359150424455354,0.0005111904211745193,0.031595730514151626,0.011005350590690823,0.0013522535209011916,6.285013282928762e-05,8.060625575284718e-05,0.0038392715054336784,,,,,,,
4564.322992790732,0.02892537152691305,0.0027345187348796177,0.04805040493654806,0.008339066624002392,0.0005099394354762702,0.03145929031264818,0.010974278352974029,0.001349035050078671,6.274111675299414e-05,8.038504393806424e-05,0.0038240907559298465,,,,,,,
4570.417782956195,0.028859644577099174,0.00272805390878061,0.04791896081836282,0.008319031077142212,0.0005086915111914449,0.03132343930241469,0.010943293843853313,0.0013458242394724287,6.263228976945747e-05,8.016443920602607e-05,0.003808970032177039,,,,,,,
4576.52071156129,0.028794066978242792,0.002721604366532458,0.04778787627167824,0.008299043667940152,0.0005074466408281494,0.031188174939139873,0.01091239681563793,0.001342621070850547,6.25236515506889e-05,7.994443989068515e-05,0.003793909096829226,,,,,,,
4582.631789473374,0.0287286383909745,0.0027151700720017577,0.04765715031286955,0.008279104280740026,0.000506204816912823,0.031053494689499358,0.010881587021336387,0.001339425526024488,6.241520176926822e-05,7.972504433056575e-05,0.003778907713478831,,,,,,,
4588.751027574295,0.028663358476696252,0.002708750989140554,0.04752678196100313,0.008259212800163588,0.0005049660319901963,0.030919396031108763,0.01085086421465463,0.0013362375868490185,6.230694009834331e-05,7.950625086875194e-05,0.003763965646653084,,,,,,,
4594.878436760453,0.02859822689757921,0.0027023470819860906,0.04739677023782834,0.008239369111109765,0.0005037302786232423,0.03078587645247584,0.010820228149993893,0.0013330572352220817,6.219886621162897e-05,7.928805785287481e-05,0.0037490826618102567,,,,,,,
4601.014027942777,0.02853324331656237,0.0026959583146606565,0.047267114167771025,0.008219573098754067,0.000502497549393136,0.03065293345295408,0.01078967858244893,0.0013298844530847118,6.209097978340593e-05,7.907046363510061e-05,0.0037342585253360566,,,,,,,
4607.157812046784,0.02846840739735041,0.0026895846513713384,0.04713781277792534,0.008199824648547809,0.0005012678368992058,0.03052056454269516,0.01075921526780584,0.0013267192224209199,6.198328048851996e-05,7.88534665721173e-05,0.0037194930045398736,,,,,,,
4613.309800012563,0.028403718804412392,0.0026832260564098646,0.04700886509804725,0.008180123646217624,0.0005000411337588929,0.030388767242603122,0.010728837962540342,0.0013235615252576013,6.187576800238075e-05,7.863706502512289e-05,0.003704785867651221,,,,,,,
4619.470002794828,0.02833917720297961,0.0026768824941523616,0.04688027016054649,0.008160469977764602,0.0004988174326077033,0.03025753908428708,0.01069854642381562,0.0013204113436644234,6.176844200096092e-05,7.842125735981262e-05,0.003690136883815993,,,,,,,
4625.638431362906,0.028274782259044246,0.0026705539290591994,0.04675202700048007,0.008140863529463797,0.0004975967260991671,0.030126877610015864,0.010668340409480562,0.0013172686597537353,6.166130216079562e-05,7.820604194636753e-05,0.0036755458230929537,,,,,,,
4631.815096700785,0.028210533639357223,0.002664240325674745,0.04662413465554425,0.008121304187863458,0.0004963790069047911,0.02999678037267112,0.010638219678067651,0.0013141334556804527,6.155434815898018e-05,7.799141715944026e-05,0.003661012456450022,,,,,,,
4638.000009807106,0.028146431011426918,0.0026579416486272114,0.04649659216606813,0.008101791839784458,0.0004951642677140181,0.029867244935702336,0.010608183988791218,0.0013110057136419748,6.14475796731709e-05,7.777738137814517e-05,0.0036465365557607735,,,,,,,
4644.193181695212,0.028082474043517047,0.0026516578626284144,0.04636939857500561,0.008082326372319523,0.0004939525012341794,0.02973826887308037,0.010578233101545327,0.001307885415878058,6.134099638158272e-05,7.756393298604406e-05,0.0036321178938007576,,,,,,,
4650.39462339314,0.028018662404645258,0.0026453889324736116,0.04624255292792896,0.008062907672832735,0.0004927437001904537,0.02960984976925274,0.010548366776902024,0.0013047725446707428,6.123459796298882e-05,7.735107037113542e-05,0.003617756244244029,,,,,,,
4656.604345943652,0.027954995764581277,0.0026391348230412914,0.04611605427302131,0.008043535628958763,0.0004915378573258245,0.029481985219098065,0.010518584776109346,0.0013016670823442341,6.112838409671959e-05,7.713879192584122e-05,0.0036034513816595457,,,,,,,
4662.822360404271,0.027891473793845094,0.002632895499292958,0.04598990166106925,0.00802421012860221,0.0004903349654010315,0.029354672827880724,0.010488886861089357,0.0012985690112648047,6.1022354462661486e-05,7.692709604699514e-05,0.003589203081507606,,,,,,,
4669.048677847265,0.027828096163705553,0.00262667092627297,0.045864094145456356,0.008004931059937059,0.0004891350171945329,0.02922791021120672,0.010459272794436375,0.0012954783138407016,6.091650874125672e-05,7.671598113583115e-05,0.0035750111201363986,,,,,,,
4675.2833093597055,0.02776486254617826,0.002620461069108318,0.04573863078215536,0.007985698311405923,0.0004879380055024573,0.029101694994978205,0.010429742339414934,0.0012923949725220367,6.0810846613500925e-05,7.65054455979697e-05,0.003560875274778394,,,,,,,
4681.526266043451,0.027701772614024314,0.002614265893008439,0.04561351062972178,0.00796651177171949,0.00048674392313856487,0.028976024815349822,0.010400295259958042,0.0012893189698006972,6.0705367760943927e-05,7.629548784340787e-05,0.0035467953235469554,,,,,,,
4687.777559015202,0.02763882604074821,0.0026080853632650175,0.04548873274928613,0.007947371329855762,0.00048555276293419975,0.028850897318683635,0.010370931320665123,0.0012862502882102344,6.060007186568741e-05,7.60861062865055e-05,0.003532771045432755,,,,,,,
4694.037199406487,0.027576022500596514,0.002601919445251805,0.04536429620454764,0.007928276875059577,0.00048436451773825124,0.028726310161505862,0.010341650286800322,0.001283188910325782,6.049495861038461e-05,7.587729934597473e-05,0.0035188022203003965,,,,,,,
4700.305198363714,0.027513361668555805,0.002595768104424396,0.045240200061766433,0.007909228296841786,0.000483179180417107,0.028602261010462152,0.010312451924290427,0.001280134818763931,6.039002767823919e-05,7.566906544486625e-05,0.0035048886288848624,,,,,,,
4706.581567048158,0.02745084322035138,0.0025896313063200746,0.0451164433897573,0.007890225484978766,0.00048199674385461386,0.02847874754227472,0.010283335999723206,0.0012770879961826627,6.028527875300433e-05,7.546140301055951e-05,0.003491030052788177,,,,,,,
4712.866316636016,0.027388466832445214,0.002583509016557579,0.044993025259881976,0.007871268329511677,0.0004808172009520315,0.028355767443698006,0.010254302280345342,0.0012740484252812183,6.0180711518981743e-05,7.525431047474904e-05,0.00347722627447588,,,,,,,
4719.159458318395,0.02732623218203458,0.002577401200836946,0.044869944746042764,0.007852356720745895,0.00047964054462799253,0.028233318411476083,0.010225350534060736,0.0012710160888000283,6.00763256610206e-05,7.504778627343394e-05,0.0034634770772736887,,,,,,,
4725.461003301346,0.027264138947050248,0.0025713078249393023,0.044747200924675455,0.007833490549250347,0.0004784667678184611,0.028111398152299145,0.010196480529428589,0.001267990969520598,5.997212086451711e-05,7.484182884690502e-05,0.0034497822453640704,,,,,,,
4731.7709628058965,0.0272021868061547,0.002565228854726658,0.04462479287474186,0.007814669705856857,0.00047729586347668347,0.027990004382760413,0.010167692035661464,0.0012649730502654099,5.986809681541277e-05,7.463643663973349e-05,0.0034361415637828075,,,,,,,
4738.08934806804,0.027140375438740778,0.002559164256141752,0.04450271967772383,0.0077958940816595795,0.0004761278245731568,0.027869134829313847,0.010138984822623626,0.0012619623138978406,5.9764253200193985e-05,7.443160810075982e-05,0.0034225548184157175,,,,,,,
4744.41617033879,0.02707870452492962,0.0025531139952078177,0.04438098041761546,0.007777163568014261,0.0004749626440955748,0.027748787228231014,0.01011035866082901,0.0012589587433220392,5.966058970589093e-05,7.422734168308029e-05,0.0034090217959951963,,,,,,,
4750.751440884169,0.02701717374556944,0.002547078038028437,0.04425957418091695,0.007758478056537767,0.0004738003150487976,0.027628959325559237,0.01008181332143956,0.0012559623214828594,5.955710602007666e-05,7.402363584403756e-05,0.0033955422840969605,,,,,,,
4757.095170985258,0.026955782782233477,0.002541056350787307,0.04413850005662712,0.007739837439107278,0.00047264083045479816,0.027509648877078838,0.010053348576263232,0.0012529730313657328,5.945380183086614e-05,7.382048904520706e-05,0.003382116071136613,,,,,,,
4763.447371938184,0.026894531317218702,0.0025350488997480923,0.04401775713623717,0.0077212416078598165,0.0004714841833526317,0.027390853648261642,0.010024964197752341,0.0012499908559966,5.93506768269153e-05,7.361789975238701e-05,0.0033687429463664315,,,,,,,
4769.808055054178,0.026833419033543804,0.0025290556512541943,0.04389734451372327,0.007702690455191516,0.00047033036679838244,0.0272725714142286,0.009996659959001558,0.0012470157784417923,5.9247730697420014e-05,7.341586643558491e-05,0.0033554226998719567,,,,,,,
4776.177231659555,0.026772445614947942,0.002523076571728606,0.04377726128554038,0.007684183873757083,0.00046917937386513375,0.027154799959708657,0.009968435633746293,0.00124404778180795,5.9144963132115716e-05,7.321438756900818e-05,0.00334215512256879,,,,,,,
4782.554913095773,0.02671161074588874,0.002517111627673679,0.04365750655061481,0.007665721756469067,0.00046803119764291467,0.027037537078996705,0.009940290996360695,0.001241086849241916,5.904237382127517e-05,7.301346163105096e-05,0.003328940006199227,,,,,,,
4788.941110719416,0.02665091411154101,0.0025111607856709807,0.043538079410338146,0.007647303996497396,0.00046688583123867007,0.026920780575912837,0.00991222582185602,0.00123813296393065,5.893996245570923e-05,7.281308710428331e-05,0.0033157771433290624,,,,,,,
4795.335835902251,0.026590355397794727,0.002505224012381064,0.04341897896855981,0.007628930487268581,0.0004657432677762078,0.02680452826376066,0.009884239885878674,0.0012351861091011234,5.883772872676455e-05,7.261326247543954e-05,0.003302666327344267,,,,,,,
4801.739100031216,0.026529934291253783,0.002499301274543316,0.04330020433158095,0.007610601122465244,0.00046460350039616787,0.026688777965286813,0.009856332964708558,0.0012322462680202312,5.87356723263233e-05,7.24139862354072e-05,0.0032896073524478066,,,,,,,
4808.150914508455,0.02646965047923418,0.0024933925389757578,0.043181754608147466,0.007592315796025439,0.0004634665222559747,0.02657352751264004,0.009828504835257228,0.0012293134239946977,5.8633792946802064e-05,7.221525687921546e-05,0.0032766000136563865,,,,,,,
4814.571290751348,0.026409503649762318,0.002487497772574842,0.04306362890944306,0.00757407440214202,0.0004623323265297968,0.026458774747330244,0.00980075527506601,0.0012263875603709719,5.853209028115084e-05,7.201707290602285e-05,0.003263644106797189,,,,,,,
4821.000240192507,0.026349493491573645,0.002481616942315305,0.04294582634908319,0.007555876835262089,0.0004612009064085088,0.026344517520188744,0.009773084062304429,0.001223468660535145,5.8430564022852696e-05,7.181943281910773e-05,0.0032507394285047615,,,,,,,
4827.437774279824,0.026289619694110738,0.0024757500152499372,0.04282834604310771,0.007537722990086317,0.0004600722550996469,0.02623075369132726,0.009745490975768224,0.0012205567079128462,5.832921386592152e-05,7.162233512585537e-05,0.003237885776217728,,,,,,,
4833.883904476463,0.026229881947522023,0.0024698969585094438,0.04271118710997492,0.007519612761568408,0.00045894636582737133,0.026117481130098583,0.009717975794877765,0.001217651685969158,5.8228039504902786e-05,7.142577833774749e-05,0.0032250829481756953,,,,,,,
4840.338642260911,0.0261702799426598,0.0024640577393022166,0.0425943486705543,0.007501546044914399,0.0004578232318324223,0.02600469771505594,0.009690538299676116,0.0012147535782085115,5.812704063487131e-05,7.122976097035066e-05,0.0032123307434160082,,,,,,,
4846.801999126965,0.02611081337107904,0.0024582323249141926,0.04247782984812055,0.007483522735582158,0.00045670284637208463,0.02589240133391399,0.009663178270827442,0.001211862368174605,5.8026216951430944e-05,7.10342815433057e-05,0.003199628961770662,,,,,,,
4853.273986583786,0.026051481925035428,0.002452420682708629,0.04236162976834636,0.00746554272928069,0.00045558520272013896,0.02578058988350853,0.009635895489615097,0.0012089780394502977,5.792556815071351e-05,7.083933858031562e-05,0.0031869774038631006,,,,,,,
4859.754616155888,0.025992285297484104,0.0024466227801259607,0.04224574755929654,0.007447605921969602,0.00045447029416683196,0.025669261269757843,0.009608689737940034,0.0012061005756575287,5.782509392937792e-05,7.064493060913504e-05,0.003174375871105152,,,,,,,
4866.24389938319,0.025933223182077695,0.0024408385846835835,0.04213018235142073,0.007429712209858437,0.0004533581140188247,0.025558413407622747,0.009581560798318902,0.001203229960457212,5.772479398460923e-05,7.045105616155878e-05,0.0031618241656938416,,,,,,,
4872.741847821004,0.025874295273165152,0.0024350680639757013,0.04201493327754769,0.007411861489406146,0.0004522486555991639,0.025448044221068264,0.009554508453882473,0.001200366177549159,5.7624668014117745e-05,7.025771377341157e-05,0.0031493220906083494,,,,,,,
4879.248473040088,0.02581550126578978,0.0024293111856731127,0.04189999947287795,0.007394053657320398,0.0004511419122472305,0.025338151643024026,0.00952753248837372,0.0011975092106719645,5.752471571613798e-05,7.006490198453525e-05,0.003136869449606861,,,,,,,
4885.763786626639,0.025756840855687944,0.002423567917523062,0.041785380074978035,0.007376288610557067,0.00045003787731871,0.025228733615346183,0.009500632686146275,0.001194659043602938,5.742493678942824e-05,6.987261933877979e-05,0.003124466047223542,,,,,,,
4892.287800182322,0.025698313739287396,0.002417838227349044,0.041671074223773676,0.007358566246319627,0.0004489365441855459,0.0251197880887786,0.009473808832162612,0.001191815660157996,5.732533093326898e-05,6.968086438399115e-05,0.0031121116887654434,,,,,,,
4898.820525324311,0.025639919613705573,0.0024121220830506094,0.04155708106154312,0.007340886462058464,0.0004478379062359011,0.025011313022914188,0.009447060711992276,0.0011889790441915716,5.722589784746239e-05,6.948963567200025e-05,0.0030998061803094203,,,,,,,
4905.3619736852725,0.02558165817674832,0.0024064194526032187,0.04144339973291132,0.007323249155470413,0.0004467419568741207,0.024903306386157335,0.00942038811181031,0.0011861491795965308,5.7126637232331363e-05,6.929893175861242e-05,0.0030875493286991423,,,,,,,
4911.912156913426,0.02552352912690796,0.0024007303040580233,0.04133002938484278,0.007305654224498063,0.00044564868952068896,0.024795766155685135,0.009393790818395389,0.0011833260503040695,5.7027548788718605e-05,6.910875120359624e-05,0.0030753409415420034,,,,,,,
4918.471086672524,0.02546553216336212,0.002395054605541727,0.041216969166635864,0.007288101567329248,0.0004445580976121934,0.02468869031741022,0.009367268619128264,0.0011805096402836386,5.6928632217985694e-05,6.891909257067334e-05,0.0030631808272061673,,,,,,,
4925.038774641915,0.025407666985971827,0.002389392325256368,0.04110421822991575,0.007270591082396354,0.00044347017460128163,0.024582076865942323,0.00934082130198992,0.0011776999335428293,5.682988722201212e-05,6.872995442750603e-05,0.0030510687948174884,,,,,,,
4931.615232516521,0.02534993329528027,0.0023837434314791773,0.04099177572862871,0.007253122668375881,0.00044238491395662575,0.024475923804551394,0.00931444865556002,0.001174896914127311,5.673131350319493e-05,6.854133534568843e-05,0.0030390046542565787,,,,,,,
4938.2004720069035,0.0252923307925109,0.002378107892562365,0.040879640819035085,0.007235696224187686,0.0004413023091628796,0.024370229145129613,0.009288150469015077,0.001172100566120711,5.663291076444656e-05,6.8353233900734e-05,0.0030269882161557686,,,,,,,
4944.79450483924,0.025234859179566273,0.0023724856769329825,0.04076781265970367,0.007218311648994539,0.0004402223537206431,0.024264990908154684,0.009261926532126919,0.0011693108736445517,5.653467870919557e-05,6.816564867206621e-05,0.003015019291896195,,,,,,,
4951.397342755385,0.025177518159026142,0.0023668767530927023,0.040656290411504675,0.007200968842201451,0.0004391450411464197,0.024160207122652252,0.009235776635260824,0.0011665278208581383,5.643661704138448e-05,6.797857824300608e-05,0.0030030976936047697,,,,,,,
4958.008997512851,0.025120307434146255,0.0023612810896176855,0.04054507323760414,0.007183667703455158,0.0004380703649725812,0.024055875826159492,0.00920970056937405,0.001163751391958484,5.633872546546943e-05,6.779202120076352e-05,0.002991223234151308,,,,,,,
4964.629480884875,0.025063226708856447,0.002355698655158363,0.04043416030345696,0.0071664081326434466,0.0004369983187473251,0.023951995064687856,0.009183698126013983,0.00116098157118021,5.6241003686419204e-05,6.760597613642501e-05,0.0029793957271455063,,,,,,,
4971.258804660396,0.02500627568775948,0.0023501294184392974,0.04032355077680121,0.007149190029894702,0.00043592889603463866,0.0238485628926869,0.009157769097316595,0.0011582183427954623,5.614345140971422e-05,6.742044164494365e-05,0.0029676149869340964,,,,,,,
4977.8969806440955,0.024949454076129324,0.002344573348258989,0.04021324382765168,0.007132013295577239,0.0004348620904142606,0.023745577373007722,0.009131913276004744,0.0011554616911138248,5.604606834134621e-05,6.723541632512885e-05,0.002955880828597894,,,,,,,
4984.5440206564335,0.024892761579909536,0.00233903041348969,0.04010323862829335,0.007114877830298705,0.00043379789548163885,0.023643036576866366,0.00910613045538645,0.0011527116004822148,5.594885418781606e-05,6.705089877963483e-05,0.002944193067948874,,,,,,,
4991.199936533634,0.02483619790571202,0.0023335005830772636,0.03999353435327578,0.00709778353490563,0.00043273630484789657,0.023540938583808305,0.009080420429353376,0.0011499680552848179,5.585180865613455e-05,6.68668876149513e-05,0.0029325515215273307,,,,,,,
4997.864740127748,0.024779762760815182,0.0023279838260409683,0.03988413017940629,0.007080730310482689,0.0004316773121397902,0.023439281481671785,0.009054782992379037,0.0011472310399429767,5.575493145382022e-05,6.668338144139134e-05,0.0029209560065989438,,,,,,,
5004.5384433066265,0.02472345585316274,0.002322480111473327,0.03977502528574439,0.007063718058352274,0.0004306209109996744,0.02333806336655271,0.009029217939517293,0.001144500538915119,5.565822228889901e-05,6.650037887308272e-05,0.00290940634115197,,,,,,,
5011.221057953995,0.024667276891361868,0.002316989408539913,0.03966621885359496,0.0070467466800738215,0.0004295670950854606,0.023237282342768294,0.009003725066400575,0.0011417765366966571,5.556168086990334e-05,6.6317878527956e-05,0.0028979023438943188,,,,,,,
5017.912595969424,0.024611225584682057,0.0023115116864792155,0.03955771006650285,0.0070298160774433195,0.00042851585807058233,0.02313693652282224,0.008978304169238402,0.001139059017819911,5.5465306905871165e-05,6.613587902773476e-05,0.0028864438342507785,,,,,,,
5024.613069268394,0.024555301643053258,0.00230604691460243,0.03944949811024598,0.007012926152492645,0.00042746719364395374,0.023037024027368704,0.00895295504481557,0.0011363479668540096,5.5369100106345134e-05,6.595437899792492e-05,0.002875030632360101,,,,,,,
5031.322489782275,0.02449950477706471,0.002300595062293325,0.039341582172829945,0.006996076807489134,0.0004264210955099352,0.02293754298517778,0.008927677490490728,0.001133643368404814,5.527306018137171e-05,6.577337706780491e-05,0.002863662559072266,,,,,,,
5038.040869458391,0.02444383469796309,0.0022951560990080297,0.039233961444481276,0.006979267944934857,0.0004253775573882921,0.022838491533099792,0.008902471304194573,0.0011309452071148177,5.517718684150018e-05,6.559287187041449e-05,0.0028523394359455862,,,,,,,
5044.7682202600045,0.02438829111765136,0.0022897299942748993,0.03912663511764192,0.006962499467566184,0.0004243365730141596,0.022739867816030955,0.008877336284428378,0.0011282534676630741,5.508147979778222e-05,6.54128620425448e-05,0.002841061085243976,,,,,,,
5051.504554166351,0.024332873748687107,0.0022843167176943282,0.03901960238696292,0.006945771278353164,0.0004232981361380061,0.022641669986878412,0.00885227223026232,0.0011255681347650981,5.498593876177036e-05,6.523334622472856e-05,0.0028298273299341213,,,,,,,
5058.24988317268,0.02427758230428096,0.002278916238938566,0.038912862449298175,0.006929083280498951,0.00042226224052558937,0.022543896206525384,0.008827278941333823,0.0011228891931727803,5.4890563445517604e-05,6.50543230612288e-05,0.0028186379936826923,,,,,,,
5065.004219290235,0.024222416498295374,0.0022735285277515793,0.03880641450369892,0.006912435377439294,0.00042122887995792895,0.022446544643797285,0.008802356217846082,0.0011202166276743073,5.479535356157635e-05,6.487579120002979e-05,0.0028074929008536265,,,,,,,
5071.767574546318,0.024167376045242835,0.0022681535539488536,0.038700257751407126,0.006895827472841917,0.0004201980482312583,0.022349613475426796,0.008777503860566322,0.0011175504230940673,5.4700308822997646e-05,6.469774929282532e-05,0.0027963918765053024,,,,,,,
5078.539960984276,0.024112460660284708,0.0022627912874172386,0.03859439139585011,0.006879259470606031,0.0004191697391569977,0.022253100886020356,0.008752721670824349,0.0011148905642925718,5.460542894333022e-05,6.452019599501033e-05,0.0027853347463878695,,,,,,,
5085.321390663553,0.0240576700592294,0.0022574416981147732,0.03848881464263393,0.00686273127486169,0.0004181439465617073,0.022157005068023514,0.008728009450510815,0.0011122370361663606,5.4510713636619564e-05,6.434312996566927e-05,0.002774321336940429,,,,,,,
5092.111875659677,0.02400300395853128,0.0022521047560705304,0.03838352669953807,0.0068462427899693345,0.0004171206642870598,0.022061324221687727,0.008703367002075791,0.001109589823647926,5.441616261740763e-05,6.416654986756668e-05,0.002763351475288397,,,,,,,
5098.911428064322,0.023948462075288852,0.0022467804313844224,0.03827852677650885,0.006829793920519157,0.00041609988618979355,0.021966056555036004,0.008678794128527009,0.0011069489117056161,5.432177560073071e-05,6.399045436713681e-05,0.0027524249892407118,,,,,,,
5105.720059985287,0.023894044127243618,0.002241468694227068,0.03817381408565414,0.006813384571330608,0.0004150816061416857,0.02187120028382998,0.008654290633428482,0.001104314285343565,5.422755230212017e-05,6.38148421344741e-05,0.002741541707287203,,,,,,,
5112.537783546559,0.023839749832778267,0.00223616951483959,0.0380693878412368,0.006797014647451795,0.00041406581802950544,0.021776753631535885,0.008629856320898754,0.0011016859296015856,5.413349243760034e-05,6.36397118433223e-05,0.0027307014585958218,,,,,,,
5119.364610888293,0.023785578910915588,0.0022308828635334817,0.03796524725966943,0.00678068405415899,0.00041305251575498724,0.02168271482929188,0.008605490995609488,0.0010990638295551103,5.403959572368822e-05,6.346506217106498e-05,0.0027199040730100433,,,,,,,
5126.200554166879,0.023731531081316676,0.0022256087106904093,0.03786139155950787,0.0067643926969560035,0.0004120416932347842,0.021589082115874313,0.008581194462783761,0.0010964479703150802,5.394586187739257e-05,6.329089179871534e-05,0.0027091493810461175,,,,,,,
5133.045625554919,0.023677606064279752,0.0022203470267620727,0.03775781996144585,0.006748140481573716,0.0004110333444004408,0.02149585373766528,0.00855696652819463,0.0010938383370278845,5.3852290616212836e-05,6.311719941090673e-05,0.0026984372138904697,,,,,,,
5139.8998372412725,0.023623803580738605,0.0022150977822700305,0.037654531688308936,0.006731927313969523,0.0004100274631983506,0.02140302794861952,0.008532806998163531,0.001091234914875261,5.3758881658138955e-05,6.294398369588191e-05,0.002687767403397028,,,,,,,
5146.76320143109,0.023570123352261007,0.002209860947805518,0.03755152596504846,0.006715753100326704,0.0004090240435897207,0.021310603010231546,0.008508715679558672,0.0010886376890742123,5.3665634721649245e-05,6.277124334548357e-05,0.0026771397820845506,,,,,,,
5153.635730345799,0.023516565101047587,0.0022046364940293147,0.03744880201873624,0.006699617747054001,0.00040802307955053807,0.021218577191503562,0.008484692379793614,0.001086046644876935,5.357254952571109e-05,6.259897705514488e-05,0.002666554183134068,,,,,,,
5160.5174362231655,0.02346312854993006,0.0021994243916715474,0.03734635907855816,0.006683521160784983,0.00040702456507152985,0.021126948768912465,0.008460736906825604,0.0010834617675707144,5.347962578977892e-05,6.242718352387873e-05,0.0026560104403861896,,,,,,,
5167.408331317278,0.023409813422370095,0.002194224611531556,0.03724419637580906,0.006667463248377577,0.0004060284941581309,0.021035716026378156,0.008436849069154137,0.0010808830424778662,5.338686323379386e-05,6.225586145426856e-05,0.0026455083883385657,,,,,,,
5174.308427898609,0.02335661944245759,0.0021890371244777003,0.03714231314388623,0.006651443916913442,0.00040503486083044374,0.020944877255230806,0.008413028675819348,0.0010783104549556273,5.3294261578182835e-05,6.208500955245823e-05,0.002635047862143215,,,,,,,
5181.217738253992,0.02330354633490955,0.0021838619014472277,0.03704070861828439,0.0066354630736975544,0.00040404365912320836,0.020854430754179462,0.008389275536400577,0.0010757439903960975,5.32018205438577e-05,6.19146265281429e-05,0.0026246286976040157,,,,,,,
5188.136274686692,0.023250593825068323,0.002178698913446077,0.036939382036589266,0.006619520626257531,0.0004030548830857583,0.02076437482927956,0.008365589461014731,0.0010731836342261357,5.310953985221438e-05,6.174471109455791e-05,0.002614250731174055,,,,,,,
5195.064049516378,0.02319776163890054,0.002173548131548752,0.03683833263847253,0.0066036164823432145,0.0004020685267819946,0.02067470779390183,0.008341970260314892,0.0010706293719072917,5.301741922513207e-05,6.157526196847078e-05,0.0026039137999531283,,,,,,,
5202.001075079195,0.02314504950299537,0.0021684095268981224,0.03673755966568546,0.006587750549926057,0.00040108458429034013,0.02058542796870009,0.008318417745488674,0.0010680811889357132,5.2925458384972265e-05,6.140627787017008e-05,0.0025936177416851203,,,,,,,
5208.947363727735,0.023092457144563382,0.0021632830707052986,0.03663706236205385,0.006571922737198652,0.000400103049703714,0.020496533681580383,0.008294931728256844,0.0010655390708420732,5.283365705457845e-05,6.123775752345698e-05,0.002583362394755511,,,,,,,
5215.90292783111,0.023039984291434855,0.002158168734249435,0.036536839973471756,0.006556132952574119,0.0003991239171294862,0.0204080232676691,0.00827151202087169,0.0010630030031914778,5.274201495727411e-05,6.106969965563407e-05,0.0025731475981887932,,,,,,,
5222.867779774928,0.022987630672058636,0.002153066488877599,0.03643689174789634,0.0065403811046856825,0.00039814718068945137,0.020319895069282275,0.008248158436115626,0.001060472971583392,5.2650531816863394e-05,6.090210299749747e-05,0.0025629731916459878,,,,,,,
5229.8419319613395,0.02293539601550062,0.0021479763060045986,0.03633721693534202,0.006524667102386069,0.0003971728345197874,0.02023214743589435,0.008224870787299665,0.0010579489616515585,5.255920735762908e-05,6.07349662833264e-05,0.002552839015422111,,,,,,,
5236.82539680907,0.022883280051442228,0.0021428981571128083,0.036237814787874606,0.006508990854746954,0.00039620087277102167,0.020144778724107026,0.008201648888261836,0.0010554309590639058,5.246804130433221e-05,6.056828825087294e-05,0.0025427449104436315,,,,,,,
5243.818186753407,0.02283128251017927,0.00213783201375204,0.03613868455960621,0.006493352271058553,0.0003952312896079977,0.020057787297619003,0.008178492553365864,0.0010529189495224796,5.237703338221163e-05,6.040206764135408e-05,0.0025326907182660462,,,,,,,
5250.8203142462635,0.02277940312262026,0.0021327778475393492,0.03603982550668908,0.00647775126082895,0.0003942640792098374,0.01997117152719475,0.008155401597499522,0.0010504129187633518,5.2286183316982065e-05,6.023630319944073e-05,0.002522676281071318,,,,,,,
5257.831791756161,0.022727641620285326,0.00212773563015891,0.03594123688731056,0.006462187733783697,0.000393299235769909,0.01988492979063456,0.00813237583607329,0.0010479128525565473,5.219549083483482e-05,6.007099367324948e-05,0.0025127014416654637,,,,,,,
5264.852631768286,0.022675997735304473,0.002122705333361823,0.03584291796168698,0.006446661599865209,0.0003923367534957894,0.019799060472743626,0.008109415085018746,0.0010454187367059558,5.2104955662435297e-05,5.990613781433169e-05,0.00250276604347603,,,,,,,
5271.882846784482,0.022624471200416572,0.002117686928965987,0.03574486799205868,0.006431172769232306,0.00039137662660923187,0.019713561965302315,0.008086519160787231,0.0010429305570492588,5.2014577526923745e-05,5.974173437766571e-05,0.0024928699305496833,,,,,,,
5278.922449323305,0.022573061748967636,0.0021126803888559214,0.03564708624268386,0.00641572115225961,0.00039041884934612903,0.01962843266703552,0.008063687880348242,0.0010404482994578411,5.192435615591329e-05,5.957778212164622e-05,0.0024830129475497185,,,,,,,
5285.971451920003,0.022521769114909742,0.002107685684982615,0.0355495719798337,0.006400306659537151,0.00038946341595648084,0.01954367098358321,0.008040921061188113,0.0010379719498367188,5.1834291277489594e-05,5.9414279808075395e-05,0.0024731949397536705,,,,,,,
5293.029867126588,0.02247059303279933,0.0021027027893633678,0.035452324471786215,0.0063849292018697025,0.00038851032070435707,0.01945927532747003,0.008018218521308412,0.00103550149412445,5.174438262021e-05,5.925122620215337e-05,0.0024634157530508288,,,,,,,
5300.097707511809,0.02241953323779619,0.0020977316740816436,0.03535534298882138,0.006369588690276392,0.0003875595578678661,0.019375244118076097,0.007995580079224629,0.0010330369182930687,5.1654629913102674e-05,5.9088620072469324e-05,0.002453675233939872,,,,,,,
5307.1749856612205,0.022368589465661746,0.00209277231128689,0.03525862680321505,0.0063542850359901044,0.00038661112173911724,0.01929157578160688,0.007973005553964569,0.0010305782083479848,5.156503288566578e-05,5.892646019099153e-05,0.00244397322952641,,,,,,,
5314.261714177166,0.022317761452757958,0.002087824673194411,0.03516217518923402,0.006339018150457012,0.0003856650066241892,0.019208268751064187,0.007950494765067057,0.001028125350327927,5.147559126786659e-05,5.87647453330584e-05,0.002434309587520628,,,,,,,
5321.3579056788185,0.02226704893604586,0.002082888732085197,0.03506598742313042,0.006323787945336052,0.0003847212068430957,0.019125321466216576,0.007928047532580421,0.0010256783303048491,5.138630479014104e-05,5.860347427736961e-05,0.0024246841562348756,,,,,,,
5328.463572802216,0.022216451653084054,0.0020779644603057586,0.03497006278313592,0.006308594332498387,0.0003837797167297484,0.019042732373570036,0.007905663677061017,0.001023237134383852,5.129717318339237e-05,5.8442645805976134e-05,0.0024150967845812674,,,,,,,
5335.5787282002475,0.022165969342027646,0.0020730518302679996,0.03487440054945697,0.006293437224026957,0.000382840530631927,0.018960499926339212,0.007883343019571894,0.001020801748703112,5.120819617899065e-05,5.828225870427156e-05,0.0024055473220693504,,,,,,,
5342.703384542721,0.0221156017416266,0.0020681508144490307,0.034779000004268736,0.006278316532215884,0.0003819036429112415,0.01887862258441807,0.007861085381681246,0.001018372159433793,5.11193735087719e-05,5.812231176098268e-05,0.002396035618803701,,,,,,,
5349.837554516342,0.022065348591224637,0.002063261385391046,0.03468386043171032,0.006263232169570058,0.00038096904794310206,0.018797098814351414,0.007838890585461115,0.00101594835277998,5.1030704905037306e-05,5.7962803768160765e-05,0.002386561525481619,,,,,,,
5356.981250824773,0.022015209630757638,0.0020583835157011398,0.0345889811178788,0.006248184048804555,0.0003800367401166816,0.018715927089305803,0.007816758453485832,0.0010135303149785826,5.094219010055225e-05,5.780373352117179e-05,0.0023771248933907303,,,,,,,
5364.134486188625,0.02196518460075257,0.0020535171780511814,0.03449436135082448,0.006233172082844189,0.0003791067138348854,0.01863510588904132,0.007794688808830732,0.0010111180322992799,5.0853828828546095e-05,5.764509981868778e-05,0.0023677255744067025,,,,,,,
5371.297273345511,0.021915273242325835,0.0020486623451776336,0.034400000420544925,0.0062181961848229534,0.00037817896351431446,0.018554633699882733,0.007772681475070611,0.0010087114910444176,5.076562082271016e-05,5.748690146267749e-05,0.0023583634209908754,,,,,,,
5378.469625050034,0.02186547529718226,0.00204381898988143,0.03430589761898023,0.006203256268083583,0.00037725348358523504,0.01847450901469153,0.007750736276278454,0.001006310677548955,5.0677565817198565e-05,5.7329137258398006e-05,0.002349038286187993,,,,,,,
5385.65155407385,0.021815790507613446,0.0020389870850277903,0.03421205224000716,0.006188352246176969,0.00037633026849154207,0.01839473033283726,0.007728853037023862,0.0010039155781803662,5.058966354662568e-05,5.717180601438433e-05,0.0023397500236238423,,,,,,,
5392.843073205647,0.02176621861649673,0.0020341666035461024,0.03411846357943437,0.0061734840328617506,0.00037540931269072894,0.01831529616016992,0.0077070315823718335,0.0010015261793385774,5.050191374606694e-05,5.7014906542442134e-05,0.0023304984875030152,,,,,,,
5400.04419525121,0.02171675936729354,0.0020293575184297356,0.034025130934996595,0.006158651542103742,0.0003744906106538512,0.018236205008991452,0.007685271737881199,0.0009991424674558797,5.041431615105689e-05,5.685843765763728e-05,0.0023212835326065534,,,,,,,
5407.2549330334095,0.021667412504048376,0.002024559802735921,0.033932053606349856,0.006143854688075483,0.0003735741568654955,0.018157455398028335,0.007663573329603352,0.0009967644289968587,5.032687049758879e-05,5.670239817828802e-05,0.002312105014289733,,,,,,,
5414.475299392239,0.02161817777138732,0.0020197734295855853,0.033839230895066005,0.006129093385155721,0.0003726599458237474,0.018079045852403646,0.007641936184080809,0.0009943920504583194,5.023957652211427e-05,5.654678692595515e-05,0.002302962788479763,,,,,,,
5421.705307184851,0.021569054914516654,0.002014998372163189,0.03374666210462725,0.006114367547928902,0.0003717479720401529,0.018000974903609246,0.007620360128345771,0.000992025318369195,5.0152433961541334e-05,5.639160272543357e-05,0.0022938567116735074,,,,,,,
5428.944969285547,0.021520043679221744,0.002010234603716607,0.033654346540421445,0.006099677091184722,0.00037083823003969396,0.017923241089478733,0.007598844989918859,0.0009896642192904928,5.0065442553235184e-05,5.6236844404743666e-05,0.0022847866409352728,,,,,,,
5436.19429858584,0.02147114381186548,0.0020054820975569415,0.03356228350973632,0.006085021929917554,0.0003699307143607465,0.01784584295415953,0.007577390596807603,0.0009873087398151968,4.9978602035015734e-05,5.608251079512182e-05,0.0022757524338945226,,,,,,,
5443.453307994437,0.021422355059387235,0.0020007408270584096,0.03347047232175481,0.006070401979326078,0.0003690254195550565,0.01776877904808615,0.007555996777505196,0.000984958866568207,4.989191214515838e-05,5.592860073101201e-05,0.0022667539487436898,,,,,,,
5450.722010437301,0.02137367716930125,0.0019960107656581587,0.033378912287549356,0.006055817154812649,0.00036812234018769846,0.017692047927952526,0.007534663360988996,0.000982614586206252,4.9805372622392104e-05,5.5775113050056804e-05,0.0022577910442358948,,,,,,,
5458.000418857637,0.02132510988969564,0.0019912918868561507,0.03328760272007724,0.006041267371982925,0.00036722147083705195,0.017615648156685478,0.007513390176719293,0.0009802758854178238,4.971898320589914e-05,5.5622046593089145e-05,0.0022488635796827903,,,,,,,
5465.288546215952,0.021276652969230803,0.001986584164214983,0.03319654293417492,0.006026752546645302,0.00036632280609475955,0.017539578303417312,0.007492177054637787,0.0009779427509230912,4.963274363531413e-05,5.546940020412234e-05,0.002239971414952284,,,,,,,
5472.5864054900385,0.0212283061571384,0.001981887571359768,0.03310573224655346,0.0060122725948104855,0.0003654263405657038,0.01746383694345952,0.007471023825166405,0.0009756151694738355,4.954665365072335e-05,5.5317172730342906e-05,0.0022311144104664115,,,,,,,
5479.894009675042,0.021180069203219735,0.0019772020819779647,0.033015169975792756,0.005997827432690928,0.0003645320688679657,0.017388422658275587,0.0074499303192057855,0.0009732931278533641,4.946071299266378e-05,5.516536302210054e-05,0.0022222924271990798,,,,,,,
5487.211371783443,0.021131941857844786,0.0019725276698192395,0.03292485544233702,0.005983416976700443,0.00036363998563280055,0.01731333403545488,0.007428896368134044,0.0009709766128764473,4.937492140212278e-05,5.5013969932900425e-05,0.0022135053266739368,,,,,,,
5494.538504845094,0.021083923871950738,0.001967864308695324,0.03283478796848937,0.005969041143453653,0.0003627500855046007,0.01723856966868595,0.007407921803805378,0.0009686656113892344,4.9289278620536644e-05,5.486299231939378e-05,0.0022047529709621695,,,,,,,
5501.87542190727,0.02103601499704063,0.0019632119724798565,0.03274496687840664,0.005954699849765485,0.0003618623631408638,0.017164128157730125,0.00738700645854868,0.0009663601102691797,4.920378438979028e-05,5.47124290413696e-05,0.002196035222680331,,,,,,,
5509.22213603464,0.02098821498518229,0.0019585706351082457,0.0326553914980947,0.005940393012650797,0.00036097681321216335,0.017090008108395578,0.0073661501651663,0.0009640600964249745,4.911843845221629e-05,5.456227896174644e-05,0.0021873519449882237,,,,,,,
5516.578660309344,0.02094052358900678,0.0019539402705775174,0.03256606115540292,0.0059261205493237575,0.0003600934304021134,0.01701620813251085,0.007345352756932591,0.0009617655567964642,4.903324055059423e-05,5.4412540946562636e-05,0.0021787030015866984,,,,,,,
5523.9450078309665,0.02089294056170739,0.0019493208529461816,0.032476975180019615,0.00591188237719749,0.00035921220940733986,0.01694272684789922,0.007324614067592693,0.0009594764783545825,4.894819042814979e-05,5.4263213864969285e-05,0.002170088256715571,,,,,,,
5531.321191716607,0.020845465657038112,0.0019447123563340633,0.03238813290346651,0.00589767841388351,0.00035833314493744514,0.016869562878352465,0.007303933931361088,0.0009571928481012694,4.8863287828553976e-05,5.4114296589220384e-05,0.00216150757515143,,,,,,,
5538.70722510086,0.020798098629312596,0.0019401147549221885,0.03229953365909425,0.0058835085771913095,0.00035745623171498127,0.01679671485360542,0.0072833121829204,0.0009549146530694049,4.8778532495922776e-05,5.3965787994665405e-05,0.0021529608222055803,,,,,,,
5546.103121135878,0.02075083923340264,0.0019355280229526074,0.03221117678207686,0.005869372785127812,0.0003565814644754113,0.016724181409309993,0.007262748657419923,0.0009526418803227276,4.869392417481533e-05,5.381768695973948e-05,0.002144447863721865,,,,,,,
5553.5088929913545,0.020703687224737186,0.0019309521347282814,0.03212306160940731,0.0058552709558969815,0.0003557088379670859,0.01665196118700993,0.007242243190474468,0.0009503745169557725,4.8609462610234674e-05,5.36699923659565e-05,0.002135968566074621,,,,,,,
5560.924553854592,0.02065664235930075,0.0019263870646129084,0.03203518747989197,0.005841203007899275,0.0003548383469512034,0.01658005283411506,0.0072217956181629,0.0009481125500937803,4.85251475476253e-05,5.3522703097899414e-05,0.0021275227961665157,,,,,,,
5568.350116930479,0.020609704393632487,0.0019218327870308104,0.03194755373414622,0.0058271688597312235,0.00035396998620178667,0.01650845500387627,0.007201405777026958,0.0009458559668926462,4.8440978732873986e-05,5.3375818043212376e-05,0.0021191104214265265,,,,,,,
5575.785595441558,0.02056287308482462,0.0019172892764667577,0.03186015971458893,0.005813168430184919,0.0003531037505056435,0.016437166355359963,0.00718107350406982,0.0009436047545388239,4.8356955912307835e-05,5.3229336092592126e-05,0.0021107313098077973,,,,,,,
5583.231002628013,0.020516148190521433,0.0019127565074658548,0.031773004765438026,0.00579920163824758,0.0003522396346623427,0.016366185553423243,0.007160798636754915,0.0009413589002492739,4.8273078832694e-05,5.308325613977996e-05,0.002102385329785614,,,,,,,
5590.686351747706,0.020469529468917922,0.001908234454633386,0.03168608823270536,0.005785268403101075,0.00035137763348417846,0.0162955112686888,0.00714058101300457,0.0009391183912713773,4.818934724123923e-05,5.293757708155321e-05,0.002094072350355323,,,,,,,
5598.151656076221,0.02042301667875841,0.00190372309263466,0.031599409464191604,0.005771368644121403,0.00035051774179613944,0.016225142177519795,0.007120420471198676,0.0009368832148828652,4.81057608855881e-05,5.2792297817716206e-05,0.002085792241030246,,,,,,,
5605.626928906843,0.020376609579335576,0.001899222396194897,0.03151296780948179,0.005757502280878339,0.0003496599544358801,0.01615507696199552,0.007100316850173496,0.0009346533583917555,4.8022319513823563e-05,5.264741725109337e-05,0.0020775448718396905,,,,,,,
5613.112183550636,0.020330307930488928,0.001894732340099055,0.03142676261993995,0.005743669233134835,0.0003488042662536866,0.016085314309886203,0.007080269989220267,0.0009324288091362642,4.793902287446516e-05,5.25029342875197e-05,0.0020693301133268495,,,,,,,
5620.6074333364095,0.02028411149260381,0.001890252899191719,0.03134079324870475,0.005729869420846667,0.0003479506721124492,0.016015852914628946,0.0070602797280840054,0.0009302095544847545,4.7855870716468736e-05,5.2358847835833084e-05,0.0020611478365468255,,,,,,,
5628.112691610799,0.020238020026609915,0.001885784048376931,0.0312550590506841,0.005716102764161899,0.00034709916688762803,0.015946691475302744,0.007040345906962151,0.0009279955818356426,4.777286278922556e-05,5.2215156807865846e-05,0.0020529979130645454,,,,,,,
5635.627971738234,0.020192033293980314,0.0018813257626180786,0.031169559382550876,0.005702369183420478,0.00034624974546722546,0.015877828696604614,0.007020468366503375,0.0009257868786173478,4.7689998842561616e-05,5.2071860118436927e-05,0.00204488021495281,,,,,,,
5643.153287101019,0.02014615105672992,0.001876878016937724,0.031084293602737532,0.005688668599153694,0.00034540240275175265,0.015809263288824864,0.007000646947806202,0.0009235834322882032,4.760727862673681e-05,5.192895668534308e-05,0.002036794614790226,,,,,,,
5650.688651099298,0.020100373077414576,0.0018724407864174962,0.030999261071431805,0.005675000932083834,0.0003445571336542016,0.015740993967823393,0.00698088149241785,0.0009213852303363969,4.752470189244423e-05,5.17864454293511e-05,0.0020287409856592567,,,,,,,
5658.234077151137,0.02005469911912954,0.0018680140461979193,0.030914461150571428,0.0056613661031235975,0.00034371393310001164,0.0156730194550052,0.006961171842332855,0.0009191922602798924,4.744226839080932e-05,5.164432527418947e-05,0.0020207192011441858,,,,,,,
5665.789578692494,0.02000912894550851,0.001863597771478304,0.03082989320383983,0.0056477640333757444,0.00034287279602704233,0.015605338477296875,0.006941517839991915,0.0009170045096663647,4.7359977873389574e-05,5.150259514654077e-05,0.00201272913532917,,,,,,,
5673.355169177291,0.019963662320722126,0.001859191937516579,0.030745556596660867,0.0056341946441325645,0.0003420337173855396,0.015537949767122309,0.006921919328280522,0.0009148219660731232,4.727783009217274e-05,5.136125397603238e-05,0.0020047706627962293,,,,,,,
5680.930862077397,0.019918299009477034,0.0018547965196291784,0.03066145069619449,0.00562065785687547,0.00034119669213810794,0.015470852062379352,0.006902376150527805,0.0009126446171070458,4.719582479957746e-05,5.1220300695229825e-05,0.0019968436586233107,,,,,,,
5688.516670882674,0.019873038777014514,0.0018504114931908917,0.030577574871331815,0.005607153593274524,0.0003403617152596805,0.015404044106416003,0.006882888150505238,0.0009104724504045099,4.711396174845139e-05,5.107973423962791e-05,0.001988947998382314,,,,,,,
5696.112609101009,0.019827881389109202,0.0018460368336347154,0.030493928492690205,0.005593681775187967,0.0003395287817374856,0.015337524648006709,0.006863455172425326,0.0009083054536313138,4.7032240692071e-05,5.0939553547642614e-05,0.0019810835581371123,,,,,,,
5703.718690258307,0.01978282661206809,0.0018416725164517407,0.030410510932608964,0.005580242324661814,0.0003386978865710205,0.015271292441329319,0.006844077060940495,0.0009061436144826168,4.6950661384140715e-05,5.079975756060337e-05,0.0019732502144416604,,,,,,,
5711.334927898558,0.019737874212729045,0.0018373185171909872,0.030327321565144155,0.005566835163929326,0.00033786902477201834,0.015205346245941314,0.006824753661141717,0.0009039869206828607,4.686922357879206e-05,5.06603452227449e-05,0.0019654478443380027,,,,,,,
5718.96133558381,0.019693023958459892,0.001832974811459293,0.030244359766064384,0.005553460215410671,0.00033704219136442107,0.015139684826757005,0.006805484818557382,0.0009018353599857084,4.678792703058342e-05,5.0521315481199696e-05,0.0019576763253543908,,,,,,,
5726.597926894247,0.019648275617156933,0.0018286413749211583,0.03016162491284562,0.005540117401712348,0.00033621738138434656,0.015074306954023972,0.006786270379151957,0.0008996889201739656,4.670677149449824e-05,5.0382667285988976e-05,0.0019499355355033167,,,,,,,
5734.244715428165,0.019603628957244004,0.0018243181832986182,0.030079116384667027,0.005526806645626849,0.0003353945898800616,0.015009211403300467,0.0067671101893248655,0.0008975475890595204,4.662575672594562e-05,5.02443995900162e-05,0.0019422253532796374,,,,,,,
5741.9017148020375,0.019559083747671024,0.0018200052123711022,0.029996833562405806,0.005513527870132137,0.00033457381191194974,0.014944396955432055,0.006748004095909146,0.0008954113544832652,4.654488248075853e-05,5.010651134905791e-05,0.0019345456576586322,,,,,,,
5749.568938650497,0.01951463975791306,0.0018157024379753092,0.02991477582863304,0.005500280998391258,0.00033375504255248376,0.014879862396529171,0.006728951946170342,0.0008932802043150361,4.6464148515193566e-05,4.996900152175686e-05,0.001926896328094142,,,,,,,
5757.246400626411,0.019470296757968845,0.0018114098360050498,0.029832942567608576,0.005487065953751821,0.0003329382768861941,0.014815606517944042,0.006709953587805168,0.0008911541264535353,4.638355458593009e-05,4.9831869069612944e-05,0.0019192772445166344,,,,,,,
5764.934114400848,0.0194260545183599,0.0018071273824111416,0.029751333165276887,0.005473882659745664,0.00033212351000964154,0.01475162811624837,0.006691008868940408,0.0008890331088262742,4.630310045006952e-05,4.969511295697679e-05,0.0019116882873313576,,,,,,,
5772.632093663158,0.019381912810129052,0.0018028550532012424,0.029669947009261986,0.005460731040088284,0.00033131073703138506,0.014687925993210477,0.006672117638131569,0.0008869171393894879,4.622278586513459e-05,4.9558732151040806e-05,0.0019041293374164288,,,,,,,
5780.340352120955,0.019337871404839474,0.0017985928244397427,0.02958878348886325,0.005447611018678505,0.00033049995307195496,0.014624498955773132,0.006653279744361802,0.0008848062061280857,4.6142610589068536e-05,4.942272562183176e-05,0.0018966002761209967,,,,,,,
5788.058903500152,0.019293930074573435,0.001794340672247621,0.029507841995050643,0.005434522519597982,0.0003296911532638237,0.014561345816031128,0.006634495037040629,0.0008827002970555697,4.6062574380234714e-05,4.928709234220336e-05,0.001889100985263364,,,,,,,
5795.7877615450125,0.01925008859193097,0.0017900985728022982,0.029427121920459987,0.005421465467110756,0.0003288843327513723,0.014498465391208831,0.006615763366002704,0.0008805994002139697,4.598267699741535e-05,4.915183128782774e-05,0.0018816313471291164,,,,,,,
5803.526940018127,0.019206346730028995,0.00178586650233753,0.029346622659388838,0.005408439785662857,0.0003280794866908684,0.014435856503638416,0.006597084581506709,0.0008785035036737796,4.590291819981115e-05,4.901694143718866e-05,0.0018741912444693084,,,,,,,
5811.2764527004865,0.01916270426249982,0.001781644437143245,0.029266343607791415,0.005395445399881818,0.0003272766102504292,0.014373517980737384,0.006578458534234048,0.000876412595533882,4.582329774704049e-05,4.888242177157258e-05,0.0018667805604985874,,,,,,,
5819.036313391463,0.019119160963490273,0.0017774323535654404,0.02918628416327457,0.005382482234576292,0.00032647569861000075,0.01431144865498702,0.006559885075287762,0.0008743266639214923,4.574381539913872e-05,4.874827127506236e-05,0.0018593991788933995,,,,,,,
5826.806535908876,0.01907571660766025,0.0017732302280060203,0.0291064437250928,0.005369550214735546,0.0003256767469613204,0.014249647363910113,0.006541364056191229,0.0008722456969920742,4.566447091655739e-05,4.8614488934528395e-05,0.0018520469837901216,,,,,,,
5834.5871340889735,0.019032370970181827,0.001769038036922693,0.02902682169414421,0.00535664926552911,0.0003248797505078964,0.01418811295004959,0.006522895328887086,0.0008701696829292933,4.558526406016359e-05,4.848107373962196e-05,0.0018447238597832803,,,,,,,
5842.378121786503,0.018989123826737796,0.0017648557568288108,0.028947417472965524,0.0053437793123062745,0.00032408470446497115,0.014126844260946441,0.0065044787457359384,0.000868098609944928,4.550619459123908e-05,4.8348024682766395e-05,0.0018374296919237067,,,,,,,
5850.179512874686,0.018945974953520822,0.0017606833642932653,0.02886823046572811,0.005330940280595709,0.0003232916040594997,0.014065840149118533,0.0064861141595152945,0.0008660324662788236,4.542726227148006e-05,4.821534075915086e-05,0.0018301643657167694,,,,,,,
5857.991321245298,0.01890292412723199,0.001756520835940329,0.028789260078233007,0.005318132096104986,0.0003225004445301153,0.014005099472038717,0.006467801423418251,0.0008639712401988082,4.534846686299542e-05,4.808302096672169e-05,0.0018229277671205346,,,,,,,
5865.813560808643,0.01885997112507988,0.001752368148449549,0.028710505717906887,0.005305354684720189,0.0003217112211271043,0.013944621092113781,0.006449540391052458,0.0008619149200006363,4.526980812830736e-05,4.7951064306175194e-05,0.0018157197825440171,,,,,,,
5873.6462454936,0.018817115724779322,0.0017482252785556056,0.028631966793797443,0.0052926079725054784,0.0003209239291123767,0.013884403876662996,0.006431330916438877,0.0008598634940079229,4.519128583034959e-05,4.7819469780950425e-05,0.0018085402988453727,,,,,,,
5881.489389247665,0.018774357704550135,0.0017440922030481712,0.02855364271656876,0.005279891885702612,0.0003201385637594366,0.01382444669789675,0.006413172854010586,0.0008578169505720647,4.511289973246714e-05,4.768823639722095e-05,0.0018013892033301169,,,,,,,
5889.343006036935,0.01873169684311623,0.0017399688987718052,0.028475532898497316,0.005267206350730621,0.0003193551203533561,0.013764748432895777,0.0063950660586117045,0.0008557752780721938,4.503464959841551e-05,4.7557363163888236e-05,0.0017942663837493872,,,,,,,
5897.20710984618,0.01868913291970419,0.0017358553426257957,0.028397636753467105,0.005254551294185262,0.0003185735941907438,0.01370530796358973,0.006377010385496129,0.0008537384649150902,4.4956535192359886e-05,4.742684909257298e-05,0.0017871717282981411,,,,,,,
5905.0817146788195,0.018646665714042398,0.001731751511564059,0.028319953696965695,0.005241926642838699,0.0003177939805797214,0.013646124176736635,0.006359005690326481,0.0008517064995351365,4.4878556278874905e-05,4.729669319760904e-05,0.0017801051256134378,,,,,,,
5912.966834556998,0.018604295006359604,0.0017276573825949818,0.02824248314607939,0.005229332323639008,0.0003170162748398888,0.013587195963901642,0.006341051829172849,0.0008496793703942352,4.4800712622942886e-05,4.7166894496034875e-05,0.0017730664647726561,,,,,,,
5920.862483521556,0.018562020577384094,0.0017235729327813199,0.028165224519489305,0.005216768263709803,0.0003162404723023037,0.013528522221436669,0.006323148658511741,0.0008476570659817549,4.472300398995446e-05,4.7037452007586644e-05,0.0017660556352917917,,,,,,,
5928.76867563211,0.018519842208342272,0.001719498139240043,0.028088177237466556,0.005204234390349753,0.00031546656830944565,0.013470101850459333,0.006305296035224834,0.0008456395748144568,4.4645430145706824e-05,4.6908364754690596e-05,0.001759072527123681,,,,,,,
5936.685424967027,0.018477759680957783,0.0017154329791422335,0.02801134072186836,0.005191730631032257,0.00031469455821519625,0.013411933756832762,0.00628749381659794,0.0008436268854364367,4.456799085640351e-05,4.677963176245608e-05,0.0017521170306563116,,,,,,,
5944.612745623493,0.018435772777450142,0.0017113774297129313,0.02793471439613324,0.00517925691340491,0.00031392443738480295,0.013354016851144714,0.006269741860319737,0.000841618986419053,4.449068588865355e-05,4.665125205866758e-05,0.0017451890367110679,,,,,,,
5952.550651717498,0.018393881280533843,0.0017073314682310315,0.027858297685277165,0.005166813165289183,0.0003131562011948593,0.013296350048687558,0.00625204002448077,0.0008396158663608683,4.441351500947083e-05,4.65232246737778e-05,0.0017382884365410543,,,,,,,
5960.499157383905,0.018352084973416987,0.001703295072029137,0.02778209001588877,0.005154399314679938,0.00031238984503326953,0.013238932269437582,0.006234388167572192,0.0008376175138875782,4.433647798627336e-05,4.6395548640900105e-05,0.0017314151218293468,,,,,,,
5968.4582767764305,0.01831038363980039,0.001699268218493447,0.027706090816125427,0.005142015289745053,0.00031162536429922756,0.0131817624380351,0.006216786148484725,0.0008356239176519522,4.425957458688247e-05,4.626822299580164e-05,0.0017245689846873313,,,,,,,
5976.4280240676935,0.018268777063876362,0.0016952508850636178,0.027630299515708872,0.005129661018824992,0.0003108627544031854,0.013124839483764134,0.006199233826507496,0.000833635066333769,4.4182804579522484e-05,4.614124677689544e-05,0.0017177499176529883,,,,,,,
5984.408413449255,0.018227265030327507,0.0016912430492326419,0.027554715545920642,0.00511733643043237,0.00031010201076682567,0.013068162340532301,0.006181731061326875,0.0008316509486397457,4.410616773281949e-05,4.601461902523348e-05,0.0017109578136891995,,,,,,,
5992.399459131601,0.01818584732432581,0.0016872446885467288,0.027479338339598265,0.005105041453251591,0.00030934312882303667,0.01301172994685107,0.00616427771302544,0.0008296715533034823,4.402966381580099e-05,4.588833878449971e-05,0.0017041925661820984,,,,,,,
6000.401175344219,0.018144523731531276,0.0016832557806051604,0.02740416733113055,0.005092776016138355,0.00030858610401588175,0.012955541245815612,0.006146873642080756,0.0008276968690853904,4.3953292597895095e-05,4.576240510100226e-05,0.0016974540689393583,,,,,,,
6008.4135763355725,0.018103294038091085,0.0016792763030601906,0.02732920195645379,0.005080540048119353,0.000307830931800575,0.012899595185085284,0.0061295187093643655,0.0008257268847726362,4.38770538489299e-05,4.563681702366663e-05,0.0016907422161885595,,,,,,,
6016.436676373173,0.018062158030638237,0.0016753062336168935,0.02725444165304706,0.005068333478391742,0.0003070776076434512,0.012843890716863616,0.006112212776140572,0.0008237615891790698,4.380094733913269e-05,4.551157360402829e-05,0.0016840569025754987,,,,,,,
6024.470489743563,0.018021115496290676,0.0016713455500330656,0.027179885859928487,0.005056156236322831,0.0003063261270219412,0.012788426797879032,0.006094955704065435,0.0008218009711451688,4.372497283912934e-05,4.5386673896226e-05,0.0016773980231625696,,,,,,,
6032.5150307523845,0.017980166222649963,0.0016673942301190733,0.027105534017650538,0.005044008251449605,0.00030557648542454225,0.01273320238936494,0.006077747355185547,0.0008198450195379669,4.364913011994347e-05,4.526211695699368e-05,0.0016707654734270758,,,,,,,
6040.570313724356,0.017939309997800416,0.0016634522517377573,0.027031385568296318,0.005031889453478373,0.00030482867835079333,0.01267821645704065,0.006060587591937061,0.0008178937232510019,4.3573418952996235e-05,4.51379018456545e-05,0.001664159149259633,,,,,,,
6048.636353003352,0.017898546610307747,0.0016595195928042791,0.026957439955474907,0.005019799772284289,0.00030408270131124574,0.012623467971091632,0.006043476277144469,0.0008159470712042371,4.349783911010464e-05,4.501402762411276e-05,0.0016575789469624874,,,,,,,
6056.713162952373,0.01785787584921824,0.0016555962312860269,0.026883696624317648,0.005007739137911046,0.0003033385498274386,0.012568955906150606,0.006026413274019609,0.0008140050523440164,4.3422390363482125e-05,4.489049335684765e-05,0.0016510247632479389,,,,,,,
6064.800757953624,0.01781729750405742,0.001651682145202463,0.026810155021473527,0.0049957074805703616,0.00030259621943186957,0.012514679241277957,0.006009398446160476,0.0008120676556429829,4.334707248573685e-05,4.476729811090514e-05,0.0016444964952366723,,,,,,,
6072.899152408497,0.01777681136482915,0.001647777312625026,0.026736814595105407,0.00498370473064166,0.0003018557056679697,0.012460636959942947,0.005992431657550214,0.0008101348701000339,4.327188524987151e-05,4.464444095589209e-05,0.0016379940404561812,,,,,,,
6081.008360737614,0.017736417222014467,0.0016438817116769962,0.026663674794885742,0.004971730818671633,0.00030111700409007707,0.01240682805000453,0.005975512772555996,0.0008082066847402466,4.319682842928251e-05,4.452192096396868e-05,0.0016315172968391376,,,,,,,
6089.12839738087,0.0176961148665704,0.0016399953205333644,0.026590735071992253,0.004959785675373827,0.0003003801102634075,0.012353251503692266,0.0059586416559279,0.0008062830886148171,4.3121901797759246e-05,4.439973720984087e-05,0.0016250661627217847,,,,,,,
6097.259276797421,0.017655904089929113,0.0016361181174207324,0.026517994879104216,0.004947869231628276,0.00029964501976403093,0.012299906317587764,0.005941818172797913,0.0008043640708010072,4.3047105129483816e-05,4.427788877075459e-05,0.0016186405368423702,,,,,,,
6105.401013465749,0.017615784683996587,0.0016322500806171642,0.026445453670397915,0.004935981418481064,0.0002989117281788425,0.012246791492605524,0.005925042188678762,0.0008024496204020665,4.297243819902941e-05,4.4156374726487655e-05,0.0016122403183395175,,,,,,,
6113.553621883651,0.017575756441151762,0.0016283911884520913,0.026373110901542964,0.0049241221671439675,0.0002981802311055382,0.012193906033974586,0.005908313569462915,0.0008005397265471898,4.289790078136084e-05,4.403519415934378e-05,0.0016058654067506845,,,,,,,
6121.717116568304,0.017535819154245222,0.001624541419306164,0.026300966029697816,0.004912291408994002,0.0002974505241525863,0.012141248951219548,0.005891632181421445,0.0007986343783914349,4.282349265183288e-05,4.3914346154144506e-05,0.0015995157020105408,,,,,,,
6129.891512056246,0.0174959726165984,0.0016207007516111582,0.026229018513506095,0.004900489075573089,0.000296722602939203,0.01208881925814236,0.0058749978912030305,0.0007967335651156812,4.274921358619008e-05,4.379382979822356e-05,0.0015931911044494455,,,,,,,
6138.07682290345,0.017456216622002228,0.0016168691638498262,0.026157267813092112,0.004888715098587606,0.0002959964630953241,0.01203661597280351,0.005858410565832808,0.0007948372759265513,4.2675063360565954e-05,4.367364418141903e-05,0.0015868915147918372,,,,,,,
6146.273063685302,0.017416550964716334,0.0016130466345558047,0.02608571339005729,0.004876969409908034,0.0002952721002615811,0.011984638117503978,0.0058418700727113975,0.0007929455000563612,4.260104175148231e-05,4.355378839606686e-05,0.0015806168341547168,,,,,,,
6154.480248996676,0.017376975439467722,0.001609233142313466,0.026014354707475595,0.00486525194156852,0.00029454951008927243,0.011932884718766584,0.005825376279613748,0.0007910582267630517,4.2527148535848614e-05,4.343426153699385e-05,0.001574366964046058,,,,,,,
6162.698393451908,0.01733748984144997,0.0016054286657578261,0.025943191229890025,0.0048535626257665354,0.0002938286882403398,0.011881354807318096,0.005808929054688179,0.0007891754453301337,4.2453383490961265e-05,4.3315062701511214e-05,0.0015681418063632927,,,,,,,
6170.927511684875,0.01729809396632189,0.0016016331835743977,0.025872222423308125,0.004841901394862415,0.00029310963038734004,0.01183004741807073,0.0057925282664552285,0.0007872971450666208,4.237974639450289e-05,4.319619098940716e-05,0.001561941263391743,,,,,,,
6179.167618348974,0.01725878761020673,0.0015978466744990944,0.025801447755198357,0.004830268181379036,0.00029239233221342055,0.011778961590104393,0.005776173783806686,0.0007854233153069739,4.230623702454196e-05,4.307764550294042e-05,0.001555765237803115,,,,,,,
6187.4187281171735,0.017219570569690992,0.001594069117318101,0.025730866694485953,0.004818662918001408,0.0002916767894122941,0.011728096366648514,0.005759865476004515,0.000783553945411041,4.223285515953167e-05,4.295942534683368e-05,0.001549613632653959,,,,,,,
6195.680855682049,0.01718044264182332,0.0015903004908677453,0.02566047871154877,0.004807085537576228,0.0002909629976882089,0.011677450795064074,0.005743603212679747,0.0007816890247639897,4.215960057830957e-05,4.284152962826625e-05,0.0015434863513841273,,,,,,,
6203.95401575577,0.01714140362411364,0.001586540774034401,0.025590283278213666,0.004795535973111578,0.0002902509527559293,0.011627023926825963,0.005727386863831561,0.0007798285427762557,4.208647306009682e-05,4.272395745686808e-05,0.0015373832978153015,,,,,,,
6212.238223070181,0.01710245331453185,0.001582789945754351,0.02552027986775215,0.0047840141577764695,0.00028954065034070297,0.01157681481750498,0.005711216299826123,0.0007779724888834756,4.201347238449754e-05,4.2606707944712e-05,0.0015313043761494393,,,,,,,
6220.53349237677,0.017063591511507062,0.0015790479850136775,0.025450467954876817,0.0047725200249005085,0.00028883208617824216,0.011526822526750384,0.005695091391395651,0.0007761208525464331,4.194059833149812e-05,4.248978020630823e-05,0.0015252494909673083,,,,,,,
6228.8398384467455,0.017024818013926305,0.0015753148708481416,0.025380847015737014,0.004761053507973443,0.0002881252560146913,0.011477046118272041,0.005679012009637288,0.000774273623250993,4.1867850681466496e-05,4.237317335859674e-05,0.001519218547226954,,,,,,,
6237.15727607102,0.016986132621133687,0.0015715905823430736,0.025311416527915298,0.004749614540644876,0.00028742015560660826,0.011427484659823125,0.005662978026012165,0.0007724307905080477,4.179522921515191e-05,4.225688652094102e-05,0.0015132114502622385,,,,,,,
6245.4858200602785,0.016947535132929178,0.0015678750986332377,0.025242175970423126,0.004738203056723768,0.0002867167807209321,0.011378137223182427,0.005646989312344278,0.0007705923438534515,4.172273371368331e-05,4.214091881512123e-05,0.001507228105781326,,,,,,,
6253.825485244958,0.016909025349567758,0.0015641683989027397,0.02517312482369735,0.004726818990178153,0.00028601512713496405,0.011329002884137206,0.0056310457408195605,0.000768758272847967,4.1650363958569855e-05,4.202526936532795e-05,0.0015012684198652349,,,,,,,
6262.1762864753255,0.01687060307175817,0.001560470462384885,0.02510426256959591,0.004715462275134688,0.000285315190636337,0.011280080722465639,0.0056151471839847675,0.0007669285670771994,4.157811973169938e-05,4.190993729815502e-05,0.001495332298966328,,,,,,,
6270.538238621451,0.016832268100662125,0.0015567812683620866,0.025035588691394335,0.004704132845878321,0.00028461696702299365,0.011231369821919822,0.005599293514746553,0.0007651032161515471,4.150600081533811e-05,4.1794921742593296e-05,0.0014894196499068773,,,,,,,
6278.911356573286,0.01679402023789305,0.0015531007961657251,0.024967102673781494,0.0046928306368518545,0.00028392045210315895,0.011182869270208383,0.005583484606370339,0.0007632822097061281,4.1434006992129935e-05,4.1680221830023914e-05,0.0014835303798775709,,,,,,,
6287.295655240645,0.016755859285515227,0.0015494290251760546,0.024898804002856052,0.004681555582655636,0.0002832256416953167,0.011134578158979589,0.005567720332479421,0.0007614655374007373,4.136213804509568e-05,4.1565836694212055e-05,0.001477664396436084,,,,,,,
6295.691149553255,0.016717785046042738,0.0015457659348220765,0.024830692166122482,0.004670307618047134,0.0002825325316281838,0.01108649558380427,0.005552000567053895,0.0007596531889197772,4.1290393757632876e-05,4.14517654712999e-05,0.0014718216075056175,,,,,,,
6304.097854460794,0.016679797322438284,0.0015421115045814167,0.02476276665248706,0.004659086677940538,0.00028184111774068397,0.011038620644158744,0.005536325184429625,0.0007578451539722003,4.121877391351414e-05,4.133800729980034e-05,0.0014660019213734313,,,,,,,
6312.51578493288,0.01664189591811244,0.0015384657139802312,0.02469502695225438,0.004647892697406467,0.00028115139588192614,0.010990952443408225,0.00552069405929732,0.0007560414222914562,4.114727829688777e-05,4.122456132059077e-05,0.0014602052466894473,,,,,,,
6320.944955959142,0.016604080636922366,0.001534828542593067,0.024627472557123126,0.004636725611671487,0.0002804633619111742,0.01094349008878972,0.005505107066701436,0.0007542419836354255,4.107590669227611e-05,4.111142667690604e-05,0.0014544314924647718,,,,,,,
6329.385382549204,0.016566351283171035,0.001531199970042773,0.024560102960182694,0.0046255853561178294,0.00027977701169782873,0.010896232691395618,0.00548956408203927,0.0007524468277863721,4.100465888457534e-05,4.0998602514332374e-05,0.0014486805680703064,,,,,,,
6337.837079732754,0.016528707661605968,0.0015275799760003594,0.024492917655908924,0.00461447186628295,0.00027909234112139517,0.010849179366156736,0.005474064981059878,0.0007506559445508707,4.093353465905476e-05,4.08860879808007e-05,0.0014429523832352894,,,,,,,
6346.300062559527,0.01649114957741849,0.0015239685401849106,0.02442591614016075,0.004603385077859211,0.00027840934607146627,0.010802329231826047,0.005458609639863165,0.000748869323759766,4.0862533801356114e-05,4.0773882226580666e-05,0.0014372468480459096,,,,,,,
6354.774346099376,0.016453676836242475,0.001520365642363445,0.024359097910176014,0.004592324926693443,0.0002777280224476901,0.010755681410961872,0.005443197934898807,0.0007470869552680969,4.0791656097492975e-05,4.06619844042733e-05,0.001431563872943868,,,,,,,
6363.259945442255,0.016416289244153552,0.0015167712623508282,0.02429246246456808,0.004581291348786651,0.0002770483661597527,0.01070923502991175,0.005427829742965362,0.000745308828955057,4.072090133385007e-05,4.055039366880576e-05,0.0014259033687250022,,,,,,,
6371.756875698291,0.01637898660766791,0.0015131853800096336,0.02422600930332168,0.004570284280293575,0.00027637037312734647,0.010662989218795767,0.00541250494120917,0.0007435349347239218,4.065026929718257e-05,4.043910917742398e-05,0.0014202652465378522,,,,,,,
6380.26515199777,0.01634176873374146,0.001509607975250052,0.024159737927789516,0.004559303657522368,0.000275694039280152,0.010616943111490543,0.00539722340712348,0.0007417652625019999,4.0579759774615786e-05,4.032813008968702e-05,0.0014146494178822922,,,,,,,
6388.784789491179,0.016304635429768777,0.0015060390280297697,0.02409364784068836,0.004548349416934209,0.0002750193605578096,0.010571095845612883,0.005381985018547422,0.0007399998022405771,4.050937255364401e-05,4.0217455567460164e-05,0.0014090557946081367,,,,,,,
6397.315803349258,0.01626758650358199,0.0015024785183538468,0.02402773854609517,0.004537421495142923,0.0002743463329098955,0.01052544656250352,0.005366789653664997,0.0007382385439148482,4.043910742213022e-05,4.010708477490884e-05,0.0014034842889137375,,,,,,,
6405.858208762978,0.016230621763450016,0.001498926426274627,0.023962009549443733,0.004526519828914648,0.0002736749522958994,0.010479994407211294,0.005351637191004182,0.0007364814775238769,4.036896416830536e-05,3.999701687849262e-05,0.0013979348133446373,,,,,,,
6414.4120209436205,0.016193741018077332,0.0014953827318916009,0.02389646035752054,0.004515644355167416,0.0002730052146851977,0.010434738528476846,0.005336527509435873,0.0007347285930905208,4.029894258076768e-05,3.988725104695802e-05,0.0013924072807921647,,,,,,,
6422.977255122751,0.01615694407660321,0.0014918474153513192,0.023831090478461492,0.004504795010970867,0.00027233711605703165,0.01038967807871695,0.005321460488172999,0.0007329798806613924,4.022904244848214e-05,3.97777864513334e-05,0.0013869016044920945,,,,,,,
6431.553926552302,0.016120230748600473,0.001488320456847257,0.023765899421747807,0.00449397173354579,0.0002716706524004811,0.010344812214008394,0.005306436006769478,0.0007312353303067878,4.015926356077963e-05,3.966862226492169e-05,0.0013814176980232607,,,,,,,
6440.142050504546,0.016083600844074793,0.001484801836619728,0.023700886698202736,0.004483174460263844,0.00027100581971444237,0.010300140094072398,0.005291453945119331,0.0007294949321206405,4.0089605707356825e-05,3.955975766329496e-05,0.0013759554753062285,,,,,,,
6448.741642272174,0.016047054173463447,0.0014812915349557473,0.02363605181998751,0.004472403128647137,0.0002703426140076023,0.010255660882258658,0.0052765141834556425,0.0007277586762204581,4.002006867827457e-05,3.945119182428727e-05,0.0013705148506019111,,,,,,,
6457.352717168272,0.01601059054763455,0.0014777895321889465,0.023571394300598042,0.0044616576763679095,0.00026968103129841646,0.010211373745529896,0.005261616602349694,0.0007260265527472725,3.995065226395845e-05,3.9342923927989506e-05,0.0013650957385102534,,,,,,,
6465.975290526398,0.015974209777885894,0.0014742958086994447,0.023506913654860923,0.004450938041248116,0.0002690210676150828,0.010167277854446037,0.005246761082709896,0.0007242985518655775,3.988135625519723e-05,3.923495315674238e-05,0.0013596980539688649,,,,,,,
6474.609377700562,0.015937911675944157,0.0014708103449137474,0.023442609398930142,0.004440244161259149,0.00026836271899552015,0.0101233723831489,0.005231947505780961,0.0007225746637632793,3.981218044314266e-05,3.912727869513064e-05,0.0013543217122517137,,,,,,,
6483.2549940653,0.01590169605396371,0.001467333121304633,0.023378481050283083,0.004429575974521384,0.0002677059814873424,0.010079656509346507,0.005217175753142843,0.0007208548786516346,3.974312461930872e-05,3.901989972997671e-05,0.0013489666289677636,,,,,,,
6491.91215501566,0.01586556272452585,0.0014638641183910485,0.023314528127717234,0.004418933419303897,0.00026705085114783614,0.010036129414297865,0.005202445706709875,0.0007191391867651998,3.967418857557094e-05,3.891281545033483e-05,0.0013436327200596805,,,,,,,
6500.5808759672445,0.01582951150063775,0.0014604033167379986,0.023250750151346436,0.004408316434024089,0.0002663973240439375,0.009992790282797577,0.0051877572487297845,0.0007174275783617759,3.9605372104166196e-05,3.880602504748484e-05,0.0013383199018024944,,,,,,,
6509.261172356264,0.015793542195731414,0.0014569506969564262,0.023187146642597127,0.004397724957247283,0.0002657453962522059,0.009949638303160462,0.0051731102617827325,0.0007157200437223465,3.9536674997691146e-05,3.8699527714925526e-05,0.001333028090802282,,,,,,,
6517.9530596395125,0.015757654623662878,0.0014535062397031252,0.023123717124205127,0.00438715892768644,0.0002650950638588036,0.009906672667206564,0.005158504628780438,0.0007140165731510311,3.9468097049102785e-05,3.8593322648369523e-05,0.0013277572039948797,,,,,,,
6526.65655329445,0.015721848598711036,0.001450069925680608,0.02306046112021162,0.00437661828420175,0.00026444632295946966,0.009863892570245772,0.005143940232965164,0.0007123171569750234,3.939963805171689e-05,3.848740904573642e-05,0.0013225071586445518,,,,,,,
6535.371668819177,0.015686123935576918,0.0014466417356370203,0.022997378155959983,0.004366102965800318,0.0002637991696594988,0.009821297211063024,0.005129416957908867,0.0007106217855445418,3.933129779920783e-05,3.838178610714707e-05,0.0013172778723427162,,,,,,,
6544.098421732517,0.0156504804493825,0.0014432216503660112,0.02293446775809186,0.004355612911635757,0.0002631536000737158,0.009778885791903011,0.005114934687512184,0.000708930449232769,3.926307608560786e-05,3.827645303491739e-05,0.0013120692630066292,,,,,,,
6552.836827573989,0.015614917955669962,0.001439809650706648,0.022871729454543976,0.004345148061007919,0.0002625096103264542,0.009736657518455503,0.005100493306003575,0.0007072431384358035,3.919497270530648e-05,3.817140903355266e-05,0.0013068812488781219,,,,,,,
6561.586901903886,0.015579436270400501,0.0014364057175432858,0.022809162774544214,0.004334708353362446,0.00026186719655153123,0.009694611599840237,0.005086092697938335,0.000705559843572598,3.912698745304984e-05,3.806665330974105e-05,0.0013017137485222875,,,,,,,
6570.348660303256,0.01554403520995363,0.001433009831805484,0.02274676724860847,0.0043242937282905024,0.00026122635489222627,0.009652747248592317,0.005071732748197744,0.0007038805550849145,3.905912012394011e-05,3.79621850723479e-05,0.0012965666808262355,,,,,,,
6579.122118373977,0.015508714591125997,0.0014296219744678752,0.02268454240853675,0.004313904125528373,0.000260587081501256,0.009611063680647283,0.005057413341988061,0.0007022052634372567,3.899137051343478e-05,3.785800353240968e-05,0.001291439964997782,,,,,,,
6587.907291738734,0.015473474231130636,0.0014262421265500828,0.02262248778741002,0.004303539484957153,0.000259949372540753,0.009569560115326597,0.005043134364839693,0.0007005339591168322,3.892373841734645e-05,3.775410790312831e-05,0.0012863335205642204,,,,,,,
6596.704196041101,0.01543831394759583,0.0014228702691165913,0.02256060291958634,0.004293199746602344,0.00025931322418224113,0.009528235775322825,0.005028895702606196,0.000698866632633481,3.8856223631841325e-05,3.7650497399864454e-05,0.001281247267371022,,,,,,,
6605.512846945518,0.01540323355856434,0.0014195063832766605,0.02249888734069771,0.004282884850633586,0.0002586786326066136,0.009487089886685268,0.005014697241463436,0.0006972032745196377,3.8788825953439746e-05,3.754717124013254e-05,0.001276181125580608,,,,,,,
6614.333260137344,0.015368232882492389,0.0014161504501842104,0.022437340587646404,0.004272594737364251,0.00025804559400411086,0.009446121678805415,0.005000538867908647,0.0006955438753302675,3.872154517901465e-05,3.744412864359434e-05,0.0012711350156710786,,,,,,,
6623.165451322905,0.015333311738248633,0.0014128024510377077,0.02237596219860141,0.004262329347251094,0.000257414104574294,0.009405330384402368,0.004986420468759493,0.0006938884256428135,3.865438110579141e-05,3.734136883205301e-05,0.0012661088584349622,,,,,,,
6632.009436229469,0.015298469945113425,0.0014094623670800803,0.02231475171299524,0.0042520886208939615,0.0002567841605260277,0.009364715239508709,0.0049723419311532395,0.0006922369160571509,3.85873335313471e-05,3.72388910294474e-05,0.0012611025749779921,,,,,,,
6640.865230605334,0.015263707322777667,0.0014061301795985893,0.022253708671520135,0.004241872499035394,0.00025615575807745117,0.009324275483455945,0.004958303142545751,0.00069058933719552,3.8520402253609854e-05,3.7136694461846093e-05,0.0012561160867178409,,,,,,,
6649.732850219799,0.015229023691342075,0.0014028058699247468,0.02219283261612498,0.004231680922560318,0.0002555288934559616,0.009284010358860536,0.004944303990710702,0.0006889456797024897,3.845358707085859e-05,3.70347783574419e-05,0.0012511493153829173,,,,,,,
6658.612310863248,0.015194418871316033,0.001399489419434189,0.022132123090011488,0.00422151383249568,0.0002549035628981856,0.009243919111609407,0.004930344363738578,0.0006873059342448869,3.838688778172159e-05,3.6933141946545216e-05,0.001246202183011102,,,,,,,
6667.503628347122,0.0151598926836169,0.0013961808095465944,0.022071579637631157,0.00421137117001013,0.00025427976264996244,0.00920400099084611,0.004916424150035869,0.0006856700915117599,3.8320304185176965e-05,3.6831784461579266e-05,0.0012412746119485631,,,,,,,
6676.406818504002,0.01512544494956886,0.0013928800217255565,0.022011201804681472,0.004201252876413644,0.00025365748896631553,0.009164255248956501,0.004902543238324092,0.0006840381422143123,3.82538360805512e-05,3.673070513707339e-05,0.0012363665248485004,,,,,,,
6685.321897187585,0.015091075490902193,0.0013895870374785032,0.021950989138102863,0.004191158893157232,0.0002530367381114359,0.00912468114155501,0.004888701517638988,0.0006824100770858591,3.8187483267518924e-05,3.662990320965802e-05,0.0012314778446699652,,,,,,,
6694.248880272763,0.015056784129752178,0.001386301838356571,0.021890941186074948,0.004181089161832555,0.00025241750635865466,0.009085277927470414,0.004874898877329551,0.0006807858868817684,3.812124554610224e-05,3.652937791805804e-05,0.0012266084946766151,,,,,,,
6703.187783655599,0.015022570688658322,0.0013830244059545214,0.021831057498013503,0.004171043624171625,0.00025179978999042424,0.009046044868732221,0.004861135207057223,0.0006791655623794133,3.805512271667014e-05,3.642912850308804e-05,0.001221758398435547,,,,,,,
6712.1386232534105,0.014988434990563305,0.0013797547219106235,0.021771337624566702,0.004161022222046431,0.00025118358529829354,0.009006981230556602,0.004847410396794935,0.0006775490943781156,3.798911457993785e-05,3.6329154207645714e-05,0.0012169274798160634,,,,,,,
6721.101415004749,0.014954376858812199,0.0013764927679065565,0.021711781117612114,0.004151024897468633,0.00025056888858288756,0.008968086281332867,0.004833724336826295,0.000675936473699096,3.7923220936966214e-05,3.622945427670681e-05,0.0012121156629885034,,,,,,,
6730.076174869447,0.014920396117151482,0.0013732385256673106,0.02165238753025313,0.0041410515925892205,0.0002499556961538845,0.008929359292609618,0.004820076917744687,0.0006743276911854241,3.785744158916136e-05,3.613002795731891e-05,0.0012073228724230438,,,,,,,
6739.062918828671,0.014886492589728064,0.0013699919769610777,0.021593156416815536,0.004131102249698143,0.00024934400432999245,0.008890799539081059,0.004806468030452345,0.0006727227377019591,3.7791776338273674e-05,3.603087449859594e-05,0.0012025490328884964,,,,,,,
6748.061662884898,0.014852666101088551,0.001366753103599153,0.02153408733284444,0.004121176811224046,0.0002487338094389303,0.008852406298573623,0.004792897566159582,0.0006711216041353065,3.7726224986397464e-05,3.5931993151712845e-05,0.0011977940694511608,,,,,,,
6757.072423062004,0.014818916476178107,0.0013635218874358318,0.02147517983510061,0.004111275219733858,0.00024812510781740114,0.008814178852032178,0.004779365416383821,0.0006695242813937592,3.766078733597033e-05,3.5833383169899076e-05,0.0011930579074736142,,,,,,,
6766.095215405231,0.014785243540339794,0.001360298310368314,0.0214164334815575,0.004101397417932524,0.00024751789581107576,0.008776116483506817,0.004765871472948813,0.0006679307604072521,3.759546318977254e-05,3.5735043808434e-05,0.0011883404726135709,,,,,,,
6775.130055981275,0.014751647119313439,0.0013570823543365873,0.021357847831397558,0.0040915433486626305,0.00024691216977456486,0.008738218480139203,0.004752415627983688,0.0006663410321273049,3.753025235092647e-05,3.563697432464039e-05,0.0011836416908226816,,,,,,,
6784.176960878259,0.014718127039234946,0.001353874001323348,0.02129942244500929,0.004081712954904109,0.00024630792607140324,0.008700484132149485,0.004738997773922178,0.0006647550875269758,3.746515462289597e-05,3.553917397787957e-05,0.001178961488345408,,,,,,,
6793.235946205815,0.014684683126635173,0.0013506732333538763,0.021241156883983613,0.0040719061797738565,0.0002457051610740217,0.008662912732822726,0.004725617803501676,0.0006631729176008055,3.740016980948571e-05,3.544164202954488e-05,0.00117429979171783,,,,,,,
6802.307028095061,0.01465131520843926,0.0013474800324959585,0.021183050711110887,0.004062122966525482,0.0002451038711637316,0.008625503578495917,0.004712275609762457,0.0006615945133647708,3.733529771484098e-05,3.534437774305722e-05,0.001169656527766524,,,,,,,
6811.39022269868,0.014618023111965533,0.0013442943808597647,0.021125103490377325,0.00405236325854889,0.00024450405273069675,0.008588255968544576,0.004698971086046741,0.000660019865856228,3.727053814344627e-05,3.524738038385859e-05,0.001165031623607386,,,,,,,
6820.485546190905,0.014584806664924765,0.0013411162605977674,0.021067314786962,0.004042626999370022,0.00024390570217391766,0.008551169205369837,0.004685704125997915,0.0006584489661338693,3.72058909001257e-05,3.5150649219406906e-05,0.0011604250066445075,,,,,,,
6829.593014767566,0.01455166569541922,0.0013379456539046339,0.02100968416723345,0.004032914132650518,0.0002433088159012061,0.008514242594385255,0.0046724746235596555,0.0006568818052776655,3.714135579004166e-05,3.505418351917062e-05,0.0011558366045690339,,,,,,,
6838.712644646141,0.0145186000319417,0.0013347825430171168,0.020952211198746313,0.004023224602187335,0.00024271339032916415,0.008477475444003759,0.004659282472975033,0.0006553183743888172,3.707693261869454e-05,3.495798255462276e-05,0.0011512663453580121,,,,,,,
6847.844452065733,0.014485609503374818,0.0013316269102139758,0.02089489545023837,0.004013558351912506,0.00024211942188316423,0.008440867065624871,0.004646127568785761,0.0006537586645897067,3.701262119192212e-05,3.486204559923603e-05,0.0011467141572732884,,,,,,,
6856.98845328716,0.0144526939389899,0.001328478737815855,0.020837736491626967,0.004003915325892744,0.00024152690699732554,0.00840441677362159,0.004633009805831256,0.0006522026670238434,3.6948421315898875e-05,3.476637192847647e-05,0.0011421799688603497,,,,,,,
6866.144664592925,0.014419853168446337,0.001325338008185206,0.020780733894006132,0.003994295468329174,0.00024093584211449476,0.008368123885327797,0.004619929079247887,0.0006506503728558189,3.688433279713578e-05,3.467096081979903e-05,0.0011376637089472361,,,,,,,
6875.3131022873,0.01438708702179048,0.0013222047037261674,0.020723887229643016,0.0039846987235569505,0.00024034622368622257,0.008331987721025206,0.004606885284468049,0.0006491017732712499,3.68203554424789e-05,3.457581155264125e-05,0.0011331653066433914,,,,,,,
6884.493782696301,0.014354395329454966,0.0013190788068844883,0.020667196071975022,0.003975125036045013,0.00023975804817274454,0.008296007603930879,0.004593878317219409,0.0006475568594767375,3.6756489059109865e-05,3.448092340841825e-05,0.00112868469133858,,,,,,,
6893.686722167772,0.014321777922257627,0.0013159603001474077,0.02061065999560626,0.003965574350395676,0.00023917131204295757,0.008260182860184326,0.0045809080735239975,0.0006460156226998045,3.669273345454444e-05,3.43862956705171e-05,0.001124221792701751,,,,,,,
6902.8919370713575,0.014289234631400836,0.0013128491660435787,0.020554278576304732,0.003956046611344386,0.00023858601177440108,0.008224512818835128,0.004567974449697453,0.0006444780541888611,3.662908843663236e-05,3.4291927624291746e-05,0.0011197765406799581,,,,,,,
6912.109443798591,0.014256765288470427,0.0013097453871429477,0.020498051390998712,0.003946541763759348,0.0002380021438532335,0.008188996811830105,0.004555077342348112,0.0006429441452131385,3.6565553813556625e-05,3.419781855705714e-05,0.001115348865497239,,,,,,,
6921.339258762863,0.01422436972543502,0.0013066489460566801,0.020441978017774042,0.0039370597526412485,0.00023741970477421343,0.008153634174001053,0.004542216648376271,0.0006414138870626557,3.650212939383298e-05,3.410396775808417e-05,0.0011109386976535425,,,,,,,
6930.581398399512,0.014192047774644938,0.0013035598254370403,0.020386058035870527,0.003927600523122883,0.0002368386910406765,0.008118424243052062,0.004529392264973261,0.0006398872710481564,3.643881498630927e-05,3.401037451859415e-05,0.0011065459679236137,,,,,,,
6939.835879165799,0.014159799268831543,0.001300478007977313,0.020330291025679112,0.00391816402046891,0.0002362590991645158,0.00808336635954732,0.004516604089620726,0.0006383642885010676,3.637561040016487e-05,3.391703813175373e-05,0.0011021706073559255,,,,,,,
6949.102717540963,0.014127624041106275,0.001297403476411699,0.020274676568738603,0.003908750190075478,0.0002356809256661613,0.00804845986689864,0.004503852020089749,0.0006368449307734508,3.631251544491032e-05,3.382395789266916e-05,0.0010978125472715936,,,,,,,
6958.381930026266,0.014095521924959721,0.0012943362135152102,0.020219214247732403,0.0038993589774699144,0.00023510416707455675,0.008013704111353114,0.0044911359544400195,0.0006353291892379439,3.624952993038639e-05,3.373113309838115e-05,0.0010934717192632834,,,,,,,
6967.673533144978,0.014063492754260925,0.0012912762021035915,0.020163903646485667,0.0038899903283104473,0.00023452881992714144,0.007979098441981065,0.004478455791019078,0.0006338170552877261,3.6186653666763724e-05,3.363856304785981e-05,0.0010891480551941616,,,,,,,
6976.977543442462,0.014031536363256332,0.0012882234250332033,0.020108744349961852,0.003880644188385848,0.0002339548807698273,0.00794464221066361,0.004465811428461429,0.0006323085203364538,3.612388646454227e-05,3.354624704199888e-05,0.0010848414871967996,,,,,,,
6986.293977486143,0.013999652586569128,0.0012851778652009475,0.02005373594425993,0.0038713205036151523,0.00023338234615698006,0.00791033477208075,0.004453202765687812,0.0006308035758182269,3.606122813455063e-05,3.345418438361079e-05,0.0010805519476721325,,,,,,,
6995.622851865601,0.013967841259198172,0.001282139505544149,0.01999887801661096,0.0038620192200473154,0.0002328112126513966,0.007876175483699076,0.004440629701904309,0.0006293022131875274,3.599867848794558e-05,3.3362374377421225e-05,0.001076279369288376,,,,,,,
7004.9641831925355,0.013936102216517365,0.0012791083290404808,0.019944170155375307,0.0038527402838609364,0.0002322414768242864,0.00784216370575996,0.004428092136601621,0.0006278044239191799,3.593623733621141e-05,3.32708163300642e-05,0.001072023684979993,,,,,,,
7014.317988100859,0.01390443529427459,0.0012760843187078546,0.019889611950039236,0.0038434836413638986,0.00023167313525524882,0.007808298801267325,0.004415589969554189,0.0006263101995082966,3.5873904491159346e-05,3.317950955007611e-05,0.001067784827946616,,,,,,,
7023.684283246666,0.013872840328591056,0.0012730674576043315,0.019835202991212147,0.0038342492389931136,0.00023110618453225462,0.00777458013597595,0.004403123100819466,0.000624819531470235,3.581167976492733e-05,3.3088453347891446e-05,0.0010635627316520205,,,,,,,
7033.063085308321,0.013841317155960245,0.0012700577288280244,0.019780942870623194,0.0038250370233141656,0.00023054062125162355,0.007741007078379378,0.004390691430737031,0.0006233324113405436,3.574956296997863e-05,3.2997647035836764e-05,0.0010593573298230618,,,,,,,
7042.454410986432,0.013809865613247279,0.0012670551155170105,0.019726831181118534,0.0038158469410210357,0.00022997644201800576,0.0077075789996983125,0.004378294859927893,0.0006218488306749203,3.5687553919102324e-05,3.290708992812616e-05,0.001055168556448655,,,,,,,
7051.858277003932,0.013778485537687877,0.0012640596008492214,0.01967286751665795,0.003806678938935764,0.00022941364344435957,0.007674295273868602,0.004365933289293606,0.0006203687810491577,3.562565242541193e-05,3.281678134085532e-05,0.001050996345778715,,,,,,,
7061.274700106067,0.013747176766887673,0.0012610711680423672,0.01961905147231208,0.0037975329640081677,0.00022885222215193255,0.007641155277529715,0.004353606620015539,0.0006188922540591006,3.5563858302345204e-05,3.27267205919972e-05,0.001046840632323148,,,,,,,
7070.703697060441,0.013715939138821309,0.0012580898003538338,0.01956538264425928,0.0037884089633155277,0.0002282921747702417,0.007608158390012976,0.004341314753554067,0.000617419241320598,3.550217136366347e-05,3.263690700139647e-05,0.0010427013508508098,,,,,,,
7080.145284657071,0.013684772491831528,0.001255115481080581,0.019511860629782454,0.0037793068840622493,0.00022773349793704992,0.007575303993329904,0.00432905759164775,0.00061594973446945,3.544059142345106e-05,3.254733989076398e-05,0.0010385784363884773,,,,,,,
7089.599479708363,0.013653676664628505,0.001252148193559068,0.019458485027266305,0.0037702266735796285,0.00022717618829835097,0.007542591472160754,0.004316835036312612,0.0006144837251613675,3.5379118296115045e-05,3.245801858367252e-05,0.001034471824219849,,,,,,,
7099.066299049204,0.013622651496288801,0.001249187921165139,0.01940525543619402,0.0037611682793254617,0.00022662024250834378,0.007510020213842839,0.004304646989841292,0.0006130212050719188,3.5317751796383916e-05,3.2368942405550894e-05,0.0010303814498845033,,,,,,,
7108.54575953693,0.01359169682625475,0.00124623464731395,0.019352171457144598,0.003752131648883814,0.00022606565722941787,0.007477589608359224,0.0042924933548023235,0.0006115621658964876,3.525649173930804e-05,3.22801106836795e-05,0.0010263072491769104,,,,,,,
7118.037878051417,0.01356081249433343,0.001243288355459856,0.01929923269178949,0.0037431167299646667,0.00022551242913212781,0.0074452990483271485,0.004280374034039296,0.0006101065993502206,3.519533794025828e-05,3.2191522747184465e-05,0.0010222491581454033,,,,,,,
7127.542671495051,0.013529998340696014,0.0012403490290963392,0.019246438742889956,0.003734123470403653,0.00022496055489517878,0.007413147928986789,0.0042682889306701315,0.0006086544971679858,3.513429021492584e-05,3.2103177927033466e-05,0.0010182071130911963,,,,,,,
7137.060156792818,0.013499254205876748,0.001237416651755895,0.019193789214293763,0.003725151818161706,0.000224410031205401,0.007381135648189778,0.004256237948086264,0.0006072058511043198,3.5073348379321594e-05,3.201507555602992e-05,0.0010141810505673605,,,,,,,
7146.590350892273,0.013468579930772336,0.0012344912070099611,0.019141283710932534,0.003716201721324831,0.0002238608547577353,0.007349261606388099,0.004244220989951921,0.0006057606529333888,3.5012512249775566e-05,3.192721496880861e-05,0.0010101709073778542,,,,,,,
7156.133270763633,0.013437975356640923,0.0012315726784688044,0.01908892183881846,0.0037072731281037204,0.0002233130222552088,0.007317525206622697,0.004232237960203285,0.0006043188944489304,3.495178164293635e-05,3.183959550182982e-05,0.001006176620576502,,,,,,,
7165.688933399745,0.013407440325101449,0.00122866104978145,0.01903670320504166,0.0036983659868335263,0.00022276653040891804,0.007285925854512445,0.004220288763047799,0.0006028805674642211,3.4891156375770584e-05,3.1752216493375314e-05,0.001002198127466037,,,,,,,
7175.257355816176,0.013376974678132644,0.0012257563046355695,0.01898462741776692,0.003689480245973513,0.00022222137593800735,0.007254462958242853,0.00420837330296333,0.0006014456638120154,3.4830636265562315e-05,3.166507728354256e-05,0.000998235365597089,,,,,,,
7184.838555051192,0.013346578258072382,0.001222858426757406,0.018932694086231026,0.003680615854106788,0.0002216775555696506,0.007223135928555132,0.004196491484697466,0.0006000141753445122,3.4770221129912715e-05,3.157817721424003e-05,0.0009942882727672268,,,,,,,
7194.432548165811,0.013316250907616796,0.0012199673999116769,0.018880902820739717,0.0036717727599399944,0.00022113506603903098,0.0071919441787351174,0.004184643213266727,0.0005985860939333006,3.470991078673913e-05,3.149151562918244e-05,0.0009903567870199691,,,,,,,
7204.0393522438535,0.013285992469819392,0.0012170832079014748,0.01882925323266464,0.0036629509123030013,0.00022059390408932036,0.007160887124602169,0.004172828393955782,0.0005971614114693142,3.464970505427481e-05,3.140509187388531e-05,0.0009864408466438088,,,,,,,
7213.658984391924,0.013255802788090383,0.0012142058345681942,0.01877774493444071,0.003654150260148639,0.00022005406647166258,0.007129964184498419,0.004161046932316755,0.0005957401198627914,3.458960375106829e-05,3.131890529566063e-05,0.0009825403901712612,,,,,,,
7223.291461739499,0.013225681706195728,0.001211335263791421,0.01872637753956289,0.0036453707525523544,0.00021951554994514963,0.007099174779277682,0.004149298734168386,0.0005943222110432186,3.452960669598283e-05,3.123295524361112e-05,0.000978655356377877,,,,,,,
7232.936801438899,0.013195629068256477,0.0012084714794888625,0.018675150662583594,0.0036366123387119877,0.00021897835127680725,0.007068518332294815,0.00413758370559537,0.0005929076769592975,3.446971370819587e-05,3.114724106862627e-05,0.0009747856842813052,,,,,,,
7242.595020665376,0.01316564471874778,0.0012056144656162366,0.0186240639191095,0.003627874967947395,0.00021844246724157037,0.007037994269394702,0.004125901752947522,0.0005914965095788857,3.440992460719845e-05,3.1061762123376675e-05,0.0009709313131403081,,,,,,,
7252.266136617089,0.013135728502498294,0.001202764206167203,0.01857311692579896,0.0036191585897002287,0.00021790789462226886,0.007007602018901699,0.0041142527828391005,0.0005900887008889641,3.435023921279498e-05,3.097651776230951e-05,0.0009670921824538387,,,,,,,
7261.950166515189,0.013105880264689174,0.001199920685173252,0.018522309300358825,0.003610463153533593,0.00021737463020960303,0.006977341011608743,0.004102636702147993,0.0005886842428955808,3.429065734510192e-05,3.08915073416435e-05,0.0009632682319600621,,,,,,,
7271.6471276037955,0.013076099850853463,0.0011970838867036368,0.018471640661541874,0.0036017886091317917,0.00021684267080212966,0.006947210680766891,0.004091053418015042,0.0005872831276238131,3.423117882454826e-05,3.080673021936433e-05,0.0009594594016354358,,,,,,,
7281.357037150082,0.013046387106875097,0.0011942537948652627,0.018421110629143665,0.003593134906299988,0.00021631201320623745,0.006917210462074494,0.004079502837843228,0.0005858853471177166,3.4171803471874166e-05,3.0722185755219395e-05,0.0009556656316937399,,,,,,,
7291.079912444251,0.013016741878988306,0.0011914303938026182,0.018370718823999956,0.0035845019949639853,0.00021578265423613313,0.006887339793666821,0.004067984869297005,0.0005844908934402853,3.411253110813082e-05,3.063787331071325e-05,0.0009518868625851682,,,,,,,
7300.815770799621,0.012987164013776639,0.0011886136676976695,0.018320464867983596,0.0035758898251698535,0.00021525459071381712,0.00685759811610536,0.0040564994203014905,0.0005830997586734016,3.405336155467978e-05,3.0553792249102615e-05,0.0009481230349953657,,,,,,,
7310.564629552607,0.012957653358172306,0.001185803600769785,0.018270348384001905,0.0035672983470837103,0.00021472781946906916,0.006827984872367511,0.0040450463990417875,0.0005817119349177944,3.39942946331924e-05,3.046994193539187e-05,0.0009443740898445195,,,,,,,
7320.326506062775,0.012928209759455337,0.0011830001772756367,0.0182203689959938,0.0035587275109913996,0.00021420233733942634,0.006798499507836051,0.004033625713962232,0.0005803274142929958,3.393533016564964e-05,3.0386321736327847e-05,0.0009406399682864234,,,,,,,
7330.101417712892,0.012898833065252727,0.001180203381509116,0.018170526328926774,0.0035501772672981995,0.0002136781411701645,0.006769141470288711,0.00402223727376562,0.0005789461889372902,3.387646797434074e-05,3.0302931020395248e-05,0.0009369206117075415,,,,,,,
7339.889381908907,0.012869523123537792,0.0011774131978012517,0.018120820008794412,0.0035416475665285617,0.00021315522781428054,0.006739910209887964,0.004010880987412558,0.0005775682510076764,3.3817707881863686e-05,3.0219769157812057e-05,0.0009332159617261146,,,,,,,
7349.690416080043,0.012840279782629195,0.0011746296105201075,0.018071249662613257,0.003533138359325781,0.0002126335941324719,0.0067108051791705935,0.0039995567641206535,0.0005761935926798181,3.375904971112388e-05,3.013683552052442e-05,0.0009295259601912163,,,,,,,
7359.504537678764,0.01281110289119037,0.0011718526040707129,0.018021814918420313,0.003524649596451776,0.00021211323699311932,0.0066818258330375606,0.00398826451336386,0.0005748222061480036,3.3700493285333986e-05,3.005412948220215e-05,0.0009258505491818658,,,,,,,
7369.331764180869,0.012781992298228538,0.0011690821628949567,0.017972515405269954,0.0035161812287867263,0.0002115941532722665,0.006652971628743657,0.0039770041448716886,0.0005734540836250972,3.364203842801331e-05,2.997165041823385e-05,0.0009221896710060912,,,,,,,
7379.172113085465,0.012752947853094113,0.00116631827147152,0.01792335075323145,0.0035077332073288553,0.0002110763398536028,0.0066242420258874925,0.003965775568628548,0.0005720892173424996,3.358368496298726e-05,2.9889397705722536e-05,0.0009185432682000536,,,,,,,
7389.025601915051,0.012723969405479728,0.0011635609143157677,0.01787432059338588,0.0034993054831941018,0.00021055979362844308,0.006595636486401239,0.003954578694872964,0.0005707275995500988,3.352543271438684e-05,2.9807370723480242e-05,0.0009149112835271174,,,,,,,
7398.892248215499,0.012695056805419653,0.0011608100759796834,0.017825424557823672,0.0034908980076158716,0.00021004451149571056,0.006567154474540673,0.003943413434096926,0.0005693692225162314,3.34672815066481e-05,2.972556885202418e-05,0.000911293659976976,,,,,,,
7408.772069556138,0.012666209903288842,0.0011580657410517623,0.017776662279641527,0.0034825107319447087,0.00020953049036191658,0.006538795456875006,0.0039322796970451025,0.0005680140785276328,3.340923116451154e-05,2.9643991473571345e-05,0.0009076903407647355,,,,,,,
7418.665083529735,0.012637428549802305,0.001155327894156942,0.017728033392939952,0.003474143607648076,0.00020901772714114334,0.006510558902277024,0.00392117739471419,0.0005666621598893999,3.335128151302187e-05,2.9562637972034375e-05,0.0009041012693300388,,,,,,,
7428.571307752547,0.01260871259601427,0.001152596519956509,0.017679537532820377,0.003465796586310029,0.0002085062187550255,0.006482444281913108,0.003910106438352179,0.0005653134589249429,3.329343237752705e-05,2.94815077330165e-05,0.0009005263893361753,,,,,,,
7438.49075986438,0.01258006189331734,0.0011498716031480057,0.01763117433538233,0.0034574696196309276,0.00020799596213272981,0.006454451069233222,0.0038990667394576033,0.0005639679679759412,3.323568358367806e-05,2.9400600143807056e-05,0.0008969656446691845,,,,,,,
7448.4234575285645,0.012551476293441893,0.0011471531284651616,0.017582943437720943,0.0034491626594272172,0.00020748695421093905,0.00642657873996123,0.0038880582097789137,0.0005626256794023041,3.317803495742829e-05,2.931991459337713e-05,0.0008934189794369964,,,,,,,
7458.369418432043,0.012522955648455137,0.0011444410806777888,0.01753484447792395,0.0034408756576310684,0.0002069791919338317,0.0063988267720848915,0.003877080761313692,0.0005612865855821229,3.312048632503302e-05,2.9239450472374245e-05,0.0008898863379685286,,,,,,,
7468.32866028535,0.012494499810760501,0.0011417354445917146,0.017486877095069263,0.00343260856629017,0.0002064726722530653,0.00637119464584628,0.003866134306308016,0.0005599506789116313,3.30630375130489e-05,2.915920717311864e-05,0.0008863676648128394,,,,,,,
7478.301200822697,0.012466108633096723,0.001139036205048679,0.017439040929221952,0.003424361337567403,0.00020596739212775644,0.006343681843731846,0.003855218757255695,0.0005586179518051582,3.300568834833335e-05,2.907918408959793e-05,0.0008828629047382325,,,,,,,
7488.2870578019465,0.012437781968537245,0.0011363433469262674,0.017391335621431872,0.0034161339237406014,0.00020546334852446422,0.00631628785046291,0.0038443340268976313,0.0005572883966950917,3.2948438658044394e-05,2.8999380617463136e-05,0.0008793720027314123,,,,,,,
7498.286249004703,0.01240951967048927,0.001133656855137808,0.017343760813730638,0.003407926277202228,0.00020496053841717035,0.006289012152985839,0.003833480028221061,0.0005559620060318247,3.289128826963938e-05,2.891979615402342e-05,0.0008758949039965998,,,,,,,
7508.298792236285,0.012381321592693204,0.0011309767146323048,0.017296316149129264,0.0033997383504591663,0.0002044589587872626,0.006261854240462628,0.003822656674458923,0.0005546387722837258,3.283423701087541e-05,2.884043009824235e-05,0.0008724315539546905,,,,,,,
7518.324705325818,0.01235318758922171,0.0011283029103943366,0.017249001271615168,0.00339157009613237,0.0002039586066235151,0.006234813604261127,0.003811863879089099,0.0005533186879370826,3.277728470980807e-05,2.8761281850732696e-05,0.0008689818982423814,,,,,,,
7528.364006126204,0.012325117514479126,0.0011256354274439889,0.01720181582614981,0.003383421466956653,0.0002034594789220719,0.006207889737945705,0.0038011015558337908,0.0005520017454960724,3.2720431194791277e-05,2.8682350813752242e-05,0.0008655458827113357,,,,,,,
7538.416712514212,0.01229711122320053,0.0011229742508367538,0.01715475945866572,0.003375292415780373,0.00020296157268642726,0.006181082137267594,0.0037903696186587523,0.0005506879374827084,3.266367629447666e-05,2.8603636391199107e-05,0.000862123453427313,,,,,,,
7548.482842390464,0.012269168570451162,0.0011203193656634611,0.017107831816064126,0.0033671828955651843,0.00020246488492740882,0.006154390300155605,0.0037796679817726797,0.0005493772564368038,3.2607019837812994e-05,2.852513798860745e-05,0.000858714556669338,,,,,,,
7558.5624136794795,0.01224128941162559,0.001117670757050188,0.01706103254621215,0.0033590928593857563,0.00020196941266316027,0.006127813726706629,0.003768996559626485,0.0005480696949159298,3.255046165404602e-05,2.8446855013142906e-05,0.0008553191389288549,,,,,,,
7568.655444329741,0.012213473602446909,0.0011150284101581693,0.01701436129794009,0.0033510222604294917,0.00020147515291912032,0.00610135191917624,0.003758355266912596,0.0005467652454953655,3.249400157271718e-05,2.836878687359771e-05,0.0008519371469088751,,,,,,,
7578.761952313664,0.012185720998966131,0.0011123923101837303,0.016967817721039037,0.003342971051996283,0.00020098210272800963,0.006075004381969519,0.003747744018564325,0.0005454639007680684,3.243763942366408e-05,2.8290932980386983e-05,0.0008485685275231613,,,,,,,
7588.881955627693,0.012158031457561285,0.0011097624423581846,0.016921401466257938,0.0033349391874982,0.00020049025912980783,0.006048770621631587,0.0037371627297551296,0.0005441656533446184,3.2381375037019175e-05,2.821329274554364e-05,0.0008452132278953726,,,,,,,
7599.015472292276,0.01213040483493684,0.0011071387919477703,0.01687511218530128,0.0033269266204592703,0.0001999996191717408,0.006022650146838538,0.0037266113158979956,0.000542870495853189,3.232520824320966e-05,2.813586558271424e-05,0.0008418711953582532,,,,,,,
7609.162520351951,0.012102840988122768,0.001104521344253553,0.01682894953082619,0.0033189333045151683,0.00019951017990825804,0.005996642468388076,0.0037160896926446987,0.000541578420939495,3.226913887295684e-05,2.805865090715445e-05,0.0008385423774527894,,,,,,,
7619.323117875321,0.012075339774474017,0.0011019100846113503,0.01678291315644011,0.0033109591934129766,0.00019902193840101975,0.005970747099190524,0.0037055977758851913,0.0005402894212667574,3.221316675727565e-05,2.7981648135724847e-05,0.0008352267219274033,,,,,,,
7629.49728295515,0.012047901051669578,0.0010993049983916469,0.01673700271669791,0.0033030042410108927,0.0001985348917188745,0.005944963554259518,0.0036951354817468707,0.0005390034895156573,3.215729172747414e-05,2.7904856686886184e-05,0.0008319241767371144,,,,,,,
7639.685033708326,0.01202052467771192,0.0010967060709995188,0.01669121786709958,0.0032950684012779917,0.00019804903693784615,0.005919291350703097,0.003684702726593971,0.0005377206183842986,3.210151361515294e-05,2.78282759806952e-05,0.0008286346900427392,,,,,,,
7649.886388275963,0.011993210510926082,0.0010941132878745387,0.016645558264087375,0.00328715162829392,0.0001975643711411125,0.005893730007714502,0.0036742994270268212,0.0005364408005881621,3.204583225220475e-05,2.775190543880017e-05,0.0008253582102100625,,,,,,,
7660.1013648233675,0.011965958409959117,0.001091526634490711,0.016600023565043493,0.003279253876248675,0.0001970808914189905,0.005868279046563316,0.003663925499881259,0.0005351640288600682,3.199024747081409e-05,2.7675744484436774e-05,0.0008220946858090433,,,,,,,
7670.329981540132,0.0119387682337792,0.0010889460963563733,0.016554613428287256,0.0032713750994423025,0.00019659859486891672,0.005842937990586375,0.003653580862227893,0.0005338902959501321,3.19347591034561e-05,2.759979254242315e-05,0.0008188440656129891,,,,,,,
7680.572256640116,0.011911639841675021,0.0010863716590141302,0.01650932751307276,0.0032635152522846574,0.0001961174785954316,0.00581770636517893,0.003643265431371494,0.0005326195946257251,3.187936698289699e-05,2.7524049039156273e-05,0.0008156062985977692,,,,,,,
7690.8282083614995,0.011884573093255019,0.001083803308040766,0.01646416547958623,0.0032556742892951296,0.0001956375397101613,0.00579258369778573,0.0036329791248503147,0.0005313519176714343,3.1824070942192746e-05,2.744851340260723e-05,0.0008123813339410037,,,,,,,
7701.097854966838,0.011857567848446568,0.0010812410290471568,0.016419126988943378,0.0032478521651023713,0.00019515877533179965,0.005767569517892103,0.003622721860435403,0.0005300872578890169,3.176887081468902e-05,2.7373185062316844e-05,0.0008091691210212628,,,,,,,
7711.381214743045,0.011830623967495416,0.0010786848076782057,0.016374211703187067,0.0032400488344440613,0.00019468118258609318,0.005742663357015296,0.0036124935561300015,0.0005288256080973653,3.1713766434020504e-05,2.7298063449391532e-05,0.0008059696094172866,,,,,,,
7721.678306001483,0.0118037413109648,0.001076134629612745,0.016329419285284533,0.0032322642521666,0.00019420475860582013,0.0057178647486955236,0.0036022941301688304,0.0005275669611324612,3.165875763411042e-05,2.7223147996498896e-05,0.0008027827489071755,,,,,,,
7731.989147077932,0.01177691973973487,0.001073590480563473,0.016284749399125113,0.00322449837322491,0.00019372950053077776,0.005693173228487393,0.003592123501017494,0.0005263113098473394,3.160384424917029e-05,2.7148438137863672e-05,0.0007996084894676177,,,,,,,
7742.313756332691,0.011750159115001827,0.0010710523462768564,0.016240201709517448,0.003216751152682104,0.0001932554055077605,0.0056685883339510565,0.0035819815873717725,0.000525058647112043,3.1549026113698774e-05,2.707393330926311e-05,0.0007964467812730903,,,,,,,
7752.652152150541,0.011723459298277346,0.001068520212533069,0.016195775882187274,0.003209022545709287,0.00019278247069054745,0.005644109604643711,0.0035718683081570166,0.0005238089658135868,3.149430306248203e-05,2.6999632948022936e-05,0.0007932975746950927,,,,,,,
7763.004352940848,0.011696820151387703,0.0010659940651458924,0.016151471583774567,0.003201312507585254,0.00019231069323988065,0.005619736582110806,0.003561783582527463,0.000522562258855913,3.1439674930592556e-05,2.692553649301301e-05,0.0007901608203013492,,,,,,,
7773.370377137523,0.011670241536473237,0.0010634738899626566,0.01610728848183141,0.003193620993696264,0.00019184007032345277,0.00559546880987761,0.0035517273298656333,0.0005213185191598566,3.138514155338896e-05,2.685164338464333e-05,0.0007870364688550533,,,,,,,
7783.750243199129,0.011643723315987462,0.0010609596728641418,0.01606322624481914,0.0031859479595357397,0.00019137059911588527,0.005571305833440523,0.003541699469781631,0.000520077739663096,3.1330702766515446e-05,2.677795306485924e-05,0.000783924471314072,,,,,,,
7794.143969608843,0.011617265352696521,0.001058451399764516,0.01601928454210619,0.0031782933607040708,0.0001909022767987163,0.0055472472002587115,0.003531699922112561,0.000518839913320125,3.127635840590129e-05,2.6704464977137953e-05,0.0007808247788302009,,,,,,,
7804.551574874553,0.011590867509678299,0.0010559490566112407,0.01597546304396531,0.003170657152908288,0.00019043510056037898,0.005523292459745476,0.003521728606921829,0.0005176050331021997,3.122210830776035e-05,2.6631178566483705e-05,0.0007777373427483739,,,,,,,
7814.97307752884,0.011564529650321884,0.0010534526293850058,0.01593176142157133,0.003163039291961858,0.00018996906759618886,0.005499441163259937,0.0035117854444985538,0.0005163730919973105,3.116795230859053e-05,2.6558093279424057e-05,0.0007746621146059188,,,,,,,
7825.40849612903,0.011538251638326771,0.001050962104099645,0.0158881793469986,0.003155439733784423,0.0001895041751083243,0.005475692864098604,0.0035018703553569065,0.0005151440830101348,3.111389024517352e-05,2.6485208564005325e-05,0.0007715990461317855,,,,,,,
7835.857849257252,0.011512033337702125,0.001048477466802051,0.01584471649321843,0.0031478584344015017,0.00018904042030581017,0.005452047117486925,0.0034919832602354566,0.0005139179991619981,3.105992195457391e-05,2.641252386978858e-05,0.0007685480892457866,,,,,,,
7846.321155520419,0.011485874612766187,0.0010459987035721123,0.015801372534096858,0.0031402953499442936,0.00018857780040450214,0.005428503480571096,0.00348212408009659,0.0005126948334908393,3.1006047274139004e-05,2.6340038647845705e-05,0.0007655091960578558,,,,,,,
7856.798433550317,0.011459775328145438,0.0010435258005226187,0.015758147144391953,0.0031327504366493817,0.0001881163126270685,0.005405061512409618,0.003472292736125806,0.0005114745790511626,3.095226604149821e-05,2.6267752350754664e-05,0.0007624823188672775,,,,,,,
7867.289702003584,0.011433735348774047,0.0010410587437991994,0.015715039999751622,0.0031252236508585115,0.00018765595420297494,0.005381720773965202,0.003462489149731166,0.0005102572289140088,3.0898578094562584e-05,2.6195664432596103e-05,0.0007594674101619591,,,,,,,
7877.7949795618015,0.011407754539893,0.0010385975195802291,0.01567205077671092,0.0031177149490182964,0.00018719672236846652,0.005358480828096372,0.003452713242542594,0.0005090427761669039,3.0844983271524326e-05,2.612377434894861e-05,0.0007564644226176619,,,,,,,
7888.314284931462,0.011381832767049582,0.001036142114076768,0.015629179152689902,0.0031102242876800273,0.00018673861436655246,0.005335341239549441,0.003442964936411311,0.000507831213913832,3.07914814108563e-05,2.6052081556885103e-05,0.0007534733090972823,,,,,,,
7898.8476368440715,0.011355969896096524,0.0010336925135324662,0.015586424805990902,0.0031027516234993506,0.0001862816274469882,0.005312301574950206,0.003433244153409153,0.000506622535275186,3.073807235131148e-05,2.5980585514968133e-05,0.0007504940226500903,,,,,,,
7909.395054056115,0.01133016579319145,0.0010312487042235037,0.015543787415796421,0.003095296913236077,0.00018582575886626023,0.005289361402795996,0.0034235508158280037,0.0005054167333877357,3.06847559319228e-05,2.5909285683246494e-05,0.0007475265165110122,,,,,,,
7919.956555349157,0.011304420324796026,0.0010288106724585019,0.015501266662166432,0.0030878601137538917,0.00018537100588756814,0.005266520293447418,0.0034138848461791192,0.0005042138014045835,3.063153199200192e-05,2.58381815232506e-05,0.0007445707440998751,,,,,,,
7930.532159529807,0.011278733357675447,0.0010263784045784511,0.01545886222603625,0.0030804411820201352,0.00018491736578081047,0.005243777819120466,0.0034042461671925624,0.0005030137324951303,3.0578400371139695e-05,2.5767272497988657e-05,0.000741626659020699,,,,,,,
7941.121885429822,0.011253104758897578,0.0010239518869566333,0.015416573789213883,0.0030730400751055134,0.00018446483582256482,0.005221133553878372,0.003394634701816531,0.000501816519845032,3.052536090920495e-05,2.5696558071942522e-05,0.000738694215060947,,,,,,,
7951.725751906078,0.011227534395832399,0.0010215311059985474,0.015374401034377856,0.0030656567501839028,0.00018401341329607538,0.005198587073623756,0.003385050373216789,0.0005006221566561645,3.047241344634433e-05,2.5626037711063796e-05,0.0007357733661908167,,,,,,,
7962.343777840633,0.011202022136151268,0.0010191160481418337,0.015332343645074744,0.0030582911645320662,0.00018356309549123412,0.0051761379560906085,0.0033754931047760375,0.0004994306361465852,3.041955782298175e-05,2.5555710882769752e-05,0.0007328640665625111,,,,,,,
7972.9759821407815,0.011176567847826165,0.001016706699856189,0.015290401305716697,0.003050943275529397,0.00018311387970456472,0.005153785780836352,0.0033659628200932634,0.00049824195155049,3.036679387981785e-05,2.548557705593895e-05,0.0007299662705095102,,,,,,,
7983.6223837390335,0.011151171399129163,0.001014303047643307,0.015248573701579315,0.0030436130406577113,0.00018266576323920763,0.005131530129234073,0.0033564594429832018,0.0004970560961181804,3.0314121457829845e-05,2.5415635700907885e-05,0.0007270799325458733,,,,,,,
7994.283001593211,0.011125832658631584,0.0010119050780367845,0.015206860518798992,0.003036300417500965,0.0001822187434049023,0.0051093705844645655,0.003346982897475657,0.000495873063116021,3.0261540398270326e-05,2.534588628946644e-05,0.0007242050073655049,,,,,,,
8004.95785468642,0.011100551495203463,0.0010095127776020636,0.015165261444370848,0.0030290053637450354,0.00018177281751797253,0.005087306731508632,0.0033375331078149507,0.0004946928458264045,3.020905054266769e-05,2.5276328294854135e-05,0.0007213414498414628,,,,,,,
8015.646962027147,0.011075327778012735,0.0010071261329363394,0.015123776166146113,0.0030217278371774516,0.0001813279829013088,0.005065338157139196,0.003328109998459267,0.0004935154375477107,3.0156651732824945e-05,2.5206961191756053e-05,0.0007184892150252285,,,,,,,
8026.350342649226,0.011050161376524694,0.0010047451306685012,0.015082404372830038,0.0030144677956871787,0.00018088423688435387,0.005043464449913688,0.003318713494080099,0.0004923408315942711,3.0104343810819578e-05,2.5137784456299086e-05,0.0007156482581460245,,,,,,,
8037.068015611942,0.011025052160501165,0.0010023697574590422,0.015041145753979317,0.003007225197264337,0.0001804415768030851,0.005021685200166209,0.003309343519561592,0.0004911690212963279,3.005212661900298e-05,2.5068797566047658e-05,0.00071281853461009,,,,,,,
8047.799999999997,0.010999999999999998,0.001,0.014999999999999996,0.003000000000000001,0.00017999999999999998,0.004999999999999999,0.0033000000000000004,0.0004900000000000002,3.000000000000001e-05,2.4999999999999994e-05,0.0007100000000000003,,,,,,,
