Photon Energy / eV,4s,4p,5s,4d,5p,6s,4f,5d,6p,Unnamed: 10,Unnamed: 11,Unnamed: 12,Unnamed: 13,Unnamed: 14,Unnamed: 15,Unnamed: 16,Unnamed: 17,Unnamed: 18
10.2,,,,,,,,,28.09,,,,,,,,,
10.21362017100584,,,,,,,,,27.971288500596014,,,,,,,,,
10.22725852917425,,,,,,,,,27.853078689340492,,,,,,,,,
10.24091509879075,,,,,,,,,27.735368446042916,,,,,,,,,
10.25458990417328,,,,,,,,,27.618155659472887,,,,,,,,,
10.26828296967226,,,,,,,,,27.501438227322343,,,,,,,,,
10.281994319670622,,,,,,,,,27.385214056167772,,,,,,,,,
10.29572397858386,,,,,,,,,27.269481061432707,,,,,,,,,
10.30947197086006,,,,,,,,,27.15423716735041,,,,,,,,,
10.323238320979964,,,,,,,,,27.0394803069265,,,,,,,,,
10.337023053457003,,,,,,,,,26.92520842190193,,,,,,,,,
10.350826192837335,,,,,,,,,26.81141946271614,,,,,,,,,
10.3646477636999,,,,,,,,,26.698111388470206,,,,,,,,,
10.378487790656457,,,,,,,,,26.585282166890273,,,,,,,,,
10.39234629835163,,,,,,,,,26.472929774291142,,,,,,,,,
10.406223311462949,,,,,,,,,26.36105219553988,,,,,,,,,
10.420118854700899,,,,,,,,,26.24964742401979,,,,,,,,,
10.434032952808957,,,,,,,,,26.13871346159431,,,,,,,,,
10.447965630563646,,,,,,,,,26.028248318571276,,,,,,,,,
10.461916912774575,,,,,,,,,25.918250013667098,,,,,,,,,
10.475886824284464,,,,,,,,,25.808716573971484,,,,,,,,,
10.489875389969226,,,,,,,,,25.69964603491171,,,,,,,,,
10.503882634737984,,,,,,,,,25.591036440217653,,,,,,,,,
10.51790858353312,,,,,,,,,25.482885841886564,,,,,,,,,
10.531953261330328,,,,,,,,,25.375192300148175,,,,,,,,,
10.546016693138645,,,,,,,,,25.267953883429943,,,,,,,,,
10.560098904000506,,,,,,,,,25.161168668322322,,,,,,,,,
10.574199918991788,,,,,,,,,25.054834739544354,,,,,,,,,
10.588319763221847,,,,,,,,,24.948950189909223,,,,,,,,,
10.602458461833573,,,,,,,,,24.84351312029016,,,,,,,,,
10.616616040003423,,,,,,,,,24.738521639586256,,,,,,,,,
10.630792522941482,,,,,,,,,24.63397386468867,,,,,,,,,
10.644987935891493,,,,,,,,,24.52986792044669,,,,,,,,,
10.659202304130899,,,,,,,,,24.426201939634375,,,,,,,,,
10.673435652970909,,,,,,,,,24.32297406291673,,,,,,,,,
10.687688007756526,,,,,,,,,24.220182438816572,,,,,,,,,
10.701959393866595,,,,,,,,,24.11782522368129,,,,,,,,,
10.716249836713851,,,,,,,,,24.01590058164972,,,,,,,,,
10.730559361744964,,,,,,,,,23.914406684619294,,,,,,,,,
10.74488799444058,,,,,,,,,23.813341712213163,,,,,,,,,
10.75923576031537,,,,,,,,,23.712703851747648,,,,,,,,,
10.77360268491808,,,,,,,,,23.612491298199622,,,,,,,,,
10.787988793831566,,,,,,,,,23.512702254174243,,,,,,,,,
10.802394112672848,,,,,,,,,23.413334929872626,,,,,,,,,
10.816818667093155,,,,,,,,,23.314387543059727,,,,,,,,,
10.831262482777957,,,,,,,,,23.21585831903259,,,,,,,,,
10.845725585447031,,,,,,,,,23.11774549058819,,,,,,,,,
10.860208000854502,,,,,,,,,23.020047297991983,,,,,,,,,
10.874709754788878,,,,,,,,,22.922761988946217,,,,,,,,,
10.889230873073103,,,,,,,,,22.825887818558584,,,,,,,,,
10.903771381564605,,,,,,,,,22.72942304931086,,,,,,,,,
10.91833130615534,,,,,,,,,22.6333659510278,,,,,,,,,
10.932910672771834,,,,,,,,,22.537714800846025,,,,,,,,,
10.947509507375239,,,,,,,,,22.442467883183234,,,,,,,,,
10.962127835961367,,,,,,,,,22.347623489707317,,,,,,,,,
10.976765684560746,,,,,,,,,22.25317991930578,,,,,,,,,
10.991423079238663,,,,,,,,,22.159135478055244,,,,,,,,,
11.006100046095213,,,,,,,,,22.065488479190975,,,,,,,,,
11.02079661126533,,,,,,,,,21.972237243076837,,,,,,,,,
11.035512800918863,,,,,,,,,21.879380097174877,,,,,,,,,
11.050248641260591,,,,,,,,,21.786915376015553,,,,,,,,,
11.0650041585303,,,,,,,,,21.694841421167748,,,,,,,,,
11.079779379002801,,,,,,,,,21.603156581209095,,,,,,,,,
11.094574328987996,,,,,,,,,21.51185921169629,,,,,,,,,
11.109389034830919,,,,,,,,,21.420947675135665,,,,,,,,,
11.124223522911782,,,,,,,,,21.33042034095376,,,,,,,,,
11.13907781964602,,,,,,,,,21.2402755854681,,,,,,,,,
11.153951951484348,,,,,,,,,21.150511791858104,,,,,,,,,
11.168845944912793,,,,,,,,,21.061127350136015,,,,,,,,,
11.183759826452752,,,,,,,,,20.972120657118108,,,,,,,,,
11.198693622661045,,,,,,,,,20.883490116395823,,,,,,,,,
11.213647360129933,,,,,,,,,20.795234138307332,,,,,,,,,
11.228621065487202,,,,,,,,,20.707351139908766,,,,,,,,,
11.243614765396194,,,,,,,,,20.619839544946025,,,,,,,,,
11.258628486555848,,,,,,,,,20.532697783826393,,,,,,,,,
11.273662255700762,,,,,,,,,20.445924293590476,,,,,,,,,
11.288716099601224,,,,,,,,,20.359517517884083,,,,,,,,,
11.303790045063277,,,,,,,,,20.27347590693036,,,,,,,,,
11.318884118928755,,,,,,,,,20.187797917502014,,,,,,,,,
11.333998348075333,,,,,,,,,20.102482012893553,,,,,,,,,
11.349132759416577,,,,,,,,,20.01752666289383,,,,,,,,,
11.364287379901992,,,,,,,,,19.93293034375849,,,,,,,,,
11.379462236517073,,,,,,,,,19.84869153818271,,,,,,,,,
11.394657356283334,,,,,,,,,19.764808735274016,,,,,,,,,
11.409872766258385,,,,,,,,,19.68128043052509,,,,,,,,,
11.425108493535966,,,,,,,,,19.598105125786812,,,,,,,,,
11.440364565245988,,,,,,,,,19.515281329241454,,,,,,,,,
11.455641008554595,,,,,,,,,19.432807555375845,,,,,,,,,
11.470937850664205,,,,,,,,,19.350682324954768,,,,,,,,,
11.48625511881356,,,,,,,,,19.268904164994442,,,,,,,,,
11.50159284027777,,,,,,,,,19.18747160873604,,,,,,,,,
11.516951042368369,,,,,,,,,19.10638319561947,,,,,,,,,
11.532329752433364,,,,,,,,,19.025637471257085,,,,,,,,,
11.547728997857273,,,,,,,,,18.945232987407685,,,,,,,,,
11.563148806061186,,,,,,,,,18.865168301950465,,,,,,,,,
11.578589204502812,,,,,,,,,18.78544197885919,,,,,,,,,
11.594050220676507,,,,,,,,,18.706052588176483,,,,,,,,,
11.60953188211336,,,,,,,,,18.626998705988083,,,,,,,,,
11.625034216381218,,,,,,,,,18.54827891439734,,,,,,,,,
11.640557251084733,,,,,,,,,18.469891801499806,,,,,,,,,
11.656101013865422,,,,,,,,,18.391835961357923,,,,,,,,,
11.671665532401715,,,,,,,,,18.31410999397575,,,,,,,,,
11.687250834408998,,,,,,,,,18.23671250527392,,,,,,,,,
11.702856947639663,,,,,,,,,18.159642107064567,,,,,,,,,
11.718483899883166,,,,,,,,,18.082897417026498,,,,,,,,,
11.734131718966067,,,,,,,,,18.006477058680325,,,,,,,,,
11.749800432752084,,,,,,,,,17.93037966136386,,,,,,,,,
11.765490069142146,,,,,,,,,17.854603860207426,,,,,,,,,
11.781200656074423,,,,,,,,,17.779148296109547,,,,,,,,,
11.796932221524408,,,,,,,,,17.70401161571236,,,,,,,,,
11.812684793504943,,,,,,,,,17.629192471377472,,,,,,,,,
11.828458400066278,,,,,,,,,17.55468952116178,,,,,,,,,
11.844253069296117,,,,,,,,,17.480501428793364,,,,,,,,,
11.860068829319673,,,,,,,,,17.406626863647563,,,,,,,,,
11.875905708299708,,,,,,,,,17.33306450072305,,,,,,,,,
11.891763734436596,,,,,,,,,17.259813020618143,,,,,,,,,
11.907642935968369,,,,,,,,,17.186871109507063,,,,,,,,,
11.923543341170758,,,,,,,,,17.11423745911644,,,,,,,,,
11.939464978357256,,,,,,,,,17.041910766701786,,,,,,,,,
11.955407875879164,,,,,,,,,16.969889735024164,,,,,,,,,
11.971372062125644,,,,,,,,,16.898173072326912,,,,,,,,,
11.98735756552375,,,,,,,,,16.826759492312522,,,,,,,,,
12.003364414538513,,,,,,,,,16.755647714119476,,,,,,,,,
12.019392637672967,,,,,,,,,16.684836462299312,,,,,,,,,
12.035442263468205,,,,,,,,,16.6143244667938,,,,,,,,,
12.051513320503435,,,,,,,,,16.544110462912077,,,,,,,,,
12.067605837396025,,,,,,,,,16.474193191308036,,,,,,,,,
12.083719842801555,,,,,,,,,16.404571397957685,,,,,,,,,
12.09985536541387,,,,,,,,,16.335243834136705,,,,,,,,,
12.116012433965132,,,,,,,,,16.266209256398007,,,,,,,,,
12.132191077225865,,,,,,,,,16.19746642654944,,,,,,,,,
12.148391324005015,,,,,,,,,16.129014111631623,,,,,,,,,
12.164613203149997,,,,,,,,,16.06085108389577,,,,,,,,,
12.180856743546748,,,,,,,,,15.992976120781707,,,,,,,,,
12.197121974119762,,,,,,,,,15.925388004895968,,,,,,,,,
12.213408923832173,,,,,,,,,15.8580855239899,,,,,,,,,
12.229717621685785,,,,,,,,,15.791067470937934,,,,,,,,,
12.246048096721127,,,,,,,,,15.724332643715984,,,,,,,,,
12.262400378017508,,,,,,,,,15.657879845379822,,,,,,,,,
12.278774494693064,,,,,,,,,15.59170788404367,,,,,,,,,
12.295170475904815,,,,,,,,,15.525815572858772,,,,,,,,,
12.311588350848714,,,,,,,,,15.460201729992127,,,,,,,,,
12.328028148759701,,,,,,,,,15.394865178605318,,,,,,,,,
12.344489898911752,,,,,,,,,15.329804746833346,,,,,,,,,
12.360973630617933,,,,,,,,,15.26501926776368,,,,,,,,,
12.377479373230457,,,,,,,,,15.200507579415234,,,,,,,,,
12.394007156140717,,,,,,,,,15.13626852471769,,,,,,,,,
12.410557008779367,,,,,,,,,15.072300951490533,,,,,,,,,
12.427128960616358,,,,,,,,,15.008603712422552,,,,,,,,,
12.443723041160986,,,,,,,,,14.945175665051169,,,,,,,,,
12.460339279961959,,,,,,,,,14.882015671742014,,,,,,,,,
12.476977706607435,,,,,,,,,14.819122599668459,,,,,,,,,
12.493638350725087,,,,,,,,,14.756495320791338,,,,,,,,,
12.510321241982146,,,,,,,,,14.69413271183872,,,,,,,,,
12.527026410085458,,,,,,,,,14.63203365428572,,,,,,,,,
12.54375388478154,,,,,,,,,14.570197034334496,,,,,,,,,
12.560503695856626,,,,,,,,,14.508621742894213,,,,,,,,,
12.577275873136736,,,,,,,,,14.447306675561181,,,,,,,,,
12.594070446487692,,,,,,,,,14.386250732599084,,,,,,,,,
12.610887445815216,,,,,,,,,14.325452818919178,,,,,,,,,
12.627726901064962,,,,,,,,,14.264911844060682,,,,,,,,,
12.644588842222564,,,,,,,,,14.20462672217125,,,,,,,,,
12.661473299313702,,,,,,,,,14.144596371987452,,,,,,,,,
12.678380302404145,,,,,,,,,14.084819716815398,,,,,,,,,
12.695309881599814,,,,,,,,,14.025295684511446,,,,,,,,,
12.712262067046824,,,,,,,,,13.96602320746293,,,,,,,,,
12.729236888931553,,,,,,,,,13.907001222569061,,,,,,,,,
12.746234377480679,,,,,,,,,13.848228671221804,,,,,,,,,
12.763254562961247,,,,,,,,,13.789704499286952,,,,,,,,,
12.780297475680719,,,,,,,,,13.731427657085154,,,,,,,,,
12.797363145987026,,,,,,,,,13.673397099373139,,,,,,,,,
12.814451604268612,,,,,,,,,13.615611785324976,,,,,,,,,
12.831562880954513,,,,,,,,,13.558070678513351,,,,,,,,,
12.848697006514394,,,,,,,,,13.50077274689101,,,,,,,,,
12.865854011458604,,,,,,,,,13.443716962772246,,,,,,,,,
12.883033926338236,,,,,,,,,13.386902302814486,,,,,,,,,
12.900236781745173,,,,,,,,,13.33032774799989,,,,,,,,,
12.917462608312153,,,,,,,,,13.273992283617133,,,,,,,,,
12.934711436712814,,,,,,,,,13.217894899243145,,,,,,,,,
12.951983297661757,,,,,,,,,13.162034588725044,,,,,,,,,
12.969278221914594,,,,,,,,,13.106410350162037,,,,,,,,,
12.986596240268005,,,,,,,,,13.051021185887503,,,,,,,,,
13.003937383559792,,,,,,,,,12.995866102451052,,,,,,,,,
13.021301682668948,,,,,,,,,12.940944110600709,,,,,,,,,
13.038689168515672,,,,,,,,,12.886254225265265,,,,,,,,,
13.056099872061473,,,,,,,,,12.831795465536452,,,,,,,,,
13.073533824309198,,,,,,,,,12.77756685465147,,,,,,,,,
13.090991056303093,,,,,,,,,12.72356741997541,,,,,,,,,
13.108471599128855,,,,,,,,,12.669796192983847,,,,,,,,,
13.12597548391369,,,,,,,,,12.616252209245427,,,,,,,,,
13.143502741826373,,,,,,,,,12.562934508404616,,,,,,,,,
13.161053404077295,,,,,,,,,12.509842134164424,,,,,,,,,
13.178627501918522,,,,,,,,,12.45697413426931,,,,,,,,,
13.196225066643855,,,,,,,,,12.404329560488042,,,,,,,,,
13.213846129588878,,,,,,,,,12.351907468596732,,,,,,,,,
13.23149072213102,,,,,,,,,12.299706918361899,,,,,,,,,
13.249158875689616,,,,,,,,,12.247726973523557,,,,,,,,,
13.266850621725933,,,,,,,,,12.195966701778536,,,,,,,,,
13.28456599174327,,,,,,,,,12.144425174763606,,,,,,,,,
13.302305017286987,,,,,,,,,12.093101468038945,,,,,,,,,
13.320067729944563,,,,,,,,,12.041994661071497,,,,,,,,,
13.337854161345662,,,,,,,,,11.991103837218503,,,,,,,,,
13.35566434316218,,,,,,,,,11.940428083711017,,,,,,,,,
13.373498307108303,,,,,,,,,11.889966491637582,,,,,,,,,
13.39135608494057,,,,,,,,,11.839718155927883,,,,,,,,,
13.409237708457923,,,,,,,,,11.789682175336534,,,,,,,,,
13.42714320950176,,,,,,,,,11.739857652426934,,,,,,,,,
13.445072619956013,,,,,,,,,11.690243693555107,,,,,,,,,
13.463025971747165,,,,,,,,,11.640839408853793,,,,,,,,,
13.481003296844346,,,,,,,,,11.591643912216334,,,,,,,,,
13.499004627259376,,,,,,,,,11.542656321280901,,,,,,,,,
13.517029995046817,,,,,,,,,11.493875757414603,,,,,,,,,
13.535079432304032,,,,,,,,,11.445301345697771,,,,,,,,,
13.553152971171249,,,,,,,,,11.396932214908222,,,,,,,,,
13.571250643831608,,,,,,,,,11.348767497505682,,,,,,,,,
13.589372482511225,,,,,,,,,11.30080632961618,,,,,,,,,
13.60751851947925,,,,,,,,,11.253047851016573,,,,,,,,,
13.62568878704792,,,,,,,,,11.205491205119136,,,,,,,,,
13.643883317572621,,,,,,,,,11.15813553895616,,,,,,,,,
13.662102143451941,,,,,,,,,11.11098000316469,,,,,,,,,
13.680345297127738,,,,,,,,,11.064023751971238,,,,,,,,,
13.698612811085171,,,,,,,,,11.017265943176726,,,,,,,,,
13.716904717852795,,,,,,,,,10.970705738141229,,,,,,,,,
13.735221050002595,,,,,,,,,10.924342301769045,,,,,,,,,
13.75356184015005,,,,,,,,,10.878174802493659,,,,,,,,,
13.771927120954192,,,,,,,,,10.832202412262877,,,,,,,,,
13.790316925117658,,,,,,,,,10.786424306523923,,,,,,,,,
13.80873128538676,,,,,,,,,10.740839664208679,,,,,,,,,
13.827170234551529,,,,,,,,,10.695447667718966,,,,,,,,,
13.845633805445788,,,,,,,,,10.650247502911848,,,,,,,,,
13.8641220309472,,,,,,,,,10.60523835908507,,,,,,,,,
13.882634943977331,,,,,,,,,10.560419428962469,,,,,,,,,
13.901172577501706,,,,,,,,,10.515789908679553,,,,,,,,,
13.919734964529876,,,,,,,,,10.471348997769006,,,,,,,,,
13.938322138115451,,,,,,,,,10.42709589914645,,,,,,,,,
13.956934131356197,,,,,,,,,10.383029819096006,,,,,,,,,
13.97557097739407,,,,,,,,,10.339149967256162,,,,,,,,,
13.994232709415282,,,,,,,,,10.295455556605551,,,,,,,,,
14.012919360650356,,,,,,,,,10.251945803448844,,,,,,,,,
14.03163096437419,,,,,,,,,10.208619927402713,,,,,,,,,
14.050367553906112,,,,,,,,,10.165477151381797,,,,,,,,,
14.069129162609945,,,,,,,,,10.122516701584805,,,,,,,,,
14.087915823894063,,,,,,,,,10.0797378074806,,,,,,,,,
14.106727571211445,,,,,,,,,10.037139701794409,,,,,,,,,
14.12556443805975,,,,,,,,,9.99472162049404,,,,,,,,,
14.144426457981355,,,,,,,,,9.952482802776192,,,,,,,,,
14.163313664563443,,,,,,,,,9.910422491052786,,,,,,,,,
14.182226091438022,,,,,,,,,9.868539930937445,,,,,,,,,
14.201163772282028,,,,,,,,,9.826834371231865,,,,,,,,,
14.220126740817363,,,,,,,,,9.785305063912404,,,,,,,,,
14.239115030810957,,,,,,,,,9.743951264116657,,,,,,,,,
14.258128676074826,,,,,,,,,9.70277223013009,,,,,,,,,
14.27716771046614,,,,,,,,,9.661767223372733,,,,,,,,,
14.296232167887277,,,,,,,,,9.620935508385942,,,,,,,,,
14.315322082285887,,,,,,,,,9.580276352819206,,,,,,,,,
14.334437487654945,,,,,,,,,9.539789027417006,,,,,,,,,
14.353578418032827,,,,,,,,,9.499472806005741,,,,,,,,,
14.372744907503357,,,,,,,,,9.459326965480685,,,,,,,,,
14.39193699019585,,,,,,,,,9.419350785793094,,,,,,,,,
14.411154700285243,,,,,,,,,9.379543549937127,,,,,,,,,
14.430398071992057,,,,,,,,,9.339904543937196,,,,,,,,,
14.449667139582534,,,,,,,,,9.30043305683499,,,,,,,,,
14.46896193736867,,,,,,,,,9.26112838067681,,,,,,,,,
14.488282499708271,,,,,,,,,9.221989810500839,,,,,,,,,
14.507628861005031,,,,,,,,,9.183016644324516,,,,,,,,,
14.527001055708574,,,,,,,,,9.144208183131935,,,,,,,,,
14.546399118314532,,,,,,,,,9.10556373086131,,,,,,,,,
14.565823083364595,,,,,,,,,9.06708259439249,,,,,,,,,
14.585272985446577,,,,,,,,,9.028764083534526,,,,,,,,,
14.604748859194483,,,,,,,,,8.990607511013298,,,,,,,,,
14.624250739288566,,,,,,,,,8.952612192459165,,,,,,,,,
14.64377866045537,,,,,,,,,8.914777446394755,,,,,,,,,
14.663332657467826,,,,,,,,,8.877102594222649,,,,,,,,,
14.6829127651453,,,,,,,,,8.839586960213277,,,,,,,,,
14.702519018353644,,,,,,,,,8.802229871492777,,,,,,,,,
14.72215145200527,,,,,,,,,8.765030658030922,,,,,,,,,
14.74181010105921,,,,,,,,,8.727988652629111,,,,,,,,,
14.761495000521174,,,,,,,,,8.691103190908406,,,,,,,,,
14.78120618544362,,,,,,,,,8.654373611297599,,,,,,,,,
14.800943690925807,,,,,,,,,8.617799255021362,,,,,,,,,
14.820707552113868,,,,,,,,,8.581379466088425,,,,,,,,,
14.840497804200862,,,,,,,,,8.54511359127981,,,,,,,,,
14.860314482426842,,,,,,,,,8.509000980137117,,,,,,,,,
14.88015762207893,,,,,,,,,8.47304098495084,,,,,,,,,
14.900027258491336,,,,,,,,,8.43723296074881,,,,,,,,,
14.919923427045486,,,,,,,,,8.401576265284543,,,,,,,,,
14.939846163170035,,,,,,,,,8.36607025902577,,,,,,,,,
14.959795502340949,,,,,,,,,8.330714305142962,,,,,,,,,
14.979771480081563,,,,,,,,,8.295507769497899,,,,,,,,,
14.999774131962653,,,,,,,,,8.260450020632303,,,,,,,,,
15.019803493602486,,,,,,,,,8.225540429756512,,,,,,,,,
15.039859600666896,,,,,,,,,8.190778370738192,,,,,,,,,
15.059942488869337,,,,,,,,,8.156163220091125,,,,,,,,,
15.080052193970955,,,,,,,,,8.12169435696401,,,,,,,,,
15.10018875178065,,,,,,,,,8.08737116312933,,,,,,,,,
15.12035219815513,,,,,,,,,8.053193022972273,,,,,,,,,
15.140542568999,,,,,,,,,8.019159323479673,,,,,,,,,
15.16075990026478,,,,,,,,,7.985269454229058,,,,,,,,,
15.181004227953025,,,,,,,,,7.951522807377636,,,,,,,,,
15.201275588112347,,,,,,,,,7.9179187776514395,,,,,,,,,
15.221574016839503,,,,,,,,,7.884456762334456,,,,,,,,,
15.241899550279445,,,,,,,,,7.851136161257822,,,,,,,,,
15.262252224625389,,,,,,,,,7.8179563767890485,,,,,,,,,
15.282632076118885,,,,,,,,,7.784916813821314,,,,,,,,,
15.303039141049872,,,,,,,,,7.752016879762787,,,,,,,,,
15.32347345575675,,,,,,,,,7.719255984525987,,,,,,,,,
15.343935056626442,,,,,,,,,7.686633540517218,,,,,,,,,
15.364423980094456,,,,,,,,,7.654148962626017,,,,,,,,,
15.384940262644957,,,,,,,,,7.621801668214666,,,,,,,,,
15.405483940810834,,,,,,,,,7.589591077107726,,,,,,,,,
15.426055051173732,,,,,,,,,7.55751661158168,,,,,,,,,
15.446653630364171,,,,,,,,,7.525577696354501,,,,,,,,,
15.467279715061576,,,,,,,,,7.49377375857538,,,,,,,,,
15.48793334199435,,,,,,,,,7.462104227814441,,,,,,,,,
15.508614547939938,,,,,,,,,7.430568536052507,,,,,,,,,
15.5293233697249,,,,,,,,,7.399166117670917,,,,,,,,,
15.550059844224961,,,,,,,,,7.367896409441371,,,,,,,,,
15.570824008365097,,,,,,,,,7.336758850515842,,,,,,,,,
15.591615899119585,,,,,,,,,7.30575288241651,,,,,,,,,
15.612435553512073,,,,,,,,,7.27487794902574,,,,,,,,,
15.633283008615658,,,,,,,,,7.244133496576106,,,,,,,,,
15.654158301552908,,,,,,,,,7.213518973640509,,,,,,,,,
15.675061469496017,,,,,,,,,7.183033831122163,,,,,,,,,
15.69599254966676,,,,,,,,,7.1526775222449075,,,,,,,,,
15.716951579336648,,,,,,,,,7.1224495025432715,,,,,,,,,
15.737938595826948,,,,,,,,,7.092349229852772,,,,,,,,,
15.75895363650877,,,,,,,,,7.062376164300172,,,,,,,,,
15.779996738803117,,,,,,,,,7.032529768293796,,,,,,,,,
15.80106794018097,,,,,,,,,7.002809506513897,,,,,,,,,
15.822167278163336,,,,,,,,,6.973214845903046,,,,,,,,,
15.843294790321336,,,,,,,,,6.943745255656576,,,,,,,,,
15.864450514276248,,,,,,,,,6.91440020721306,,,,,,,,,
15.885634487699594,,,,,,,,,6.885179174244831,,,,,,,,,
15.906846748313203,,,,,,,,,6.856081632648531,,,,,,,,,
15.928087333889254,,,,,,,,,6.827107060535755,,,,,,,,,
15.949356282250383,,,,,,,,,6.798254938223623,,,,,,,,,
15.970653631269727,,,,,,,,,6.769524748225505,,,,,,,,,
15.991979418870994,,,,,,,,,6.74091597524173,,,,,,,,,
16.013333683028534,,,,,,,,,6.712428106150335,,,,,,,,,
16.0347164617674,,,,,,,,,6.684060629997875,,,,,,,,,
16.05612779316342,,,,,,,,,6.655813037990248,,,,,,,,,
16.07756771534327,,,,,,,,,6.627684823483573,,,,,,,,,
16.099036266484543,,,,,,,,,6.5996754819751065,,,,,,,,,
16.12053348481579,,,,,,,,,6.571784511094187,,,,,,,,,
16.14205940861663,,,,,,,,,6.544011410593228,,,,,,,,,
16.163614076217783,,,,,,,,,6.516355682338749,,,,,,,,,
16.185197526001172,,,,,,,,,6.48881683030242,,,,,,,,,
16.20680979639994,,,,,,,,,6.461394360552221,,,,,,,,,
16.228450925898578,,,,,,,,,6.434087781243512,,,,,,,,,
16.25012095303295,,,,,,,,,6.40689660261025,,,,,,,,,
16.271819916390392,,,,,,,,,6.379820336956202,,,,,,,,,
16.29354785460975,,,,,,,,,6.352858498646193,,,,,,,,,
16.315304806381477,,,,,,,,,6.326010604097396,,,,,,,,,
16.337090810447684,,,,,,,,,6.2992761717706625,,,,,,,,,
16.358905905602217,,,,,,,,,6.272654722161878,,,,,,,,,
16.38075013069072,,,,,,,,,6.24614577779337,,,,,,,,,
16.402623524610714,,,,,,,,,6.21974886320534,,,,,,,,,
16.424526126311658,,,,,,,,,6.193463504947335,,,,,,,,,
16.446457974795013,,,,,,,,,6.167289231569756,,,,,,,,,
16.468419109114343,,,,,,,,,6.141225573615395,,,,,,,,,
16.49040956837532,,,,,,,,,6.11527206361105,,,,,,,,,
16.51242939173587,,,,,,,,,6.089428236059088,,,,,,,,,
16.534478618406194,,,,,,,,,6.063693627429127,,,,,,,,,
16.55655728764885,,,,,,,,,6.0380677761497195,,,,,,,,,
16.578665438778824,,,,,,,,,6.012550222600069,,,,,,,,,
16.600803111163607,,,,,,,,,5.98714050910179,,,,,,,,,
16.622970344223248,,,,,,,,,5.9618381799106945,,,,,,,,,
16.645167177430434,,,,,,,,,5.936642781208624,,,,,,,,,
16.667393650310572,,,,,,,,,5.911553861095305,,,,,,,,,
16.689649802441835,,,,,,,,,5.886570969580243,,,,,,,,,
16.711935673455258,,,,,,,,,5.8612864970536505,,,,,,,,,
16.734251303034764,,,,,,,,,5.835758856965971,,,,,,,,,
16.756596730917327,,,,,,,,,5.810342397317714,,,,,,,,,
16.778971996892913,,,,,,,,,5.7850366338851416,,,,,,,,,
16.801377140804664,,,,,,,,,5.759841084553411,,,,,,,,,
16.823812202548915,,,,,,,,,5.734755269307445,,,,,,,,,
16.846277222075273,,,,,,,,,5.70977871022277,,,,,,,,,
16.86877223938669,,,,,,,,,5.684910931456421,,,,,,,,,
16.891297294539534,,,,,,,,,5.6601514592378654,,,,,,,,,
16.91385242764366,,,,,,,,,5.635499821859985,,,,,,,,,
16.93643767886249,,,,,,,,,5.6109555496700825,,,,,,,,,
16.959053088413064,,,,,,,,,5.586518175060941,,,,,,,,,
16.98169869656613,,,,,,,,,5.562187232461909,,,,,,,,,
17.004374543646225,,,,,,,,,5.537962258330025,,,,,,,,,
17.02708067003169,,,,,,,,,5.513842791141231,,,,,,,,,
17.04981711615484,,,,,,,,,5.48982837138148,,,,,,,,,
17.07258392250193,,,,,,,,,5.465918541538107,,,,,,,,,
17.09538112961331,,,,,,,,,5.442112846091014,,,,,,,,,
17.11820877808344,,,,,,,,,5.41841083150404,,,,,,,,,
17.141066908561005,,,,,,,,,5.394812046216304,,,,,,,,,
17.163955561748956,,,,,,,,,5.371316040633609,,,,,,,,,
17.18687477840461,,,,,,,,,5.3479223671198755,,,,,,,,,
17.20982459933969,,,,,,,,,5.324630579988608,,,,,,,,,
17.23280506542043,,,,,,,,,5.301440235494412,,,,,,,,,
17.255816217567617,,,,,,,,,5.278350891824531,,,,,,,,,
17.278858096756696,,,,,,,,,5.25536210909044,,,,,,,,,
17.301930744017827,,,,,,,,,5.232473449319443,,,,,,,,,
17.32503420043594,,,,,,,,,5.209684476446378,,,,,,,,,
17.348168507150838,,,,,,,,,5.1869947563052445,,,,,,,,,
17.37133370535726,,,,,,,,,5.164403856620976,,,,,,,,,
17.394529836304955,,,,,,,,,5.141911347001191,,,,,,,,,
17.41775694129874,,,,,,,,,5.119516798927993,,,,,,,,,
17.44101506169861,,,,,,,,,5.097219785749809,,,,,,,,,
17.464304238919762,,,,,,,,,5.075019882673261,,,,,,,,,
17.487624514432714,,,,,,,,,5.05291666675507,,,,,,,,,
17.51097592976335,,,,,,,,,5.030909716894002,,,,,,,,,
17.53435852649301,,,,,,,,,5.008998613822844,,,,,,,,,
17.557772346258552,,,,,,,,,4.987182940100414,,,,,,,,,
17.58121743075244,,,,,,,,,4.965462280103612,,,,,,,,,
17.604693821722808,,,,,,,,,4.943836220019491,,,,,,,,,
17.628201560973526,,,,,,,,,4.922304347837405,,,,,,,,,
17.6517406903643,,,,,,,,,4.900866253341115,,,,,,,,,
17.67531125181072,,,,,,,,,4.879521528101002,,,,,,,,,
17.698913287284356,,,,,,,,,4.858269765466278,,,,,,,,,
17.72254683881282,,,,,,,,,4.837110560557241,,,,,,,,,
17.746211948479846,,,,,,,,,4.81604351025756,,,,,,,,,
17.76990865842535,,,,,,,,,4.795068213206595,,,,,,,,,
17.79363701084554,,,,,,,,,4.774184269791751,,,,,,,,,
17.817397047992944,,,,,,,,,4.753391282140862,,,,,,,,,
17.841188812176537,,,,,,,,,4.732688854114618,,,,,,,,,
17.865012345761762,,,,,,,,,4.712076591299007,,,,,,,,,
17.888867691170656,,,,,,,,,4.691554100997812,,,,,,,,,
17.9127548908819,,,,,,,,,4.671120992225114,,,,,,,,,
17.93667398743087,,,,,,,,,4.650776875697877,,,,,,,,,
17.960625023409772,,,,,,,,,4.630521363828487,,,,,,,,,
17.984608041467673,,,,,,,,,4.610354070717395,,,,,,,,,
18.008623084310596,,,,,,,,,4.590274612145756,,,,,,,,,
18.032670194701577,,,,,,,,,4.570282605568118,,,,,,,,,
18.056749415460768,,,,,,,,,4.550377670105124,,,,,,,,,
18.08086078946549,,,,,,,,,4.53055942653626,,,,,,,,,
18.105004359650323,,,,,,,,,4.510827497292629,,,,,,,,,
18.129180169007178,,,,,,,,,4.491181506449761,,,,,,,,,
18.15338826058537,,,,,,,,,4.471621079720447,,,,,,,,,
18.17762867749171,,,,,,,,,4.452145844447602,,,,,,,,,
18.201901462890532,,,,,,,,,4.432755429597202,,,,,,,,,
18.22620666000388,,,,,,,,,4.413449465751135,,,,,,,,,
18.25054431211143,,,,,,,,,4.394227585100269,,,,,,,,,
18.274914462550704,,,,,,,,,4.375089421437355,,,,,,,,,
18.29931715471708,,,,,,,,,4.356034610150097,,,,,,,,,
18.323752432063877,,,,,,,,,4.337062788214191,,,,,,,,,
18.348220338102447,,,,,,,,,4.318173594186413,,,,,,,,,
18.372720916402226,,,,,,,,,4.299366668197729,,,,,,,,,
18.39725421059085,,,,,,,,,4.280641651946445,,,,,,,,,
18.4218202643542,,,,,,,,,4.261998188691374,,,,,,,,,
18.446419121436488,,,,,,,,,4.243435923245044,,,,,,,,,
18.471050825640347,,,,,,,,,4.22495450196693,,,,,,,,,
18.495715420826905,,,,,,,,,4.2065535727567065,,,,,,,,,
18.520412950915816,,,,,,,,,4.188232785047583,,,,,,,,,
18.54514345988546,,,,,,,,,4.169991789799535,,,,,,,,,
18.569906991772857,,,,,,,,,4.151830239492766,,,,,,,,,
18.594703590673884,,,,,,,,,4.133747788121001,,,,,,,,,
18.619533300743285,,,,,,,,,4.11574409118493,,,,,,,,,
18.64439616619476,,,,,,,,,4.097818805685643,,,,,,,,,
18.669292231301053,,,,,,,,,4.079971590118088,,,,,,,,,
18.694221540394025,,,,,,,,,4.062202104464574,,,,,,,,,
18.719184137864733,,,,,,,,,4.044510010188282,,,,,,,,,
18.74418006816351,,,,,,,,,4.0268949702268255,,,,,,,,,
18.769209375800042,,,,,,,,,4.009356648985823,,,,,,,,,
18.794272105343456,,,,,,,,,3.9918947123325053,,,,,,,,,
18.819368301422394,,,,,,,,,3.9745088275893456,,,,,,,,,
18.844498008725054,,,,,,,,,3.9571986635277505,,,,,,,,,
18.86966127199938,,,,,,,,,3.9399638903616823,,,,,,,,,
18.894858136053,,,,,,,,,3.9228041797414614,,,,,,,,,
18.920088645753403,,,,,,,,,3.9057192047474456,,,,,,,,,
18.945352846027994,,,,,,,,,3.888708639883829,,,,,,,,,
18.97065078186416,,,,,,,,,3.871772161072437,,,,,,,,,
18.99598249830936,,,,,,,,,3.854909445646553,,,,,,,,,
19.021348040471214,,,,,,,,,3.838120172344767,,,,,,,,,
19.04674745351757,,,,,,,,,3.8214040213048595,,,,,,,,,
19.072180782676583,,,,,,,,,3.804760674057705,,,,,,,,,
19.097648073236822,,,,,,,,,3.7881898135211993,,,,,,,,,
19.123149370547285,,,,,,,,,3.771691123994251,,,,,,,,,
19.148684720017595,,,,,,,,,3.7552642911506937,,,,,,,,,
19.174254167117944,,,,,,,,,3.738909002033392,,,,,,,,,
19.199857757379274,,,,,,,,,3.7226249450482047,,,,,,,,,
19.225495536393325,,,,,,,,,3.706411809958081,,,,,,,,,
19.251167549812706,,,,,,,,,3.6902692878771464,,,,,,,,,
19.27687384335099,,,,,,,,,3.6741970712648144,,,,,,,,,
19.3026144627828,,,,,,,,,3.6581948539199294,,,,,,,,,
19.328389453943867,,,,,,,,,3.6422623309749325,,,,,,,,,
19.354198862731142,,,,,,,,,3.626399198890054,,,,,,,,,
19.380042735102847,,,,,,,,,3.6106051554475287,,,,,,,,,
19.40592111707859,,,,,,,,,3.59487989974584,,,,,,,,,
19.43183405473943,,,,,,,,,3.579223132193981,,,,,,,,,
19.457781594227914,,,,,,,,,3.5636345545057764,,,,,,,,,
19.483763781748284,,,,,,,,,3.548113869694132,,,,,,,,,
19.509780663566403,,,,,,,,,3.532660782065465,,,,,,,,,
19.53583228600995,,,,,,,,,3.5172749972140003,,,,,,,,,
19.561918695468467,,,,,,,,,3.501956222016193,,,,,,,,,
19.58803993839343,,,,,,,,,3.4867041646251384,,,,,,,,,
19.614196061298344,,,,,,,,,3.471518534465012,,,,,,,,,
19.64038711075883,,,,,,,,,3.4563990422255326,,,,,,,,,
19.666613133412696,,,,,,,,,3.4413453998564516,,,,,,,,,
19.692874175960025,,,,,,,,,3.426357320562064,,,,,,,,,
19.719170285163266,,,,,,,,,3.4114345187957458,,,,,,,,,
19.745501507847305,,,,,,,,,3.3965767102545126,,,,,,,,,
19.771867890899564,,,,,,,,,3.3817836118735984,,,,,,,,,
19.798269481270037,,,,,,,,,3.36705494182109,,,,,,,,,
19.82470632597148,,,,,,,,,3.3523904194924983,,,,,,,,,
19.85117847207935,,,,,,,,,3.3377897655054865,,,,,,,,,
19.877685966732013,,,,,,,,,3.3232527016944906,,,,,,,,,
19.904228857130764,,,,,,,,,3.308778951105444,,,,,,,,,
19.93080719053993,,,,,,,,,3.2943682379904984,,,,,,,,,
19.957421014286947,,,,,,,,,3.2800202878027687,,,,,,,,,
19.98407037576245,,,,,,,,,3.265734827191103,,,,,,,,,
20.010755322420355,,,,,,,,,3.2515115839948736,,,,,,,,,
20.03747590177794,,,,,,,,,3.2373502872387947,,,,,,,,,
20.06423216141594,,,,,,,,,3.2232506671277568,,,,,,,,,
20.091024148978622,,,,,,,,,3.209212455041689,,,,,,,,,
20.117851912173883,,,,,,,,,3.195235383530435,,,,,,,,,
20.14471549877328,,,,,,,,,3.181319186308684,,,,,,,,,
20.17161495661224,,,,,,,,,3.1674635982508392,,,,,,,,,
20.198550333589985,,,,,,,,,3.1536683553860434,,,,,,,,,
20.225521677669747,,,,,,,,,3.1399331948930866,,,,,,,,,
20.252529036878784,,,,,,,,,3.1262578550954307,,,,,,,,,
20.27957245930849,,,,,,,,,3.1126420754562156,,,,,,,,,
20.30665199311448,,,,,,,,,3.0990855965732966,,,,,,,,,
20.333767686516666,,,,,,,,,3.0855881601743023,,,,,,,,,
20.36091958779935,,,,,,,,,3.0721495091117133,,,,,,,,,
20.38810774531131,,,,,,,,,3.0587693873579656,,,,,,,,,
20.41533220746589,,,,,,,,,3.045447540000564,,,,,,,,,
20.44259302274105,,,,,,,,,3.0321837132372544,,,,,,,,,
20.46989023967954,,,,,,,,,3.0189776543711306,,,,,,,,,
20.497223906888873,,,,,,,,,3.0058291118058924,,,,,,,,,
20.524594073041502,,,,,,,,,2.992737835040996,,,,,,,,,
20.552000786874864,,,,,,,,,2.9797035746669054,,,,,,,,,
20.57944409719147,,,,,,,,,2.966726082360338,,,,,,,,,
20.606924052859007,,,,,,,,,2.953805110879533,,,,,,,,,
20.63444070281041,,,,,,,,,2.9409404140595408,,,,,,,,,
20.66199409604395,,,,,,,,,2.9281317468075314,,,,,,,,,
20.68958428162334,,,,,,,,,2.9153788650981296,,,,,,,,,
20.717211308677793,,,,,,,,,2.9026815259687604,,,,,,,,,
20.744875226402137,,,,,,,,,2.890039487515024,,,,,,,,,
20.772576084056894,,,,,,,,,2.8774525088860816,,,,,,,,,
20.800313930968322,,,,,,,,,2.8649203502800895,,,,,,,,,
20.82808881652862,,,,,,,,,2.852442772939579,,,,,,,,,
20.855900790195868,,,,,,,,,2.8400195391469745,,,,,,,,,
20.88374990149423,,,,,,,,,2.8276504122200117,,,,,,,,,
20.91163620001399,,,,,,,,,2.815335156507252,,,,,,,,,
20.939559735411645,,,,,,,,,2.8030735373835896,,,,,,,,,
20.96752055741001,,,,,,,,,2.79086532124578,,,,,,,,,
20.995518715798283,,,,,,,,,2.77871027550799,,,,,,,,,
21.023554260432153,,,,,,,,,2.7666081685973674,,,,,,,,,
21.05162724123388,,,,,,,,,2.754558769949627,,,,,,,,,
21.079737708192393,,,,,,,,,2.7425618500046607,,,,,,,,,
21.107885711363355,,,,,,,,,2.7306171802021626,,,,,,,,,
21.136071300869297,,,,,,,,,2.7187245329772693,,,,,,,,,
21.164294526899624,,,,,,,,,2.7068836817562483,,,,,,,,,
21.192555439710844,,,,,,,,,2.695094400952132,,,,,,,,,
21.220854089626492,,,,,,0.027149600236503767,,,2.6834680780031324,,,,,,,,,
21.249190527037342,,,,,,0.027353967702808256,,,2.671931609002448,,,,,,,,,
21.277564802401454,,,,,,0.027559873536562734,,,2.660444736312632,,,,,,,,,
21.305976966244252,,,,,,0.027767329317763035,,,2.6490072467147137,,,,,,,,,
21.334427069158636,,,,,,0.027976346713572926,,,2.6376189279063698,,,,,,,,,
21.362915161805063,,,,,,0.028186937478980285,,,2.6262795684979823,,,,,,,,,
21.391441294911633,,,,,,0.028399113457458117,,,2.6149889580087176,,,,,,,,,
21.42000551927419,,,,,,0.028612886581630723,,,2.603746886862617,,,,,,,,,
21.448607885756402,,,,,,0.028828268873944674,,,2.592553146384708,,,,,,,,,
21.477248445289852,,,,,,0.02904527244734505,,,2.58140752879713,,,,,,,,,
21.505927248874155,,,,,,0.029263909505956646,,,2.5703098272152745,,,,,,,,,
21.534644347576968,,,,,,0.029484192345769992,,,2.559259835643965,,,,,,,,,
21.563399792534227,,,,,,0.029706133355333734,,,2.548257348973586,,,,,,,,,
21.59219363495007,,,,,,0.02992974501645022,,,2.5373021629763386,,,,,,,,,
21.621025926097055,,,,,,0.030155039904878344,,,2.526394074302398,,,,,,,,,
21.649896717316185,,,,,,0.03038203069104046,,,2.5155328804761634,,,,,,,,,
21.678806060017028,,,,,,0.030610730140734923,,,2.5047183798924966,,,,,,,,,
21.7077540056778,,,,,,0.030841151115854167,,,2.493950371812975,,,,,,,,,
21.73674060584545,,,,,,0.031073306575107904,,,2.4832286563621704,,,,,,,,,
21.765765912135763,,,,,,0.031307209574752054,,,2.472553034523936,,,,,,,,,
21.794829976233444,,,,,,0.03154287326932289,,,2.461923308137714,,,,,,,,,
21.82393284989222,,,,,,0.03178031091237695,,,2.4513392798948557,,,,,,,,,
21.853074584934916,,,,,,0.03201953585723632,,,2.4408007533349596,,,,,,,,,
21.882255233253574,,,,,,0.03226056155773976,,,2.430307532842223,,,,,,,,,
21.911474846809476,,,,,,0.03250340156899887,,,2.4198594236418263,,,,,,,,,
21.94073347763338,,,,,,0.03274806954816143,,,2.4094562317962787,,,,,,,,,
21.970031177825433,,,,,,0.032994579255178125,,,2.3990977642018705,,,,,,,,,
21.999367999555393,,,,,,0.03324294455357753,,,2.388783828585046,,,,,,,,,
22.028743995062683,,,,,,0.03349317941124518,,,2.378514233498856,,,,,,,,,
22.058159216656467,,,,,,0.03374529790120936,,,2.3682887883193975,,,,,,,,,
22.087613716715772,,,,,,0.03399931420243237,,,2.3581073032422775,,,,,,,,,
22.117107547689557,,,,,,0.03425524260060818,,,2.3479695892790886,,,,,,,,,
22.14664076209682,,,,,,0.03451309748896558,,,2.3378754582539023,,,,,,,,,
22.17621341252669,,,,,,0.0347728933690779,,,2.327824722799774,,,,,,,,,
22.205825551638522,,,,,,0.03503464485167847,,,2.3178171963552625,,,,,,,,,
22.23547723216196,,,,,,0.035298366657481914,,,2.3078526931609877,,,,,,,,,
22.26516850689712,,,,,,0.03556407361801314,,,2.2979310282561376,,,,,,,,,
22.294899428714547,,,,,,0.03583178067644002,,,2.2880520174750907,,,,,,,,,
22.324670050555437,,,,,,0.036101502888414856,,,2.2782154774439536,,,,,,,,,
22.354480425431664,,,,,,0.036373255422920685,,,2.2684212255771787,,,,,,,,,
22.384330606425888,,,,,,0.036647053563124365,,,2.2586690800741698,,,,,,,,,
22.41422064669165,,,,,,0.03692291270723623,,,2.2489588599159065,,,,,,,,,
22.44415059945347,,,,,,0.037200848369375886,,,2.2392903848615875,,,,,,,,,
22.474120518006938,,,,,,0.03748087618044491,,,2.22966347544528,,,,,,,,,
22.504130455718812,,,,,,0.03776301188900576,,,2.2200779529725945,,,,,,,,,
22.534180466027106,,,,,,0.03804727136216759,,,2.210533639517362,,,,,,,,,
22.564270602441198,,,,,,0.03833367058647848,,,2.201030357918335,,,,,,,,,
22.594400918541925,,,,,,0.03862222566882477,,,2.1915679317758947,,,,,,,,,
22.624571467981625,,,,,,0.03891295283733617,,,2.1821461854487936,,,,,,,,,
22.654782304484357,,,,,,0.03920586844229978,,,2.172764944050858,,,,,,,,,
22.685033481845842,,,,,,0.039500988957078,,,2.1634240334477886,,,,,,,,,
22.71532505393368,,,,,,0.03979833097903625,,,2.154123280253892,,,,,,,,,
22.745657074687383,,,,,,0.04009791123047572,,,2.1448625118288787,,,,,,,,,
22.776029598118505,,,,,,0.04039974655957412,,,2.1356415562746545,,,,,,,,,
22.806442678310706,,,,,,0.04070385394133301,,,2.1264602424321324,,,,,,,,,
22.83689636941987,,,,,,0.04101025047853263,,,2.117318399878051,,,,,,,,,
22.867390725674195,,,,,,0.0413189534026936,,,2.1082158589218163,,,,,,,,,
22.8979258013743,,,,,,0.04162998007504617,,,2.099152450602347,,,,,,,,,
22.928501650893292,,,,,,0.04194334798750644,,,2.090128006684942,,,,,,,,,
22.959118328676904,,,,,,0.04225907476366018,,,2.081142359658156,,,,,,,,,
22.98977588924357,,,,,,0.04257717815975411,,,2.0721953427306863,,,,,,,,,
23.020474387184485,,,,,,0.04289767606569386,,,2.063286789828296,,,,,,,,,
23.05121387716381,,,,,,0.04322058650605139,,,2.0544165355906907,,,,,,,,,
23.08199441391863,,,,,,0.043545927641077016,,,2.045584415368499,,,,,,,,,
23.11281605225916,,,,,,0.043873717767722045,,,2.0367902652201795,,,,,,,,,
23.143678847068795,,,,,,0.04420397532066724,,,2.028033921908991,,,,,,,,,
23.17458285330422,,,,,,0.044536718873359575,,,2.0193152228999645,,,,,,,,,
23.205528125995492,,,,,,0.044871967139056924,,,2.010634006356881,,,,,,,,,
23.23651472024617,,,,,,0.04520973897188036,,,2.0019901111392717,,,,,,,,,
23.26754269123337,,,,,,0.045550053367874606,,,1.9933833767994236,,,,,,,,,
23.298612094207908,,,,,,0.04589292946607627,,,1.9848136435794033,,,,,,,,,
23.32972298449436,,,,,,0.04623838654959023,,,1.9762807524080914,,,,,,,,,
23.360875417491194,,,,,,0.0465864440466742,,,1.9677845448982287,,,,,,,,,
23.392069448670846,,,,,,0.04693712153183133,,,1.959324863343475,,,,,,,,,
23.42330513357979,,,,,,0.04729043872691052,,,1.9509015507154952,,,,,,,,,
23.45458252783876,,,,,,0.04764641550221699,,,1.942514450661011,,,,,,,,,
23.485901687142654,,,,,,0.04800507187762787,,,1.9341634074989442,,,,,,,,,
23.517262667260812,,,,,,0.04836642802371968,,,1.925848266217489,,,,,,,,,
23.548665524037023,,,,,,0.04873050426290186,,,1.9175688724712538,,,,,,,,,
23.580110313389643,,,,,,0.049097321070560036,,,1.9093250725783908,,,,,,,,,
23.611597091311694,,,,,,0.049466899076207355,,,1.9011167135177451,,,,,,,,,
23.643125913870975,,,,,,0.049839259064644745,,,1.8929436429260122,,,,,,,,,
23.674696837210142,,,,,,0.05021442197712992,,,1.8848057090949117,,,,,,,,,
23.70630991754683,,,,,,0.05059240891255494,,,1.876702760968371,,,,,,,,,
23.737965211173748,,,,,,0.05097324112863309,,,1.8686346481397171,,,,,,,,,
23.76966277445872,,,,,,0.05135694004309359,,,1.8606012208489022,,,,,,,,,
23.801402663844936,,,,,,0.051743527234887704,,,1.8526023299796877,,,,,,,,,
23.833184935850845,,,,,,0.052133024445400196,,,1.8446378270569237,,,,,,,,,
23.865009647070476,,,,,,0.05252545357967436,,,1.836707564243745,,,,,,,,,
23.89687685417333,,,,,,0.052920836707641736,,,1.8288113943388695,,,,,,,,,
23.928786613904638,,,,,,0.05331919606536493,,,1.8209491707738368,,,,,,,,,
23.960738983085385,,,,,,0.053720554056287374,,,1.8131207476102986,,,,,,,,,
23.992734018612435,,,,,,0.05412493325249359,,,1.8053259795373091,,,,,,,,,
24.024771777458625,,,,,,0.05453235639597838,,,1.797564721868628,,,,,,,,,
24.056852316672867,,,,,,0.05494284639992605,,,1.7898368305400325,,,,,,,,,
24.08897569338025,,,,,,0.05535642634999884,,,1.7821421621066469,,,,,,,,,
24.121141964782147,,,,,,0.055773119505635446,,,1.7744805737402758,,,,,,,,,
24.15335118815632,,,,,,0.05619294930135904,,,1.766851923226753,,,,,,,,,
24.185603420856975,,,,,,0.056615939348094634,,,1.7592560689633157,,,,,,,,,
24.217898720314977,,,,,,0.05704211343449855,,,1.7516928699559429,,,,,,,,,
24.2502371440378,,,,,,0.05747149552829411,,,1.7441621858167802,,,,,,,,,
24.282618749609757,,,,,,0.05790410977762125,,,1.7366638767615015,,,,,,,,,
24.315043594692042,,,,,,0.05833998051239396,,,1.729197803606729,,,,,,,,,
24.34751173702284,,,,,,0.05877913224566848,,,1.7217638277674463,,,,,,,,,
24.380023234417443,,,,,,0.059221589675022196,,,1.7143618112544268,,,,,,,,,
24.412578144768336,,,,,,0.05966737768394232,,,1.7069916166716717,,,,,,,,,
24.445176526045312,,,,,,0.060116521343225586,,,1.6996531072138599,,,,,,,,,
24.477818436295575,,,,,,0.06056904591238796,,,1.6923461466638088,,,,,,,,,
24.510503933643836,,,,,,0.06102497684108549,,,1.6850705993899453,,,,,,,,,
24.543233076292417,,,,,,0.06148433977054528,,,1.6778263303437886,,,,,,,,,
24.57600592252138,,,,,,0.06194716053500799,,,1.6706132050574407,,,,,,,,,
24.60882253068855,,,,,,0.06241346516317967,,,1.6634310896411044,,,,,,,,,
24.641682959229772,,,,,,0.06288327987969762,,,1.6562798507805672,,,,,,,,,
24.67458726665883,,,,,,0.06335663110660263,,,1.649159355734765,,,,,,,,,
24.70753551156769,,,,,,0.06383354546482718,,,1.6420694723332896,,,,,,,,,
24.740527752626555,,,,,,0.06431404977569136,,,1.6350100689739469,,,,,,,,,
24.773564048583957,,,,,,0.06479817106241172,,,1.627981014620313,,,,,,,,,
24.806644458266884,,,,,,0.06528593655162082,,,1.6209821787993008,,,,,,,,,
24.83976904058087,,,,,,0.06577737367489868,,,1.6140134315987393,,,,,,,,,
24.872937854510113,,,,,,0.06627251007031522,,,1.6070746436649608,,,,,,,,,
24.906150959117568,,,,,,0.06677137358398491,,,1.600165686200401,,,,,,,,,
24.939408413545063,,,,,,0.06727399227163254,,,1.5932864309612078,,,,,,,,,
24.97271027701339,,,,,,0.0677803944001713,,,1.5864367502548609,,,,,,,,,
25.006056608822444,,,,,,0.06829060844929248,,,1.5796165169377987,,,,,,,,,
25.03944746835124,,,,,,0.06880466311306628,,,1.572825604413072,,,,,,,,,
25.072882915058184,,,,,,0.06932258730155767,,,1.5660638866279646,,,,,,,,,
25.10636300848098,,,,,,0.06984441014244958,,,1.5593312380716904,,,,,,,,,
25.13988780823688,,,,,,0.07037016098268302,,,1.552627533773035,,,,,,,,,
25.173457374022743,,,,,,0.0708998693901068,,,1.5459526492980495,,,,,,,,,
25.207071765615137,,,,,,0.07143356515514032,,,1.539306460747737,,,,,,,,,
25.240731042870447,,,,,,0.07197127829244925,,,1.5326888447557536,,,,,,,,,
25.274435265724986,,,,,,0.0725130390426332,,,1.5260996784861187,,,,,,,,,
25.308184494195103,,,,,,0.07305887787392683,,,1.5195388396309342,,,,,,,,,
25.341978788377286,,,,,,0.07360882548391294,,,1.5130062064081145,,,,,,,,,
25.375818208448273,,,,,,0.07416291280124925,,,1.5065016575591266,,,,,,,,,
25.409702814665152,,,,,,0.07472117098740752,,,1.500025072346738,,,,,,,,,
25.44363266736549,,,,,,0.07528363143842644,,,1.493576330552775,,,,,,,,,
25.47760782696737,,,,,,0.07585032578667619,,,1.487155312475901,,,,,,,,,
25.511628353969638,,,,,,0.07642128590263977,,,1.48076189892937,,,,,,,,,
25.54569430895184,,,,,,0.07699654389670241,,,1.4743959712388472,,,,,,,,,
25.579805752574472,,,,,,0.07757613212095976,,,1.4680574112401799,,,,,,,,,
25.613962745579006,,,,,,0.07816008317103623,,,1.4617461012772153,,,,,,,,,
25.648165348788023,,,,,,0.07874842988791853,,,1.455461924199616,,,,,,,,,
25.682413623105333,,,,,,0.07934120535980234,,,1.4492047633606837,,,,,,,,,
25.71670762951606,,,,,,0.07993844292395352,,,1.4429745026151948,,,,,,,,,
25.75104742908676,,,,,,0.08054017616858267,,,1.4367710263172444,,,,,,,,,
25.78543308296555,,,,,,0.08114643893473417,,,1.4305942193180998,,,,,,,,,
25.819864652382194,,,,,,0.08175726531818982,,,1.4244439669640603,,,,,,,,,
25.85434219864817,,,,,,0.08237268967138493,,,1.4183201550943414,,,,,,,,,
25.888865783156916,,,,,,0.082992746605343,,,1.4122226700389295,,,,,,,,,
25.92343546738376,,,,,,0.08361747099161888,,,1.406151398616505,,,,,,,,,
25.958051312886177,,,,,,0.08424689796426248,,,1.4001062281323156,,,,,,,,,
25.992713381303812,,,,,,0.08488106292179362,,,1.394087046376096,,,,,,,,,
26.02742173435863,,,,,,0.0855200015291929,,,1.3880937416199826,,,,,,,,,
26.062176433855008,,,,,,0.08616374971990766,,,1.3821262026164407,,,,,,,,,
26.09697754167986,,,,,,0.08681234369787258,,,1.3761843185961977,,,,,,,,,
26.131825119802723,,,,,,0.08746581993954614,,,1.3702679792661887,,,,,,,,,
26.166719230275902,,,,,,0.08812421519596161,,,1.3643770748075081,,,,,,,,,
26.201659935234545,,,,,,0.08878756649479419,,,1.358511495873372,,,,,,,,,
26.236647296896773,,,,,,0.08945591114244343,,,1.3526711335870876,,,,,,,,,
26.271681377563812,,,,,,0.0901292867261313,,,1.3468558795400312,,,,,,,,,
26.30676223962001,,,,,,0.09080773111601509,,,1.3410656257896454,,,,,,,,,
26.34188994553312,,,,,,0.09149128246731987,,,1.3353002648574128,,,,,,,,,
26.377064557854215,,,,,,0.09217997922248072,,,1.329559689726891,,,,,,,,,
26.412286139217944,,,,,,0.09287386011330764,,,1.3238437938417018,,,,,,,,,
26.447554752342583,,,,,,0.09357296416316227,,,1.3181524711035648,,,,,,,,,
26.482870460030153,,,,,,0.09427733068915316,,,1.3124856158703258,,,,,,,,,
26.518233325166538,,,,,,0.09498699930434655,,,1.3068431229539947,,,,,,,,,
26.553643410721588,,,,,,0.09570200991999439,,,1.3012248876187953,,,,,,,,,
26.58910077974925,,,,,,0.09642240274777904,,,1.2956308055792187,,,,,,,,,
26.624605495387648,,,,,,0.09714821830207436,,,1.2900607729980897,,,,,,,,,
26.660157620859238,,,,,,0.09787949740222468,,,1.2845146864846377,,,,,,,,,
26.695757219470877,,,,,,0.09861628117484002,,,1.2789924430925785,,,,,,,,,
26.731404354613986,,,,,,0.09935861105610963,,,1.273493940318201,,,,,,,,,
26.76709908976457,,,,,,0.10010652879413076,,,1.2680190760984755,,,,,,,,,
26.80284148848349,,,,,,0.10081136490302053,,,1.262590558995433,,,,,,,,,
26.83863161441639,,,,,,0.10095451870681234,,,1.2574484703007813,,,,,,,,,
26.874469531293947,,,,,,0.10109787579137076,,,1.252327323530616,,,,,,,,,
26.910355302931933,,,,,,0.10124143644535787,,,1.2472270333958206,,,,,,,,,
26.946288993231327,,,,,,0.10138520095784555,,,1.2421475149546317,,,,,,,,,
26.982270666178444,,,,,,0.10152916961831628,,,1.2370886836112231,,,,,,,,,
27.01830038584503,,,,,,0.10167334271666355,,,1.2320504551142983,,,,,,,,,
27.0543782163884,,,,,,0.10181772054319256,,,1.2270327455556873,,,,,,,,,
27.090504222051525,,,,,,0.10196230338862068,,,1.2220354713689474,,,,,,,,,
27.126678467163167,,,,,,0.10210709154407813,,,1.2170585493279737,,,,,,,,,
27.16290101613799,,,,,,0.10225208530110855,,,1.212101896545612,,,,,,,,,
27.19917193347668,,,,,,0.10239728495166965,,,1.2071654304722759,,,,,,,,,
27.235491283766,,,,,,0.10254269078813345,,,1.2022490688945826,,,,,,,,,
27.271859131679047,,,,,,0.10268830310328757,,,1.1973527299339624,,,,,,,,,
27.30827554197519,,,,,,0.10283412219033498,,,1.192476332045321,,,,,,,,,
27.344740579500314,,,,,,0.10298014834289529,,,1.187619794015662,,,,,,,,,
27.381254309186897,,,,,,0.10312638185500489,,,1.1827830349627422,,,,,,,,,
27.4178167960541,,,,,,0.10327282302111779,,,1.1779659743337234,,,,,,,,,
27.45442810520793,,,,,,0.1034194721361061,,,1.1731685319038314,,,,,,,,,
27.49108830184131,,,,,,0.10356632949526069,,,1.1683906277750191,,,,,,,,,
27.52779745123422,,,,,,0.10371339539429168,,,1.163632182374636,,,,,,,,,
27.564555618753822,,,,,,0.10386067012932915,,,1.1588931164541034,,,,,,,,,
27.601362869854547,,,,,,0.10400815399692366,,,1.154173351087594,,,,,,,,,
27.638219270078242,,,,,,0.10415584729404696,,,1.1494728076707181,,,,,,,,,
27.67512488505427,,,,,,0.10430375031809243,,,1.1447914079192119,,,,,,,,,
27.71207978049959,,,,,,0.10445186336687563,,,1.1401290738676433,,,,,,,,,
27.749084022219005,,,,,,0.10460018673863536,,,1.1354857278680937,,,,,,,,,
27.786137676105085,,,,,,0.10474872073203359,,,1.1308612925888892,,,,,,,,,
27.823240808138454,,,,,,0.10489746564615654,,,1.1262556910132944,,,,,,,,,
27.860393484387817,,,,,,0.10504642178051515,,,1.1216688464382374,,,,,,,,,
27.897595771010106,,,,,,0.10519558943504563,,,1.1171006824730307,,,,,,,,,
27.934847734250592,,,,,,0.10534496891011016,,,1.1125511230381,,,,,,,,,
27.972149440443,,,,,,0.10549456050649733,,,1.1080200923637158,,,,,,,,,
28.009500956009642,,,,,,0.10564436452542297,,,1.1035075149887323,,,,,,,,,
28.04690234746151,,,,,,0.10579438126853058,,,1.0990133157593311,,,,,,,,,
28.08435368139844,,,,,,0.10594461103789209,,,1.0945374198277662,,,,,,,,,
28.121855024509124,,,,,,0.10609505413600809,,,1.0900797526511279,,,,,,,,,
28.15940644357142,,,,,,0.10624571086580918,,,1.0856402399900813,,,,,,,,,
28.19700800545224,,,,,,0.10639658153065575,,,1.0812188079076543,,,,,,,,,
28.234659777107858,,,,,,0.10654766643433909,,,1.0768153827679874,,,,,,,,,
28.27236182558393,,,,,,0.10669896588108194,,,1.0724298912351156,,,,,,,,,
28.310114218015634,,,,,,0.10685048017553894,,,1.068062260271746,,,,,,,,,
28.347917021627815,,,,,,0.10700220962279745,,,1.0637124171380408,,,,,,,,,
28.38577030373506,,,,,,0.107154154528378,,,1.0593802893904056,,,,,,,,,
28.423674131741862,,,,,,0.10730631519823491,,,1.0550658048802843,,,,,,,,,
28.461628573142704,,,,,,0.10745869193875705,,,1.0507688917529558,,,,,,,,,
28.499633695522203,,,,,,0.10761128505676834,,,1.0464894784463386,,,,,,,,,
28.537689566555223,,,,,,0.10776409485952843,,,1.0422274936897977,,,,,,,,,
28.575796254007006,,,,,,0.1079171216547332,,,1.0379828665029578,,,,,,,,,
28.61395382573323,,,,,,0.10807036575051542,,,1.0337555261945275,,,,,,,,,
28.65216234968027,,,,,,0.1082238274554457,,,1.0295454023611053,,,,,,,,,
28.690421893885148,,,,,,0.10837750707853244,,,1.0253524248860293,,,,,,,,,
28.728732526475774,,,,,,0.1085314049292231,,,1.0211765239381914,,,,,,,,,
28.76709431567103,,,,,,0.10868552131740447,,,1.0170176299708833,,,,,,,,,
28.80550732978089,,,,,,0.10883985655340345,,,1.0128756737206357,,,,,,,,,
28.843971637206536,,,,,,0.10899441094798747,,,1.0087505862060653,,,,,,,,,
28.882487306440492,,,,,,0.10914918481236538,,,1.0046422987267256,,,,,,,,,
28.921054406066737,,,,,,0.10930417845818793,,,1.000550742861963,,,,,,,,,
28.959673004760838,,,,,,0.10945939219754841,,,0.9964758504697776,,,,,,,,,
28.99834317129006,,,,,,0.10961482634298324,,,0.9924175536856873,,,,,,,,,
29.037064974513488,,,,,,0.1097704812074727,,,0.9883757849215986,,,,,,,,,
29.075838483382185,,,,,,0.10992635710444155,,,0.9843504768646791,,,,,,,,,
29.114663766939213,,,,,,0.11008245434775944,,,0.9803415624762443,,,,,,,,,
29.15354089431994,,,,,,0.11023877325174201,,,0.9763489749906235,,,,,,,,,
29.192469934751937,,,,,,0.1103953141311509,,,0.9723726479140702,,,,,,,,,
29.231450957555285,,,,,,0.11055207730119497,,,0.9684125150236377,,,,,,,,,
29.27048403214261,,,,,,0.11070906307753062,,,0.9644685103660833,,,,,,,,,
29.309569228019225,,,,,,0.11086627177626238,,,0.9605405682567689,,,,,,,,,
29.348706614783257,,,,,,0.11102370371394378,,,0.9566286232785669,,,,,,,,,
29.387896262125764,,,,,,0.11118135920757781,,,0.9527326102807708,,,,,,,,,
29.427138239830864,,,,,,0.11133923857461765,,,0.94885246437801,,,,,,,,,
29.46643261777586,,,,,,0.11149734213296719,,,0.9449881209491691,,,,,,,,,
29.50577946593137,,,,,,0.11165567020098181,,,0.9411395156363122,,,,,,,,,
29.545178854361424,,,,,,0.11181422309746894,,,0.9373065843436104,,,,,,,,,
29.584630853223647,,,,,,0.11197300114168882,,,0.9334892632362733,,,,,,,,,
29.624135532769277,,,,,,0.11213200465335471,,,0.9296874887394934,,,,,,,,,
29.663692963343454,,,,,,0.11229123395263438,,,0.9259011975373701,,,,,,,,,
29.70330321538517,,,,,,0.11245068936014979,,,0.9221303265718772,,,,,,,,,
29.742966359427506,,,,,,0.11261037119697848,,,0.9183748130417956,,,,,,,,,
29.782682466097736,,,,,,0.11277027978465372,,,0.914634594401675,,,,,,,,,
29.82245160611743,,,,,,0.11293041544516551,,,0.9109096083607908,,,,,,,,,
29.862273850302596,,,,,,0.11309077850096103,,,0.9071997928821068,,,,,,,,,
29.902149269563804,,,,,,0.11325136927494536,,,0.9035050861812417,,,,,,,,,
29.942077934906315,,,,,,0.11341218809048205,,,0.8998254267254405,,,,,,,,,
29.9820599174302,,,,,,0.11357323527139387,,,0.8961607532325496,,,,,,,,,
30.02209528833048,,,,,,0.11373451114196355,,,0.8925110046699943,,,,,,,,,
30.0621841188972,,,,,,0.11389601602693393,,,0.8888761202537704,,,,,,,,,
30.102326480515686,,,,,,0.1140577502515095,,,0.8852560394474154,,,,,,,,,
30.142522444666493,,,,,,0.11421971414135612,,,0.8816507019610204,,,,,,,,,
30.18277208292568,,,,,,0.11438190802260235,,,0.8780600477502107,,,,,,,,,
30.223075466964872,,,,,,0.11454433222183975,,,0.8744840170151528,,,,,,,,,
30.26343266855139,,,,,,0.11470698706612366,,,0.8709225501995567,,,,,,,,,
30.303843759548386,,,,,,0.11486987288297389,,,0.8673755879896844,,,,,,,,,
30.344308811914985,,,,,,0.11503299000037527,,,0.863843071313362,,,,,,,,,
30.384827897706383,,,,,,0.11519633874677845,,,0.8603249413389958,,,,,,,,,
30.425401089074008,,,,,,0.1153599194511004,,,0.8568211394745926,,,,,,,,,
30.466028458265622,,,,,,0.1155237324427252,,,0.8533316073667838,,,,,,,,,
30.50671007762546,,,,,,0.11568777805150465,,,0.8498562868998537,,,,,,,,,
30.547446019594382,,,,,,0.11585205660775906,,,0.8463951201947699,,,,,,,,,
30.588236356709906,,,,,,0.11601656844227747,,,0.8429480496082268,,,,,,,,,
30.629081161606535,,,,,,0.1161813138863191,,,0.8395150177316701,,,,,,,,,
30.669980507015634,,,,,,0.11634629327161321,,,0.8360959673903601,,,,,,,,,
30.710934465765764,,,,,,0.11651150693036023,,,0.8326908416424038,,,,,,,,,
30.75194311078271,,,,,,0.11667695519523238,,,0.8292995837778147,,,,,,,,,
30.793006515089644,,,,,,0.11684263839937421,,,0.8259221373175654,,,,,,,,,
30.834124751807238,,,,,,0.11700855687640344,,,0.8225584460126484,,,,,,,,,
30.875297894153807,,,,,,0.11717471096041134,,,0.8192084538431386,,,,,,,,,
30.916526015445438,,,,,,0.11734110098596377,,,0.8158721050172599,,,,,,,,,
30.95780918909611,,,,,,0.11750772728810163,,,0.8125493439704572,,,,,,,,,
30.99914748861784,,,,,,0.11767459020234158,,,0.8092401153644699,,,,,,,,,
31.0405409876208,,,,,,0.1178416900646767,,,0.8059443640864111,,,,,,,,,
31.08198975981348,,,,,,0.11800902721157723,,,0.8026620352478477,,,,,,,,,
31.123493879002723,,,,,,0.11817660197999104,,,0.7993930741838934,,,,,,,,,
31.165053419094036,,,,,,0.11834441470734484,,,0.7961374264522836,,,,,,,,,
31.206668454091506,,,,,,0.11851246573154404,,,0.792895037832487,,,,,,,,,
31.2483390580981,,,,,,0.1186807553909742,,,0.7896658543247886,,,,,,,,,
31.29006530531572,,,,,,0.11884928402450126,,,0.7864498221493963,,,,,,,,,
31.33184727004536,,,,,,0.11901805197147243,,,0.7832468877455443,,,,,,,,,
31.37368502668721,,,,,,0.1191870595717167,,,0.7800569977706011,,,,,,,,,
31.41557864974082,,,,,,0.1193563071655457,,,0.776880099099181,,,,,,,,,
31.45752821380522,,,,,,0.11952579509375427,,,0.7737161388222595,,,,,,,,,
31.499533793579047,,,,,,0.11969552369762126,,,0.7705650642462917,,,,,,,,,
31.54159546386069,,,,,,0.11986549331891,,,0.7674268228923353,,,,,,,,,
31.583713299548418,,,,,,0.12003570429986926,,,0.7643013624951763,,,,,,,,,
31.62588737564052,,,,,,0.12020615698323381,,,0.7611886310024573,,,,,,,,,
31.66811776723537,,,,,,0.1203768517122249,,,0.7580885765738167,,,,,,,,,
31.71040454953174,,,,,,0.1205477888305515,,,0.7550011475800122,,,,,,,,,
31.7527477978287,,,,,,0.12071896868241033,,,0.7519262926020778,,,,,,,,,
31.79514758752593,,,,,,0.12089039161248709,,,0.7488639604304537,,,,,,,,,
31.83760399412377,,,,,,0.12106205796595687,,,0.7458141000641405,,,,,,,,,
31.880117093223397,,,,,,0.12123396808848486,,,0.7427766607098474,,,,,,,,,
31.922686960526917,,,,,,0.12140612232622718,,,0.7397515917811472,,,,,,,,,
31.96531367183753,,,,,,0.12157852102583146,,,0.7367388428976336,,,,,,,,,
32.00799730305966,,,,,,0.12175116453443763,,,0.7337383638840816,,,,,,,,,
32.050737930199084,,,,,,0.12192405319967844,,,0.7307501047696127,,,,,,,,,
32.093535629363075,,,,,,0.12209718736968041,,,0.727774015786862,,,,,,,,,
32.13639047676052,,,,,,0.12227056739306434,,,0.7248100473711498,,,,,,,,,
32.1793025487021,,,,,,0.12244419361894619,,,0.7218581501596548,,,,,,,,,
32.22227192160031,,,,,,0.12261806639693734,,,0.7189182749905977,,,,,,,,,
32.26529867196982,,,,,,0.12279218607714613,,,0.7159903729024097,,,,,,,,,
32.308382876427345,,,,,,0.12296655301017763,,,0.7130743951329338,,,,,,,,,
32.35152461169196,,,,,,0.12314116754713493,,,0.7101702931185991,,,,,,,,,
32.39472395458518,,,,,,0.12331603003961975,,,0.7072780184936185,,,,,,,,,
32.43798098203111,,,,,,0.123491140839733,,,0.7043975230891817,,,,,,,,,
32.481295771056544,,,,,,0.12366650030007567,,,0.7015287589326531,,,,,,,,,
32.52466839879116,,,,,,0.12384210877374933,,,0.6986716782467729,,,,,,,,,
32.5680989424676,,,,,,0.12401796661435704,,,0.6958262334488612,,,,,,,,,
32.61158747942167,,,,,,0.12419407417600399,,,0.6929923771500256,,,,,,,,,
32.655134087092435,,,,,,0.12437043181329827,,,0.6901700621543714,,,,,,,,,
32.698738843022305,,,,,,0.12454703988135117,,,0.6873592414582201,,,,,,,,,
32.742401824857346,,,,,,0.12472389873577878,,,0.6845598682493153,,,,,,,,,
32.786123110347184,,,,,,0.12490100873270167,,,0.681771895906059,,,,,,,,,
32.829902777345374,,,,,,0.1250783702287466,,,0.6789952779967184,,,,,,,,,
32.87374090380935,,,,,,0.12525598358104623,,,0.676229968278668,,,,,,,,,
32.91763756780068,,,,,,0.12543384914724068,,,0.6734759206976082,,,,,,,,,
32.96159284748516,,,,,,0.12561196728547788,,,0.6707330893868033,,,,,,,,,
33.005606821132965,,,,,,0.1257903383544143,,,0.668001428666317,,,,,,,,,
33.04967956711878,,,,,,0.12596896271321567,,,0.6652808930422512,,,,,,,,,
33.093811163921956,,,,,,0.12614784072155782,,,0.6625714372059885,,,,,,,,,
33.138001690126636,,,,,,0.12632697273962737,,,0.6598730160334367,,,,,,,,,
33.18225122442185,,,,,,0.1265063591281221,,,0.6571855845842822,,,,,,,,,
33.226559845601805,,,,,,0.1266860002482525,,,0.6545090981012304,,,,,,,,,
33.270927632565794,,,,,,0.1268658964617414,,,0.6518435120092756,,,,,,,,,
33.3153546643186,,,,,,0.12704604813082587,,,0.6491887819149423,,,,,,,,,
33.35984101997037,,,,,,0.12722645561825685,,,0.6465448636055624,,,,,,,,,
33.40438677873701,,,,,,0.12740711928730084,,,0.6439117130485222,,,,,,,,,
33.448992019940114,,,,,,0.12758803950173975,,,0.6412892863905446,,,,,,,,,
33.49365682300723,,,,,,0.1277692166258724,,,0.6386775399569472,,,,,,,,,
33.53838126747196,,,,,,0.12795065102451478,,,0.6360764302509206,,,,,,,,,
33.58316543297412,,,,,,0.1281323430630009,,,0.6334859139528025,,,,,,,,,
33.62800939925985,,,,,,0.12831429310718362,,,0.6309059479193566,,,,,,,,,
33.67291324618181,,,,,,0.12849650152343534,,,0.6283364891830535,,,,,,,,,
33.717877053699254,,,,,,0.1286789686786487,,,0.6257774949513548,,,,,,,,,
33.76290090187818,,,,,,0.12886169494023705,,,0.623228922606005,,,,,,,,,
33.807984870891616,,,,,,0.12904468067613606,,,0.6206907297023108,,,,,,,,,
33.85312904101948,,,,,,0.12922792625480325,,,0.6181628739684493,,,,,,,,,
33.898333492649044,,,,,,0.12941143204521993,,,0.6156453133047478,,,,,,,,,
33.9435983062748,,,,,,0.12959519841689077,,,0.6131380057829989,,,,,,,,,
33.98892356249884,,,,,,0.12977922573984574,,,0.6106409096457461,,,,,,,,,
34.03430934203077,,,,,,0.1299635143846398,,,0.6081539833056036,,,,,,,,,
34.07975572568803,,,,,,0.13014806472235432,,,0.6056771853445517,,,,,,,,,
34.12526279439598,,,,,,0.1303328771245976,,,0.6032104745132537,,,,,,,,,
34.17083062918803,,,,,,0.13051795196350555,,,0.6007538097303664,,,,,,,,,
34.21645931120579,,,,,,0.1307032896117426,,,0.5983071500818568,,,,,,,,,
34.262148921699215,,,,,,0.13088889044250238,,,0.5958704548203201,,,,,,,,,
34.30789954202679,,,,,,0.1310747548295084,,,0.5934436833643006,,,,,,,,,
34.353711253655554,,,,,,0.13126088314701473,,,0.5910267952976207,,,,,,,,,
34.39958413816146,,,,,,0.13144727576980736,,,0.5886197503686967,,,,,,,,,
34.44551827722924,,,,,,0.1316339330732038,,,0.5862225084898832,,,,,,,,,
34.49151375265285,,,,,,0.13182085543305522,,,0.5838350297367904,,,,,,,,,
34.53757064633532,,,,,,0.13200804322574583,,,0.5814572743476335,,,,,,,,,
34.583689040289194,,,,,,0.13219549682819504,,,0.5790892027225565,,,,,,,,,
34.629869016636405,,,,,,0.13238321661785674,,,0.5767307754229863,,,,,,,,,
34.676110657608604,,,,,,0.13257120297272132,,,0.5743819531709652,,,,,,,,,
34.72241404554723,,,,,,0.13275945627131577,,,0.5720426968485021,,,,,,,,,
34.7687792629037,,,,,,0.1329479768927046,,,0.5697129674969195,,,,,,,,,
34.81520639223949,,,,,,0.1331367652164906,,,0.5673927263162052,,,,,,,,,
34.86169551622634,,,,,,0.13332582162281553,,,0.5650819346643655,,,,,,,,,
34.908246717646406,,,,,,0.13351514649236118,,,0.5627805540567816,,,,,,,,,
34.95486007939231,,,,,,0.13370474020634954,,,0.5604885461655722,,,,,,,,,
35.00153568446748,,,,,,0.1338946031465444,,,0.558205872818946,,,,,,,,,
35.048273615986034,,,,,,0.13408473569525112,,,0.5559324960005789,,,,,,,,,
35.09507395717323,,,,,,0.1342751382353186,,,0.5536683778489672,,,,,,,,,
35.14193679136531,,,,,,0.13446581115013878,,,0.5514134806568097,,,,,,,,,
35.1888622020099,,,,,,0.1346567548236483,,,0.5491677668703706,,,,,,,,,
35.23585027266601,,,,,,0.13484796964032908,,,0.546931199088858,,,,,,,,,
35.282901087004234,,,,,,0.1350394559852088,,,0.5447037400638002,,,,,,,,,
35.330014728806894,,,,,,0.13523121424386209,,,0.5424853526984258,,,,,,,,,
35.37719128196819,,,,,,0.13542324480241089,,,0.5402760000470451,,,,,,,,,
35.42443083049435,,,,,,0.13561554804752568,,,0.538075645314435,,,,,,,,,
35.471733458503735,,,,,,0.13580812436642567,,,0.5358842518552291,,,,,,,,,
35.51909925022712,,,,,,0.13600097414688048,,,0.5337017831732994,,,,,,,,,
35.56652829000764,,,,,,0.13619409777720967,,,0.5315282029211602,,,,,,,,,
35.614020662301186,,,,,,0.13638749564628488,,,0.52936347489935,,,,,,,,,
35.66157645167627,,,,,,0.1365811681435294,,,0.5272075630558414,,,,,,,,,
35.70919574281449,,,,,,0.13677511565892012,,,0.5250604314854277,,,,,,,,,
35.756878620510385,,,,,,0.13696933858298702,,,0.5229220444291375,,,,,,,,,
35.804625169671795,,,,,,0.1371638373068151,,,0.5207923662736295,,,,,,,,,
35.85243547531992,,,,,,0.13735861222204457,,,0.5186713615506041,,,,,,,,,
35.9003096225895,,,,,,0.1375536637208718,,,0.5165589949362118,,,,,,,,,
35.94824769672894,,,,,,0.13774899219605005,,,0.5144552312504644,,,,,,,,,
35.99624978310048,,,,,,0.1379445980408903,,,0.5123600354566497,,,,,,,,,
36.04431596718038,,,,,,0.13814048164926215,,,0.5102733726607468,,,,,,,,,
36.092446334558936,,,,,,0.13833664341559418,,,0.5081952081108493,,,,,,,,,
36.1406409709409,,,,,,0.13853308373487555,,,0.5061255071965773,,,,,,,,,
36.18889996214528,,,,,,0.1387298030026558,,,0.5040642354485135,,,,,,,,,
36.23722339410585,,,,,,0.13892680161504675,,,0.502011358537616,,,,,,,,,
36.28561135287098,,,,,,0.13912407996872195,,,0.49996684227465915,,,,,,,,,
36.334063924604095,,,,,,0.139321638460919,,,0.4979306526096519,,,,,,,,,
36.382581195583526,,,,,,0.139519477489439,,,0.4959027556312825,,,,,,,,,
36.43116325220291,,,,,,0.13971759745264822,,,0.49388311756634473,,,,,,,,,
36.47981018097121,,,,,,0.13991599874947863,,,0.49187170477917974,,,,,,,,,
36.52852206851291,,,,,,0.14011468177942857,,,0.4898684837711148,,,,,,,,,
36.577299001568186,,,,,,0.1403136469425637,,,0.4878734211799057,,,,,,,,,
36.62614106699299,,,,,,0.14051289463951783,,,0.48588648377918076,,,,,,,,,
36.67504835175933,,,,,,0.14071242527149377,,,0.48390763847788704,,,,,,,,,
36.724020942955235,,,,,,0.14091223924026364,,,0.48193685231974287,,,,,,,,,
36.773058927785165,,,,,,0.14111233694817066,,,0.4799740924826806,,,,,,,,,
36.822162393569876,,,,,,0.14131271879812882,,,0.47801932627831134,,,,,,,,,
36.87133142774688,,,,,,0.14151338519362489,,,0.4760725211513687,,,,,,,,,
36.92056611787028,,,,,,0.14171433653871782,,,0.4741336446791784,,,,,,,,,
36.96986655161126,,,,,,0.14191557323804108,,,0.4722026645711064,,,,,,,,,
37.01923281675793,,,,,,0.14211709569680225,,,0.4702795486680322,,,,,,,,,
37.0686650012157,,,,,,0.14231890432078442,,,0.4683642649418052,,,,,,,,,
37.11816319300734,,,,,,0.14252099951634697,,,0.46645678149471514,,,,,,,,,
37.167727480273165,,,,,,0.14272338169042628,,,0.46455706655895956,,,,,,,,,
37.21735795127118,,,,,,0.14292605125053665,,,0.46266508849611554,,,,,,,,,
37.267054694377244,,,,,,0.14312900860477087,,,0.46078081579661206,,,,,,,,,
37.316817798085246,,,,,,0.14333225416180148,,,0.4589042170792051,,,,,,,,,
37.36664735100716,,,,,,0.14353578833088101,,,0.45703526109045794,,,,,,,,,
37.416543441873415,,,,,,0.14373961152184367,,,0.4551739167042136,,,,,,,,,
37.466506159532784,,,,,,0.14394372414510492,,,0.45332015292108635,,,,,,,,,
37.51653559295282,,,,,,0.14414812661166373,,,0.4514739388679345,,,,,,,,,
37.566631831219745,,,,,,0.14435281933310218,,,0.44963524379735703,,,,,,,,,
37.61679496353883,,,,,,0.1445578027215871,,,0.4478040370871731,,,,,,,,,
37.66702507923442,,,,,,0.14476307718987041,,,0.4459802882399162,,,,,,,,,
37.71732226775015,,,,,,0.14496864315129027,,,0.44416396688232535,,,,,,,,,
37.76768661864908,,,,,,0.14517450101977178,,,0.44235504276483917,,,,,,,,,
37.81811822161388,,,,,,0.14538065120982777,,,0.440553485761092,,,,,,,,,
37.86861716644696,,,,,,0.14558709413655968,,,0.43875926586741254,,,,,,,,,
37.91918354307066,,,,,,0.14579383021565845,,,0.4369723532023238,,,,,,,,,
37.96981744152739,,,,,,0.14600085986340536,,,0.43519271800604475,,,,,,,,,
38.02051895197973,,,,,,0.14620818349667256,,,0.4334203306399986,,,,,,,,,
38.0712881647108,,,,,,0.14641580153292452,,,0.4316551615863109,,,,,,,,,
38.122125170124114,,,,,,0.14662371439021818,,,0.42989718144732886,,,,,,,,,
38.17303005874405,,,,,,0.1468319224872045,,,0.42814636094512065,,,,,,,,,
38.22400292121573,,,,,,0.14704042624312857,,,0.4264026709209977,,,,,,,,,
38.2750438483054,,,,,,0.14724922607783097,,,0.424666082335022,,,,,,,,,
38.32615293090049,,,,,,0.14745832241174847,,,0.42293656626552567,,,,,,,,,
38.37733026000979,,,,,,0.1476677156659149,,,0.42121409390862874,,,,,,,,,
38.42857592676361,,,,,,0.1478774062619619,,,0.4194986365777591,,,,,,,,,
38.47989002241394,,,,,,0.14808739462211984,,,0.41779016570317523,,,,,,,,,
38.53127263833466,,,,,,0.14829768116921874,,,0.4160886528314894,,,,,,,,,
38.58272386602158,,,,,,0.1485082663266888,,,0.41439406962519715,,,,,,,,,
38.63424379709281,,,,,,0.14871915051856197,,,0.4127063878621982,,,,,,,,,
38.68583252328864,,,,,,0.14893033416947168,,,0.4110255794353362,,,,,,,,,
38.73749013647204,,,,,,0.14914181770465507,,,0.4093516163519202,,,,,,,,,
38.78921672862847,,,,,,0.14935360154995245,,,0.4076844707332689,,,,,,,,,
38.84101239186638,,,,,,0.14956568613180948,,,0.40602411481423584,,,,,,,,,
38.892877218417084,,,,,,0.14977807187727676,,,0.4043705209427567,,,,,,,,,
38.944811300635116,,,,,,0.1499907592140117,,,0.402723661579382,,,,,,,,,
38.99681473099834,,,,,,0.15020374857027885,,,0.4010835092968212,,,,,,,,,
39.04888760210807,,,,,,0.15041704037495102,,,0.3994500367794856,,,,,,,,,
39.10103000668929,,,,,,0.15063063505750982,,,0.39782321682303334,,,,,,,,,
39.15324203759082,,,,,,0.15084453304804693,,,0.39620302233391624,,,,,,,,,
39.20552378778545,,,,,,0.1510587347772648,,,0.3945894263289281,,,,,,,,,
39.25787535037005,,,,,,0.15127324067647704,,,0.3929824019347582,,,,,,,,,
39.31029681856595,,,,,,0.15148805117761047,,,0.3913819223875372,,,,,,,,,
39.36278828571879,,,,,,0.15170316671320447,,,0.38978796103240043,,,,,,,,,
39.415349845299026,,,,,,0.1519185877164134,,,0.3882004913230344,,,,,,,,,
39.46798159090175,,,,,,0.15213431462100593,,,0.38661948682124414,,,,,,,,,
39.5206836162472,,,,,,0.15235034786136745,,,0.3850449211965035,,,,,,,,,
39.57345601518063,,,,,,0.15256668787249955,,,0.3834767682255254,,,,,,,,,
39.626298881672675,,,,,,0.1527833350900219,,,0.38191500179181875,,,,,,,,,
39.67921230981943,,,,,,0.1530002899501726,,,0.38035959588525625,,,,,,,,,
39.732196393842635,,,,,,0.1532175528898093,,,0.3788105246016408,,,,,,,,,
39.78525122808987,,,,,,0.15343512434640996,,,0.3772677621422739,,,,,,,,,
39.83837690703466,,,,,,0.15365300475807378,,,0.37573128281352636,,,,,,,,,
39.89157352527673,,,,,,0.15387119456352208,,,0.37420106102640927,,,,,,,,,
39.94484117754203,,,,,,0.15408969420209895,,,0.37267707129615124,,,,,,,,,
39.99817995868315,,,,,,0.15430850411377287,,,0.3711592882417672,,,,,,,,,
40.05158996367918,,,,,,0.15452762473913645,,,0.36964768658564456,,,,,,,,,
40.105071287636164,,,,,,0.15474705651940857,,,0.3681422411531132,,,,,,,,,
40.15862402578703,,,,,,0.154966799896434,,,0.36664292687203504,,,,,,,,,
40.212248273491994,,,,,,0.1551868553126856,,,0.36514971877237723,,,,,,,,,
40.26594412623849,,,,,,0.15540722321126407,,,0.36366259198580553,,,,,,,,,
40.31971167964152,,,,,,0.15562790403589943,,,0.36218152174526314,,,,,,,,,
40.37355102944376,,,,,,0.15584889823095194,,,0.36070648338456146,,,,,,,,,
40.42746227151572,,,,,,0.15607020624141274,,,0.3592374523379686,,,,,,,,,
40.48144550185594,,,,,,0.1562918285129049,,,0.35777440413980033,,,,,,,,,
40.53550081659112,,,,,,0.15651376549168428,,,0.35631731442401254,,,,,,,,,
40.58962831197637,,,,,,0.15673601762464048,,,0.3548661589237949,,,,,,,,,
40.64382808439523,,,,,,0.15695858535929744,,,0.35342091347116966,,,,,,,,,
40.6981002303601,,,,,,0.15718146914381512,,,0.3519815539965826,,,,,,,,,
40.75244484651206,,,,,,0.15740466942698916,,,0.35054805652851095,,,,,,,,,
40.806862029621456,,,,,,0.15758264291765395,,8.801504203736064,0.3491546637933516,,,,,,,,,
40.86135187658764,,,,,,0.1574449854640853,,8.805505990054721,0.348003589730493,,,,,,,,,
40.9159144844395,,,,,,0.1573074482621774,,8.809509595868473,0.34685631046585874,,,,,,,,,
40.97054995033542,,,,,,0.15717003120688366,,8.813515022004594,0.34571281348896493,,,,,,,,,
41.02525837156354,,,,,,0.15703273419324904,,8.81752226929073,0.3445730863305715,,,,,,,,,
41.08003984554192,,,,,,0.1568955571164103,,8.821531338554905,0.3434371165625463,,,,,,,,,
41.13489446981868,,,,,,0.1567584998715958,,8.825542230625517,0.3423048917977296,,,,,,,,,
41.18982234207224,,,,,,0.15662156235412533,,8.829554946331347,0.34117639968979846,,,,,,,,,
41.24482356011136,,,,,,0.15648474445941044,,8.833569486501544,0.34005162793313454,,,,,,,,,
41.29989822187554,,,,,,0.1563480460829535,,8.83758585196564,0.3389305642626848,,,,,,,,,
41.3550464254349,,,,,,0.15621146712034875,,8.841604043553545,0.33781319645383445,,,,,,,,,
41.41026826899069,,,,,,0.15607500746728115,,8.845624062095542,0.33669951232226675,,,,,,,,,
41.465563850875114,,,,,,0.1559386670195272,,8.849645908422291,0.33558949972383695,,,,,,,,,
41.520933269551854,,,,,,0.15580244567295395,,8.853669583364837,0.334483146554433,,,,,,,,,
41.57637662361591,,,,,,0.15566634332352,,8.857695087754596,0.33338044074985,,,,,,,,,
41.631894011794024,,,,,,0.1555303598672744,,8.861722422423364,0.33228137028565413,,,,,,,,,
41.68748553294478,,,,,,0.15539449520035714,,8.865751588203315,0.3311859231770533,,,,,,,,,
41.74315128605871,,,,,,0.15525874921899901,,8.869782585927002,0.3300940874787663,,,,,,,,,
41.798891370258595,,,,,,0.1551231218195213,,8.873815416427355,0.3290058512848924,,,,,,,,,
41.854705884799515,,,,,,0.15498761289833604,,8.877850080537687,0.3279212027287818,,,,,,,,,
41.910594929069156,,,,,,0.15485222235194554,,8.881886579091686,0.32684012998290535,,,,,,,,,
41.9665586025878,,,,,,0.15471695007694283,,8.885924912923414,0.3257626212587281,,,,,,,,,
42.022597005008784,,,,,,0.1545817959700109,,8.88996508286733,0.32468866480657593,,,,,,,,,
42.07871023611835,,,,,,0.15444675992792337,,8.894007089758245,0.3236182489155137,,,,,,,,,
42.134898395836125,,,,,,0.1543118418475436,,8.89805093443138,0.322551361913211,,,,,,,,,
42.19116158421502,,,,,,0.15417704162582557,,8.90209661772231,0.3214879921658213,,,,,,,,,
42.24749990144171,,,,,,0.15404235915981274,,8.906144140467008,0.32042812807784876,,,,,,,,,
42.3039134478365,,,,,,0.15390779434663895,,8.910193503501814,0.31937175809202767,,,,,,,,,
42.36040232385373,,,,,,0.15377334708352763,,8.91424470766346,0.3183188706891922,,,,,,,,,
42.41696663008187,,,,,,0.15363901726779208,,8.918297753789046,0.3172694543881525,,,,,,,,,
42.473606467243705,,,,,,0.15350480479683534,,8.922352642716062,0.3162234977455695,,,,,,,,,
42.53032193619651,,,,,,0.15337070956814994,,8.926409375282377,0.3151809893558297,,,,,,,,,
42.587113137932235,,,,,,0.15323673147931818,,8.93046795232624,0.31414191785092116,,,,,,,,,
42.64398017357772,,,,,,0.15310287042801152,,8.934528374686279,0.3131062719003088,,,,,,,,,
42.70092314439473,,,,,,0.15296912631199122,,8.938590643201504,0.3120740402108133,,,,,,,,,
42.757942151780426,,,,,,0.1528354990291074,,8.942654758711313,0.311045211526483,,,,,,,,,
42.815037297267175,,,,,,0.1527019884772998,,8.946720722055472,0.3100197746284777,,,,,,,,,
42.872208682523095,,,,,,0.15256859455459698,,8.950788534074148,0.30899771833493933,,,,,,,,,
42.9294564093519,,,,,,0.15243531715911693,,8.95485819560787,0.3079790315008772,,,,,,,,,
42.9867805796934,,,,,,0.15230215618906628,,8.958929707497564,0.30696370301803916,,,,,,,,,
43.044181295623396,,,,,,0.15216911154274085,,8.96300307058453,0.30595172181479735,,,,,,,,,
43.10165865935406,,,,,,0.15203618311852524,,8.967078285710453,0.30494307685602234,,,,,,,,,
43.15921277323403,,,,,,0.1519033708148927,,8.971155353717402,0.30393775714296534,,,,,,,,,
43.216843739748626,,,,,,0.15177067453040533,,8.975234275447827,0.30293575171313736,,,,,,,,,
43.27455166152,,,,,,0.1516380941637137,,8.979315051744564,0.30193704964019036,,,,,,,,,
43.33233664130735,,,,,,0.1515056296135571,,8.983397683450828,0.30094164003379714,,,,,,,,,
43.3901987820071,,,,,,0.15137328077876297,,8.98748217141022,0.29994951203953335,,,,,,,,,
43.44813818665299,,,,,,0.15124104755824758,,8.991568516466721,0.29896065483875994,,,,,,,,,
43.5061549584165,,,,,,0.15110892985101496,,8.995656719464703,0.29797505764850185,,,,,,,,,
43.564249200606696,,,,,,0.15097692755615794,,8.999746781248914,0.29699270972133546,,,,,,,,,
43.62242101667076,,,,,,0.15084504057285694,,9.003838702664495,0.2960136003452661,,,,,,,,,
43.68067051019388,,,,,,0.15071326880038088,,9.007932484556962,0.29503771884361585,,,,,,,,,
43.738997784899624,,,,,,0.1505816121380865,,9.012028127772219,0.2940650545749041,,,,,,,,,
43.79740294465005,,,,,,0.1504500704854184,,9.016125633156554,0.2930955969327326,,,,,,,,,
43.85588609344592,,,,,,0.15031864374190915,,9.020225001556645,0.2921293353456699,,,,,,,,,
43.91444733542683,,,,,,0.150187331807179,,9.024326233819547,0.2911662592771356,,,,,,,,,
43.97308677487148,,,,,,0.15005613458093595,,9.028429330792706,0.2902063582252859,,,,,,,,,
44.031804516197795,,,,,,0.14992505196297554,,9.03253429332395,0.2892496217228988,,,,,,,,,
44.09060066396312,,,,,,0.14979408385318085,,9.036641122261495,0.28829603933726033,,,,,,,,,
44.149475322864454,,,,,,0.14966323015152247,,9.040749818453941,0.2873456006700497,,,,,,,,,
44.208428597738504,,,,,,0.14953249075805844,,9.04486038275027,0.2863982953572287,,,,,,,,,
44.26746059356212,,,,,,0.1494018655729339,,9.048972815999862,0.2854541130689237,,,,,,,,,
44.32657141545215,,,,,,0.14927135449638135,,9.053087119052469,0.2845130435093194,,,,,,,,,
44.385761168666,,,,,,0.14914095742872044,,9.057203292758238,0.28357507641653984,,,,,,,,,
44.44502995860145,,,,,,0.14901067427035786,,9.0613213379677,0.28264020156254277,,,,,,,,,
44.504377890797116,,,,,,0.1488805049217874,,9.065441255531772,0.2817084087530034,,,,,,,,,
44.56380507093253,,,,,,0.14875044928358958,,9.069563046301763,0.28077968782720575,,,,,,,,,
44.62331160482831,,,,,,0.148620507256432,,9.073686711129358,0.27985402865793074,,,,,,,,,
44.68289759844642,,,,,,0.14849067874106886,,9.077812250866641,0.27893142115134656,,,,,,,,,
44.74256315789027,,,,,,0.14836096363834106,,9.081939666366077,0.27801185524689787,,,,,,,,,
44.802308389405,,,,,,0.14823136184917618,,9.086068958480523,0.2770953209171963,,,,,,,,,
44.86213339937753,,,,,,0.14810187327458854,,9.090200128063213,0.27618180816791243,,,,,,,,,
44.92203829433699,,,,,,0.14797249781567848,,9.094333175967789,0.2752713070376634,,,,,,,,,
44.98202318095459,,,,,,0.14784323537363311,,9.098468103048255,0.27436380759790896,,,,,,,,,
45.04208816604415,,,,,,0.14771408584972567,,9.10260491015903,0.2734592999528382,,,,,,,,,
45.10223335656193,,,,,,0.14758504914531584,,9.1067435981549,0.27255777423926686,,,,,,,,,
45.16245885960722,,,,,,0.1474561251618491,,9.110884167891054,0.27165922062652437,,,,,,,,,
45.222764782422125,,,,,,0.14732731380085745,,9.11502662022306,0.27076362931635173,,,,,,,,,
45.28315123239207,,,,,,0.1471986149639587,,9.119170956006881,0.26987099054279096,,,,,,,,,
45.343618317045845,,,,,,0.14707002855285656,,9.123317176098869,0.2689812945720804,,,,,,,,,
45.404166144055814,,,,,,0.14694155446934065,,9.12746528135576,0.2680945317025479,,,,,,,,,
45.46479482123813,,,,,,0.14681319261528647,,9.131615272634688,0.26721069226450544,,,,,,,,,
45.5255044565529,,,,,,0.1466849428926551,,9.13576715079317,0.2663297666201434,,,,,,,,,
45.58629515810443,,,,,,0.14655680520349335,,9.139920916689114,0.26545174516342535,,,,,,,,,
45.647167034141276,,,,,,0.1464287794499336,,9.144076571180818,0.2645766183199847,,,,,,,,,
45.7081201930567,,,,,,0.14630086553419364,,9.148234115126973,0.2637043765470169,,,,,,,,,
45.76915474338853,,,,,,0.14617306335857685,,9.152393549386659,0.2628350103331802,,,,,,,,,
45.8302707938197,,,,,,0.14604537282547167,,9.156554874819346,0.2619685101984867,,,,,,,,,
45.891468453178085,,,,,,0.14591779383735215,,9.160718092284892,0.2611048666942042,,,,,,,,,
45.95274783043707,,,,,,0.14579032629677718,,9.164883202643555,0.26024407040274794,,,,,,,,,
46.01410903471538,,,,,,0.14566297010639115,,9.169050206755971,0.25938611193758293,,,,,,,,,
46.07555217527756,,,,,,0.14553572516892316,,9.173219105483179,0.2585309819431178,,,,,,,,,
46.137077361534004,,,,,,0.1454085913871875,,9.177389899686604,0.25767867109460446,,,,,,,,,
46.19868470304124,,,,,,0.14528156866408323,,9.181562590228063,0.25682917009803635,,,,,,,,,
46.26037430950205,,,,,,0.14515465690259435,,9.185737177969767,0.2559824696900466,,,,,,,,,
46.32214629076573,,,,,,0.14502785600578944,,9.189913663774314,0.2551385606378076,,,,,,,,,
46.38400075682828,,,,,,0.1449011658768219,,9.194092048504704,0.2542974337389293,,,,,,,,,
46.44593781783247,,,,,,0.14477458641892976,,9.198272333024313,0.25345907982136145,,,,,,,,,
46.50795758406833,,,,,,0.14464811753543536,,9.20245451819693,0.25262348974328885,,,,,,,,,
46.57006016597295,,,,,,0.1445217591297458,,9.20663860488672,0.25179065439303755,,,,,,,,,
46.632245674131084,,,,,,0.14439551110535223,,9.210824593958248,0.2509605646889697,,,,,,,,,
46.694514219274986,,,,,,0.14426937336583046,,9.215012486276473,0.25013321157938995,,,,,,,,,
46.75686591228492,,,,,,0.14414334581484012,,9.219202282706744,0.2493085860424414,,,,,,,,,
46.81930086418908,,,,,,0.14401742835612544,,9.223393984114809,0.2484866790860124,,,,,,,,,
46.881819186163995,,,,,,0.14389162089351437,,9.227587591366799,0.24766748174763437,,,,,,,,,
46.94442098953462,,,,,,0.14376592333091914,,9.23178310532925,0.2468509850943864,,,,,,,,,
47.007106385774584,,,,,,0.1436403355723357,,9.235980526869085,0.2460371802227968,,,,,,,,,
47.06987548650634,,,,,,0.143514857521844,,9.240179856853626,0.24522605825874672,,,,,,,,,
47.132728403501424,,,,,,0.14338948908360777,,9.244381096150583,0.24441761035737264,,,,,,,,,
47.19566524868061,,,,,,0.14326423016187434,,9.248584245628072,0.24361182770297035,,,,,,,,,
47.25868613411406,,,,,,0.14313908066097497,,9.252789306154586,0.24280870150889972,,,,,,,,,
47.321791172021726,,,,,,0.14301404048532407,,9.256996278599033,0.242008223017486,,,,,,,,,
47.38498047477322,,,,,,0.14288910953941997,,9.261205163830697,0.24121038349992852,,,,,,,,,
47.448254154888424,,,,,,0.14276428772784408,,9.265415962719276,0.24041517425620104,,,,,,,,,
47.51161232503726,,,,,,0.14263957495526147,,9.269628676134845,0.239622586614961,,,,,,,,,
47.57505509804022,,,,,,0.14251497112642025,,9.273843304947889,0.23883261193345187,,,,,,,,,
47.63858258686841,,,,,,0.14239047614615186,,9.27805985002928,0.23804524159741058,,,,,,,,,
47.7021949046438,,,,,,0.14226608991937081,,9.28227831225029,0.2372604670209728,,,,,,,,,
47.765892164639396,,,,,,0.1421418123510748,,9.286498692482587,0.23647827964657994,,,,,,,,,
47.829674480279486,,,,,,0.14201764334634429,,9.290720991598233,0.23569867094488517,,,,,,,,,
47.89354196513979,,,,,,0.14189358281034292,,9.294945210469693,0.23492163241466102,,,,,,,,,
47.95749473294769,,,,,,0.141769630648317,,9.299171349969818,0.2341471555827062,,,,,,,,,
48.02153289758245,,,,,,0.14164578676559555,,9.303399410971863,0.2333752320037533,,,,,,,,,
48.08565657307533,,,,,,0.14152205106759067,,9.30762939434948,0.23260585326037778,,,,,,,,,
48.149865873610004,,,,,,0.14139842345979653,,9.311861300976718,0.23183901096290335,,,,,,,,,
48.21416091352241,,,,,,0.1412749038477904,,9.316095131728016,0.2310746967493145,,,,,,,,,
48.27854180730138,,,,,,0.14115149213723155,,9.320330887478226,0.23031290228516102,,,,,,,,,
48.34300866958844,,,,,,0.14102818823386207,,9.324568569102581,0.2295536192634711,,,,,,,,,
48.4075616151783,,,,,,0.1409049920435061,,9.328808177476724,0.22879683940465795,,,,,,,,,
48.47220075901894,,,,,,0.14078190347207026,,9.33304971347669,0.2280425544564305,,,,,,,,,
48.5369262162118,,,,,,0.14065892242554318,,9.337293177978914,0.2272907561937037,,,,,,,,,
48.60173810201206,,,,,,0.14053604880999576,,9.34153857186023,0.22654143641850819,,,,,,,,,
48.66663653182877,,,,,,0.14041328253158086,,9.34578589599787,0.2257945869599015,,,,,,,,,
48.73162162122512,,,,,,0.14029062349653332,,9.35003515126947,0.22505019967387818,,,,,,,,,
48.796693485918524,,,,,,0.14016807161117004,,9.354286338553049,0.22430826644328283,,,,,,,,,
48.86185224178107,,,,,,0.14004562678188948,,9.358539458727046,0.223568779177718,,,,,,,,,
48.927098004839394,,,,,,0.13992328891517222,,9.362794512670282,0.22283172981346083,,,,,,,,,
48.99243089127524,,,,,,0.13980105791758013,,9.367051501261995,0.22209711031336987,,,,,,,,,
49.057851017425314,,,,,,0.13967893369575712,,9.371310425381806,0.22136491266680267,,,,,,,,,
49.123358499781844,,,,,,0.13955691615642826,,9.375571285909745,0.2206351288895233,,,,,,,,,
49.18895345499245,,,,,,0.13943500520640043,,9.379834083726237,0.21990775102362,,,,,,,,,
49.25463599986061,,,,,,0.1393132007525617,,9.384098819712117,0.21918277113741497,,,,,,,,,
49.32040625134576,,,,,,0.1391915027018816,,9.388365494748607,0.21846018132537953,,,,,,,,,
49.386264326563484,,,,,,0.1390699109614109,,9.39263410971734,0.21773997370804732,,,,,,,,,
49.45221034278578,,,,,,0.13894842543828145,,9.396904665500346,0.2170221404319288,,,,,,,,,
49.518244417441224,,,,,,0.13882704603970641,,9.401177162980057,0.21630667366942521,,,,,,,,,
49.584366668115216,,,,,,0.13870577267297987,,9.405451603039305,0.2155935656187433,,,,,,,,,
49.6505772125501,,,,,,0.13858460524547705,,9.409727986561322,0.2148828085038112,,,,,,,,,
49.71687616864557,,,,,,0.13846354366465377,,9.414006314429749,0.2141743945741911,,,,,,,,,
49.783263654458594,,,,,,0.13834258783804715,,9.418286587528614,0.2134683161049984,,,,,,,,,
49.84973978820396,,,,,,0.13822173767327461,,9.422568806742369,0.21276456539681343,,,,,,,,,
49.91630468825413,,,,,,0.13810099307803467,,9.426852972955844,0.21206313477560165,,,,,,,,,
49.9829584731398,,,,,,0.13798035396010613,,9.431139087054293,0.21136401659262574,,,,,,,,,
50.0497012615498,,,,,,0.1378598202273487,,9.435427149923353,0.21066720322436616,,,,,,,,,
50.116533172331515,,,,,,0.1377393917877023,,9.439717162449078,0.20997268707243516,,,,,,,,,
50.183454324491024,,,,,,0.13761906854918737,,9.444009125517917,0.20928046056349509,,,,,,,,,
50.25046483719331,,,,,,0.13749885041990476,,9.448303040016729,0.20859051614917587,,,,,,,,,
50.317564829762475,,,,,,0.1373787373080355,,9.452598906832767,0.20790284630599223,,,,,,,,,
50.38475442168197,,,,,,0.13725872912184087,,9.4568967268537,0.20721744353526214,,,,,,,,,
50.45203373259479,,,,,,0.13713882576966227,,9.461196500967585,0.20653430036302442,,,,,,,,,
50.51940288230362,,,,,,0.1370190271599213,,9.465498230062893,0.20585340933995863,,,,,,,,,
50.58686199077128,,,,,,0.1368993332011193,,9.4698019150285,0.20517476304130125,,,,,,,,,
50.65441117812058,,,,,,0.13677974380183783,,9.474107556753678,0.20449835406676814,,,,,,,,,
50.722050564634934,,,,,,0.13666025887073802,,9.478415156128115,0.20382417504047012,,,,,,,,,
50.78978027075816,,,,,,0.13654087831656112,,9.48272471404189,0.20315221861083638,,,,,,,,,
50.85760041709512,,,,,,0.13642160204812773,,9.487036231385499,0.2024824774505304,,,,,,,,,
50.92551112441154,,,,,,0.13630242997433836,,9.491349709049834,0.20181494425637378,,,,,,,,,
50.99351251363451,,,,,,0.13618336200417308,,9.495665147926195,0.20114961174926385,,,,,,,,,
51.06160470585257,,,,,,0.13606439804669132,,9.499982548906289,0.20048647267409545,,,,,,,,,
51.129787822315926,,,,,,0.13594553801103215,,9.504301912882227,0.19982551979968177,,,,,,,,,
51.198061984436734,,,,,,0.13582678180641386,,9.508623240746527,0.1991667459186753,,,,,,,,,
51.266427313789244,,,,,,0.1357081293421341,,9.51294653339211,0.1985101438474894,,,,,,,,,
51.33488393211008,,,,,,0.1355895805275697,,9.517271791712307,0.19785570642621955,,,,,,,,,
51.40343196129832,,,,,,0.13547113527217686,,9.521599016600847,0.1972034265185667,,,,,,,,,
51.472071523415984,,,,,,0.13535279348549054,,9.525928208951878,0.19655329701175647,,,,,,,,,
51.540802740687894,,,,,,0.13523455507712503,,9.530259369659943,0.19590531081646573,,,,,,,,,
51.60962573550227,,,,,,0.13511641995677337,,9.534592499619997,0.19525946086674073,,,,,,,,,
51.6785406304106,,,,,,0.1349983880342076,,9.538927599727403,0.19461574011992444,,,,,,,,,
51.74754754812809,,,,,,0.1348804592192786,,9.543264670877928,0.1939741415565764,,,,,,,,,
51.81664661153381,,,,,,0.13476263342191586,,9.54760371396775,0.19333465818039794,,,,,,,,,
51.88583794367089,,,,,,0.1346449105521277,,9.551944729893448,0.1926972830181552,,,,,,,,,
51.95512166774678,,,,,,0.13452729052000098,,9.556287719552014,0.1920620091196035,,,,,,,,,
52.024497907133444,,,,,,0.13440977323570116,,9.560632683840847,0.19142882955741114,,,,,,,,,
52.0939667853676,,,,,,0.13429235860947203,,9.564979623657756,0.19079773742708403,,,,,,,,,
52.163528426150826,,,,,,0.13417504655163603,,9.56932853990095,0.19016872584689123,,,,,,,,,
52.23318295335009,,,,,,0.13405783697259369,,9.57367943346906,0.1895417879577876,,,,,,,,,
52.302930490997504,,,,,,0.133940729782824,,9.578032305261107,0.1889169169233422,,,,,,,,,
52.372771163291056,,,,,,0.13382372489288397,,9.582387156176546,0.18829410592966048,,,,,,,,,
52.44270509459434,,,,,,0.13370682221340902,,9.586743987115211,0.18767334818531317,,,,,,,,,
52.51273240943723,,,,,,0.13359002165511227,,9.591102798977374,0.18705463692125893,,,,,,,,,
52.582853232515696,,,,,,0.13347332312878513,,9.595463592663695,0.1864379653907737,,,,,,,,,
52.653067688692346,,,,,,0.13335672654529684,,9.599826369075252,0.18582332686937492,,,,,,,,,
52.72337590299647,,,,,,0.13324023181559444,,9.604191129113536,0.18521071465474892,,,,,,,,,
52.793778000624314,,,,,,0.1331238388507029,,9.60855787368044,0.1846001220666781,,,,,,,,,
52.8642741069393,,,,,,0.13300754756172478,,9.612926603678273,0.18399154244696764,,,,,,,,,
52.93486434747225,,,,,,0.13289135785984038,,9.617297320009753,0.18338496915937327,,,,,,,,,
53.00554884792164,,,,,,0.13277526965630748,,9.621670023578007,0.1827803955895283,,,,,,,,,
53.07632773415368,,,,,,0.13265928286246165,,9.626044715286572,0.18217781514487305,,,,,,,,,
53.14720113220284,,,,,,0.1325433973897155,,9.630421396039399,0.18157722125458003,,,,,,,,,
53.21816916827167,,,,,,0.13242761314955948,,9.634800066740846,0.18097860736948612,,,,,,,,,
53.28923196873146,,,,,,0.13231193005356093,,9.63918072829569,0.1803819669620171,,,,,,,,,
53.36038966012202,,,,,,0.13219634801336477,,9.643563381609104,0.17978729352612055,,,,,,,,,
53.43164236915235,,,,,,0.1320808669406929,,9.647948027586692,0.1791945805771908,,,,,,,,,
53.50299022270046,,,,,,0.13196548674734443,,9.652334667134454,0.17860382165200195,,,,,,,,,
53.57443334781389,,,,,,0.13185020734519556,,9.656723301158811,0.1780150103086349,,,,,,,,,
53.64597187170978,,,,,,0.13173502864619935,,9.661113930566593,0.17742814012640798,,,,,,,,,
53.71760592177519,,,,,,0.13161995056238587,,9.66550655626504,0.17684320470580706,,,,,,,,,
53.78933562556724,,,,,,0.13150497300586197,,9.669901179161808,0.17626019766841536,,,,,,,,,
53.86116111081339,,,,,,0.1313900958888113,,9.674297800164966,0.17567911265684433,,,,,,,,,
53.93308250541169,,,,,,0.13127531912349422,,9.678696420182996,0.17509994333466372,,,,,,,,,
54.005099937430856,,,,,,0.13116064262224789,,9.683097040124785,0.17452268338633395,,,,,,,,,
54.07721353511081,,,,,,0.13104606629748575,,9.687499660899649,0.17394732651713435,,,,,,,,,
54.1494234268625,,,,,,0.130931590061698,,9.691904283417301,0.1733738664530984,,,,,,,,,
54.221729741268554,,,,,,0.13081721382745112,,9.696310908587876,0.1728022969409413,,,,,,,,,
54.294132607083085,,,,,,0.13070293750738815,,9.700719537321923,0.17223261174799553,,,,,,,,,
54.36663215323235,,,,,,0.13058876101422817,,9.705130170530404,0.17166480466213938,,,,,,,,,
54.439228508814566,,,,,,0.1304746842607668,,9.709542809124697,0.17109886949173242,,,,,,,,,
54.51192180310045,,,,,,0.13036070715987572,,9.713957454016585,0.1705348000655456,,,,,,,,,
54.58471216553331,,,,,,0.13024682962450265,,9.71837410611828,0.16997259023269515,,,,,,,,,
54.657599725729305,,,,,,0.1301330515676714,,9.722792766342398,0.16941223386257503,,,,,,,,,
54.73058461347765,,,,,,0.13001937290248183,,9.727213435601973,0.16885372484479041,,,,,,,,,
54.803666958740905,,,,,,0.1299057935421096,,9.731636114810456,0.1682970570890908,,,,,,,,,
54.87684689165516,,,,,,0.1297923133998063,,9.736060804881715,0.16774222452530352,,,,,,,,,
54.9501245425302,,,,,,0.1296789323888993,,9.740487506730023,0.16718922110326848,,,,,,,,,
55.02350004184997,,,,,,0.12956565042279158,,9.744916221270085,0.16663804079277011,,,,,,,,,
55.09697352027248,,,,,,0.12945246741496197,,9.749346949417003,0.16608867758347445,,,,,,,,,
55.17054510863038,,,,,,0.12933938327896455,,9.753779692086315,0.16554112548486055,,,,,,,,,
55.24421493793086,,,,,,0.12922639792842927,,9.75821445019396,0.16499537852615795,,,,,,,,,
55.31798313935616,,,,,,0.1291135112770614,,9.762651224656297,0.1644514307562797,,,,,,,,,
55.391849844263625,,,,,,0.12900072323864148,,9.767090016390108,0.16390927624375803,,,,,,,,,
55.46581518418604,,,,,,0.12888803372702548,,9.771530826312587,0.16336890907667997,,,,,,,,,
55.53987929083182,,,,,,0.12877544265614466,,9.77597365534134,0.16283032336262238,,,,,,,,,
55.61404229608523,,,,,,0.1286629499400053,,9.780418504394403,0.16229351322858815,,,,,,,,,
55.68830433200667,,,,,,0.12855055549268898,,9.784865374390218,0.16175847282094177,,,,,,,,,
55.76266553083287,,,,,,0.12843825922835225,,9.789314266247649,0.16122519630534582,,,,,,,,,
55.837126024977145,,,,,,0.12832606106122665,,9.793765180885975,0.16069367786669683,,,,,,,,,
55.911685947029554,,,,,,0.12821396090561873,,9.798218119224897,0.16016391170906333,,,,,,,,,
55.98634542975736,,,,,,0.12810195867590965,,9.802673082184537,0.1596358920556198,,,,,,,,,
56.06110460610491,,,,,,0.12799005428655572,,9.80713007068542,0.15910961314858738,,,,,,,,,
56.13596360919429,,,,,,0.12787824765208763,,9.811589085648512,0.15858506924916727,,,,,,,,,
56.21092257232516,,,,,,0.12776653868711105,,9.816050127995178,0.15806225463748164,,,,,,,,,
56.285981628975264,,,,,,0.12765492730630598,,9.820513198647213,0.1575411636125087,,,,,,,,,
56.36114091280058,,,,,,0.12754341342442713,,9.824978298526828,0.15702179049202178,,,,,,,,,
56.43640055763554,,,,,,0.12743199695630353,,9.829445428556653,0.15650412961252694,,,,,,,,,
56.51176069749329,,,,,,0.1273206778168388,,9.83391458965974,0.1559881753292015,,,,,,,,,
56.58722146656593,,,,,,0.1272094559210107,,9.838385782759554,0.15547392201583218,,,,,,,,,
56.662782999224774,,,,,,0.12709833118387137,,9.84285900877999,0.15496136406475378,,,,,,,,,
56.738445430020455,,,,,,0.12698730352054724,,9.847334268645351,0.15445049588678886,,,,,,,,,
56.814208893683464,,,,,,0.12687637284623857,,9.851811563280375,0.15394131191118482,,,,,,,,,
56.890073525123974,,,,,,0.12676553907622012,,9.856290893610202,0.15343380658555586,,,,,,,,,
56.96603945943253,,,,,,0.12665480212584027,,9.860772260560413,0.15292797437581943,,,,,,,,,
57.04210683187984,,,,,,0.1265441619105217,,9.865255665056994,0.15242380976613912,,,,,,,,,
57.118275777917475,,,,,,0.1264336183457606,,9.869741108026357,0.1519213072588611,,,,,,,,,
57.19454643317766,,,,,,0.1263231713471274,,9.874228590395338,0.15142046137445747,,,,,,,,,
57.27091893347387,,,,,,0.12621282083026586,,9.878718113091196,0.15092126665146394,,,,,,,,,
57.347393414800884,,,,,,0.1261025667108938,,9.8832096770416,0.15042371764642162,,,,,,,,,
57.42397001333507,,,,,,0.12599240890480237,,9.887703283174654,0.14992780893381727,,,,,,,,,
57.50064886543466,,,,,,0.12588234732785653,,9.892198932418875,0.14943353510602425,,,,,,,,,
57.577430107639955,,,,,,0.12577238189599452,,9.89669662570321,0.14894089077324332,,,,,,,,,
57.6543138766736,,,,,,0.12566251252522806,,9.901196363957023,0.14844987056344408,,,,,,,,,
57.73130030944069,,,,,,0.12555273913164247,,9.905698148110098,0.1479604691223069,,,,,,,,,
57.80838954302936,,,,,,0.125443061631396,,9.910201979092653,0.1474726811131628,,,,,,,,,
57.885581714710526,,,,,,0.12533347994072053,,9.914707857835312,0.14698650121693782,,,,,,,,,
57.962876961938676,,,,,,0.1252239939759207,,9.91921578526914,0.1465019241320923,,,,,,,,,
58.0402754223516,,,,,,0.1251146036533747,,9.92372576232561,0.14601894457456566,,,,,,,,,
58.11777723377108,,,,,,0.12500530888953332,,9.928237789936635,0.1455375572777163,,,,,,,,,
58.19538253420277,,,,,,0.12489610960092076,,9.932751869034531,0.1450577569922665,,,,,,,,,
58.27309146183671,,,,,,0.12478700570413384,,9.937268000552056,0.14457953848624344,,,,,,,,,
58.35090415504741,,,,,,0.12467799711584242,,9.941786185422382,0.1441028965449229,,,,,,,,,
58.42882075239418,,,,,,0.12456908375278901,,9.94630642457911,0.14362782597077234,,,,,,,,,
58.506841392621354,,,,,,0.1244602655317889,,9.950828718956263,0.1431543215833941,,,,,,,,,
58.584966214658515,,,,,,0.12435154236973016,,9.955353069488293,0.14268237821946905,,,,,,,,,
58.6631953576208,,,,,,0.12424291418357322,,9.959879477110068,0.1422119907326999,,,,,,,,,
58.741528960808985,,,,,,0.12413438089035139,,9.964407942756889,0.14174315399375628,,,,,,,,,
58.81996716371006,,,,,,0.12402594240717006,,9.96893846736448,0.1412758628902165,,,,,,,,,
58.898510105997055,,,,,,0.12391759865120743,,9.973471051868987,0.14081011232651483,,,,,,,,,
58.97715792752972,,,,,,0.12380934953971365,,9.978005697206994,0.1403458972238827,,,,,,,,,
59.05591076835433,,,,,,0.12370119499001157,,9.982542404315488,0.1398832125202965,,,,,,,,,
59.13476876870442,,,,,,0.12359313491949588,,9.98708117413191,0.13942205317041934,,,,,,,,,
59.21373206900055,,,,,,0.12348516924563371,,9.991622007594103,0.13896241414554886,,,,,,,,,
59.29280080985092,,,,,,0.12337729788596415,,9.996164905640349,0.13850429043356022,,,,,,,,,
59.371975132051446,,,,,,0.12326952075809838,,10.000709869209357,0.13804767703885254,,,,,,,,,
59.45125517658605,,,,,,0.12316183777971951,,10.005256899240253,0.1375925689822941,,,,,,,,,
59.53064108462693,,,,,,0.12305424886858254,,10.009805996672602,0.1371389613011682,,,,,,,,,
59.610132997534755,,,,,,0.12294675394251443,,10.014357162446391,0.13668684904911885,,,,,,,,,
59.68973105685903,,,,,,0.12283935291941374,,10.018910397502031,0.13623622729609686,,,,,,,,,
59.76943540433812,,,,,,0.12273204571725102,,10.023465702780367,0.13578709112830675,,,,,,,,,
59.84924618189987,,,,,,0.12262483225406812,,10.028023079222667,0.13533943564815148,,,,,,,,,
59.929163531661416,,,,,,0.12251771244797885,,10.032582527770629,0.1348932559741814,,,,,,,,,
60.009187595929895,,,,,,0.12241068621716822,,10.037144049366379,0.1344485472410385,,,,,,,,,
60.08931851720225,,,,,,0.12230375347989302,,10.04170764495247,0.1340053045994057,,,,,,,,,
60.16955643816585,,,,,,0.1221969141544812,,10.046273315471888,0.13356352321595227,,,,,,,,,
60.24990150169853,,,,,,0.12209016815933221,,10.05084106186804,0.13312319827328192,,,,,,,,,
60.33035385086893,,,,,,0.12198351541291672,,10.05541088508477,0.13268432496988003,,,,,,,,,
60.41091362893675,,,,,,0.12187695583377656,,10.059982786066346,0.13224689852006147,,,,,,,,,
60.49158097935293,,,,,,0.12177048934052487,,10.064556765757466,0.1318109141539181,,,,,,,,,
60.57235604576006,,,,,,0.12166411585184571,,10.069132825103265,0.13137636711726702,,,,,,,,,
60.653238971992366,,,,,,0.1215578352864944,,10.073710965049285,0.13094325267159912,,,,,,,,,
60.73422990207638,,,,,,0.12145164756329695,,10.078291186541536,0.13051156609402592,,,,,,,,,
60.81532898023069,,,,,,0.12134555260115056,,10.082873490526417,0.13008130267723036,,,,,,,,,
60.89653635086671,,,,,,0.121239550319023,,10.087457877950786,0.12965245772941295,,,,,,,,,
60.97785215858846,,,,,,0.12113364063595314,,10.09204434976192,0.12922502657424306,,,,,,,,,
61.059276548193274,,,,,,0.12102782347105023,,10.096632906907528,0.12879900455080556,,,,,,,,,
61.140809664671636,,,,,,0.12092209874349451,,10.101223550335751,0.12837438701355225,,,,,,,,,
61.22245165320774,,,,,,0.1208164663725366,,10.105816280995162,0.1279511693322495,,,,,,,,,
61.30420265917965,,,,,,0.1207109262774977,,10.110411099834762,0.12752934689192846,,,,,,,,,
61.38606282815952,,,,,,0.12060547837776958,,10.115008007803985,0.12710891509283478,,,,,,,,,
61.46803230591391,,,,,,0.12050012259281431,,10.1196070058527,0.12668986935037818,,,,,,,,,
61.55011123840401,,,,,,0.1203948588421644,,10.124208094931202,0.1262722050950828,,,,,,,,,
61.63229977178595,,,,,,0.12028968704542256,,10.128811275990227,0.12585591777253685,,,,,,,,,
61.71459805241091,,,,,,0.12018460712226192,,10.133416549980923,0.125441002843344,,,,,,,,,
61.797006226825694,,,,,,0.12007961899242549,,10.138023917854905,0.12502745578307198,,,,,,,,,
61.87952444177256,,,,,,0.11997472257572671,,10.14263338056418,0.1246152720822058,,,,,,,,,
61.96215284418994,,,,,,0.11986991779204872,,10.147244939061228,0.12420444724609578,,,,,,,,,
62.04489158121225,,,,,,0.11976520456134505,,10.15185859429892,0.12379497679491136,,,,,,,,,
62.1277408001706,,,,,,0.11966058280363877,,10.156474347230606,0.12338685626358945,,,,,,,,,
62.21070064859264,,,,,,0.11955605243902304,,10.161092198810032,0.12298008120178837,,,,,,,,,
62.293771274203124,,,,,,0.11945161338766079,,10.165712149991393,0.12257464717383734,,,,,,,,,
62.37695282492404,,,,,,0.11934726556978463,,10.170334201729318,0.12217054975868911,,,,,,,,,
62.460245448874886,,,,,,0.11924300890569693,,10.17495835497887,0.1217677845498714,,,,,,,,,
62.54364929437296,,,,,,0.1191388433157696,,10.179584610695542,0.12136634715543905,,,,,,,,,
62.627164509933614,,,,,,0.11903476872044419,,10.184212969835267,0.12096623319792593,,,,,,,,,
62.710791244270524,,,,,,0.11893078504023163,,10.188843433354409,0.12056743831429724,,,,,,,,,
62.794529646295835,,,,,,0.11882689219571253,,10.193476002209767,0.12016995815590249,,,,,,,,,
62.87837986512075,,,,,,0.11872309010753652,,10.198110677358581,0.11977378838842669,,,,,,,,,
62.962342050055334,,,,,,0.11861937869642293,,10.202747459758507,0.11937892469184498,,,,,,,,,
63.04641635060928,,,,,,0.11851575788316,,10.20738635036767,0.11898536276037353,,,,,,,,,
63.13060291649167,,,,,,0.11841222758860542,,10.21202735014459,0.1185930983024246,,,,,,,,,
63.21490189761173,,,,,,0.11830878773368587,,10.216670460048265,0.11820212704055767,,,,,,,,,
63.299313444078685,,,,,,0.11820543823939716,,10.221315681038092,0.1178124447114348,,,,,,,,,
63.38383770620227,,,,,,0.11810217902680417,,10.225963014073924,0.11742404706577267,,,,,,,,,
63.468474834492945,,,,,,0.11799901001704058,,10.23061246011605,0.11703692986829682,,,,,,,,,
63.55322497966212,,,,,,0.11789593113130915,,10.23526402012519,0.11665108889769554,,,,,,,,,
63.63808829262248,,,,,,0.11779294229088133,,10.239917695062502,0.11626651994657357,,,,,,,,,
63.723064924488185,,,,,,0.11769004341709738,,10.244573485889584,0.11588321882140648,,,,,,,,,
63.80815502657525,,,,,,0.11758723443136627,,10.249231393568467,0.11550118134249461,,,,,,,,,
63.8933587504016,,,,,,0.11748451525516579,,10.253891419061622,0.11512040334391828,,,,,,,,,
63.9786762476877,,,,,,0.11738188581004201,,10.258553563331958,0.11474088067349084,,,,,,,,,
64.06410767035638,,,,,,0.11727934601760981,,10.263217827342823,0.11436260919271539,,,,,,,,,
64.14965317053354,,,,,,0.11717689579955234,,10.267884212057997,0.11398558477673759,,,,,,,,,
64.23531290054805,,,,,,0.11707453507762132,,10.272552718441709,0.11360980331430257,,,,,,,,,
64.32108701293227,,,,,,0.11697226377363679,,10.277223347458609,0.11323526070770873,,,,,,,,,
64.40697566042223,,,,,,0.11687008180948698,,10.281896100073801,0.11286195287276364,,,,,,,,,
64.49297899595791,,,,,,0.11676798910712852,,10.286570977252824,0.11248987573873946,,,,,,,,,
64.5790971726835,,,,,,0.11666598558858607,,10.291247979961655,0.11211902524832847,,,,,,,,,
64.66533034394769,,,,,,0.11656407117595245,,10.29592710916671,0.11174939735759888,,,,,,,,,
64.75167866330393,,,,,,0.11646224579138863,,10.300608365834844,0.11138098803595067,,,,,,,,,
64.83814228451072,,,,,,0.11636050935712339,,10.305291750933353,0.11101379326607179,,,,,,,,,
64.92472136153194,,,,,,0.1162588617954536,,10.309977265429971,0.11064780904389394,,,,,,,,,
65.01141604853686,,,,,,0.11615730302874407,,10.314664910292873,0.11028303137854996,,,,,,,,,
65.0982264999009,,,,,,0.11605583297942716,,10.319354686490676,0.10991945629232841,,,,,,,,,
65.18515287020533,,,,,,0.11595445157000328,,10.324046594992433,0.10955707982063262,,,,,,,,,
65.27219531423812,,,,,,0.11585315872304028,,10.328740636767643,0.10919589801193495,,,,,,,,,
65.35935398699365,,,,,,0.11575195436117387,,10.333436812786239,0.10883590692773601,,,,,,,,,
65.44662904367345,,,,,,0.11565083840710728,,10.338135124018603,0.10847710264251999,,,,,,,,,
65.53402063968626,,,,,,0.11554981078361118,,10.342835571435552,0.10811948124371275,,,,,,,,,
65.6215289306483,,,,,,0.11544887141352382,,10.347538156008348,0.1077630388316388,,,,,,,,,
65.7091540723836,,,,,,0.11534802021975075,,10.352242878708697,0.10740777151947901,,,,,,,,,
65.79689622092428,,,,,,0.11524725712526492,,10.356949740508735,0.107053675433228,,,,,,,,,
65.88475553251084,,,,,,0.11514658205310653,,10.36165874238105,0.10670074671165192,,,,,,,,,
65.97273216359224,,,,,,0.11504599492638318,,10.366369885298672,0.10634898150624691,,,,,,,,,
66.06082627082665,,,,,,0.11494549566826935,,10.371083170235071,0.1059983759811958,,,,,,,,,
66.1490380110811,,,,,,0.11484508420200686,,10.37579859816416,0.1056489263133281,,,,,,,,,
66.23736754143238,,,,,,0.11474476045090445,,10.380516170060297,0.10530062869207636,,,,,,,,,
66.32581501916675,,,,,,0.11464452433833802,,10.385235886898279,0.1049534793194366,,,,,,,,,
66.41438060178078,,,,,,0.11454437578775012,,10.389957749653348,0.10460747440992489,,,,,,,,,
66.50306444698109,,,,,,0.11444431472265049,,10.394681759301191,0.10426261019053792,,,,,,,,,
66.59186671268503,,,,,,0.11434434106661553,,10.399407916817937,0.1039188829007106,,,,,,,,,
66.6807875570208,,,,,,0.11424445474328841,,10.40413622318016,0.10357628879227547,,,,,,,,,
66.76982713832774,,,,,,0.11414465567637899,,10.408866679364875,0.10323482412942193,,,,,,,,,
66.8589856151566,,,,,,0.11404494378966383,,10.413599286349545,0.10289448518865532,,,,,,,,,
66.94826314626988,,,,,,0.11394531900698601,,10.418334045112076,0.10255526825875648,,,,,,,,,
67.03765989064208,,,,,,0.11384578125225518,,10.423070956630822,0.10221716964074094,,,,,,,,,
67.12717600745988,,,,,,0.11374633044944749,,10.427810021884563,0.10188018564781952,,,,,,,,,
67.21681165612273,,,,,,0.1136469665226054,,10.432551241852561,0.10154431260535636,,,,,,,,,
67.30656699624267,,,,,,0.11354768939583787,,10.437294617514487,0.10120954685083114,,,,,,,,,
67.39644218764514,,,,,,0.11344849899331994,,10.442040149850474,0.10087588473379677,,,,,,,,,
67.48643739036872,,,,,,0.11334939523929316,,10.4467878398411,0.10054332261584191,,,,,,,,,
67.57655276466598,,,,,,0.11325037805806495,,10.451537688467388,0.100211856870549,,,,,,,,,
67.66678847100322,,,,,,0.11315144737400919,,10.456289696710806,0.0998814838834568,,,,,,,,,
67.75714467006117,,,,,,0.11305260311156554,,10.46104386555327,0.0995522000520195,,,,,,,,,
67.84762152273505,,,,,,0.11295384519523984,,10.465800195977138,0.0992240017855681,,,,,,,,,
67.93821919013497,,,,,,0.11285517354960375,,10.47055868896522,0.09889688550527118,,,,,,,,,
68.02893783358613,,,,,,0.11275658809929497,,10.47531934550077,0.09857084764409578,,,,,,,,,
68.11977761462919,,,,,,0.11265808876901687,,10.480082166567492,0.09824588464676842,,,,,,,,,
68.2107386950205,,,,,,0.11255967548353871,,10.484847153149536,0.09792199296973654,,,,,,,,,
68.3018212367323,,,,,,0.1124613481676955,,10.489614306231486,0.09759916908113007,,,,,,,,,
68.39302540195338,,,,,,0.11236310674638769,,10.494383626798406,0.09727740946072194,,,,,,,,,
68.48435135308877,,,,,,0.11226495114458168,,10.499155115835766,0.09695671059989121,,,,,,,,,
68.57579925276067,,,,,,0.11216688128730903,,10.503928774329529,0.09663706900158305,,,,,,,,,
68.66736926380815,,,,,,0.11206889709966718,,10.508704603266066,0.0963184811802724,,,,,,,,,
68.75906154928802,,,,,,0.11197099850681862,,10.51348260363222,0.09600094366192438,,,,,,,,,
68.85087627247452,,,,,,0.11187318543399155,,10.518262776415275,0.09568445298395767,,,,,,,,,
68.94281359686012,,,,,,0.11177545780647925,,10.523045122602968,0.09536900569520594,,,,,,,,,
69.0348736861555,,,,,,0.1116778155496404,,10.52782964318348,0.09505459835588041,,,,,,,,,
69.12705670429001,,,,,,0.11158025858889879,,10.532616339145445,0.09474122753753254,,,,,,,,,
69.21936281541186,,,,,,0.11148278684974346,,10.537405211477944,0.09442888982301648,,,,,,,,,
69.31179218388844,,,,,,0.11138540025772843,,10.542196261170512,0.09411758180645186,,,,,,,,,
69.40434497430668,,,,,,0.11128809873847276,,10.546989489213132,0.09380730009318637,,,,,,,,,
69.49702135147315,,,,,,0.11119088221766066,,10.551784896596223,0.09349804129975975,,,,,,,,,
69.58982148041471,,,,,,0.11109375062104097,,10.556582484310686,0.09318980205386507,,,,,,,,,
69.68274552637833,,,,,,0.1109967038744277,,10.561382253347837,0.0928825789943141,,,,,,,,,
69.77579365483186,,,,,,0.11089974190369938,,10.566184204699477,0.09257636877099856,,,,,,,,,
69.86896603146391,,,,,,0.11080286463479952,,10.570988339357827,0.09227116804485565,,,,,,,,,
69.96226282218447,,,,,,0.11070607199373617,,10.575794658315575,0.09196697348782987,,,,,,,,,
70.05568419312503,,,,,,0.11060936390658213,,10.58060316256586,0.09166378178283777,,,,,,,,,
70.1492303106389,,,,,,0.11051274029947467,,10.58541385310227,0.09136158962373143,,,,,,,,,
70.24290134130153,,,,,,0.11041620109861568,,10.590226730918847,0.09106039371526252,,,,,,,,,
70.33669745191084,,,,,,0.11031974623027144,,10.595041797010081,0.09076019077304615,,,,,,,,,
70.43061880948741,,,,,,0.11022337562077265,,10.599859052370917,0.09046097752352533,,,,,,,,,
70.52466558127489,,,,,,0.11012708919651447,,10.604678497996753,0.09016275070393516,,,,,,,,,
70.61883793474028,,,,,,0.11003088688395617,,10.609500134883437,0.0898655070622671,,,,,,,,,
70.71313603757406,,,,,,0.10993476860962151,,10.614323964027271,0.08956924335723411,,,,,,,,,
70.80756005769085,,,,,,0.10983873430009812,,10.619149986425011,0.08927395635823404,,,,,,,,,
70.90211016322925,,,,,,0.1097427838820381,,10.623978203073865,0.08897964284531609,,,,,,,,,
70.99678652255263,,,,,,0.10964691728215732,,10.6288086149715,0.08868629960914406,,,,,,,,,
71.09158930424893,,,,,,0.10955113442723592,,10.63364122311602,0.08839392345096272,,,,,,,,,
71.18651867713136,,,,,,0.1094554352441178,,10.638476028506004,0.08810251118256204,,,,,,,,,
71.28157481023851,,,,,,0.10935981965971091,,10.643313032140469,0.08781205962624264,,,,,,,,,
71.37675787283469,,,,,,0.10926428760098698,,10.648152235018895,0.08752256561478132,,,,,,,,,
71.47206803441021,,,,,,0.1091688389949815,,10.652993638141213,0.08723402599139642,,,,,,,,,
71.56750546468176,,,,,,0.10907347376879384,,10.657837242507812,0.08694643760971336,,,,,,,,,
71.6630703335926,,,,,,0.10897819184958682,,10.662683049119531,0.08665979733373022,,,,,,,,,
71.75876281131286,,,,,,0.1088829931645872,,10.667531058977668,0.08637410203778409,,,,,,,,,
71.85458306824012,,,,,,0.10878787764108497,,10.672381273083971,0.08608934860651596,,,,,,,,,
71.95053127499918,,,,,,0.10869284520643398,,10.677233692440652,0.08580553393483809,,,,,,,,,
72.04660760244299,,,,,,0.10859789578805117,,10.682088318050372,0.08552265492789858,,,,,,,,,
72.14281222165235,,,,,,0.10850302931341725,,10.686945150916248,0.08524070850104934,,,,,,,,,
72.23914530393681,,,,,,0.10840824571007597,,10.691804192041856,0.08495969157981081,,,,,,,,,
72.33560702083439,,,,,,0.10831354490563465,,10.696665442431229,0.08467960109983982,,,,,,,,,
72.43219754411233,,,,,,0.10821892682776363,,10.701528903088851,0.08440043400689526,,,,,,,,,
72.52891704576719,,,,,,0.10812439140419652,,10.706394575019669,0.08412218725680502,,,,,,,,,
72.6257656980252,,,,,,0.1080299385627301,,10.711262459229086,0.08384485781543301,,,,,,,,,
72.72274367334256,,,,,,0.10793556823122412,,10.716132556722954,0.08356844265864583,,,,,,,,,
72.81985114440577,,,,,,0.10784128033760147,,10.721004868507594,0.08329293877227993,,,,,,,,,
72.91708828413195,,,,,,0.10774707480984788,,10.725879395589775,0.08301834315210849,,,,,,,,,
73.01445526566896,,,,,,0.10765295157601215,,10.73075613897673,0.08274465280380942,,,,,,,,,
73.11195226239612,,,,,,0.1075589105642057,,10.735635099676148,0.0824718647429313,,,,,,,,,
73.20957944792399,,,,,,0.10746495170260305,,10.740516278696179,0.08219997599486259,,,,,,,,,
73.30733699609523,,,,,,0.1073710749194411,,10.745399677045423,0.08192898359479735,,,,,,,,,
73.40522508098437,,,,,,0.10727728014301983,,10.750285295732947,0.08165888458770486,,,,,,,,,
73.50324387689862,,,,,,0.10718356730170149,,10.755173135768274,0.08138967602829539,,,,,,,,,
73.60139355837778,,,,,,0.10708993632391121,,10.760063198161385,0.08112135498098988,,,,,,,,,
73.69967430019476,,,,,,0.10699638713813649,,10.764955483922721,0.08085391851988669,,,,,,,,,
73.79808627735586,,,,,,0.10690291967292725,,10.769849994063184,0.08058736372873031,,,,,,,,,
73.89662966510109,,,,,,0.10680953385689598,,10.774746729594133,0.08032168770087923,,,,,,,,,
73.99530463890441,,,,,,0.1067162296187174,,10.779645691527387,0.08005688753927453,,,,,,,,,
74.09411137447412,,,,,,0.10662300688712865,,10.784546880875228,0.07979296035640812,,,,,,,,,
74.19305004775319,,,,,,0.10652986559092897,,10.789450298650399,0.07952990327429119,,,,,,,,,
74.29212083491936,,,,,,0.10643680565898002,,10.79435594586609,0.0792677134244233,,,,,,,,,
74.39132391238587,,,,,,0.10634382702020531,,10.799263823535972,0.07900638794776006,,,,,,,,,
74.49065945680128,,,,,,0.10625092960359077,,10.804173932674162,0.07874592399468335,,,,,,,,,
74.59012764505027,,,,,,0.10615811333818403,,10.809086274295247,0.07848631872496886,,,,,,,,,
74.68972865425347,,,,,,0.10606537815309504,,10.814000849414269,0.07822756930775644,,,,,,,,,
74.78946266176828,,,,,,0.10597272397749535,,10.818917659046736,0.07796967292151784,,,,,,,,,
74.8893298451887,,,,,,0.10588015074061861,,10.823836704208615,0.07771262675402729,,,,,,,,,
74.98933038234597,,,,,,0.10578765837176024,,10.828757985916337,0.07745642800232991,,,,,,,,,
75.0894644513088,,,,,,0.10569524680027734,,10.83368150518679,0.0772010738727115,,,,,,,,,
75.18973223038368,,,,,,0.10560291595558882,,10.838607263037334,0.07694656158066808,,,,,,,,,
75.29013389811516,,,,,,0.10551066576717517,,10.843535260485782,0.07669288835087533,,,,,,,,,
75.39066963328624,,,,,,0.10541849616457857,,10.848465498550414,0.0764400514171586,,,,,,,,,
75.49133961491863,,,,,,0.10532640707740262,,10.85339797824998,0.0761880480224625,,,,,,,,,
75.59214402227302,,,,,,0.10523439843531264,,10.858332700603667,0.0759368754188213,,,,,,,,,
75.69308303484966,,,,,,0.10514247016803506,,10.863269666631167,0.0756865308673279,,,,,,,,,
75.79415683238824,,,,,,0.10505062220535806,,10.868208877352592,0.0754370116381056,,,,,,,,,
75.89536559486874,,,,,,0.10495885447713083,,10.873150333788558,0.07518831501027648,,,,,,,,,
75.99670950251117,,,,,,0.10486716691326405,,10.878094036960112,0.07494043827193339,,,,,,,,,
76.09818873577639,,,,,,0.1047755594437296,,10.883039987888782,0.07469337872010932,,,,,,,,,
76.1998034753662,,,,,,0.10468403199856043,,10.88798818759656,0.07444713366074825,,,,,,,,,
76.30155390222363,,,,,,0.10459258450785075,,10.892938637105898,0.07420170040867581,,,,,,,,,
76.4034401975334,,,,,,0.10450121690175569,,10.897891337439715,0.07395707628757003,,,,,,,,,
76.5054625427221,,,,,,0.10440992911049153,,10.902846289621396,0.07371325862993207,,,,,,,,,
76.60762111945868,,,,,,0.10431872106433539,,10.90780349467479,0.07347024477705692,,,,,,,,,
76.70991610965449,,,,,,0.10422759269362547,,10.91276295362421,0.07322803207900527,,,,,,,,,
76.81234769546406,,,,,,0.10413654392876054,,10.917724667494443,0.07298661789457314,,,,,,,,,
76.91491605928482,,,,,,0.10404557470020052,,10.922688637310722,0.07274599959126472,,,,,,,,,
77.01762138375811,,,,,,0.10395468493846576,,10.927654864098779,0.0725061745452621,,,,,,,,,
77.12046385176885,,,,,,0.10386387457413751,,10.93262334888477,0.07226714014139829,,,,,,,,,
77.22344364644641,,,,,,0.10377314353785756,,10.937594092695365,0.07202889377312698,,,,,,,,,
77.3265609511645,,,,,,0.10368249176032833,,10.942567096557658,0.07179143284249562,,,,,,,,,
77.42981594954178,,,,,,0.10359191917231281,,10.947542361499234,0.07155475476011616,,,,,,,,,
77.53320882544212,,,,,,0.10350142570463436,,10.95251988854814,0.07131885694513719,,,,,,,,,
77.63673976297487,,,,,,0.1034110112881769,,10.95749967873289,0.07108373682521561,,,,,,,,,
77.74040894649521,,,,,,0.10332067585388463,,10.962481733082468,0.07084939183648878,,,,,,,,,
77.84421656060455,,,,,,0.10323041933276211,,10.96746605262632,0.07061581942354642,,,,,,,,,
77.94816279015076,,,,,,0.10314024165587414,,10.972452638394364,0.07038301703940274,,,,,,,,,
78.05224782022846,,,,,,0.1030501427543459,,10.977441491416986,0.07015098214546901,,,,,,,,,
78.15647183617965,,,,,,0.10296012255936246,,10.982432612725042,0.06991971221152499,,,,,,,,,
78.26083502359351,,,,,,0.10287018100216924,,10.987426003349853,0.06968920471569261,,,,,,,,,
78.3653375683074,,,,,,0.10278031801407157,,10.992421664323212,0.06945945714440718,,,,,,,,,
78.46997965640644,,,,,,0.10269053352643494,,10.997419596677378,0.06923046699239119,,,,,,,,,
78.57476147422462,,,,,,0.10260082747068457,,11.002419801445091,0.06900223176262574,,,,,,,,,
78.67968320834443,,,,,,0.10251119977830582,,11.007422279659536,0.06877474896632453,,,,,,,,,
78.78474504559766,,,,,,0.1024216503808438,,11.01242703235439,0.06854801612290587,,,,,,,,,
78.88994717306555,,,,,,0.1023321792099034,,11.017434060563794,0.068322030759966,,,,,,,,,
78.99528977807915,,,,,,0.10224278619714926,,11.022443365322353,0.06809679041325202,,,,,,,,,
79.10077304821968,,,,,,0.10215347127430577,,11.027454947665152,0.06787229262663501,,,,,,,,,
79.20639717131878,,,,,,0.10206423437315688,,11.03246880862774,0.06764853495208334,,,,,,,,,
79.312162335459,,,,,,0.10197507542554622,,11.03748494924614,0.06742551494963582,,,,,,,,,
79.41806872897385,,,,,,0.10188599436337692,,11.042503370556844,0.06720323018737553,,,,,,,,,
79.52411654044862,,,,,,0.10179699111861154,,11.047524073596813,0.06698167824140232,,,,,,,,,
79.63030595872006,,,,,,0.1017080656232722,,11.052547059403489,0.0667608566958078,,,,,,,,,
79.73663717287747,,,,,,0.10161921780944021,,11.057572329014773,0.06654076314264742,,,,,,,,,
79.84311037226225,,,,,,0.10153044760925649,,11.062599883469048,0.0663213951819158,,,,,,,,,
79.94972574646899,,,,,,0.1014417549549209,,11.067629723805162,0.06610275042151896,,,,,,,,,
80.05648348534515,,,,,,0.10131039774350421,,11.032147081434934,0.0659300616291961,,,,,,,,,
80.16338377899189,,,,,,0.10114120628625223,,10.960933269350154,0.06579803412434088,,,,,,,,,
80.2704268177641,,,,,,0.10097229738389926,,10.890179150831298,0.06566627100968349,,,,,,,,,
80.37761279227092,,,,,,0.10080367056457007,,10.819881758502113,0.06553477175577234,,,,,,,,,
80.48494189337602,,,,,,0.10063532535717735,,10.75003814414112,0.06540353583421606,,,,,,,,,
80.59241431219786,,,,,,0.10046726129142057,,10.68064537855795,0.06527256271768132,,,,,,,,,
80.70003024011022,,,,,,0.10029947789778458,,10.611700551470477,0.06514185187989092,,,,,,,,,
80.80778986874222,,,,,,0.10013197470753853,,10.543200771382901,0.06501140279562162,,,,,,,,,
80.91569338997914,,,,,,0.09996475125273392,,10.475143165464182,0.06488121494070166,,,,,,,,,
81.0237409959622,,,,,,0.09979780706620436,,10.407524879427951,0.0647512877920093,,,,,,,,,
81.13193287908948,,,,,,0.09963114168156299,,10.340343077412387,0.06462162082747003,,,,,,,,,
81.2402692320157,,,,,,0.09946475463320234,,10.273594941861676,0.06449221352605512,,,,,,,,,
81.34875024765302,,,,,,0.09929864545629233,,10.207277673407555,0.06436306536777911,,,,,,,,,
81.45737611917109,,,,,,0.09913281368677904,,10.141388490752036,0.06423417583369777,,,,,,,,,
81.56614703999757,,,,,,0.09896725886138374,,10.075924630550738,0.0641055444059061,,,,,,,,,
81.67506320381838,,,,,,0.09880198051760124,,10.010883347297005,0.06397717056753631,,,,,,,,,
81.78412480457806,,,,,,0.09863697819369881,,9.946261913206742,0.06384905380275553,,,,,,,,,
81.89333203648015,,,,,,0.09847225142871488,,9.88205761810402,0.06372119359676398,,,,,,,,,
82.0026850939875,,,,,,0.09830779976245757,,9.818267769307415,0.06359358943579273,,,,,,,,,
82.11218417182265,,,,,,0.09814362273550359,,9.754889691517064,0.06346624080710161,,,,,,,,,
82.22182946496801,,,,,,0.09797971988919711,,9.691920726702572,0.0633391471989775,,,,,,,,,
82.33162116866667,,,,,,0.09781609076564779,,9.629358233991272,0.06321230810073163,,,,,,,,,
82.44155947842204,,,,,,0.09765273490773052,,9.567199589557841,0.06308572300269828,,,,,,,,,
82.55164458999897,,,,,,0.09748965185908316,,9.505442186513866,0.062959391396232,,,,,,,,,
82.66187669942339,,,,,,0.09732684116410607,,9.444083434798863,0.06283331277370624,,,,,,,,,
82.77225600298317,,,,,,0.09716430236796018,,9.383120761071414,0.06270748662851076,,,,,,,,,
82.88278269722825,,,,,,0.09700203501656621,,9.322551608601337,0.06258191245504999,,,,,,,,,
82.993456978971,,,,,,0.09684003865660314,,9.262373437162452,0.06245658974874073,,,,,,,,,
83.10427904528663,,,,,,0.09667831283550693,,9.202583722926033,0.06233151800601021,,,,,,,,,
83.21524909351348,,,,,,0.09651685710146946,,9.143179958354969,0.06220669672429421,,,,,,,,,
83.32636732125344,,,,,,0.0963556710034371,,9.084159652098576,0.062082125402034734,,,,,,,,,
83.43763392637211,,,,,,0.09619475409110954,,9.025520328888222,0.061957803538678434,,,,,,,,,
83.54904910699959,,,,,,0.09603410591493829,,8.967259529433266,0.061833730634674004,,,,,,,,,
83.6606130615302,,,,,,0.09587372602612598,,8.909374810318264,0.061709906191470876,,,,,,,,,
83.7723259886235,,,,,,0.09571361397662428,,8.85186374390012,0.061586329711516466,,,,,,,,,
83.88418808720407,,,,,,0.09555376931913363,,8.79472391820665,0.06146300069825495,,,,,,,,,
83.99619955646232,,,,,,0.09539419160710094,,8.737952936835045,0.061339918656124516,,,,,,,,,
84.10836059585444,,,,,,0.0952348803947193,,8.681548418851726,0.061217083090555964,,,,,,,,,
84.2206714051031,,,,,,0.09507583523692614,,8.625507998692227,0.06109449350797045,,,,,,,,,
84.33313218419762,,,,,,0.09491705568940222,,8.569829326062099,0.06097214941577745,,,,,,,,,
84.44574313339437,,,,,,0.09475854130857017,,8.514510065838325,0.060850050322373,,,,,,,,,
84.55850445321713,,,,,,0.09460029165159357,,8.459547897971387,0.060728195737137496,,,,,,,,,
84.6714163444574,,,,,,0.09444230627637556,,8.404940517387955,0.06060658517043381,,,,,,,,,
84.78447900817491,,,,,,0.09428458474155739,,8.350685633894198,0.060485218133605384,,,,,,,,,
84.89769264569765,,,,,,0.09412712660651772,,8.29678097207984,0.060364094138974304,,,,,,,,,
85.01105745862276,,,,,,0.09396993143137072,,8.243224271222509,0.06024321269983901,,,,,,,,,
85.12457364881621,,,,,,0.09381299877696547,,8.190013285193219,0.06012257333047283,,,,,,,,,
85.2382414184139,,,,,,0.09365632820488415,,8.137145782361852,0.060002175546121514,,,,,,,,,
85.3520609698213,,,,,,0.09349991927744153,,8.084619545503887,0.05988201886300189,,,,,,,,,
85.46603250571447,,,,,,0.09334377155768277,,8.03243237170709,0.059762102798299195,,,,,,,,,
85.5801562290398,,,,,,0.09318788460938328,,7.980582072279424,0.05964242687016589,,,,,,,,,
85.69443234301491,,,,,,0.09303225799704673,,7.9290664726570395,0.05952299059771908,,,,,,,,,
85.80886105112866,,,,,,0.09287689128590405,,7.87788341231317,0.05940379350103903,,,,,,,,,
85.92344255714167,,,,,,0.09272178404191235,,7.827030744667508,0.05928483510116692,,,,,,,,,
86.03817706508663,,,,,,0.0925669358317536,,7.7765063369961736,0.059166114920103215,,,,,,,,,
86.15306477926872,,,,,,0.0924123462228333,,7.726308070342271,0.05904763248080547,,,,,,,,,
86.2681059042659,,,,,,0.0922580147832795,,7.676433839427003,0.05892938730718652,,,,,,,,,
86.38330064492918,,,,,,0.09210394108194166,,7.62688155256147,0.05881137892411279,,,,,,,,,
86.49864920638342,,,,,,0.0919501246883888,,7.577649131558747,0.05869360685740187,,,,,,,,,
86.61415179402701,,,,,,0.0917965651729093,,7.528734511646986,0.058576070633821246,,,,,,,,,
86.72980861353298,,,,,,0.09164326210650875,,7.48013564138255,0.058458769781085725,,,,,,,,,
86.84561987084864,,,,,,0.0914902150609096,,7.431850482564256,0.058341703827856244,,,,,,,,,
86.96158577219663,,,,,,0.09133742360854899,,7.383877010147599,0.05822487230373726,,,,,,,,,
87.0777065240747,,,,,,0.09118488732257864,,7.336213212160111,0.05810827473927554,,,,,,,,,
87.19398233325649,,,,,,0.09103260577686284,,7.288857089616765,0.05799191066595772,,,,,,,,,
87.3104134067917,,,,,,0.09088057854597752,,7.241806656436239,0.057875779616208725,,,,,,,,,
87.4269999520065,,,,,,0.09072880520520923,,7.195059939357602,0.05775988112338987,,,,,,,,,
87.54374217650394,,,,,,0.09057728533055365,,7.148614977857552,0.05764421472179682,,,,,,,,,
87.66064028816425,,,,,,0.09042601849871466,,7.102469824068198,0.05752877994665797,,,,,,,,,
87.77769449514528,,,,,,0.090275004287103,,7.056622542695348,0.057413576334132264,,,,,,,,,
87.89490500588272,,,,,,0.09012424227383535,,7.011071210937436,0.057298603421307756,,,,,,,,,
88.01227202909082,,,,,,0.0899737320377325,,6.965813918404678,0.057183860746199175,,,,,,,,,
88.12979577376221,,,,,,0.08982347315831919,,6.920848767039227,0.05706934784774675,,,,,,,,,
88.24747644916896,,,,,,0.08967346521582177,,6.876173871035287,0.056955064265813655,,,,,,,,,
88.36531426486225,,,,,,0.08952370779116814,,6.831787356760271,0.056841009541184734,,,,,,,,,
88.48330943067324,,,,,,0.08937420046598579,,6.787687362676054,0.05672718321556439,,,,,,,,,
88.60146215671328,,,,,,0.08922494282260103,,6.743872039260968,0.056613584831574706,,,,,,,,,
88.71977265337425,,,,,,0.08907593444403752,,6.700339548932235,0.056500213932753764,,,,,,,,,
88.83824113132897,,,,,,0.08892717491401547,,6.657088065968883,0.05638707006355368,,,,,,,,,
88.95686780153159,,,,,,0.08877866381695025,,6.614115776435187,0.05627415276933881,,,,,,,,,
89.07565287521798,,,,,,0.08863040073795109,,6.5714208781045755,0.05616146159638394,,,,,,,,,
89.1945965639059,,,,,,0.08848238526282046,,6.529001580384128,0.05604899609187261,,,,,,,,,
89.31369907939589,,,,,,0.08833461697805217,,6.486856104239298,0.055936755803894865,,,,,,,,,
89.43296063377089,,,,,,0.08818709547083088,,6.444982682119544,0.05582474028144598,,,,,,,,,
89.55238143939745,,,,,,0.0880398203290304,,6.403379557883949,0.055712949074424124,,,,,,,,,
89.67196170892532,,,,,,0.0878927911412132,,6.362044986727817,0.05560138173362912,,,,,,,,,
89.79170165528858,,,,,,0.08774600749662835,,6.320977235109245,0.055490037810760014,,,,,,,,,
89.91160149170527,,,,,,0.08759946898521132,,6.28017458067666,0.05537891685841387,,,,,,,,,
90.0316614316784,,,,,,0.08745317519758224,,6.239635312196408,0.0552680184300835,,,,,,,,,
90.15188168899599,,,,,,0.08730712572504483,,6.199357729481067,0.05515734208015598,,,,,,,,,
90.27226247773152,,,,,,0.08716132015958547,,6.159340143318123,0.05504688736391064,,,,,,,,,
90.39280401224433,,,,,,0.08701575809387192,,6.119580875399131,0.05493665383751751,,,,,,,,,
90.51350650718003,,,,,,0.08687043912125211,,6.080078258249322,0.05482664105803529,,,,,,,,,
90.63437017747086,,,,,,0.08672536283575313,,6.040830635157666,0.05471684858340967,,,,,,,,,
90.75539523833588,,,,,,0.08658052883208028,,6.001836360107447,0.054607275972471794,,,,,,,,,
90.87658190528188,,,,,,0.08643593670561522,,5.963093797707087,0.054497922784935926,,,,,,,,,
90.99793039410302,,,,,,0.08629158605241587,,5.924601323121764,0.054388788581398353,,,,,,,,,
91.11944092088201,,,,,,0.08614747646921432,,5.886357322005046,0.05427987292333497,,,,,,,,,
91.2411137019897,,,,,,0.08600360755341653,,5.8483601904314115,0.05417117537310015,,,,,,,,,
91.36294895408625,,,,,,0.08585997890310033,,5.810608334828751,0.054062695493924354,,,,,,,,,
91.48494689412081,,,,,,0.08571659011701524,,5.773100171911752,0.05395443284991297,,,,,,,,,
91.60710773933238,,,,,,0.08557344079458055,,5.735834128615341,0.05384638700604412,,,,,,,,,
91.72943170725004,,,,,,0.08543053053588472,,5.6988086420287765,0.053738557528167065,,,,,,,,,
91.8519190156933,,,,,,0.08528785894168399,,5.662022159330091,0.05363094398300059,,,,,,,,,
91.97456988277254,,,,,,0.08514542561340134,,5.6254731377209675,0.053523545938131,,,,,,,,,
92.0973845268894,,,,,,0.08500323015312541,,5.589160044362034,0.05341636296201066,,,,,,,,,
92.22036316673717,,,,,,0.08486127216360936,,5.553081356308562,0.05330939462395597,,,,,,,,,
92.343506021301,,,,,,0.08471955124826992,,5.517235560446669,0.053202640494146025,,,,,,,,,
92.46681330985878,,,,,,0.08457806701118574,,5.481621153429702,0.05309610014362034,,,,,,,,,
92.59028525198083,,,,,,0.08443681905709714,,5.4462366416154,0.052989773144277774,,,,,,,,,
92.71392206753102,,,,,,0.08429580699140406,,5.411080541003031,0.05288365906887417,,,,,,,,,
92.83772397666645,,,,,,0.0841550304201659,,5.376151377171366,0.052777757491021204,,,,,,,,,
92.96169119983857,,,,,,0.08401448895009954,,5.341447685216639,0.052672067985184146,,,,,,,,,
93.08582395779287,,,,,,0.08387418218857902,,5.3069680096913,0.05256659012668067,,,,,,,,,
93.21012247156979,,,,,,0.0837341097436338,,5.27271090454283,0.052461323491678785,,,,,,,,,
93.3345869625049,,,,,,0.08359427122394805,,5.238674933053168,0.05235626765719521,,,,,,,,,
93.45921765222928,,,,,,0.08345466623885953,,5.204858667778433,0.05225142220109372,,,,,,,,,
93.58401476267001,,,,,,0.0833152943983582,,5.171260690489066,0.052146786702083475,,,,,,,,,
93.70897851605045,,,,,,0.0831761553130856,,5.1378795921103455,0.05204236073971723,,,,,,,,,
93.83410913489081,,,,,,0.08303724859433327,,5.104713972663281,0.05193814389438974,,,,,,,,,
93.95940684200819,,,,,,0.08289857385404217,,5.071762441205964,0.0518341357473361,,,,,,,,,
94.0848718605176,,,,,,0.08276013070480102,,5.03902361577509,0.051730335880629766,,,,,,,,,
94.21050441383154,,,,,,0.08262191875984594,,5.006496123328192,0.05162674387718144,,,,,,,,,
94.33630472566128,,,,,,0.08248393763305842,,4.974178599685856,0.051523359320736734,,,,,,,,,
94.46227302001643,,,,,,0.08234618693896527,,4.942069689474691,0.0514201817958751,,,,,,,,,
94.58840952120593,,,,,,0.08220866629273685,,4.910168046070353,0.05131721088800769,,,,,,,,,
94.71471445383821,,,,,,0.0820713753101861,,4.878472331541133,0.05121444618337601,,,,,,,,,
94.8411880428216,,,,,,0.08193431360776773,,4.846981216591822,0.05111188726905005,,,,,,,,,
94.96783051336476,,,,,,0.08179748080257696,,4.815693380507974,0.05100953373292677,,,,,,,,,
95.09464209097708,,,,,,0.08166087651234832,,4.784607511100511,0.05090738516372835,,,,,,,,,
95.22162300146906,,,,,,0.08152450035545493,,4.753722304650687,0.050805441151000545,,,,,,,,,
95.34877347095275,,,,,,0.08138835195090717,,4.723036465855417,0.05070370128511113,,,,,,,,,
95.47609372584215,,,,,,0.08125243091835155,,4.6925487077729375,0.05060216515724809,,,,,,,,,
95.60358399285343,,,,,,0.08111673687807006,,4.662257751768894,0.050500832359418234,,,,,,,,,
95.73124449900581,,,,,,0.08098126945097857,,4.632162327462583,0.05039970248444514,,,,,,,,,
95.85907547162128,,,,,,0.08084602825862619,,4.602261172673857,0.05029877512596808,,,,,,,,,
95.98707713832576,,,,,,0.0807110129231939,,4.572553033369991,0.05019804987843975,,,,,,,,,
96.11524972704878,,,,,,0.0805762230674939,,4.543036663613276,0.05009752633712529,,,,,,,,,
96.24359346602441,,,,,,0.08044165831496802,,4.513710825508628,0.04999720409810011,,,,,,,,,
96.37210858379144,,,,,,0.08030731828968715,,4.484574289151737,0.04989708275824856,,,,,,,,,
96.50079530919385,,,,,,0.08017320261634996,,4.455625832577466,0.04979716191526229,,,,,,,,,
96.62965387138118,,,,,,0.08003931092028177,,4.4268642417086115,0.049697441167638516,,,,,,,,,
96.75868449980895,,,,,,0.07990564282743373,,4.398288310304979,0.04959792011467857,,,,,,,,,
96.88788742423915,,,,,,0.07977219796438163,,4.369896839912787,0.049498598356486054,,,,,,,,,
97.01726287474034,,,,,,0.07963897595832503,,4.341688639814459,0.04939947549396561,,,,,,,,,
97.14681108168867,,,,,,0.07950597643708572,,4.313662526978564,0.04930055112882077,,,,,,,,,
97.27653227576751,,,,,,0.07937319902910749,,4.285817326010364,0.04920182486355302,,,,,,,,,
97.40642668796863,,,,,,0.07924064336345417,,4.258151869102351,0.049103296301459536,,,,,,,,,
97.53649454959191,,,,,,0.07910830906980951,,4.230664995985431,0.04900496504663214,,,,,,,,,
97.66673609224644,,,,,,0.07897619577847535,,4.2033555538801055,0.04890683070395527,,,,,,,,,
97.79715154785022,,,,,,0.07884430312037123,,4.176222397448275,0.04880889287910479,,,,,,,,,
97.92774114863117,,,,,,0.0787126307270328,,4.149264388745092,0.04871115117854615,,,,,,,,,
98.05850512712725,,,,,,0.07858117823061128,,4.122480397171284,0.04861360520953282,,,,,,,,,
98.1894437161869,,,,,,0.07844994526387199,,4.095869299425734,0.048516254580104765,,,,,,,,,
98.32055714896953,,,,,,0.07831893146019372,,4.069429979458366,0.048419098899086944,,,,,,,,,
98.45184565894584,,,,,,0.07818813645356751,,4.043161328423338,0.048322137776087556,,,,,,,,,
98.58330947989838,,,,,,0.07805755987859546,,4.0170622446325295,0.04822537082149662,,,,,,,,,
98.71494884592164,,,,,,0.07792720137049022,,3.9911316335093856,0.0481287976464845,,,,,,,,,
98.84676399142309,,,,,,0.0777970605650733,,3.965368407542904,0.048032417862999874,,,,,,,,,
98.97875515112274,,,,,,0.07766713709877476,,3.939771486242174,0.04793623108376888,,,,,,,,,
99.1109225600545,,,,,,0.0775374306086314,,3.9143397960909,0.047840236922292875,,,,,,,,,
99.24326645356568,,,,,,0.07740794073228667,,3.8890722705025413,0.04774443499284747,,,,,,,,,
99.37578706731824,,,,,,0.07727866710798864,,3.863967849775423,0.04764882491048045,,,,,,,,,
99.50848463728852,,,,,,0.07714960937458998,,3.839025481048433,0.047553406291010694,,,,,,,,,
99.6413593997681,,,,,,0.07702076717154624,,3.8142441182567657,0.047458178751026266,,,,,,,,,
99.77441159136411,,,,,,0.0768921401389152,,3.7896227220880987,0.04736314190788314,,,,,,,,,
99.90764144899954,,,,,,0.07676372791735561,,3.7651602599389906,0.047268295379703465,,,,,,,,,
100.04104920991385,,,,,,0.07663553014812644,,3.7408557058715703,0.0471736387853741,,,,,,,,,
100.17463511166308,,,,,,0.07650754647308589,,3.7167080405705497,0.047079171744545276,,,,,,,,,
100.30839939212082,,,,,,0.07637977653468989,,3.692716251300382,0.0469848938776286,,,,,,,,,
100.4423422894779,,,,,,0.07625221997599192,,3.6688793318629185,0.04689080480579613,,,,,,,,,
100.57646404224361,,,,,,0.07612487644064127,,3.6451962825550646,0.046796904150978244,,,,,,,,,
100.71076488924534,,,,,,0.0759977455728825,,3.621666110127002,0.0467031915358627,,,,,,,,,
100.84524506962974,,,,,,0.07587082701755414,,3.598287827740383,0.046609666583892574,,,,,,,,,
100.97990482286245,,,,,,0.07574412042008813,,3.5750604549270917,0.04651632891926527,,,,,,,,,
101.11474438872925,,,,,,0.07561762542650814,,3.5519830175479763,0.046423178166930514,,,,,,,,,
101.2497640073358,,,,,,0.07549134168342934,,3.529054547752123,0.04633021395258921,,,,,,,,,
101.38496391910839,,,,,,0.07536526883805707,,3.5062740839362103,0.046237435902691894,,,,,,,,,
101.52034436479452,,,,,,0.07523940653818555,,3.4836406707041414,0.04614484364443697,,,,,,,,,
101.65590558546322,,,,,,0.07511375443219731,,3.4611533588270196,0.0460524368057694,,,,,,,,,
101.79164782250518,,,,,,0.07498831216906227,,3.4388112052033617,0.04596021501537934,,,,,,,,,
101.92757131763344,,,,,,0.07486307939833654,,3.416613272819519,0.04586817790270052,,,,,,,,,
102.06367631288398,,,,,,0.0747380557701613,,3.394558630710343,0.04577632509790858,,,,,,,,,
102.199963050616,,,,,,0.07461324093526198,,3.372646353920173,0.045684656231919765,,,,,,,,,
102.33643177351213,,,,,,0.07448863454494756,,3.3508755234640817,0.045593170936389586,,,,,,,,,
102.47308272457911,,,,,,0.07436423625110922,,3.3292452262892818,0.04550186884371103,,,,,,,,,
102.60991614714811,,,,,,0.0742400457062196,,3.307754555236862,0.045410749587013376,,,,,,,,,
102.74693228487541,,,,,,0.07411606256333146,,3.286402609003701,0.04531981280016042,,,,,,,,,
102.88413138174266,,,,,,0.07399228647607708,,3.265188492104693,0.04522905811774914,,,,,,,,,
103.02151368205709,,,,,,0.07386871709866732,,3.244111314835228,0.04513848517510841,,,,,,,,,
103.15907943045215,,,,,,0.07374535408589054,,3.223170193233843,0.04504809360829736,,,,,,,,,
103.29682887188815,,,,,,0.0736221970931114,,3.202364249045119,0.044957883054103795,,,,,,,,,
103.43476225165253,,,,,,0.07349924577627008,,3.1816926096828797,0.044867853150042845,,,,,,,,,
103.57287981536001,,,,,,0.0733764997918816,,3.161154408193627,0.044778003534355695,,,,,,,,,
103.71118180895334,,,,,,0.07325395879703457,,3.1407487832201513,0.04468833384600798,,,,,,,,,
103.84966847870385,,,,,,0.07313162244939019,,3.120474878965372,0.0445988437246881,,,,,,,,,
103.98834007121171,,,,,,0.07300949040718119,,3.100331845156481,0.044509532810806086,,,,,,,,,
104.1271968334062,,,,,,0.07288756232921138,,3.0803188370093126,0.04442040074549216,,,,,,,,,
104.26623901254644,,,,,,0.07276583787485427,,3.0604350151928674,0.04433144717059512,,,,,,,,,
104.40546685622154,,,,,,0.07264431670405232,,3.0406795457941405,0.044242671728681064,,,,,,,,,
104.5448806123515,,,,,,0.07252299847731562,,3.0210516002831045,0.04415407406303171,,,,,,,,,
104.68448052918738,,,,,,0.07240188285572136,,3.0015503554779928,0.044065653817643144,,,,,,,,,
104.82426685531145,,,,,,0.07228096950091288,,2.9821749935108013,0.04397741063722446,,,,,,,,,
104.96423983963798,,,,,,0.07216025807509846,,2.962924701792962,0.04388934416719629,,,,,,,,,
105.10439973141379,,,,,,0.07203974824105053,,2.9437986729812335,0.04380145405368911,,,,,,,,,
105.24474678021855,,,,,,0.07191943966210454,,2.924796104943868,0.043713739943542114,,,,,,,,,
105.38528123596497,,,,,,0.0717993320021584,,2.905916200727004,0.0436262014843018,,,,,,,,,
105.52600334889945,,,,,,0.0716794249256714,,2.88715816852121,0.0435388383242205,,,,,,,,,
105.66691336960282,,,,,,0.07155971809766289,,2.86852122162825,0.043451650112254776,,,,,,,,,
105.80801154899045,,,,,,0.07144021118371173,,2.850004578428117,0.04336463649806417,,,,,,,,,
105.94929813831257,,,,,,0.07132090384995544,,2.831607462346284,0.043277797132009944,,,,,,,,,
106.09077338915502,,,,,,0.07120179576308898,,2.8133291018210866,0.04319113166515344,,,,,,,,,
106.23243755343948,,,,,,0.07108288659036409,,2.7951687302714,0.04310463974925487,,,,,,,,,
106.37429088342424,,,,,,0.07096417599958797,,2.77712558606444,0.043018321036771584,,,,,,,,,
106.51633363170441,,,,,,0.07084566365912258,,2.7591989124838534,0.042932175180857,,,,,,,,,
106.6585660512122,,,,,,0.07072734923788397,,2.741387957698009,0.0428462018353592,,,,,,,,,
106.80098839521756,,,,,,0.07060923240534105,,2.7236919747284345,0.04276040065481944,,,,,,,,,
106.94360091732882,,,,,,0.07049131283151464,,2.706110221418468,0.04267477129447066,,,,,,,,,
107.08640387149303,,,,,,0.07037359018697652,,2.688641960402154,0.0425893134102362,,,,,,,,,
107.22939751199604,,,,,,0.07025606414284885,,2.67128645907335,0.04250402665872856,,,,,,,,,
107.3725820934633,,,,,,0.07013873437080308,,2.654042989554971,0.042418910697247875,,,,,,,,,
107.51595787086045,,,,,,0.07002160054305867,,2.6369108286684395,0.04233396518378043,,,,,,,,,
107.65952509949362,,,,,,0.06990466233238266,,2.61988925790338,0.042249189776997424,,,,,,,,,
107.80328403500961,,,,,,0.06978791941208863,,2.6029775633875136,0.04216458413625366,,,,,,,,,
107.94723493339671,,,,,,0.06967137145603564,,2.5861750358566775,0.04208014792158607,,,,,,,,,
108.09137805098494,,,,,,0.06955501813862755,,2.5694809706251047,0.04199588079371244,,,,,,,,,
108.23571364444678,,,,,,0.06943885913481186,,2.552894667555835,0.04191178241402984,,,,,,,,,
108.38024197079747,,,,,,0.06932289412007879,,2.5364154310313722,0.04182785244461341,,,,,,,,,
108.52496328739522,,,,,,0.06920712277046073,,2.52004256992454,0.04174409054821513,,,,,,,,,
108.6698778519419,,,,,,0.06909154476253118,,2.5037753975694703,0.041660496388262316,,,,,,,,,
108.81498592248373,,,,,,0.06897615977340343,,2.4876132317327775,0.041577069628856184,,,,,,,,,
108.96028775741146,,,,,,0.06886096748073019,,2.471555394584974,0.0414938099347706,,,,,,,,,
109.10578361546068,,,,,,0.06874596756270253,,2.4556012126720663,0.0414107169714508,,,,,,,,,
109.25147375571245,,,,,,0.06863115969804906,,2.4397500168872863,0.04132779040501205,,,,,,,,,
109.39735843759416,,,,,,0.06851654356603455,,2.424001142442991,0.041245029902238,,,,,,,,,
109.54343792087913,,,,,,0.06840211884645986,,2.40835392884287,0.04116243513057988,,,,,,,,,
109.689712465688,,,,,,0.06828788521966014,,2.392807719854147,0.04108000575815455,,,,,,,,,
109.83618233248845,,,,,,0.06817384236650477,,2.3773618634801394,0.04099774145374371,,,,,,,,,
109.98284778209594,,,,,,0.068059989968396,,2.3620157119328824,0.040915641886792316,,,,,,,,,
110.12970907567446,,,,,,0.06794632770726797,,2.3467686216059334,0.04083370672740717,,,,,,,,,
110.27676647473668,,,,,,0.06783285526558608,,2.3316199530474075,0.04075193564635568,,,,,,,,,
110.42402024114428,,,,,,0.06771957232634614,,2.316569070933179,0.040670328315064654,,,,,,,,,
110.5714706371086,,,,,,0.06760647857307336,,2.3016153440402154,0.04058888440561894,,,,,,,,,
110.71911792519136,,,,,,0.06749357368982128,,2.2867581452200794,0.040507603590759875,,,,,,,,,
110.86696236830483,,,,,,0.0673808573611712,,2.2719968513726516,0.04042648554388418,,,,,,,,,
111.01500422971218,,,,,,0.06726832927223118,,2.25733084342002,0.04034552993904271,,,,,,,,,
111.16324377302806,,,,,,0.06715598910863527,,2.2427595062804935,0.04026473645093905,,,,,,,,,
111.31168126221954,,,,,,0.06704383655654224,,2.2282822288427733,0.040184104754928035,,,,,,,,,
111.46031696160566,,,,,,0.06693187130263534,,2.2138984039403984,0.04010363452701484,,,,,,,,,
111.60915113585887,,,,,,0.06682009303412068,,2.1996074283261975,0.040023325443853223,,,,,,,,,
111.7581840500047,,,,,,0.06670850143872704,,2.185408702647062,0.03994317718274464,,,,,,,,,
111.9074159694226,,,,,,0.06659709620470473,,2.1713016314187796,0.03986318942163673,,,,,,,,,
112.05684715984658,,,,,,0.06648587702082441,,2.1572856230010364,0.03978336183912197,,,,,,,,,
112.2064778873655,,,,,,0.06637484357637664,,2.143360089572627,0.03970369411443645,,,,,,,,,
112.3563084184233,,,,,,0.066263995561171,,2.1295244471068226,0.039624185927458734,,,,,,,,,
112.50633901981969,,,,,,0.066153332665535,,2.1157781153468562,0.03954483695870844,,,,,,,,,
112.65656995871089,,,,,,0.06604285458031328,,2.102120517781565,0.039465646889344834,,,,,,,,,
112.80700150260988,,,,,,0.06593256099686672,,2.0885510816212336,0.03938661540116566,,,,,,,,,
112.95763391938655,,,,,,0.06582245160707177,,2.075069237773594,0.03930774217660602,,,,,,,,,
113.10846747726868,,,,,,0.06571252610331943,,2.0616744208199256,0.0392290268987369,,,,,,,,,
113.25950244484204,,,,,,0.0656027841785145,,2.0483660689913608,0.03915046925126394,,,,,,,,,
113.4107390910513,,,,,,0.06549322552607441,,2.035143624145297,0.03907206891852612,,,,,,,,,
113.56217768520025,,,,,,0.06538384983992866,,2.0220065317420093,0.03899382558549453,,,,,,,,,
113.71381849695209,,,,,,0.06527465681451804,,2.0089542408214096,0.03891573893777123,,,,,,,,,
113.86566179633002,,,,,,0.06516564614479362,,1.9959862039799257,0.03883780866158786,,,,,,,,,
114.01770785371811,,,,,,0.06505681752621575,,1.9831018773475166,0.038760034443804305,,,,,,,,,
114.16995693986145,,,,,,0.06494817065475336,,1.970300720564889,0.038682415971907504,,,,,,,,,
114.32240932586643,,,,,,0.06483970522688332,,1.9575821967608522,0.03860495293401034,,,,,,,,,
114.47506528320146,,,,,,0.06473142093958935,,1.944945772529781,0.038527645018850275,,,,,,,,,
114.62792508369766,,,,,,0.06462331749036113,,1.9323909179092282,0.038450491915787914,,,,,,,,,
114.78098899954915,,,,,,0.06451539457719344,,1.919917106357717,0.038373493314806,,,,,,,,,
114.93425730331326,,,,,,0.06440765189858563,,1.9075238147326763,0.03829664890650818,,,,,,,,,
115.08773026791138,,,,,,0.0643000891535405,,1.8952105232684728,0.038219958382117614,,,,,,,,,
115.24140816662926,,,,,,0.0641927060415636,,1.8829767155546322,0.03814342143347589,,,,,,,,,
115.39529127311775,,,,,,0.06408550226266209,,1.87082187851415,0.038067037753041544,,,,,,,,,
115.54937986139316,,,,,,0.06397847751734426,,1.8587455023819959,0.03799080703388898,,,,,,,,,
115.70367420583743,,,,,,0.06387163150661855,,1.8467470806837518,0.037914728969707386,,,,,,,,,
115.85817458119888,,,,,,0.06376496393199285,,1.8348261102143504,0.037838803254799304,,,,,,,,,
116.01288126259297,,,,,,0.06365847449547338,,1.8229820910169552,0.037763029584079365,,,,,,,,,
116.16779452550252,,,,,,0.06355216289956393,,1.81121452636201,0.037687407653073095,,,,,,,,,
116.32291464577793,,,,,,0.06344602884726537,,1.7995229227264247,0.037611937157915915,,,,,,,,,
116.47824189963798,,,,,,0.06334007204207454,,1.7879067897728584,0.03753661779535171,,,,,,,,,
116.63377656367054,,,,,,0.0632342921879832,,1.7763656403291388,0.03746144926273156,,,,,,,,,
116.78951891483275,,,,,,0.06312868898947761,,1.7648989903678465,0.03738643125801259,,,,,,,,,
116.94546923045142,,,,,,0.0630232621515376,,1.7535063589860345,0.0373115634797569,,,,,,,,,
117.10162778822372,,,,,,0.06291801137963568,,1.7421872683850321,0.037236845627130165,,,,,,,,,
117.25799486621757,,,,,,0.0628129363797362,,1.7309412438504241,0.037162277399900565,,,,,,,,,
117.41457074287239,,,,,,0.06270803685829453,,1.719767813732116,0.0370878584984374,,,,,,,,,
117.57135569699943,,,,,,0.06260331252225616,,1.7086665094245697,0.03701358862370993,,,,,,,,,
117.728350007782,,,,,,0.06249876307905623,,1.6976368653471687,0.03693946747728643,,,,,,,,,
117.88555395477619,,,,,,0.06239438823661845,,1.6866784189246744,0.03686549476133275,,,,,,,,,
118.04296781791163,,,,,,0.06229018770335409,,1.675790710567809,0.03679167017861106,,,,,,,,,
118.20059187749176,,,,,,0.06218616118816147,,1.6649732836539972,0.03671799343247877,,,,,,,,,
118.35842641419407,,,,,,0.06208230840042517,,1.6542256845082344,0.036644464226887434,,,,,,,,,
118.51647170907081,,,,,,0.06197862905001512,,1.6435474623840405,0.03657108226638145,,,,,,,,,
118.6747280435498,,,,,,0.061875122847285566,,1.6329381694445408,0.03649784725609677,,,,,,,,,
118.83319569943464,,,,,,0.061771789503074596,,1.6223973607437012,0.03642475890175984,,,,,,,,,
118.99187495890496,,,,,,0.06166862872870321,,1.6119245942076825,0.03635181690968646,,,,,,,,,
119.15076610451736,,,,,,0.06156564023597454,,1.6015194306162763,0.036279020986780534,,,,,,,,,
119.30986941920557,,,,,,0.061462823737173045,,1.5911814335845005,0.03620637084053295,,,,,,,,,
119.46918518628138,,,,,,0.06136017894506358,,1.580910169544274,0.03613386617902024,,,,,,,,,
119.62871368943492,,,,,,0.0612577055728906,,1.5707052077262482,0.03606150671090353,,,,,,,,,
119.78845521273486,,,,,,0.061155403334377675,,1.5605661201417582,0.03598929214542746,,,,,,,,,
119.9484100406292,,,,,,0.061053271943726464,,1.5504924815648555,0.03591722219241895,,,,,,,,,
120.108578457946,,,,,,0.06095131111561569,,1.5404838695144605,0.03584529656228584,,,,,,,,,
120.26896074989365,,,,,,0.06084952056520068,,1.530539864236658,0.03577351496601597,,,,,,,,,
120.42955720206118,,,,,,0.06074790000811258,,1.5206600486871107,0.035701877115175945,,,,,,,,,
120.59036810041893,,,,,,0.06064644916045733,,1.5108440085135502,0.03563038272191004,,,,,,,,,
120.75139373131934,,,,,,0.060545167738815006,,1.5010913320383863,0.03555903149893885,,,,,,,,,
120.91263438149726,,,,,,0.060444055460238864,,1.4914016102414567,0.035487823159558264,,,,,,,,,
121.0740903380701,,,,,,0.06034311204225492,,1.481774436742887,0.03541675741763839,,,,,,,,,
121.2357618885389,,,,,,0.060242337202860825,,1.4722094077860255,0.03534583398762228,,,,,,,,,
121.39764932078836,,,,,,0.060141730660525285,,1.462706122220525,0.03527505258452491,,,,,,,,,
121.55975292308791,,,,,,0.060041292134186935,,1.4532641814854963,0.03520441292393178,,,,,,,,,
121.72207298409191,,,,,,0.059941021343253915,,1.4438831895928077,0.035133914721998005,,,,,,,,,
121.88460979283988,,,,,,0.05984091800760304,,1.4345627531104925,0.03506355769544719,,,,,,,,,
122.04736363875732,,,,,,0.05974098184757896,,1.4253024811462331,0.03499334156157017,,,,,,,,,
122.21033481165645,,,,,,0.05964121258399318,,1.4161019853309547,0.03492326603822388,,,,,,,,,
122.37352360173648,,,,,,0.05954160993812347,,1.4069608798025497,0.034853330843830216,,,,,,,,,
122.53693029958387,,,,,,0.059442173631713245,,1.3978787811897109,0.03478353569737507,,,,,,,,,
122.70055519617313,,,,,,0.05934290338697059,,1.3888553085958377,0.03471388031840707,,,,,,,,,
122.86439858286751,,,,,,0.05924379892656741,,1.379890083583048,0.03464436442703634,,,,,,,,,
123.02846075141937,,,,,,0.0591448599736387,,1.3709827301563213,0.034574987743933513,,,,,,,,,
123.19274199397037,,,,,,0.059046086251781996,,1.362132874747743,0.03450574999032869,,,,,,,,,
123.35724260305241,,,,,,0.05894747748505636,,1.3533401462008168,0.034436650888010165,,,,,,,,,
123.52196287158787,,,,,,0.058849033397981795,,1.3446041757549114,0.0343676901593234,,,,,,,,,
123.68690309289056,,,,,,0.058750753715538125,,1.3359245970297762,0.034298867527169784,,,,,,,,,
123.85206356066591,,,,,,0.05865263816316459,,1.3273010460101886,0.03423018271500561,,,,,,,,,
124.0174445690113,,,,,,0.05855468646675898,,1.3187331610306998,0.034161635446841046,,,,,,,,,
124.18304641241684,,,,,,0.0584568983526769,,1.3102205827604545,0.03409322544723896,,,,,,,,,
124.34886938576612,,,,,,0.05835927354773086,,1.3017629541881075,0.034024952441313684,,,,,,,,,
124.51491378433647,,,,,,0.05826181177918948,,1.2933599206068642,0.03395681615473001,,,,,,,,,
124.68117990379929,,,,,,0.058164512774777084,,1.2850111295996163,0.033888816313702205,,,,,,,,,
124.84766804022075,,,,,,0.05806737626267271,,1.2767162310241507,0.03382095264499283,,,,,,,,,
125.01437849006267,,,,,,0.0579704019715091,,1.2684748769984497,0.03375322487591145,,,,,,,,,
125.18131155018267,,,,,,0.05787358963037231,,1.2602867218861165,0.03368563273431375,,,,,,,,,
125.34846751783458,,,,,,0.05777693896880092,,1.252151422281889,0.03361817594860049,,,,,,,,,
125.51584669066924,,,,,,0.05768044971678514,,1.2440686369972218,0.03355085424771626,,,,,,,,,
125.68344936673482,,,,,,0.057584121604766086,,1.2360380270459874,0.03348366736114851,,,,,,,,,
125.85127584447777,,,,,,0.057487954363635047,,1.228059255630241,0.03341661501892628,,,,,,,,,
126.01932642274302,,,,,,0.057391947724732606,,1.2201319881261095,0.03334969695161927,,,,,,,,,
126.18760140077431,,,,,,0.05729610141984822,,1.2122558920697675,0.03328291289033678,,,,,,,,,
126.35610107821496,,,,,,0.05720041518121926,,1.2044306371434832,0.03321626256672663,,,,,,,,,
126.52482575510867,,,,,,0.05710488874153015,,1.196655895161753,0.03314974571297389,,,,,,,,,
126.69377573189978,,,,,,0.05700952183391167,,1.1889313400575492,0.03308336206179992,,,,,,,,,
126.86295130943356,,,,,,0.05691431419194048,,1.1812566478686573,0.03301711134646145,,,,,,,,,
127.03235278895703,,,,,,0.05681926554963816,,1.1736314967240766,0.03295099330074938,,,,,,,,,
127.20198047211981,,,,,,0.05672437564147026,,1.1660555668305053,0.032885007658987525,,,,,,,,,
127.37183466097383,,,,,,0.05662964420234608,,1.1585285404589674,0.032819154156031954,,,,,,,,,
127.54191565797488,,,,,,0.05653507096761732,,1.1510501019314419,0.03275343252726947,,,,,,,,,
127.7122237659822,,,,,,0.056440655673077884,,1.1436199376076643,0.03268784250861694,,,,,,,,,
127.88275928825946,,,,,,0.05634639805496291,,1.136237735871955,0.03262238383652007,,,,,,,,,
128.05352252847555,,,,,,0.0562522978499479,,1.128903187120139,0.032557056247952264,,,,,,,,,
128.22451379070483,,,,,,0.05615835479514808,,1.1216159837465727,0.032491859480413575,,,,,,,,,
128.39573337942744,,,,,,0.05606456862811787,,1.1143758201312544,0.03242679327192989,,,,,,,,,
128.56718159953013,,,,,,0.05597093908684999,,1.107182392626996,0.032361857361051696,,,,,,,,,
128.73885875630697,,,,,,0.05587746590977452,,1.100035399546676,0.032297051486852926,,,,,,,,,
128.91076515545973,,,,,,0.05578414883575846,,1.0929345411506,0.03223237538893004,,,,,,,,,
129.08290110309812,,,,,,0.05569098760410502,,1.085879519633939,0.032167828807401065,,,,,,,,,
129.25526690574063,,,,,,0.05559798195455269,,1.078870039114229,0.03210341148290445,,,,,,,,,
129.42786287031535,,,,,,0.05550513162727453,,1.0719058056189468,0.032039123156597876,,,,,,,,,
129.6006893041598,,,,,,0.05541243636287775,,1.0649865270732175,0.03197496357015758,,,,,,,,,
129.77374651502237,,,,,,0.05531989590240242,,1.058111913287523,0.031910932465776864,,,,,,,,,
129.94703481106194,,,,,,0.05522750998732136,,1.051281675945568,0.031847029586165476,,,,,,,,,
130.12055450084898,,,,,,0.055135278359539124,,1.0444955285921744,0.0317832546745484,,,,,,,,,
130.29430589336621,,,,,,0.0550432007613911,,1.0377531866212537,0.03171960747466471,,,,,,,,,
130.4682892980089,,,,,,0.05495127693564307,,1.031054367263885,0.03165608773076666,,,,,,,,,
130.64250502458526,,,,,,0.05485950662549049,,1.0243987895764635,0.03159269518761876,,,,,,,,,
130.81695338331716,,,,,,0.0547678895745577,,1.017786174428909,0.0315294295904966,,,,,,,,,
130.991634684841,,,,,,0.054676425526897054,,1.0112162444929484,0.03146629068518581,,,,,,,,,
131.16654924020793,,,,,,0.05458511422698833,,1.0046887242304958,0.03140327821798108,,,,,,,,,
131.3416973608842,,,,,,0.05449395541973819,,0.9982033398821056,0.03134039193568525,,,,,,,,,
131.51707935875206,,,,,,0.05440294885047932,,0.9917598194554825,0.031277631585608166,,,,,,,,,
131.69269554611043,,,,,,0.05431209426496949,,0.9853578927140582,0.0312149969155656,,,,,,,,,
131.86854623567487,,,,,,0.05422139140939135,,0.9789972911656931,0.03115248767387851,,,,,,,,,
132.044631740579,,,,,,0.0541308400303511,,0.9726777480513766,0.03109010360937165,,,,,,,,,
132.22095237437415,,,,,,0.05404043987487841,,0.9663989983340737,0.031027844471372912,,,,,,,,,
132.39750845103035,,,,,0.5000328553290303,0.05395271607223728,,0.9600495462867202,0.030970224656947598,,,,,,,,,
132.57430028493715,,,,,0.4990072693061192,0.05386718006208304,,0.9536521803126163,0.03091636787876789,,,,,,,,,
132.75132819090393,,,,,0.4979837867983649,0.053781779659726935,,0.9472974436919248,0.03086260475675589,,,,,,,,,
132.9285924841601,,,,,0.49696240349138,0.05369651465017799,,0.9409850523605872,0.030808935128044907,,,,,,,,,
133.10609348035612,,,,,0.4959431150796262,0.05361138481878608,,0.9347147241474284,0.030755358830051475,,,,,,,,,
133.28383149556404,,,,,0.49492591726639473,0.05352638995124126,,0.9284861787615335,0.03070187570047476,,,,,,,,,
133.46180684627817,,,,,0.49391080576378915,0.053441529833573344,,0.9222991377797285,0.030648485577296176,,,,,,,,,
133.64001984941495,,,,,0.4928977762927094,0.053356804252151536,,0.9161533246341435,0.03059518829877898,,,,,,,,,
133.8184708223143,,,,,0.49188682458283134,0.053272212993683614,,0.9100484645998357,0.03054198370346761,,,,,,,,,
133.99716008273973,,,,,0.49087794637259,0.053187755845215574,,0.9039842847825186,0.030488871630187347,,,,,,,,,
134.17608794887926,,,,,0.48987113740915955,0.05310343259413093,,0.8979605141063485,0.030435851918043662,,,,,,,,,
134.3552547393458,,,,,0.4888663934484369,0.05301924302815024,,0.8919768833018176,0.030382924406421808,,,,,,,,,
134.53466077317756,,,,,0.48786371025502534,0.05293518693533079,,0.8860331248937257,0.030330088934986444,,,,,,,,,
134.7143063698386,,,,,0.4868630836022151,0.05285126410406582,,0.8801289731892143,0.030277345343681046,,,,,,,,,
134.89419184921994,,,,,0.4858645092719639,0.05276747432308394,,0.8742641642658818,0.030224693472727337,,,,,,,,,
135.0743175316397,,,,,0.48486798305488094,0.052683817381448735,,0.8684384359599943,0.030172133162624883,,,,,,,,,
135.2546837378435,,,,,0.4838735007502106,0.05260029306855826,,0.862651527854775,0.030119664254150722,,,,,,,,,
135.43529078900522,,,,,0.482881058165813,0.05251690117414456,,0.8569031812687555,0.030067286588358777,,,,,,,,,
135.61613900672788,,,,,0.48189065111814516,0.05243364148827283,,0.8511931392442026,0.030015000006579275,,,,,,,,,
135.79722871304395,,,,,0.48090227543224473,0.05235051380134113,,0.8455211465356416,0.0299628043504184,,,,,,,,,
135.97856023041567,,,,,0.47991592694171353,0.05226751790407992,,0.8398869495984544,0.0299106994617578,,,,,,,,,
136.16013388173596,,,,,0.47893160148869846,0.05218465358755137,,0.8342902965775337,0.029858685182754117,,,,,,,,,
136.34194999032874,,,,,0.47794929492387483,0.052101920643149016,,0.8287309372960325,0.02980676135583849,,,,,,,,,
136.52400887995006,,,,,0.4769690031064271,0.052019318862596926,,0.8232086232441685,0.02975492782371599,,,,,,,,,
136.70631087478813,,,,,0.4759907219040324,0.05193684803794941,,0.817723107568124,0.029703184429365218,,,,,,,,,
136.8888562994639,,,,,0.4750144471928452,0.05185450796159054,,0.81227414505902,0.029651531016037916,,,,,,,,,
137.0716454790317,,,,,0.4740401748574779,0.05177229842623355,,0.8068614921419455,0.029599967427258417,,,,,,,,,
137.2546787389803,,,,,0.47306790079098243,0.0516902192249202,,0.8014849068650622,0.029548493506823075,,,,,,,,,
137.43795640523297,,,,,0.472097620894834,0.05160827015102034,,0.7961441488887975,0.029497109098799868,,,,,,,,,
137.62147880414798,,,,,0.4711293310789157,0.05152645099823157,,0.7908389794751077,0.029445814047528055,,,,,,,,,
137.80524626251938,,,,,0.47016302726149956,0.0514447615605785,,0.7855691614767999,0.02939460819761754,,,,,,,,,
137.98925910757788,,,,,0.4691987053692278,0.051363201632412196,,0.7803344593269214,0.029343491393948377,,,,,,,,,
138.1735176669911,,,,,0.46823636133709745,0.051281771008409784,,0.775134639028239,0.02929246348167043,,,,,,,,,
138.358022268864,,,,,0.46727599110844437,0.05120046948357396,,0.7699694681427862,0.029241524306202842,,,,,,,,,
138.54277324173975,,,,,0.46631759063492406,0.05111929685323245,,0.7648387157814616,0.029190673713233577,,,,,,,,,
138.72777091460003,,,,,0.465361155876496,0.05103825291303746,,0.759742152593715,0.029139911548718984,,,,,,,,,
138.91301561686623,,,,,0.46440668280140457,0.05095733745896505,,0.7546795507572845,0.0290892376588832,,,,,,,,,
139.0985076783995,,,,,0.46345416738616346,0.05087655028731478,,0.7496506839680194,0.02903865189021777,,,,,,,,,
139.28424742950122,,,,,0.46250360561554,0.0507958911947092,,0.7446553274297725,0.028988154089481303,,,,,,,,,
139.47023520091383,,,,,0.461554993482537,0.05071535997809339,,0.7396932578443434,0.028937744103698843,,,,,,,,,
139.65647132382173,,,,,0.4606083269883744,0.05063495643473416,,0.7347642534014892,0.028887421780161387,,,,,,,,,
139.84295612985147,,,,,0.45966360214247354,0.05055468036221976,,0.7298680937690172,0.02883718696642555,,,,,,,,,
140.02968995107219,,,,,0.4587208149624423,0.050474531558459435,,0.7250045600829431,0.02878703951031304,,,,,,,,,
140.21667311999647,,,,,0.45777996147405653,0.05039450982168284,,0.7201734349377004,0.02873697925991025,,,,,,,,,
140.40390596958113,,,,,0.45684103771124185,0.05031461495043939,,0.7153745023764135,0.028687006063567656,,,,,,,,,
140.59138883322763,,,,,0.45590403971605836,0.05023484674359787,,0.7106075478812536,0.02863711976989945,,,,,,,,,
140.7791220447823,,,,,0.4549689635386857,0.05015520500034611,,0.7058723583638546,0.02858732022778316,,,,,,,,,
140.9671059385375,,,,,0.45403580523740383,0.05007568952019018,,0.7011687221557791,0.028537607286359096,,,,,,,,,
141.15534084923164,,,,,0.45310456087857826,0.049996300102954076,,0.6964964289990615,0.02848798079502989,,,,,,,,,
141.3438271120506,,,,,0.45217522653664083,0.04991703654877906,,0.6918552700368003,0.028438440603460065,,,,,,,,,
141.53256506262773,,,,,0.451247798294075,0.04983789865812322,,0.6872450378038282,0.028388986561575527,,,,,,,,,
141.72155503704428,,,,,0.4503222722414008,0.04975888623176117,,0.6826655262174458,0.028339618519563216,,,,,,,,,
141.91079737183028,,,,,0.4493986444771564,0.0496799990707833,,0.6781165305682015,0.028290336327870647,,,,,,,,,
142.10029240396545,,,,,0.44847691110788074,0.04960123697659528,,0.6735978475107348,0.02824113983720529,,,,,,,,,
142.29004047087943,,,,,0.44755706824809866,0.0495225997509176,,0.669109275054693,0.028192028898534244,,,,,,,,,
142.48004191045217,,,,,0.4466391120203052,0.04944408719578522,,0.6646506125557088,0.028143003363083858,,,,,,,,,
142.6702970610148,,,,,0.4457230385549486,0.049365699113547,,0.6602216607064244,0.02809406308233919,,,,,,,,,
142.86080626135052,,,,,0.4448088439904123,0.049287435306864996,,0.6558222215275759,0.028045207908043487,,,,,,,,,
143.05156985069488,,,,,0.44389652447299993,0.04920929557871407,,0.6514520983591493,0.027996437692197805,,,,,,,,,
143.24258816873615,,,,,0.44298607615692065,0.049131279732381676,,0.6471110958515977,0.027947752287060666,,,,,,,,,
143.43386155561635,,,,,0.44207749520427075,0.04905338757146697,,0.642799019957097,0.027899151545147438,,,,,,,,,
143.62539035193151,,,,,0.4411707777850191,0.04897561889988063,,0.6385156779208802,0.02785063531923004,,,,,,,,,
143.8171748987328,,,,,0.44026592007698834,0.048897973521844044,,0.6342608782726097,0.027802203462336316,,,,,,,,,
144.00921553752673,,,,,0.43936291826584084,0.04882045124188893,,0.6300344308178263,0.0277538558277497,,,,,,,,,
144.2015126102756,,,,,0.43846176854506363,0.04874305186485715,,0.6258361466294525,0.027705592269008848,,,,,,,,,
144.39406645939837,,,,,0.4375624671159511,0.04866577519589985,,0.6216658380393417,0.027657412639907102,,,,,,,,,
144.58687742777138,,,,,0.43666501018758724,0.04858862104047703,,0.6175233186298821,0.02760931679449198,,,,,,,,,
144.77994585872898,,,,,0.4357693939768318,0.0485115892043571,,0.6134084032256706,0.027561304587064805,,,,,,,,,
144.97327209606357,,,,,0.4348756147083049,0.04843467949361648,,0.6093209078852412,0.027513375872180352,,,,,,,,,
145.16685648402668,,,,,0.4339836686143704,0.04835789171463912,,0.6052606498928366,0.02746553050464633,,,,,,,,,
145.3606993673298,,,,,0.433093551935118,0.048281225674115726,,0.6012274477502338,0.027417768339522836,,,,,,,,,
145.55480109114472,,,,,0.4322052609183496,0.04820468117904352,,0.5972211211686379,0.027370089232122034,,,,,,,,,
145.74916200110385,,,,,0.4313187918195638,0.04812825803672581,,0.5932414910606286,0.02732249303800778,,,,,,,,,
145.94378244330127,,,,,0.43043414090193904,0.048051956054771326,,0.5892883795321457,0.02727497961299503,,,,,,,,,
146.13866276429306,,,,,0.42955130443631867,0.04797577504109392,,0.5853616098745432,0.027227548813149552,,,,,,,,,
146.3338033110983,,,,,0.4286702787011934,0.04789971480391182,,0.5814610065566811,0.02718020049478732,,,,,,,,,
146.52920443119956,,,,,0.4277910599826867,0.04782377515174732,,0.5775863952170849,0.027132934514474173,,,,,,,,,
146.72486647254303,,,,,0.4269136445745408,0.04774795589342639,,0.5737376026561576,0.02708575072902546,,,,,,,,,
146.92078978353953,,,,,0.4260380287780997,0.04767225683807807,,0.5699144568284314,0.027038648995505527,,,,,,,,,
147.11697471306542,,,,,0.425164208902292,0.04759667779513391,,0.5661167868348714,0.0269916291712272,,,,,,,,,
147.3134216104629,,,,,0.42429218126361695,0.04752121857432757,,0.5623444229152413,0.02694469111375144,,,,,,,,,
147.51013082554041,,,,,0.42342194218612994,0.04744587898569451,,0.5585971964405222,0.026897834680887,,,,,,,,,
147.70710270857344,,,,,0.4225534880014261,0.047370658839571304,,0.5548749399053671,0.026851059730689856,,,,,,,,,
147.90433761030553,,,,,0.421686815048623,0.04729555794659514,,0.551177486920609,0.02680436612146278,,,,,,,,,
148.10183588194852,,,,,0.42082191967434707,0.04722057611770339,,0.547504672205828,0.026757753711754984,,,,,,,,,
148.299597875183,,,,,0.41995879823271914,0.04714571316413328,,0.5438563315819691,0.02671122236036166,,,,,,,,,
148.4976239421593,,,,,0.4190974470853373,0.0470709688974213,,0.5402323019639946,0.026664771926323577,,,,,,,,,
148.69591443549774,,,,,0.4182378626012626,0.04699634312940271,,0.5366324213535995,0.02661840226892665,,,,,,,,,
148.89446970828993,,,,,0.4173800411570021,0.04692183567221099,,0.5330565288319615,0.026572113247701413,,,,,,,,,
149.09329011409892,,,,,0.4165239791364949,0.0468474463382775,,0.5295044645525545,0.026525904722422673,,,,,,,,,
149.2923760069595,,,,,0.4156696729310979,0.04677317494033101,,0.5259760697340067,0.026479776553109183,,,,,,,,,
149.49172774137932,,,,,0.41481711893956946,0.04669902129139727,,0.5224711866529993,0.026433728600023073,,,,,,,,,
149.69134567233965,,,,,0.413966313568053,0.04662498520479828,,0.5189896586372094,0.026387760723669464,,,,,,,,,
149.89123015529574,,,,,0.41311725323006315,0.04655106649415206,,0.515531330058313,0.026341872784796022,,,,,,,,,
150.09138154617727,,,,,0.41226993434647163,0.04647726497337216,,0.5120960463250325,0.026296064644392627,,,,,,,,,
150.29180020138912,,,,,0.41142435334549127,0.046403580456667176,,0.5086836538762218,0.026250336163690935,,,,,,,,,
150.49248647781258,,,,,0.4105805066626589,0.04633001275854009,,0.5052940001739938,0.02620468720416378,,,,,,,,,
150.69344073280485,,,,,0.40973839074082435,0.04625656169378823,,0.5019269336969201,0.026159117627525055,,,,,,,,,
150.8946633242009,,,,,0.4088980020301312,0.04618322707750227,,0.49858230393323655,0.026113627295728973,,,,,,,,,
151.09615461031316,,,,,0.4080593369880057,0.04611000872506621,,0.49525996137413425,0.026068216070969936,,,,,,,,,
151.29791494993242,,,,,0.40722239207914,0.046036906452156745,,0.4919597575070677,0.02602288381568194,,,,,,,,,
151.49994470232892,,,0.1970206271605392,,0.4065625894592841,0.0459604452730413,,0.4891834635773833,0.02598383495968105,,,,,,,,,
151.70224422725263,,,0.19686022522773314,,0.40608294557223346,0.045880565670945096,,0.4869334815346619,0.025951178381563526,,,,,,,,,
151.9048138849336,,,0.1966999538841979,,0.4056038675470313,0.04580082490020251,,0.48469384820478445,0.02591856284635196,,,,,,,,,
152.1076540360828,,,0.196539813023616,,0.4051253547161001,0.045721222719523676,,0.48246451598921386,0.025885988302463494,,,,,,,,,
152.31076504189338,,,0.19637980253975623,,0.4046474064126493,0.04564175888803797,,0.4802454375083374,0.025853454698380057,,,,,,,,,
152.5141472640406,,,0.1962199223264738,,0.4041700219706748,0.04556243316529335,,0.4780365656004633,0.025820961982648324,,,,,,,,,
152.71780106468245,,,0.19606017227771075,,0.4036932007249592,0.04548324531125588,,0.4758378533208216,0.025788510103879697,,,,,,,,,
152.9217268064605,,,0.19590055228749526,,0.40321694201106967,0.04540419508630871,,0.4736492539405632,0.025756099010750155,,,,,,,,,
153.125924852501,,,0.19574106224994148,,0.4027412451653562,0.04532528225125138,,0.4714707209457616,0.025723728652000108,,,,,,,,,
153.33039556641447,,,0.19558170205925038,,0.4022661095249534,0.045246506567299304,,0.4693022080364362,0.025691398976434493,,,,,,,,,
153.53513931229764,,,0.19542247160970844,,0.40179153442777615,0.04516786779608269,,0.4671436691255549,0.02565910993292248,,,,,,,,,
153.74015645473293,,,0.19526337079568856,,0.4013175192125217,0.04508936569964625,,0.4649950583380661,0.025626861470397576,,,,,,,,,
153.94544735878952,,,0.1951043995116498,,0.4008440632186672,0.045011000040448244,,0.46285633000991905,0.025594653537857497,,,,,,,,,
154.15101239002445,,,0.1949455576521367,,0.40037116578646886,0.044932770581359645,,0.46072743868708976,0.02556248608436397,,,,,,,,,
154.35685191448292,,,0.19478684511177977,,0.39989882625696077,0.04485467708566359,,0.45860833912461857,0.02553035905904276,,,,,,,,,
154.5629662986985,,,0.1946282617852955,,0.39942704397195516,0.044776719317054695,,0.45649898628565155,0.025498272411083617,,,,,,,,,
154.76935590969433,,,0.19446980756748616,,0.39895581827404114,0.04469889703963835,,0.4543993353404802,0.025466226089740158,,,,,,,,,
154.9760211149838,,,0.19431148235323936,,0.3984851485065823,0.04462121001792975,,0.45230934166558545,0.02543422004432971,,,,,,,,,
155.18296228257122,,,0.1941532860375283,,0.398015034013717,0.0445436580168534,,0.45022896084269254,0.025402254224233315,,,,,,,,,
155.39017978095183,,,0.19399521851541196,,0.3975454741403582,0.04446624080174248,,0.4481581486578303,0.025370328578895675,,,,,,,,,
155.59767397911315,,,0.19383727968203457,,0.3970764682321913,0.044388958138337986,,0.4460968611003864,0.02533844305782501,,,,,,,,,
155.80544524653527,,,0.19367946943262593,,0.39660801563567377,0.04431180979278805,,0.44404505436217534,0.025306597610593007,,,,,,,,,
156.01349395319195,,,0.19352178766250083,,0.39614011569803376,0.044234795531647185,,0.44200268483650285,0.02527479218683472,,,,,,,,,
156.22182046955095,,,0.19336423426705937,,0.3956727677672691,0.044157915121875606,,0.43996970911724187,0.025243026736248463,,,,,,,,,
156.43042516657445,,,0.19320680914178687,,0.395205971192148,0.04408116833083867,,0.43794608399791374,0.025211301208595834,,,,,,,,,
156.63930841571994,,,0.19304951218225397,,0.39473972532220664,0.04400455492630609,,0.4359317664707661,0.02517961555370157,,,,,,,,,
156.8484705889413,,,0.19289234328411595,,0.39427402950774787,0.04392807467645103,,0.43392671372585634,0.02514796972145342,,,,,,,,,
157.057912058689,,,0.1927353023431131,,0.39380888309984124,0.0438517273498496,,0.43193088315014466,0.025116363661802112,,,,,,,,,
157.2676331979106,,,0.1925783892550707,,0.3933442854503224,0.043775512715480254,,0.42994423232659146,0.025084797324761328,,,,,,,,,
157.47763438005163,,,0.19242160391589905,,0.39288023591179183,0.04369943054272291,,0.4279667190332528,0.025053270660407558,,,,,,,,,
157.68791597905658,,,0.19226494622159282,,0.3924167338376128,0.04362348060135825,,0.42599830124238003,0.025021783618880022,,,,,,,,,
157.89847836936934,,,0.19210841606823137,,0.3919537785819118,0.04354766266156703,,0.4240389371195297,0.024990336150380578,,,,,,,,,
158.10932192593341,,,0.19195201335197898,,0.3914913694995778,0.043471976493929594,,0.4220885850226774,0.024958928205173717,,,,,,,,,
158.32044702419316,,,0.1917957379690842,,0.3910295059462605,0.04339642186942493,,0.4201472035013283,0.024927559733586426,,,,,,,,,
158.5318540400941,,,0.1916395898158803,,0.39056818727837017,0.043320998559430154,,0.4182147512956389,0.024896230686008144,,,,,,,,,
158.7435433500841,,,0.1914835687887847,,0.3901074128530756,0.04324570633571958,,0.4162911873355362,0.024864941012890603,,,,,,,,,
158.9555153311137,,,0.19132767478429905,,0.38964718202830406,0.04317054497046421,,0.4143764707398474,0.024833690664747818,,,,,,,,,
159.16777036063644,,,0.19117190769900957,,0.38918749416274084,0.04309551423623108,,0.4124705608154343,0.02480247959215604,,,,,,,,,
159.3803088166099,,,0.19101626742958672,,0.38872834861582806,0.043020613905982566,,0.41057341705632516,0.024771307745753635,,,,,,,,,
159.59313107749665,,,0.19086075387278476,,0.38826974474776266,0.042945843753075495,,0.4086849991428511,0.024740175076240958,,,,,,,,,
159.80623752226467,,,0.19070536692544202,,0.3878116819194964,0.042871203551260596,,0.4068052669407924,0.024709081534380343,,,,,,,,,
160.0196285303876,,,0.19055010648448115,,0.3873541594927358,0.04279669307468197,,0.4049341805005279,0.02467802707099603,,,,,,,,,
160.23330448184583,,,0.19039497244690856,,0.3868971768299402,0.04272231209787618,,0.40307170005618337,0.024647011636974074,,,,,,,,,
160.44726575712747,,,0.1902399647098144,,0.3864407332943205,0.04264806039577163,,0.4012177860247835,0.024616035183262205,,,,,,,,,
160.6615127372287,,,0.19008508317037257,,0.38598482824983893,0.04257393774368786,,0.39937239900541344,0.024585097660869807,,,,,,,,,
160.87604580365405,,,0.18993032772584093,,0.38552946106120867,0.042499943917334956,,0.3975354997783842,0.024554199020867872,,,,,,,,,
161.09086533841776,,,0.18977569827356078,,0.38507463109389206,0.04242607869281286,,0.39570704930439526,0.02452333921438888,,,,,,,,,
161.30597172404396,,,0.18962119471095726,,0.3846203377141003,0.04235234184661068,,0.39388700872370697,0.02449251819262674,,,,,,,,,
161.52136534356785,,,0.18946681693553868,,0.3841665802887919,0.04227873315560585,,0.3920753393553112,0.024461735906836635,,,,,,,,,
161.73704658053617,,,0.1893125648448969,,0.38371335818567187,0.042205252397063624,,0.3902720026961115,0.024430992308335064,,,,,,,,,
161.95301581900748,,,0.18915843833670715,,0.3832606707731921,0.04213189934863645,,0.3884769604201081,0.02440028734849971,,,,,,,,,
162.16927344355312,,,0.18900443730872826,,0.3828085174205493,0.04205867378836324,,0.38669017437758013,0.024369620978769387,,,,,,,,,
162.38581983925832,,,0.1888505616588019,,0.3823568974976839,0.04198557549466857,,0.38491160659427226,0.02433899315064388,,,,,,,,,
162.60265539172255,,,0.18869681128485294,,0.3819058103752797,0.041912604246362097,,0.38314121927059047,0.02430840381568394,,,,,,,,,
162.81978048705977,,,0.18854318608488962,,0.3814552554247634,0.04183975982263803,,0.3813789747808013,0.024277852925511236,,,,,,,,,
163.0371955118996,,,0.18838968595700317,,0.38100523201830333,0.04176704200307436,,0.3796248356722296,0.024247340431808248,,,,,,,,,
163.2549008533882,,,0.18823631079936756,,0.38055573952880795,0.04169445056763202,,0.37787876466445974,0.02421686628631813,,,,,,,,,
163.47289689918873,,,0.18808306051023965,,0.3801067773299254,0.04162198529665442,,0.37614072464854603,0.024186430440844668,,,,,,,,,
163.69118403748163,,,0.18792993498795948,,0.3796583447960435,0.04154964597086677,,0.37441067868622663,0.024156032847252314,,,,,,,,,
163.90976265696594,,,0.18777693413094954,,0.3792104413022878,0.04147743237137541,,0.37268859000913485,0.02412567345746595,,,,,,,,,
164.1286331468594,,,0.18762405783771532,,0.3787630662245214,0.04140534427966715,,0.37097442201801994,0.024095352223470926,,,,,,,,,
164.3477958969,,,0.1874713060068446,,0.378316218939343,0.041333381477608434,,0.36926813828196553,0.02406506909731287,,,,,,,,,
164.56725129734605,,,0.1873186785370078,,0.37786989882408667,0.04126154374744485,,0.367569702537618,0.0240348240310977,,,,,,,,,
164.7869997389766,,,0.1871661753269579,,0.377424105256822,0.04118983087180058,,0.3658790786884182,0.024004616976991557,,,,,,,,,
165.0070416130926,,,0.18701379627553052,,0.3769788376163522,0.04111824263367754,,0.36419623080383196,0.023974447887220713,,,,,,,,,
165.2273773115178,,,0.18686154128164334,,0.3765340952822125,0.04104677881645473,,0.36252112311858375,0.02394431671407143,,,,,,,,,
165.4480072265992,,,0.18670941024429624,,0.37608987763467033,0.04097543920388763,,0.36085372003189914,0.023914223409889933,,,,,,,,,
165.6689317512073,,,0.18655740306257174,,0.3756461840547249,0.04090422358010766,,0.3591939861067507,0.02388416792708238,,,,,,,,,
165.89015127873725,,,0.18640551963563434,,0.3752030139241056,0.04083313172962144,,0.3575418860691025,0.02385415021811478,,,,,,,,,
166.1116662031098,,,0.1862537598627305,,0.3747603666252705,0.04076216343730998,,0.3558973848071575,0.023824170235512795,,,,,,,,,
166.3334769187718,,,0.18610212364318862,,0.3743182415414065,0.04069131848842817,,0.35426044737061446,0.023794227931861773,,,,,,,,,
166.55558382069634,,,0.1859506108764195,,0.37387663805642857,0.040620596668604285,,0.3526310389699271,0.023764323259806687,,,,,,,,,
166.7779873043842,,,0.18579922146191544,,0.37343555555497826,0.040549997763839045,,0.3510091249755612,0.02373445617205202,,,,,,,,,
167.00068776586406,,,0.1856479552992509,,0.37299499342242354,0.04047952156050523,,0.3493946709172612,0.0237046266213617,,,,,,,,,
167.22368560169377,,,0.18549681228808176,,0.37255495104485664,0.04040916784534676,,0.3477876424833137,0.023674834560558997,,,,,,,,,
167.4469812089607,,,0.18534579232814558,,0.37211542780909423,0.0403389364054782,,0.3461880055198208,0.023645079942526452,,,,,,,,,
167.67057498528212,,,0.18519489531926192,,0.37167642310267685,0.040268827028384226,,0.34459572602997673,0.02361536272020588,,,,,,,,,
167.89446732880626,,,0.18504412116133173,,0.37123793631386776,0.040198839501918875,,0.3430107701733429,0.023585682846598226,,,,,,,,,
168.1186586382133,,,0.1848934697543373,,0.37079996683165123,0.04012897361430477,,0.3414331042651261,0.023556040274763497,,,,,,,,,
168.3431493127158,,,0.18474294099834232,,0.3703625140457323,0.040059229154132625,,0.33986269477546505,0.023526434957820648,,,,,,,,,
168.56793975205912,,,0.18459253479349216,,0.36992557734653675,0.039989605910360645,,0.3382995083287206,0.023496866848947622,,,,,,,,,
168.79303035652228,,,0.18444225104001338,,0.3694891561252095,0.03992010367231389,,0.3367435117027633,0.023467335901381205,,,,,,,,,
169.01842152691924,,,0.18429208963821359,,0.36905324977361303,0.03985072222968343,,0.3351946718282655,0.023437842068416908,,,,,,,,,
169.2441136645991,,,0.18414205048848148,,0.3686178576843273,0.03978146137252586,,0.3336529557880008,0.02340838530340894,,,,,,,,,
169.47010717144659,,,0.1839921334912873,,0.36818297925064963,0.039712320891262774,,0.3321183308161467,0.023378965559770183,,,,,,,,,
169.69640244988327,,,0.18384233854718188,,0.36774861386659274,0.03964330057667998,,0.3305907642975849,0.02334958279097205,,,,,,,,,
169.9229999028678,,,0.18369266555679742,,0.3673147609268844,0.039574400219926885,,0.32907022376721007,0.023320236950544432,,,,,,,,,
170.14989993389736,,,0.18354311442084667,,0.3668814198269662,0.03950561961251584,,0.3275566769092369,0.023290927992075623,,,,,,,,,
170.37710294700784,,,0.18339368504012313,,0.3664485899629925,0.039436958546321524,,0.3260500915565153,0.023261655869212205,,,,,,,,,
170.6046093467744,,,0.18324437731550153,,0.366016270731831,0.03936841681358045,,0.32455043568984937,0.023232420535659083,,,,,,,,,
170.8324195383123,,,0.18309519114793701,,0.36558446153106083,0.03929999420689023,,0.3230576774373139,0.02320322194517934,,,,,,,,,
171.06053392727821,,,0.18294612643846536,,0.3651531617589713,0.039231690519208835,,0.3215717850735756,0.02317406005159412,,,,,,,,,
171.28895291987044,,,0.1827971830882028,,0.36472237081456144,0.03916350554385407,,0.3200927270192206,0.02314493480878262,,,,,,,,,
171.51767692282934,,,0.1826483609983464,,0.36429208809753993,0.039095439074503066,,0.3186204718400857,0.023115846170682026,,,,,,,,,
171.74670634343838,,,0.1824996600701735,,0.36386231300832395,0.03902749090519154,,0.3171549882465879,0.023086794091287433,,,,,,,,,
171.9760415895253,,,0.1823510802050417,,0.363433044948037,0.038959660830313075,,0.3156962450930575,0.023057778524651695,,,,,,,,,
172.2056830694623,,,0.18220262130438894,,0.3630042833185095,0.03889194864461859,,0.3142442113770781,0.02302879942488544,,,,,,,,,
172.43563119216668,,,0.1820542832697336,,0.36257602752227774,0.038824354143215854,,0.31279885623883,0.022999856746156983,,,,,,,,,
172.6658863671018,,,0.18190606600267403,,0.362148276962583,0.03875687712156869,,0.31136014896043107,0.022970950442692237,,,,,,,,,
172.89644900427766,,,0.18175796940488895,,0.36172103104337067,0.03868951737549642,,0.3099280589652862,0.022942080468774658,,,,,,,,,
173.12731951425215,,,0.1816099933781368,,0.3612942891692887,0.038622274701173145,,0.30850255581743385,0.022913246778745122,,,,,,,,,
173.35849830813132,,,0.181462137824256,,0.36086805074568745,0.038555148895127275,,0.30708360922090183,0.022884449327001875,,,,,,,,,
173.58998579756988,,,0.18131440264516527,,0.3604423151786196,0.038488139754240855,,0.30567118901906526,0.022855688068000535,,,,,,,,,
173.82178239477216,,,0.18116678774286293,,0.3600170818748383,0.038421247075749045,,0.30426526519400343,0.022826962956253957,,,,,,,,,
174.0538885124933,,,0.18101929301942707,,0.359592350241796,0.03835447065723926,,0.30286580786586026,0.022798273946332104,,,,,,,,,
174.28630456403963,,,0.18087191837701536,,0.35916811968764434,0.038287810296650696,,0.3014727872922106,0.022769620992862068,,,,,,,,,
174.51903096326893,,,0.1807246637178655,,0.35874438962123373,0.0382212657922739,,0.30008617386743086,0.022741004050527987,,,,,,,,,
174.75206812459172,,,0.18057752894429463,,0.35832115945211207,0.03815483694274991,,0.29870593812206747,0.022712423074070953,,,,,,,,,
174.9854164629723,,,0.18043051395869916,,0.35789842859052273,0.038088523547069625,,0.2973320507222073,0.02268387801828888,,,,,,,,,
175.21907639392845,,,0.18028361866355544,,0.3574761964474064,0.0380223254045735,,0.2959644824688619,0.022655368838036573,,,,,,,,,
175.4530483335335,,,0.1801368429614187,,0.35705446243439715,0.037956242314950525,,0.2946032042973382,0.022626895488225492,,,,,,,,,
175.68733269841582,,,0.17999018675492381,,0.35663322596382424,0.03789027407823797,,0.2932481872766282,0.022598457923823836,,,,,,,,,
175.92192990576007,,,0.1798436499467851,,0.3562124864487103,0.03782442049482068,,0.2918994026087914,0.02257005609985639,,,,,,,,,
176.15684037330837,,,0.17969723243979563,,0.3557922433027698,0.0377586813654303,,0.29055682162833985,0.022541689971404426,,,,,,,,,
176.3920645193607,,,0.17955093413682774,,0.3553724959404088,0.03769305649114482,,0.289220415801632,0.022513359493605653,,,,,,,,,
176.62760276277518,,,0.17940475494083313,,0.3549532437767248,0.03762754567338803,,0.28789015672626744,0.02248506462165425,,,,,,,,,
176.86345552296928,,,0.17925869475484232,,0.3545344862275057,0.037562148713928885,,0.2865660161304817,0.022456805310800673,,,,,,,,,
177.0996232199208,,,0.17911275348196473,,0.35411622270922755,0.03749686541488075,,0.2852479658725435,0.022428581516351576,,,,,,,,,
177.33610627416846,,,0.17896693102538852,,0.35369845263905497,0.037431695578700915,,0.283935977940158,0.022400393193669793,,,,,,,,,
177.57290510681207,,,0.17882122728838107,,0.35328117543484094,0.03736663900819011,,0.28263002444987445,0.022372240298174303,,,,,,,,,
177.8100201395138,,,0.1786756421742883,,0.35286439051512514,0.037301695506491796,,0.28133007764649065,0.022344122785340106,,,,,,,,,
178.04745179449938,,,0.17853017558653464,,0.3524480972991322,0.03723686487709143,,0.2800361099024606,0.022316040610698105,,,,,,,,,
178.2852004945576,,,0.17838482742862355,,0.35203229520677326,0.03717214692381618,,0.2787480937173143,0.022287993729835174,,,,,,,,,
178.52326666304265,,,0.17823959760413657,,0.3516169836586427,0.03710754145083399,,0.2774660017170651,0.022259982098393923,,,,,,,,,
178.7616507238733,,,0.1780944860167342,,0.35120216207601906,0.03704304826265331,,0.2761898066536349,0.022232005672072754,,,,,,,,,
179.00035310153453,,,0.17794949257015516,,0.350787829880864,0.036978667164122375,,0.2749194814042726,0.022204064406625798,,,,,,,,,
179.2393742210784,,,0.17780461716821647,,0.35037398649582024,0.036914397960428454,,0.2736549989709746,0.0221761582578627,,,,,,,,,
179.47871450812465,,,0.1776598597148134,,0.3499606313442118,0.03685024045709743,,0.2723963324799144,0.022148287181648667,,,,,,,,,
179.71837438886092,,,0.17751522011391976,,0.3495477638500435,0.03678619445999328,,0.2711434551808722,0.02212045113390441,,,,,,,,,
179.95835429004393,,,0.17737069826958746,,0.3491353834379998,0.03672225977531737,,0.26989634044666483,0.022092650070606047,,,,,,,,,
180.1986546390007,,,0.17722629408594628,,0.34872348953344334,0.03665843620960783,,0.2686549617725783,0.022064883947784972,,,,,,,,,
180.43927586362878,,,0.17708200746720415,,0.3483120815624145,0.036594723569738974,,0.2674192927758059,0.022037152721527852,,,,,,,,,
180.68021839239677,,,0.17693783831764714,,0.34790115895163154,0.03653112166292092,,0.2661893071948897,0.022009456347976575,,,,,,,,,
180.92148265434557,,,0.17679378654163913,,0.3474907211284887,0.036467630296698805,,0.2649649788891595,0.021981794783328134,,,,,,,,,
181.16306907908884,,,0.17664985204362205,,0.34708076752105615,0.03640424927895226,,0.2637462818381789,0.021954167983834587,,,,,,,,,
181.40497809681423,,,0.17650603472811527,,0.346671297558078,0.03634097841789472,,0.26253319014119003,0.021926575905802957,,,,,,,,,
181.64721013828384,,,0.17636233449971603,,0.3462623106689725,0.036277817522073055,,0.26132567801656437,0.02189901850559516,,,,,,,,,
181.88976563483465,,,0.1762187512630994,,0.3458538062838315,0.03621476640036683,,0.2601237198012572,0.021871495739627992,,,,,,,,,
182.1326450183795,,,0.17607528492301805,,0.34544578383341934,0.03615182486198788,,0.2589272899502599,0.021844007564373043,,,,,,,,,
182.37584872140846,,,0.17593193538430196,,0.34503824274917116,0.03608899271647951,,0.2577363630360552,0.021816553936356557,,,,,,,,,
182.61937717698902,,,0.17578870255185863,,0.34463118246319296,0.03602626977371601,,0.2565509137480792,0.021789134812159414,,,,,,,,,
182.8632308187666,,,0.17564558633067326,,0.34422460240826136,0.03596365584390225,,0.2553709168921846,0.02176175014841712,,,,,,,,,
183.1074100809657,,,0.17550258662580825,,0.34381850201782205,0.03590115073757294,,0.2541963473901037,0.021734399901819648,,,,,,,,,
183.35191539839104,,,0.17535970334240317,,0.3434128807259886,0.035838754265591966,,0.2530271802789138,0.021707084029111413,,,,,,,,,
183.59674720642784,,,0.17521693638567476,,0.34300773796754214,0.03577646623915202,,0.2518633907105079,0.021679802487091154,,,,,,,,,
183.84190594104237,,,0.1750742856609173,,0.3426030731779313,0.03571428646977392,,0.2507049539510693,0.021652555232611958,,,,,,,,,
184.08739203878332,,,0.17493175107350184,,0.3421988857932703,0.035652214769306086,,0.24955184538054223,0.021625342222581116,,,,,,,,,
184.33320593678198,,,0.17478933252887677,,0.34179517525033903,0.035590250949924004,,0.2484040404921111,0.02159816341396011,,,,,,,,,
184.5793480727538,,,0.17464702993256712,,0.34139194098658115,0.035528394824129464,,0.24726151489167686,0.021571018763764452,,,,,,,,,
184.82581888499874,,,0.17450484319017487,,0.3409891824401042,0.03546664620475016,,0.24612424429734006,0.021543908229063696,,,,,,,,,
185.07261881240157,,,0.17436277220737917,,0.3405868990496788,0.03540500490493915,,0.24499220453888698,0.021516831766981385,,,,,,,,,
185.3197482944332,,,0.17422081688993576,,0.3401850902547382,0.03534347073817428,,0.24386537155727375,0.021489789334694944,,,,,,,,,
185.56720777115166,,,0.17407897714367707,,0.339783755495376,0.03528204351825745,,0.2427437214041135,0.021462780889435575,,,,,,,,,
185.81499768320265,,,0.17393725287451206,,0.33938289421234646,0.035220723059314174,,0.24162723024116922,0.021435806388488257,,,,,,,,,
186.0631184718199,,,0.17379564398842665,,0.3389825058470642,0.03515950917579313,,0.24051587433984864,0.02140886578919167,,,,,,,,,
186.3115705788263,,,0.1736541503914832,,0.338582589841603,0.03509840168246547,,0.2394096300806985,0.02138195904893811,,,,,,,,,
186.56035444663502,,,0.17351277198982032,,0.33818314563869406,0.035037400394424184,,0.23830847395290036,0.021355086125173395,,,,,,,,,
186.80947051825015,,,0.1733715086896531,,0.337784172681726,0.03497650512708365,,0.2372123825537733,0.02132824697539681,,,,,,,,,
187.0589192372668,,,0.17323036039727316,,0.3373856704147449,0.034915715696179093,,0.23612133258827767,0.021301441557161113,,,,,,,,,
187.3087010478727,,,0.17308932701904836,,0.33698763828245226,0.03485503191776602,,0.23503530086851773,0.021274669828072378,,,,,,,,,
187.55881639484846,,,0.17294840846142284,,0.336590075730205,0.03479445360821963,,0.2339542643132505,0.021247931745789983,,,,,,,,,
187.809265723569,,,0.17280760463091668,,0.3361929822040139,0.03473398058423419,,0.23287819994739276,0.021221227268026468,,,,,,,,,
188.06004948000404,,,0.17266691543412607,,0.3357963571505432,0.03467361266282256,,0.23180708490153418,0.021194556352547553,,,,,,,,,
188.31116811071828,,,0.17252634077772358,,0.33540020001711063,0.034613349661315726,,0.23074089641145346,0.021167918957172047,,,,,,,,,
188.56262206287283,,,0.17238588056845758,,0.33500451025168576,0.03455319139736211,,0.22967961181763213,0.02114131503977178,,,,,,,,,
188.81441178422625,,,0.17224553471315224,,0.3346092873028892,0.034493137688927034,,0.2286232085647721,0.021114744558271496,,,,,,,,,
189.06653772313499,,,0.17210530311870756,,0.3342145306199916,0.034433188354292155,,0.22757166420131733,0.021088207470648813,,,,,,,,,
189.31900032855384,,,0.17196518569209962,,0.3338202396529143,0.034373343212055055,,0.2265249563789786,0.021061703734934198,,,,,,,,,
189.571800050037,,,0.17182518234038013,,0.33342641385222727,0.03431360208112863,,0.22548306285225694,0.02103523330921088,,,,,,,,,
189.8249373377395,,,0.17168529297067628,,0.33303305266914845,0.03425396478074037,,0.22444596147796902,0.02100879615161472,,,,,,,,,
190.07841264241733,,,0.171545517490191,,0.3326401555555429,0.034194431130431975,,0.2234136302147785,0.020982392220334177,,,,,,,,,
190.33222641542804,,,0.1714058558062028,,0.332247721963923,0.03413500095005887,,0.22238604712272877,0.020956021473610347,,,,,,,,,
190.5863791087321,,,0.17126630782606572,,0.3318557513474468,0.0340756740597895,,0.22136319036277455,0.020929683869736742,,,,,,,,,
190.84087117489324,,,0.1711268734572092,,0.3314642431599179,0.03401645028010495,,0.22034503819631934,0.020903379367059334,,,,,,,,,
191.09570306707997,,,0.17098755260713794,,0.33107319685578346,0.033957329431798196,,0.21933156898475084,0.020877107923976394,,,,,,,,,
191.35087523906583,,,0.17084834518343187,,0.3306826118901343,0.033898311335973666,,0.21832276118898297,0.020850869498938482,,,,,,,,,
191.60638814522994,,,0.17070925109374646,,0.3302924877187048,0.03383939581404683,,0.21731859336899934,0.020824664050448426,,,,,,,,,
191.86224224055823,,,0.17057027024581228,,0.3299028237978714,0.033780582687743504,,0.21631904418339606,0.020798491537061196,,,,,,,,,
192.11843798064442,,,0.17043140254743483,,0.3295136195846512,0.033721871779099265,,0.21532409238892697,0.020772351917383816,,,,,,,,,
192.37497582169073,,,0.17029264790649465,,0.329124874536702,0.03366326291045905,,0.21433371684005334,0.02074624515007533,,,,,,,,,
192.63185622050804,,,0.17015400623094762,,0.328736588112322,0.03360475590447655,,0.21334789648849603,0.020720171193846774,,,,,,,,,
192.88907963451732,,,0.1700154774288243,,0.32834875977044836,0.03354635058411377,,0.21236661038278698,0.02069413000746111,,,,,,,,,
193.14664652175065,,,0.16987706140823022,,0.32796138897065613,0.03348804677264027,,0.21138983766782185,0.020668121549733038,,,,,,,,,
193.40455734085182,,,0.1697387580773455,,0.3275744751731579,0.0334298442936328,,0.21041755758441885,0.02064214577952905,,,,,,,,,
193.66281255107654,,,0.16960056734442527,,0.32718801783880364,0.03337174297097482,,0.2094497494688787,0.020616202655767364,,,,,,,,,
193.92141261229403,,,0.16946248911779938,,0.32680201642907897,0.033313742628855794,,0.2084863927525433,0.020590292137417813,,,,,,,,,
194.1803579849874,,,0.1693245233058722,,0.3264164704061053,0.033255843091770855,,0.20752746696136024,0.02056441418350182,,,,,,,,,
194.43964913025502,,,0.1691866698171226,,0.3260313792326379,0.03319804418452004,,0.20657295171544512,0.020538568753092266,,,,,,,,,
194.69928650981097,,,0.16904892856010392,,0.325646742372066,0.03314034573220787,,0.20562282672865032,0.020512755805313466,,,,,,,,,
194.95927058598545,,,0.16891129944344427,,0.32526255928841225,0.03308274756024297,,0.2046770718081349,0.020486975299341154,,,,,,,,,
195.219601821726,,,0.16877378237584598,,0.32487882944633184,0.033025249494337376,,0.20373566685393432,0.020461227194402357,,,,,,,,,
195.48028068059884,,,0.16863637726608555,,0.3244955523111109,0.03296785136050595,,0.2027985918585316,0.020435511449775345,,,,,,,,,
195.74130762678908,,,0.16849908402301378,,0.3241127273486663,0.032910552985065955,,0.2018658269064336,0.020409828024789526,,,,,,,,,
196.00268312510127,,,0.16836190255555594,,0.3237303540255456,0.03285335419463657,,0.2009373521737493,0.02038417687882548,,,,,,,,,
196.2644076409607,,,0.1682248327727113,,0.3233484318089258,0.03279625481613836,,0.20001314792776698,0.020358557971314833,,,,,,,,,
196.52648164041452,,,0.16808787458355318,,0.3229669601666119,0.03273925467679258,,0.1990931945265332,0.020332971261740163,,,,,,,,,
196.78890559013212,,,0.16795102789722882,,0.3225859385670366,0.03268235360412079,,0.19817747241843733,0.02030741670963496,,,,,,,,,
197.0516799574057,,,0.1678142926229596,,0.32220536647926057,0.03262555142594441,,0.1972659621417968,0.02028189427458363,,,,,,,,,
197.31480521015166,,,0.16767766867004083,,0.3218252433729703,0.032568847970384056,,0.19635864432444175,0.02025640391622133,,,,,,,,,
197.57828181691102,,,0.16754115594784166,,0.32144556871847835,0.03251224306585911,,0.19545549968330472,0.020230945594233985,,,,,,,,,
197.84211024685075,,,0.16740475436580485,,0.32106634198672157,0.032455736541087084,,0.19455650902400848,0.020205519268358153,,,,,,,,,
198.1062909697644,,,0.1672684638334469,,0.320687562649261,0.03239932822508318,,0.19366165324045984,0.020180124898380978,,,,,,,,,
198.37082445607243,,,0.1671322842603582,,0.3203092301782817,0.03234301794715985,,0.19277091331444465,0.02015476244414019,,,,,,,,,
198.6357111768234,,,0.1669962155562027,,0.31993134404659135,0.032286805536926234,,0.1918842703152224,0.020129431865523996,,,,,,,,,
198.90095160369535,,,0.16686025763071766,,0.31955390372761905,0.032230690824287485,,0.19100170539912256,0.020104133122470978,,,,,,,,,
199.1665462089961,,,0.16672441039371402,,0.3191769086954151,0.0321746736394444,,0.19012319980914522,0.02007886617497006,,,,,,,,,
199.43249546566375,,,0.16658867375507605,,0.318800358424651,0.03211875381289299,,0.18924873487456423,0.020053630983060497,,,,,,,,,
199.69879984726794,,,0.16645304762476168,,0.3184242523906177,0.032062931175423824,,0.18837829201052858,0.02002842750683177,,,,,,,,,
199.96545982801103,,,0.1663175319128017,,0.31804859006922503,0.03200720555812151,,0.1875118527176663,0.020003255706423462,,,,,,,,,
200.2324758827287,,,0.16610577464431514,,0.31772182506461605,0.031942060509905515,0.3417995883760107,0.18737417757097005,0.01997074992160919,,,,,,,,,
200.4998484868901,,,0.1658829528568742,,0.31740259290081607,0.03187563634598983,0.34422735121484016,0.18734452039711644,0.0199372038908963,,,,,,,,,
200.76757811659965,,,0.16566042997264152,,0.3170836814866982,0.03180935031247282,0.3466723581715738,0.1873148679173353,0.019903714209403185,,,,,,,,,
201.03566524859724,,,0.1654382055906551,,0.31676509049998836,0.031743202122109515,0.34913473172917975,0.18728522013088358,0.019870280782476817,,,,,,,,,
201.30411036025976,,,0.16521627931049032,,0.3164468196187356,0.03167719148825226,0.3516145952406117,0.18725557703701848,0.0198369035156231,,,,,,,,,
201.57291392960153,,,0.16499465073225975,,0.3161288685213126,0.031611318124849436,0.3541120729349854,0.18722593863499729,0.01980358231450667,,,,,,,,,
201.84207643527483,,,0.16477331945661278,,0.31581123688641577,0.03154558174644441,0.3566272899237978,0.1871963049240773,0.01977031708495067,,,,,,,,,
202.11159835657102,,,0.16455228508473438,,0.31549392439306395,0.03147998206817412,0.35916037220719804,0.18716667590351616,0.019737107732936434,,,,,,,,,
202.3814801734219,,,0.1643315472183444,,0.31517693072059844,0.03141451880576785,0.3617114466803038,0.18713705157257138,0.01970395416460319,,,,,,,,,
202.65172236640015,,,0.1641111054596967,,0.31486025554868247,0.031349191675545944,0.3642806411395541,0.1871074319305007,0.019670856286247804,,,,,,,,,
202.9223254167197,,,0.16389095941157925,,0.31454389855730175,0.031284000394418844,0.36686808428910717,0.18707781697656198,0.0196378140043246,,,,,,,,,
203.19328980623706,,,0.16367110867731263,,0.31422785942676346,0.031218944679885615,0.369473905747292,0.18704820671001327,0.019604827225445067,,,,,,,,,
203.46461601745287,,,0.1634515528607493,,0.3139121378376952,0.031154024250032702,0.37209823605310755,0.1870186011301126,0.01957189585637744,,,,,,,,,
203.73630453351112,,,0.1632322915662736,,0.3135967334710467,0.031089238823532928,0.374741206672748,0.18698900023611814,0.019539019804046685,,,,,,,,,
204.00835583820185,,,0.16301332439879995,,0.31328164600808683,0.031024588119644016,0.37740295000620505,0.1869594040272883,0.019506198975534024,,,,,,,,,
204.28077041596043,,,0.16279465096377332,,0.31296687513040583,0.030960071858207573,0.38008359939388575,0.18692981250288146,0.01947343327807681,,,,,,,,,
204.55354875186916,,,0.1625762708671679,,0.31265242051991377,0.030895689759647866,0.3827832891232987,0.18690022566215622,0.019440722619068224,,,,,,,,,
204.82669133165845,,,0.16235818371548608,,0.31233828185883966,0.03083144154497039,0.3855021544357853,0.18687064350437124,0.019408066906056964,,,,,,,,,
205.10019864170732,,,0.16214038911575818,,0.31202445882973207,0.03076732693576087,0.3882403315332904,0.18684106602878525,0.019375466046747017,,,,,,,,,
205.37407116904387,,,0.16192288667554197,,0.31171095111545877,0.030703345654184044,0.3909979575851815,0.18681149323465723,0.01934291994899745,,,,,,,,,
205.6483094013465,,,0.1617056760029216,,0.3113977583992063,0.03063949742298246,0.393775170735124,0.18678192512124628,0.019310428520822105,,,,,,,,,
205.92291382694523,,,0.16148875670650675,,0.31108488036447907,0.030575781965475102,0.3965721101080059,0.18675236168781142,0.019277991670389308,,,,,,,,,
206.19788493482218,,,0.16127212839543198,,0.31077231669509936,0.030512199005556316,0.3993889158169035,0.18672280293361196,0.019245609306021594,,,,,,,,,
206.47322321461198,,,0.16105579067935666,,0.3104600670752076,0.03044874826769473,0.4022257289700954,0.1866932488579073,0.019213281336195605,,,,,,,,,
206.74892915660303,,,0.16083974316846367,,0.3101481311892619,0.03038542947693195,0.40508269167813615,0.18666369945995692,0.01918100766954168,,,,,,,,,
207.02500325173912,,,0.16062398547345824,,0.30983650872203616,0.0303222423588812,0.40795994706098143,0.18663415473902042,0.019148788214843553,,,,,,,,,
207.30144599161875,,,0.16040851720556876,,0.3095251993586225,0.030259186639726474,0.4108576392551427,0.18660461469435757,0.019116622881038322,,,,,,,,,
207.57825786849764,,,0.16019333797654414,,0.30921420278442807,0.030196262046221035,0.41377591342092523,0.18657507932522815,0.019084511577215916,,,,,,,,,
207.85543937528826,,,0.15997844739865485,,0.3089035186851772,0.03013346830568645,0.41671491574968444,0.18654554863089218,0.019052454212619037,,,,,,,,,
208.13299100556125,,,0.15976384508469135,,0.3085931467469095,0.03007080514601138,0.41967479347115577,0.1865160226106098,0.019020450696642884,,,,,,,,,
208.41091325354668,,,0.15954953064796326,,0.3082830866559801,0.030008272295650198,0.42265569486083515,0.18648650126364114,0.018988500938834748,,,,,,,,,
208.6892066141347,,,0.15933550370229882,,0.3079733380990589,0.029945869483622024,0.4256577692474022,0.18645698458924648,0.01895660484889389,,,,,,,,,
208.96787158287572,,,0.1591217638620448,,0.3076639007631312,0.029883596439509514,0.428681167020196,0.18642747258668632,0.018924762336671296,,,,,,,,,
209.246908655982,,,0.1589083107420651,,0.30735477433549685,0.029821452893457733,0.4317260396367538,0.18639796525522123,0.018892973312169374,,,,,,,,,
209.52631833032873,,,0.1586951439577401,,0.3070459585037693,0.02975943857617275,0.434792539630403,0.1863684625941118,0.01886123768554167,,,,,,,,,
209.80610110345464,,,0.15848226312496605,,0.3067374529558761,0.02969755321892071,0.43788082061789707,0.1863389646026189,0.018829555367092632,,,,,,,,,
210.08625747356234,,,0.15826966786015476,,0.3064292573800585,0.029635796553526612,0.4409910373071073,0.18630947128000336,0.01879792626727745,,,,,,,,,
210.36678793951998,,,0.1580573577802325,,0.30612137146487095,0.029574168312373153,0.44412334550477917,0.18627998262552622,0.018766350296701678,,,,,,,,,
210.64769300086158,,,0.1578453325026395,,0.3058137948991811,0.029512668228399534,0.4472779021243329,0.18625049863844867,0.01873482736612106,,,,,,,,,
210.92897315778868,,,0.15763359164532895,,0.30550652737216866,0.029451296035100282,0.4504548651937314,0.18622101931803195,0.018703357386441227,,,,,,,,,
211.21062891117066,,,0.15742213482676642,,0.30519956857332564,0.02939005146652406,0.453654393863392,0.18619154466353735,0.018671940268717425,,,,,,,,,
211.4926607625454,,,0.15721096166592974,,0.3048929181924565,0.02932893425727274,0.4568766484141542,0.18616207467422646,0.01864057592415437,,,,,,,,,
211.77506921412038,,,0.15700007178230768,,0.3045865759196775,0.02926794414250003,0.4601217902653133,0.18613260934936085,0.018609264264105963,,,,,,,,,
212.05785476877418,,,0.15678946479589934,,0.30428054144541555,0.029207080857910368,0.4633899819827126,0.18610314868820219,0.018578005200074913,,,,,,,,,
212.34101793005686,,,0.15657914032721343,,0.30397481446040875,0.029146344139757738,0.46668138728688124,0.1860736926900124,0.018546798643712614,,,,,,,,,
212.62455920219043,,,0.156369097997268,,0.3036693946557064,0.029085733724844735,0.4699961710612316,0.18604424135405334,0.018515644506818904,,,,,,,,,
212.90847909007024,,,0.15615933742758967,,0.3033642817226682,0.029025249350521216,0.47333449936032385,0.1860147946795872,0.01848454270134177,,,,,,,,,
213.1927780992662,,,0.15594985824021226,,0.3030594753529635,0.02896489075468321,0.4766965394181892,0.1859853526658761,0.018453493139377063,,,,,,,,,
213.47745673602338,,,0.15574066005767676,,0.3027549752385715,0.028904657675771727,0.4800824596567031,0.1859559153121823,0.0184224957331683,,,,,,,,,
213.76251550726235,,,0.15553174250303065,,0.3024507810717812,0.028844549852771805,0.48349242969401685,0.1859264826177683,0.01839155039510644,,,,,,,,,
214.04795492058082,,,0.1553231051998271,,0.30214689254519067,0.028784567025211247,0.4869266203530623,0.18589705458189665,0.01836065703772959,,,,,,,,,
214.33377548425412,,,0.15511474777212422,,0.30184330935170695,0.028724708933159555,0.49038520367010424,0.18586763120382999,0.018329815573722784,,,,,,,,,
214.61997770723661,,,0.15490666984448434,,0.30154003118454537,0.028664975317226643,0.49386835290336617,0.185838212482831,0.0182990259159177,,,,,,,,,
214.90656209916244,,,0.15469887104197316,,0.3012370577372293,0.02860536591856183,0.49737624254170504,0.1858087984181627,0.0182682879772924,,,,,,,,,
215.19352917034564,,,0.15449135099015993,,0.3009343887035907,0.028545880478852866,0.5009090483133463,0.185779389009088,0.018237601670971215,,,,,,,,,
215.48087943178183,,,0.15428410931511596,,0.30063202377776893,0.02848651874032459,0.5044669471946925,0.1857499842548701,0.01820696691022438,,,,,,,,,
215.76861339514934,,,0.15407714564341388,,0.30032996265421047,0.02842728044573787,0.5080501174191947,0.18572058415477222,0.018176383608467756,,,,,,,,,
216.05673157280972,,,0.15387045960212736,,0.3000282050276685,0.02836816533838845,0.5116587384862756,0.18569118870805765,0.01814585167926267,,,,,,,,,
216.3452344778083,,,0.15366405081883053,,0.2997267505932036,0.028309173162106037,0.5152929911703158,0.1856617979139899,0.01811537103631568,,,,,,,,,
216.63412262387547,,,0.15345791892159724,,0.2994255990461826,0.028250303661252998,0.5189530575297151,0.18563241177183265,0.018084941593478294,,,,,,,,,
216.92339652542805,,,0.15325206353899976,,0.299124750082278,0.028191556580723264,0.5226391209160192,0.18560303028084948,0.018054563264746686,,,,,,,,,
217.2130566975697,,,0.1530464843001088,,0.2988242033974681,0.02813293166594122,0.5263513659830978,0.18557365344030424,0.018024235964261504,,,,,,,,,
217.50310365609158,,,0.1528411808344928,,0.2985239586880372,0.028074428662860775,0.5300899786963909,0.18554428124946093,0.017993959606307647,,,,,,,,,
217.79353791747374,,,0.15263615277221715,,0.2982240156505744,0.028016047317964046,0.5338551463422314,0.18551491370758352,0.017963734105313982,,,,,,,,,
218.08435999888567,,,0.15243139974384337,,0.2979243739819738,0.027957787378260438,0.537647057537223,0.18548555081393628,0.017933559375853135,,,,,,,,,
218.37557041818792,,,0.15222692138042856,,0.29762503337943375,0.02789964859128531,0.5414659022376968,0.18545619256778345,0.017903435332641198,,,,,,,,,
218.6671696939325,,,0.1520227173135245,,0.29732599354045686,0.027841630705099093,0.5453118717492218,0.18542683896838935,0.017873361890537485,,,,,,,,,
218.95915834536342,,,0.1518187871751776,,0.29702725416285003,0.027783733468286147,0.5491851587361823,0.1853974900150186,0.01784333896454441,,,,,,,,,
219.25153689241804,,,0.15161513059792797,,0.2967288149447238,0.027725956629953728,0.5530859572314356,0.18536814570693586,0.017813366469807145,,,,,,,,,
219.54430585572854,,,0.15141174721480813,,0.29643067558449165,0.02766829993973067,0.5570144626460374,0.18533880604340586,0.01778344432161334,,,,,,,,,
219.8374657566221,,,0.1512086366593431,,0.29613283578087013,0.027610763147766528,0.560970871779026,0.18530947102369338,0.017753572435392963,,,,,,,,,
220.1310171171218,,,0.15100579856554958,,0.2958352952328787,0.027553346004730448,0.5649553828272741,0.18528014064706352,0.017723750726718075,,,,,,,,,
220.4249604599476,,,0.15080323256793546,,0.2955380536398395,0.027496048261810128,0.5689681953954238,0.18525081491278134,0.017693979111302546,,,,,,,,,
220.7192963085181,,,0.15060093830149834,,0.29524111070137615,0.02743886967071054,0.573009510505892,0.18522149382011208,0.0176642575050018,,,,,,,,,
221.01402518695062,,,0.15039891540172573,,0.2949444661174142,0.027381809983652996,0.5770795306089346,0.18519217736832105,0.017634585823812596,,,,,,,,,
221.30914762006202,,,0.15019716350459417,,0.2946481195881811,0.027324868953374198,0.5811784595927818,0.18516286555667366,0.017604963983872842,,,,,,,,,
221.60466413337016,,,0.1499956822465686,,0.2943520708142053,0.02726804633312493,0.5853065027938616,0.18513355838443554,0.017575391901461283,,,,,,,,,
221.9005752530944,,,0.14979447126460155,,0.29405631949631633,0.027211341876669206,0.5894638670070796,0.1851042558508724,0.01754586949299733,,,,,,,,,
222.19688150615715,,,0.1495935301961324,,0.2937608653356438,0.02715475533828294,0.5936507604961878,0.18507495795525,0.01751639667504075,,,,,,,,,
222.49358342018454,,,0.14939285867908683,,0.2934657080336177,0.027098286472753096,0.5978673930042118,0.18504566469683423,0.017486973364291437,,,,,,,,,
222.7906815235067,,,0.14919245635187653,,0.2931708472919686,0.0270419350353766,0.6021139757639508,0.1850163760748912,0.017457599477589295,,,,,,,,,
223.0881763451593,,,0.1489923228533983,,0.2928762828127264,0.026985700781959283,0.6063907215085662,0.18498709208868694,0.0174282749319139,,,,,,,,,
223.38606841488487,,,0.14879245782303294,,0.2925820142982202,0.026929583468814654,0.6106978444822452,0.18495781273748785,0.017398999644384225,,,,,,,,,
223.6843582631333,,,0.14859286090064505,,0.2922880414510783,0.026873582852763023,0.6150355604509262,0.18492853802056022,0.01736977353225848,,,,,,,,,
223.9830464210624,,,0.14839353172658265,,0.2919943639742279,0.02681769869113043,0.6194040867131017,0.18489926793717057,0.017340596512933897,,,,,,,,,
224.2821334205391,,,0.1481944699416762,,0.2917009815708948,0.026761930741747614,0.62380364211071,0.18487000248658556,0.01731146850394646,,,,,,,,,
224.5816197941412,,,0.14799567518723766,,0.29140789394460265,0.02670627876294877,0.6282344470401052,0.18484074166807185,0.01728238942297064,,,,,,,,,
224.88150607515746,,,0.1477971471050601,,0.2911151007991729,0.026650742513570698,0.632696723463091,0.1848114854808963,0.017253359187819187,,,,,,,,,
225.1817927975884,,,0.14759888533741752,,0.2908226018387251,0.02659532175295173,0.6371906949180334,0.18478223392432588,0.017224377716442946,,,,,,,,,
225.4824804961478,,,0.14740088952706354,,0.2905303967676758,0.026540016240930674,0.6417165865310687,0.1847529869976277,0.017195444926930568,,,,,,,,,
225.78356970626322,,,0.14720315931723124,,0.2902384852907387,0.02648482573784574,0.6462746250273745,0.18472374470006891,0.017166560737508305,,,,,,,,,
226.08506096407763,,,0.14700569435163185,,0.28994686711292394,0.02642975000453349,0.6508650387425386,0.1846945070309169,0.01713772506653975,,,,,,,,,
226.38695480644995,,,0.14680849427445472,,0.28965554193953785,0.02637478880232779,0.6554880576339894,0.18466527398943902,0.017108937832525605,,,,,,,,,
226.68925177095545,,,0.14661155873036663,,0.2893645094761834,0.026319941893058942,0.6601439132925095,0.18463604557490276,0.017080198954103523,,,,,,,,,
226.99195239588732,,,0.14641488736451116,,0.28907376942875934,0.02626520903905247,0.6648328389538438,0.18460682178657592,0.01705150835004782,,,,,,,,,
227.29505722025795,,,0.14621847982250752,,0.2887833215034595,0.026210590003128132,0.6695550695103907,0.1845776026237262,0.017022865939269223,,,,,,,,,
227.59856678379944,,,0.14602233575045034,,0.28849316540677283,0.026156084548598843,0.6743108415229625,0.18454838808562143,0.016994271640814643,,,,,,,,,
227.9024816269642,,,0.1458264547949093,,0.28820330084548373,0.026101692439269845,0.6791003932326278,0.18451917817152966,0.016965725373867035,,,,,,,,,
228.20680229092628,,,0.14563083660292808,,0.28791372752667127,0.02604741343943753,0.6839239645726543,0.18448997288071908,0.016937227057745117,,,,,,,,,
228.51152931758287,,,0.14543548082202376,,0.2876244451577081,0.025993247313888336,0.6887817971805347,0.1844607722124579,0.016908776611903056,,,,,,,,,
228.8166632495547,,,0.14524038710018602,,0.2873354534462611,0.02593919382789789,0.6936741344100854,0.18443157616601438,0.016880373955930353,,,,,,,,,
229.12220463018662,,,0.14504555508587721,,0.2870467521002914,0.025885252747229952,0.6986012213436288,0.1844023847406571,0.016852019009551595,,,,,,,,,
229.4281540035493,,,0.144850984428031,,0.2867583408280531,0.0258314238381354,0.7035633048042828,0.18437319793565454,0.016823711692626205,,,,,,,,,
229.73451191443962,,,0.14465667477605218,,0.2864702193380939,0.025777706867351174,0.7085606333683168,0.18434401575027554,0.016795451925148235,,,,,,,,,
230.04127890838242,,,0.1444626257798155,,0.2861823873392538,0.02572410160209928,0.713593457377617,0.1843148381837888,0.01676723962724609,,,,,,,,,
230.348455531631,,,0.14426883708966554,,0.2858948445406651,0.025670607810085715,0.7186620289522186,0.18428566523546325,0.016739074719182352,,,,,,,,,
230.65604233116758,,,0.144075308356416,,0.28560759065175334,0.025617225259499693,0.7237666020029286,0.184256496904568,0.01671095712135356,,,,,,,,,
230.96403985470477,,,0.14388203923134915,,0.2853206253822354,0.02556395371901241,0.7289074322440529,0.1842273331903722,0.016682886754289986,,,,,,,,,
231.27244865068707,,,0.14368902936621472,,0.28503394844211977,0.025510792957776095,0.7340847772062141,0.18419817409214514,0.01665486353865535,,,,,,,,,
231.58126926829127,,,0.1434962784132295,,0.28474755954170616,0.025457742745422986,0.7392988962492454,0.18416901960915613,0.01662688739524662,,,,,,,,,
231.89050225742704,,,0.1433037860250773,,0.284461458391586,0.025404802852064496,0.7445500505751746,0.1841398697406748,0.01659895824499386,,,,,,,,,
232.2001481687383,,,0.14311155185490762,,0.28417564470264123,0.02535197304829005,0.7498385032413173,0.18411072448597068,0.016571076008959965,,,,,,,,,
232.5102075536048,,,0.1429195755563351,,0.2838901181860439,0.025299253105166102,0.7551645191734627,0.18408158384431358,0.01654324060834036,,,,,,,,,
232.82068096414253,,,0.142727856783439,,0.2836048785532566,0.025246642794235136,0.760528365179137,0.18405244781497335,0.01651545196446286,,,,,,,,,
233.13156895320418,,,0.1425363951907629,,0.2833199255160317,0.02519414188751484,0.7659303099609618,0.18402331639721986,0.016487709998787466,,,,,,,,,
233.442872074381,,,0.14234519043331356,,0.2830352587864114,0.025141750157496916,0.7713706241301254,0.1839941895903233,0.016460014632906077,,,,,,,,,
233.75459088200316,,,0.14215424216656086,,0.2827508780767272,0.02508946737714625,0.7768495802199326,0.1839650673935539,0.016432365788542333,,,,,,,,,
234.06672593114158,,,0.14196355004643638,,0.2824667830995995,0.025037293319899734,0.7823674526994686,0.18393594980618191,0.016404763387551313,,,,,,,,,
234.37927777760828,,,0.14177311372933335,,0.2821829735679371,0.02498522775966545,0.7879245179873411,0.18390683682747774,0.016377207351919366,,,,,,,,,
234.69224697795704,,,0.14158293287210622,,0.2818994491949378,0.02493327047082167,0.7935210544655181,0.18387772845671205,0.016349697603763917,,,,,,,,,
235.00563408948483,,,0.14139300713206962,,0.28161620969408785,0.0248814212282159,0.7991573424932829,0.18384862469315538,0.016322234065333212,,,,,,,,,
235.3194396702332,,,0.14120333616699776,,0.28133325477916044,0.024829679807163742,0.8048336644212866,0.18381952553607864,0.016294816659006086,,,,,,,,,
235.6336642789889,,,0.14101391963512383,,0.28105058416421674,0.024778045983448033,0.8105503046056843,0.18379043098475262,0.01626744530729171,,,,,,,,,
235.94830847528436,,,0.14082475719513984,,0.2807681975636055,0.02472651953331798,0.8163075494223714,0.18376134103844835,0.01624011993282952,,,,,,,,,
236.26337281939914,,,0.14063584850619554,,0.28048609469196245,0.024675100233488075,0.8221056872813376,0.18373225569643703,0.01621284045838886,,,,,,,,,
236.57885787236168,,,0.14044719322789756,,0.2802042752642095,0.024623787861137003,0.827945008641129,0.18370317495798977,0.016185606806868744,,,,,,,,,
236.8947641959486,,,0.1402587910203097,,0.27992273899555575,0.024572582193906966,0.8338258060233671,0.1836740988223781,0.016158418901297805,,,,,,,,,
237.21109235268761,,,0.14007064154395119,,0.27964148560149577,0.024521483009902444,0.8397483740274384,0.18364502728887333,0.01613127666483385,,,,,,,,,
237.52784290585694,,,0.1398827444597971,,0.27936051479781027,0.02447049008768942,0.8457130093452214,0.18361596035674715,0.016104180020763855,,,,,,,,,
237.8450164194868,,,0.13969509942927727,,0.27907982630056594,0.024419603206294396,0.8517200107759624,0.1835868980252712,0.016077128892503637,,,,,,,,,
238.16261345836122,,,0.13950770611427543,,0.278799419826114,0.024368822145203282,0.857769679241253,0.18355784029371738,0.016050123203597624,,,,,,,,,
238.48063458801826,,,0.13932056417712882,,0.2785192950910909,0.024318146684360588,0.8638623178000966,0.18352878716135754,0.016023162877718673,,,,,,,,,
238.79908037475073,,,0.1391336732806281,,0.2782394518124181,0.024267576604168464,0.8699982316640799,0.18349973862746383,0.015996247838667883,,,,,,,,,
239.1179513856076,,,0.138947033088016,,0.2779598897073015,0.024217111685485772,0.8761777282126718,0.18347069469130833,0.01596937801037435,,,,,,,,,
239.43724818839553,,,0.13876064326298698,,0.2776806084932309,0.024166751709626948,0.8824011170086321,0.18344165535216328,0.01594255331689493,,,,,,,,,
239.75697135167934,,,0.13857450346968644,,0.2774016078879795,0.02411649645836125,0.8886687098135082,0.18341262060930122,0.015915773682414,,,,,,,,,
240.0771214447826,,,0.13838861337271074,,0.2771228876096049,0.02406634571391177,0.8949808206032448,0.18338359046199448,0.01588903903124339,,,,,,,,,
240.39769903778912,,,0.13820297263710604,,0.2768444473764479,0.02401629925895452,0.9013377655839206,0.18335456490951588,0.015862349287822024,,,,,,,,,
240.71870470154462,,,0.1380175809283675,,0.27656628690713164,0.02396635687661728,0.9077398632076045,0.18332554395113798,0.01583570437671569,,,,,,,,,
241.0401390076562,,,0.1378324379124395,,0.2762884059205627,0.023916518350479025,0.9141874341882736,0.1832965275861338,0.015809104222617002,,,,,,,,,
241.3620025284951,,,0.1376475432557139,,0.27601080413592943,0.023866783464568584,0.9206808015179193,0.18326751581377618,0.015782548750344957,,,,,,,,,
241.68429583719623,,,0.13746289662503072,,0.2757334812727029,0.02381715200336405,0.9272202904826923,0.18323850863333827,0.015756037884844903,,,,,,,,,
242.0070195076597,,,0.1372784976876767,,0.2754564370506359,0.023767623751791665,0.9338062286792135,0.18320950604409328,0.01572957155118829,,,,,,,,,
242.33017411455248,,,0.1370943461113847,,0.27517967118976255,0.023718198495224885,0.9404389460309943,0.18318050804531447,0.015703149674572352,,,,,,,,,
242.653760233309,,,0.1369104415643333,,0.27490318341039827,0.02366887601948344,0.9471187748049549,0.18315151463627533,0.01567677218032,,,,,,,,,
242.97777844013143,,,0.13672678371514643,,0.2746269734331398,0.023619656110832582,0.9538460496280585,0.18312252581624933,0.015650438993879613,,,,,,,,,
243.30222931199148,,,0.13654337223289256,,0.2743510409788647,0.02357053855598197,0.9606211075040848,0.18309354158451024,0.015624150040824798,,,,,,,,,
243.62711342663167,,,0.13636020678708388,,0.2740753857687305,0.023521523142084787,0.9674442878305228,0.1830645619403318,0.015597905246854145,,,,,,,,,
243.9524313625661,,,0.1361772870476758,,0.27380000752417505,0.023472609656736795,0.9743159324155622,0.1830355868829878,0.015571704537791055,,,,,,,,,
244.27818369908078,,,0.1359946126850668,,0.27352490596691614,0.02342379788797553,0.9812363854952066,0.18300661641175234,0.01554554783958356,,,,,,,,,
244.60437101623555,,,0.1358121833700974,,0.2732500808189514,0.02337508762427929,0.988205993750533,0.18297765052589957,0.015519435078304068,,,,,,,,,
244.93099389486454,,,0.13562999877404971,,0.2729755318025577,0.023326478654566284,0.9952251063250482,0.18294868922470367,0.015493366180149175,,,,,,,,,
245.25805291657798,,,0.13544805856864667,,0.27270125864029066,0.023277970768193563,1.0022940748421962,0.18291973250743895,0.015467341071439433,,,,,,,,,
245.58554866376272,,,0.13526636242605136,,0.2724272610549846,0.023229563754956224,1.0094132534229612,0.18289078037338,0.015441359678619133,,,,,,,,,
245.9134817195828,,,0.13508491001886716,,0.27215353876975285,0.023181257405086586,1.016582998703597,0.18286183282180127,0.015415421928256163,,,,,,,,,
246.2418526679809,,,0.13490370102013646,,0.27188009150798687,0.023133051509253145,1.0238036698535031,0.18283288985197754,0.015389527747041791,,,,,,,,,
246.57066209368008,,,0.1347227351033401,,0.27160691899335543,0.02308494585855968,1.031075628593229,0.18280395146318362,0.015363677061790345,,,,,,,,,
246.89991058218402,,,0.13454201194239676,,0.27133402094980535,0.023036940244544328,1.038399239212583,0.18277501765469434,0.015337869799439111,,,,,,,,,
247.22959871977787,,,0.134361531211663,,0.27106139710156085,0.02298903445917884,1.0457748685888704,0.18274608842578483,0.01531210588704814,,,,,,,,,
247.55972709352955,,,0.13418129258593203,,0.2707890471731236,0.02294122829486752,1.0532028862052836,0.18271716377573025,0.01528638525179999,,,,,,,,,
247.89029629129146,,,0.13400129574043326,,0.27051697088927124,0.022893521544446353,1.0606836641694228,0.18268824370380585,0.015260707820999515,,,,,,,,,
248.22130690170098,,,0.13382154035083155,,0.2702451679750583,0.022845914001182074,1.0682175772319251,0.18265932820928693,0.015235073522073673,,,,,,,,,
248.55275951418093,,,0.13364202609322715,,0.26997363815581593,0.022798405458771445,1.0758050028052266,0.18263041729144913,0.01520948228257136,,,,,,,,,
248.8846547189415,,,0.1334627526441548,,0.26970238115715073,0.022750995711340156,1.0834463209824858,0.18260151094956795,0.015183934030163156,,,,,,,,,
249.2169931069807,,,0.1332837196805831,,0.2694313967049456,0.022703684553442096,1.0911419145566128,0.1825726091829192,0.015158428692641156,,,,,,,,,
249.54977527008631,,,0.13310492687991393,,0.26916068452535824,0.02265647178005827,1.0988921690394635,0.18254371199077868,0.015132966197918717,,,,,,,,,
249.88300180083618,,,0.1329263739199817,,0.26889024434482156,0.022609357186596065,1.1066974726811396,0.1825148193724223,0.01510754647403026,,,,,,,,,
250.21667329259904,,,0.13274806047905338,,0.26862007589004366,0.02256234056888836,1.1145582164894265,0.1824859313271262,0.015082169449131164,,,,,,,,,
250.55079033953592,,,0.13256998623582744,,0.2683501788880074,0.022515421723192635,1.1224747942493922,0.1824570478541666,0.015056835051497465,,,,,,,,,
250.88535353660177,,,0.13239215086943323,,0.2680805530659694,0.022468600446189944,1.1304476025431267,0.18242816895281974,0.015031543209525638,,,,,,,,,
251.2203634795459,,,0.13221455405943044,,0.26781119815146026,0.0224218765349842,1.1384770407695965,0.18239929462236198,0.015006293851732452,,,,,,,,,
251.55582076491277,,,0.1320371954858088,,0.267542113872285,0.022375249787101262,1.1465635111646408,0.18237042486207,0.014981086906754775,,,,,,,,,
251.89172599004328,,,0.13186007482898748,,0.2672732999565219,0.022328720000488078,1.1547074188211326,0.18234155967122034,0.014955922303349349,,,,,,,,,
252.2280797530765,,,0.13168319176981397,,0.26700475613252217,0.022282286973511676,1.1629091717092854,0.18231269904908973,0.014930799970392556,,,,,,,,,
252.56488265295033,,,0.13150654598956396,,0.2667364821289099,0.022235950504958378,1.1711691806970783,0.18228384299495512,0.014905719836880247,,,,,,,,,
252.90213528940174,,,0.13133013716994088,,0.26646847767458226,0.022189710394033026,1.1794878595708245,0.18225499150809343,0.014880681831927577,,,,,,,,,
253.2398382629689,,,0.13115396499307508,,0.2662007424987087,0.022143566440357986,1.1878656250559203,0.1822261445877818,0.014855685884768752,,,,,,,,,
253.57799217499158,,,0.13097802914152334,,0.26593327633073083,0.022097518443972324,1.1963028968377076,0.1821973022332975,0.014830731924756863,,,,,,,,,
253.9165976276131,,,0.1308023292982682,,0.2656660789003618,0.022051566205330865,1.2048000975825175,0.18216846444391782,0.014805819881363648,,,,,,,,,
254.2556552237808,,,0.13062686514671723,,0.26539914993758634,0.022005709525303417,1.213357652958831,0.18213963121892013,0.014780949684179288,,,,,,,,,
254.5951655672466,,,0.13045163637070312,,0.2651324891726608,0.02195994820517392,1.2219759916585902,0.18211080255758208,0.014756121262912307,,,,,,,,,
254.9351292625686,,,0.13027664265448263,,0.2648660963361127,0.021914282046639574,1.230655545418686,0.18208197845918134,0.014731334547389282,,,,,,,,,
255.27554691511278,,,0.13010188368273576,,0.26459997115873973,0.021868710851809862,1.2393967490425994,0.18205315892299562,0.014706589467554617,,,,,,,,,
255.61641913105342,,,0.1299273591405656,,0.2643341133716102,0.021823234423205815,1.248200040422171,0.1820243439483029,0.014681885953470416,,,,,,,,,
255.9577465173737,,,0.1297530687134978,,0.26406852270606307,0.02177785256375915,1.257065860559522,0.18199553353438117,0.014657223935316285,,,,,,,,,
256.2995296818673,,,0.12957901208747996,,0.263803198893707,0.02173256507681144,1.265994653589161,0.18196672768050862,0.01463260334338911,,,,,,,,,
256.64176923314,,,0.12940518894888065,,0.2635381416664202,0.021687371766113104,1.2749868668002458,0.1819379263859634,0.014608024108102831,,,,,,,,,
256.98446578061044,,,0.12923159898448922,,0.26327335075635006,0.021642272435822698,1.2840429506589777,0.18190912965002387,0.014583486159988281,,,,,,,,,
257.32761993451015,,,0.12905824188151527,,0.26300882589591357,0.021597266890506076,1.293163358831153,0.18188033747196855,0.014558989429693005,,,,,,,,,
257.6712323058862,,,0.12888511732758812,,0.26274456681779645,0.021552354935135493,1.3023485482049109,0.18185154985107607,0.014534533847981037,,,,,,,,,
258.0153035066009,,,0.128712225010756,,0.26248057325495316,0.021507536375088766,1.3115989789136062,0.1818227667866251,0.01451011934573272,,,,,,,,,
258.35983414933446,,,0.1285395646194855,,0.2622168449406061,0.021462811016148414,1.3209151143588826,0.18179398827789436,0.014485745853944475,,,,,,,,,
258.704824847585,,,0.12836713584266107,,0.26195338160824555,0.021418178664500784,1.3302974212338714,0.18176521432416293,0.014461413303728632,,,,,,,,,
259.05027621566944,,,0.12819493836958473,,0.2616901829916301,0.02137363912673538,1.3397463695465572,0.18173644492470975,0.014437121626313262,,,,,,,,,
259.39618886872495,,,0.12802297188997538,,0.26142724882478596,0.021329192209843854,1.3492624326433365,0.18170768007881405,0.01441287075304196,,,,,,,,,
259.7425634227106,,,0.12785123609396773,,0.2611645788420059,0.021284837721219207,1.3588460872327446,0.18167891978575507,0.014388660615373623,,,,,,,,,
260.08940049440804,,,0.12767973067211233,,0.26090217277784994,0.02124057546865493,1.3684978134093229,0.18165016404481213,0.014364491144882259,,,,,,,,,
260.4367007014219,,,0.12750845531537497,,0.26064003036714506,0.021196405260344307,1.3782180946776534,0.1816214128552648,0.014340362273256859,,,,,,,,,
260.78446466218156,,,0.12733740971513607,,0.2603781513449847,0.02115232690487947,1.3880074179765955,0.18159266621639275,0.014316273932301182,,,,,,,,,
261.13269299594276,,,0.12716659356318974,,0.26011653544672797,0.021108340211250513,1.3978662737036935,0.18156392412747566,0.014292226053933467,,,,,,,,,
261.481386322788,,,0.12699600655174356,,0.25985518240800004,0.02106444498884478,1.4077951557397288,0.1815351865877933,0.014268218570186345,,,,,,,,,
261.8305452636274,,,0.12682564837341823,,0.25959409196469196,0.02102064104744601,1.4177945614734453,0.18150645359662573,0.014244251413206633,,,,,,,,,
262.18017044020036,,,0.1266555187212467,,0.2593332638529602,0.020976928197233503,1.4278649918264892,0.18147772515325294,0.014220324515255114,,,,,,,,,
262.53026247507626,,,0.12648561728867377,,0.25907269780922615,0.020933306248781335,1.4380069512784872,0.1814490012569552,0.014196437808706372,,,,,,,,,
262.8808219916564,,,0.1263159437695552,,0.25881239357017594,0.0208897750130574,1.4482209478923422,0.1814202819070128,0.014172591226048555,,,,,,,,,
263.23184961417434,,,0.12614649785815754,,0.25855235087276024,0.020846334301422697,1.458507493339669,0.18139156710270604,0.01414878469988321,,,,,,,,,
263.5833459676969,,,0.12597727924915758,,0.2582925694541941,0.020802983925630597,1.46886710292641,0.18136285684331552,0.014125018162925133,,,,,,,,,
263.93531167812534,,,0.1258082876376418,,0.25803304905195706,0.020759723697825885,1.479300295618667,0.18133415112812193,0.014101291548002142,,,,,,,,,
264.2877473721973,,,0.1256395227191053,,0.25777378940379164,0.020716553430543985,1.489807594068713,0.181305449956406,0.014077604788054861,,,,,,,,,
264.6406536774874,,,0.12547098418945188,,0.2575147902477042,0.020673472936710104,1.5003895246411598,0.18127675332744853,0.014053957816136541,,,,,,,,,
264.9940312224076,,,0.1253026717449933,,0.2572560513219645,0.020630482029638585,1.5110466174393102,0.18124806124053058,0.014030350565412929,,,,,,,,,
265.347880636209,,,0.12513458508244885,,0.2569975723651053,0.020587580523031952,1.5217794063317287,0.18121937369493318,0.014006782969162057,,,,,,,,,
265.7022025489836,,,0.12496672389894434,,0.25673935311592183,0.020544768230980105,1.5325884289790026,0.18119069068993762,0.013983254960773966,,,,,,,,,
266.0569975916647,,,0.12479908789201183,,0.25648139331347153,0.020502044967959515,1.543474226860661,0.1811620122248252,0.013959766473750612,,,,,,,,,
266.41226639602746,,,0.12463167675958949,,0.2562236926970746,0.020459410548832553,1.554437345302281,0.18113333829887726,0.013936317441705674,,,,,,,,,
266.768009594691,,,0.12446449020002041,,0.25596625100631293,0.020416864788846516,1.5654783335028346,0.18110466891137544,0.013912907798364326,,,,,,,,,
267.12422782111906,,,0.12429752791205266,,0.2557090679810302,0.020374407503632973,1.57659774456218,0.18107600406160143,0.013889537477563087,,,,,,,,,
267.48092170962155,,,0.12413078959483796,,0.2554521433613312,0.02033203850920678,1.5877961355087968,0.181047343748837,0.013866206413249583,,,,,,,,,
267.83809189535543,,,0.12396427494793177,,0.2551954768875817,0.02028975762196545,1.599074067327675,0.18101868797236392,0.013842914539482394,,,,,,,,,
268.19573901432545,,,0.12379798367129273,,0.2549390683004089,0.0202475646586883,1.6104321049883967,0.18099003673146438,0.013819661790430895,,,,,,,,,
268.5538637033854,,,0.12363191546528202,,0.25468291734070037,0.02020545943653572,1.6218708174734586,0.18096139002542033,0.013796448100375034,,,,,,,,,
268.91246660024007,,,0.12346607003066247,,0.2544270237496039,0.020163441773048213,1.6333907778067909,0.18093274785351415,0.013773273403705138,,,,,,,,,
269.27154834344583,,,0.12330044706859838,,0.25417138726852717,0.020121511486145716,1.6449925630824467,0.1809041102150281,0.013750137634921722,,,,,,,,,
269.63110957241116,,,0.12313504628065516,,0.25391600763913824,0.020079668394126886,1.6566767544934935,0.18087547710924462,0.01372704072863536,,,,,,,,,
269.99115092739834,,,0.12296986736879846,,0.25366088460336456,0.02003791231566823,1.6684439373611457,0.18084684853544636,0.013703982619566494,,,,,,,,,
270.3516730495251,,,0.12280491003539364,,0.2534060179033925,0.019996243069823245,1.680294701164104,0.18081822449291599,0.01368096324254514,,,,,,,,,
270.7126765807654,,,0.12264017398320515,,0.2531514072816678,0.0199546604760217,1.692229639568069,0.1807896049809362,0.013657982532510821,,,,,,,,,
271.0741621639497,,,0.12247565891539658,,0.2528970524808948,0.019913164354068962,1.7042493504554603,0.18076098999879006,0.01363504042451236,,,,,,,,,
271.43613044276725,,,0.12231136453552945,,0.2526429532440365,0.01987175452414505,1.7163544359553975,0.18073237954576052,0.013612136853707674,,,,,,,,,
271.7985820617665,,,0.12214729054756314,,0.25238910931431446,0.019830430806803977,1.7285455024738434,0.18070377362113071,0.013589271755363608,,,,,,,,,
272.16151766635716,,,0.12198343665585383,,0.25213552043520765,0.019789193022972836,1.7408231607240106,0.18067517222418397,0.01356644506485572,,,,,,,,,
272.5249379028107,,,0.12181980256515441,,0.25188218635045284,0.01974804099395113,1.7531880257569374,0.1806465753542036,0.013543656717668115,,,,,,,,,
272.88884341826105,,,0.12165638798061394,,0.25162910680404466,0.019706974541410002,1.7656407169922794,0.18061798301047302,0.013520906649393304,,,,,,,,,
273.25323486070624,,,0.12149319260777713,,0.251376281540235,0.019665993487391478,1.7781818582493574,0.18058939519227596,0.01349819479573198,,,,,,,,,
273.6181128790102,,,0.12133021615258334,,0.25112371030353225,0.019625097654307536,1.7908120777784282,0.18056081189889606,0.01347552109249283,,,,,,,,,
273.9834781229032,,,0.1211674583213664,,0.2508713928387015,0.019584286864939505,1.8035320082921378,0.18053223312961708,0.013452885475592334,,,,,,,,,
274.34933124298266,,,0.12100491882085443,,0.2506193288907649,0.019543560942437258,1.8163422869971966,0.18050365888372302,0.013430287881054687,,,,,,,,,
274.7156728907146,,,0.12084259735816881,,0.2503675182050004,0.019502919710318475,1.8292435556263205,0.180475089160498,0.013407728245011526,,,,,,,,,
275.0825037184359,,,0.12068049364082359,,0.25011596052694174,0.0194623629924677,1.8422364604704078,0.18044652395922606,0.013385206503701714,,,,,,,,,
275.44982437935334,,,0.1205186073767255,,0.24986465560237878,0.01942189061313588,1.8553216524108473,0.18041796327919155,0.013362722593471314,,,,,,,,,
275.81763552754717,,,0.12035693827417276,,0.24961360317735617,0.019381502396939265,1.8684997869522018,0.18038940711967882,0.013340276450773215,,,,,,,,,
276.18593781797,,,0.12019548604185513,,0.2493628029981742,0.01934119816885896,1.8817715242549773,0.18036085547997238,0.01331786801216711,,,,,,,,,
276.55473190644915,,,0.12003425038885326,,0.24911225481138818,0.019300977754239976,1.8951375291687234,0.18033230835935687,0.013295497214319272,,,,,,,,,
276.9240184496882,,,0.1198732310246377,,0.24886195836380762,0.019260840978790512,1.9085984712653588,0.180303765757117,0.013273163994002296,,,,,,,,,
277.2937981052677,,,0.11971242765906884,,0.24861191340249647,0.019220787668581162,1.9221550248726946,0.18027522767253756,0.013250868288095014,,,,,,,,,
277.6640715316455,,,0.11955184000239642,,0.24836211967477317,0.019180817650044313,1.935807869108193,0.18024669410490357,0.013228610033582298,,,,,,,,,
278.03483938815896,,,0.1193914677652589,,0.24811257692821004,0.01914093074997325,1.949557687913009,0.18021816505350013,0.013206389167554879,,,,,,,,,
278.4061023350263,,,0.1192313106586827,,0.2478632849106327,0.019101126795521426,1.963405170086273,0.18018964051761235,0.013184205627209133,,,,,,,,,
278.7778610333472,,,0.1190713683940818,,0.24761424337011997,0.019061405614201693,1.977351009319576,0.18016112049652552,0.013162059349846905,,,,,,,,,
279.1501161451039,,,0.11891164068325767,,0.24736545205500438,0.01902176703388568,1.9913959042316989,0.1801326049895251,0.013139950272875432,,,,,,,,,
279.5228683331622,,,0.11875212723839822,,0.24711691071387124,0.01898221088280295,2.0055405584036303,0.18010409399589658,0.013117878333807063,,,,,,,,,
279.8961182612742,,,0.11859282777207723,,0.24686861909555788,0.01894273698954017,2.019785680413845,0.1800755875149256,0.013095843470259055,,,,,,,,,
280.2698665940769,,,0.11843374199725443,,0.24662057694915476,0.018903345183040605,2.0341319838737264,0.18004708554589793,0.013073845619953553,,,,,,,,,
280.64411399709616,,,0.11827486962727418,,0.24637278402400373,0.018864035292603085,2.0485801874633993,0.18001858808809934,0.013051884720717213,,,,,,,,,
281.0188611367456,,,0.11811621037586569,,0.24612524006969905,0.018824807147881546,2.0631310149676576,0.17999009514081588,0.013029960710481186,,,,,,,,,
281.3941086803287,,,0.1179577639571422,,0.24587794483608638,0.018785660578884117,2.077785195312255,0.17996160670333364,0.013008073527280907,,,,,,,,,
281.7698572960405,,,0.11779953008560025,,0.24563089807326263,0.018746595415972414,2.0925434626004407,0.17993312277493884,0.012986223109255826,,,,,,,,,
282.1461076529684,,,0.11764150847611927,,0.24538409953157567,0.01870761148986078,2.107406556149717,0.17990464335491768,0.012964409394649335,,,,,,,,,
282.5228604210926,,,0.11748369884396152,,0.24513754896162457,0.018668708631615683,2.1223752205288484,0.17987616844255672,0.012942632321808577,,,,,,,,,
282.90011627128797,,,0.11732610090477114,,0.244891246114259,0.01862988667265486,2.137450205595185,0.17984769803714237,0.01292089182918426,,,,,,,,,
283.2778758753258,,,0.11716871437457352,,0.24464519074057864,0.018591145444746597,2.15263226653225,0.1798192321379614,0.012899187855330452,,,,,,,,,
283.6561399058742,,,0.11701153896977493,,0.24439938259193325,0.018552484780008982,2.1679221638875474,0.1797907707443005,0.012877520338904436,,,,,,,,,
284.0349090364993,,,0.1168545744071624,,0.24415382141992267,0.01851390451090931,2.183320663610639,0.17976231385544653,0.012855889218666563,,,,,,,,,
284.41418394166635,,,0.11669782040390278,,0.24390850697639643,0.018475404470263225,2.1988285370915377,0.17973386147068657,0.01283429443348005,,,,,,,,,
284.79396529674216,,,0.11654127667754204,,0.24366343901345283,0.018436984491233994,2.2144465611993835,0.1797054135893076,0.012812735922310773,,,,,,,,,
285.1742537779943,,,0.11638494294600546,,0.24341861728343997,0.018398644407331896,2.2301755183212837,0.17967697021059695,0.012791213624227185,,,,,,,,,
285.5550500625943,,,0.11622881892759626,,0.24317404153895406,0.01836038405241335,2.246016196401596,0.17964853133384187,0.012769727478400014,,,,,,,,,
285.93635482861737,,,0.11607290434099593,,0.2429297115328404,0.018322203260680323,2.2619693889813193,0.17962009695832987,0.012748277424102243,,,,,,,,,
286.3181687550439,,,0.11591719890526327,,0.24268562701819268,0.018284101866679607,2.278035895237884,0.1795916670833484,0.012726863400708846,,,,,,,,,
286.70049252176165,,,0.11576170233983377,,0.24244178774835232,0.01824607970530195,2.2942165200252074,0.17956324170818522,0.012705485347696586,,,,,,,,,
287.0833268095662,,,0.11560641436451921,,0.24219819347690838,0.0182081366117815,2.3105120739139924,0.1795348208321281,0.012684143204643917,,,,,,,,,
287.46667230016163,,,0.11545133469950757,,0.2419548439576981,0.018170272421695045,2.326923373232306,0.17950640445446484,0.012662836911230801,,,,,,,,,
287.85052967616224,,,0.11529646306536206,,0.2417117389448059,0.01813248697096134,2.3434512401064986,0.17947799257448357,0.01264156640723853,,,,,,,,,
288.23489962109454,,,0.11514179918302063,,0.24146887819256307,0.01809478009584026,2.3600965025024148,0.1794495851914723,0.012620331632549513,,,,,,,,,
288.61978281939764,,,0.11498734277379544,,0.2412262614555476,0.018057151632932193,2.3768599942668445,0.17942118230471935,0.01259913252714715,,,,,,,,,
289.0051799564241,,,0.11483309355937285,,0.2409838884885845,0.018019601419177377,2.3937425551692684,0.17939278391351296,0.012577969031115676,,,,,,,,,
289.39109171844194,,,0.11467905126181238,,0.24074175904674497,0.01798212929185512,2.4107450309439655,0.1793643900171417,0.01255684108463996,,,,,,,,,
289.7775187926351,,,0.1145252156035465,,0.2404998728853463,0.017944735088583116,2.427868273332354,0.17933600061489405,0.012535748628005359,,,,,,,,,
290.1644618671059,,,0.11437158630737987,,0.24025822975995148,0.017907418647316688,2.4451131401256996,0.17930761570605874,0.012514691601597513,,,,,,,,,
290.55192163087537,,,0.11421816309648886,,0.24001682942636898,0.017870179806348148,2.4624804952080597,0.1792792352899245,0.012493669945902177,,,,,,,,,
290.9398987738841,,,0.11406494569442155,,0.23977567164065308,0.017833018404306115,2.4799712085995336,0.17925085936578034,0.01247268360150514,,,,,,,,,
291.328393986994,,,0.11391193382509675,,0.23953475615910305,0.01779593428015481,2.4975861564998705,0.1792224879329152,0.01245173250909197,,,,,,,,,
291.71740796198986,,,0.11375912721280351,,0.23929408273826275,0.017758927273193243,2.515326221332395,0.1791941209906182,0.012430816609447835,,,,,,,,,
292.10694139158045,,,0.11360652558220061,,0.23905365113492066,0.017721997223054644,2.5331922917881795,0.17916575853817865,0.012409935843457386,,,,,,,,,
292.4969949693989,,,0.1134541286583165,,0.23881346110610985,0.017685143969705743,2.5511852628705407,0.1791374005748858,0.012389090152104593,,,,,,,,,
292.88756939000433,,,0.11330193616654843,,0.23857351240910765,0.017648367353446104,2.5693060359398987,0.17910904710002926,0.012368279476472559,,,,,,,,,
293.27866534888426,,,0.11314994783266184,,0.23833380480143485,0.017611667214907294,2.58755551875896,0.1790806981128985,0.012347503757743327,,,,,,,,,
293.6702835424546,,,0.11299816338279002,,0.2380943380408559,0.01757504339505233,2.605934625538165,0.1790523536127832,0.012326762937197743,,,,,,,,,
294.0624246680608,,,0.1128465825434338,,0.23785511188537897,0.017538495735174967,2.624444276981456,0.17902401359897324,0.012306056956215308,,,,,,,,,
294.4550894239797,,,0.11269520504146091,,0.23761612609325525,0.017502024076899002,2.643085400332444,0.17899567807075853,0.01228538575627398,,,,,,,,,
294.84827850942014,,,0.11254403060410545,,0.23737738042297896,0.017465628262177568,2.6618589294208284,0.17896734702742909,0.012264749278950033,,,,,,,,,
295.2419926245255,,,0.11239305895896733,,0.23713887463328656,0.017429308133292448,2.680765804709221,0.17893902046827498,0.012244147465917857,,,,,,,,,
295.6362324703738,,,0.11224228983401173,,0.23690060848315697,0.01739306353285336,2.6998069733402317,0.17891069839258658,0.012223580258949807,,,,,,,,,
296.0309987489787,,,0.1120917229575691,,0.2366625817318117,0.017356894303797405,2.718983389183885,0.17888238079965416,0.012203047599916078,,,,,,,,,
296.42629216329135,,,0.11194135805833422,,0.23642479413871412,0.017320800289388278,2.7382960128854337,0.17885406768876827,0.012182549430784508,,,,,,,,,
296.82211341720205,,,0.11179119486536566,,0.2361872454635689,0.01728478133321558,2.7577458119135105,0.1788257590592195,0.012162085693620392,,,,,,,,,
297.21846321554114,,,0.11164123310808542,,0.2359499354663222,0.017248837279194136,2.777333760608568,0.17879745491029847,0.012141656330586328,,,,,,,,,
297.6153422640794,,,0.11149147251627864,,0.23571286390716173,0.01721296797156345,2.797060840231655,0.17876915524129602,0.012121261283942109,,,,,,,,,
298.01275126953004,,,0.11134191282009302,,0.23547603054651609,0.01717717325488689,2.816928039013603,0.1787408600515032,0.012100900496044509,,,,,,,,,
298.41069093955065,,,0.11119255375003796,,0.23523943514505424,0.01714145297405104,2.8369363522045634,0.17871256934021093,0.012080573909347105,,,,,,,,,
298.8091619827437,,,0.11104339503698443,,0.2350030774636857,0.01710580697426502,2.857086782123835,0.17868428310671036,0.01206028146640014,,,,,,,,,
299.2081651086572,,,0.11089443641216457,,0.23476695726356053,0.017070235101059903,2.8773803382100414,0.17865600135029283,0.012040023109850381,,,,,,,,,
299.60770102778713,,,0.11074567760717104,,0.23453107430606854,0.017034737200287958,2.89781803707175,0.17862772407024963,0.012019798782440924,,,,,,,,,
300.0077704515777,,,0.11059599844394051,,0.234293411870758,0.016999359260942103,2.918011950734664,0.17859874574818232,0.01199959837880397,,,,,,,,,
300.40837409242374,,,0.11039003528114691,,0.23395424402008624,0.016966381237079442,2.918627715059087,0.17853413900300621,0.011978925155631282,,,,,,,,,
300.8095126636714,,,0.11018445568398869,,0.23361556715560983,0.016933467189160865,2.919243609323247,0.17846955562883138,0.011958287548830297,,,,,,,,,
301.2111868796189,,,0.10997925893815087,,0.2332773805665674,0.016900616993075816,2.919859633554563,0.17840499561720358,0.011937685497040216,,,,,,,,,
301.613397455518,,,0.1097744443306488,,0.23293968354322672,0.01686783052495452,2.920475787780461,0.17834045895967165,0.01191711893900594,,,,,,,,,
302.0161451075763,,,0.10957001114982529,,0.2326024753768824,0.016835107661167453,2.921092072028373,0.17827594564778737,0.011896587813577884,,,,,,,,,
302.4194305529578,,,0.10936595868534844,,0.23226575535985483,0.016802448278324923,2.9217084863257368,0.17821145567310553,0.011876092059711803,,,,,,,,,
302.82325450978345,,,0.10916228622820957,,0.23192952278548964,0.01676985225327666,2.9223250306999953,0.1781469890271842,0.01185563161646866,,,,,,,,,
303.2276176971331,,,0.10895899307072035,,0.23159377694815533,0.016737319463111296,2.922941705178597,0.17808254570158435,0.011835206423014406,,,,,,,,,
303.6325208350475,,,0.10875607850651012,,0.23125851714324125,0.016704849785155858,2.9235585097889976,0.1780181256878701,0.01181481641861976,,,,,,,,,
304.03796464452876,,,0.1085535418305236,,0.23092374266715682,0.01667244309697537,2.9241754445586583,0.17795372897760833,0.011794461542660067,,,,,,,,,
304.44394984754126,,,0.10835138233901895,,0.23058945281733065,0.016640099276372406,2.9247925095150444,0.17788935556236943,0.011774141734615162,,,,,,,,,
304.85047716701365,,,0.10814959932956468,,0.2302556468922079,0.016607818201386567,2.9254097046856287,0.17782500543372642,0.01175385693406911,,,,,,,,,
305.25754732683964,,,0.10794819210103763,,0.22992232419124978,0.016575599750294098,2.9260270300978886,0.17776067858325575,0.011733607080710095,,,,,,,,,
305.66516105188015,,,0.10774715995362003,,0.22958948401493104,0.01654344380160731,2.9266444857793084,0.17769637500253663,0.011713392114330168,,,,,,,,,
306.07331906796406,,,0.10754650218879737,,0.22925712566473896,0.016511350234074216,2.927262071757378,0.17763209468315125,0.011693211974825108,,,,,,,,,
306.4820221018888,,,0.10734621810935635,,0.2289252484431727,0.016479318926678088,2.927879788059593,0.17756783761668518,0.011673066602194278,,,,,,,,,
306.89127088142226,,,0.10714630701938195,,0.22859385165374108,0.016447349758636973,2.9284976347134535,0.17750360379472682,0.01165295593654041,,,,,,,,,
307.3010661353049,,,0.10694676822425503,,0.22826293460096056,0.016415442609403176,2.929115611746467,0.17743939320886765,0.011632879918069399,,,,,,,,,
307.7114085932501,,,0.10674760103064991,,0.22793249659035444,0.01638359735866286,2.9297337191861477,0.17737520585070207,0.011612838487090146,,,,,,,,,
308.1222989859452,,,0.10654880474653243,,0.22760253692845203,0.01635181388633564,2.9303519570600125,0.1773110417118278,0.01159283158401444,,,,,,,,,
308.5337380450529,,,0.10635037868115726,,0.2272730549227863,0.01632009207257408,2.9309703253955868,0.17724690078384533,0.011572859149356707,,,,,,,,,
308.945726503214,,,0.10615232214506504,,0.22694404988189215,0.016288431797763212,2.9315888242204005,0.1771827830583584,0.011552921123733838,,,,,,,,,
309.3582650940472,,,0.10595463445008048,,0.22661552111530575,0.01625683294252009,2.9322074535619898,0.17711868852697357,0.011533017447865028,,,,,,,,,
309.7713545521504,,,0.10575731490931016,,0.22628746793356289,0.016225295387693427,2.932826213447897,0.17705461718130056,0.011513148062571634,,,,,,,,,
310.1849956131026,,,0.10556036283713971,,0.2259598896481975,0.016193819014363058,2.9334451039056693,0.17699056901295218,0.011493312908776957,,,,,,,,,
310.5991890134648,,,0.10536377754923171,,0.22563278557174027,0.016162403703839544,2.93406412496286,0.17692654401354416,0.011473511927506085,,,,,,,,,
311.01393549078216,,,0.10516755836252291,,0.22530615501771664,0.016131049337663652,2.9346832766470285,0.17686254217469538,0.011453745059885681,,,,,,,,,
311.42923578358466,,,0.10497170459522209,,0.2249799973006457,0.016099755797605947,2.935302558985741,0.17679856348802755,0.01143401224714384,,,,,,,,,
311.8450906313878,,,0.1047762155668081,,0.2246543117360395,0.01606852296566641,2.9359219720065672,0.17673460794516566,0.011414313430609932,,,,,,,,,
312.2615007746946,,,0.10458109059802705,,0.22432909764040088,0.016037350724073928,2.9365415157370847,0.1766706755377376,0.011394648551714416,,,,,,,,,
312.67846695499753,,,0.10438632901088979,,0.22400435433122154,0.016006238955285818,2.937161190204875,0.1766067662573743,0.011375017551988623,,,,,,,,,
313.0959899147791,,,0.10419193012866976,,0.22368008112698143,0.015975187541987432,2.9377809954375285,0.17654288009570965,0.01135542037306461,,,,,,,,,
313.51407039751285,,,0.10399789327590096,,0.22335627734714736,0.015944196367091743,2.938400931462638,0.17647901704438065,0.011335856956675031,,,,,,,,,
313.9327091476647,,,0.10380421777837534,,0.2230329423121714,0.01591326531373887,2.939020998307803,0.17641517709502744,0.011316327244652922,,,,,,,,,
314.35190691069573,,,0.10361090296314009,,0.22271007534348888,0.01588239426529559,2.93964119600063,0.1763513602392929,0.011296831178931497,,,,,,,,,
314.7716644330621,,,0.10341794815849567,,0.22238767576351726,0.015851583105354936,2.9402615245687316,0.17628756646882315,0.011277368701544006,,,,,,,,,
315.1919824622163,,,0.10322535269399377,,0.2220657428956556,0.015820831717735826,2.940881984039725,0.17622379577526723,0.011257939754623612,,,,,,,,,
315.6128617466091,,,0.10303311590043446,,0.22174427606428207,0.015790139986482536,2.941502574441233,0.17616004815027733,0.011238544280403131,,,,,,,,,
316.0343030356904,,,0.10284123710986423,,0.22142327459475308,0.015759507795864304,2.9421232958008847,0.17609632358550856,0.011219182221214942,,,,,,,,,
316.4563070799116,,,0.10264971565557321,,0.2211027378134012,0.01572893503037485,2.942744148146315,0.17603262207261897,0.011199853519490731,,,,,,,,,
316.87887463072593,,,0.10245855087209312,,0.22078266504753435,0.01569842157473196,2.943365131505166,0.17596894360326976,0.011180558117761367,,,,,,,,,
317.3020064405897,,,0.10226774209519532,,0.22046305562543456,0.015667967313877106,2.9439862459050836,0.17590528816912507,0.01116129595865676,,,,,,,,,
317.72570326296375,,,0.10207728866188812,,0.22014390887635635,0.01563757213297499,2.94460749137372,0.17584165576185223,0.011142066984905663,,,,,,,,,
318.14996585231574,,,0.10188718991041429,,0.21982522413052472,0.015607235917413021,2.945228867938734,0.17577804637312128,0.01112287113933546,,,,,,,,,
318.5747949641209,,,0.10169744518024891,,0.21950700071913418,0.015576958552800958,2.94585037562779,0.1757144599946055,0.011103708364872037,,,,,,,,,
319.0001913548624,,,0.10150805381209753,,0.21918923797434803,0.01554673992497052,2.946472014468558,0.17565089661798108,0.011084578604539631,,,,,,,,,
319.4261557820337,,,0.10131901514789345,,0.21887193522929632,0.015516579919974908,2.947093784488713,0.1755873562349274,0.011065481801460653,,,,,,,,,
319.85268900414064,,,0.10113032853079504,,0.21855509181807367,0.015486478424088302,2.9477156857159375,0.17552383883712655,0.011046417898855448,,,,,,,,,
320.2797917807007,,,0.10094199330518454,,0.21823870707573959,0.015456435323805601,2.9483377181779185,0.17546034441626385,0.011027386840042246,,,,,,,,,
320.7074648722467,,,0.10075400881666456,,0.21792278033831544,0.015426450505841807,2.9489598819023506,0.17539687296402756,0.01100838856843687,,,,,,,,,
321.1357090403262,,,0.10056637441205683,,0.21760731094278424,0.015396523857131755,2.949582176916932,0.1753334244721089,0.010989423027552677,,,,,,,,,
321.5645250475036,,,0.10037908943939942,,0.21729229822708898,0.01536665526482962,2.9502046032493676,0.1752699989322023,0.010970490161000324,,,,,,,,,
321.9939136573621,,,0.1001921532479444,,0.21697774153013052,0.015336844616308465,2.950827160927369,0.1752065963360049,0.010951589912487611,,,,,,,,,
322.4238756345047,,,0.10000556518815558,,0.21666364019176668,0.015307091799159822,2.9514498499786535,0.17514321667521704,0.010932722225819308,,,,,,,,,
322.8544117445546,,,0.0998193246117068,,0.21634999355281148,0.015277396701193345,2.952072670430943,0.17507985994154196,0.01091388704489702,,,,,,,,,
323.28552275415745,,,0.09963343087147922,,0.2160368009550332,0.015247759210436336,2.9526956223119654,0.17501652612668608,0.010895084313719017,,,,,,,,,
323.7172094309832,,,0.09944788332155892,,0.2157240617411524,0.015218179215133267,2.953318705649455,0.1749532152223586,0.010876313976380008,,,,,,,,,
324.1494725437268,,,0.09926268131723472,,0.21541177525484123,0.015188656603745415,2.953941920471154,0.17488992722027175,0.010857575977071024,,,,,,,,,
324.5823128621091,,,0.09907782421499657,,0.21509994084072243,0.015159191264950482,2.9545652668048064,0.1748266621121409,0.010838870260079271,,,,,,,,,
325.01573115687887,,,0.09889331137253263,,0.21478855784436737,0.015129783087642132,2.9551887446781646,0.1747634198896843,0.010820196769787944,,,,,,,,,
325.4497281998148,,,0.09870914214872695,,0.21447762561229428,0.015100431960929498,2.955812354118987,0.1747002005446233,0.010801555450676008,,,,,,,,,
325.88430476372497,,,0.0985253159036581,,0.21416714349196808,0.015071137774136932,2.9564360951550364,0.17463700406868207,0.010782946247318128,,,,,,,,,
326.3194616224507,,,0.09834183199859567,,0.2138571108317975,0.015041900416803389,2.957059967814083,0.17457383045358796,0.010764369104384428,,,,,,,,,
326.7551995508657,,,0.09815868979599938,,0.21354752698113527,0.01501271977868221,2.9576839721239017,0.17451067969107115,0.010745823966640368,,,,,,,,,
327.1915193248783,,,0.09797588865951606,,0.21323839129027597,0.014983595749740583,2.958308108112273,0.17444755177286503,0.010727310778946588,,,,,,,,,
327.6284217214336,,,0.09779342795397747,,0.21292970311045423,0.01495452822015912,2.958932375806985,0.17438444669070577,0.010708829486258687,,,,,,,,,
328.06590751851405,,,0.09761130704539821,,0.21262146179384378,0.014925517080331472,2.9595567752358307,0.17432136443633248,0.010690380033627095,,,,,,,,,
328.50397749514053,,,0.0974295253009738,,0.21231366669355678,0.014896562220863975,2.9601813064266085,0.17425830500148756,0.010671962366196941,,,,,,,,,
328.9426324313739,,,0.09724808208907823,,0.21200631716364166,0.014867663532575178,2.9608059694071227,0.17419526837791613,0.010653576429207865,,,,,,,,,
329.3818731083175,,,0.09706697677926152,,0.21169941255908162,0.014838820906495397,2.961430764205184,0.17413225455736647,0.010635222167993811,,,,,,,,,
329.82170030811756,,,0.09688620874224782,,0.21139295223579357,0.014810034233866337,2.9620556908486098,0.1740692635315896,0.010616899527982913,,,,,,,,,
330.26211481396416,,,0.09670577734993334,,0.21108693555062713,0.014781303406140742,2.9626807493652207,0.17400629529233982,0.010598608454697338,,,,,,,,,
330.70311741009306,,,0.09652568197538418,,0.2107813618613632,0.014752628314981923,2.9633059397828454,0.17394334983137427,0.01058034889375312,,,,,,,,,
331.1447088817883,,,0.09634592199283333,,0.21047623052671147,0.014724008852263314,2.963931262129319,0.17388042714045296,0.010562120790859943,,,,,,,,,
331.5868900153812,,,0.09616649677767994,,0.21017154090631104,0.014695444910068176,2.9645567164324795,0.1738175272113392,0.01054392409182108,,,,,,,,,
332.0296615982543,,,0.09598740570648569,,0.20986729236072696,0.014666936380689043,2.9651823027201742,0.17375465003579882,0.010525758742533113,,,,,,,,,
332.4730244188407,,,0.09580864815697365,,0.20956348425145074,0.014638483156627465,2.965808021020255,0.1736917956056011,0.010507624688985891,,,,,,,,,
332.91697926662613,,,0.09563022350802591,,0.2092601159408981,0.014610085130593534,2.966433871360577,0.173628963912518,0.010489521877262296,,,,,,,,,
333.3615269321513,,,0.09545213113968083,,0.20895718679240743,0.014581742195505433,2.9670598537690056,0.1735661549483246,0.010471450253538076,,,,,,,,,
333.80666820701265,,,0.09527437043313144,,0.20865469617023863,0.014553454244489082,2.96768596827341,0.17350336870479877,0.010453409764081729,,,,,,,,,
334.2524038838627,,,0.09509694077072336,,0.20835264343957238,0.014525221170877773,2.9683122149016645,0.1734406051737216,0.01043540035525432,,,,,,,,,
334.6987347564127,,,0.09491984153595258,,0.20805102796650843,0.014497042868211733,2.9689385936816506,0.17337786434687702,0.010417421973509344,,,,,,,,,
335.1456616194341,,,0.09474307211346288,,0.20774984911806363,0.014468919230237664,2.969565104641255,0.17331514621605187,0.010399474565392516,,,,,,,,,
335.59318526876,,,0.09456663188904393,,0.20744910626217117,0.014440850150908393,2.970191747808371,0.1732524507730361,0.01038155807754164,,,,,,,,,
336.04130650128513,,,0.0943905202496297,,0.2071487987676797,0.01441283552438254,2.9708185232108972,0.1731897780096225,0.010363672456686485,,,,,,,,,
336.490026114969,,,0.09421473658329554,,0.20684892600435137,0.014384875245024005,2.971445430876738,0.17312712791760698,0.010345817649648585,,,,,,,,,
336.939344908836,,,0.09403928027925673,,0.20654948734286072,0.01435696920740165,2.972072470833803,0.17306450048878833,0.010327993603341091,,,,,,,,,
337.38926368297837,,,0.09386415072786553,,0.2062504821547931,0.014329117306288825,2.9726996431100092,0.1730018957149683,0.010310200264768601,,,,,,,,,
337.8397832385566,,,0.09368934732060968,,0.20595190981264344,0.014301319436663015,2.973326947733279,0.1729393135879515,0.010292437581027008,,,,,,,,,
338.2909043778004,,,0.09351486945011049,,0.2056537696898154,0.014273575493705483,2.973954384731541,0.17287675409954578,0.010274705499303375,,,,,,,,,
338.74262790401065,,,0.09334071651012019,,0.20535606116061997,0.014245885372800846,2.974581954132728,0.17281421724156176,0.01025700396687576,,,,,,,,,
339.19495462156146,,,0.09316688789551995,,0.20505878360027321,0.014218248969536615,2.9752096559647807,0.17275170300581297,0.01023933293111302,,,,,,,,,
339.6478853359012,,,0.09299338300231769,,0.20476193638489576,0.014190666179702865,2.9758374902556453,0.17268921138411605,0.010221692339474684,,,,,,,,,
340.101420853553,,,0.09282020122764659,,0.20446551889151182,0.014163136899291875,2.9764654570332727,0.1726267423682905,0.010204082139510831,,,,,,,,,
340.555561982117,,,0.09264734196976236,,0.20416953049804748,0.014135661024497688,2.9770935563256207,0.17256429595015893,0.010186502278861894,,,,,,,,,
341.01030953027237,,,0.09247480462804122,,0.2038739705833288,0.0141082384517157,2.9777217881606526,0.17250187212154666,0.010168952705258498,,,,,,,,,
341.46566430777807,,,0.09230258860297794,,0.20357883852708109,0.01408086907754228,2.9783501525663385,0.17243947087428216,0.010151433366521313,,,,,,,,,
341.9216271254738,,,0.09213069329618383,,0.2032841337099281,0.014053552798774441,2.978978649570653,0.17237709220019676,0.010133944210560923,,,,,,,,,
342.3781987952822,,,0.0919591181103847,,0.20298985551338988,0.014026289512409388,2.9796072792015784,0.17231473609112483,0.010116485185377652,,,,,,,,,
342.8353801302098,,,0.09178786244941858,,0.20269600331988213,0.013999079115644165,2.9802360414871,0.1722524025389037,0.010099056239061422,,,,,,,,,
343.29317194434935,,,0.0916169257182336,,0.2024025765127141,0.01397192150587521,2.980864936455212,0.17219009153537349,0.010081657319791553,,,,,,,,,
343.7515750528808,,,0.09144630732288607,,0.20210957447608766,0.013944816580698002,2.9814939641339135,0.1721278030723774,0.010064288375836651,,,,,,,,,
344.2105902720719,,,0.09127600667053855,,0.2018169965950967,0.013917764237906728,2.982123124551209,0.17206553714176157,0.010046949355554472,,,,,,,,,
344.6702184192802,,,0.0911060231694577,,0.20152484225572528,0.01389076437549385,2.982752417735109,0.17200329373537518,0.010029640207391733,,,,,,,,,
345.13046031295556,,,0.09093635622901193,,0.2012331108448458,0.013863816891649665,2.98338184371363,0.17194107284507015,0.01001236087988395,,,,,,,,,
345.5913167726407,,,0.09076700525966962,,0.2009418017502182,0.013836921684762004,2.984011402514796,0.17187887446270148,0.009995111321655311,,,,,,,,,
346.05278861897193,,,0.09059796967299713,,0.20065091436048926,0.01381007865341584,2.9846410941666344,0.17181669858012702,0.009977891481418524,,,,,,,,,
346.5148766736814,,,0.0904292488816569,,0.20036044806519065,0.013783287696392893,2.9852709186971786,0.17175454518920785,0.009960701307974676,,,,,,,,,
346.97758175959916,,,0.09026084229940469,,0.20007040225473752,0.0137565487126712,2.9859008761344703,0.17169241428180765,0.009943540750213005,,,,,,,,,
347.4409047006541,,,0.09009274934108814,,0.19978077632042726,0.013729861601424777,2.986530966506556,0.17163030584979308,0.00992640975711084,,,,,,,,,
347.9048463218745,,,0.08992496942264491,,0.19949156965443887,0.013703226262023284,2.987161189841487,0.17156821988503398,0.009909308277733416,,,,,,,,,
348.3694074493908,,,0.0897575019611001,,0.1992027816498312,0.013676642594031568,2.9877915461673217,0.17150615637940295,0.009892236261233716,,,,,,,,,
348.8345889104361,,,0.08959034637456478,,0.1989144117005419,0.013650110497209348,2.9884220355121234,0.1714441153247756,0.009875193656852337,,,,,,,,,
349.30039153334883,,,0.08942350208223325,,0.19862645920138536,0.013623629871510756,2.989052657903963,0.17138209671303042,0.009858180413917284,,,,,,,,,
349.76681614757365,,,0.08925696850438158,,0.19833892354805216,0.013597200617084013,2.989683413370916,0.17132010053604885,0.00984119648184388,,,,,,,,,
350.23386358366184,,,0.0890907450623656,,0.1980518041371082,0.013570822634271085,2.9903143019410643,0.17125812678571528,0.00982424181013463,,,,,,,,,
350.70153467327395,,,0.08892483117861885,,0.1977651003659928,0.01354449582360727,2.990945323642495,0.17119617545391713,0.009807316348378996,,,,,,,,,
351.16983024918164,,,0.08875922627665024,,0.19747881163301723,0.013518220085820794,2.991576478503302,0.1711342465325446,0.009790420046253313,,,,,,,,,
351.63875114526866,,,0.0885939297810421,,0.19719293733736368,0.013491995321832453,2.9922077665515854,0.1710723400134908,0.009773552853520575,,,,,,,,,
352.10829819653145,,,0.08842894111744884,,0.19690747687908453,0.013465821432755298,2.99283918781545,0.171010455888652,0.009756714720030377,,,,,,,,,
352.57847223908146,,,0.0882642597125943,,0.1966224296591008,0.013439698319894213,2.993470742323007,0.1709485941499272,0.009739905595718702,,,,,,,,,
353.04927411014734,,,0.08809988499426978,,0.1963377950792001,0.013413625884745511,2.9941024301023744,0.17088675478921841,0.009723125430607774,,,,,,,,,
353.52070464807576,,,0.08793581639133222,,0.19605357254203626,0.013387604028996594,2.9947342511816757,0.1708249377984305,0.009706374174805894,,,,,,,,,
353.99276469233195,,,0.08777205333370233,,0.19576976145112804,0.013361632654525628,2.9953662055890393,0.1707631431694714,0.009689651778507365,,,,,,,,,
354.4654550835027,,,0.08760859525236252,,0.1954863612108577,0.01333571166340111,2.995998293352601,0.17070137089425183,0.009672958191992275,,,,,,,,,
354.93877666329666,,,0.08744544157935483,,0.19520337122646964,0.013309840957881541,2.9966305145005006,0.17063962096468552,0.009656293365626395,,,,,,,,,
355.4127302745472,,,0.08728259174777896,,0.19492079090406914,0.013284020440414991,2.9972628690608865,0.17057789337268914,0.009639657249860953,,,,,,,,,
355.88731676121324,,,0.0871200451917901,,0.19463861965062104,0.013258250013638794,2.9978953570619113,0.1705161881101821,0.009623049795232572,,,,,,,,,
356.3625369683798,,,0.08695780134659777,,0.19435685687394902,0.013232529580379182,2.998527978531734,0.17045450516908703,0.009606470952363106,,,,,,,,,
356.83839174226046,,,0.08679585964846298,,0.1940755019827342,0.013206859043650912,2.9991607334985186,0.17039284454132927,0.009589920671959481,,,,,,,,,
357.3148819301993,,,0.08663421953469659,,0.19379455438651313,0.013181238306656842,2.9997936219904364,0.17033120621883718,0.009573398904813502,,,,,,,,,
357.79200838067214,,,0.08647288044365728,,0.19351401349567726,0.013155667272787618,3.000426644035665,0.17026959019354185,0.009556905601801783,,,,,,,,,
358.26977194328674,,,0.08631184181474982,,0.19323387872147182,0.01313014584562134,3.001059799662386,0.1702079964573776,0.009540440713885585,,,,,,,,,
358.7481734687857,,,0.08615110308842318,,0.19295414947599449,0.013104673928923165,3.001693088898788,0.17014642500228153,0.009524004192110622,,,,,,,,,
359.227213809048,,,0.08599066370616792,,0.1926748251721935,0.013079251426644897,3.0023265117730653,0.17008487582019347,0.009507595987606964,,,,,,,,,
359.7068938170904,,,0.08583052311051491,,0.1923959052238669,0.013053878242924675,3.00296006831342,0.17002334890305643,0.009491216051588872,,,,,,,,,
360.1872143470678,,,0.08567068074503326,,0.1921173890456619,0.013028554282086642,3.003593758548057,0.16996184424281616,0.009474864335354648,,,,,,,,,
360.66817625427626,,,0.08551113605432836,,0.19183927605307258,0.013003279448640524,3.00422758250519,0.1699003618314215,0.009458540790286515,,,,,,,,,
361.1497803951533,,,0.0853518884840399,,0.19156156566243973,0.01297805364728133,3.004861540213036,0.16983890166082405,0.00944224536785046,,,,,,,,,
361.63202762728093,,,0.08519293748083982,,0.1912842572909483,0.012952876782888902,3.00549563169982,0.1697774637229784,0.009425978019596071,,,,,,,,,
362.1149188093862,,,0.0850342824924305,,0.19100735035662728,0.012927748760527614,3.006129856993772,0.16971604800984189,0.009409738697156386,,,,,,,,,
362.59845480134226,,,0.08487592296754301,,0.1907308442783482,0.012902669485446052,3.006764216123129,0.16965465451337508,0.009393527352247811,,,,,,,,,
363.0826364641702,,,0.08471785835593523,,0.19045473847582411,0.012877638863076616,3.0073987091161323,0.16959328322554118,0.009377343936669943,,,,,,,,,
363.56746466004194,,,0.08456008810838932,,0.19017903236960754,0.01285265679903512,3.00803333600103,0.16953193413830636,0.009361188402305366,,,,,,,,,
364.0529402522803,,,0.08440261167671036,,0.18990372538108982,0.012827723199120485,3.008668096806077,0.16947060724363974,0.009345060701119595,,,,,,,,,
364.53906410536035,,,0.08424542851372462,,0.18962881693250044,0.012802837969314414,3.009302991559534,0.16940930253351327,0.00932896078516091,,,,,,,,,
365.02583708491153,,,0.08408853807327722,,0.18935430644690515,0.012778001015781002,3.009938020289665,0.169348019999902,0.009312888606560208,,,,,,,,,
365.5132600577198,,,0.08393193981023034,,0.18908019334820456,0.012753212244866335,3.010573183024743,0.16928675963478365,0.009296844117530813,,,,,,,,,
366.0013338917286,,,0.08377563318046115,,0.18880647706113315,0.012728471563098205,3.0112084797930465,0.16922552143013894,0.009280827270368407,,,,,,,,,
366.49005945603966,,,0.0836196176408606,,0.18853315701125875,0.012703778877185753,3.0118439106228587,0.1691643053779515,0.00926483801745087,,,,,,,,,
366.97943762091546,,,0.08346389264933075,,0.1882602326249803,0.012679134094019093,3.01247947554247,0.16910311147020776,0.009248876311238097,,,,,,,,,
367.46946925778036,,,0.0833084576647835,,0.1879877033295275,0.012654537120668979,3.0131151745801756,0.16904193969889733,0.00923294210427192,,,,,,,,,
367.96015523922296,,,0.08315331214713814,,0.18771556855295873,0.01262998786438641,3.013751007764278,0.16898079005601235,0.009217035349175916,,,,,,,,,
368.451496438997,,,0.08299845555731962,,0.18744382772416027,0.012605486232602315,3.0143869751230854,0.1689196625335481,0.00920115599865525,,,,,,,,,
368.9434937320224,,,0.08284388735725727,,0.1871724802728457,0.01258103213292724,3.015023076684911,0.16885855712350262,0.009185304005496622,,,,,,,,,
369.43614799438706,,,0.08268960700988226,,0.18690152562955398,0.012556625473150961,3.015659312478074,0.16879747381787705,0.009169479322568059,,,,,,,,,
369.92946010334987,,,0.08253561397912584,,0.1866309632256482,0.012532266161242102,3.0162956825309006,0.16873641260867517,0.00915368190281878,,,,,,,,,
370.4234309373408,,,0.08238190772991758,,0.1863607924933145,0.012507954105347822,3.016932186871723,0.16867537348790376,0.009137911699279034,,,,,,,,,
370.9180613759622,,,0.08222848772818361,,0.1860910128655615,0.012483689213793506,3.0175688255288793,0.16861435644757256,0.009122168665060042,,,,,,,,,
371.41335229999095,,,0.08207535344084489,,0.1858216237762185,0.012459471395082397,3.0182055985307117,0.16855336147969407,0.009106452753353802,,,,,,,,,
371.90930459138076,,,0.08192250433581469,,0.185552624659934,0.012435300557895186,3.01884250590557,0.16849238857628385,0.009090763917432909,,,,,,,,,
372.40591913326307,,,0.08176993988199732,,0.18528401495217506,0.012411176611089723,3.019479547681812,0.1684314377293601,0.009075102110650489,,,,,,,,,
372.90319680994776,,,0.08161765954928628,,0.18501579408922622,0.012387099463700708,3.0201167238877975,0.16837050893094416,0.00905946728644004,,,,,,,,,
373.401138506926,,,0.08146566280856232,,0.18474796150818795,0.012363069024939295,3.020754034551894,0.16830960217306007,0.009043859398315292,,,,,,,,,
373.8997451108708,,,0.08131394913169152,,0.1844805166469757,0.012339085204192773,3.0213914797024755,0.16824871744773498,0.009028278399870035,,,,,,,,,
374.39901750964026,,,0.08116251799152337,,0.18421345894431834,0.01231514791102419,3.022029059367921,0.1681878547469987,0.009012724244778027,,,,,,,,,
374.89895659227767,,,0.08101136886188909,,0.1839467878397571,0.01229125705517203,3.0226667735766175,0.16812701406288388,0.008997196886792833,,,,,,,,,
375.3995632490129,,,0.0808605012175999,,0.1836805027736451,0.012267412546549922,3.023304622356956,0.16806619538742634,0.008981696279747684,,,,,,,,,
375.90083837126457,,,0.08070991453444527,,0.18341460318714542,0.012243614295246256,3.0239426057373335,0.16800539871266454,0.008966222377555377,,,,,,,,,
376.40278285164237,,,0.08055960828919047,,0.1831490885222298,0.012219862211523805,3.0245807237461535,0.16794462403063995,0.00895077513420809,,,,,,,,,
376.9053975839478,,,0.08040958195957534,,0.182883958221678,0.012196156205819444,3.0252189764118267,0.16788387133339674,0.008935354503777238,,,,,,,,,
377.4086834631752,,,0.08025983502431246,,0.18261921172907644,0.012172496188743822,3.0258573637627673,0.1678231406129822,0.008919960440413408,,,,,,,,,
377.9126413855139,,,0.08011036696308528,,0.18235484848881736,0.012148882071080997,3.0264958858273974,0.16776243186144638,0.008904592898346166,,,,,,,,,
378.4172722483513,,,0.07996117725654589,,0.18209086794609647,0.012125313763788052,3.0271345426341445,0.16770174507084212,0.00888925183188392,,,,,,,,,
378.92257695027126,,,0.07981226538631393,,0.18182726954691364,0.012101791177994883,3.027773334211442,0.16764108023322533,0.008873937195413802,,,,,,,,,
379.4285563910593,,,0.0796636308349741,,0.18156405273806972,0.012078314225003713,3.0284122605877304,0.16758043734065453,0.008858648943401515,,,,,,,,,
379.9352114717012,,,0.07951527308607487,,0.18130121696716706,0.012054882816288895,3.0290513217914543,0.1675198163851914,0.008843387030391236,,,,,,,,,
380.44254309438577,,,0.07936719162412666,,0.1810387616826077,0.012031496863496513,3.0296905178510647,0.1674592173589003,0.008828151411005456,,,,,,,,,
380.95055216250734,,,0.0792193859345995,,0.18077668633359179,0.012008156278444022,3.0303298487950197,0.16739864025384857,0.008812942039944803,,,,,,,,,
381.4592395806666,,,0.07907185550392176,,0.18051499037011678,0.01198486097311994,3.0309693146517835,0.16733808506210626,0.008797758871987972,,,,,,,,,
381.96860625467133,,,0.07892459981947843,,0.18025367324297675,0.011961610859683565,3.031608915449825,0.1672775517757465,0.008782601861991576,,,,,,,,,
382.47865309153883,,,0.07877761836960909,,0.17999273440376082,0.011938405850464611,3.0322486512176194,0.16721704038684515,0.008767470964890015,,,,,,,,,
382.98938099949845,,,0.07863091064360603,,0.17973217330485156,0.011915245857962817,3.032888521983649,0.167156550887481,0.008752366135695277,,,,,,,,,
383.5007908879922,,,0.07848447613171254,,0.1794719893994243,0.011892130794847675,3.0335285277764017,0.1670960832697356,0.008737287329496898,,,,,,,,,
384.0128836676756,,,0.0783383143251216,,0.17921218214144644,0.011869060573958132,3.0341686686243703,0.16703563752569345,0.00872223450146177,,,,,,,,,
384.52566025042046,,,0.0781924247159736,,0.17895275098567565,0.01184603510830222,3.034808944556054,0.166975213647442,0.008707207606834046,,,,,,,,,
385.03912154931714,,,0.07804680679735443,,0.17869369538765859,0.01182305431105668,3.0354493555999595,0.16691481162707134,0.008692206600934956,,,,,,,,,
385.55326847867383,,,0.07790146006329453,,0.17843501480373053,0.01180011809556676,3.0360899017845977,0.1668544314566747,0.008677231439162741,,,,,,,,,
386.0681019540211,,,0.07775638400876601,,0.17817670869101326,0.011777226375345739,3.0367305831384868,0.16679407312834782,0.008662282076992428,,,,,,,,,
386.58362289211084,,,0.07761157812968202,,0.1779187765074149,0.011754379064074734,3.0373713996901506,0.16673373663418964,0.008647358469975804,,,,,,,,,
387.09983221091926,,,0.07746704192289426,,0.17766121771162832,0.011731576075602308,3.0380123514681174,0.16667342196630178,0.008632460573741221,,,,,,,,,
387.6167308296489,,,0.07732277488619138,,0.17740403176312966,0.011708817323944137,3.038653438500924,0.1666131291167888,0.00861758834399347,,,,,,,,,
388.1343196687299,,,0.07717877651829727,,0.17714721812217746,0.011686102723282686,3.0392946608171125,0.16655285807775796,0.008602741736513623,,,,,,,,,
388.6525996498206,,,0.0770350463188695,,0.17689077624981206,0.011663432187966944,3.0399360184452298,0.16649260884131953,0.008587920707158988,,,,,,,,,
389.17157169581014,,,0.07689158378849753,,0.17663470560785394,0.011640805632512055,3.04057751141383,0.16643238139958666,0.008573125211862912,,,,,,,,,
389.69123673082055,,,0.07674838842870053,,0.17637900565890235,0.01161822297159897,3.041219139751473,0.16637217574467517,0.008558355206634624,,,,,,,,,
390.21159568020806,,,0.07660545974192615,,0.17612367586633443,0.011595684120074154,3.0418609034867243,0.16631199186870388,0.008543610647559166,,,,,,,,,
390.7326494705638,,,0.07646279723154865,,0.1758687156943046,0.0115731889929493,3.042502802648157,0.1662518297637944,0.008528891490797245,,,,,,,,,
391.2543990297163,,,0.07632040040186727,,0.17561412460774267,0.011550737505400959,3.0431448372643475,0.1661916894220713,0.0085141976925851,,,,,,,,,
391.77684528673296,,,0.07617826875810432,,0.17535990207235336,0.011528329572770248,3.0437870073638797,0.16613157083566182,0.008499529209234344,,,,,,,,,
392.29998917192233,,,0.07603640180640342,,0.17510604755461434,0.011505965110562493,3.044429312975344,0.16607147399669625,0.008484885997131878,,,,,,,,,
392.8238316168353,,,0.07589479905382789,,0.17485256052177567,0.01148364403444692,3.045071754127337,0.1660113988973075,0.008470268012739708,,,,,,,,,
393.348373554266,,,0.0757534600083592,,0.1745994404418591,0.011461366260256414,3.04571433084846,0.16595134552963145,0.008455675212594887,,,,,,,,,
393.87361591825385,,,0.07561238417889522,,0.17434668678365625,0.011439131703987117,3.0463570431673213,0.1658913138858069,0.008441107553309343,,,,,,,,,
394.3995596440865,,,0.07547157107524803,,0.17409429901672765,0.01141694028179811,3.0469998911125344,0.16583130395797538,0.00842656499156974,,,,,,,,,
394.92620566830044,,,0.07533102020814277,,0.17384227661140148,0.011394791910011118,3.0476428747127207,0.16577131573828124,0.008412047484137347,,,,,,,,,
395.45355492868197,,,0.07519073108921578,,0.17359061903877313,0.011372686505110238,3.0482859939965055,0.16571134921887173,0.008397554987847958,,,,,,,,,
395.9816083642696,,,0.07505070323101305,,0.17333932577070366,0.011350623983741578,3.04892924899252,0.16565140439189707,0.00838308745961173,,,,,,,,,
396.51036691535654,,,0.0749109361469881,,0.17308839627981823,0.011328604262712918,3.0495726397294045,0.16559148124951006,0.008368644856413044,,,,,,,,,
397.03983152349156,,,0.0747714293515004,,0.1728378300395056,0.01130662725899343,3.0502161662358023,0.16553157978386643,0.008354227135310366,,,,,,,,,
397.57000313148,,,0.07463218235981428,,0.172587626523917,0.01128469288971339,3.0508598285403634,0.16547169998712485,0.008339834253436184,,,,,,,,,
398.1008826833864,,,0.07449319468809648,,0.17233778520796494,0.011262801072163826,3.0515036266717455,0.16541184185144675,0.008325466167996823,,,,,,,,,
398.6324711245355,,,0.07435446585341507,,0.17208830556732205,0.011240951723796227,3.052147560658609,0.16535200536899647,0.008311122836272352,,,,,,,,,
399.1647694015154,,,0.07421599537373709,,0.17183918707841978,0.011219144762222206,3.052791630529623,0.165292190531941,0.008296804215616396,,,,,,,,,
399.69777846217784,,,0.07407778276792738,,0.17159042921844733,0.011197380105213189,3.0534358363134637,0.16523239733245035,0.008282510263456075,,,,,,,,,
400.23149925563973,,,0.07393982755574707,,0.17134203146535132,0.011175657670700159,3.0540801780388103,0.16517262576269723,0.008268240937291876,,,,,,,,,
400.76593273228514,,,0.07380212925785147,,0.17109399329783392,0.011153977376773315,3.054724655734349,0.1651128758148574,0.008253996194697476,,,,,,,,,
401.30107984376815,,,0.07366468739578853,,0.17084631419535157,0.011132339141681718,3.055369269428773,0.16505314748110916,0.008239775993319657,,,,,,,,,
401.8369415430135,,,0.07352750149199708,,0.17059899363811448,0.011110742883833024,3.0560140191507816,0.16499344075363376,0.008225580290878165,,,,,,,,,
402.37351878421754,,,0.07339057106980565,,0.17035203110708538,0.011089188521793211,3.056658904929079,0.16493375562461537,0.008211409045165582,,,,,,,,,
402.9108125228509,,,0.07325389565343036,,0.17010542608397863,0.011067675974286232,3.057303926792376,0.16487409208624088,0.008197262214047232,,,,,,,,,
403.4488237156608,,,0.07311747476797328,,0.16985917805125836,0.011046205160193681,3.0579490847693895,0.1648144501307001,0.008183139755461007,,,,,,,,,
403.987553320672,,,0.07298130793942086,,0.1696132864921379,0.01102477599855451,3.0585943788888432,0.16475482975018543,0.008169041627417245,,,,,,,,,
404.5270022971877,,,0.07284539469464239,,0.1693677508905791,0.011003388408564784,3.0592398091794655,0.16469523093689245,0.008154967787998667,,,,,,,,,
405.0671716057926,,,0.07270973456138839,,0.16912257073129067,0.01098204230957729,3.0598853756699915,0.16463565368301927,0.00814091819536019,,,,,,,,,
405.60806220835343,,,0.07257432706828874,,0.16887774549972742,0.010960737621101292,3.060531078389162,0.16457609798076706,0.008126892807728842,,,,,,,,,
406.14967506802236,,,0.07243917174485108,,0.1686332746820886,0.010939474262802163,3.061176917365725,0.16451656382233962,0.008112891583403574,,,,,,,,,
406.69201114923754,,,0.07230426812145924,,0.1683891577653174,0.010918252154501129,3.061822892628433,0.1644570511999435,0.008098914480755212,,,,,,,,,
407.23507141772416,,,0.07216961572937175,,0.16814539423709993,0.010897071216174985,3.0624690042060467,0.16439756010578838,0.008084961458226304,,,,,,,,,
407.778856840497,,,0.07203521410072011,,0.16790198358586403,0.010875931367955777,3.06311525212733,0.1643380905320865,0.008071032474331002,,,,,,,,,
408.3233683858628,,,0.07190106276850695,,0.1676589253007777,0.010854832530130452,3.063761636421055,0.1642786424710531,0.008057127487654895,,,,,,,,,
408.8686070234214,,,0.07176716126660464,,0.1674162188717484,0.010833774623140594,3.064408157115999,0.16421921591490593,0.008043246456854943,,,,,,,,,
409.41457372406654,,,0.07163350912975365,,0.16717386378942245,0.010812757567582168,3.0650548142409466,0.16415981085586595,0.00802938934065935,,,,,,,,,
409.9612694599884,,,0.07150010589356114,,0.16693185954518355,0.010791781284205167,3.0657016078246864,0.16410042728615667,0.008015556097867398,,,,,,,,,
410.50869520467603,,,0.07136695109449868,,0.16669020563115117,0.010770845693913313,3.0663485378960145,0.16404106519800454,0.008001746687349362,,,,,,,,,
411.05685193291856,,,0.07123404426990121,,0.16644890154018008,0.010749950717763754,3.066995604483733,0.1639817245836387,0.007987961068046376,,,,,,,,,
411.6057406208059,,,0.07110138495796549,,0.16620794676585962,0.010729096276966823,3.06764280761665,0.16392240543529113,0.007974199198970298,,,,,,,,,
412.1553622457317,,,0.07096897269774811,,0.16596734080251194,0.01070828229288568,3.0682901473235797,0.16386310774519677,0.007960461039203625,,,,,,,,,
412.70571778639425,,,0.07083680702916431,,0.16572708314519147,0.010687508687036064,3.0689376236333406,0.16380383150559322,0.007946746547899342,,,,,,,,,
413.2568082227998,,,0.07070488749298579,,0.16548717328968324,0.010666775381085923,3.0695852365747602,0.16374457670872097,0.007933055684280802,,,,,,,,,
413.80863453626296,,,0.07057321363083958,,0.16524761073250213,0.01064608229685518,3.0702329861766713,0.16368534334682314,0.007919388407641583,,,,,,,,,
414.361197709408,,,0.07044178498520648,,0.16500839497089234,0.010625429356315448,3.0708808724679115,0.1636261314121459,0.007905744677345432,,,,,,,,,
414.91449872617113,,,0.07031060109941938,,0.16476952550282578,0.010604816481589712,3.0715288954773246,0.16356694089693813,0.00789212445282611,,,,,,,,,
415.46853857180355,,,0.07017966151766143,,0.1645310018270008,0.010584243594952003,3.072177055233762,0.16350777179345147,0.007878527693587224,,,,,,,,,
416.0233182328718,,,0.07004896578496456,,0.1642928234428414,0.010563710618827145,3.0728253517660806,0.16344862409394034,0.007864954359202168,,,,,,,,,
416.57883869725913,,,0.0699185134472083,,0.16405498985049666,0.010543217475790479,3.073473785103143,0.16338949779066203,0.007851404409314,,,,,,,,,
417.13510095416785,,,0.06978830405111777,,0.16381750055083913,0.010522764088567544,3.0741223552738166,0.16333039287587672,0.007837877803635311,,,,,,,,,
417.69210599412196,,,0.06965833714426214,,0.1635803550454636,0.010502350380033764,3.0747710623069775,0.16327130934184717,0.007824374501948058,,,,,,,,,
418.24985480896817,,,0.06952861227505311,,0.16334355283668647,0.010481976273214172,3.075419906231507,0.16321224718083907,0.007810894464103514,,,,,,,,,
418.8083483918768,,,0.06939912899274349,,0.1631070934275448,0.010461641691283172,3.0760688870762913,0.16315320638512087,0.007797437650022136,,,,,,,,,
419.3675877373447,,,0.06926988684742555,,0.16287097632179498,0.010441346557564181,3.0767180048702243,0.16309418694696395,0.007784004019693399,,,,,,,,,
419.92757384119636,,,0.0691408853900294,,0.16263520102391194,0.010421090795529385,3.0773672596422044,0.16303518885864232,0.007770593533175741,,,,,,,,,
420.4883077005868,,,0.06901212417232137,,0.16239976703908754,0.0104008743287994,3.0780166514211373,0.1629762121124328,0.007757206150596396,,,,,,,,,
421.0497903140025,,,0.06888360274690242,,0.16216467387322991,0.010380697081143012,3.078666180235935,0.16291725670061502,0.0077438418321512685,,,,,,,,,
421.6120226812625,,,0.06875532066720702,,0.16192992103296294,0.010360558976476928,3.079315846115515,0.16285832261547145,0.007730500538104879,,,,,,,,,
422.1750058035208,,,0.06862727748750116,,0.1616955080256246,0.010340459938865442,3.0799656490887997,0.16279940984928742,0.007717182228790196,,,,,,,,,
422.7387406832691,,,0.06849947276288083,,0.1614614343592657,0.01032039989252015,3.0806155891847204,0.16274051839435086,0.007703886864608522,,,,,,,,,
423.3032283243379,,,0.06837190604927051,,0.1612276995426493,0.010300378761799655,3.0812656664322122,0.1626816482429526,0.0076906144060293535,,,,,,,,,
423.8684697318971,,,0.06824457690342187,,0.16099430308524984,0.01028039647120934,3.081915880860218,0.16262279938738622,0.007677364813590334,,,,,,,,,
424.43446591245885,,,0.0681174848829121,,0.16076124449725193,0.010260452945401042,3.0825662324976846,0.16256397181994822,0.007664138047897093,,,,,,,,,
425.0012178738802,,,0.067990629546142,,0.16052852328954884,0.01024054810917274,3.0832167213735664,0.16250516553293773,0.0076509340696230875,,,,,,,,,
425.568726625364,,,0.06786401045233491,,0.16029613897374187,0.010220681887468303,3.0838673475168243,0.1624463805186566,0.007637752839509556,,,,,,,,,
426.1369931774598,,,0.06773762716153517,,0.16006409106213976,0.010200854205377233,3.084518110956425,0.16238761676940972,0.007624594318365377,,,,,,,,,
426.706018542067,,,0.06761147923460631,,0.15983237906775705,0.010181064988134344,3.08516901172134,0.16232887427750453,0.007611458467066941,,,,,,,,,
427.2758037324358,,,0.06748556623322975,,0.15960100250431336,0.010161314161119504,3.085820049840548,0.1622701530352515,0.00759834524655806,,,,,,,,,
427.8463497631702,,,0.06735988771990309,,0.1593699608862319,0.010141601649857307,3.086471225343035,0.16221145303496357,0.007585254617849791,,,,,,,,,
428.4176576502291,,,0.06723444325793865,,0.15913925372863896,0.01012192738001684,3.087122538257791,0.1621527742689567,0.007572186542020394,,,,,,,,,
428.9897284109271,,,0.0671092324114621,,0.15890888054736294,0.010102291277411402,3.0877739886138134,0.1620941167295495,0.00755914098021517,,,,,,,,,
429.56256306393726,,,0.06698425474541103,,0.15867884085893316,0.010082693267998221,3.088425576440104,0.16203548040906346,0.007546117893646383,,,,,,,,,
430.13616262929366,,,0.06685950982553285,,0.15844913418057857,0.010063133277878129,3.0890773017656734,0.16197686529982283,0.007533117243593105,,,,,,,,,
430.7105281283926,,,0.0667349972183838,,0.15821976003022684,0.010043611233295323,3.089729164619537,0.16191827139415443,0.007520138991401094,,,,,,,,,
431.2856605839932,,,0.06661071649132752,,0.15799071792650393,0.010024127060637112,3.0903811650307156,0.1618596986843882,0.007507183098482743,,,,,,,,,
431.8615610202205,,,0.06648666721253327,,0.15776200738873275,0.010004680686433613,3.0910333030282366,0.16180114716285662,0.007494249526316915,,,,,,,,,
432.43823046256773,,,0.06636284895097441,,0.1575336279369315,0.009985272037357436,3.091685578641134,0.16174261682189506,0.007481338236448833,,,,,,,,,
433.01566993789766,,,0.06623926127642689,,0.15730557909181328,0.009965901040223442,3.0923379918984493,0.16168410765384147,0.007468449190489944,,,,,,,,,
433.5938804744432,,,0.0661159037594682,,0.1570778603747855,0.009946567621988516,3.0929905428292264,0.16162561965103686,0.007455582350117875,,,,,,,,,
434.17286310181083,,,0.06599277597147529,,0.15685047130794796,0.009927271709751195,3.0936432314625177,0.16156715280582473,0.007442737677076257,,,,,,,,,
434.7526188509814,,,0.06586987748462358,,0.15662341141409272,0.009908013230751491,3.0942960578273815,0.16150870711055168,0.0074299151331746445,,,,,,,,,
435.3331487543132,,,0.065747207871885,,0.1563966802167021,0.009888792112370518,3.094949021952883,0.16145028255756672,0.007417114680288354,,,,,,,,,
435.9144538455433,,,0.0656247667070266,,0.15617027723994836,0.009869608282130276,3.0956021238680917,0.16139187913922173,0.007404336280358402,,,,,,,,,
436.496535159788,,,0.06550255356460961,,0.15594420200869286,0.009850461667693381,3.0962553636020855,0.16133349684787157,0.007391579895391386,,,,,,,,,
437.0793937335458,,,0.06538056801998737,,0.15571845404848486,0.009831352196862809,3.0969087411839453,0.16127513567587365,0.007378845487459362,,,,,,,,,
437.6630306047005,,,0.06525880964930397,,0.15549303288555996,0.009812279797581544,3.0975622566427616,0.16121679561558824,0.007366133018699698,,,,,,,,,
438.24744681252133,,,0.06513727802949282,,0.15526793804683972,0.009793244397932362,3.098215910007629,0.16115847665937819,0.007353442451315009,,,,,,,,,
438.8326433976646,,,0.06501597273827533,,0.15504316905993087,0.0097742459261376,3.0988697013076485,0.16110017879960942,0.007340773747573046,,,,,,,,,
439.4186214021762,,,0.06489489335415945,,0.15481872545312386,0.009755284310558814,3.0995236305719276,0.16104190202865043,0.007328126869806546,,,,,,,,,
440.0053818694949,,,0.06477403945643762,,0.1545946067553917,0.009736359479696505,3.10017769782958,0.1609836463388724,0.007315501780413136,,,,,,,,,
440.59292584445075,,,0.06465341062518634,,0.1543708124963897,0.009717471362189948,3.1008319031097242,0.16092541172264954,0.0073028984418552585,,,,,,,,,
441.18125437327103,,,0.06453300644126356,,0.15414734220645354,0.009698619886816787,3.101486246441488,0.16086719817235845,0.007290316816659972,,,,,,,,,
441.7703685035786,,,0.06441282648630825,,0.1539241954165993,0.009679804982492863,3.102140727854002,0.16080900568037884,0.00727775686741894,,,,,,,,,
442.3602692843952,,,0.06429287034273838,,0.15370137165852188,0.009661026578271947,3.1027953473764036,0.16075083423909298,0.007265218556788268,,,,,,,,,
442.95095776614426,,,0.06417313759374944,,0.15347887046459388,0.009642284603345395,3.1034501050378376,0.16069268384088597,0.007252701847488389,,,,,,,,,
443.5424350006519,,,0.06405362782331318,,0.1532566913678647,0.009623578987041926,3.104105000867455,0.16063455447814554,0.007240206702303941,,,,,,,,,
444.13470204114776,,,0.06393434061617619,,0.15303483390206024,0.00960490965882741,3.1047600348944124,0.16057644614326236,0.007227733084083714,,,,,,,,,
444.72775994226794,,,0.06381527555785853,,0.15281329760158113,0.009586276548304518,3.105415207147871,0.16051835882862978,0.007215280955740504,,,,,,,,,
445.32160976005764,,,0.06369643223465182,,0.15259208200150198,0.00956767958521248,3.1060705176570007,0.1604602925266438,0.007202850280250965,,,,,,,,,
445.9162525519724,,,0.06357781023361823,,0.15237118663757024,0.009549118699426819,3.1067259664509774,0.16040224722970328,0.007190441020655557,,,,,,,,,
446.51168937687856,,,0.06345940914258914,,0.1521506110462057,0.00953059382095915,3.10738155355898,0.16034422293020978,0.0071780531400584225,,,,,,,,,
447.1079212950567,,,0.06334122855016341,,0.15193035476449945,0.009512104879956823,3.108037279010197,0.16028621962056777,0.007165686601627277,,,,,,,,,
447.70494936820444,,,0.06322326804570588,,0.15171041733021198,0.009493651806702681,3.1086931428338223,0.1602282372931841,0.007153341368593246,,,,,,,,,
448.30277465943516,,,0.06310552721934641,,0.1514907982817738,0.009475234531614874,3.1093491450590545,0.16017027594046887,0.007141017404250855,,,,,,,,,
448.9013982332838,,,0.06298800566197786,,0.15127149715828273,0.009456852985246478,3.1100052857150997,0.1601123355548344,0.007128714671957836,,,,,,,,,
449.5008211557054,,,0.06287070296525517,,0.15105251349950446,0.009438507098285316,3.1106615648311706,0.16005441612869614,0.00711643313513505,,,,,,,,,
450.10104449407834,,,0.06275361872159385,,0.1508338468458708,0.009420196801553704,3.111317982436484,0.15999651765447218,0.007104172757266398,,,,,,,,,
450.70206931720713,,,0.06263675252416814,,0.15061549673847865,0.009401922026008112,3.111974538560265,0.1599386401245832,0.007091933501898679,,,,,,,,,
451.30389669532366,,,0.06252010396691,,0.15039746271908908,0.009383682702738955,3.112631233231744,0.15988078353145285,0.007079715332641471,,,,,,,,,
451.90652770008785,,,0.062403672644507836,,0.1501797443301269,0.009365478762970371,3.1132880664801577,0.1598229478675073,0.007067518213167085,,,,,,,,,
452.50996340459056,,,0.062287458152404725,,0.14996234111467938,0.009347310138059896,3.1139450383347476,0.1597651331251758,0.007055342107210408,,,,,,,,,
453.1142048833567,,,0.062171460086797116,,0.14974525261649482,0.00932917675949822,3.114602148824764,0.15970733929688988,0.007043186978568801,,,,,,,,,
453.7192532123458,,,0.06205567804463332,,0.14952847837998198,0.009311078558908925,3.115259397979462,0.15964956637508415,0.007031052791101973,,,,,,,,,
454.3251094689533,,,0.061940111623612584,,0.14931201795020954,0.009293015468048291,3.1159167858281025,0.15959181435219577,0.007018939508731933,,,,,,,,,
454.9317747320137,,,0.061824760422183135,,0.14909587087290463,0.00927498741880494,3.116574312399953,0.15953408322066484,0.007006847095442831,,,,,,,,,
455.53925008180175,,,0.06170962403954119,,0.148880036694452,0.009256994343199675,3.1172319777242867,0.15947637297293404,0.00699477551528088,,,,,,,,,
456.14753660003544,,,0.061594702075629205,,0.14866451496189284,0.009239036173385127,3.117889781830384,0.15941868360144876,0.006982724732354202,,,,,,,,,
456.75663536987736,,,0.06147999413113457,,0.14844930522292404,0.009221112841645545,3.1185477247475304,0.15936101509865716,0.0069706947108327715,,,,,,,,,
457.36654747593536,,,0.06136549980748862,,0.14823440702589757,0.009203224280396598,3.1192058065050188,0.15930336745701015,0.00695868541494831,,,,,,,,,
457.9772740042658,,,0.061251218706864834,,0.14801981991981922,0.009185370422185033,3.1198640271321465,0.1592457406689615,0.006946696808994139,,,,,,,,,
458.588816042376,,,0.061137150432177455,,0.14780554345434735,0.009167551199688444,3.120522386658219,0.1591881347269674,0.006934728857325102,,,,,,,,,
459.2011746792255,,,0.06102329458708023,,0.14759157717979213,0.00914976654571502,3.1211808851125467,0.15913054962348708,0.006922781524357455,,,,,,,,,
459.8143510052271,,,0.060909650775965114,,0.14737792064711516,0.009132016393203343,3.121839522524447,0.15907298535098224,0.006910854774568751,,,,,,,,,
460.4283461122494,,,0.06079621860396093,,0.1471645734079281,0.009114300675222066,3.1224982989232415,0.1590154419019176,0.006898948572497764,,,,,,,,,
461.04316109362026,,,0.06068299767693155,,0.14695153501449126,0.009096619324969678,3.1231572143382604,0.15895791926876035,0.006887062882744345,,,,,,,,,
461.65879704412714,,,0.06056998760147498,,0.14673880501971315,0.009078972275774245,3.12381626879884,0.1589004174439804,0.006875197669969313,,,,,,,,,
462.2752550600187,,,0.060457187984921924,,0.14652638297714987,0.009061359461093224,3.1244754623343205,0.1588429364200506,0.006863352898894407,,,,,,,,,
462.8925362390077,,,0.06034459843533437,,0.14631426844100356,0.009043780814513118,3.1251347949740507,0.1587854761894463,0.006851528534302129,,,,,,,,,
463.5106416802724,,,0.06023221856150421,,0.14610246096612198,0.009026236269749308,3.1257942667473837,0.15872803674464583,0.0068397245410356695,,,,,,,,,
464.1295724844596,,,0.06012004797295176,,0.14589096010799688,0.009008725760645726,3.1264538776836805,0.15867061807812996,0.006827940883998752,,,,,,,,,
464.74932975368586,,,0.060008086279924544,,0.14567976542276348,0.008991249221174641,3.127113627812308,0.15861322018238233,0.006816177528155586,,,,,,,,,
465.36991459153853,,,0.059896333093396016,,0.14546887646719997,0.008973806585436455,3.127773517162638,0.15855584304988923,0.006804434438530749,,,,,,,,,
465.99132810307844,,,0.05978478802506423,,0.14525829279872607,0.00895639778765939,3.128433545764049,0.15849848667313982,0.006792711580209081,,,,,,,,,
466.6135713948431,,,0.059673450687350076,,0.14504801397540193,0.008939022762199253,3.1290937136459265,0.1584411510446258,0.006781008918335543,,,,,,,,,
467.2366455748476,,,0.05956232069339635,,0.14483803955592736,0.008921681443539185,3.129754020837662,0.1583838361568416,0.006769326418115162,,,,,,,,,
467.86055175258554,,,0.05945139765706636,,0.14462836909964147,0.008904373766289476,3.130414467368653,0.15832654200228446,0.006757664044812927,,,,,,,,,
468.48529103903206,,,0.059340681192942606,,0.14441900216652112,0.008887099665187243,3.1310750532683023,0.15826926857345433,0.006746021763753648,,,,,,,,,
469.1108645466467,,,0.05923017091632517,,0.14420993831717996,0.008869859075096185,3.13173577856602,0.15821201586285386,0.006734399540321881,,,,,,,,,
469.73727338937465,,,0.059119866443230466,,0.1440011771128677,0.008852651931006398,3.132396643291224,0.15815478386298823,0.006722797339961819,,,,,,,,,
470.3645186826475,,,0.05900976739039031,,0.1437927181154694,0.00883547816803407,3.1330576474733336,0.15809757256636564,0.006711215128177181,,,,,,,,,
470.9926015433866,,,0.05889987337525006,,0.14358456088750426,0.008818337721421295,3.1337187911417788,0.1580403819654968,0.006699652870531131,,,,,,,,,
471.62152309000464,,,0.05879018401596772,,0.14337670499212504,0.008801230526535768,3.134380074325994,0.15798321205289517,0.006688110532646164,,,,,,,,,
472.2512844424084,,,0.05868069893141212,,0.1431691499931164,0.008784156518870566,3.1350414970554197,0.157926062821077,0.00667658808020399,,,,,,,,,
472.8818867220001,,,0.058571417741161924,,0.14296189545489452,0.008767115634043893,3.1357030593595043,0.157868934262561,0.006665085478945426,,,,,,,,,
473.51333105167856,,,0.058462340065504464,,0.14275494094250657,0.008750107807798899,3.1363647612677004,0.1578118263698689,0.006653602694670346,,,,,,,,,
474.1456185558419,,,0.058353465525434106,,0.1425482860216292,0.00873313297600336,3.1370266028094664,0.15775473913552499,0.006642139693237545,,,,,,,,,
474.7787503603907,,,0.05824479374265098,,0.14234193025856762,0.008716191074649458,3.137688584014269,0.15769767255205625,0.006630696440564601,,,,,,,,,
475.4127275927289,,,0.05813632433955963,,0.1421358732202548,0.008699282039853541,3.138350704911581,0.15764062661199232,0.006619272902627832,,,,,,,,,
476.047551381765,,,0.05802805693926805,,0.1419301144742509,0.008682405807855918,3.1390129655308794,0.15758360130786567,0.00660786904546218,,,,,,,,,
476.68322285791487,,,0.057919991165586035,,0.14172465358874223,0.008665562315020596,3.1396753659016485,0.15752659663221144,0.006596484835161108,,,,,,,,,
477.31974315310475,,,0.057812126643023876,,0.14151949013253967,0.008648751497834992,3.140337906053379,0.15746961257756736,0.006585120237876464,,,,,,,,,
477.9571134007725,,,0.05770446299679111,,0.14131462367507855,0.008631973292909746,3.141000586015569,0.15741264913647396,0.006573775219818427,,,,,,,,,
478.5953347358685,,,0.05759699985279536,,0.14111005378641758,0.008615227636978482,3.141663405817721,0.15735570630147439,0.006562449747255405,,,,,,,,,
479.2344082948589,,,0.05748973683764094,,0.1409057800372379,0.008598514466897569,3.1423263654893434,0.15729878406511466,0.006551143786513892,,,,,,,,,
479.8743352157271,,,0.05738267357862751,,0.1407018019988421,0.00858183371964586,3.1429894650599515,0.15724188241994333,0.006539857303978424,,,,,,,,,
480.51511663797703,,,0.05727580970374874,,0.14049811924315325,0.008565185332324457,3.1436527045590683,0.15718500135851168,0.006528590266091434,,,,,,,,,
481.1567537026342,,,0.05716914484169105,,0.14029473134271397,0.008548569242156473,3.1443160840162214,0.1571281408733737,0.0065173426393531535,,,,,,,,,
481.79924755224664,,,0.05706267862183249,,0.140091637870686,0.008531985386486847,3.144979603460945,0.15707130095708602,0.006506114390321558,,,,,,,,,
482.4425993308882,,,0.056956410674241405,,0.13988883840084904,0.008515433702782044,3.145643262922779,0.15701448160220813,0.006494905485612233,,,,,,,,,
483.0868101841613,,,0.05685034062967479,,0.13968633250759946,0.008498914128629824,3.14630706243127,0.156957682801302,0.006483715891898271,,,,,,,,,
483.73188125919825,,,0.056744468119577396,,0.13948411976594977,0.008482426601739045,3.1469710020159725,0.15690090454693242,0.006472545575910162,,,,,,,,,
484.3778137046619,,,0.05663879277608039,,0.1392821997515279,0.008465971059939395,3.1476350817064445,0.15684414683166678,0.006461394504435749,,,,,,,,,
485.0246086707491,,,0.0565333142320001,,0.13908057204057625,0.008449547441181203,3.1482993015322505,0.15678740964807536,0.0064502626443200895,,,,,,,,,
485.6722673091936,,,0.056428032120836503,,0.13887923620995027,0.008433155683535127,3.1489636615229633,0.15673069298873082,0.006439149962465331,,,,,,,,,
486.3207907732669,,,0.05632294607677202,,0.13867819183711796,0.008416795725191975,3.1496281617081605,0.15667399684620875,0.006428056425830663,,,,,,,,,
486.9701802177796,,,0.05621805573467061,,0.1384774385001594,0.008400467504462472,3.1502928021174266,0.15661732121308736,0.006416982001432203,,,,,,,,,
487.6204367990848,,,0.05611336073007604,,0.1382769757777651,0.008384170959777032,3.150957582780352,0.1565606660819474,0.00640592665634289,,,,,,,,,
488.2715616750793,,,0.056008860699211,,0.1380768032492358,0.008367906029685495,3.1516225037265317,0.15650403144537267,0.0063948903576924,,,,,,,,,
488.92355600520676,,,0.055904555278975365,,0.13787692049448083,0.008351672652856905,3.1522875649855697,0.15644741729594921,0.006383873072667011,,,,,,,,,
489.57642095045935,,,0.0558004441069453,,0.13767732709401775,0.008335470768079275,3.1529527665870756,0.15639082362626605,0.006372874768509549,,,,,,,,,
490.23015767337847,,,0.055696526821372,,0.1374780226289716,0.008319300314259401,3.153618108560664,0.1563342504289147,0.00636189541251929,,,,,,,,,
490.8847673380577,,,0.05559280306118041,,0.13727900668107382,0.0083031612304226,3.154283590935956,0.1562776976964896,0.006350934972051827,,,,,,,,,
491.5402511101463,,,0.05548927246596776,,0.13708027883266105,0.008287053455712437,3.1549492137425807,0.1562211654215876,0.006339993414519007,,,,,,,,,
492.1966101568499,,,0.055385934676002335,,0.13688183866667447,0.00827097692939055,3.1556149770101714,0.15616465359680837,0.006329070707388795,,,,,,,,,
492.8538456469316,,,0.05528278933222267,,0.13668368576665949,0.008254931590836411,3.156280880768369,0.15610816221475424,0.006318166818185237,,,,,,,,,
493.51195875071534,,,0.055179836076235854,,0.13648581971676413,0.008238917379547125,3.156946925046819,0.15605169126803023,0.006307281714488318,,,,,,,,,
494.1709506400888,,,0.055077074550316324,,0.13628824010173837,0.008222934235137121,3.157613109875175,0.15599524074924404,0.006296415363933877,,,,,,,,,
494.83082248850434,,,0.0549745043974047,,0.1360909465069331,0.008206982097337985,3.158279435283097,0.15593881065100587,0.006285567734213487,,,,,,,,,
495.4915754709805,,,0.054872125261106665,,0.1358939385182999,0.00819106090599823,3.1589459013002488,0.15588240096592887,0.006274738793074416,,,,,,,,,
496.153210764105,,,0.05476993678569163,,0.1356972157223895,0.008175170601083075,3.1596125079563024,0.1558260116866287,0.0062639285083194865,,,,,,,,,
496.8157295460365,,,0.05466793861609145,,0.13550077770635136,0.008159311122674179,3.1602792552809356,0.1557696428057238,0.006253136847807002,,,,,,,,,
497.4791329965076,,,0.05456613039789917,,0.13530462405793228,0.00814348241096946,3.160946143303833,0.15571329431583514,0.00624236377945061,,,,,,,,,
498.14342229682643,,,0.05446451177736775,,0.13510875436547579,0.00812768440628282,3.1616131720546856,0.15565696620958636,0.0062316092712192545,,,,,,,,,
498.80859862987734,,,0.0543630824014092,,0.1349131682179217,0.00811191704904397,3.1622803415631884,0.1556006584796039,0.006220873291137073,,,,,,,,,
499.47466318012437,,,0.05426184191759297,,0.13471786520480483,0.008096180279798207,3.1629476518590454,0.1555443711185168,0.006210155807283295,,,,,,,,,
500.14161713361403,,,0.05416078997414477,,0.13452284491625402,0.008080474039206125,3.1636151029719657,0.1554881041189568,0.006199456787792114,,,,,,,,,
500.80946167797674,,,0.05405992621994543,,0.13432810694299127,0.008064798268043448,3.1642826949316656,0.15543185747355817,0.006188776200852641,,,,,,,,,
501.4781980024277,,,0.05395925030452972,,0.1341336508763315,0.008049152907200794,3.164950427767866,0.15537563117495803,0.0061781140147088055,,,,,,,,,
502.1478272977699,,,0.05385876187808523,,0.13393947630818118,0.00803353789768348,3.165618301510294,0.15531942521579606,0.006167470197659225,,,,,,,,,
502.8183507563977,,,0.0537584605914507,,0.13374558283103719,0.008017953180611227,3.166286316188685,0.15526323958871466,0.006156844718057151,,,,,,,,,
503.48976957229763,,,0.053658346096115216,,0.13355197003798652,0.008002398697217989,3.166954471832779,0.1552070742863588,0.006146237544310326,,,,,,,,,
504.16208494104944,,,0.05355841804421705,,0.1333586375227053,0.007986874388851732,3.1676227684723246,0.1551509293013761,0.0061356486448809556,,,,,,,,,
504.8352980598298,,,0.05345867608854217,,0.13316558487945784,0.007971380196974215,3.1682912061370723,0.15509480462641703,0.006125077988285565,,,,,,,,,
505.5094101274138,,,0.05335911988252323,,0.13297281170309588,0.007955916063160763,3.168959784856783,0.15503870025413455,0.006114525543094928,,,,,,,,,
506.1844223441779,,,0.053259749080238214,,0.13278031758905742,0.007940481929100015,3.169628504661222,0.15498261617718434,0.006103991277933959,,,,,,,,,
506.8603359121017,,,0.05316056333640928,,0.13258810213336603,0.007925077736593733,3.1702973655801623,0.15492655238822464,0.006093475161481605,,,,,,,,,
507.5371520347686,,,0.053061562306401716,,0.13239616493263054,0.007909703427556593,3.1709663676433815,0.1548705088799165,0.0060829771624708075,,,,,,,,,
508.2148719173694,,,0.052962745646222706,,0.13220450558404354,0.007894358944015979,3.1716355108806624,0.1548144856449235,0.0060724972496883755,,,,,,,,,
508.89349676670497,,,0.052864113012519795,,0.1320131236853805,0.007879044228111696,3.1723047953217978,0.154758482675912,0.00606203539197486,,,,,,,,,
509.57302779118777,,,0.052765664062580035,,0.13182201883499933,0.007863759222095808,3.1729742209965845,0.15470249996555085,0.006051591558224515,,,,,,,,,
510.2534662008429,,,0.05266739845432886,,0.1316311906318394,0.007848503868332411,3.173643787934826,0.1546465375065116,0.006041165717385189,,,,,,,,,
510.93481320731104,,,0.05256931584632869,,0.1314406386754208,0.007833278109297438,3.1743134961663313,0.15459059529146865,0.0060307578384582354,,,,,,,,,
511.61707002385253,,,0.052471415897777665,,0.13125036256584294,0.007818081887578363,3.174983345720917,0.1545346733130987,0.006020367890498376,,,,,,,,,
512.3002378653456,,,0.0523736982685088,,0.13106036190378464,0.007802915145874093,3.1756533366284048,0.15447877156408146,0.006009995842613687,,,,,,,,,
512.9843179482928,,,0.05227616261898842,,0.1308706362905023,0.007787777826994652,3.176323468918623,0.15442289003709897,0.0059996416639654425,,,,,,,,,
513.6693114908194,,,0.05217880861031526,,0.13068118532782988,0.0077726698738610255,3.1769937426214083,0.15436702872483613,0.005989305323768048,,,,,,,,,
514.3552197126777,,,0.0520816359042193,,0.13049200861817778,0.007757591229504959,3.1776641577665994,0.15431118761998042,0.0059789867912889635,,,,,,,,,
515.0420438352493,,,0.051984644163060305,,0.1303031057645317,0.007742541837068671,3.1783347143840452,0.154255366715222,0.0059686860358485845,,,,,,,,,
515.7297850815469,,,0.05188783304982677,,0.13011447637045204,0.007727521639804691,3.179005412503599,0.15419956600325355,0.005958403026820143,,,,,,,,,
516.4184446762154,,,0.05179120222813505,,0.12992612004007337,0.007712530581075644,3.1796762521551214,0.1541437854767705,0.0059481377336296675,,,,,,,,,
517.1080238455347,,,0.05169475136222784,,0.12973803637810333,0.007697568604354051,3.180347233368478,0.15408802512847097,0.005937890125755852,,,,,,,,,
517.7985238174234,,,0.05159848011697307,,0.12955022498982152,0.007682635653222058,3.1810183561735417,0.1540322849510556,0.0059276601727299705,,,,,,,,,
518.4899458214398,,,0.051502388157862754,,0.12936268548107893,0.007667731671371257,3.1816896206001917,0.15397656493722772,0.0059174478441357675,,,,,,,,,
519.1822910887829,,,0.05140647515101194,,0.12917541745829744,0.007652856602602514,3.1823610266783127,0.1539208650796933,0.0059072531096094226,,,,,,,,,
519.8755608522957,,,0.0513107407631576,,0.1289884205284686,0.007638010390825698,3.1830325744377967,0.15386518537116103,0.005897075938839425,,,,,,,,,
520.569756346469,,,0.05121518466165699,,0.12880169429915259,0.007623192980059465,3.1837042639085418,0.15380952580434204,0.0058869163015664505,,,,,,,,,
521.26487880744,,,0.05111980651448725,,0.12861523837847813,0.007608404314431128,3.1843760951204514,0.15375388637195034,0.005876774167583348,,,,,,,,,
521.9609294729987,,,0.05102460599024346,,0.1284290523751408,0.007593644338176335,3.185048068103437,0.15369826706670237,0.005866649506734978,,,,,,,,,
522.6579095825862,,,0.05092958275813818,,0.12824313589840286,0.0075789129956389395,3.1857201828874144,0.15364266788131728,0.005856542288918177,,,,,,,,,
523.3558203772985,,,0.05083473648799992,,0.12805748855809246,0.007564210231270788,3.1863924395023067,0.15358708880851699,0.005846452484081626,,,,,,,,,
524.0546630998905,,,0.05074006685027198,,0.12787210996460208,0.0075495359896314475,3.1870648379780437,0.15353152984102575,0.005836380062225786,,,,,,,,,
524.7544389947759,,,0.05064557351601139,,0.12768699972888828,0.007534890215388048,3.1877373783445626,0.15347599097157072,0.0058263249934028,,,,,,,,,
525.4551493080294,,,0.05055125615688787,,0.12750215746247115,0.007520272853315069,3.1884100606318024,0.15342047219288155,0.005816287247716404,,,,,,,,,
526.1567952873893,,,0.05045711444518266,,0.127317582777433,0.0075056838482941484,3.189082884869714,0.1533649734976906,0.005806266795321853,,,,,,,,,
526.8593781822615,,,0.05036314805378708,,0.1271332752864176,0.007491123145313812,3.1897558510882504,0.15330949487873283,0.005796263606425811,,,,,,,,,
527.5628992437198,,,0.05026935665620169,,0.1269492346026293,0.007476590689469306,3.1904289593173747,0.15325403632874568,0.005786277651286251,,,,,,,,,
528.267359724508,,,0.05017573992653525,,0.12676546033983283,0.007462086425962429,3.191102209587053,0.15319859784046946,0.005776308900212417,,,,,,,,,
528.9727608790427,,,0.0500822975395033,,0.1265819521123517,0.007447610300101245,3.191775601927258,0.15314317940664696,0.005766357323564692,,,,,,,,,
529.6791039634153,,,0.049989029170427225,,0.12639870953506807,0.00743316225729996,3.1924491363679706,0.15308778102002374,0.005756422891754536,,,,,,,,,
530.3863902353955,,,0.049895934495232976,,0.1262157322234212,0.007418742243078632,3.193122812939177,0.15303240267334775,0.005746505575244356,,,,,,,,,
531.0946209544327,,,0.04980301319045,,0.12603301979340706,0.0074043502030630174,3.193796631670871,0.15297704435936973,0.005736605344547463,,,,,,,,,
531.8037973816566,,,0.04971026493321026,,0.1258505718615779,0.007389986082984364,3.1944705925930506,0.152921706070843,0.005726722170227975,,,,,,,,,
532.5139207798811,,,0.04961768940124706,,0.12566838804504082,0.00737564982867922,3.1951446957357197,0.15286638780052353,0.005716856022900728,,,,,,,,,
533.2249924136075,,,0.04952528627289363,,0.12548646796145724,0.0073613413860891715,3.1958189411288918,0.1528110895411699,0.005707006873231157,,,,,,,,,
533.9370135490256,,,0.049433055227082315,,0.1253048112290418,0.007347060701260675,3.196493328802584,0.1527558112855432,0.00569717469193525,,,,,,,,,
534.6499854540145,,,0.04934099594334352,,0.12512341746656225,0.007332807720344895,3.1971678587868224,0.15270055302640728,0.005687359449779453,,,,,,,,,
535.363909398147,,,0.0492491081018044,,0.12494228629333815,0.007318582389597434,3.1978425311116347,0.15264531475652862,0.005677561117580582,,,,,,,,,
536.0787866526916,,,0.04915739138318777,,0.12476141732923982,0.00730438465537815,3.1985173458070597,0.15259009646867622,0.005667779666205703,,,,,,,,,
536.7946184906147,,,0.049065845468810904,,0.12458081019468803,0.007290214464150954,3.1991923029031404,0.15253489815562166,0.005658015066572094,,,,,,,,,
537.5114061865813,,,0.04897447004058485,,0.1244004645106531,0.007276071762483652,3.199867402429927,0.15247971981013933,0.005648267289647127,,,,,,,,,
538.2291510169591,,,0.04888326478101281,,0.1242203798986541,0.007261956497047668,3.200542644417475,0.152424561425006,0.005638536306448203,,,,,,,,,
538.9478542598195,,,0.048792229373189465,,0.12404055598075796,0.007247868614617918,3.201218028895846,0.1523694229930013,0.005628822088042657,,,,,,,,,
539.6675171949416,,,0.04870136350079948,,0.12386099237957858,0.007233808062072538,3.201893555895109,0.15231430450690722,0.005619124605547662,,,,,,,,,
540.3881411038137,,,0.04861066684811654,,0.12368168871827608,0.007219774786392721,3.2025692254453397,0.15225920595950848,0.005609443830130134,,,,,,,,,
541.1097272696338,,,0.04852013910000254,,0.12350264462055646,0.007205768734662526,3.20324503757662,0.15220412734359248,0.005599779733006694,,,,,,,,,
541.8322769773134,,,0.04842977994190617,,0.12332385971067034,0.007191789854068686,3.2039209923190355,0.1521490686519491,0.005590132285443549,,,,,,,,,
542.5557915134813,,,0.04833958905986183,,0.12314533361341207,0.007177838091900353,3.204597089702682,0.15209402987737095,0.0055805014587563834,,,,,,,,,
543.2802721664838,,,0.04824956614048863,,0.1229670659541192,0.007163913395548938,3.20527332975766,0.15203901101265305,0.005570887224310315,,,,,,,,,
544.0057202263866,,,0.04815971087098935,,0.12278905635867182,0.007150015712507944,3.205949712514075,0.15198401205059328,0.005561289553519801,,,,,,,,,
544.7321369849783,,,0.0480700229391494,,0.1226113044534917,0.007136144990372715,3.2066262380020403,0.151929032983992,0.0055517084178485525,,,,,,,,,
545.4595237357734,,,0.04798050203333538,,0.1224338098655411,0.0071223011768402475,3.2073029062516762,0.15187407380565215,0.005542143788809414,,,,,,,,,
546.1878817740134,,,0.04789114784249433,,0.12225657222232224,0.007108484219708999,3.2079797172931093,0.15181913450837928,0.005532595637964327,,,,,,,,,
546.9172123966684,,,0.04780196005615264,,0.12207959115187693,0.007094694066878731,3.20865667115647,0.15176421508498153,0.005523063936924232,,,,,,,,,
547.6475169024412,,,0.047712938364414904,,0.12190286628278531,0.007080930666350242,3.209333767871898,0.15170931552826977,0.0055135486573489765,,,,,,,,,
548.3787965917679,,,0.047624082457962805,,0.12172639724416523,0.007067193966225241,3.210011007469537,0.15165443583105734,0.005504049770947227,,,,,,,,,
549.1110527668222,,,0.04753539202805401,,0.1215501836656712,0.007053483914706081,3.2106883899795395,0.15159957598616025,0.0054945672494763976,,,,,,,,,
549.8442867315167,,,0.04744686676652116,,0.12137422517749398,0.007039800460095604,3.2113659154320633,0.15154473598639695,0.005485101064742539,,,,,,,,,
550.578499791504,,,0.04735850636577085,,0.12119852141035972,0.007026143550796974,3.2120435838572705,0.15148991582458876,0.0054756511886003036,,,,,,,,,
551.3136932541801,,,0.047270310518782624,,0.12102307199552934,0.007012513135313432,3.2127213952853335,0.15143511549355937,0.005466217592952826,,,,,,,,,
552.0498684286879,,,0.047182278919107534,,0.12084787656479716,0.006998909162248111,3.2133993497464277,0.15138033498613523,0.005456800249751643,,,,,,,,,
552.7870266259185,,,0.04709441126086741,,0.12067293475049055,0.006985331580303846,3.214077447270738,0.15132557429514518,0.005447399130996598,,,,,,,,,
553.5251691585124,,,0.04700670723875387,,0.12049824618546943,0.006971780338283022,3.2147556878884522,0.1512708334134208,0.0054380142087357974,,,,,,,,,
554.2642973408626,,,0.04691916654802704,,0.1203238105031252,0.006958255385087323,3.2154340716297662,0.15121611233379634,0.005428645455065503,,,,,,,,,
555.0044124891186,,,0.046831788884514496,,0.12014962733737966,0.0069447566697175556,3.2161125985248824,0.15116141104910844,0.005419292842130043,,,,,,,,,
555.7455159211873,,,0.04674457394461019,,0.11997569632268455,0.006931284141273454,3.2167912686040094,0.15110672955219642,0.005409956342121718,,,,,,,,,
556.4876089567342,,,0.046657521425273726,,0.11980201709402113,0.006917837748953533,3.2174700818973636,0.15105206783590225,0.005400635927280764,,,,,,,,,
557.2306929171875,,,0.04657063102402889,,0.11962858928689883,0.006904417442054825,3.218149038435164,0.15099742589307047,0.005391331569895235,,,,,,,,,
557.9747691257397,,,0.046483902438962936,,0.11945541253735495,0.00689102316997276,3.2188281382476394,0.15094280371654817,0.005382043242300935,,,,,,,,,
558.7198389073509,,,0.04639733536872512,,0.11928248648195335,0.0068776548822009,3.2195073813650237,0.15088820129918495,0.005372770916881302,,,,,,,,,
559.4659035887505,,,0.046310929512525995,,0.11910981075778397,0.006864312528330792,3.2201867678175584,0.15083361863383318,0.005363514566067368,,,,,,,,,
560.2129644984385,,,0.046224684570136405,,0.11893738500246248,0.006850996058051805,3.2208662976354896,0.15077905571334763,0.005354274162337676,,,,,,,,,
560.9610229666889,,,0.04613860024188625,,0.11876520885412908,0.00683770542115089,3.2215459708490695,0.15072451253058589,0.005345049678218165,,,,,,,,,
561.7100803255531,,,0.04605267622866346,,0.11859328195144754,0.0068244405675123975,3.2222257874885587,0.15066998907840784,0.005335841086282111,,,,,,,,,
562.460137908861,,,0.045966912231912876,,0.1184216039336047,0.0068112014471178985,3.222905747584223,0.15061548534967614,0.005326648359150044,,,,,,,,,
563.2111970522228,,,0.045881307953635625,,0.11825017444031002,0.00679798801004603,3.223585851166336,0.15056100133725597,0.005317471469489658,,,,,,,,,
563.9632590930318,,,0.04579586309638767,,0.1180789931117945,0.006784800206472253,3.2242660982651743,0.1505065370340152,0.005308310390015751,,,,,,,,,
564.7163253704686,,,0.04571057736327883,,0.11790805958880964,0.0067716379866686735,3.224946488911024,0.1504520924328241,0.005299165093490118,,,,,,,,,
565.4703972255016,,,0.04562545045797186,,0.11773737351262711,0.006758501301003888,3.2256270231341775,0.1503976675265555,0.005290035552721467,,,,,,,,,
566.2254760008893,,,0.045540482084681415,,0.11756693452503804,0.00674539009994276,3.2263077009649326,0.1503432623080851,0.005280921740565375,,,,,,,,,
566.9815630411833,,,0.045455671948173036,,0.11739674226835202,0.006732304334046273,3.2269885224335932,0.15028887677029085,0.005271823629924176,,,,,,,,,
567.73865969273,,,0.045371019753762044,,0.1172267963853966,0.006719243953971304,3.227669487570469,0.15023451090605355,0.0052627411937469,,,,,,,,,
568.4967673036749,,,0.045286525207312495,,0.11705709651951604,0.006706208910470446,3.228350596405878,0.15018016470825632,0.005253674405029151,,,,,,,,,
569.2558872239638,,,0.04520218801523621,,0.11688764231457097,0.006693199154391825,3.229031848970144,0.150125838169785,0.0052446232368130756,,,,,,,,,
570.0160208053436,,,0.04511800788449183,,0.11671843341493784,0.006680214636678954,3.2297132452935973,0.150071531283528,0.0052355876621872684,,,,,,,,,
570.7771694013666,,,0.04503398452258381,,0.11654946946550786,0.006667255308370489,3.230394785406573,0.1500172440423763,0.005226567654286694,,,,,,,,,
571.5393343673933,,,0.044950117637561106,,0.11638075011168601,0.006654321120600068,3.2310764693394147,0.1499629764392234,0.005217563186292572,,,,,,,,,
572.3025170605944,,,0.044866406938016454,,0.11621227499939074,0.006641412024596116,3.231758297122472,0.14990872846696537,0.005208574231432345,,,,,,,,,
573.0667188399512,,,0.04478285213308533,,0.11604404377505316,0.0066285279716817025,3.232440268786099,0.14985450011850093,0.005199600762979589,,,,,,,,,
573.8319410662604,,,0.04469945293244496,,0.11587605608561635,0.006615668913274327,3.2331223843606587,0.14980029138673132,0.005190642754253909,,,,,,,,,
574.5981851021361,,,0.044616209046313096,,0.11570831157853413,0.0066028348008857094,3.2338046438765193,0.14974610226456037,0.00518170017862088,,,,,,,,,
575.3654523120124,,,0.04453312018544708,,0.11554080990177071,0.006590025586121644,3.234487047364056,0.14969193274489437,0.005172773009491967,,,,,,,,,
576.1337440621443,,,0.04445018606114315,,0.11537355070380016,0.0065772412206818115,3.2351695948536485,0.14963778282064233,0.005163861220324434,,,,,,,,,
576.9030617206114,,,0.04436740638523502,,0.11520653363360536,0.0065644816563596095,3.2358522863756862,0.14958365248471572,0.005154964784621284,,,,,,,,,
577.6734066573197,,,0.04428478087009325,,0.11503975834067737,0.006551746845041937,3.2365351219605616,0.1495295417300287,0.005146083675931172,,,,,,,,,
578.4447802440055,,,0.04420230922862379,,0.1148732244750144,0.006539036738709029,3.2372181016386756,0.14947545054949785,0.005137217867848316,,,,,,,,,
579.217183854237,,,0.04411999117426735,,0.11470693168712141,0.006526351289434264,3.237901225440436,0.1494213789360423,0.005128367334012414,,,,,,,,,
579.9906188634153,,,0.04403782642099835,,0.11454087962800949,0.006513690449384036,3.2385844933962544,0.14936732688258386,0.005119532048108603,,,,,,,,,
580.765086648778,,,0.043955814683323935,,0.11437506794919494,0.006501054170817507,3.239267905536551,0.14931329438204688,0.005110711983867353,,,,,,,,,
581.540588589403,,,0.0438739556762828,,0.1142094963026983,0.006488442406086447,3.2399514618917524,0.14925928142735825,0.0051019071150643705,,,,,,,,,
582.3171260662095,,,0.04379224911544424,,0.11404416434104381,0.006475855107635079,3.2406351624922913,0.1492052880114473,0.005093117415520555,,,,,,,,,
583.09470046196,,,0.04371069471690749,,0.11387907171725901,0.006463292227999867,3.2413190073686065,0.14915131412724614,0.005084342859101913,,,,,,,,,
583.8733131612627,,,0.04362929219730039,,0.11371421808487375,0.006450753719809382,3.2420029965511423,0.14909735976768929,0.005075583419719483,,,,,,,,,
584.6529655505764,,,0.04354804127377844,,0.11354960309791913,0.00643823953578406,3.2426871300703506,0.14904342492571382,0.005066839071329221,,,,,,,,,
585.433659018211,,,0.04346694166402389,,0.11338522641092709,0.00642574962873606,3.2433714079566904,0.14898950959425944,0.0050581097879319695,,,,,,,,,
586.2153949543292,,,0.04338599308624481,,0.11322108767892997,0.006413283951569096,3.2440558302406273,0.14893561376626827,0.005049395543573375,,,,,,,,,
586.9981747509504,,,0.04330519525917407,,0.11305718655745929,0.0064008424572782555,3.2447403969526296,0.14888173743468522,0.005040696312343773,,,,,,,,,
587.7819998019525,,,0.04322454790206834,,0.11289352270254546,0.006388425098949801,3.2454251081231766,0.14882788059245752,0.005032012068378165,,,,,,,,,
588.5668715030754,,,0.04314405073470705,,0.1127300957707165,0.006376031829761002,3.246109963782752,0.14877404323253512,0.0050233427858560956,,,,,,,,,
589.3527912519231,,,0.043063703477391406,,0.11256690541899764,0.006363662602979951,3.2467949639618467,0.14872022534787033,0.005014688439001584,,,,,,,,,
590.1397604479646,,,0.04298350585094374,,0.1124039513049109,0.006351317371965428,3.247480108690957,0.1486664269314182,0.00500604900208308,,,,,,,,,
590.9277804925375,,,0.04290345757670618,,0.11224123308647409,0.006338996090166693,3.248165398000585,0.1486126479761363,0.0049974244494133575,,,,,,,,,
591.716852788852,,,0.04282355837653974,,0.11207875042219978,0.006326698711123289,3.2488508319212417,0.14855888847498458,0.004988814755349444,,,,,,,,,
592.5069787419916,,,0.04274380797282343,,0.11191650297109487,0.006314425188464893,3.2495364104834423,0.14850514842092571,0.0049802198942925265,,,,,,,,,
593.2981597589153,,,0.04266420608845331,,0.11175449039266026,0.0063021754759111474,3.250222133717711,0.14845142780692483,0.004971639840687923,,,,,,,,,
594.0903972484607,,,0.04258475244684161,,0.11159271234688958,0.006289949527271497,3.2509080016545746,0.14839772662594974,0.0049630745690249735,,,,,,,,,
594.8836926213485,,,0.04250544677191534,,0.11143116849426848,0.006277747296444951,3.2515940143245703,0.14834404487097055,0.004954524053836943,,,,,,,,,
595.6780472901803,,,0.04242628878811599,,0.11126985849577443,0.0062655687374199905,3.252280171758238,0.14829038253496019,0.004945988269701002,,,,,,,,,
596.4734626694469,,,0.042347278220397945,,0.11110878201287527,0.00625341380427432,3.2529664739861275,0.14823673961089384,0.004937467191238099,,,,,,,,,
597.269940175526,,,0.042268414794227945,,0.11094793870752924,0.006241282451174773,3.253652921038794,0.1481831160917495,0.004928960793112919,,,,,,,,,
598.0674812266864,,,0.042189698235584085,,0.110787328242184,0.00622917463237707,3.254339512946797,0.1481295119705076,0.004920469050033799,,,,,,,,,
598.8660872430918,,,0.042111128270954555,,0.11062695027977554,0.006217090302225687,3.255026249740705,0.148075927240151,0.004911991936752628,,,,,,,,,
599.6657596468028,,,0.04203270462733698,,0.11046680448372777,0.006205029415153649,3.2557131314510923,0.14802236189366524,0.0049035294280648095,,,,,,,,,
600.4664998617773,,,0.041949896655384226,0.660562048347704,0.11028474824072229,0.006192240096000312,3.251040580429592,0.14788212958089436,0.00489476973499709,,,,,,,,,
601.2683093138745,,,0.04186401040620337,0.6604968918260083,0.110087145724712,0.00617893926971786,3.242543050369211,0.14767996927409416,0.004885802578479835,,,,,,,,,
602.0711894308592,,,0.04177829999649737,0.6604317417312219,0.10988989726268425,0.00616566701338377,3.2340677310488495,0.1474780853278641,0.004876851849680401,,,,,,,,,
602.8751416424025,,,0.04169276506626066,0.6603665980627108,0.10969300222026329,0.00615242326563027,3.225614564414342,0.14727647736440896,0.0048679175185034115,,,,,,,,,
603.680167380083,,,0.04160740525622492,0.660301460819841,0.10949645996421031,0.006139207965221424,3.2171834925632745,0.14707514500645033,0.004858999554908627,,,,,,,,,
604.4862680773916,,,0.04152222020785729,0.6602363300019789,0.10930026986242103,0.006126021051052834,3.2087744577445814,0.1468740878772255,0.00485009792891086,,,,,,,,,
605.2934451697347,,,0.041437209563358855,0.6601712056084905,0.10910443128392334,0.006112862462151314,3.2003874023581216,0.14667330560048636,0.004841212610579821,,,,,,,,,
606.101700094433,,,0.041352372965663416,0.6601060876387425,0.10890894359887626,0.006099732137674698,3.1920222689543385,0.1464727978004998,0.004832343570040082,,,,,,,,,
606.911034290729,,,0.041267710058435575,0.6600409760921008,0.10871380617856673,0.006086630016911463,3.1836790002338105,0.14627256410204564,0.004823490777470924,,,,,,,,,
607.7214491997853,,,0.041183220486069726,0.6599758709679321,0.1085190183954086,0.006073556039280514,3.1753575390469004,0.14607260413041723,0.004814654203106274,,,,,,,,,
608.5329462646887,,,0.04109890389368824,0.659910772265603,0.10832457962294027,0.0060605101443308995,3.1670578283933524,0.14587291751142006,0.004805833817234591,,,,,,,,,
609.3455269304543,,,0.04101475992713998,0.65984567998448,0.10813048923582226,0.006047492271741487,3.158779811421881,0.14567350387137087,0.004797029590198753,,,,,,,,,
610.1591926440268,,,0.04093078823299883,0.6597805941239294,0.10793674660983554,0.006034502361320711,3.150523431429799,0.14547436283709728,0.004788241492395974,,,,,,,,,
610.9739448542817,,,0.040846988458562446,0.6597155146833182,0.10774335112187983,0.006021540353006321,3.142288631862642,0.1452754940359373,0.004779469494277705,,,,,,,,,
611.7897850120293,,,0.04076336025185053,0.6596504416620133,0.10755030214997124,0.006008606186865082,3.1340753563137658,0.14507689709573846,0.0047707135663495335,,,,,,,,,
612.6067145700181,,,0.04067990326160331,0.6595853750593811,0.1073575990732401,0.005995699803092466,3.125883548523948,0.14487857164485662,0.004761973679171067,,,,,,,,,
613.424734982937,,,0.0405966171372802,0.6595203148747888,0.10716524127192917,0.005982821142012406,3.117713152381017,0.14468051731215578,0.004753249803355849,,,,,,,,,
614.2438477074156,,,0.04051350152905836,0.6594552611076031,0.10697322812739186,0.00596997014407705,3.109564111919478,0.14448273372700757,0.00474454190957127,,,,,,,,,
615.0640542020291,,,0.040430556087831214,0.6593902137571912,0.10678155902209022,0.0059571467498664345,3.10143637132012,0.1442852205192903,0.0047358499685384555,,,,,,,,,
615.8853559273016,,,0.0403477804652067,0.6593251728229201,0.10659023333959211,0.005944350900088209,3.0933298749096103,0.14408797731938774,0.004727173951032151,,,,,,,,,
616.7077543457054,,,0.04026517431350633,0.659260138304157,0.10639925046457065,0.005931582535577427,3.0852445671601614,0.14389100375818964,0.004718513827880679,,,,,,,,,
617.5312509216681,,,0.040182737285763166,0.6591951102002688,0.10620860978280079,0.005918841597296178,3.077180392689098,0.14369429946708964,0.004709869569965754,,,,,,,,,
618.3558471215707,,,0.04010046903572077,0.659130088510623,0.1060183106811585,0.005906128026333399,3.0691372962585213,0.1434978640779858,0.004701241148222481,,,,,,,,,
619.1815444137524,,,0.04001836921783174,0.659065073234587,0.10582835254761827,0.005893441763904569,3.061115222774914,0.14330169722327932,0.0046926285336391935,,,,,,,,,
620.0083442685144,,,0.03993643748725585,0.6590000643715279,0.10563873477125092,0.00588078275135141,3.053114117288749,0.14310579853587366,0.004684031697257369,,,,,,,,,
620.8362481581211,,,0.03985467349985903,0.6589350619208133,0.10544945674222193,0.005868150930141641,3.0451339249941243,0.14291016764917414,0.004675450610171535,,,,,,,,,
621.6652575568015,,,0.039773076912211804,0.6588700658818106,0.10526051785178968,0.0058555462418687365,3.0371745912284025,0.14271480419708749,0.0046668852435291855,,,,,,,,,
622.4953739407534,,,0.03969164738158782,0.6588050762538875,0.10507191749230331,0.005842968628251611,3.0292360614718223,0.14251970781402093,0.004658335568530671,,,,,,,,,
623.326598788147,,,0.03961038456596235,0.6587400930364116,0.1048836550572004,0.005830418031134353,3.0213182813471136,0.1423248781348811,0.0046498015564290915,,,,,,,,,
624.158933579126,,,0.039529288124010846,0.6586751162287504,0.10469572994100537,0.005817894392485987,3.0134211966191353,0.14213031479507382,0.004641283178530213,,,,,,,,,
624.9923797958097,,,0.03944835771510774,0.6586101458302719,0.10450814153932775,0.005805397654400174,3.0055447531945205,0.14193601743050357,0.004632780406192378,,,,,,,,,
625.8269389222968,,,0.03936759299932473,0.6585451818403437,0.10432088924885986,0.005792927759094972,2.9976888971212823,0.1417419856775724,0.004624293210826395,,,,,,,,,
626.6626124446674,,,0.0392869936374296,0.6584802242583339,0.10413397246737513,0.005780484648912554,2.98985357458846,0.14154821917317964,0.004615821563895452,,,,,,,,,
627.4994018509869,,,0.03920655929088448,0.6584152730836103,0.10394739059372575,0.005768068266318921,2.9820387319257304,0.1413547175547206,0.004607365436915008,,,,,,,,,
628.337308631308,,,0.03912628962184461,0.6583503283155407,0.10376114302784101,0.005755678553903658,2.9742443156030554,0.1411614804600863,0.0045989248014527044,,,,,,,,,
629.1763342776719,,,0.0390461842931571,0.6582853899534936,0.1035752291707257,0.005743315454379692,2.9664702722303224,0.14096850752766318,0.004590499629128273,,,,,,,,,
630.0164802841117,,,0.038966242968359245,0.6582204579968368,0.10338964842445779,0.005730978910582986,2.9587165485569704,0.14077579839633186,0.004582089891613462,,,,,,,,,
630.8577481466571,,,0.03888646531167716,0.6581555324449386,0.10320440019218632,0.005718668865472278,2.950983091471612,0.1405833527054664,0.004573695560631873,,,,,,,,,
631.7001393633356,,,0.03880685098802432,0.6580906132971671,0.10301948387812979,0.005706385262128848,2.9432698480016817,0.14039117009493393,0.004565316607958928,,,,,,,,,
632.5436554341733,,,0.038727399663000456,0.6580257005528909,0.10283489888757438,0.005694128043756224,2.935576765313085,0.14019925020509402,0.004556953005421772,,,,,,,,,
633.3882978611996,,,0.03864811100288987,0.6579607942114781,0.10265064462687191,0.005681897153679956,2.927903790709825,0.14000759267679805,0.0045486047248991515,,,,,,,,,
634.234068148451,,,0.03856898467465996,0.6578958942722973,0.10246672050343757,0.005669692535347299,2.9202508716336273,0.13981619715138793,0.004540271738321322,,,,,,,,,
635.0809678019721,,,0.03849002034596005,0.6578310007347169,0.10228312592574831,0.005657514132326984,2.912617955663596,0.139625063270696,0.004531954017669966,,,,,,,,,
635.9289983298171,,,0.038411217685119924,0.6577661135981054,0.10209986030334121,0.005645361888308979,2.9050049905158626,0.1394341906770444,0.004523651534978103,,,,,,,,,
636.7781612420551,,,0.038332576361148424,0.6577012328618317,0.10191692304681123,0.005633235747104197,2.897411924043212,0.13924357901324422,0.0045153642623299815,,,,,,,,,
637.6284580507706,,,0.03825409604373207,0.6576363585252641,0.10173431356780943,0.005621135652644241,2.8898387042347373,0.13905322792259484,0.004507092171860999,,,,,,,,,
638.4798902700685,,,0.03817577640323352,0.6575714905877718,0.10155203127904087,0.005609061548981134,2.8822852792154645,0.13886313704888303,0.00449883523575759,,,,,,,,,
639.3324594160755,,,0.03809761711069036,0.6575066290487231,0.10137007559426285,0.005597013380287093,2.87475159724601,0.1386733060363826,0.0044905934262571435,,,,,,,,,
640.1861670069416,,,0.03801961783781375,0.6574417739074873,0.10118844592828333,0.005584991090854241,2.867237606722238,0.1384837345298538,0.004482366715647916,,,,,,,,,
641.041014562844,,,0.037941778256987024,0.657376925163433,0.10100714169695879,0.005572994625094381,2.8597432561748946,0.1382944221745426,0.004474155076268934,,,,,,,,,
641.897003605991,,,0.03786409804126409,0.6573120828159295,0.1008261623171921,0.005561023927538694,2.852268494269244,0.13810536861617964,0.0044659584805098905,,,,,,,,,
642.7541356606237,,,0.03778657686436828,0.6572472468643455,0.10064550720693087,0.005549078942837503,2.8448132698047286,0.13791657350097977,0.004457776900811057,,,,,,,,,
643.6124122530169,,,0.03770921440069101,0.6571824173080505,0.10046517578516592,0.005537159615760048,2.83737753171463,0.13772803647564186,0.004449610309663201,,,,,,,,,
644.4718349114839,,,0.03763201032529034,0.6571175941464136,0.10028516747192902,0.005525265891194198,2.8299612290657072,0.1375397571873478,0.0044414586796075045,,,,,,,,,
645.3324051663799,,,0.0375549643138895,0.6570527773788037,0.10010548168829086,0.005513397714146186,2.822564311057836,0.13735173528376132,0.0044333219832354154,,,,,,,,,
646.1941245501033,,,0.037478076042875605,0.6569879670045905,0.09992611785635945,0.005501555029740372,2.815186727023673,0.137163970413028,0.004425200193188611,,,,,,,,,
647.0569945970979,,,0.037401345189298475,0.6569231630231432,0.09974707539927845,0.005489737783218993,2.807828426428321,0.13697646222377455,0.0044170932821589026,,,,,,,,,
647.9210168438568,,,0.03732477143086901,0.6568583654338311,0.09956835374122508,0.005477945919941915,2.800489358868963,0.136789210365108,0.004409001222888114,,,,,,,,,
648.7861928289242,,,0.037248354445958066,0.6567935742360241,0.09938995230740826,0.00546617938538637,2.7931694740745314,0.1366022144866152,0.0044009239881680155,,,,,,,,,
649.6525240929001,,,0.03717209391359482,0.6567287894290914,0.09921187052406662,0.005454438125146686,2.785868721905344,0.13641547423836162,0.0043928615508402125,,,,,,,,,
650.5200121784417,,,0.03709598951346561,0.6566640110124027,0.09903410781846682,0.005442722084934052,2.7785870523527736,0.13622898927089122,0.004384813883796063,,,,,,,,,
651.3886586302647,,,0.03702004092591272,0.6565992389853277,0.09885666361890198,0.005431031210576288,2.771324415538916,0.13604275923522596,0.004376780959976598,,,,,,,,,
652.2584649951475,,,0.0369442478319328,0.6565344733472362,0.09867953735468961,0.00541936544801758,2.7640807617162375,0.13585678378286478,0.0043687627523724204,,,,,,,,,
653.1294328219354,,,0.0368686099131756,0.6564697140974979,0.09850272845616943,0.005407724743318199,2.756856041267223,0.13567106256578285,0.004360759234023605,,,,,,,,,
654.0015636615419,,,0.03679312685194258,0.6564049612354826,0.09832623635470175,0.005396109042654284,2.7496502047040465,0.135485595236431,0.004352770378019616,,,,,,,,,
654.8748590669497,,,0.036717798331185755,0.6563402147605605,0.0981500604826662,0.005384518292317594,2.742463202668244,0.13530038144773557,0.004344796157499227,,,,,,,,,
655.7493205932158,,,0.03664262403450629,0.6562754746721015,0.09797420027345932,0.005372952438715267,2.7352949859303637,0.13511542085309727,0.00433683654565042,,,,,,,,,
656.6249497974745,,,0.03656760364615296,0.6562107409694754,0.09779865516149262,0.005361411428369529,2.7281455053896186,0.13493071310639038,0.004328891515710289,,,,,,,,,
657.5017482389399,,,0.03649273685102107,0.6561460136520525,0.09762342458219106,0.005349895207917479,2.7210147120735604,0.13474625786196237,0.004320961040964957,,,,,,,,,
658.3797174789062,,,0.03641802333465108,0.656081292719203,0.0974485079719913,0.0053384037241108575,2.713902557137756,0.13456205477463345,0.004313045094749489,,,,,,,,,
659.2588590807535,,,0.03634346278322729,0.656016578170297,0.09727390476833975,0.00532693692381577,2.7068089918654348,0.13437810349969562,0.004305143650447811,,,,,,,,,
660.1391746099487,,,0.036269054883576485,0.6559518700047051,0.0970996144096909,0.005315494754012468,2.699733967667168,0.13419440369291222,0.0042972566814925995,,,,,,,,,
661.0206656340504,,,0.036194799323166514,0.6558871682217974,0.09692563633550508,0.005304077161795062,2.6926774360805172,0.13401095501051688,0.004289384161365202,,,,,,,,,
661.9033337227105,,,0.036120695790105156,0.6558224728209443,0.09675196998624704,0.005292684094371309,2.6856393487697154,0.13382775710921324,0.004281526063595531,,,,,,,,,
662.7871804476755,,,0.03604674397313876,0.6557577838015165,0.09657861480338417,0.005281315499062373,2.678619657525346,0.1336448096461744,0.004273682361762024,,,,,,,,,
663.6722073827904,,,0.035972943561651025,0.6556931011628844,0.09640557022938483,0.005269971323302582,2.6716183142640006,0.13346211227904226,0.004265853029491509,,,,,,,,,
664.5584161040034,,,0.035899294245661385,0.6556284249044186,0.09623283570771592,0.00525865151463915,2.6646352710279415,0.1332796646659263,0.0042580380404591235,,,,,,,,,
665.4458081893672,,,0.035825795715823956,0.6555637550254899,0.0960604106828416,0.0052473560207319594,2.65767047998478,0.13309746646540355,0.004250237368388231,,,,,,,,,
666.3343852190399,,,0.035752447663426334,0.6554990915254689,0.09588829460022155,0.005236084789353337,2.650723893427164,0.1329155173365179,0.0042424509870503425,,,,,,,,,
667.22414877529,,,0.035679249780388084,0.6554344344037265,0.0957164869063092,0.0052248377683877965,2.6437954637724372,0.13273381693877945,0.004234678870265019,,,,,,,,,
668.1151004425,,,0.0356062017592595,0.6553697836596334,0.09554498704854941,0.005213614905831771,2.6368851435623037,0.1325523649321634,0.004226920991899776,,,,,,,,,
669.007241807168,,,0.03553330329322024,0.6553051392925606,0.09537379447537715,0.005202416149793398,2.6299928854625136,0.13237116097710985,0.004219177325870004,,,,,,,,,
669.9005744579094,,,0.03546055407607834,0.6552405013018793,0.09520290863621596,0.005191241448492304,2.62311864226255,0.1321902047345233,0.004211447846138886,,,,,,,,,
670.7950999854614,,,0.03538795380226858,0.6551758696869602,0.09503232898147555,0.005180090750259313,2.6162623668752882,0.13200949586577176,0.004203732526717297,,,,,,,,,
671.6908199826847,,,0.03531550216685144,0.6551112444471746,0.09486205496255072,0.005168964003536259,2.6094240123366834,0.1318290340326862,0.004196031341663748,,,,,,,,,
672.5877360445684,,,0.0352431988655116,0.6550466255818936,0.09469208603181885,0.005157861156875695,2.6026035318054372,0.13164881889755964,0.004188344265084235,,,,,,,,,
673.4858497682312,,,0.035171043594556764,0.6549820130904885,0.0945224216426385,0.005146782158940684,2.595800878562682,0.1314688501231468,0.004180671271132212,,,,,,,,,
674.3851627529234,,,0.03509903605091655,0.6549174069723306,0.09435306124934806,0.0051357269585045814,2.5890160060116743,0.13128912737266363,0.004173012334008483,,,,,,,,,
675.2856766000305,,,0.035027175932141004,0.6548528072267912,0.09418400430726345,0.005124695504450773,2.5822488676774658,0.13110965030978652,0.004165367427961128,,,,,,,,,
676.1873929130778,,,0.03495546293639937,0.6547882138532418,0.09401525027267636,0.005113687745772424,2.575499417206572,0.13093041859865137,0.004157736527285388,,,,,,,,,
677.090313297732,,,0.03488389676247877,0.6547236268510537,0.09384679860285264,0.0051027036315722625,2.5687676083666675,0.13075143190385316,0.004150119606323581,,,,,,,,,
677.9944393618023,,,0.034812477109783156,0.6546590462195986,0.09367864875603092,0.005091743111062367,2.562053395046278,0.13057268989044574,0.004142516639465065,,,,,,,,,
678.8997727152447,,,0.034741203678331924,0.654594471958248,0.09351080019142038,0.005080806133563886,2.5553567312544554,0.13039419222394072,0.004134927601146097,,,,,,,,,
679.8063149701666,,,0.03467007616875848,0.6545299040663737,0.09334325236919903,0.005069892648506838,2.5486775711204523,0.1302159385703068,0.004127352465849765,,,,,,,,,
680.7140677408281,,,0.0345990942823092,0.6544653425433473,0.09317600475051202,0.0050590026054298486,2.542015868893416,0.1300379285959693,0.004119791208105902,,,,,,,,,
681.6230326436432,,,0.034528257720842156,0.6544007873885407,0.09300905679747032,0.005048135953979944,2.535371578942089,0.12986016196780978,0.004112243802491011,,,,,,,,,
682.5332112971853,,,0.03445756618682583,0.6543362386013255,0.09284240797314856,0.005037292643912313,2.528744655754478,0.12968263835316507,0.004104710223628166,,,,,,,,,
683.4446053221881,,,0.03438701938333787,0.6542716961810741,0.09267605774158337,0.005026472625090072,2.522135053937553,0.1295053574198269,0.004097190446186935,,,,,,,,,
684.3572163415512,,,0.034316617014063716,0.654207160127158,0.09251000556777161,0.005015675847484015,2.515542728216924,0.12932831883604087,0.004089684444883284,,,,,,,,,
685.271045980341,,,0.034246358783295516,0.6541426304389494,0.09234425091766862,0.005004902261172395,2.5089676334365354,0.1291515222705061,0.004082192194479499,,,,,,,,,
686.1860958657926,,,0.03417624439593087,0.6540781071158205,0.09217879325818698,0.0049941518163407195,2.5024097245583725,0.1289749673923749,0.004074713669784102,,,,,,,,,
687.1023676273139,,,0.03410627355747166,0.6540135901571433,0.0920136320571943,0.00498342446328148,2.495868956662139,0.1287986538712518,0.004067248845651787,,,,,,,,,
688.0198628964902,,,0.03403644597402249,0.6539490795622902,0.09184876678351145,0.004972720152393948,2.4893452849449416,0.1286225813771928,0.004059797696983278,,,,,,,,,
688.9385833070851,,,0.033966761352289744,0.6538845753306333,0.09168419690691104,0.00496203883418392,2.4828386647209917,0.12844674958070487,0.004052360198725296,,,,,,,,,
689.8585304950427,,,0.03389721939958037,0.653820077461545,0.09151992189811596,0.004951380459263517,2.4763490514213102,0.12827115815274573,0.004044936325870463,,,,,,,,,
690.7797060984914,,,0.033827819823800544,0.6537555859543979,0.09135594122879745,0.004940744978350958,2.4698764005934115,0.12809580676472293,0.0040375260534572235,,,,,,,,,
691.7021117577491,,,0.033758562333454346,0.6536911008085642,0.09119225437157301,0.004930132342270284,2.463420667900985,0.12792069508849277,0.004030129356569727,,,,,,,,,
692.6257491153214,,,0.0336894466376428,0.6536266220234166,0.09102886080000548,0.004919542501951206,2.456981809123625,0.12774582279636068,0.0040227462103377895,,,,,,,,,
693.5506198159097,,,0.033620472446062366,0.6535621495983276,0.09086575998860055,0.0049089754084287954,2.4505597801564885,0.12757118956107955,0.004015376589936773,,,,,,,,,
694.47672550641,,,0.03355163946900395,0.6534976835326698,0.09070295141280581,0.004898431012843336,2.444154537010029,0.12739679505584997,0.00400802047058753,,,,,,,,,
695.4040678359167,,,0.03348294741735161,0.6534332238258161,0.09054043454900872,0.004887909266440045,2.4377660358096795,0.12722263895431934,0.004000677827556307,,,,,,,,,
696.3326484557284,,,0.03341439600258127,0.6533687704771394,0.09037820887453471,0.004877410120568855,2.4313942327955402,0.12704872093058092,0.003993348636154654,,,,,,,,,
697.262469019348,,,0.03334598493675949,0.6533043234860121,0.09021627386764555,0.004866933526684213,2.4250390843220924,0.1268750406591735,0.003986032871739353,,,,,,,,,
698.1935311824853,,,0.0332777139325425,0.6532398828518073,0.09005462900753826,0.00485647943634483,2.418700546857906,0.12670159781508097,0.003978730509712337,,,,,,,,,
699.1258366030611,,,0.03320958270317478,0.6531754485738982,0.08989327377434296,0.004846047801213491,2.4123785769853336,0.12652839207373168,0.003971441525520604,,,,,,,,,
700.0593869412112,,,0.03314159096248783,0.6531110206516576,0.08973220764912097,0.004835638573056781,2.4060731314002024,0.12635542311099726,0.003964165894656124,,,,,,,,,
700.9941838592882,,,0.03307373842489902,0.6530465990844585,0.08957143011386347,0.004825251703744888,2.3997841669115267,0.12618269060319257,0.003956903592655765,,,,,,,,,
701.9302290218634,,,0.033006024805410476,0.6529821838716742,0.0894109406514899,0.004814887145251407,2.3935116404412238,0.12601019422707507,0.00394965459510122,,,,,,,,,
702.8675240957302,,,0.0329384498196079,0.652917775012678,0.08925073874584633,0.004804544849653087,2.387255509023807,0.12583793365984428,0.003942418877618917,,,,,,,,,
703.8060707499105,,,0.03287101318365906,0.6528533725068429,0.0890908238817032,0.004794224769129596,2.3810157298060783,0.12566590857914053,0.003935196415879918,,,,,,,,,
704.7458706556515,,,0.03280371461431308,0.6527889763535426,0.08893119554475462,0.004783926855963334,2.3747922600468683,0.1254941186630453,0.003927987185599888,,,,,,,,,
705.6869254864351,,,0.032736553828898764,0.6527245865521502,0.08877185322161577,0.004773651062539197,2.368585057116704,0.12532256359007965,0.003920791162538937,,,,,,,,,
706.6292369179757,,,0.0326695305453238,0.6526602031020392,0.0886127963998219,0.00476339734134435,2.3623940784975526,0.12515124303920458,0.003913608322501622,,,,,,,,,
707.5728066282253,,,0.032602644482073465,0.6525958260025833,0.08845402456782664,0.004753165644968036,2.3562192817825114,0.12498015668981986,0.003906438641336809,,,,,,,,,
708.5176362973777,,,0.03253589535820921,0.6525314552531559,0.08829553721499983,0.004742955926101309,2.350060624675515,0.12480930422176333,0.003899282094937607,,,,,,,,,
709.4637276078706,,,0.03246928289336775,0.6524670908531307,0.08813733383162632,0.004732768137536842,2.3439180649910476,0.12463868531531047,0.003892138659241285,,,,,,,,,
710.4110822443866,,,0.03240280680775984,0.6524027328018814,0.08797941390890436,0.0047226022321687315,2.3377915606538684,0.12446829965117413,0.0038850083102292053,,,,,,,,,
711.3597018938581,,,0.03233646682216911,0.6523383810987818,0.08782177693894395,0.004712458162992252,2.331681069698712,0.12429814691050362,0.003877891023926731,,,,,,,,,
712.3095882454711,,,0.03227026265795073,0.6522740357432059,0.08766442241476483,0.004702335883103626,2.3255865502699913,0.12412822677488385,0.0038707867764031386,,,,,,,,,
713.2607429906678,,,0.032204194037030315,0.6522096967345272,0.08750734983029508,0.004692235345699826,2.3195079606215216,0.12395853892633506,0.0038636955437715455,,,,,,,,,
714.2131678231472,,,0.03213826068190296,0.6521453640721199,0.0873505586803699,0.004682156504078379,2.3134452591162438,0.1237890830473124,0.003856617302188837,,,,,,,,,
715.1668644388697,,,0.03207246231563186,0.6520810377553581,0.08719404846072944,0.004672099311637112,2.307398404225927,0.12361985882070514,0.0038495520278555794,,,,,,,,,
716.1218345360629,,,0.03200679866184709,0.6520167177836156,0.08703781866801709,0.004662063721873943,2.3013673545308753,0.12345086592983565,0.0038424996970159273,,,,,,,,,
717.0780798152191,,,0.031941269444744694,0.6519524041562669,0.08688186879977863,0.004652049688386704,2.295352068719671,0.12328210405845974,0.003835460285957571,,,,,,,,,
718.0356019791041,,,0.031875874389085256,0.6518880968726858,0.08672619835445965,0.004642057164872864,2.2893525055888593,0.123113572890765,0.0038284337710116265,,,,,,,,,
718.994402732755,,,0.031810613220192976,0.6518237959322468,0.08657080683140461,0.004632086105129375,2.2833686240426943,0.12294527211137116,0.0038214201285525773,,,,,,,,,
719.9544837834862,,,0.0317454856639544,0.6517595013343244,0.0864156937308552,0.004622136463052434,2.2774003830928473,0.12277720140532905,0.003814419334998206,,,,,,,,,
720.915846840893,,,0.031680491446817234,0.6516952130782926,0.0862608585539482,0.004612208192637248,2.2714477418581143,0.12260936045811985,0.003807431366809465,,,,,,,,,
721.8784936168533,,,0.03161563029578918,0.6516309311635261,0.08610630080271428,0.004602301247977842,2.2655106595641463,0.12244174895565463,0.003800456200490442,,,,,,,,,
722.8424258255302,,,0.031550901938437015,0.6515666555893993,0.0859520199800766,0.00459241558326687,2.259589095543179,0.12227436658427412,0.003793493812588285,,,,,,,,,
723.8076451833749,,,0.031486306102885234,0.6515023863552868,0.08579801558984884,0.004582551152795366,2.253683009233746,0.12210721303074785,0.0037865441796930952,,,,,,,,,
724.7741534091325,,,0.03142184251781486,0.6514381234605633,0.08564428713673362,0.004572707910952538,2.2477923601803877,0.12194028798227328,0.003779607278437856,,,,,,,,,
725.7419522238432,,,0.031357510912462444,0.6513738669046034,0.08549083412632093,0.0045628858122255655,2.241917108033391,0.12177359112647546,0.00377268308549836,,,,,,,,,
726.7110433508436,,,0.031293311016618926,0.6513096166867819,0.0853376560650869,0.004553084811199404,2.2360572125485136,0.12160712215140675,0.003765771577593136,,,,,,,,,
727.6814285157725,,,0.03122924256062848,0.6512453728064735,0.08518475246039182,0.004543304862556552,2.230212633586701,0.1214408807455458,0.0037588727314833616,,,,,,,,,
728.653109446572,,,0.031165305275387325,0.6511811352630534,0.0850321228204787,0.004533545921076858,2.224383331113817,0.12127486659779729,0.0037519865239727906,,,,,,,,,
729.6260878734931,,,0.031101498892342615,0.6511169040558963,0.0848797666544715,0.004523807941637282,2.218569265200357,0.12110907939749088,0.003745112931907665,,,,,,,,,
730.6003655290973,,,0.031037823143491274,0.6510526791843771,0.08472768347237367,0.004514090879211712,2.212770396021184,0.12094351883438097,0.003738251932176643,,,,,,,,,
731.5759441482579,,,0.03097427776137902,0.6509884606478711,0.0845758727850669,0.004504394688870771,2.206986683855265,0.1207781845986463,0.003731403501710731,,,,,,,,,
732.5528254681652,,,0.030910862479099188,0.6509242484457534,0.08442433410430916,0.004494719325781577,2.2012180890853887,0.12061307638088913,0.003724567617483198,,,,,,,,,
733.5310112283303,,,0.030847577030291413,0.650860042577399,0.08427306694273307,0.004485064745207543,2.195464572197886,0.12044819387213448,0.0037177442565094893,,,,,,,,,
734.5105031705872,,,0.03078442114914072,0.6507958430421834,0.08412207081384444,0.0044754309025081705,2.1897260937823684,0.12028353676382972,0.003710933395847157,,,,,,,,,
735.4913030390943,,,0.030721394570376388,0.6507316498394817,0.08397134523202104,0.004465817753138868,2.1840026145314653,0.12011910474784426,0.0037041350125957893,,,,,,,,,
736.4734125803391,,,0.030658497029270856,0.6506674629686694,0.08382088971251075,0.0044562252526507235,2.1782940952405494,0.11995489751646876,0.003697349083896941,,,,,,,,,
737.4568335431425,,,0.03059572826163842,0.6506032824291219,0.08367070377142974,0.004446653356690282,2.1726004968074557,0.11979091476241428,0.0036905755869340133,,,,,,,,,
738.4415676786607,,,0.030533088003834252,0.6505391082202147,0.08352078692576119,0.004437102020999362,2.1669217802322245,0.11962715617881194,0.0036838144989322194,,,,,,,,,
739.427616740387,,,0.030470575992753438,0.6504749403413232,0.08337113869335389,0.004427571201414862,2.161257906616842,0.1194636214592126,0.0036770657971585095,,,,,,,,,
740.4149824841564,,,0.03040819196582963,0.6504107787918233,0.08322175859292053,0.00441806085386854,2.1556088371649618,0.11930031029758596,0.0036703294589214663,,,,,,,,,
741.4036666681482,,,0.030345935661034145,0.6503466235710905,0.08307264614403624,0.0044085709343868055,2.1499745331816467,0.11913722238832018,0.00366360546157125,,,,,,,,,
742.3936710528906,,,0.030283806816874637,0.6502824746785006,0.0829238008671366,0.00439910139909052,2.1443549560730917,0.11897435742622094,0.0036568937824995075,,,,,,,,,
743.3849974012629,,,0.030221805172394117,0.6502183321134295,0.08277522228351655,0.004389652204194792,2.1387500673463675,0.11881171510651115,0.003650194399139304,,,,,,,,,
744.3776474784967,,,0.030159930467170012,0.6501541958752528,0.08262690991532899,0.004380223306008795,2.1331598286091658,0.11864929512483059,0.0036435072889650544,,,,,,,,,
745.3716230521808,,,0.030098182441312866,0.6500900659633467,0.08247886328558296,0.004370814660935552,2.127584201569527,0.11848709717723514,0.0036368324294924407,,,,,,,,,
746.3669258922658,,,0.03003656083546527,0.6500259423770871,0.08233108191814194,0.004361426225471712,2.122023148035572,0.11832512096019593,0.003630169798278328,,,,,,,,,
747.3635577710658,,,0.02997506539080075,0.64996182511585,0.08218356533772253,0.0043520579562073705,2.116476629915245,0.118163366170599,0.0036235193729206965,,,,,,,,,
748.3615204632597,,,0.02991369584902291,0.6498977141790114,0.08203631306989306,0.004342709809825882,2.110944609216064,0.11800183250574503,0.003616881131058575,,,,,,,,,
749.3608157458966,,,0.029852451952364113,0.6498336095659478,0.08188932464107208,0.004333381743103646,2.105427048044852,0.11784051966334848,0.0036102550503719568,,,,,,,,,
750.3614453983996,,,0.02979133344358438,0.6497695112760353,0.08174259957852632,0.004324073712909888,2.0999239086074666,0.11767942734153682,0.0036036411085817177,,,,,,,,,
751.3634112025682,,,0.029730340065970442,0.64970541930865,0.08159613741036958,0.00431478567620648,2.0944351532085532,0.11751855523885019,0.0035970392834495488,,,,,,,,,
752.3667149425793,,,0.029669471563334632,0.6496413336631685,0.08144993766556145,0.004305517590047748,2.0889607442512923,0.11735790305424106,0.003590449552777885,,,,,,,,,
753.3713584049934,,,0.02960872768001382,0.6495772543389671,0.08130399987390524,0.004296269411580264,2.08350064423713,0.11719747048707334,0.003583871894409834,,,,,,,,,
754.3773433787555,,,0.02954810816086828,0.6495131813354222,0.08115832356604696,0.004287041098042655,2.0780548157655305,0.11703725723712202,0.0035773062862290888,,,,,,,,,
755.3846716552013,,,0.029487612751280624,0.6494491146519106,0.08101290827347335,0.004277832606765382,2.072623221533706,0.11687726300457231,0.0035707527061598567,,,,,,,,,
756.3933450280579,,,0.02942724119715471,0.6493850542878087,0.08086775352851062,0.004268643895170558,2.067205824336371,0.11671748749001924,0.0035642111321667743,,,,,,,,,
757.4033652934467,,,0.02936699324491471,0.6493210002424932,0.08072285886432304,0.004259474920771776,2.0618025870654955,0.1165579303944674,0.003557681542254877,,,,,,,,,
758.4147342498869,,,0.029306868641504,0.649256952515341,0.08057822381491149,0.004250325641173869,2.05641347271004,0.11639859141933008,0.0035511639144694775,,,,,,,,,
759.4274536983014,,,0.0292468671343839,0.6491929111057286,0.0804338479151115,0.0042411960140727465,2.0510384443556973,0.11623947026642856,0.0035446582268961082,,,,,,,,,
760.4415254420176,,,0.029186988471532827,0.649128876013033,0.08028973070059205,0.004232085997255169,2.0456774651846468,0.1160805666379917,0.0035381644576604468,,,,,,,,,
761.4569512867691,,,0.02912723240144521,0.649064847236631,0.08014587170785438,0.0042229955485985834,2.0403304984753086,0.11592188023665567,0.003531682584928253,,,,,,,,,
762.4737330407012,,,0.029067598673130454,0.6490008247758999,0.08000227047423007,0.004213924626070925,2.034997507602086,0.1157634107654632,0.003525212586905285,,,,,,,,,
763.4918725143748,,,0.029008087036111695,0.6489368086302165,0.0798589265378796,0.0042048731877303925,2.0296784560351058,0.11560515792786272,0.0035187544418372216,,,,,,,,,
764.5113715207688,,,0.028948697240424887,0.6488727987989578,0.07971583943779084,0.004195841191725277,2.024373307339976,0.1154471214277079,0.0035123081280095956,,,,,,,,,
765.5322318752811,,,0.02888942903661788,0.648808795281501,0.07957300871377804,0.004186828596293779,2.019082025177544,0.11528930096925773,0.0035058736237477267,,,,,,,,,
766.5544553957349,,,0.028830282175749136,0.6487447980772235,0.07943043390647969,0.0041778353597638025,2.0138045733036374,0.11513169625717522,0.0034994509074166356,,,,,,,,,
767.5780439023794,,,0.028771256409386898,0.6486808071855025,0.0792881145573576,0.0041688614405527525,2.0085409155688208,0.11497430699652729,0.003493039957420996,,,,,,,,,
768.6029992178965,,,0.028712351489607893,0.6486168226057152,0.07914605020869489,0.004159906797167361,2.0032910159181383,0.11481713289278377,0.003486640752205015,,,,,,,,,
769.6293231674016,,,0.028653567168996443,0.6485528443372391,0.07900424040359479,0.004150971388203474,1.9980548383908738,0.11466017365181716,0.0034802532702524007,,,,,,,,,
770.657017578446,,,0.028594903200643545,0.6484888723794517,0.07886268468597943,0.004142055172345882,1.9928323471203138,0.11450342897990226,0.0034738774900862934,,,,,,,,,
771.686084281021,,,0.028536359338145655,0.6484249067317306,0.07872138260058803,0.004133158108368132,1.9876235063334917,0.1143468985837154,0.0034675133902691666,,,,,,,,,
772.7165251075631,,,0.028477935335603662,0.6483609473934533,0.0785803336929754,0.004124280155132303,1.9824282803509365,0.11419058217033368,0.0034611609494027687,,,,,,,,,
773.7483418929561,,,0.02841963094762185,0.6482969943639972,0.07843953750951053,0.004115421271588839,1.9772466335864352,0.1140344794472346,0.0034548201461280345,,,,,,,,,
774.7815364745317,,,0.028361445929307054,0.6482330476427405,0.0782989935973755,0.0041065814167763745,1.972078530546798,0.11387859012229584,0.003448490959125057,,,,,,,,,
775.8161106920754,,,0.028303380036267454,0.6481691072290606,0.07815870150456365,0.0040977605498215275,1.9669239358316069,0.11372291390379437,0.0034421733671129717,,,,,,,,,
776.852066387831,,,0.02824543302461149,0.6481051731223355,0.07801866077987807,0.004088958629938694,1.9617828141329645,0.11356745050040573,0.003435867348849899,,,,,,,,,
777.8894054065022,,,0.028187604650946985,0.648041245321943,0.07787887097293013,0.004080175616429879,1.9566551302352617,0.11341219962120373,0.003429572883132872,,,,,,,,,
778.9281295952543,,,0.028129894672380105,0.6479773238272611,0.07773933163413853,0.004071411468684524,1.9515408490149426,0.11325716097566013,0.0034232899487977764,,,,,,,,,
779.96824080372,,,0.028072302846514307,0.6479134086376679,0.07760004231472742,0.004062666146179283,1.946439935440253,0.11310233427364369,0.0034170185247192645,,,,,,,,,
781.0097408840011,,,0.028014828931449312,0.6478494997525414,0.07746100256672502,0.004053939608477873,1.941352354571009,0.11294771922541995,0.003410758589810695,,,,,,,,,
782.0526316906739,,,0.02795747268578007,0.6477855971712597,0.07732221194296209,0.004045231815230846,1.9362780715583436,0.11279331554165026,0.00340451012302405,,,,,,,,,
783.0969150807913,,,0.027900233868595723,0.647721700893201,0.07718366999707056,0.004036542726175427,1.9312170516444787,0.11263912293339155,0.0033982731033498715,,,,,,,,,
784.1425929138845,,,0.027843112239478735,0.6476578109177435,0.07704537628348239,0.004027872301135337,1.926169260162493,0.11248514111209595,0.003392047509817193,,,,,,,,,
785.1896670519674,,,0.02778610755850383,0.6475939272442659,0.07690733035742789,0.004019220500020599,1.9211346625360766,0.11233136978961004,0.0033858333214934807,,,,,,,,,
786.2381393595421,,,0.027729219586236798,0.6475300498721462,0.07676953177493401,0.00401058728282733,1.916113224279288,0.1121778086781741,0.003379630517484522,,,,,,,,,
787.2880117036003,,,0.027672448083733696,0.647466178800763,0.07663198009282327,0.0040019726096375725,1.911104910996324,0.1120244574904218,0.003373439076934396,,,,,,,,,
788.3392859536253,,,0.027615792812539824,0.6474023140294947,0.07649467486871235,0.003993376440619138,1.906109688381293,0.11187131593937982,0.0033672589790253887,,,,,,,,,
789.3919639815965,,,0.027559253534688685,0.64733845555772,0.0763576156610107,0.003984798736025381,1.9011275222179704,0.11171838373846722,0.0033610902029779345,,,,,,,,,
790.4460476619946,,,0.02750283001270094,0.6472746033848173,0.07622080202891869,0.003976239456195021,1.8961583783795595,0.11156566060149456,0.0033549327280505232,,,,,,,,,
791.5015388718035,,,0.027446522009583398,0.6472107575101657,0.07608423353242656,0.0039676985615519885,1.8912022228284628,0.11141314624266362,0.0033487865335396303,,,,,,,,,
792.5584394905117,,,0.027390329288828213,0.6471469179331435,0.07594790973231304,0.003959176012605206,1.8862590216160577,0.11126084037656714,0.0033426515987796893,,,,,,,,,
793.6167514001181,,,0.027334251614411668,0.6470830846531298,0.07581183019014384,0.003950671769948437,1.8813287408824526,0.11110874271818787,0.003336527903142974,,,,,,,,,
794.6764764851342,,,0.027278288750793352,0.6470192576695034,0.0756759944682703,0.003942185794260088,1.876411346856262,0.11095685298289834,0.0033304154260395567,,,,,,,,,
795.7376166325894,,,0.027222440462914978,0.6469554369816434,0.07554040212982768,0.003933718046303017,1.8715068058543636,0.11080517088645991,0.0033243141469172215,,,,,,,,,
796.8001737320324,,,0.02716670651619949,0.6468916225889284,0.07540505273873407,0.003925268486924357,1.8666150842816767,0.11065369614502255,0.0033182240452614047,,,,,,,,,
797.8641496755341,,,0.027111086676550235,0.6468278144907378,0.07526994585968898,0.003916837077055364,1.8617361486309376,0.11050242847512444,0.003312145100595132,,,,,,,,,
798.9295463576915,,,0.027055580710349775,0.6467640126864507,0.07513508105817199,0.0039084237777112,1.856869965482464,0.1103513675936913,0.0033060772924789423,,,,,,,,,
799.9963656756332,,,0.027000188384458938,0.6467002171754461,0.07500045790044098,0.00390002854999076,1.852016501503918,0.11020051321803558,0.0033000206005108124,,,,,,,,,
801.0646095290211,0.09283190706255416,0.2835090168475735,0.02693699092164745,0.6459706052250529,0.0748540632478974,0.0038912511855510013,1.8460479756561932,0.11000066377123867,0.0032932494098667723,,,,,,,,,
802.134279820052,0.09266354529033591,0.28311723929844995,0.02687391439795808,0.6452395456903143,0.07470791339302832,0.003882492211509264,1.8400948458392374,0.10980100902167034,0.0032864896394777503,,,,,,,,,
803.2053784534629,0.0924954888623388,0.2827260031418006,0.026810985576283895,0.6445093135121757,0.07456204889047231,0.003873752953395032,1.8341609136569548,0.10960171665190663,0.003279743744289187,,,,,,,,,
804.2779073365357,0.09232773722478438,0.2823353076294817,0.026748204110761054,0.6437799077542985,0.07441646918308913,0.003865033366828926,1.8282461172008677,0.10940278600421631,0.0032730116958206495,,,,,,,,,
805.3518683790991,0.09216028982489857,0.28194515201438325,0.02668556965633561,0.6430513274814036,0.07427117371482632,0.003856333407531462,1.822350394762141,0.10920421642206204,0.0032662934656501547,,,,,,,,,
806.4272634935305,0.09199314611091015,0.28155553555042845,0.02662308186876171,0.6423235717592716,0.07412616193071746,0.00384765303132283,1.8164736848309468,0.10900600725009836,0.0032595890254140743,,,,,,,,,
807.5040945947616,0.09182630553204832,0.281166457492571,0.026560740404599527,0.6415966396547397,0.07398143327687942,0.003838992194122671,1.8106159260958095,0.1088081578341692,0.003252898346806994,,,,,,,,,
808.5823636002805,0.09165976753854142,0.2807779170967947,0.02649854492121351,0.6408705302357017,0.07383698720051075,0.003830350851949855,1.8047770574429747,0.10861066752130588,0.0032462214015816053,,,,,,,,,
809.6620724301371,0.09149353158161458,0.28038991362011073,0.02643649507677034,0.6401452425711055,0.07369282314988901,0.003821728960922224,1.798957017955759,0.10841353565972463,0.003239558161548565,,,,,,,,,
810.7432230069454,0.09132759711348815,0.28000244632055704,0.026374590530237125,0.6394207757309524,0.07354894057436896,0.0038131264772564085,1.793155746913923,0.10821676159882468,0.0032329085985764007,,,,,,,,,
811.8258172558851,0.09116196358737633,0.27961551445719757,0.02631283094137967,0.6386971287862974,0.07340533892438081,0.003804543357267607,1.7873731837930462,0.10802034468918639,0.0032262726845913876,,,,,,,,,
812.9098571047062,0.09099663045748478,0.2792291172901199,0.02625121597076047,0.6379743008092466,0.07326201765142766,0.0037959795573693396,1.7816092682638869,0.10782428428256886,0.003219650391577427,,,,,,,,,
813.9953444837352,0.09083159717900893,0.27884325408043376,0.026189745279736762,0.6372522908729554,0.07311897620808341,0.0037874350340732317,1.7758639401917449,0.1076285797319075,0.0032130416915759144,,,,,,,,,
815.0822813258753,0.09066686320813223,0.2784579240902698,0.026128418530458764,0.6365310980516282,0.07297621404799073,0.0037789097439887955,1.7701371396358414,0.1074332303913121,0.0032064465566856337,,,,,,,,,
816.17066956661,0.09050242800202471,0.278073126582779,0.026067235385867884,0.6358107214205179,0.07283373062585924,0.0037704036438232316,1.764428806848704,0.10723823561606512,0.003199864959062652,,,,,,,,,
817.2605111440064,0.09033829101884074,0.2776888608221305,0.026006195509694845,0.6350911600559241,0.0726915253974633,0.0037619166903811786,1.758738882275533,0.10704359476261915,0.0031932968709201853,,,,,,,,,
818.3518079987226,0.09017445171771714,0.2773051260735095,0.025945298566457598,0.6343724130351903,0.0725495978196394,0.0037534488405644943,1.753067306553568,0.10684930718859444,0.0031867422645284796,,,,,,,,,
819.4445620740046,0.09001090955877215,0.2769219216031176,0.025884544221459905,0.6336544794367062,0.07240794735028513,0.0037450000513720733,1.7474140205114992,0.10665537225277773,0.003180201112214703,,,,,,,,,
820.5387753156965,0.0898476640031026,0.27653924667816954,0.02582393214078903,0.6329373583399024,0.07226657344835596,0.0037365702798995777,1.7417789651688145,0.10646178931511903,0.0031736733863628203,,,,,,,,,
821.6344496722384,0.08968471451278313,0.2761571005668933,0.02576346199131432,0.6322210488252528,0.07212547557386403,0.0037281594833392553,1.736162081735215,0.10626855773673045,0.0031671590594134894,,,,,,,,,
822.7315870946717,0.08952206055086386,0.2757754825385283,0.025703133440685144,0.631505549974272,0.07198465318787595,0.003719767618979724,1.7305633116099888,0.1060756768798838,0.0031606581038639394,,,,,,,,,
823.8301895366453,0.08935970158136855,0.275394391863323,0.025642946157329073,0.6307908608695133,0.07184410575251016,0.003711394644205726,1.7249825963813907,0.10588314610800803,0.0031541704922678393,,,,,,,,,
824.9302589544166,0.08919763706929303,0.2750138278125346,0.025582899810450074,0.630076980594568,0.07170383273093549,0.0037030405164979172,1.7194198778260412,0.10569096478568742,0.0031476961972351945,,,,,,,,,
826.0317973068534,0.08903586648060366,0.27463378965842744,0.025522994070026787,0.6293639082340656,0.07156383358736897,0.0036947051934326887,1.7138750979083284,0.10549913227865998,0.0031412351914322455,,,,,,,,,
827.1348065554392,0.08887438928223534,0.27425427667427194,0.02546322860681068,0.6286516428736716,0.07142410778707375,0.003686388632681924,1.7083481987797933,0.10530764795381482,0.0031347874475813335,,,,,,,,,
828.2392886642788,0.0887132049420895,0.27387528813434203,0.025403603092324083,0.6279401836000852,0.07128465479635697,0.003678090792012759,1.7028391227785176,0.10511651117918992,0.0031283529384607883,,,,,,,,,
829.345245600099,0.0885523129290326,0.2734968233139146,0.025344117198858502,0.6272295295010393,0.07114547408256756,0.003669811629287404,1.6973478124285315,0.10492572132397032,0.003121931636904805,,,,,,,,,
830.4526793322518,0.0883917127128945,0.2731188814892685,0.02528477059947292,0.6265196796653,0.07100656511409487,0.0036615511024629343,1.6918742104392217,0.10473527775848623,0.0031155235158033564,,,,,,,,,
831.5615918327184,0.08823140376446681,0.2727414619376827,0.0252255629679919,0.625810633182665,0.07086792736036603,0.0036533091695910495,1.6864182597047255,0.10454517985421076,0.0031091285481020608,,,,,,,,,
832.6719850761158,0.08807138555550036,0.2723645639374341,0.025166493979003626,0.6251023891439605,0.0707295602918438,0.0036450857888178623,1.6809799033033224,0.10435542698375741,0.00310274670680205,,,,,,,,,
833.7838610396947,0.08791165755870464,0.27198818676779785,0.025107563307858457,0.6243949466410434,0.07059146338002537,0.0036368809183837205,1.6755590844968697,0.10416601852087895,0.0030963779649598963,,,,,,,,,
834.897221703349,0.08775221924774493,0.2716123297090443,0.02504877063066683,0.6236883047667966,0.07045363609743927,0.0036286945166229454,1.670155746730177,0.10397695384046425,0.003090022295687464,,,,,,,,,
836.0120690496141,0.08759307009724134,0.27123699204243895,0.024990115624297683,0.6229824626151311,0.07031607791764431,0.0036205265419636565,1.6647698336304455,0.10378823231853718,0.003083679672151808,,,,,,,,,
837.1284050636726,0.08743420958276694,0.2708621730502406,0.024931597966376656,0.6222774192809831,0.07017878831522713,0.0036123769529275594,1.659401289006667,0.10359985333225423,0.00307735006757507,,,,,,,,,
838.2462317333598,0.08727563718084565,0.2704878720156994,0.024873217335284154,0.6215731738603125,0.07004176676579991,0.003604245708129707,1.6540500568490295,0.10341181625990196,0.0030710334552343514,,,,,,,,,
839.365551049165,0.08711735236895073,0.27011408822305577,0.02481497341015371,0.6208697254501019,0.06990501274599885,0.003596132766278311,1.6487160813283417,0.10322412048089546,0.0030647298084615945,,,,,,,,,
840.4863650042341,0.08695935462550342,0.26974082095753993,0.024756865870870292,0.6201670731483572,0.06976852573348206,0.003588038086174532,1.643399306795458,0.10303676537577643,0.0030584391006434975,,,,,,,,,
841.6086755943743,0.08680164342987079,0.2693680695053699,0.02469889439806847,0.6194652160541047,0.06963230520692763,0.003579961626712277,1.63809967778069,0.10284975032621094,0.003052161305221385,,,,,,,,,
842.7324848180596,0.086644218262364,0.2689958331537493,0.024641058673130548,0.6187641532673899,0.06949635064603119,0.0035719033468779673,1.6328171389932198,0.10266307471498709,0.00304589639569108,,,,,,,,,
843.8577946764324,0.0864870786042367,0.268624111190867,0.024583358378184924,0.6180638838892762,0.06936066153150432,0.003563863205750331,1.6275516353205313,0.10247673792601314,0.0030396443456028196,,,,,,,,,
844.9846071733057,0.08633022393768357,0.2682529029058959,0.024525793196104408,0.6173644070218459,0.06922523734507267,0.0035558411625002334,1.6223031118278426,0.10229073934431598,0.003033405128561133,,,,,,,,,
846.1129243151692,0.08617365374583834,0.26788220758899084,0.024468362810504376,0.6166657217681968,0.06909007756947368,0.003547837176390437,1.6170715137575218,0.1021050783560385,0.0030271787182247272,,,,,,,,,
847.2427481111906,0.08601736751277214,0.2675120245312881,0.024411066905741113,0.6159678272324419,0.0689551816884549,0.0035398512067753964,1.611856786528523,0.1019197543484379,0.0030209650883063844,,,,,,,,,
848.3740805732227,0.08586136472349164,0.26714235302490275,0.02435390516690992,0.6152707225197077,0.06882054918677151,0.003531883213101055,1.6066588757358051,0.10173476670988324,0.0030147642125728305,,,,,,,,,
849.5069237158045,0.0857056448639375,0.26677319236292824,0.024296877279843483,0.6145744067361328,0.06868617955018487,0.00352393315490464,1.6014777271497724,0.10155011482985375,0.0030085760648446394,,,,,,,,,
850.6412795561632,0.08555020742098293,0.26640454183943535,0.024239982931110272,0.6138788789888691,0.06855207226546041,0.0035160009918144613,1.5963132867157164,0.101365798098937,0.003002400618996133,,,,,,,,,
851.7771501142197,0.08539505188243175,0.26603640074947044,0.02418322180801265,0.6131841383860783,0.06841822682036569,0.0035080866835497148,1.5911655005532441,0.10118181590882669,0.0029962378489552565,,,,,,,,,
852.9145374125941,0.08524017773701652,0.26566876838905334,0.024126593598585173,0.612490184036931,0.06828464270366824,0.003500190189920247,1.5860343149557081,0.10099816765232034,0.002990087728703467,,,,,,,,,
854.0534434766068,0.0850855844743969,0.2653016440551769,0.02407009799159287,0.6117970150516053,0.06815131940513364,0.0034923114708263745,1.5809196763896536,0.10081485272331757,0.0029839502322756193,,,,,,,,,
855.1938703342815,0.08493127158515848,0.26493502704580585,0.024013734676529636,0.611104630541288,0.06801825641552402,0.003484450486258679,1.5758215314942685,0.10063187051681832,0.00297782533375988,,,,,,,,,
856.3358200163497,0.08477723856081074,0.26456891665987514,0.02395750334361651,0.6104130296181715,0.06788545322659566,0.003476607196297812,1.5707398270808186,0.10044922042892075,0.0029717130072976017,,,,,,,,,
857.4792945562559,0.08462348489378506,0.26420331219728793,0.023901403683799786,0.6097222113954518,0.06775290933109698,0.0034687815611142625,1.5656745101320844,0.10026690185681866,0.002965613227083201,,,,,,,,,
858.6242959901606,0.08447001007743342,0.26383821295891474,0.023845435388749472,0.6090321749873286,0.0676206242227669,0.0034609735409681782,1.5606255278018164,0.10008491419880011,0.0029595259673640744,,,,,,,,,
859.7708263569409,0.0843168136060268,0.26347361824659293,0.023789598150857648,0.6083429195090054,0.06748859739633285,0.0034531830962091616,1.5555928274141912,0.09990325685424552,0.002953451202440473,,,,,,,,,
860.9188876981975,0.0841638949747534,0.26310952736312426,0.02373389166323668,0.6076544440766862,0.06735682834750883,0.0034454101872760726,1.5505763564632506,0.09972192922362524,0.002947388906665405,,,,,,,,,
862.0684820582566,0.08401125367971699,0.26274593961227427,0.023678315619717553,0.6069667478075759,0.06722531657299342,0.003437654774696815,1.545576062612361,0.09954093070849808,0.0029413390544445234,,,,,,,,,
863.2196114841756,0.083858889217935,0.26238285429877,0.023622869714848116,0.6062798298198772,0.06709406157046771,0.0034299168190881366,1.540591893693656,0.09936026071150862,0.0029353016202360123,,,,,,,,,
864.3722780257456,0.08370680108733711,0.2620202707282994,0.02356755364389151,0.605593689232791,0.06696306283859361,0.003422196281155433,1.5356237977075005,0.09917991863638578,0.0029292765785504746,,,,,,,,,
865.5264837354928,0.08355498878676369,0.2616581882075103,0.02351236710282449,0.6049083251665159,0.06683231987701199,0.003414493121692566,1.5306717228219546,0.09899990388794085,0.0029232639039508475,,,,,,,,,
866.6822306686846,0.08340345181596416,0.2612966060440087,0.02345730978833576,0.6042237367422465,0.06670183218634072,0.0034068073015816377,1.5257356173722267,0.09882021587206555,0.002917263571052282,,,,,,,,,
867.8395208833341,0.08325218967559489,0.2609355235463568,0.023402381397824162,0.6035399230821704,0.06657159926817248,0.0033991387817927984,1.5208154298601257,0.0986408539957296,0.0029112755545220186,,,,,,,,,
868.9983564402029,0.0831012018672179,0.2605749400240725,0.02334758162939712,0.6028568833094691,0.06644162062507299,0.003391487523384054,1.5159111089535313,0.09846181766697906,0.0029052998290793053,,,,,,,,,
870.1587394028023,0.08295048789329942,0.26021485478762824,0.02329291018186909,0.6021746165483172,0.06631189576057953,0.0033838534875010673,1.511022603485867,0.09828310629493481,0.002899336369495284,,,,,,,,,
871.3206718373991,0.08280004725720798,0.25985526714844925,0.023238366754759737,0.6014931219238806,0.06618242417919859,0.0033762366353769723,1.5061498624555578,0.09810471928978995,0.0028933851505928863,,,,,,,,,
872.4841558130211,0.08264987946321262,0.2594961764189121,0.02318395104829233,0.6008123985623143,0.066053205386404,0.003368636928332147,1.5012928350254913,0.09792665606280805,0.002887446147246709,,,,,,,,,
873.6491934014587,0.08249998401648143,0.25913758191234304,0.023129662763392053,0.6001324455907621,0.06592423888863505,0.003361054327774039,1.4964514705224936,0.09774891602632113,0.0028815193343829227,,,,,,,,,
874.8157866772672,0.08235036042308015,0.25877948294301817,0.0230755016016845,0.5994532621373566,0.06579552419329486,0.0033534887951969673,1.49162571843681,0.09757149859372825,0.0028756046869791766,,,,,,,,,
875.9839377177727,0.08220100818997032,0.2584218788261608,0.023021467265493922,0.5987748473312169,0.06566706080874837,0.003345940292181933,1.4868155284215652,0.09739440317949284,0.002869702180064475,,,,,,,,,
877.1536486030748,0.0820519268250076,0.2580647688779408,0.022967559457841662,0.598097200302448,0.06553884824432035,0.0033384087803964096,1.4820208502922458,0.0972176291991414,0.002863811788719084,,,,,,,,,
878.3249214160518,0.0819031158369401,0.25770815241547246,0.022913777882444388,0.5974203201821382,0.06541088601029357,0.0033308942215941493,1.477241634026167,0.09704117606926092,0.002857933488074406,,,,,,,,,
879.4977582423637,0.08175457473540686,0.25735202875681384,0.022860122243712536,0.5967442061023596,0.0652831736179068,0.0033233965776149938,1.4724778297619556,0.09686504320749735,0.0028520672533128965,,,,,,,,,
880.6721611704537,0.08160630303093647,0.2569963972209656,0.02280659224674883,0.5960688571961672,0.06515571057935335,0.003315915810384696,1.4677293877990394,0.09668923003255381,0.0028462130596679566,,,,,,,,,
881.8481322915537,0.08145830023494524,0.25664125712786984,0.02275318759734648,0.5953942725975973,0.06502849640777901,0.003308451881914702,1.4629962585971201,0.0965137359641886,0.002840370882423825,,,,,,,,,
883.0256736996896,0.08131056585973534,0.2562866077984077,0.022699908001987585,0.5947204514416652,0.06490153061727985,0.0033010047543019644,1.45827839277565,0.09633856042321284,0.002834540696915462,,,,,,,,,
884.2047874916839,0.08116309941849349,0.2559324485543988,0.022646753167841545,0.5940473928643649,0.06477481272290075,0.00329357438972875,1.4535757411133228,0.09616370283148899,0.002828722478528455,,,,,,,,,
885.3854757671568,0.0810159004252894,0.2555787787186004,0.022593722802763505,0.5933750960026698,0.06464834224063355,0.003286160750462469,1.448888254547569,0.09598916261192893,0.002822916202698926,,,,,,,,,
886.5677406285323,0.08086896839507424,0.2552255976147059,0.022540816615292763,0.5927035599945293,0.06452211868741513,0.0032787637988554532,1.4442158841740353,0.09581493918849215,0.0028171218449134167,,,,,,,,,
887.7515841810438,0.08072230284367853,0.2548729045673424,0.022488034314650993,0.592032783978868,0.06439614158112536,0.003271383497344775,1.4395585812460685,0.09564103198618334,0.0028113393807087804,,,,,,,,,
888.9370085327355,0.08057590328781093,0.25452069890207046,0.022435375610740764,0.5913627670955846,0.06427041044058539,0.0032640198084520587,1.4349162971742124,0.09546744043105083,0.002805568785672076,,,,,,,,,
890.1240157944649,0.0804297692450569,0.2541689799453832,0.02238284021414405,0.5906935084855522,0.06414492478555611,0.003256672694783294,1.4302889835257102,0.095294163950185,0.0027998100354404867,,,,,,,,,
891.3126080799091,0.08028390023387653,0.2538177470247041,0.022330427836120492,0.590025007290616,0.06401968413673592,0.0032493421190286434,1.4256765920239869,0.0951212019717158,0.002794063105701198,,,,,,,,,
892.5027875055664,0.08013829577360353,0.25346699946838636,0.022278138188605863,0.5893572626535928,0.06389468801575911,0.003242028043962261,1.4210790745481527,0.09494855392481145,0.002788327972191306,,,,,,,,,
893.6945561907634,0.07999295538444304,0.25311673660571093,0.02222597098421042,0.5886902737182681,0.06376993594519385,0.0032347304324420695,1.4164963831324917,0.09477621923967591,0.002782604610697694,,,,,,,,,
894.8879162576566,0.0798478785874704,0.2527669577668853,0.022173925936217406,0.588024039629397,0.06364542744854038,0.0032274492474096057,1.4119284699659669,0.09460419734754735,0.002776892997056958,,,,,,,,,
896.0828698312345,0.07970306490462971,0.25241766228304335,0.022122002758581474,0.587358559532703,0.06352116205022958,0.003220184451889837,1.40737528739173,0.09443248768069644,0.002771193107155285,,,,,,,,,
897.2794190393226,0.07955851385873214,0.2520688494862432,0.022070201165927134,0.5866938325748768,0.06339713927562075,0.003212936008990949,1.4028367879066157,0.09426108967242444,0.002765504916928369,,,,,,,,,
898.4775660125905,0.07941422497345406,0.2517205187094653,0.022018520873547043,0.5860298579035735,0.06327335865099985,0.0032057038819041654,1.3983129241606398,0.09409000275706084,0.002759828402361291,,,,,,,,,
899.677312884552,0.07927019777333569,0.25137266928661217,0.021966961597400535,0.5853666346674129,0.06314981970357766,0.003198488033903561,1.3938036489565127,0.09391922636996188,0.0027541635394884184,,,,,,,,,
900.8786617915682,0.07912643178377982,0.25102530055250705,0.021915523054112162,0.5847041620159795,0.06302652196148821,0.003191288428345895,1.3893089152491531,0.0937487599475088,0.002748510304393324,,,,,,,,,
902.0816148728534,0.07898292653104991,0.2506784118428923,0.021864204960969996,0.58404243909982,0.062903464953787,0.0031841050286703977,1.3848286761451905,0.09357860292710599,0.0027428686732086714,,,,,,,,,
903.2861742704796,0.07883968154226842,0.25033200249442805,0.02181300703592409,0.5833814650704416,0.06278064821044864,0.0031769377983985932,1.380362884902469,0.0934087547471786,0.0027372386221161025,,,,,,,,,
904.4923421293796,0.07869669634541542,0.24998607184469077,0.021761928997584928,0.5827212390803116,0.06265807126236561,0.003169786701134113,1.375911494929567,0.0932392148471711,0.002731620127346155,,,,,,,,,
905.7001205973481,0.07855397046932729,0.24964061923217298,0.021710970565221963,0.5820617602828577,0.06253573364134642,0.00316265170056253,1.3714744597853172,0.09306998266754558,0.002726013165178161,,,,,,,,,
906.9095118250491,0.07841150344369482,0.24929564399628112,0.021660131458762007,0.581403027832465,0.06241363488011356,0.0031555327604511447,1.3670517331783127,0.09290105764977968,0.002720417711940138,,,,,,,,,
908.1205179660172,0.07826929479906178,0.24895114547733468,0.021609411398787734,0.5807450408844762,0.06229177451230211,0.0031484298446488286,1.36264326896643,0.09273243923636484,0.002714833744008699,,,,,,,,,
909.3331411766648,0.07812734406682321,0.24860712301656415,0.021558810106536028,0.5800877985951889,0.06217015207245736,0.0031413429170858167,1.358249021156338,0.09256412687080418,0.0027092612378089354,,,,,,,,,
910.5473836162832,0.07798565077922404,0.2482635759561105,0.021508327303896527,0.5794313001218553,0.06204876709603351,0.0031342719417735234,1.3538689439030247,0.09239611999761084,0.002703700169814329,,,,,,,,,
911.7632474470457,0.07784421446935769,0.2479205036390243,0.0214579627134102,0.5787755446226829,0.061927619119391875,0.0031272168828043955,1.3495029915093255,0.09222841806230642,0.0026981505165466634,,,,,,,,,
912.9807348340128,0.07770303467116443,0.24757790540926386,0.02140771605826769,0.5781205312568313,0.061806707679799004,0.0031201777043517037,1.34515111842544,0.09206102051141897,0.0026926122545759138,,,,,,,,,
914.1998479451374,0.07756211091942951,0.24723578061169368,0.021357587062307764,0.577466259184411,0.06168603231542482,0.003113154370669342,1.3408132792484506,0.09189392679248086,0.0026870853605201342,,,,,,,,,
915.4205889512679,0.07742144274978198,0.24689412859208343,0.02130757545001589,0.576812727566483,0.061565592565340825,0.0031061468460916743,1.3364894287218536,0.0917271363540272,0.002681569811045382,,,,,,,,,
916.642960026149,0.07728102969869316,0.24655294869710745,0.021257680946522705,0.5761599355650588,0.06144538796951879,0.0030991550950333607,1.332179521735096,0.09156064864559418,0.0026760655828656117,,,,,,,,,
917.8669633464285,0.07714087130347519,0.24621224027434288,0.02120790327760254,0.575507882343098,0.06132541806882857,0.0030921790819891503,1.3278835133230968,0.09139446311771726,0.0026705726527425783,,,,,,,,,
919.0926010916622,0.07700096710227904,0.245872002672268,0.021158242169671757,0.5748565670645069,0.06120568240503627,0.0030852187715337104,1.3236013586657716,0.09122857922192884,0.0026650909974857257,,,,,,,,,
920.3198754443167,0.07686131663409333,0.24553223524026133,0.021108697349787355,0.5742059888941377,0.06108618052080279,0.0030782741283214453,1.319333013087572,0.09106299641075688,0.0026596205939520973,,,,,,,,,
921.5487885897705,0.07672191943874303,0.24519293732860098,0.021059268545645552,0.5735561469977888,0.060966911959682,0.003071345117086335,1.3150784320570255,0.09089771413772313,0.0026541614190462534,,,,,,,,,
922.7793427163217,0.07658277505688746,0.2448541082884628,0.021009955485580167,0.5729070405422022,0.06084787626611902,0.0030644317026417263,1.310837571186261,0.09073273185734124,0.002648713449720152,,,,,,,,,
924.0115400151891,0.07644388303001927,0.2445157474719192,0.020960757898561166,0.5722586686950637,0.06072907298544841,0.003057533849880185,1.306610386230553,0.09056804902511505,0.0026432766629730657,,,,,,,,,
925.2453826805197,0.07630524290046235,0.24417785423193775,0.02091167551419312,0.5716110306249996,0.06061050166389228,0.0030506515237732857,1.3023968330878497,0.09040366509753628,0.0026378510358514734,,,,,,,,,
926.48087290939,0.0761668542113707,0.24384042792237995,0.02086270806271378,0.5709641255015775,0.060492161848558795,0.0030437846893714526,1.298196867798319,0.0902395795320833,0.0026324365454489618,,,,,,,,,
927.7180129018086,0.07602871650672707,0.24350346789800079,0.020813855274992615,0.5703179524953055,0.060374053087440455,0.0030369333118037824,1.2940104465438975,0.09007579178721933,0.002627033168906149,,,,,,,,,
928.956804860722,0.0758908293313412,0.2431669735144469,0.02076511688252933,0.5696725107776305,0.0602561749294124,0.003030097356277874,1.2898375256478256,0.08991230132239057,0.002621640883410575,,,,,,,,,
930.1972509920197,0.07575319223084818,0.2428309441282549,0.02071649261745228,0.5690277995209362,0.060138526924230266,0.0030232767880796294,1.2856780615741863,0.08974910759802408,0.00261625966619659,,,,,,,,,
931.439353504537,0.0756158047517072,0.24249537909685037,0.02066798221251706,0.5683838178985431,0.060021108622528914,0.0030164715725730807,1.2815320109274566,0.08958621007552613,0.0026108894945452835,,,,,,,,,
932.6831146100573,0.07547866644120015,0.24216027777854757,0.020619585401105162,0.5677405650847077,0.05990391957582065,0.003009681675200245,1.2773993304520623,0.08942360821728096,0.0026055303457843816,,,,,,,,,
933.9285365233164,0.07534177684743001,0.24182563953254746,0.020571301917222343,0.5670980402546217,0.059786959336493445,0.0030029070614809262,1.273279977031919,0.08926130148664857,0.0026001821972881415,,,,,,,,,
935.1756214620101,0.07520513551931916,0.241491463718936,0.020523131495497213,0.566456242584409,0.059670227457809116,0.002996147697012522,1.269173907689977,0.08909928934796268,0.002594845026477266,,,,,,,,,
936.4243716467954,0.07506874200660792,0.24115774969868342,0.020475073871179746,0.5658151712511255,0.05955372349390161,0.002989403547469876,1.265081079587779,0.08893757126652933,0.0025895188108187948,,,,,,,,,
937.6747893012925,0.07493259585985354,0.24082449683364357,0.020427128780139928,0.5651748254327599,0.059437446999775705,0.0029826745786051077,1.2610014500250188,0.08877614670862519,0.0025842035278260326,,,,,,,,,
938.9268766520918,0.07479669663042829,0.24049170448655177,0.02037929595886623,0.5645352043082307,0.05932139753130484,0.0029759607562474116,1.2569349764390871,0.08861501514149567,0.002578899155058435,,,,,,,,,
940.1806359287561,0.07466104387051817,0.24015937202102433,0.020331575144464202,0.5638963070573858,0.05920557464522968,0.002969262046302914,1.2528816164046337,0.08845417603335312,0.002573605670121524,,,,,,,,,
941.4360693638271,0.07452563713312103,0.23982749880155643,0.020283966074654915,0.5632581328610007,0.05908997789915626,0.0029625784147544695,1.248841327633115,0.08829362885337497,0.002568323050666776,,,,,,,,,
942.6931791928276,0.07439047597204555,0.23949608419352153,0.02023646848777359,0.5626206809007778,0.05897460685155423,0.002955909827661506,1.2448140679723594,0.08813337307170203,0.002563051274391549,,,,,,,,,
943.9519676542639,0.07425555994190979,0.23916512756317043,0.020189082122768275,0.5619839503593465,0.05885946106175564,0.002949256251159852,1.2407997954061343,0.08797340815943717,0.0025577903190389818,,,,,,,,,
945.2124369896311,0.07412088859813956,0.23883462827762986,0.020141806719198272,0.5613479404202613,0.058744540089952814,0.0029426176514615724,1.2367984680536999,0.0878137335886432,0.0025525401623979,,,,,,,,,
946.4745894434193,0.07398646149696674,0.2385045857049004,0.020094642017232676,0.5607126502679999,0.058629843497196625,0.002935993994854771,1.2328100441693677,0.08765434883234074,0.0025473007823027106,,,,,,,,,
947.738427263116,0.07385227819542808,0.23817499921385615,0.020047587757649046,0.5600780790879627,0.05851537084539505,0.0029293852477034386,1.2288344821420705,0.0874952533645071,0.0025420721566333177,,,,,,,,,
949.0039526992076,0.07371833825136383,0.23784586817424386,0.020000643681831954,0.559444226066473,0.0584011216973115,0.002922791376447281,1.2248717404949347,0.08733644666007451,0.0025368542633150393,,,,,,,,,
950.2711680051856,0.07358464122341621,0.23751719195668108,0.019953809531771605,0.5588110903907753,0.058287095616563186,0.0029162123476015557,1.220921777884841,0.0871779281949282,0.0025316470803185024,,,,,,,,,
951.5400754375537,0.07345118667102755,0.2371889699326545,0.019907085050062234,0.5581786712490319,0.05817329216761898,0.0029096481277568736,1.2169845531019838,0.08701969744590439,0.0025264505856595464,,,,,,,,,
952.8106772558248,0.07331797415443966,0.23686120147452033,0.019860469979900985,0.5575469678303262,0.058059710915798486,0.0029030986835790642,1.2130600250694632,0.0868617538907892,0.002521264757399138,,,,,,,,,
954.0829757225325,0.07318500323469143,0.2365338859555009,0.019813964065086183,0.5569159793246573,0.05794635142726971,0.0028965639818089753,1.2091481528428318,0.08670409700831623,0.0025160895736432735,,,,,,,,,
955.3569731032292,0.07305227347361815,0.23620702274968572,0.019767567050016206,0.5562857049229424,0.05783321326904788,0.0028900439892623354,1.2052488956096892,0.08654672627816555,0.0025109250125428953,,,,,,,,,
956.6326716664921,0.07291978443384982,0.23588061123202902,0.019721278679687933,0.5556561438170144,0.057720296008993706,0.0028835386728295613,1.201362212689246,0.08638964118096153,0.002505771052293795,,,,,,,,,
957.91007368393,0.07278753567880947,0.23555465077834842,0.019675098699695318,0.55502729519962,0.05760759921581137,0.0028770479994755945,1.1974880635318945,0.08623284119827107,0.0025006276711365106,,,,,,,,,
959.1891814301846,0.07265552677271185,0.23522914076532397,0.019629026856228023,0.5543991582644192,0.057495122459047164,0.0028705719362397356,1.1936264077187912,0.08607632581260202,0.0024954948473562425,,,,,,,,,
960.4699971829332,0.07252375728056237,0.23490408057049778,0.019583062896070126,0.5537717322059856,0.057382865309088066,0.0028641104502354817,1.189777204961441,0.08592009450740179,0.0024903725592827744,,,,,,,,,
961.7525232228944,0.07239222676815522,0.23457946957227177,0.019537206566598648,0.5531450162198045,0.057270827337159755,0.0028576635086503635,1.185940415101271,0.08576414676705521,0.002485260785290368,,,,,,,,,
963.0367618338345,0.07226093480207195,0.23425530714990667,0.019491457615782064,0.5525190095022706,0.057159008115325004,0.002851231078745756,1.1821159981092058,0.08560848207688285,0.002480159503797671,,,,,,,,,
964.322715302569,0.07212988094968018,0.23393159268352087,0.019445815792179036,0.551893711250688,0.05704740721648205,0.0028448131278567307,1.1783039140852558,0.08545309992313939,0.0024750686932676234,,,,,,,,,
965.6103859189652,0.0719990647791323,0.2336083255540899,0.019400280844937078,0.5512691206632703,0.056936024214363196,0.0028384096233918877,1.174504123258106,0.08529799979301224,0.002469988332207383,,,,,,,,,
966.8997759759482,0.07186848585936399,0.23328550514344462,0.019354852523791082,0.5506452369391382,0.0568248586835331,0.0028320205328331975,1.1707165859846964,0.08514318117461961,0.002464918399168226,,,,,,,,,
968.1908877695075,0.07173814376009237,0.2329631308342696,0.01930953057906192,0.550022059278318,0.05671391019938668,0.0028256458237358095,1.166941262749799,0.0849886435570083,0.002459858872745437,,,,,,,,,
969.483723598695,0.07160803805181529,0.23264120201010313,0.01926431476165519,0.5493995868817426,0.05660317833814838,0.0028192854637279193,1.1631781141656257,0.08483438643015313,0.0024548097315782572,,,,,,,,,
970.7782857656358,0.07147816830580919,0.23231971805533466,0.019219204823059693,0.5487778189512477,0.05649266267686958,0.0028129394205105747,1.1594271009713946,0.08468040928495409,0.0024497709543497576,,,,,,,,,
972.074576575527,0.07134853409412839,0.23199867835520505,0.019174200515346226,0.5481567546895734,0.05638236279342773,0.002806607661857543,1.1556881840329407,0.0845267116132356,0.0024447425197867763,,,,,,,,,
973.3725983366429,0.07121913498960329,0.23167808229580455,0.01912930159116617,0.5475363933003623,0.05627227826652454,0.0028002901556151236,1.1519613243422984,0.08437329290774435,0.0024397244066598086,,,,,,,,,
974.6723533603428,0.07108997056583884,0.2313579292640715,0.01908450780375001,0.5469167339881573,0.056162408675684006,0.002793986869701989,1.1482464830172894,0.08422015266214757,0.002434716593782932,,,,,,,,,
975.9738439610719,0.07096104039721332,0.23103821864779114,0.019039818906906085,0.5462977759584018,0.05605275360125119,0.00278769777210902,1.1445436213011224,0.08406729037103143,0.002429719060013699,,,,,,,,,
977.2770724563642,0.07083234405887703,0.2307189498355954,0.01899523465501931,0.5456795184174387,0.055943312624390625,0.002781422830899165,1.1408527005619946,0.08391470552989977,0.0024247317842530734,,,,,,,,,
978.5820411668482,0.07070388112675091,0.23040012221696105,0.018950754803049703,0.5450619605725094,0.05583408532708459,0.0027751620142072502,1.137173682292683,0.08376239763517196,0.0024197547454453258,,,,,,,,,
979.8887524162532,0.07057565117752476,0.23008173518220798,0.01890637910653103,0.544445101631752,0.055725071292131424,0.002768915290239827,1.1335065281101366,0.08361036618418127,0.0024147879225779345,,,,,,,,,
981.1972085314114,0.07044765378865614,0.22976378812249862,0.018862107321569527,0.5438289408042002,0.05561627010314397,0.002762682627275011,1.1298511997550822,0.08345861067517331,0.0024098312946815156,,,,,,,,,
982.50741184226,0.07031988853836904,0.22944628042983722,0.018817939204842565,0.5432134772997839,0.05550768134454829,0.002756463993662325,1.126207659091631,0.08330713060730462,0.00240488484082973,,,,,,,,,
983.8193646818484,0.07019235500565242,0.22912921149706805,0.018773874513597282,0.5425987103293267,0.0553993046015817,0.002750259357822538,1.1225758681068712,0.08315592548064057,0.002399948540139189,,,,,,,,,
985.1330693863404,0.07006505277025882,0.22881258071787441,0.018729913005649284,0.5419846391045461,0.05529113946029139,0.002744068688247508,1.1189557889104778,0.08300499479615422,0.002395022371769375,,,,,,,,,
986.4485282950212,0.06993798141270277,0.22849638748677725,0.018686054439381206,0.5413712628380503,0.05518318550753271,0.0027378919534999956,1.1153473837343093,0.08285433805572402,0.002390106314922538,,,,,,,,,
987.7657437502999,0.06981114051425961,0.2281806311991341,0.018642298573741462,0.5407585807433389,0.05507544233096754,0.0027317291222135327,1.1117506149320184,0.08270395476213256,0.0023852003488436186,,,,,,,,,
989.0847180977111,0.06968452965696421,0.22786531125113849,0.018598645168243014,0.5401465920348024,0.05496790951906311,0.002725580163092268,1.1081654449786653,0.08255384441906519,0.002380304452820168,,,,,,,,,
990.4054536859217,0.06955814842360954,0.2275504270398184,0.01855509398296192,0.5395352959277208,0.05486058666109004,0.0027194450449107856,1.1045918364703204,0.08240400653110794,0.0023754186061822496,,,,,,,,,
991.7279528667367,0.06943199639774501,0.22723597796303463,0.018511644778536,0.5389246916382604,0.05475347334712084,0.0027133237365139545,1.1010297521236692,0.08225444060374593,0.002370542788302353,,,,,,,,,
993.0522179951016,0.0693060731636753,0.22692196341947987,0.01846829731616357,0.5383147783834753,0.054646569168028306,0.0027072162068167674,1.0974791547756273,0.08210514614336178,0.0023656769785953,,,,,,,,,
994.3782514291042,0.06918037830645926,0.2266083828086784,0.018425051357602206,0.5377055553813066,0.054539873715484195,0.0027011224248042038,1.09394000738296,0.08195612265723437,0.0023608211565181777,,,,,,,,,
995.7060555299814,0.06905491141190817,0.22629523553098424,0.018381906665167362,0.5370970218505801,0.0544333865819576,0.002695042359531046,1.0904122730218893,0.0818073696535367,0.002355975301570241,,,,,,,,,
997.0356326621248,0.06892967206658439,0.22598252098757954,0.01833886300173098,0.536489177011005,0.05432710736071302,0.0026889759801217296,1.0868959148877033,0.0816588866413344,0.0023511393932928114,,,,,,,,,
998.3669851930836,0.06880465985780004,0.22567023858047405,0.018295920130720275,0.5358820200831733,0.05422103564580921,0.0026829232557701874,1.083390896294378,0.08151067313058404,0.0023463134112692153,,,,,,,,,
999.7001154935658,0.06867987437361596,0.2253583877125043,0.01825307781611651,0.5352755502885604,0.05411517103209759,0.002676884155739708,1.0798971806741997,0.081362728632132,0.0023414973351246803,,,,,,,,,
1001.0350259374468,0.06855531520283997,0.22504696778733166,0.018210335822453554,0.5346697668495219,0.054009513115220543,0.0026708586493627527,1.0764147315773753,0.08121505265771217,0.0023366911445262613,,,,,,,,,
1002.3717189017701,0.06843098193502567,0.224735978209442,0.018167693914816707,0.5340646689892945,0.05390406149161008,0.002664846706040827,1.072943512671658,0.08106764471994497,0.0023318948191827487,,,,,,,,,
1003.7101967667559,0.06830687416047093,0.22442541838414357,0.018125151858841285,0.5334602559319924,0.05379881575848594,0.002658848295244302,1.0694834877419594,0.08092050433233512,0.002327108338844581,,,,,,,,,
1005.0504619158022,0.06818299147021664,0.22411528771756642,0.018082709420711385,0.5328565269026082,0.05369377551385433,0.0026528633865122607,1.0660346206899776,0.08077363100927036,0.002322331683303753,,,,,,,,,
1006.3925167354882,0.06805933345604559,0.22380558561666178,0.018040366367158698,0.5322534811270127,0.05358894035650647,0.002646891949452369,1.0625968755338253,0.08062702426601998,0.002317564832393752,,,,,,,,,
1007.7363636155793,0.06793589971048092,0.22349631148920038,0.017998122465461144,0.5316511178319524,0.053484309886016886,0.002640933953740706,1.05917021640765,0.0804806836187332,0.0023128077659894573,,,,,,,,,
1009.0820049490344,0.06781268982678457,0.22318746474377074,0.017955977483441507,0.5310494362450483,0.05337988370274186,0.002634989369121589,1.0557546075612538,0.08033460858443714,0.0023080604640070483,,,,,,,,,
1010.4294431320076,0.06768970339895618,0.22287904478977885,0.017913931189466263,0.5304484355947954,0.05327566140781784,0.002629058165407447,1.0523500133597259,0.08018879868103554,0.0023033229064039333,,,,,,,,,
1011.7786805638506,0.06756694002173184,0.22257105103744723,0.017871983352444352,0.5298481151105626,0.053171642603160325,0.0026231403124786696,1.048956398283076,0.08004325342730745,0.002298595073178664,,,,,,,,,
1013.1297196471189,0.06744439929058271,0.22226348289781334,0.01783013374182583,0.5292484740225915,0.05306782689146197,0.0026172357802834367,1.045573726925859,0.07989797234290522,0.00229387694437085,,,,,,,,,
1014.4825627875784,0.0673220808017134,0.22195633978272822,0.017788382127600564,0.5286495115619931,0.052964213876191005,0.0026113445388375694,1.0422019639967992,0.07975295494835294,0.002289168500061061,,,,,,,,,
1015.8372123942073,0.06719998415206084,0.2216496211048554,0.01774672828029703,0.5280512269607492,0.05286080316158995,0.0026054665582243793,1.0388410743184289,0.07960820076504489,0.0022844697203707547,,,,,,,,,
1017.1936708791985,0.06707810893929318,0.22134332627767073,0.017705171970981076,0.5274536194517115,0.052757594352674075,0.0025996018085945325,1.0354910228267253,0.07946370931524437,0.0022797805854622008,,,,,,,,,
1018.551940657967,0.06695645476180809,0.22103745471546027,0.017663712971254627,0.5268566882685995,0.05265458705522988,0.00259375026016587,1.0321517745707374,0.0793194801220815,0.002275101075538384,,,,,,,,,
1019.9120241491519,0.06683502121873175,0.22073200583331967,0.01762235105325445,0.5262604326460002,0.05255178087581355,0.0025879118832232836,1.0288232947122267,0.07917551270955218,0.002270431170842929,,,,,,,,,
1021.2739237746242,0.06671380790991717,0.22042697904715247,0.017581085989650826,0.5256648518193662,0.05244917542174929,0.0025820866481185405,1.0255055485252953,0.07903180660251605,0.0022657708516600006,,,,,,,,,
1022.637641959489,0.06659281443594305,0.2201223737736693,0.017539917553646353,0.525069945025015,0.052346770301128075,0.002576274525270145,1.0221985013960302,0.07888836132669508,0.00226112009831424,,,,,,,,,
1024.0031811320862,0.0664720403981128,0.21981818943038758,0.01749884551897479,0.52447571150013,0.052244565122806196,0.002570475485163197,1.018902118822148,0.07874517640867242,0.002256478891170682,,,,,,,,,
1025.3705437240026,0.06635148539845255,0.2195144254356286,0.01745786965989964,0.5238821504827561,0.05214255949640343,0.0025646894983492184,1.0156163664126183,0.07860225137589003,0.002251847210634647,,,,,,,,,
1026.7397321700691,0.06623114903971042,0.2192110812085183,0.017416989751213044,0.5232892612118017,0.05204075303230192,0.0025589165354460344,1.0123412098873226,0.07845958575664798,0.00224722503715169,,,,,,,,,
1028.1107489083672,0.06611103092535504,0.2189081561689852,0.01737620556823453,0.5226970429270368,0.05193914534164452,0.002553156567137599,1.0090766150766886,0.07831717908010248,0.0022426123512075033,,,,,,,,,
1029.4835963802377,0.06599113065957393,0.2186056497377589,0.01733551688680964,0.5221054948690902,0.05183773603633314,0.0025474095641738487,1.0058225479213263,0.07817503087626387,0.0022380091333278223,,,,,,,,,
1030.858277030277,0.06587144784727285,0.21830356133637024,0.017294923483308928,0.5215146162794518,0.05173652472902768,0.002541675497370579,1.0025789744716904,0.07803314067599613,0.0022334153640783698,,,,,,,,,
1032.2347933063497,0.06575198209407362,0.21800189038714865,0.01725442513462648,0.5209244064004686,0.05163551103314407,0.00253595433760925,0.9993458608877063,0.07789150801101426,0.0022288310240647495,,,,,,,,,
1033.6131476595856,0.06563273300631384,0.21770063631322253,0.01721402161817895,0.5203348644753462,0.051534694562853256,0.0025302460558368936,0.9961231734384363,0.07775013241388361,0.002224256093932385,,,,,,,,,
1034.9933425443908,0.06551370019104458,0.21739979853851682,0.01717371271190406,0.5197459897481453,0.051434074933079284,0.0025245506230659183,0.9929108785017084,0.07760901341801758,0.002219690554366411,,,,,,,,,
1036.3753804184453,0.06539488325603002,0.21709937648775327,0.01713349819425964,0.519157781463784,0.051333651759498285,0.0025188680103739947,0.9897089425637853,0.07746815055767675,0.002215134386091628,,,,,,,,,
1037.7592637427144,0.06527628180974529,0.21679936958644772,0.0170933778442222,0.5185702388680328,0.051233424658536454,0.002513198188903882,0.9865173322189946,0.07732754336796668,0.002210587569872381,,,,,,,,,
1039.1449949814462,0.06515789546137596,0.21649977726091088,0.01705335144128589,0.517983361207518,0.0511333932473693,0.0025075411298633144,0.9833360141694002,0.0771871913848372,0.0022060500865125157,,,,,,,,,
1040.532576602183,0.06503972382081603,0.21620059893824511,0.017013418765461103,0.5173971477297161,0.05103355714391935,0.002501896804524818,0.9801649552244356,0.07704709414507993,0.00220152191685527,,,,,,,,,
1041.9220110757578,0.06491880932107813,0.21586216043618933,0.016978288325026007,0.5166238214474557,0.05092856249488081,0.0024954111060625844,0.9767631423707619,0.0768961277873901,0.0021966649745797586,,,,,,,,,
1043.3133008763075,0.06479662227875131,0.21550415962497033,0.01694561472353631,0.5157565607265069,0.05082107384877283,0.002488510182097739,0.9732513340609276,0.07673982601413927,0.00219164764458935,,,,,,,,,
1044.706448481269,0.06467466521096454,0.21514675254718096,0.016913004000248092,0.5148907558833689,0.050713812065715305,0.0024816283422635418,0.9697521519416916,0.07658384194536876,0.002186641774516828,,,,,,,,,
1046.101456371388,0.06455293768487091,0.2147899382181326,0.016880456034156426,0.5140264044740479,0.050606776666896384,0.00247476553378387,0.9662655506174441,0.07642817493530144,0.002181647338186976,,,,,,,,,
1047.4983270307252,0.064431439268438,0.21443371565476907,0.01684797070448916,0.5131635040586511,0.05049996717451458,0.0024679217040285356,0.9627914848557808,0.0762728243394724,0.002176664309484352,,,,,,,,,
1048.897062946655,0.06431016953044685,0.21407808387566557,0.016815547890706634,0.5123020522013844,0.05039338311177716,0.0024610968005129175,0.959329909586934,0.07611778951472718,0.0021716926623531786,,,,,,,,,
1050.2976666098768,0.06418912804048979,0.2137230419010238,0.016783187472501095,0.5114420464705397,0.05028702400289735,0.002454290770897516,0.9558807799031676,0.07596306981921813,0.0021667323707971757,,,,,,,,,
1051.7001405144117,0.06406831436896963,0.21336858875267173,0.016750889329796403,0.5105834844384939,0.0501808893730929,0.002447503562987595,0.9524440510582147,0.07580866461240274,0.0021617834088794555,,,,,,,,,
1053.1044871576155,0.06394772808709728,0.21301472345405822,0.016718653342747396,0.5097263636816964,0.05007497874858333,0.002440735124732739,0.9490196784666772,0.07565457325503996,0.0021568457507223603,,,,,,,,,
1054.510709040174,0.06382736876689116,0.212661445030253,0.016686479391739634,0.5088706817806677,0.049969291656588394,0.0024339854042264995,0.9456076177034671,0.07550079510918865,0.0021519193705073505,,,,,,,,,
1055.9188086661175,0.06370723598117481,0.2123087525079416,0.01665436735738878,0.5080164363199876,0.04986382762532537,0.002427254349705943,0.9422078245032102,0.07534732953820378,0.0021470042424748415,,,,,,,,,
1057.3287885428144,0.06358732930357618,0.2119566449154247,0.016622317120540357,0.5071636248882926,0.049758586184007594,0.002420541909551311,0.9388202547596921,0.07519417590673493,0.0021421003409241033,,,,,,,,,
1058.7406511809866,0.06346764830852529,0.2116051212826136,0.016590328562269056,0.5063122450782651,0.04965356686284173,0.002413848032285576,0.9354448645252658,0.07504133358072265,0.0021372076402130903,,,,,,,,,
1060.1543990947036,0.06334819257125361,0.21125418064102952,0.01655840156387856,0.5054622944866312,0.049548769193026275,0.002407172666574086,0.9320816100103015,0.07488880192739676,0.002132326114758344,,,,,,,,,
1061.5700348013966,0.06322896166779157,0.21090382202379865,0.01652653600690088,0.5046137707141488,0.04944419270674885,0.002400515761224132,0.9287304475825986,0.0747365803152728,0.0021274557390348198,,,,,,,,,
1062.987560821855,0.06310995517496801,0.21055404446565162,0.01649473177309606,0.5037666713656053,0.04933983693718469,0.002393877265184592,0.9253913337668371,0.07458466811415025,0.0021225964875757897,,,,,,,,,
1064.4069796802344,0.06299117267040816,0.21020484700292003,0.01646298874445171,0.5029209940498088,0.04923570141849426,0.002387257127545522,0.9220642252440066,0.0744330646951095,0.0021177483349726907,,,,,,,,,
1065.8282939040637,0.06287261373253195,0.20985622867353265,0.016431306803182475,0.5020767363795802,0.04913178568582103,0.002380655297537752,0.9187490788508355,0.07428176943050906,0.0021129112558749877,,,,,,,,,
1067.251506024243,0.06275427794055322,0.2095081885170151,0.016399685831729745,0.5012338959717495,0.04902808927528985,0.002374071724532531,0.9154458515792501,0.0741307816939836,0.0021080852249900587,,,,,,,,,
1068.6766185750564,0.06263616487447728,0.2091607255744848,0.016368125712761066,0.5003924704471454,0.048924611724004335,0.0023675063580411,0.9121545005757955,0.07398010086044046,0.0021032702170830364,,,,,,,,,
1070.103634094167,0.06251827411510046,0.2088138388886504,0.016336626329169882,0.49955245743059284,0.04882135257004537,0.002360959147714343,0.9088749831411005,0.0738297263060581,0.00209846620697671,,,,,,,,,
1071.5325551226317,0.06240060524400764,0.20846752750380723,0.016305187564074897,0.49871385455090156,0.04871831135246847,0.002354430043342362,0.9056072567293028,0.07367965740828251,0.002093673169551357,,,,,,,,,
1072.9633842048952,0.062283157843571614,0.20812179046583676,0.016273809300819828,0.49787665944086423,0.04861548761130228,0.0023479189948541323,0.9023512789475177,0.07352989354582555,0.0020888910797446448,,,,,,,,,
1074.3961238888053,0.06216593149695084,0.20777662682220155,0.016242491422972818,0.49704086973724493,0.04851288088754598,0.002341425952317077,0.8991070075552678,0.07338043409866148,0.002084119912551475,,,,,,,,,
1075.8307767256063,0.06204892578808875,0.20743203562194523,0.01621123381432617,0.4962064830807774,0.0484104907231678,0.0023349508659367252,0.8958744004639553,0.07323127844802528,0.0020793596430238727,,,,,,,,,
1077.2673452699546,0.06193214030171136,0.20708801591568726,0.016180036358895693,0.49537349711615364,0.04830831666110235,0.0023284936860562913,0.8926534157362955,0.07308242597640925,0.002074610246270831,,,,,,,,,
1078.7058320799144,0.06181557462332671,0.2067445667556226,0.01614889894092051,0.49454190949202087,0.04820635824524919,0.002322054363156326,0.8894440115857908,0.07293387606756117,0.0020698716974582093,,,,,,,,,
1080.1462397169653,0.0616992283392229,0.2064016871955181,0.016117821444862505,0.49371171786097406,0.04810461502047046,0.002315632847854324,0.8862461463761806,0.07278562810648138,0.0020651439718085878,,,,,,,,,
1081.5885707460109,0.061583101036466456,0.20605937629070897,0.01608680375540582,0.4928829198795467,0.04800308653258874,0.0023092290909043295,0.883059778620894,0.07263768147942004,0.002060427044601129,,,,,,,,,
1083.0328277353753,0.0614671923029015,0.2057176330980983,0.016055845757456638,0.4920555132082088,0.04790177232838541,0.0023028430431965945,0.879884866982529,0.07249003557387523,0.002055720891171476,,,,,,,,,
1084.4790132568164,0.06135150172714741,0.20537645667615226,0.01602494733614252,0.49122949551135514,0.04780067195559818,0.0022964746557571605,0.876721370272296,0.07234268977858964,0.0020510254869115898,,,,,,,,,
1085.927129885522,0.06123602889859834,0.2050358460848994,0.01599410837681218,0.490404864457304,0.047699784962919545,0.0022901238797475238,0.8735692474495037,0.07219564348354877,0.0020463408072696533,,,,,,,,,
1087.3771802001227,0.061120773407420836,0.20469580038592627,0.015963328765034892,0.48958161771828523,0.047599110899994225,0.0022837906664642223,0.8704284576210066,0.07204889607997772,0.0020416668277499156,,,,,,,,,
1088.8291667826882,0.06100573484455321,0.20435631864237688,0.015932608386600235,0.48875975297043905,0.04749864931741777,0.002277474967338498,0.8672989600406944,0.07190244696033939,0.002037003523912587,,,,,,,,,
1090.2830922187404,0.0608909128017033,0.20401739991894768,0.01590194712751749,0.4879392678938039,0.04739839976673391,0.0022711767339358905,0.8641807141089438,0.07175629551833115,0.0020323508713736855,,,,,,,,,
1091.738959097249,0.060776306871347816,0.20367904328188755,0.01587134487401537,0.48712016017231546,0.047298361800433196,0.0022648959179558995,0.8610736793721109,0.07161044114888318,0.0020277088458049396,,,,,,,,,
1093.1967700106459,0.060661916646730034,0.20334124779899296,0.015840801512541476,0.48630242749379493,0.04719853497195037,0.002258632471231578,0.8579778155219875,0.07146488324815511,0.00202307742293363,,,,,,,,,
1094.6565275548196,0.06054774172185926,0.20300401253960718,0.015810316929762015,0.4854860675499476,0.04709891883566298,0.002252386345729203,0.854893082395297,0.07131962121353447,0.0020184565785424905,,,,,,,,,
1096.1182343291293,0.06043378169150855,0.20266733657461625,0.01577989101256119,0.4846710780363509,0.046999512946888804,0.002246157493547865,0.8518194399731548,0.07117465444363315,0.00201384628846956,,,,,,,,,
1097.5818929364027,0.060320036151213924,0.2023312189764476,0.01574952364804097,0.4838574566524528,0.04690031686188439,0.002239945866919137,0.8487568483805651,0.07102998233828582,0.0020092465286080706,,,,,,,,,
1099.047505982942,0.060206504697272685,0.20199565881906717,0.0157192147235206,0.4830452011015632,0.04680133013784281,0.002233751418206696,0.845705267885897,0.07088560429854707,0.002004657274906318,,,,,,,,,
1100.5150760785336,0.06009318692674163,0.201660655177976,0.015688964126536073,0.4822343090908455,0.04670255233289152,0.002227574099905932,0.8426646589003615,0.07074151972668855,0.002000078503367521,,,,,,,,,
1101.9846058364444,0.05998008243743638,0.20132620713020916,0.01565877174483993,0.48142477833131475,0.046603983006090866,0.0022214138646436334,0.839634981977515,0.0705977280261974,0.001995510190049725,,,,,,,,,
1103.4560978734346,0.059867190827929156,0.2009923137543316,0.01562863746640063,0.480616606537826,0.04650562171743154,0.0022152706651775754,0.8366161978127282,0.07045422860177271,0.001990952311065645,,,,,,,,,
1104.929554809755,0.059754511697548085,0.20065897413043748,0.0155985611794023,0.4798097914290729,0.046407468027833194,0.002209144454396197,0.8336082672426952,0.0703110208593241,0.0019864048425825686,,,,,,,,,
1106.404979269159,0.05964204464637504,0.2003261873401454,0.01556854277224418,0.47900433072757603,0.04630952149914191,0.0022030351853182042,0.8306111512449068,0.07016810420596832,0.001981867760822211,,,,,,,,,
1107.8823738788994,0.059529789275245014,0.1999939524665983,0.015538582133540361,0.478200222159682,0.04621178169412881,0.002196942811092245,0.8276248109371626,0.07002547805002765,0.001977341042060607,,,,,,,,,
1109.3617412697417,0.05941774518574384,0.19966226859445851,0.015508679152119207,0.47739746345555156,0.04611424817648754,0.0021908672849965134,0.8246492075770483,0.06988314180102663,0.0019728246626279653,,,,,,,,,
1110.84308407596,0.05930591198020765,0.19933113480990752,0.015478833717023093,0.47659605234915847,0.046016920510832886,0.0021848085604384295,0.8216843025614515,0.06974109486969043,0.0019683185989085735,,,,,,,,,
1112.3264049353495,0.05919428926172068,0.19900055020064134,0.015449045717507855,0.4757959865782779,0.045919798262698264,0.002178766590954244,0.8187300574260423,0.06959933666794157,0.0019638228273406435,,,,,,,,,
1113.8117064892244,0.05908287663411455,0.19867051385587006,0.015419315043042541,0.474997263884485,0.04582288099853435,0.0021727413302087173,0.8157864338447931,0.0694578666088984,0.00195933732441622,,,,,,,,,
1115.29899138243,0.058971673701966244,0.1983410248663131,0.015389641583308793,0.4741998820131439,0.04572616828570657,0.002166732731994732,0.8128533936294623,0.06931668410687163,0.0019548620666810248,,,,,,,,,
1116.7882622633392,0.05886068007059713,0.19801208232419887,0.015360025228200647,0.47340383871340547,0.045629659692493656,0.002160740750232965,0.8099308987291158,0.0691757885773629,0.0019503970307343632,,,,,,,,,
1118.2795217838623,0.058749895346071536,0.19768368532326125,0.01533046586782403,0.4726091317381989,0.04553335478808558,0.002154765338971525,0.8070189112296257,0.06903517943706187,0.0019459421932289875,,,,,,,,,
1119.7727725994534,0.05863931913519491,0.19735583295873618,0.01530096339249626,0.47181575884422383,0.04543725314258131,0.002148806452385583,0.8041173933531722,0.06889485610384359,0.0019414975308709704,,,,,,,,,
1121.2680173691085,0.05852895104551315,0.19702852432736145,0.015271517692745849,0.47102371779194824,0.04534135432698744,0.0021428640447770553,0.8012263074577689,0.06875481799676672,0.0019370630204195993,,,,,,,,,
1122.7652587553785,0.05841879068531042,0.19670175852737154,0.015242128659311885,0.470233006345597,0.045245657913215706,0.0021369380705742154,0.798345616036757,0.06861506453607037,0.0019326386386872316,,,,,,,,,
1124.2644994243644,0.05830883766360855,0.19637553465849775,0.015212796183143794,0.4694436222731509,0.04515016347408165,0.00213102848433138,0.795475281718336,0.0684755951431725,0.001928224362539202,,,,,,,,,
1125.765742045733,0.058199091590164814,0.19604985182196336,0.01518352015540079,0.46865556334633496,0.04505487058330213,0.0021251352407285276,0.7926152672650615,0.06833640924066672,0.001923820168893671,,,,,,,,,
1127.268989292711,0.058089552075471416,0.19572470912048315,0.015154300467451639,0.4678688273406176,0.044959778815494,0.002119258294570983,0.7897655355733795,0.06819750625232074,0.0019194260347215335,,,,,,,,,
1128.7742438420985,0.05798021873075329,0.19540010565825916,0.015125137010874043,0.4670834120351986,0.04486488774617161,0.0021133976007890356,0.7869260496731277,0.06805888560307298,0.0019150419370462738,,,,,,,,,
1130.2815083742662,0.057871091167967466,0.19507604054098007,0.015096029677454473,0.4662993152130087,0.04477019695174553,0.0021075531144376333,0.7840967727270735,0.06792054671903133,0.0019106678529438666,,,,,,,,,
1131.7907855731683,0.057762168999800995,0.1947525128758166,0.015066978359187555,0.4655165346606979,0.044675706009520054,0.002101724790695997,0.7812776680304181,0.06778248902746972,0.0019063037595426328,,,,,,,,,
1133.3020781263383,0.057653451839670175,0.19442952177142134,0.015037982948275838,0.46473506816863425,0.04458141449769189,0.002095912584867316,0.7784686990103384,0.06764471195682661,0.0019019496340231493,,,,,,,,,
1134.815388724903,0.05754493930171865,0.19410706633792418,0.015009043337129246,0.4639549135308925,0.04448732199534772,0.0020901164523783678,0.7756698292254948,0.06750721493670188,0.0018976054536180983,,,,,,,,,
1136.3307200635793,0.05743663100081656,0.19378514568693145,0.014980159418364817,0.4631760685452525,0.04439342808246278,0.002084336348779208,0.7728810223655735,0.06736999739785507,0.0018932711956121762,,,,,,,,,
1137.848074840682,0.05732852655255887,0.19346375893152293,0.014951331084806247,0.46239853101319095,0.04429973233989884,0.0020785722297428167,0.7701022422508091,0.06723305877220283,0.0018889468373419623,,,,,,,,,
1139.3674557581332,0.057220625573263836,0.1931429051862486,0.014922558229483395,0.46162229873987354,0.04420623434940206,0.002072824051064744,0.7673334528315091,0.0670963984928162,0.001884632356195789,,,,,,,,,
1140.8888655214575,0.05711292767997223,0.19282258356712786,0.014893840745632091,0.46084736953415245,0.04411293369360163,0.0020670917686628036,0.7645746181876004,0.06696001599391894,0.0018803277296136492,,,,,,,,,
1142.4123068397976,0.05700543249044515,0.19250279319164532,0.014865178526693536,0.4600737412085562,0.04401982995600738,0.0020613753385766973,0.7618257025281473,0.06682391071088449,0.0018760329350870546,,,,,,,,,
1143.9377824259082,0.0568981396231636,0.19218353317874995,0.01483657146631406,0.45930141157928767,0.04392692272100843,0.0020556747169677174,0.7590866701909033,0.06668808208023431,0.0018717479501589368,,,,,,,,,
1145.4652949961717,0.05679104869732625,0.19186480264885114,0.014808019458344602,0.4585303784662133,0.043834211573870796,0.0020499898601183653,0.7563574856418316,0.06655252953963485,0.0018674727524235085,,,,,,,,,
1146.9948472705928,0.05668415933284886,0.19154660072381802,0.014779522396840463,0.4577606396928616,0.04374169610073613,0.0020443207244320643,0.7536381134746618,0.06641725252789597,0.001863207319526173,,,,,,,,,
1148.5264419728132,0.05657747115036224,0.19122892652697498,0.014751080176060718,0.45699219308641265,0.04364937588861927,0.002038667266432784,0.7509285184104127,0.06628225048496782,0.0018589516291633785,,,,,,,,,
1150.0600818301066,0.0564709837712115,0.19091177918310143,0.014722692690468043,0.45622503647769624,0.04355725052540695,0.0020330294427647394,0.7482286652969522,0.06614752285193932,0.0018547056590825287,,,,,,,,,
1151.595769573393,0.05636469681745418,0.19059515781842734,0.014694359834728127,0.45545916770118117,0.04346531959985546,0.0020274072101920276,0.7455385191085238,0.0660130690710351,0.0018504693870818446,,,,,,,,,
1153.1335079372348,0.05625860991185946,0.19027906156063262,0.014666081503709434,0.4546945845949739,0.04337358270158928,0.0020218005255983294,0.7428580449453094,0.06587888858561382,0.0018462427910102672,,,,,,,,,
1154.67329965985,0.05615272267790619,0.18996348953884312,0.014637857592482682,0.4539312850008079,0.0432820394210988,0.0020162093459865447,0.7401872080329599,0.06574498084016532,0.0018420258487673183,,,,,,,,,
1156.2151474831098,0.056047034739782196,0.18964844088362967,0.014609687996320578,0.4531692667640414,0.04319068934973888,0.002010633628478492,0.7375259737221586,0.06561134528030885,0.0018378185383030104,,,,,,,,,
1157.7590541525467,0.055941545722382524,0.18933391472700495,0.014581572610697355,0.4524085277336495,0.04309953207972686,0.0020050733303145656,0.7348743074881648,0.06547798135279048,0.0018336208376177193,,,,,,,,,
1159.3050224173626,0.05583625525130808,0.18901991020242048,0.014553511331288353,0.4516490657622167,0.04300856720414054,0.001999528408853399,0.7322321749303609,0.06534488850548058,0.0018294327247620583,,,,,,,,,
1160.853055030426,0.05573116295286474,0.188706426444766,0.014525504053969757,0.45089087870593453,0.042917794316916835,0.0019939988215715632,0.7295995417718193,0.06521206618737219,0.0018252541778367897,,,,,,,,,
1162.4031547482862,0.05562626845406139,0.18839346259036488,0.014497550674818052,0.4501339644245913,0.042827213012849405,0.0019884845260632095,0.7269763738588423,0.06507951384857794,0.0018210851749926801,,,,,,,,,
1163.9553243311677,0.0555215713826093,0.1880810177769739,0.014469651090109784,0.4493783207815701,0.042736822887587414,0.0019829854800397766,0.7243626371605346,0.0649472309403286,0.001816925694430414,,,,,,,,,
1165.5095665429867,0.055417071366920104,0.187769091143779,0.01444180519632104,0.4486239456438387,0.04264662353763316,0.001977501641329634,0.7217582977683462,0.06481521691496993,0.001812775714400458,,,,,,,,,
1167.0658841513448,0.055312768036105096,0.1874576818313944,0.014414012890127219,0.44787083688194773,0.04255661456034082,0.001972032967877789,0.7191633218956481,0.06468347122596133,0.0018086352132029653,,,,,,,,,
1168.6242799275437,0.05520866101997338,0.18714678898185907,0.014386274068402457,0.4471189923700205,0.04246679555391414,0.0019665794177455365,0.7165776758772785,0.0645519933278727,0.00180450416918764,,,,,,,,,
1170.1847566465813,0.05510474994903113,0.1868364117386354,0.01435858862821945,0.4463684099857511,0.04237716611740511,0.001961140949110164,0.7140013261691213,0.06442078267638301,0.0018003825607536517,,,,,,,,,
1171.7473170871656,0.05500103445447962,0.1865265492466057,0.014330956466848895,0.44561908761039415,0.042287725850711735,0.0019557175202646027,0.7114342393476555,0.06428983872827722,0.0017962703663494933,,,,,,,,,
1173.3119640317113,0.054897514168214534,0.18621720065207098,0.014303377481759215,0.44487102312876275,0.04219847435457664,0.0019503090896171341,0.7088763821095356,0.06415916094144475,0.001792167564472893,,,,,,,,,
1174.878700266349,0.05479418872282431,0.18590836510274816,0.01427585157061618,0.4441242144292209,0.042109411230585106,0.00194491561569106,0.7063277212711532,0.06402874877487692,0.0017880741336706908,,,,,,,,,
1176.4475285809324,0.054691057751588744,0.18560004174776693,0.014248378631282428,0.4433786594036753,0.04202053608116312,0.0019395370571243706,0.7037882237682009,0.06389860168866449,0.0017839900525387213,,,,,,,,,
1178.0184517690368,0.05458812088847815,0.1852922297376691,0.014220958561817217,0.4426343559475744,0.041931848509576035,0.0019341733726694578,0.7012578566552569,0.06376871914399598,0.0017799152997217162,,,,,,,,,
1179.5914726279716,0.05448537776815145,0.18498492822440424,0.014193591260475917,0.44189130195989684,0.04184334811992629,0.001928824521192764,0.698736587105342,0.06363910060315472,0.001775849853913172,,,,,,,,,
1181.1665939587772,0.054382828025955496,0.1846781363613294,0.014166276625709781,0.4411494953431506,0.04175503451715212,0.0019234904616745017,0.6962243824095096,0.06350974552951748,0.0017717936938552651,,,,,,,,,
1182.7438185662388,0.054280471297923204,0.18437185330320488,0.014139014556165409,0.4404089340033627,0.04166690730702536,0.0019181711532083047,0.693721209976405,0.06338065338755133,0.0017677467983387117,,,,,,,,,
1184.3231492588827,0.05417830722077276,0.18406607820619356,0.014111804950684507,0.43966961585007736,0.04157896609615012,0.001912866555000947,0.6912270373318593,0.06325182364281234,0.0017637091462026856,,,,,,,,,
1185.904588848989,0.054076335431905855,0.183760810227857,0.014084647708303394,0.438931538796346,0.041491210491960556,0.0019075766263719981,0.6887418321184517,0.06312325576194247,0.001759680716334679,,,,,,,,,
1187.48814015259,0.053974555569406946,0.18345604852715486,0.014057542728252773,0.43819470075872546,0.04140364010271961,0.0019023013267535454,0.6862655620951055,0.0629949492126682,0.0017556614876704196,,,,,,,,,
1189.0738059894811,0.05387296727204135,0.18315179226444053,0.014030489909957158,0.437459099657268,0.04131625453751678,0.0018970406156898424,0.6837981951366541,0.06286690346379754,0.0017516514391937377,,,,,,,,,
1190.6615891832198,0.053771570179254595,0.18284804060146104,0.01400348915303473,0.43672473341551954,0.04122905340626684,0.0018917944528370428,0.6813396992334403,0.06273911798521868,0.001747650549936475,,,,,,,,,
1192.251492561138,0.05367036393117054,0.18254479270135274,0.013976540357296756,0.4359915999605099,0.04114203631970764,0.001886562797962851,0.6788900424908849,0.06261159224789677,0.0017436587989783535,,,,,,,,,
1193.8435189543397,0.05356934816859055,0.18224204772864033,0.013949643422747352,0.43525969722275004,0.04105520288939877,0.0018813456109462437,0.6764491931290871,0.06248432572387276,0.0017396761654468894,,,,,,,,,
1195.4376711977088,0.05346852253299213,0.18193980484923447,0.013922798249583094,0.43452902313622527,0.040968552727719654,0.0018761428517771498,0.6740171194824057,0.06235731788626066,0.001735702628517273,,,,,,,,,
1197.0339521299188,0.05336788666652731,0.1816380632304281,0.013896004738192561,0.4337995756383874,0.040882085447867644,0.0018709544805561324,0.6715937899990432,0.0622305682092452,0.0017317381674122486,,,,,,,,,
1198.6323645934287,0.05326744021202197,0.18133682204089635,0.013869262789156086,0.43307135267015295,0.0407958006638567,0.00186578045749411,0.6691791732406492,0.062104076168080245,0.0017277827614020302,,,,,,,,,
1200.2329114344975,0.053167182812973945,0.18103608045069208,0.013842572303245268,0.4323443521758926,0.04070969799051521,0.0018606207429120198,0.6667732378818982,0.06197784123908593,0.001723836389804171,,,,,,,,,
1201.8355955031807,0.05306711411355231,0.18073583763124543,0.013815933181422742,0.4316185721034303,0.04062377704348472,0.0018554752972405448,0.6643759527100974,0.0618518628996472,0.0017198990319834734,,,,,,,,,
1203.440419653344,0.052967233758595626,0.18043609275535988,0.013789345324841657,0.4308940104040326,0.04053803743921776,0.0018503440810197795,0.6619872866247674,0.06172614062821095,0.0017159706673518587,,,,,,,,,
1205.0473867426588,0.05286754139361121,0.1801368449972117,0.013762808634845447,0.4301706650324077,0.04045247879497661,0.0018452270548989583,0.6596072086372532,0.06160067390428447,0.001712051275368288,,,,,,,,,
1206.6564996326179,0.05276803666477326,0.17983809353234578,0.013736323012967344,0.42944853394669474,0.04036710072883109,0.0018401241796361222,0.6572356878703081,0.06147546220843275,0.001708140835538625,,,,,,,,,
1208.2677611885294,0.05266871921892228,0.17953983753767533,0.013709888360930155,0.4287276151084631,0.040281902859657416,0.0018350354160978494,0.6548726935577065,0.06135050502227696,0.0017042393274155569,,,,,,,,,
1209.881174279533,0.05256958870356314,0.1792420761914777,0.013683504580645713,0.42800790648270165,0.04019688480713584,0.0018299607252589235,0.6525181950438318,0.06122580182849154,0.0017003467305984608,,,,,,,,,
1211.4967417785945,0.05247064476686443,0.17894480867339385,0.013657171574214715,0.4272894060378176,0.040112046191749684,0.0018249000682020661,0.650172161783292,0.06110135211080286,0.0016964630247333216,,,,,,,,,
1213.1144665625209,0.052371887057656684,0.17864803416442454,0.013630889243926178,0.4265721117456267,0.040027386634782884,0.0018198534061176074,0.647834563340509,0.060977155353986304,0.001692588189512606,,,,,,,,,
1214.7343515119567,0.0522733152254316,0.17835175184692945,0.013604657492257201,0.42585602158135083,0.039942905758319006,0.0018148207003032143,0.6455053693893378,0.060853211043864805,0.0016887222046751695,,,,,,,,,
1216.3563995113934,0.052174928920340605,0.1780559609046241,0.013578476221872577,0.425141133523611,0.03985860318523915,0.0018098019121635832,0.6431845497126654,0.060729518667306456,0.0016848650500061472,,,,,,,,,
1217.9806134491776,0.05207672779319336,0.17776066052257744,0.013552345335624352,0.42442744555441975,0.03977447853922019,0.0018047970032101326,0.6408720742020153,0.060606077712221984,0.0016810167053368358,,,,,,,,,
1219.606996217508,0.05197871149545702,0.17746584988721056,0.013526264736551592,0.42371495565917955,0.03969053144473352,0.001799805935060734,0.6385679128571686,0.06048288766756349,0.0016771771505446125,,,,,,,,,
1221.2355507124498,0.051880879679254456,0.17717152818629311,0.013500234327879891,0.4230036618266726,0.03960676152704285,0.0017948286694393874,0.6362720357857606,0.060359948023321425,0.001673346365552802,,,,,,,,,
1222.866279833931,0.051783231997363614,0.17687769460894276,0.013474254013021162,0.4222935620490595,0.03952316841220306,0.0017898651681759585,0.6339844132029075,0.06023725827052328,0.001669524330330598,,,,,,,,,
1224.4991864857564,0.05168576810321565,0.17658434834562084,0.013448323695573113,0.4215846543218692,0.03943975172705802,0.0017849153932058548,0.6317050154308054,0.06011481790123074,0.0016657110248929372,,,,,,,,,
1226.1342735756036,0.05158848765089433,0.17629148858813246,0.013422443279319038,0.42087693664399783,0.03935651109923942,0.0017799793065697647,0.6294338128983595,0.05999262640853831,0.0016619064293004113,,,,,,,,,
1227.7715440150375,0.051491390295134165,0.17599911452962205,0.013396612668227326,0.42017040701769853,0.03927344615716461,0.001775056870413336,0.6271707761407869,0.05987068328657046,0.0016581105236591438,,,,,,,,,
1229.4110007195063,0.05139447569131979,0.1757072253645731,0.013370831766451265,0.4194650634485804,0.039190556530035454,0.0017701480469869157,0.6249158757992477,0.05974898803048036,0.0016543232881207105,,,,,,,,,
1231.052646608356,0.0512977434954842,0.17541582028880415,0.013345100478328481,0.4187609039455982,0.03910784184783615,0.0017652527986452302,0.6226690826204504,0.059627540136446854,0.0016505447028820092,,,,,,,,,
1232.6964846048259,0.051201193364308076,0.17512489849946836,0.013319418708380803,0.4180579265210512,0.039025301741332105,0.001760371087847127,0.6204303674562865,0.05950633910167334,0.0016467747481851821,,,,,,,,,
1234.3425176360631,0.051104824955117964,0.17483445919504942,0.01329378636131372,0.41735612919057363,0.03894293584206777,0.0017555028771552572,0.6181997012634384,0.059385384424384825,0.0016430134043174866,,,,,,,,,
1235.9907486331208,0.05100863792588564,0.17454450157536106,0.013268203342016149,0.41665550997313205,0.03886074378236543,0.0017506481292358129,0.6159770551030144,0.05926467560382652,0.0016392606516112153,,,,,,,,,
1237.6411805309651,0.050912631935226556,0.17425502484154412,0.01324266955556006,0.4159560668910188,0.038778725195323396,0.0017458068068582331,0.6137624001401685,0.05914421214026147,0.0016355164704435815,,,,,,,,,
1239.2938162684857,0.05081680664239853,0.17396602819606347,0.013217184907200051,0.41525779796984486,0.038696879714814156,0.0017409788728949,0.6115557076437209,0.05902399353496825,0.0016317808412366136,,,,,,,,,
1240.9486587884905,0.050721161707300996,0.17367751084270777,0.013191749302373107,0.41456070123853733,0.03861520697548319,0.0017361642903208896,0.6093569489857975,0.058904019290239494,0.001628053744457065,,,,,,,,,
1242.605711037723,0.05062569679047321,0.17338947198658525,0.013166362646698133,0.41386477472933025,0.03853370661274684,0.0017313630222136524,0.6071660956414445,0.058784288909379166,0.0016243351606162932,,,,,,,,,
1244.2649759668566,0.05053041155309366,0.17310191083412316,0.013141024845975747,0.4131700164777631,0.038452378262791166,0.00172657503175276,0.6049831191882725,0.058664801896701195,0.0016206250702701824,,,,,,,,,
1245.9264565305086,0.05043530565697823,0.1728148265930642,0.013115735806187745,0.4124764245226709,0.03837122156256987,0.0017218002822195955,0.6028079913060737,0.05854555775752661,0.001616923454019015,,,,,,,,,
1247.590155687238,0.05034037876457958,0.17252821847246574,0.013090495433496956,0.4117839969061833,0.03829023614980309,0.0017170387369970985,0.6006406837764678,0.058426555998182396,0.0016132302925073953,,,,,,,,,
1249.2560763995584,0.05024563053898545,0.17224208568269608,0.013065303634246706,0.4110927316737141,0.038209421662975376,0.001712290359569458,0.5984811684825235,0.058307796125998616,0.0016095455664241283,,,,,,,,,
1250.9242216339348,0.05015106064391798,0.17195642743543402,0.013040160314960645,0.4104026268739606,0.03812877774133452,0.001707555113521859,0.596329417408406,0.0581892776493071,0.0016058692565021353,,,,,,,,,
1252.5945943607983,0.050056668743731915,0.1716712429436648,0.013015065382342208,0.4097136805588938,0.03804830402488946,0.0017028329625401756,0.5941854026390008,0.05807100007743869,0.0016022013435183337,,,,,,,,,
1254.2671975545427,0.04996123973212754,0.17137471437810425,0.012988123811459282,0.4089684184103967,0.03796795522545879,0.0016985771609221655,0.5919937758808622,0.05794585288320488,0.0015993332866403116,,,,,,,,,
1255.942034193533,0.049864164425251725,0.17106091123694517,0.012958387052317324,0.4081380213539072,0.03788770849739274,0.0016950140387426353,0.5897271317299614,0.05781027881473827,0.0015976624485370898,,,,,,,,,
1257.6191072601157,0.04976727773689805,0.1707476826987064,0.012928718376514955,0.40730931039160034,0.037807631373860964,0.0016914583909598858,0.5874691661765645,0.05767502194460629,0.0015959933559737064,,,,,,,,,
1259.2984197406145,0.04967057930057849,0.1704350277112368,0.012899117628173041,0.40648228209991805,0.03772772349639788,0.0016879102018948042,0.5852198459917918,0.0575400815306703,0.0015943260071265804,,,,,,,,,
1260.9799746253457,0.049574068750516925,0.17012294522431076,0.01286958465176928,0.4056569330622511,0.03764798450729535,0.0016843694559011608,0.5829791380739836,0.05740545683252763,0.0015926604001740355,,,,,,,,,
1262.6637749086133,0.04947774572164814,0.16981143418962658,0.01284011929213751,0.40483325986893026,0.03756841404960145,0.0016808361373655558,0.5807470094482283,0.0572711471115083,0.001590996533296298,,,,,,,,,
1264.3498235887253,0.049381609849615975,0.1695004935608013,0.01281072139446674,0.4040112591172068,0.037489011767118455,0.0016773102307073282,0.5785234272658627,0.057137151630670104,0.0015893344046754966,,,,,,,,,
1266.0381236679875,0.04928566077077257,0.1691901222933689,0.012781390804300529,0.4031909274112439,0.03740977730440177,0.0016737917203785194,0.5763083588040024,0.05700346965479553,0.0015876740124956578,,,,,,,,,
1267.7286781527205,0.049189898122176286,0.1688803193447749,0.012752127367535964,0.4023722613620972,0.03733071030675773,0.0016702805908637675,0.5741017714650466,0.05687010045038676,0.0015860153549427044,,,,,,,,,
1269.4214900532538,0.04909432154159097,0.1685710836743748,0.012722930930423057,0.4015552575877059,0.037251810420242656,0.0016667768266802703,0.5719036327762119,0.05673704328566254,0.001584358430204461,,,,,,,,,
1271.116562383942,0.048998930667484064,0.16826241424342858,0.012693801339563736,0.4007399127128741,0.037173077291660604,0.001663280412377696,0.5697139103890411,0.05660429743055338,0.0015827032364706332,,,,,,,,,
1272.8138981631596,0.04890372513902569,0.1679543100150994,0.01266473844191124,0.39992622336926154,0.03709451056856245,0.00165979133253813,0.5675325720789401,0.05647186215669828,0.0015810497719328316,,,,,,,,,
1274.5135004133163,0.048808704596086855,0.16764676995444786,0.01263574208476911,0.3991141861953646,0.037016109899243685,0.0016563095717759926,0.5653595857446914,0.05633973673743992,0.001579398034784543,,,,,,,,,
1276.2153721608543,0.048713868679238465,0.16733979302843027,0.012606812115790572,0.3983037978365072,0.036937874932743364,0.0016528351147379844,0.5631949194079919,0.05620792044782149,0.0015777480232211523,,,,,,,,,
1277.9195164362566,0.048619217029749785,0.1670333782058948,0.01257794838297765,0.39749505494482473,0.03685980531884227,0.0016493679461030124,0.5610385412129785,0.05607641256458231,0.001576099735439924,,,,,,,,,
1279.6259362740575,0.048524749289586964,0.16672752445757685,0.012549150734680306,0.39668795417924835,0.036781900708061255,0.0016459080505821177,0.5588904194257533,0.05594521236615356,0.0015744531696400069,,,,,,,,,
1281.3346347128372,0.048430465101412024,0.16642223075609744,0.012520419019595785,0.3958824922054958,0.036704160751660005,0.00164245541291842,0.5567505224339294,0.055814319132655076,0.0015728083240224313,,,,,,,,,
1283.0456147952393,0.048336364108581005,0.1661174960759579,0.01249175308676769,0.3950786656960524,0.036626585101635044,0.0016390100178870371,0.5546188187461515,0.05568373214589061,0.0015711651967901053,,,,,,,,,
1284.7588795679644,0.04824244595514329,0.1658133193935384,0.012463152785585291,0.39427647133016225,0.03654917341071871,0.0016355718502950322,0.5524952769916458,0.05555345068934461,0.0015695237861478213,,,,,,,,,
1286.4744320817874,0.04814871028583951,0.16550969968709242,0.012434617965782636,0.3934759057938099,0.03647192533237699,0.0016321408949813252,0.5503798659197455,0.05542347404817753,0.0015678840903022354,,,,,,,,,
1288.192275391551,0.04805515674610084,0.16520663593674523,0.012406148477437868,0.39267696577971123,0.03639484052080859,0.0016287171368166587,0.548272554399444,0.05529380150922275,0.00156624610746189,,,,,,,,,
1289.9124125561825,0.0479617849820472,0.16490412712448868,0.012377744170972324,0.39187964798729485,0.036317918630942775,0.0016253005607034933,0.5461733114189231,0.055164432360981765,0.0015646098358371866,,,,,,,,,
1291.6348466386887,0.04786859464048628,0.16460217223417975,0.01234940489714987,0.39108394912269395,0.03624115931843844,0.0016218911515759732,0.5440821060851107,0.05503536589362118,0.0015629752736404077,,,,,,,,,
1293.3595807061718,0.047775585368911834,0.16430077025153503,0.01232113050707597,0.39028986589872683,0.036164562239681945,0.001618488894399838,0.5419989076232119,0.054906601398968,0.0015613424190856963,,,,,,,,,
1295.0866178298238,0.047682756815502755,0.16399992016412926,0.012292920852197086,0.3894973950348892,0.036088127051786205,0.0016150937741723716,0.5399236853762706,0.05477813817050647,0.0015597112703890632,,,,,,,,,
1296.8159610849439,0.04759010862912125,0.16369962096139015,0.012264775784299698,0.38870653325733506,0.03601185341258853,0.0016117057759223227,0.5378564088047038,0.05464997550337346,0.0015580818257683831,,,,,,,,,
1298.5476135509327,0.04749764045931207,0.1633998716345966,0.012236695155509703,0.38791727729886766,0.03593574098064965,0.00160832488470985,0.5357970474858644,0.05452211269435529,0.0015564540834433905,,,,,,,,,
1300.2815783113035,0.04740535195630083,0.16310067117687446,0.012208678818291557,0.3871296238989243,0.03585978941525189,0.001604951085626452,0.5337455711135889,0.054394549041883594,0.0015548280416356863,,,,,,,,,
1302.0178584536907,0.04731324277099256,0.16280201858319265,0.01218072662544743,0.3863435698035609,0.03578399837639752,0.0016015843637948958,0.5317019494977456,0.05426728384603109,0.0015532036985687182,,,,,,,,,
1303.7564570698466,0.04722131255497093,0.1625039128503613,0.012152838430116606,0.3855591117654426,0.03570836752480768,0.0015982247043691631,0.5296661525638026,0.05414031640850851,0.0015515810524678027,,,,,,,,,
1305.4973772556568,0.047129560960496246,0.16220635297702654,0.012125014085774514,0.3847762465438262,0.03563289652192032,0.001594872092534372,0.5276381503523715,0.054013646032660005,0.0015499601015600973,,,,,,,,,
1307.2406221111364,0.047037987640504736,0.16190933796366902,0.012097253446232156,0.38399497090455065,0.035557585029889205,0.0015915265135067259,0.5256179130187799,0.05388727202346001,0.001548340844074623,,,,,,,,,
1308.9861947404443,0.04694659224860679,0.1616128668125987,0.012069556365635135,0.38321528162001967,0.0354824327115819,0.001588187952533427,0.5236054108326195,0.053761193687508695,0.0015467232782422446,,,,,,,,,
1310.7340982518797,0.04685537443908601,0.1613169385279532,0.012041922698463095,0.3824371754691928,0.03540743923057878,0.0015848563948926428,0.5216006141773204,0.05363541033302898,0.0015451074022956768,,,,,,,,,
1312.4843357578977,0.046764333866897545,0.1610215521156929,0.012014352299528762,0.3816606492375673,0.03533260425117097,0.0015815318258934053,0.5196034935497039,0.053509921269861885,0.00154349321446948,,,,,,,,,
1314.2369103751037,0.046673470187667196,0.1607267065835992,0.011986845023977346,0.3808856997171701,0.03525792743835943,0.0015782142308755761,0.51761401955956,0.05338472580946358,0.0015418807130000598,,,,,,,,,
1315.9918252242705,0.04658278305768957,0.16043240094126945,0.01195940072728565,0.380112323706539,0.035183408457852845,0.0015749035952097624,0.5156321629292024,0.05325982326490084,0.0015402698961256638,,,,,,,,,
1317.7490834303328,0.046492272133927495,0.16013863420011537,0.011932019265261423,0.379340518010715,0.03510904697606674,0.0015715999042972652,0.5136578944930509,0.053135212950848006,0.00153866076208638,,,,,,,,,
1319.508688122403,0.046401937074009934,0.159845405373358,0.011904700494042488,0.3785702794412236,0.03503484266012139,0.0015683031435700036,0.5116911851971884,0.05301089418358242,0.0015370533091241354,,,,,,,,,
1321.2706424337682,0.04631177753623132,0.1595527134760261,0.011877444270096085,0.37780160481606667,0.03496079517784086,0.0015650132984904607,0.5097320060989455,0.05288686628098146,0.0015354475354826917,,,,,,,,,
1323.0349495018993,0.04622179317955008,0.15926055752495172,0.0118502504502181,0.3770344909597066,0.03488690419775122,0.0015617303545516152,0.5077803283664694,0.05276312856251842,0.0015338434394076503,,,,,,,,,
1324.8016124684607,0.046131983663587,0.15896893653876668,0.011823118891532206,0.376268934703052,0.03481316938907898,0.0015584542972768723,0.5058361232782949,0.05263968034925849,0.0015322410191464407,,,,,,,,,
1326.5706344793064,0.04604234864862453,0.15867784953790068,0.011796049451489298,0.3755049328834486,0.03473959042175,0.0015551851122200119,0.5038993622229323,0.052516520963855756,0.001530640272948325,,,,,,,,,
1328.3420186844965,0.045952887795604976,0.1583872955445762,0.011769041987866545,0.3747424823446614,0.03466616696638749,0.0015519227849651108,0.5019700166984347,0.0523936497305487,0.0015290411990643937,,,,,,,,,
1330.1157682382923,0.045863600766129616,0.15809727358280695,0.011742096358766834,0.3739815799368664,0.034592898694311085,0.0015486673011264945,0.5000480583119903,0.052271065975157224,0.0015274437957475656,,,,,,,,,
1331.8918862991725,0.045774487222457055,0.1578077826783929,0.011715212422617836,0.3732222225166329,0.03451978527753483,0.001545418646348653,0.4981334587794925,0.05214876902507817,0.0015258480612525835,,,,,,,,,
1333.6703760298271,0.04568554682750235,0.15751882185891883,0.011688390038171452,0.37246440694691496,0.03444682638876626,0.001542176806306207,0.4962261899251359,0.0520267582092825,0.001524253993836014,,,,,,,,,
1335.4512405971757,0.045596779244835246,0.15723039015374915,0.011661629064502882,0.37170813009703435,0.03437402170140437,0.0015389417667038107,0.4943262236809894,0.05190503285831071,0.0015226615917562454,,,,,,,,,
1337.2344831723608,0.04550818413867951,0.15694248659402646,0.011634929361010068,0.37095338884267165,0.03430137088953871,0.001535713513276118,0.49243353208659507,0.05178359230427003,0.0015210708532734847,,,,,,,,,
1339.0201069307648,0.04541976117391099,0.15665511021266654,0.011608290787412778,0.3702001800658489,0.03422887362794739,0.0015324920317876995,0.4905480872885454,0.05166243588082997,0.0015194817766497554,,,,,,,,,
1340.8081150520047,0.04533151001605695,0.156368260044357,0.011581713203752043,0.3694485006549217,0.034156529592096155,0.0015292773080329946,0.4886698615400842,0.0515415629232194,0.001517894360148903,,,,,,,,,
1342.598510719949,0.04524343033129434,0.15608193512555202,0.011555196470389252,0.36869834750456104,0.034084338458136416,0.0015260693278362344,0.4867988272006875,0.05142097276822213,0.0015163086020365756,,,,,,,,,
1344.3912971227137,0.04515552178644887,0.15579613449447077,0.011528740448005555,0.3679497175157453,0.0340122999029042,0.0015228680770513925,0.4849349567356664,0.05130066475417396,0.0015147245005802444,,,,,,,,,
1346.1864774526712,0.0450677840489936,0.15551085719109364,0.01150234499760109,0.367202607595745,0.03394041360391861,0.0015196735415621161,0.48307822271575757,0.05118063822095883,0.001513142054049184,,,,,,,,,
1347.9840549064616,0.044980216787047576,0.1552261022571582,0.011476009980494167,0.36645701465810887,0.0338686792393801,0.00151648570728166,0.4812285978167157,0.05106089251000475,0.001511561260714479,,,,,,,,,
1349.7840326849873,0.04489281966937487,0.15494186873615748,0.011449735258320708,0.36571293562265467,0.03379709648816952,0.0015133045601528363,0.47938605481892066,0.050941426964281014,0.0015099821188490198,,,,,,,,,
1351.5864139934313,0.04480559236538295,0.1546581556733352,0.011423520693033326,0.36497036741545225,0.03372566502984616,0.001510130086147933,0.4775505666069665,0.05082224092829378,0.0015084046267275018,,,,,,,,,
1353.3912020412504,0.044718534545121855,0.1543749621156842,0.011397366146900794,0.36422930696881506,0.03365438454464686,0.0015069622712686808,0.47572210616927274,0.05070333374808319,0.001506828782626422,,,,,,,,,
1355.1984000421924,0.044631645879282436,0.15409228711194134,0.011371271482507135,0.3634897512212834,0.03358325471348397,0.0015038011015461586,0.47390064659767644,0.05058470477121905,0.0015052545848240771,,,,,,,,,
1357.0080112142912,0.04454492603919575,0.15381012971258642,0.01134523656275108,0.36275169711761573,0.03351227521794458,0.0015006465630407592,0.4720861610870468,0.050466353346798054,0.0015036820316005682,,,,,,,,,
1358.8200387798831,0.0444583746968311,0.15352848896983692,0.011319261250845165,0.362015141608772,0.033441445740288435,0.0014974986418421097,0.4702786229348799,0.050348278825439366,0.0015021111212377828,,,,,,,,,
1360.6344859656026,0.04437199152479545,0.15324736393764662,0.0112933454103152,0.3612800816519054,0.03337076596344713,0.001494357324069023,0.4684780055409167,0.05023048055928188,0.0015005418520194153,,,,,,,,,
1362.4513560023968,0.04428577619633167,0.15296675367170082,0.011267488904999366,0.3605465142103451,0.033300235571022144,0.0014912225958694247,0.4666842824067404,0.05011295790197995,0.0014989742222309413,,,,,,,,,
1364.270652125524,0.04419972838531769,0.1526866572294146,0.011241691599047664,0.359814436253588,0.033229854247283815,0.0014880944434203028,0.46489742713539667,0.04999571020870037,0.0014974082301596374,,,,,,,,,
1366.0923775745623,0.04411384776626505,0.15240707366992892,0.011215953356921105,0.3590838447572843,0.033159621677169855,0.0014849728529276413,0.4631174134310003,0.04987873683611867,0.0014958438740945643,,,,,,,,,
1367.91653559342,0.04402813401431763,0.15212800205410693,0.011190274043390994,0.3583547367032232,0.03308953754628364,0.0014818578106263562,0.46134421509834456,0.04976203714241523,0.0014942811523265716,,,,,,,,,
1369.7431294303308,0.04394258680525066,0.15184944144453233,0.011164653523538294,0.3576271090793249,0.033019601540893305,0.0014787493027802446,0.4595778060425253,0.0496456104872725,0.0014927200631482938,,,,,,,,,
1371.5721623378722,0.043857205815469175,0.15157139090550442,0.01113909166275282,0.3569009588796228,0.03294981334792981,0.0014756473156819117,0.4578181602685457,0.04952945623187064,0.001491160604854148,,,,,,,,,
1373.4036375729588,0.04377199072200716,0.15129384950303673,0.01111358832673263,0.35617628310425636,0.03288017265498607,0.0014725518356527246,0.45606525188094515,0.04941357373888482,0.0014896027757403394,,,,,,,,,
1375.23755839686,0.04368694120252586,0.1510168163048521,0.011088143381483223,0.3554530787594539,0.032810679150315,0.0014694628490427323,0.45431905508340675,0.049297962372481,0.0014880465741048425,,,,,,,,,
1377.0739280751945,0.04360205693531316,0.15074029038038136,0.01106275669331694,0.3547313428575247,0.032741332522828674,0.001466380342230634,0.4525795441783886,0.04918262149831313,0.0014864919982474213,,,,,,,,,
1378.912749877947,0.0435173375992817,0.15046427080075853,0.01103742812885213,0.35401107241684215,0.03267213246209641,0.0014633043016236858,0.4508466935667353,0.04906755048351893,0.001484939046469605,,,,,,,,,
1380.754027079463,0.04343278287396827,0.1501887566388191,0.011012157555012614,0.3532922644618361,0.03260307865834389,0.0014602347136576691,0.4491204777473114,0.0489527486967172,0.001483387717074709,,,,,,,,,
1382.597762958466,0.04334839243953211,0.1499137469690956,0.010986944839026798,0.35257491602297586,0.03253417080245126,0.0014571715647968126,0.44740087131661577,0.04883821550800358,0.0014818380083678085,,,,,,,,,
1384.443960798052,0.04326416597675411,0.14963924086781602,0.01096178984842717,0.3518590241367624,0.03246540858595222,0.0014541148415337436,0.44568784896841823,0.04872395028894785,0.0014802899186557605,,,,,,,,,
1386.292623885707,0.043180103167035216,0.149365237412899,0.010936692451049416,0.3511445858457121,0.03239679170103226,0.0014510645303894196,0.4439813854933767,0.04860995241258975,0.0014787434462471853,,,,,,,,,
1388.1437555133016,0.043096203692395564,0.14909173568395218,0.010911652515031883,0.35043159819834785,0.03232831984052753,0.0014480206179130763,0.4422814557786752,0.04849622125343621,0.0014771985894524691,,,,,,,,,
1389.9973589771027,0.043012467235473105,0.14881873476226856,0.010886669908814817,0.34972005824918523,0.03225999269792347,0.0014449830906821664,0.4405880348076507,0.048382756187457465,0.0014756553465837701,,,,,,,,,
1391.8534375777833,0.04292889347952231,0.14854623373082282,0.010861744501139614,0.3490099630587193,0.0321918099673531,0.0014419519353022936,0.4389010976594206,0.04826955659208368,0.001474113715954999,,,,,,,,,
1393.7119946204173,0.04284548210841331,0.14827423167426945,0.010836876161048272,0.34830130969341555,0.03212377134359621,0.001438927138407166,0.4372206195085254,0.04815662184620189,0.00147257369588184,,,,,,,,,
1395.5730334144985,0.04276223280663017,0.14800272767893838,0.010812064757882548,0.34759409522569384,0.03205587652207738,0.001435908686658524,0.4355465756245532,0.04804395133015196,0.0014710352846817251,,,,,,,,,
1397.4365572739334,0.042679145259270364,0.1477317208328333,0.010787310161283403,0.3468883167339207,0.031988125198865194,0.001432896566746095,0.4338789413717854,0.04793154442572394,0.0014694984806738556,,,,,,,,,
1399.30256951706,0.042596219152042904,0.14746121022562708,0.010762612241190217,0.3461839713023924,0.031920517070670375,0.0014298907653875165,0.43221769220882444,0.047819400516153965,0.0014679632821791775,,,,,,,,,
1401.1710734666408,0.04251345417126772,0.1471911949486602,0.010737970867840188,0.34548105602132817,0.03185305183484488,0.0014268912693283036,0.43056280368824285,0.04770751898612149,0.0014664296875204004,,,,,,,,,
1403.042072449882,0.04243085000387403,0.14692167409493623,0.010713385911767568,0.3447795679868528,0.03178572918938009,0.00142389806534176,0.4289142514562129,0.047595899221745265,0.0014648976950219813,,,,,,,,,
1404.9155697984258,0.042348406337399544,0.1466526467591204,0.01068885724380307,0.3440795043009896,0.03171854883290594,0.001420911140228947,0.427272011252159,0.04748454061058071,0.0014633673030101284,,,,,,,,,
1406.79156884837,0.04226612285998889,0.14638411203753474,0.010664384735073099,0.3433808620716441,0.03165151046468909,0.0014179304808186054,0.42563605890838985,0.047373442541615775,0.0014618385098127988,,,,,,,,,
1408.67007294026,0.042183999260392846,0.14611606902815696,0.010639968256999168,0.3426836384125962,0.03158461378463198,0.0014149560739671124,0.4240063703497531,0.047262604405268326,0.0014603113137596963,,,,,,,,,
1410.5510854191093,0.04210203522796669,0.1458485168306156,0.010615607681297117,0.34198783044348396,0.03151785849327122,0.00141198790655841,0.42238292159327134,0.04715202559338214,0.00145878571318227,,,,,,,,,
1412.4346096343925,0.042020230452669546,0.14558145454618834,0.010591302879976547,0.3412934352897958,0.03145124429177638,0.0014090259655039584,0.42076568874779763,0.04704170549922414,0.00145726170641371,,,,,,,,,
1414.3206489400573,0.04193858462506289,0.14531488127779876,0.010567053725340106,0.3406004500828563,0.03138477088194871,0.001406070237742674,0.4191546480136601,0.04693164351748069,0.0014557392917889543,,,,,,,,,
1416.2092066945338,0.041857097436309235,0.14504879613001226,0.010542860089982738,0.3399088719598135,0.03131843796621949,0.0014031207102408675,0.4175497756823081,0.04682183904425428,0.0014542184676446695,,,,,,,,,
1418.1002862607315,0.0417757685781715,0.1447831982090347,0.010518721846791177,0.3392186980636305,0.0312522452476492,0.0014001773699921954,0.41595104813597195,0.04671229147706059,0.001452699232319271,,,,,,,,,
1419.993891006056,0.041694597743011194,0.14451808662270785,0.010494638868943097,0.33852992554306927,0.031186192429925635,0.0013972402040175926,0.4143584418473056,0.04660300021482455,0.0014511815841529033,,,,,,,,,
1421.8900243024032,0.04161358462378782,0.1442534604805078,0.010470611029906624,0.3378425515526833,0.03112027921736313,0.0013943091993652277,0.41277193337905,0.04649396465787778,0.0014496655214874471,,,,,,,,,
1423.7886895261781,0.04153272891405728,0.1439893188935406,0.010446638203439496,0.33715657325280163,0.0310545053149007,0.0013913843431104262,0.41119149938367866,0.04638518420795463,0.0014481510426665152,,,,,,,,,
1425.6898900582878,0.04145203030797106,0.1437256609745406,0.010422720263588576,0.3364719878095211,0.030988870428101237,0.0013884656223556425,0.40961711660306344,0.0462766582681894,0.0014466381460354503,,,,,,,,,
1427.5936292841602,0.04137148850027476,0.14346248583786606,0.01039885708468901,0.33578879239469067,0.030923374263149696,0.0013855530242303698,0.4080487618681232,0.04616838624311266,0.0014451268299413248,,,,,,,,,
1429.4999105937377,0.041291103186307264,0.1431997925994978,0.01037504854136375,0.33510698418590396,0.030858016526852224,0.0013826465358911118,0.4064864120984918,0.04606036753864846,0.0014436170927329367,,,,,,,,,
1431.4087373814953,0.04121087406199918,0.14293758037703458,0.010351294508522717,0.33442656036648316,0.03079279692663449,0.0013797461445213067,0.4049300443021691,0.04595260156211042,0.00144210893276081,,,,,,,,,
1433.3201130464345,0.041130800823872236,0.14267584828969154,0.010327594861362298,0.3337475181254719,0.030727715170540654,0.0013768518373312843,0.40337963557519246,0.04584508772219924,0.0014406023483771915,,,,,,,,,
1435.234040992102,0.0410508831690375,0.14241459545829602,0.010303949475364574,0.333069854657619,0.03066277096723182,0.001373963601558197,0.40183516310128975,0.04573782542899871,0.0014390973379360481,,,,,,,,,
1437.1505246265847,0.040971120795194764,0.1421538210052857,0.010280358226296738,0.3323935671633711,0.030597964025984928,0.0013710814244659749,0.40029660415155205,0.0456308140939731,0.0014375938997930704,,,,,,,,,
1439.0695673625198,0.040891513400631234,0.14189352405470518,0.010256820990210441,0.3317186528488591,0.030533294056691425,0.0013682052933452643,0.39876393608409555,0.04552405312996357,0.0014360920323056628,,,,,,,,,
1440.9911726171067,0.040812060684220115,0.1416337037322024,0.01023333764344105,0.3310451089258852,0.03046876076985571,0.001365335195513368,0.39723713634372493,0.04541754195118491,0.0014345917338329471,,,,,,,,,
1442.9153438121011,0.04073276234541994,0.14137435916502722,0.01020990806260715,0.33037293261191497,0.030404363876594308,0.0013624711183141988,0.3957161824616096,0.045311279973222714,0.0014330930027357594,,,,,,,,,
1444.8420843738343,0.04065361808427302,0.14111548948202665,0.01018653212460973,0.32970212113006203,0.030340103088634038,0.0013596130491182127,0.3942010520549436,0.045205266613029586,0.001431595837376648,,,,,,,,,
1446.7713977332066,0.04057462760140466,0.14085709381364372,0.010163209706631699,0.32903267170908,0.03027597811831126,0.0013567609753223663,0.3926917228266256,0.0450995012889226,0.001430100236119872,,,,,,,,,
1448.7032873257058,0.040495790598021664,0.1405991712919129,0.010139940686137078,0.3283645815833478,0.03021198867857008,0.001353914884350042,0.3911881725649216,0.044993983420579496,0.0014286061973313995,,,,,,,,,
1450.6377565914008,0.04041710677591161,0.1403417210504588,0.010116724940870521,0.32769784799286156,0.03014813448296151,0.0013510747636510199,0.38969037914314697,0.044888712429036,0.0014271137193789057,,,,,,,,,
1452.5748089749607,0.040338575837441236,0.14008474222449166,0.010093562348856508,0.32703246818321974,0.030084415245641823,0.0013482406007013915,0.388198320519332,0.04478368773668218,0.001425622800631769,,,,,,,,,
1454.5144479256476,0.040260197485555906,0.13982823395080596,0.01007045278839887,0.32636843940561533,0.03002083068137157,0.0013454123830035306,0.38671197473590646,0.04467890876725985,0.0014241334394610784,,,,,,,,,
1456.4566768973357,0.040181971423777864,0.13957219536777601,0.010047396138079978,0.32570575891682085,0.029957380505514036,0.0013425900980860211,0.38523131991936743,0.044574374945858676,0.0014226456342396132,,,,,,,,,
1458.4014993485055,0.040103897356205634,0.13931662561535477,0.010024392276760281,0.32504442397918076,0.029894064434034227,0.0013397737335036136,0.3837563342799664,0.0444700856989138,0.0014211593833418652,,,,,,,,,
1460.348918742261,0.04002597498751252,0.139061523835069,0.010001441083577497,0.3243844318605962,0.02983088218349734,0.0013369632768371591,0.38228699611137973,0.04436604045420203,0.0014196746851440122,,,,,,,,,
1462.2989385463268,0.039948204022945744,0.13880688917001818,0.009978542437946127,0.32372577983451734,0.0297678334710677,0.0013341587156935654,0.38082328379039687,0.04426223864083914,0.0014181915380239386,,,,,,,,,
1464.2515622330573,0.03987058416832532,0.1385527207648708,0.009955696219556743,0.3230684651799305,0.02970491801450748,0.0013313600377057367,0.37936517577659895,0.044158679689276635,0.001416709940361218,,,,,,,,,
1466.2067932794484,0.0397931151300426,0.13829901776586087,0.009932902308375326,0.32241248518134535,0.029642135532175165,0.0013285672305325164,0.37791265061203844,0.04405536303129834,0.0014152298905371183,,,,,,,,,
1468.164635167133,0.03971579661505969,0.13804577932078668,0.009910160584642749,0.3217578371287874,0.02957948574302476,0.0013257802818586423,0.37646568692093096,0.043952288100017826,0.0014137513869345983,,,,,,,,,
1470.1250913823988,0.03963862833090786,0.13779300457900606,0.009887470928874004,0.32110451831778264,0.02951696836660403,0.0013229991793946752,0.37502426340933215,0.04384945432987465,0.0014122744279383044,,,,,,,,,
1472.0881654161826,0.03956160998568686,0.1375406926914353,0.009864833221857725,0.3204525260493503,0.029454583123053674,0.0013202239108769708,0.37358835886483277,0.043746861156631955,0.0014107990119345771,,,,,,,,,
1474.0538607640894,0.03948474128806335,0.13728884281054457,0.009842247344655403,0.319801857629988,0.029392329733105748,0.0013174544640675951,0.3721579521562381,0.04364450801737265,0.0014093251373114319,,,,,,,,,
1476.0221809263853,0.03940802194727035,0.13703745409035684,0.009819713178600926,0.3191525103716641,0.029330207918082673,0.0013146908267542973,0.3707330222332655,0.043542394350497005,0.0014078528024585803,,,,,,,,,
1477.9931294080163,0.039331451673105554,0.13678652568644334,0.00979723060529979,0.31850448159180333,0.02926821739989574,0.0013119329867504364,0.3693135481262259,0.043440519595718985,0.0014063820057674044,,,,,,,,,
1479.9667097186032,0.03925503017593076,0.13653605675592223,0.009774799506628639,0.3178577686132791,0.02920635790104412,0.0013091809318949421,0.3678995089457241,0.0433388831940637,0.0014049127456309772,,,,,,,,,
1481.9429253724586,0.03917875716667035,0.13628604645745432,0.009752419764734488,0.31721236876439846,0.029144629144613368,0.0013064346500522481,0.3664908838823424,0.04323748458786376,0.0014034450204440442,,,,,,,,,
1483.9217798885836,0.0391026323568105,0.13603649395124165,0.009730091262034234,0.31656827937889515,0.02908303085427438,0.00130369412911225,0.3650876522063421,0.043136323220756785,0.0014019788286030296,,,,,,,,,
1485.903276790678,0.03902665545839804,0.13578739839902393,0.009707813881213993,0.3159254977959163,0.029021562754282148,0.0013009593569902457,0.3636897932673553,0.04303539853768211,0.001400514168506033,,,,,,,,,
1487.8874196071522,0.03894066877214283,0.13548326111691078,0.009684634219491492,0.31504533984436534,0.0289514065749472,0.0012980451797104818,0.36207411113460036,0.04291227687181781,0.0013979109434261395,,,,,,,,,
1489.8742118711207,0.03884938412422937,0.13514982756095012,0.009660994934677999,0.3140388138966411,0.02887665736149742,0.0012950375042223828,0.36034534245354316,0.04277739867318645,0.0013946966856097013,,,,,,,,,
1491.8636571204229,0.0387583134656285,0.13481721460773616,0.00963741335114405,0.31303550365902294,0.02880210114194918,0.0012920367977612328,0.35862482799740897,0.04264294441217361,0.001391489818430955,,,,,,,,,
1493.8557588976162,0.03866745629470696,0.13448542023771004,0.00961388932804625,0.3120353988577668,0.02872773741801446,0.0012890430441792387,0.3569125283553587,0.042508912756295016,0.0013882903248963927,,,,,,,,,
1495.8505207499936,0.0385768121110072,0.13415444243628216,0.009590422724884947,0.3110384892519489,0.02865356569269152,0.0012860562273660132,0.3552084043047198,0.04237530237725412,0.001385098188051574,,,,,,,,,
1497.8479462295802,0.03848638041524507,0.1338242791938219,0.009567013401503472,0.31004476463336644,0.028579585470262077,0.0012830763312485078,0.35351241681009876,0.04224211195092985,0.0013819133909810483,,,,,,,,,
1499.848038893149,0.03839616070930654,0.1334949285056435,0.009543661218087224,0.3090542148264277,0.028505796256287488,0.001280103339790908,0.35182452702247613,0.042109340157362514,0.0013787359168082524,,,,,,,,,
1501.8508023022164,0.038306152496245645,0.13316638837199601,0.009520366035162946,0.30806682968805377,0.028432197557605916,0.001277137236994562,0.3501446962783274,0.04197698568074162,0.0013755657486954386,,,,,,,,,
1503.8562400230617,0.03821635528028096,0.1328386567980488,0.009497127713597722,0.30708259910756786,0.028358788882328626,0.0012741780068978815,0.3484728860987266,0.04184504720939206,0.0013724028698435594,,,,,,,,,
1505.864355626719,0.0381267685667936,0.13251173179388173,0.009473946114598357,0.3061015130065989,0.02828556973983707,0.0012712256335762717,0.34680905818847546,0.041713523435761846,0.001369247263492211,,,,,,,,,
1507.8751526889978,0.038037391862323904,0.13218561137447107,0.009450821099710327,0.3051235613389716,0.028212539640779202,0.0012682801011420256,0.34515317443521604,0.04158241305640835,0.0013660989129195102,,,,,,,,,
1509.888634790477,0.037948224674569146,0.131860293559679,0.009427752530817153,0.30414873409060905,0.028139698097066602,0.001265341393744258,0.3435051969085662,0.04145171477198614,0.001362957801442037,,,,,,,,,
1511.9048055165174,0.03785926651238072,0.131535776374241,0.009404740270139452,0.30317702127942797,0.02806704462187104,0.0012624094955688105,0.3418650878592473,0.04132142728723377,0.0013598239124147265,,,,,,,,,
1513.9236684572718,0.03777051688576107,0.13121205784775308,0.009381784180234125,0.30220841295523426,0.027994578729621043,0.0012594843908381615,0.3402328097182159,0.041191549310960675,0.0013566972292307833,,,,,,,,,
1515.9452272076803,0.037681975305861634,0.13088913601466154,0.009358884123993598,0.30124289919962605,0.027922299935999047,0.0012565660638113533,0.3386083250958113,0.04106207955603501,0.0013535777353216023,,,,,,,,,
1517.9694853674905,0.03759364128497953,0.13056700891424905,0.009336039964644917,0.30028047012588666,0.027850207757937753,0.0012536544987838951,0.33699159678088986,0.040933016739370144,0.0013504654141566683,,,,,,,,,
1519.9964465412497,0.03750551433655539,0.13024567459062467,0.009313251565749052,0.299321115878889,0.02777830171361727,0.0012507496800876934,0.3353825877399819,0.04080435958191273,0.0013473602492434858,,,,,,,,,
1522.026114338325,0.037417593975170194,0.12992513109271017,0.009290518791199905,0.2983648266349887,0.027706581322461506,0.0012478515920909493,0.3337812611164341,0.04067610680862927,0.0013442622241274663,,,,,,,,,
1524.058492372897,0.037329879716543085,0.12960537647422993,0.009267841505223716,0.2974115926019295,0.027635046105135376,0.0012449602191980933,0.3321875802295745,0.0405482571484942,0.0013411713223918716,,,,,,,,,
1526.0935842639783,0.03724237107752822,0.1292864087936973,0.009245219572378017,0.2964614040187373,0.027563695583541166,0.0012420755458496828,0.33060150857386306,0.040420809334476525,0.0013380875276576955,,,,,,,,,
1528.131393635408,0.03715506757611259,0.12896822611440478,0.009222652857551052,0.2955142511556255,0.027492529280815765,0.001239197556522337,0.32902300981806465,0.040293762103528134,0.0013350108235836069,,,,,,,,,
1530.17192411587,0.03706796873141286,0.1286508265044102,0.009200141225960782,0.2945701243138903,0.02742154672132708,0.001236326235728636,0.3274520478044076,0.04016711419657036,0.001331941193865838,,,,,,,,,
1532.2151793388882,0.03698107406367323,0.1283342080365271,0.009177684543154202,0.29362901382581663,0.027350747430671236,0.0012334615680170515,0.32588858654776487,0.04004086435848238,0.0013288786222381158,,,,,,,,,
1534.2611629428438,0.03689438309426232,0.12801836878831088,0.009155282675006465,0.29269091005457354,0.027280130935669,0.001230603537971851,0.32433259023482003,0.039915011338087995,0.001325823092471563,,,,,,,,,
1536.309878570972,0.036807895345670916,0.127703306842049,0.009132935487720121,0.29175580339412044,0.027209696764363,0.001227752130213028,0.3227840232232556,0.039789553888143855,0.001322774588374621,,,,,,,,,
1538.3613298713728,0.036721610341509184,0.1273890202847485,0.00911064284782435,0.290823684269107,0.027139444446014405,0.0012249073293962131,0.3212428500409328,0.03966449076532685,0.0013197330937929658,,,,,,,,,
1540.4155204970227,0.03663552760650386,0.1270755072081237,0.009088404622174024,0.2898945431347724,0.027069373511099615,0.0012220691202125844,0.31970903538507545,0.03953982073022148,0.0013166985926094043,,,,,,,,,
1542.4724541057687,0.03654964666649609,0.12676276570858636,0.009066220677949124,0.2889683704768529,0.026999483491307485,0.001219237487388798,0.31818254412146985,0.03941554254730824,0.0013136710687438186,,,,,,,,,
1544.5321343603498,0.03646396704843822,0.12645079388723213,0.00904409088265372,0.28804515681147885,0.026929773919535827,0.0012164124156868932,0.31666334128365015,0.03929165498495068,0.0013106505061530477,,,,,,,,,
1546.5945649283885,0.03637848828039186,0.1261395898498309,0.009022015104115395,0.28712489268508273,0.026860244329888625,0.001213593889904226,0.3151513920721071,0.03916815681538385,0.0013076368888308338,,,,,,,,,
1548.6597494824114,0.03629320989152461,0.12582915170681347,0.008999993210484279,0.2862075686742973,0.02679089425767256,0.0012107818948733683,0.3136466618534814,0.039045046814701445,0.0013046302008077127,,,,,,,,,
1550.7276916998433,0.03620813141210807,0.12551947757326193,0.008978025070232378,0.28529317538586446,0.026721723239394306,0.0012079764154620453,0.31214911615977986,0.0389223237628444,0.0013016304261509453,,,,,,,,,
1552.7983952630245,0.036123252373514735,0.12521056556889637,0.00895611055215271,0.2843817034565334,0.026652730812757007,0.001205177436573036,0.3106587206875762,0.03879998644358809,0.001298637548964422,,,,,,,,,
1554.8718638592077,0.0360385723082159,0.12490241381806526,0.008934249525358599,0.28347314355297026,0.026583916516657615,0.00120238494314411,0.30917544129723523,0.03867803364453099,0.001295651553388589,,,,,,,,,
1556.9481011805744,0.0359540907497786,0.1245950204497323,0.008912441859282806,0.2825674863716573,0.026515279891183414,0.0011995989201479288,0.30769924401212084,0.03855646415708187,0.0012926724236003533,,,,,,,,,
1559.02711092423,0.0358698072328635,0.12428838359746686,0.008890687423676836,0.28166472263880293,0.02644682047760931,0.0011968193525919801,0.3062300950178273,0.038435276776448694,0.0012897001438130099,,,,,,,,,
1561.108896792224,0.035785721293221905,0.12398250139943078,0.008868986088610075,0.2807648431102413,0.026378537818394377,0.001194046225518484,0.3047679606613954,0.03831447030162579,0.0012867346982761473,,,,,,,,,
1563.193462491543,0.03570183246769357,0.12367737199836869,0.008847337724469103,0.27986783857134223,0.02631043145717918,0.0011912795240043245,0.30331280745055006,0.038194043535382693,0.0012837760712755722,,,,,,,,,
1565.280811734125,0.03561814029420397,0.12337299354159609,0.008825742201956857,0.27897369983691533,0.026242500938782536,0.0011885192331609648,0.30186460205292875,0.03807399528425195,0.001280824247133227,,,,,,,,,
1567.370948236869,0.03553464431176166,0.1230693641809873,0.008804199392091852,0.2780824177511133,0.026174745809198343,0.001185765338134358,0.3004233112953156,0.03795432435851706,0.0012778792102070954,,,,,,,,,
1569.46387572163,0.03545134406045602,0.12276648207296607,0.008782709166207475,0.2771939831873434,0.026107165615592873,0.0011830178241048854,0.2989889021628886,0.03783502957220129,0.0012749409448911339,,,,,,,,,
1571.5595979152404,0.03536823908145435,0.1224643453784922,0.008761271395951134,0.2763083870481683,0.02603975990630141,0.0011802766762872574,0.297561341798455,0.037716109743055205,0.001272009435615177,,,,,,,,,
1573.6581185495018,0.03528532891699977,0.12216295226305257,0.008739885953283576,0.2754256202652183,0.02597252823082554,0.0011775418799304495,0.29614059750170707,0.03759756369254566,0.0012690846668448655,,,,,,,,,
1575.7594413612055,0.03520261311040825,0.12186230089664796,0.00871855271047804,0.2745456737990933,0.025905470139829797,0.0011748134203176108,0.2947266367284647,0.037479390245843465,0.001266166623081554,,,,,,,,,
1577.863570092127,0.03512009120606653,0.12156238945378378,0.008697271540119572,0.2736685386392756,0.025838585185139054,0.0011720912827659989,0.2933194270899383,0.03736158823181236,0.0012632552888622378,,,,,,,,,
1579.9705084890434,0.035037762749429185,0.12126321611345724,0.008676042315104179,0.2727942058040321,0.025771872919735105,0.0011693754526268822,0.29191893635197824,0.03724415648299674,0.0012603506487594623,,,,,,,,,
1582.0802603037293,0.03495562728701657,0.12096477905914801,0.008654864908638192,0.2719226663403275,0.025705332897754105,0.0011666659152854816,0.29052513243434536,0.03712709383561087,0.001257452687381251,,,,,,,,,
1584.1928292929751,0.034873684366411806,0.12066707647880552,0.00863373919423733,0.27105391132372797,0.025638964674483195,0.001163962656160872,0.28913798340996744,0.0370103991295265,0.0012545613893710113,,,,,,,,,
1586.3082192185834,0.03479193353625882,0.12037010656483943,0.008612665045726144,0.27018793185831375,0.025572767806357834,0.001161265660705922,0.287757457504215,0.03689407120826209,0.0012516767394074692,,,,,,,,,
1588.4264338473793,0.034710374346259565,0.12007386751410795,0.008591642337237124,0.2693247190765863,0.025506741850958733,0.0011585749144072026,0.2863835230941709,0.036778108918971035,0.0012487987222045752,,,,,,,,,
1590.547476951223,0.03462900634717137,0.11977835752790633,0.008570670943209981,0.2684642641393756,0.025440886367008714,0.0011558904027849115,0.28501614870790243,0.03666251111243004,0.0012459273225114244,,,,,,,,,
1592.6713523070048,0.034547829090805005,0.11948357481195743,0.008549750738390939,0.2676065582357541,0.02537520091437014,0.001153212111392804,0.2836553030237474,0.03654727664302826,0.0012430625251121845,,,,,,,,,
1594.7980636966647,0.03446684213002156,0.11918951757639905,0.008528881597831908,0.2667515925829413,0.02530968505404155,0.0011505400258181005,0.28230095486958917,0.03643240436875529,0.0012402043148260038,,,,,,,,,
1596.9276149071866,0.034386045018730584,0.11889618403577487,0.008508063396889856,0.2658993584262192,0.02524433834815513,0.001147874131681425,0.2809530732221502,0.03631789315119056,0.001237352676506942,,,,,,,,,
1599.0600097306171,0.03430543731188712,0.11860357240902177,0.008487296011225902,0.26504984703883727,0.025179160359973418,0.0011452144146367116,0.2796116272062735,0.03620374185549133,0.0012345075950438787,,,,,,,,,
1601.1952519640604,0.0342250185654897,0.1183116809194609,0.008466579316804761,0.2642030497219282,0.025114150653886728,0.0011425608603711438,0.2782765860942235,0.03608994935038215,0.0012316690553604444,,,,,,,,,
1603.3333454096974,0.03414478833657747,0.11802050779478503,0.00844591318989381,0.2633589578044138,0.02504930879540988,0.0011399134546050613,0.276947919304974,0.03597651450814294,0.0012288370424149288,,,,,,,,,
1605.4742938747795,0.03406474618322817,0.11773005126704954,0.008425297507062536,0.2625175626429216,0.024984634351179685,0.0011372721830918968,0.27562559640351575,0.035863436204598524,0.001226011541200217,,,,,,,,,
1607.6181011716483,0.033984891664555296,0.11744030957266001,0.008404732145181639,0.26167885562169046,0.02492012688895164,0.0011346370316180875,0.2743095871001515,0.03575071331910682,0.0012231925367436874,,,,,,,,,
1609.76477111773,0.03390522434070606,0.1171512809523632,0.008384216981422414,0.2608428281524883,0.024855785977597446,0.0011320079860030123,0.2729998612498098,0.03563834473454837,0.00122038001410716,,,,,,,,,
1611.9143075355544,0.03382574377285859,0.11686296365123462,0.008363751893255927,0.26000947167451877,0.024791611187101763,0.0011293850320988996,0.27169638885134667,0.035526329337314574,0.0012175739583867873,,,,,,,,,
1614.0667142527507,0.03374644952321983,0.11657535591866952,0.008343336758452351,0.25917877765433756,0.02472760208855961,0.0011267681557907648,0.2703991400468656,0.03541466601729737,0.0012147743547130036,,,,,,,,,
1616.2219951020593,0.033667341155023026,0.11628845600837137,0.008322971455080241,0.25835073758576393,0.024663758254173405,0.0011241573429963303,0.2691080851210301,0.03530335366787784,0.0012119811882504283,,,,,,,,,
1618.3801539213434,0.03358841823252511,0.11600226217834085,0.008302655861505689,0.2575253429897912,0.024600079257249937,0.0011215525796659412,0.26782319450038056,0.03519239118591502,0.0012091944441977893,,,,,,,,,
1620.5411945535843,0.033509680321004716,0.11571677269086661,0.008282389856391787,0.25670258541450425,0.024536564672197878,0.0011189538517825037,0.26654443875266337,0.035081777471735624,0.0012064141077878527,,,,,,,,,
1622.7051208469015,0.03343112698675932,0.11543198581251311,0.0082621733186977,0.25588245643498836,0.024473214074524508,0.001116361145361396,0.2652717885861492,0.03497151142912243,0.0012036401642873333,,,,,,,,,
1624.8719366545465,0.03335275779710329,0.11514789981411178,0.00824200612767813,0.2550649476532478,0.02441002704083331,0.0011137744464504086,0.26400521484896944,0.03486159196530406,0.0012008725989968321,,,,,,,,,
1627.0416458349223,0.03327457232036511,0.11486451297074872,0.008221888162882444,0.2542500506981145,0.024347003148820746,0.0011111937411296508,0.2627446885284412,0.03475201799094353,0.0011981113972507357,,,,,,,,,
1629.2142522515778,0.033196570125885394,0.11458182356175614,0.008201819304154057,0.25343775722516787,0.024284141977273795,0.0011086190155114948,0.26149018075041,0.034642788420128065,0.0011953565444171664,,,,,,,,,
1631.3897597732273,0.033118750784014044,0.1142998298707,0.008181799431629644,0.2526280589166439,0.024221443106066762,0.001106050255740482,0.2602416627785807,0.034533902170357754,0.001192608025897875,,,,,,,,,
1633.568172273745,0.033041113866108446,0.11401853018537135,0.008161828425738486,0.2518209474813552,0.024158906116158868,0.0011034874479932677,0.25899910601386733,0.03442535816253542,0.0011898658271281921,,,,,,,,,
1635.7494936321834,0.03296365894453052,0.11373792279777431,0.008141906167201693,0.25101641465460117,0.02409653058959106,0.0011009305784785287,0.25776248199373,0.03431715532095526,0.001187129933576928,,,,,,,,,
1637.9337277327695,0.03288638559264491,0.11345800600411729,0.008122032537031556,0.2502144521980882,0.024034316109483585,0.001098379633436903,0.2565317623915304,0.03420929257329288,0.0011844003307463103,,,,,,,,,
1640.1208784649227,0.032809293384816154,0.11317877810480106,0.008102207416530763,0.24941505189984045,0.023972262260032864,0.001095834599140905,0.25530691901587577,0.03410176885059402,0.0011816770041718973,,,,,,,,,
1642.310949723251,0.03273238189640672,0.1129002374044098,0.008082430687291782,0.2486182055741199,0.023910368626508995,0.0010932954618948618,0.25408792380997963,0.03399458308726448,0.0011789599394225084,,,,,,,,,
1644.5039454075632,0.032655650703774505,0.11262238221170026,0.008062702231196076,0.247823905061341,0.02384863479525286,0.0010907622080348347,0.2528747488510159,0.033887734221059354,0.0011762491221001495,,,,,,,,,
1646.6998694228807,0.03257909938427037,0.11234521083959081,0.008043021930413407,0.24703214222798509,0.02378706035367323,0.001088234823928539,0.2516673663494769,0.03378122119307226,0.0011735445378399205,,,,,,,,,
1648.8987256794321,0.03250272751623614,0.11206872160515269,0.008023389667401185,0.2462429089665212,0.023725644890244316,0.0010857132959752858,0.2504657486485433,0.033675042947725393,0.0011708461723099637,,,,,,,,,
1651.1005180926745,0.03242653467900189,0.11179291282959809,0.008003805324903695,0.2454561971953186,0.02366438799450267,0.0010831976106058924,0.24926986822344296,0.03356919843275842,0.001168154011211366,,,,,,,,,
1653.3052505832868,0.03235052045288403,0.11151778283827166,0.00798426878595147,0.24467199885856866,0.023603289257044774,0.0010806877542826221,0.24807969768082785,0.033463686599218716,0.0011654680402780981,,,,,,,,,
1655.5129270771893,0.032274684419182596,0.11124332996063861,0.007964779933860513,0.24389030592619723,0.023542348269523995,0.0010781837134991015,0.2468952097581394,0.033358506401450314,0.0011627882452769278,,,,,,,,,
1657.7235515055384,0.032199026160179334,0.11096955253027639,0.007945338652231685,0.2431111103937879,0.023481564624648166,0.0010756854747802596,0.24571637732299118,0.03325365679708419,0.0011601146120073552,,,,,,,,,
1659.9371278047465,0.032123545259135,0.11069644888486273,0.007925944824949916,0.2423344042824947,0.02342093791617651,0.0010731930246822398,0.24454317337254017,0.03314913674702726,0.0011574471263015266,,,,,,,,,
1662.1536599164754,0.03204824130028748,0.11042401736616723,0.007906598336183632,0.24156017963896526,0.02336046773891732,0.0010707063497923447,0.2433755710328754,0.033044945215452766,0.0011547857740241702,,,,,,,,,
1664.373151787657,0.03197311386884909,0.11015225632003978,0.007887299070383906,0.24078842853525478,0.023300153688724845,0.0010682254367289463,0.24221354355839525,0.03294108116978935,0.0011521305410725107,,,,,,,,,
1666.5956073704872,0.031898162551004694,0.109881164096402,0.007868046912283946,0.24001914306874958,0.023239995362496994,0.0010657502721414316,0.24105706433120194,0.03283754358071149,0.0011494814133762045,,,,,,,,,
1668.8210306224455,0.031823386933908966,0.10961073904923568,0.007848841746898223,0.23925231536208127,0.023179992358172228,0.0010632808427101148,0.2399061068604846,0.03273433142212855,0.001146838376897255,,,,,,,,,
1671.0494255062915,0.031748786605684615,0.10934097953657415,0.007829683459521956,0.23848793756305026,0.02312014427472727,0.0010608171351461759,0.23876064478191886,0.032631443671175375,0.0011442014176299498,,,,,,,,,
1673.2807959900756,0.0316743611554198,0.10907188392049179,0.007810571935730315,0.23772600184454382,0.0230604507121742,0.0010583591361915893,0.23762065185705997,0.03252887930820169,0.001141570521600777,,,,,,,,,
1675.515146047152,0.03160011017316583,0.10880345056709338,0.00779150706137775,0.23696650040445377,0.023000911271557692,0.001055906832619042,0.23648610197273945,0.03242663731676191,0.0011389456748683528,,,,,,,,,
1677.7524796561745,0.0315260332499352,0.10853567784650563,0.007772488722597387,0.23620942546560114,0.022941525554952664,0.0010534602112318781,0.23535696914047297,0.03232471668360553,0.0011363268635233527,,,,,,,,,
1679.9928008011154,0.03145212997769891,0.10826856413286569,0.007753516805800208,0.23545476927565157,0.022882293165461243,0.0010510192588640112,0.23423322749585798,0.03222311639866656,0.0011337140736884304,,,,,,,,,
1682.2361134712605,0.03137839994938476,0.10800210780431285,0.0077345911976745485,0.23470252410704048,0.022823213707210476,0.0010485839623798703,0.2331148512979882,0.032121835455054024,0.0011311072915181528,,,,,,,,,
1684.4824216612299,0.031304842758874504,0.10773630724297713,0.007715711785185232,0.2339526822568897,0.022764286785349364,0.0010461543086743123,0.2320018149288572,0.03202087284904141,0.0011285065031989175,,,,,,,,,
1686.73172937097,0.03123145800100218,0.10747116083497109,0.007696878455573086,0.23320523604693286,0.022705512006046508,0.0010437302846725664,0.23089409289277837,0.03192022758005735,0.001125911694948888,,,,,,,,,
1688.9840406057756,0.0311582452715514,0.10720666697037824,0.007678091096354078,0.23246017782343237,0.02264688897648717,0.0010413118773301509,0.22979165981579414,0.0318198986506751,0.0011233228530179121,,,,,,,,,
1691.239359376283,0.031085204167253532,0.10694282404324514,0.007659349595318822,0.23171749995710542,0.022588417304871,0.0010388990736328167,0.22869449044510134,0.03171988506660323,0.0011207399636874618,,,,,,,,,
1693.4976896984908,0.031012334285785096,0.10667963045156985,0.007640653840531767,0.2309771948430415,0.02253009660040904,0.0010364918605964618,0.22760255964846626,0.03162018583667517,0.0011181630132705408,,,,,,,,,
1695.7590355937534,0.03093963522576593,0.10641708459729386,0.007622003720330621,0.23023925490062908,0.022471926473321496,0.001034090225267077,0.22651584241365558,0.03152079997284,0.0011155919881116372,,,,,,,,,
1698.0234010888018,0.030867106586756596,0.10615518488629082,0.00760339912332562,0.22950367257347315,0.022413906534834743,0.0010316941547206613,0.22543431384785667,0.03142172649015209,0.0011130268745866236,,,,,,,,,
1700.2907902157388,0.030794747969256506,0.10589392972835818,0.0075848399383989075,0.22877044032932226,0.022356036397179098,0.001029303636063166,0.22435794917711324,0.03132296440676179,0.0011104676591027107,,,,,,,,,
1702.5612070120508,0.03072255897470158,0.10563331753720707,0.007566326054703885,0.22803955065998924,0.022298315673586016,0.0010269186564304165,0.22328672374575553,0.03122451274390554,0.0011079143280983588,,,,,,,,,
1704.8346555206217,0.030650539205461916,0.10537334673045196,0.007547857361664443,0.227310996081273,0.022240743978285422,0.0010245392029880418,0.22222061301583282,0.03112637052589593,0.0011053668680432085,,,,,,,,,
1707.111139789726,0.030578688264839914,0.1051140157296024,0.007529433748974466,0.22658476913288564,0.02218332092650344,0.0010221652629314169,0.22115959256655718,0.031028536780112526,0.0011028252654380155,,,,,,,,,
1709.3906638730514,0.030507005757067728,0.10485532296005201,0.007511055106597019,0.2258608623783716,0.022126046134459447,0.0010197968234855776,0.22010363809373762,0.03093101053699165,0.001100289506814569,,,,,,,,,
1711.6732318296913,0.03043549128730546,0.10459726685107036,0.007492721324763799,0.2251392684050359,0.022068919219363874,0.001017433871905169,0.2190527254092299,0.030833790830017374,0.0010977595787356356,,,,,,,,,
1713.9588477241666,0.03036414446163861,0.10433984583579196,0.007474432293974404,0.22441997982386394,0.022011939799415323,0.0010150763954743594,0.21800683044037583,0.030736876695711374,0.0010952354677948655,,,,,,,,,
1716.2475156264181,0.030292964887076283,0.10408305835120821,0.0074561879049957445,0.22370298926945026,0.021955107493798306,0.0010127243815067893,0.21696592922945832,0.03064026717362391,0.0010927171606167484,,,,,,,,,
1718.5392396118289,0.030221952171548598,0.1038269028381564,0.007437988048861328,0.22298828939991858,0.02189842192268039,0.001010377817345487,0.2159299979331464,0.030543961306323756,0.0010902046438565152,,,,,,,,,
1720.834023761216,0.030151105923905047,0.10357137774131189,0.007419832616870668,0.22227587289685102,0.021841882707210016,0.0010080366903628141,0.21489901282195517,0.030447958139389296,0.001087697904200093,,,,,,,,,
1723.1318721608536,0.030080425753911757,0.10331648150917694,0.007401721500588576,0.221565732465209,0.021785489469513575,0.001005700987960385,0.21387295027969597,0.030352256721398498,0.0010851969283640131,,,,,,,,,
1725.4327889024667,0.030009911272249876,0.10306221259407276,0.00738365459184456,0.220857860833262,0.021729241832693237,0.0010033706975690114,0.21285178680294112,0.030256856103919958,0.0010827017030953553,,,,,,,,,
1727.7367780832437,0.029939562090513155,0.10280856945212948,0.007365631782732185,0.22015225075251188,0.02167313942082426,0.001001045806648629,0.2118354990004829,0.030161755341503303,0.0010802122151716712,,,,,,,,,
1730.0438438058497,0.029869377821205658,0.10255555054327622,0.007347652965608357,0.2194488949976167,0.021617181858952398,0.0009987263026882244,0.21082406359279557,0.030066953491669584,0.0010777284514009112,,,,,,,,,
1732.3539901784209,0.02979935807774011,0.10230315433123317,0.00732971803309277,0.21874778636632058,0.02156136877309164,0.0009964121732057773,0.2098174574115076,0.029972449614902513,0.0010752503986213675,,,,,,,,,
1734.6672213145864,0.02972950247443518,0.10205137928350055,0.00731182687806719,0.2180489176793758,0.021505699790221395,0.0009941034057481884,0.2088156573988646,0.029878242774638464,0.001072778043701583,,,,,,,,,
1736.9835413334608,0.0296598106265139,0.10180022387135096,0.007293979393674882,0.21735228178047347,0.02145017453828435,0.000991799987891214,0.20781864060720745,0.029784332037257843,0.0010703113735403076,,,,,,,,,
1739.3029543596667,0.02959028215010109,0.10154968656981855,0.007276175473319904,0.21665787153616597,0.021394792646183616,0.0009895019072393948,0.20682638419844046,0.02969071647207527,0.001067850375066402,,,,,,,,,
1741.6254645233269,0.029520916662221633,0.10129976585769128,0.00725841501066654,0.2159656798357981,0.021339553743780604,0.0009872091514259993,0.20583886544351448,0.02959739515133087,0.0010653950352387937,,,,,,,,,
1743.9510759600857,0.029451713780798007,0.10105046021750011,0.007240697899638589,0.2152756995914302,0.021284457461892243,0.0009849217081129432,0.2048560617218999,0.02950436715018054,0.0010629453410463873,,,,,,,,,
1746.279792811104,0.029382673124648533,0.10080176813551142,0.00722302403441883,0.2145879237377696,0.02122950343228878,0.000982639564990738,0.20387795052107482,0.029411631546687356,0.0010605012795080098,,,,,,,,,
1748.6116192230784,0.02931379431348491,0.10055368810171617,0.007205393309448254,0.2139023452320942,0.021174691287691044,0.0009803627097784108,0.20290450943600308,0.029319187421811884,0.0010580628376723313,,,,,,,,,
1750.946559348236,0.029245076967910497,0.10030621860982239,0.007187805619425599,0.2132189570541846,0.02112002066176829,0.0009780911302234492,0.20193571616862738,0.0292270338594036,0.0010556300026178065,,,,,,,,,
1753.2846173443554,0.029176520709417852,0.10005935815724437,0.007170260859306543,0.21253775220624777,0.021065491189135435,0.0009758248141017262,0.20097154852735222,0.029135169946191256,0.0010532027614525957,,,,,,,,,
1755.625797374762,0.02910812516038696,0.09981310524509499,0.007152758924303244,0.21185872371284928,0.021011102505350907,0.0009735637492174439,0.2000119844265409,0.02904359477177433,0.0010507811013145047,,,,,,,,,
1757.9701036083404,0.02903988994408303,0.09956745837817588,0.007135299709883605,0.21118186462084032,0.02095685424691407,0.0009713079234030636,0.19905700188600742,0.028952307428613842,0.0010483650093709176,,,,,,,,,
1760.317540219547,0.02897181468465427,0.09932241606496808,0.007117883111770672,0.2105071679992848,0.020902746051262706,0.0009690573245192328,0.19810657903051085,0.028861307012023038,0.001045954472818714,,,,,,,,,
1762.6681113884058,0.028903899007130144,0.09907797681762397,0.007100509025942044,0.209834626939392,0.02084877755677083,0.0009668119404547356,0.19716069408925907,0.028770592620158995,0.0010435494788842248,,,,,,,,,
1765.0218213005294,0.028836142537418934,0.09883413915195688,0.007083177348629199,0.20916423455444186,0.020794948402745976,0.0009645717591264117,0.19621932539540463,0.028680163354013136,0.001041150014823142,,,,,,,,,
1767.378674147112,0.028768544902306074,0.09859090158743357,0.007065887976316957,0.20849598397971855,0.020741258229427115,0.000962336768479103,0.19528245138555406,0.028590018317402825,0.0010387560679204675,,,,,,,,,
1769.7386741249518,0.02870110572945164,0.09834826264716388,0.007048640805742733,0.20782986837243575,0.02068770667798191,0.0009601069564855797,0.19435005059926813,0.028500156616961942,0.0010363676254904338,,,,,,,,,
1772.1018254364442,0.028633824647388825,0.09810622085789293,0.00703143573389608,0.20716588091167124,0.02063429339050465,0.0009578823111464868,0.193422101678576,0.028410577362132608,0.001033984674876447,,,,,,,,,
1774.4681322896024,0.028566701285521325,0.09786477474999104,0.007014272658017907,0.20650401479829245,0.02058101801001353,0.0009556628204902648,0.19249858336748046,0.028321279665155814,0.0010316072034510105,,,,,,,,,
1776.8375988980522,0.028499735274121883,0.09762392285744605,0.006997151475600024,0.20584426325489116,0.02052788018044862,0.0009534484725731013,0.19157947451147647,0.028232262641063127,0.001029235198615667,,,,,,,,,
1779.210229481053,0.02843292624432967,0.09738366371785298,0.006980072084384397,0.20518661952571005,0.0204748795466691,0.0009512392554788506,0.19066475405706104,0.0281435254076674,0.0010268686478009227,,,,,,,,,
1781.5860282634903,0.02836627382814878,0.09714399587240671,0.006963034382362632,0.2045310768765775,0.02042201575445126,0.0009490351573189858,0.18975440105125668,0.028055067085554573,0.0010245075384661892,,,,,,,,,
1783.9649994758993,0.028299777658445772,0.09690491786589167,0.006946038267775298,0.20387762859483463,0.02036928845048579,0.0009468361662325197,0.18884839464112568,0.027966886798074436,0.0010221518580997083,,,,,,,,,
1786.3471473544585,0.028233437368947966,0.09666642824667411,0.0069290836391113645,0.20322626798927002,0.020316697282375704,0.0009446422703859507,0.18794671407329738,0.02787898367133237,0.0010198015942184963,,,,,,,,,
1788.732476141003,0.0281672525942413,0.0964285255666929,0.006912170395107606,0.20257698839004978,0.020264241898633868,0.0009424534579731997,0.18704933869349083,0.027791356834180523,0.0010174567343682692,,,,,,,,,
1791.120990083037,0.028101222969768185,0.09619120838145018,0.006895298434747903,0.20192978314864776,0.02021192194868053,0.0009402697172155361,0.18615624794603938,0.02770400541820892,0.0010151172661233773,,,,,,,,,
1793.5126934337302,0.028035348131825802,0.09595447525000378,0.0068784676572627825,0.20128464563778078,0.02015973708284126,0.0009380910363615294,0.1852674213734248,0.02761692855773744,0.0010127831770867456,,,,,,,,,
1795.9075904519382,0.027969627717563745,0.09571832473495703,0.006861677962128685,0.2006415692513371,0.02010768695234426,0.0009359174036869704,0.18438283861580312,0.02753012538980655,0.0010104544548898001,,,,,,,,,
1798.305685402196,0.027904061364982382,0.09548275540245153,0.006844929249067455,0.20000054740431236,0.02005577120931841,0.0009337488074948237,0.18350247941054382,0.027443595054169403,0.00100813108719241,,,,,,,,,
1800.7069825547414,0.027838648712930503,0.0952477658221571,0.006828221418045677,0.19936157353273853,0.020003989506790578,0.00093158523611515,0.18262632359176006,0.027357336693282747,0.0010058130616828148,,,,,,,,,
1803.1114861855058,0.027773389401103677,0.09501335456726427,0.006811554369274137,0.19872464109362056,0.019952341498683645,0.0009294266779050549,0.18175435108985233,0.027271349452298935,0.0010035003660775667,,,,,,,,,
1805.519200576138,0.027708283070041934,0.09477952021447433,0.006794928003207171,0.1980897435648653,0.01990082683981385,0.0009272731212486169,0.18088654193104323,0.027185632479056938,0.001001192988121457,,,,,,,,,
1807.9301300139973,0.02764332936112811,0.09454626134399229,0.00677834222054212,0.1974568744452187,0.019849445185888843,0.0009251245545568361,0.18002287623692548,0.027100184924074424,0.0009988909155874627,,,,,,,,,
1810.3442787921747,0.027578527916585556,0.09431357653951646,0.006761796922218689,0.19682602725419543,0.019798196193505015,0.0009229809662675579,0.17916333422400102,0.027015005940538853,0.000996594136276665,,,,,,,,,
1812.761651209487,0.02751387837947649,0.09408146438823153,0.006745292009418407,0.19619719553201637,0.01974707952014555,0.0009208423448454253,0.17830789620323317,0.026930094684299553,0.0009943026380182056,,,,,,,,,
1815.1822515704978,0.027449380393699645,0.09384992348079864,0.006728827383563975,0.19557037283953857,0.019696094824177814,0.0009187086787818023,0.17745654257959068,0.026845450313858835,0.0009920164086691993,,,,,,,,,
1817.606084185514,0.027385033603988737,0.09361895241134778,0.006712402946318752,0.1949455527581926,0.019645241764851346,0.0009165799565947261,0.17660925385160292,0.02676107199036416,0.0009897354361146913,,,,,,,,,
1820.0331533705973,0.027320837655910254,0.09338854977746895,0.006696018599586109,0.19432272888991542,0.01959452000229546,0.0009144561668288355,0.17576601061091165,0.02667695887759957,0.0009874597082675791,,,,,,,,,
1822.4634634475792,0.027256792195861378,0.09315871418020306,0.006679674245508847,0.19370189485708367,0.01954392919751688,0.0009123372980553095,0.17492679354182442,0.02659311014197727,0.0009851892130685498,,,,,,,,,
1824.8970187440539,0.027192896871068472,0.09292944422403468,0.006663369786468655,0.1930830443024514,0.019493469012397704,0.0009102233388718153,0.17409158342087644,0.026509524952529766,0.0009829239384860262,,,,,,,,,
1827.333823593402,0.027129151329584593,0.09270073851688203,0.00664710512508547,0.1924661708890813,0.019443139109692868,0.0009081142779024326,0.1732603611163852,0.026426202480901103,0.0009806638725160849,,,,,,,,,
1829.7738823347831,0.027065555220288102,0.09247259567009009,0.006630880164216956,0.1918512683002835,0.01939293915302819,0.0009060101037976075,0.17243310758801758,0.02634314190133927,0.0009784090031824159,,,,,,,,,
1832.2171993131585,0.027002108192880205,0.09224501429842082,0.006614694806957852,0.1912383302395473,0.0193428688068978,0.0009039108052340765,0.17160980388634822,0.026260342390687374,0.0009761593185362341,,,,,,,,,
1834.6637788792837,0.026938809897883498,0.09201799302004592,0.006598548956639495,0.19062735043048032,0.019292927736662243,0.0009018163709148207,0.17079043115243076,0.02617780312837606,0.0009739148066562396,,,,,,,,,
1837.1136253897312,0.02687565998663963,0.09179153045653712,0.006582442516829101,0.1900183226167405,0.019243115608545882,0.0008997267895689903,0.16997497061736075,0.026095523296414895,0.0009716754556485361,,,,,,,,,
1839.5667432068838,0.02681265811130776,0.0915656252328595,0.0065663753913293545,0.18941124056197578,0.019193432089635046,0.0008976420499518561,0.1691634036018508,0.026013502079384715,0.0009694412536465797,,,,,,,,,
1842.0231366989567,0.02674980392486227,0.0913402759773612,0.006550347484177666,0.1888060980497565,0.019143876847875416,0.0008955621408447388,0.16835571151579767,0.025931738664429046,0.0009672121888111078,,,,,,,,,
1844.4828102399922,0.026687097081091172,0.09111548132176679,0.006534358699645747,0.188202888883515,0.019094449552070132,0.0008934870510549586,0.16755187585786063,0.02585023224124653,0.000964988249330082,,,,,,,,,
1846.9457682098737,0.02662453723459407,0.0908912399011682,0.006518408942238949,0.1876016068864809,0.01904514987187744,0.00089141676941577,0.16675187821503615,0.025768982002082653,0.0009627694234186282,,,,,,,,,
1849.4120149943383,0.02656212404078013,0.09066755035401601,0.006502498116695703,0.18700224590161627,0.01899597747780838,0.0008893512847862964,0.16595570026223389,0.025687987141721613,0.000960555699318959,,,,,,,,,
1851.8815549849724,0.02649985715586646,0.09044441132211231,0.006486626127986991,0.18640479979155583,0.018946932041224836,0.0008872905860514821,0.16516332376186152,0.025607246857478717,0.0009583470653003341,,,,,,,,,
1854.3543925792337,0.026437736236875915,0.09022182145060118,0.006470792881315718,0.18580926243854065,0.01889801323433708,0.0008852346621220204,0.16437473056340193,0.02552676034919194,0.0009561435096589745,,,,,,,,,
1856.8305321804444,0.026375760941635518,0.0899997793879617,0.006454998282116232,0.18521562774435893,0.01884922073020181,0.0008831835019343035,0.16358990260300244,0.02544652681921455,0.0009539450207180226,,,,,,,,,
1859.3099781978142,0.026313930928774237,0.08977828378599853,0.006439242236053638,0.18462388963028004,0.018800554202719724,0.0008811370944503545,0.16280882190305604,0.025366545472406625,0.0009517515868274619,,,,,,,,,
1861.7927350464327,0.02625224585772146,0.08955733329983491,0.006423524649023378,0.1840340420369957,0.018752013326633617,0.0008790954286577784,0.16203147057179448,0.02528681551612771,0.000949563196364068,,,,,,,,,
1864.2788071472928,0.026190705388704768,0.08933692658790338,0.006407845427150519,0.1834460789245546,0.01870359777752591,0.0008770584935696901,0.16125783080287365,0.02520733616022849,0.0009473798377313384,,,,,,,,,
1866.7681989272828,0.026129309182748417,0.08911706231193874,0.006392204476789338,0.18285999427230418,0.01865530723181679,0.0008750262782246689,0.1604878848749705,0.0251281066170434,0.0009452014993594386,,,,,,,,,
1869.2609148192105,0.026068056901671067,0.08889773913696862,0.0063766017045226425,0.18227578207882483,0.01860714136676172,0.0008729987716866852,0.15972161515137231,0.025049126101382352,0.0009430281697051328,,,,,,,,,
1871.756959261795,0.026006948208084406,0.088678955731307,0.006361037017161291,0.18169343636187282,0.018559099860449634,0.0008709759630450567,0.1589590040795773,0.024970393830523446,0.0009408598372517311,,,,,,,,,
1874.2563366996897,0.025945982765390764,0.08846071076654435,0.006345510321743588,0.1811129511583149,0.018511182391800433,0.0008689578414143756,0.1582000341908882,0.02489190902420475,0.0009386964905090205,,,,,,,,,
1876.7590515834777,0.02588516023778169,0.08824300291754103,0.006330021525534755,0.18053432052407048,0.01846338864056312,0.0008669443959344589,0.15744468810001588,0.024813670904616936,0.0009365381180132093,,,,,,,,,
1879.265108369685,0.025824480290235968,0.08802583086241861,0.006314570536026402,0.1799575385340496,0.018415718287313556,0.0008649356157702905,0.15669294850467938,0.02473567869639543,0.000934384708326868,,,,,,,,,
1881.774511520794,0.025763942588517535,0.08780919328255152,0.006299157260935876,0.17938259928209083,0.01836817101345221,0.0008629314901119536,0.15594479818520818,0.024657931626612537,0.0009322362500388598,,,,,,,,,
1884.2872655052386,0.025703546799174096,0.08759308886255995,0.006283781608205853,0.17880949688090364,0.01832074650120227,0.0008609320081745858,0.15520022000415132,0.02458042892477019,0.0009300927317642904,,,,,,,,,
1886.8033747974266,0.025643292589534794,0.08737751629030066,0.0062684434860036395,0.17823822546200505,0.018273444433607268,0.0008589371591983071,0.15445919690588059,0.024503169822791875,0.0009279541421444395,,,,,,,,,
1889.322843877733,0.025583179627708823,0.08716247425686052,0.006253142802720765,0.17766877917566273,0.018226264494529208,0.0008569469324481764,0.15372171191620435,0.02442615355501545,0.000925820469846708,,,,,,,,,
1891.8456772325237,0.02552320758258323,0.08694796145654686,0.006237879466972315,0.17710115219083175,0.018179206368646183,0.0008549613172141197,0.15298774814197402,0.024349379358185083,0.0009236917035645505,,,,,,,,,
1894.3718793541468,0.025463376123821407,0.08673397658688112,0.0062226533875964695,0.17653533869509813,0.018132269741450557,0.0008529803028108835,0.15225728877070185,0.024272846471444225,0.0009215678320174226,,,,,,,,,
1896.9014547409572,0.02540368492186097,0.08652051834858969,0.006207464473653901,0.17597133289461622,0.018085454299246573,0.0008510038785779689,0.1515303170701711,0.024196554136327507,0.000919448843950714,,,,,,,,,
1899.434407897309,0.02534413364791224,0.0863075854455971,0.006192312634427282,0.17540912901405242,0.018038759729148545,0.000849032033879584,0.1508068163880574,0.024120501596753746,0.0009173347281356962,,,,,,,,,
1901.9707433335784,0.02528472197395614,0.0860951765850169,0.006177197779420691,0.17484872129652293,0.017992185719078468,0.0008470647581045743,0.15008677015154287,0.024044688099018,0.0009152254733694544,,,,,,,,,
1904.5104655661564,0.025225449572742698,0.08588329047714541,0.006162119818359124,0.1742901040035381,0.01794573195776426,0.0008451020406663786,0.1493701618669407,0.023969112891784525,0.0009131210684748408,,,,,,,,,
1907.0535791174734,0.025166316117788905,0.08567192583545209,0.0061470786611879,0.17373327141494022,0.01789939813473733,0.0008431438710029591,0.14865697511931314,0.023893775226078863,0.000911021502300397,,,,,,,,,
1909.600088515992,0.025107321283377223,0.08546108137657327,0.006132074218072188,0.1731782178288479,0.017853183940330808,0.0008411902385767571,0.1479471935720994,0.023818674355280865,0.000908926763720315,,,,,,,,,
1912.1499982962218,0.025048464744553658,0.08525075582030364,0.006117106399396419,0.1726249375615966,0.01780708906567734,0.0008392411328746277,0.14724080096673944,0.023743809535117077,0.0009068368416343647,,,,,,,,,
1914.7033129987335,0.024989746177125852,0.0850409478895882,0.006102175115763755,0.17207342494767897,0.017761113202706933,0.0008372965434077828,0.14653778112230031,0.023669180023653237,0.0009047517249678375,,,,,,,,,
1917.2600371701533,0.024931165257661585,0.08483165631051541,0.006087280277995589,0.17152367433968974,0.01771525604414513,0.0008353564597117445,0.14583811793510912,0.023594785081287272,0.0009026714026714926,,,,,,,,,
1919.8201753631856,0.024872721663486655,0.08462287981230826,0.006072421797130968,0.1709756801082648,0.017669517283510672,0.0008334208713462742,0.14514179537837982,0.023520623970741533,0.0009005958637214917,,,,,,,,,
1922.383732136607,0.024814415072683452,0.08441461712731799,0.00605759958442611,0.17042943664202667,0.017623896615113772,0.0008314897678953316,0.14444879750185038,0.02344669595705595,0.0008985250971193475,,,,,,,,,
1924.9507120552887,0.024756245164088794,0.08420686699101478,0.006042813551353822,0.16988493834752375,0.01757839373405373,0.0008295631389670042,0.14375910843141324,0.023373000307580313,0.0008964590918918571,,,,,,,,,
1927.5211196901903,0.024698211617292614,0.08399962814198166,0.006028063609603024,0.16934217964917647,0.01753300833621721,0.0008276409741934653,0.14307271236875593,0.023299536291967415,0.0008943978370910563,,,,,,,,,
1930.0949596183823,0.02464031411263571,0.08379289932190545,0.00601334967107816,0.16880115498921675,0.017487740118275925,0.0008257232632309052,0.14238959359099482,0.02322630318216538,0.0008923413217941433,,,,,,,,,
1932.6722364230393,0.02458255233120842,0.0835866792755704,0.005998671647898762,0.16826185882763445,0.017442588777684887,0.0008238099957594859,0.14170973645031934,0.02315330025241095,0.0008902895351034427,,,,,,,,,
1935.2529546934638,0.02452492595484851,0.08338096675084918,0.005984029452398798,0.16772428564211733,0.017397554012680096,0.0008219011614832772,0.1410331253736293,0.023080526779221764,0.0008882424661463257,,,,,,,,,
1937.8371190250787,0.024467434666139733,0.08317576049869689,0.005969422997126298,0.16718842992799793,0.017352635522276835,0.0008199967501302111,0.14035974486218228,0.023007982041389666,0.0008862001040751727,,,,,,,,,
1940.4247340194509,0.024410078148409783,0.0829710592731418,0.005954852194842676,0.16665428619819367,0.017307833006267332,0.0008180967514520144,0.13968957949123448,0.022935665319973157,0.0008841624380672995,,,,,,,,,
1943.0158042842857,0.024352856085728795,0.08276686183127911,0.005940316958522352,0.16612184898315366,0.017263146165219033,0.0008162011552241646,0.13902261390969112,0.022863575898290585,0.0008821294573249105,,,,,,,,,
1945.6103344334417,0.02429576816290752,0.08256316693326292,0.0059258172013521414,0.16559111283080158,0.017218574700472476,0.0008143099512458305,0.1383588328397531,0.022791713061912924,0.0008801011510750376,,,,,,,,,
1948.2083290869439,0.024238814065495457,0.08235997334229822,0.0059113528367307445,0.16506207230647832,0.017174118314139206,0.000812423129339813,0.13769822107656554,0.022720076098656502,0.0008780775085694797,,,,,,,,,
1950.8097928709788,0.024181993479779385,0.08215727982463446,0.005896923778268295,0.1645347219928896,0.017129776709100025,0.0008105406793524982,0.13704076348787325,0.022648664298576354,0.0008760585190847565,,,,,,,,,
1953.414730417918,0.02412530609278135,0.0819550851495567,0.005882529939785732,0.16400905649004685,0.017085549589002703,0.0008086625911537951,0.13638644501366975,0.022577476953958744,0.0008740441719220349,,,,,,,,,
1956.0231463663108,0.024068751592257225,0.08175338808937971,0.005868171235314419,0.1634850704152154,0.01704143665826033,0.0008067888546370905,0.13573525066585648,0.022506513359314563,0.0008720344564070924,,,,,,,,,
1958.6350453609089,0.02401232966669469,0.08155218741943886,0.005853847579095491,0.16296275840285598,0.016997437622049,0.0008049194597191826,0.1350871655278955,0.022435772811371903,0.0008700293618902394,,,,,,,,,
1961.2504320526575,0.023956040005311825,0.08135148191808417,0.005839558885579482,0.16244211510457324,0.016953552186306165,0.0008030543963402399,0.13444217475447173,0.022365254609069588,0.0008680288777462835,,,,,,,,,
1963.8693110987208,0.023899882298055102,0.08115127036667172,0.0058253050694256755,0.16192313518905746,0.016909780057728356,0.0008011936544637341,0.13380026357114905,0.022294958053549686,0.0008660329933744557,,,,,,,,,
1966.4916871624732,0.023843856235597965,0.08095155154955723,0.0058110860455017265,0.1614058133420333,0.016866120943769537,0.000799337224076397,0.13316141727403552,0.022224882448151097,0.0008640416981983661,,,,,,,,,
1969.1175649135246,0.023787961509338804,0.08075232425408765,0.005796901728883044,0.16089014426620227,0.016822574552638834,0.0007974850951881576,0.132525621229443,0.0221550270984022,0.0008620549816659402,,,,,,,,,
1971.7469490277124,0.02373219781139965,0.08055358727059492,0.005782752034852359,0.16037612268119167,0.016779140593298915,0.0007956372578320983,0.1318928608735557,0.022085391312014375,0.0008600728332493693,,,,,,,,,
1974.3798441871252,0.02367656483462402,0.08035533939238756,0.005768636878899167,0.159863743323497,0.0167358187754637,0.0007937937020643894,0.13126312171209256,0.022015974398874736,0.0008580952424450482,,,,,,,,,
1977.0162550800978,0.023621062272575665,0.08015757941574418,0.005754556176719256,0.15935300094643148,0.01669260880959671,0.0007919544179642466,0.1306363893199788,0.02194677567103966,0.000856122198773525,,,,,,,,,
1979.6561864012258,0.023565689819536644,0.07996030613990585,0.005740509844214216,0.1588438903200704,0.016649510406909027,0.0007901193956338728,0.13001264934101406,0.021877794442727805,0.0008541536917794468,,,,,,,,,
1982.299642851379,0.023510447170505534,0.0797635183670684,0.005726497797490857,0.158336406231197,0.01660652327935723,0.000788288625198401,0.1293918874875419,0.02180903003031318,0.0008521897110314922,,,,,,,,,
1984.9466291376968,0.02345533402119613,0.07956721490237609,0.005712519952860826,0.15783054348325148,0.016563647139641747,0.0007864620968058491,0.12877408954012612,0.0217404817523187,0.0008502302461223343,,,,,,,,,
1987.5971499736117,0.0234003500680353,0.07937139455391314,0.00569857622684,0.15732629689627484,0.01652088170120463,0.0007846398006270585,0.12815924134722112,0.021672148929409028,0.0008482752866685696,,,,,,,,,
1990.251210078842,0.023345495008161743,0.07917605613269792,0.005684666536148063,0.15682366130685876,0.016478226678227945,0.0007828217268556516,0.12754732882485145,0.021604030884384274,0.0008463248223106733,,,,,,,,,
1992.9088141794168,0.023290768539423964,0.07898119845267423,0.005670790797707954,0.15632263156808984,0.01643568178563156,0.0007810078657079662,0.12693833795628554,0.021536126942172863,0.0008443788427129374,,,,,,,,,
1995.5699670076676,0.023236170360378918,0.07878682033070543,0.005656948928645418,0.1558232025494999,0.016393246739071516,0.0007791982074230163,0.12633225479171842,0.021468436429825245,0.0008424373375634224,,,,,,,,,
1998.2346733022532,0.023181700170290063,0.07859292058656618,0.005643140846288465,0.15532536913701028,0.016350921254937877,0.0007773927422624263,0.12572906544794832,0.021400958676506807,0.0008405002965738962,,,,,,,,,
2000.9029378081518,0.023127357669125978,0.07839949804293626,0.005629366468166926,0.15482912623288267,0.01630870505035308,0.0007755914605103919,0.12512875610806234,0.02133369301349169,0.0008385677094797856,,,,,,,,,
2003.5747652766854,0.02307314255755844,0.0782065515253923,0.005615625712011901,0.15433446875566378,0.016266597843169774,0.0007737943524736152,0.12453131302111647,0.021266638774155678,0.0008366395660401161,,,,,,,,,
2006.2501604655154,0.023019054536961018,0.07801407986240173,0.005601918495755338,0.15384139164013602,0.01622459935196922,0.0007720014084812609,0.12393672250182368,0.021199795293969995,0.0008347158560374621,,,,,,,,,
2008.9291281386547,0.022965093309407308,0.07782208188531532,0.005588244737529485,0.15334988983726444,0.016182709296059236,0.0007702126188849043,0.12334497093023897,0.021133161910494552,0.0008327965692778938,,,,,,,,,
2011.6116730664853,0.022911258577669208,0.07763055642835935,0.005574604355666415,0.15285995831414395,0.01614092739547226,0.0007684279740584713,0.12275604475144622,0.021066737963371246,0.0008308816955909156,,,,,,,,,
2014.29780002575,0.022857550045215527,0.0774395023286298,0.005560997268697562,0.15237159205395032,0.01609925337096371,0.0007666474643981984,0.1221699304752508,0.021000522794317748,0.0008289712248294213,,,,,,,,,
2016.9875137995782,0.02280396741621004,0.07724891842608411,0.0055474233953532,0.15188478605588593,0.01605768694400985,0.0007648710803225686,0.12158661467586684,0.02093451574712057,0.000827065146869633,,,,,,,,,
2019.6808191774785,0.02275051039551018,0.07705880356353517,0.005533882654561992,0.15139953533513156,0.016016227836806198,0.0007630988122722723,0.12100608399161344,0.020868716167629,0.0008251634516110539,,,,,,,,,
2022.377720955363,0.02269717868866511,0.0768691565866432,0.00552037496545047,0.15091583492279223,0.01597487577226538,0.0007613306507101441,0.12042832512460491,0.020803123403748198,0.0008232661289764082,,,,,,,,,
2025.0782239355397,0.02264397200191438,0.07667997634391004,0.005506900247342591,0.15043367986584932,0.01593363047401559,0.0007595665861211211,0.11985332484044983,0.020737736805433116,0.0008213731689115949,,,,,,,,,
2027.7823329267371,0.022590890042186007,0.07649126168667068,0.005493458419759207,0.1499530652271071,0.015892491666398435,0.0007578066090121833,0.11928106996794424,0.02067255572468168,0.0008194845613856259,,,,,,,,,
2030.490052744097,0.022537932517095235,0.07630301146908772,0.005480049402417658,0.1494739860851448,0.015851459074467368,0.0007560507099123125,0.11871154739877354,0.020607579515528756,0.0008176002963905845,,,,,,,,,
2033.2013882091992,0.02248509913494249,0.07611522454814322,0.005466673115231184,0.1489964375342635,0.015810532423985595,0.0007542988793724292,0.11814474408720865,0.020542807534039365,0.0008157203639415567,,,,,,,,,
2035.9163441500532,0.022432389604712222,0.0759278997836328,0.005453329478308575,0.14852041468443883,0.015769711441424507,0.0007525511079653546,0.1175806470498108,0.020478239138302684,0.0008138447540765965,,,,,,,,,
2038.6349254011236,0.022379803636070873,0.07574103603815761,0.005440018411953564,0.1480459126612678,0.015728995853961567,0.0007508073862857471,0.1170192433651305,0.02041387368842527,0.0008119734568566542,,,,,,,,,
2041.3571368033247,0.022327340939365614,0.07555463217711843,0.005426739836664467,0.14757292660592158,0.01568838538947876,0.0007490677049500637,0.11646052017341463,0.020349710546525124,0.0008101064623655413,,,,,,,,,
2044.0829832040347,0.02227500122562265,0.0753686870687085,0.005413493673133638,0.1471014516750947,0.015647879776560625,0.000747332054596501,0.11590446467631065,0.02028574907672516,0.0008082437607098667,,,,,,,,,
2046.8124694571109,0.022222784206545446,0.07518319958390594,0.005400279842246994,0.1466314830409542,0.015607478744492377,0.0007456004258849457,0.11535106413657205,0.020221988645146773,0.0008063853420189856,,,,,,,,,
2049.545600422883,0.02217068959451345,0.07499816859646807,0.005387098265083609,0.14616301589109282,0.015567182023258313,0.0007438728094969319,0.1148003058777696,0.020158428619903915,0.0008045311964449527,,,,,,,,,
2052.282380968181,0.022118717102580208,0.07481359298292348,0.005373948862915131,0.14569604542847686,0.015526989343539747,0.0007421491961355786,0.11425217728399767,0.02009506837109645,0.000802681314162462,,,,,,,,,
2055.022815966323,0.022066866444472075,0.0746294716225662,0.005360831557205446,0.14523056687139996,0.015486900436713478,0.000740429576525553,0.11370666579958849,0.02003190727080426,0.0008008356853688057,,,,,,,,,
2057.766910297144,0.022015137334586335,0.07444580339744779,0.005347746269610071,0.14476657545343108,0.015446915034849719,0.0007387139414130078,0.11316375892882122,0.01996894469308066,0.0007989943002838069,,,,,,,,,
2060.5146688469868,0.02196352948798993,0.07426258719237179,0.005334692921975822,0.14430406642336885,0.015407032870710602,0.0007370022815655436,0.11262344423563916,0.019906180013946593,0.0007971571491497858,,,,,,,,,
2063.2660965087266,0.0219120426204176,0.07407982189488575,0.005321671436340215,0.14384303504518978,0.01536725367774808,0.000735294587772148,0.11208570934336144,0.019843612611384044,0.0007953242222314896,,,,,,,,,
2066.0211981817647,0.021860676448270586,0.07389750639527558,0.005308681734931121,0.14338347659800274,0.015327577190102444,0.0007335908508431549,0.11155054193440286,0.019781241865330264,0.0007934955098160587,,,,,,,,,
2068.779978772053,0.02180943068861483,0.07371563958655772,0.0052957237401662065,0.14292538637599786,0.015288003142600273,0.000731891061610188,0.11101792974998843,0.019719067157671223,0.0007916710022129598,,,,,,,,,
2071.542443192084,0.021758305059179632,0.07353422036447353,0.005282797374652534,0.14246875968840103,0.015248531270752921,0.0007301952109261196,0.11048786058987595,0.01965708787223592,0.0007898506897539459,,,,,,,,,
2074.3085963609215,0.021707299278355883,0.07335324762748145,0.005269902561186053,0.14201359185942317,0.015209161310754496,0.000728503289665011,0.10996032231207313,0.019595303394789827,0.000788034562792997,,,,,,,,,
2077.078443204189,0.021656413065194703,0.07317272027675131,0.005257039222751172,0.14155987822821456,0.015169892999480307,0.0007268152887220735,0.10943530283256232,0.019533713113029184,0.0007862226117062738,,,,,,,,,
2079.8519886540885,0.021605646139405823,0.0729926372161573,0.005244207282520311,0.14110761414881648,0.015130726074485045,0.0007251311990136147,0.1089127901250227,0.01947231641657476,0.0007844148268920691,,,,,,,,,
2082.629237649414,0.021554998221355922,0.07281299735227076,0.005231406663853361,0.14065679499011216,0.015091660274000891,0.0007234510114769863,0.10839277222055328,0.019411112696965698,0.000782611198770745,,,,,,,,,
2085.4101951355447,0.021504469032067347,0.07263379959435456,0.005218637290297348,0.14020741613578216,0.015052695336936008,0.0007217747170705428,0.10787523720740179,0.01935010134765377,0.0007808117177846998,,,,,,,,,
2088.194866064474,0.02145405829321624,0.07245504285435553,0.005205899085585865,0.13975947298425406,0.015013831002872548,0.0007201023067735848,0.10736017323068847,0.01928928176399701,0.0007790163743982984,,,,,,,,,
2090.9832553947977,0.021403765727131405,0.07227672604689869,0.005193191973638695,0.13931296094865814,0.014975067012065153,0.0007184337715863199,0.10684756849213788,0.0192286533432541,0.00077722515909784,,,,,,,,,
2093.7753680917426,0.02135359105679234,0.07209884808927976,0.005180515878561302,0.13886787545677787,0.014936403105438966,0.0007167691025298034,0.10633741124980525,0.019168215484578047,0.0007754380623914926,,,,,,,,,
2096.5712091271557,0.021303534005828146,0.07192140790145955,0.005167870724644423,0.13842421195100554,0.014897839024588182,0.0007151082906459008,0.10582968981781081,0.01910796758901054,0.0007736550748092531,,,,,,,,,
2099.3707834795323,0.0212535942985156,0.07174440440605649,0.005155256436363574,0.13798196588829315,0.014859374511774019,0.000713451326997229,0.105324392566069,0.019047909059475683,0.0007718761869028897,,,,,,,,,
2102.1740961340074,0.021203771659777982,0.07156783652834095,0.0051426729383786405,0.1375411327401083,0.014821009309923283,0.0007117982026671191,0.10482150792002506,0.018988039300774456,0.0007701013892458985,,,,,,,,,
2104.98115208238,0.021154065815183292,0.07139170319622783,0.005130120155533382,0.13710170799238533,0.014782743162626384,0.0007101489087595579,0.10432102436038689,0.01892835771957843,0.0007683306724334468,,,,,,,,,
2107.7919563231076,0.021104476490942957,0.07121600334027098,0.005117598012855032,0.13666368714548183,0.014744575814135883,0.0007085034363991485,0.10382293042286424,0.01886886372442426,0.0007665640270823305,,,,,,,,,
2110.6065138613294,0.02105500341391011,0.07104073589365571,0.005105106435553799,0.1362270657141296,0.014706507009364522,0.0007068617767310553,0.10332721469790306,0.018809556725707433,0.0007648014438309169,,,,,,,,,
2113.424829708863,0.021005646311578273,0.07086589979219322,0.005092645349022474,0.1357918392273914,0.014668536493883735,0.0007052239209209638,0.10283386583042672,0.018750436135676805,0.0007630429133391002,,,,,,,,,
2116.246908884217,0.02095640491207979,0.07069149397431383,0.005080214678835947,0.13535800322861397,0.014630664013921888,0.0007035898601550296,0.10234287251957497,0.01869150136842858,0.0007612884262882536,,,,,,,,,
2119.0727564126087,0.020907278944184222,0.07051751738105996,0.005067814350750757,0.13492555327538136,0.014592889316362437,0.0007019595856398257,0.10185422351844373,0.018632751839900378,0.0007595379733811716,,,,,,,,,
2121.902377325956,0.02085826813729706,0.07034396895608076,0.00505544429070469,0.134494484939472,0.014555212148742488,0.0007003330886023066,0.10136790763383018,0.018574186967865787,0.0007577915453420301,,,,,,,,,
2124.735776662906,0.02080937222145801,0.07017084764562463,0.005043104424816286,0.1340647938068104,0.014517632259250856,0.0006987103602897494,0.10088391372597338,0.01851580617192823,0.0007560491329163302,,,,,,,,,
2127.572959468824,0.020760590927339742,0.06999815239853382,0.005030794679384446,0.13363647547742485,0.014480149396726621,0.0006970913919697152,0.10040223070830216,0.01845760887351555,0.0007543107268708552,,,,,,,,,
2130.4139307958217,0.020711923986246154,0.06982588216623704,0.005018514980887943,0.13320952556539953,0.01444276331065721,0.0006954761749299959,0.09992284754717798,0.018399594495873924,0.0007525763179936154,,,,,,,,,
2133.2586957027484,0.020663371130111147,0.06965403590274409,0.005006265255985046,0.13278393969883237,0.014405473751176984,0.0006938647004785748,0.09944575326164536,0.018341762464062515,0.0007508458970938057,,,,,,,,,
2136.107259255217,0.020614932091496896,0.06948261256463859,0.004994045431512993,0.13235971351978768,0.014368280469065282,0.0006922569599435698,0.09897093692317731,0.018284112204947425,0.0007491194550017506,,,,,,,,,
2138.959626525595,0.02056660660359264,0.06931161111107248,0.004981855434487662,0.1319368426842539,0.014331183215745035,0.0006906529446731979,0.09849838765542789,0.01822664314719635,0.0007473969825688617,,,,,,,,,
2141.815802593034,0.02051839440021291,0.06914103050375892,0.004969695192103021,0.13151532286209686,0.014294181743280853,0.0006890526460357174,0.09802809463398023,0.018169354721272565,0.0007456784706675823,,,,,,,,,
2144.675792543457,0.020470295215796425,0.06897086970696678,0.004957564631730809,0.13109514973701772,0.014257275804377599,0.0006874560554193927,0.09756004708610144,0.01811224635942964,0.0007439639101913493,,,,,,,,,
2147.5396014695884,0.020422308785404235,0.06880112768751344,0.004945463680919986,0.13067631900650642,0.014220465152378512,0.0006858631642324371,0.09709423429049302,0.01805531749570549,0.0007422532920545303,,,,,,,,,
2150.4072344709452,0.02037443484471858,0.06863180341475934,0.0049333922673964045,0.13025882638179975,0.01418374954126375,0.0006842739639029741,0.0966306455770476,0.017998567565917004,0.0007405466071923909,,,,,,,,,
2153.2786966538547,0.020326673130041353,0.06846289586060159,0.004921350319062315,0.12984266758783647,0.014147128725648684,0.000682688445878991,0.09616927032660381,0.017941996007654382,0.000738843846561037,,,,,,,,,
2156.153993131469,0.020279023378292436,0.06829440399946693,0.004909337763995935,0.12942783836321264,0.014110602460782136,0.000681106601628286,0.09571009797070157,0.017885602260275427,0.0007371450011373674,,,,,,,,,
2159.0331290237596,0.02023148532700863,0.0681263268083067,0.004897354530451077,0.1290143344601402,0.014074170502544966,0.0006795284226384325,0.09525311799134271,0.017829385764900257,0.0007354500619190312,,,,,,,,,
2161.916109457543,0.020184058714341802,0.06795866326658956,0.004885400546856623,0.12860215164440092,0.01403783260744821,0.0006779539004167223,0.09479831992074719,0.01777334596440544,0.0007337590199243742,,,,,,,,,
2164.8029395664726,0.02013674327905782,0.06779141235629625,0.004873475741816216,0.12819128569530547,0.014001588532631677,0.0006763830264901312,0.09434569334111607,0.017717482303418824,0.0007320718661923964,,,,,,,,,
2167.6936244910657,0.020089538760534792,0.06762457306191237,0.004861580044107707,0.1277817324056479,0.013965438035862095,0.0006748157924052628,0.09389522788439011,0.0176617942283137,0.0007303885917826987,,,,,,,,,
2170.5881693786955,0.0200424448987619,0.06745814437042331,0.004849713382682853,0.12737348758166492,0.01392938087553174,0.0006732521897283111,0.0934469132320152,0.01760628118720362,0.000728709187775445,,,,,,,,,
2173.4865793836175,0.019995461434337725,0.06729212527130711,0.00483787568666679,0.12696654704299035,0.013893416810656563,0.000671692210045009,0.09300073911470294,0.017550942629936613,0.0007270336452713001,,,,,,,,,
2176.3888596669594,0.019948588108469053,0.06712651475652918,0.004826066885357679,0.12656090662261515,0.013857545600874826,0.0006701358449605904,0.09255669531219837,0.017495778008090063,0.0007253619553914009,,,,,,,,,
2179.2950153967518,0.019901824662969213,0.06696131182053536,0.0048142869082262365,0.12615656216684196,0.01382176700644526,0.0006685830860997348,0.09211477165304308,0.017440786774964964,0.0007236941092772904,,,,,,,,,
2182.2050517479174,0.019855170840256866,0.06679651546024652,0.004802535684915347,0.12575350953524475,0.013786080788245673,0.0006670339251065328,0.09167495801434455,0.01738596838558075,0.0007220300980908878,,,,,,,,,
2185.1189739022902,0.019808626383354493,0.06663212467505225,0.004790813145239646,0.1253517446006257,0.013750486707771254,0.0006654883536444356,0.09123724432154337,0.017331322296669793,0.0007203699130144304,,,,,,,,,
2188.03678704863,0.0197621910358869,0.06646813846680427,0.00477911921918504,0.12495126324897188,0.013714984527132894,0.0006639463633962078,0.09080162054818126,0.01727684796667191,0.00071871354525043,,,,,,,,,
2190.958496382616,0.01971586454207999,0.06630455583981133,0.0047674538369083886,0.12455206137941514,0.01367957400905582,0.0006624079460638892,0.09036807671567404,0.017222544855729258,0.0007170609860216287,,,,,,,,,
2193.884107106875,0.019669646646759152,0.06614137580083221,0.004755816928736974,0.12415413490418796,0.013644254916877742,0.000660873093368743,0.0899366028930801,0.017168412425680648,0.0007154122265709471,,,,,,,,,
2196.813624430971,0.019623537095348056,0.06597859735907051,0.004744208425168199,0.12375747974858389,0.013609027014547522,0.00065934179705122,0.08950718919687568,0.01711445014005658,0.0007137672581614473,,,,,,,,,
2199.7470535714333,0.01957753563386704,0.06581621952616785,0.004732628256869074,0.12336209185091324,0.013573890066623372,0.000657814048870903,0.0890798257907259,0.017060657464073578,0.000712126072076272,,,,,,,,,
2202.6843997517494,0.019531642008931944,0.06565424131619874,0.0047210763546758705,0.1229679671624642,0.013538843838271492,0.0006562898406064746,0.08865450288526196,0.017007033864629203,0.000710488659618616,,,,,,,,,
2205.625668202389,0.019485855967752444,0.06549266174566357,0.004709552649593662,0.12257510164745881,0.013503888095264286,0.0006547691640556619,0.08823121073785439,0.01695357881029645,0.000708855012111662,,,,,,,,,
2208.5708641607985,0.01944017725813098,0.0653314798334837,0.004698057072795953,0.12218349128301398,0.013469022603979032,0.0006532520110351997,0.0878099396523924,0.016900291771318812,0.0007072251208985515,,,,,,,,,
2211.5199928714255,0.019394605628461015,0.06517069460099457,0.004686589555624225,0.12179313205909803,0.013434247131396067,0.0006517383733807838,0.08739067997905917,0.016847172219604734,0.0007055989773423251,,,,,,,,,
2214.473059585713,0.01934914082772598,0.06501030507194064,0.0046751500295875706,0.12140401997849198,0.013399561445097475,0.0006502282429470279,0.08697342211411357,0.016794219628722646,0.0007039765728258867,,,,,,,,,
2217.430069562124,0.019303782605497612,0.06485031027246839,0.004663738426362236,0.12101615105674621,0.013364965313265306,0.0006487216116074167,0.0865581564996674,0.016741433473895454,0.0007023578987519502,,,,,,,,,
2220.3910280661376,0.01925853071193478,0.06469070923112161,0.004652354677791271,0.12062952132214166,0.013330458504680216,0.0006472184712542677,0.08614487362346873,0.01668881323199562,0.0007007429465429993,,,,,,,,,
2223.3559403702634,0.019213384897782078,0.06453150097883475,0.004640998715884072,0.12024412681564853,0.013296040788719852,0.0006457188137986847,0.08573356401868308,0.016636358381539883,0.0006991317076412432,,,,,,,,,
2226.324811754058,0.01916834491436824,0.06437268454892685,0.0046296704728159875,0.11985996359088454,0.013261711935357202,0.000644222631170511,0.08532421826367569,0.016584068402683904,0.0006975241735085609,,,,,,,,,
2229.2976475041187,0.01912341051360511,0.06421425897709651,0.004618369880927937,0.11947702771407678,0.013227471715159296,0.0006427299153182921,0.08491682698179773,0.016531942777217444,0.000695920335626472,,,,,,,,,
2232.2744529141123,0.019078581447985955,0.06405622330141514,0.004607096872725972,0.11909531526401904,0.013193319899285396,0.0006412406582092262,0.08451138084116928,0.016479980988558924,0.0006943201854960742,,,,,,,,,
2235.255233284764,0.019033857470584375,0.06389857656232187,0.004595851380880906,0.11871482233203393,0.01315925625948573,0.000639754851829129,0.08410787055446778,0.016428182521750576,0.0006927237146380152,,,,,,,,,
2238.2399939238862,0.018989238335052696,0.063741317802617,0.004584633338227879,0.11833554502193061,0.013125280568099721,0.00063827248818238,0.08370628687871298,0.01637654686345304,0.0006911309145924334,,,,,,,,,
2241.228740146371,0.01894472379562085,0.06358444606745701,0.004573442677766007,0.11795747944996723,0.013091392598054703,0.0006367935592918908,0.08330662061505759,0.01632507350194061,0.0006895417769189232,,,,,,,,,
2244.2214772742145,0.01890031360709478,0.06342796040434781,0.004562279332657897,0.11758062174480875,0.013057592122864174,0.0006353180571990512,0.08290886260857422,0.01627376192709584,0.0006879562931964828,,,,,,,,,
2247.218210636513,0.01885600752485533,0.06327185986313995,0.0045511432362293595,0.11720496804748964,0.013023878916626493,0.0006338459739636969,0.08251300374804803,0.01622261163040479,0.0006863744550234766,,,,,,,,,
2250.218945569485,0.018811805304856672,0.06311614349602193,0.004540034321968892,0.1168305145113721,0.012990252754023187,0.0006323773016640572,0.08211903496576556,0.016171622104951676,0.0006847962540175838,,,,,,,,,
2253.2236874164682,0.01876770670362518,0.06296081035751533,0.004528952523527396,0.11645725730210896,0.012956713410317617,0.0006309120323967198,0.08172694723730965,0.016120792845414168,0.0006832216818157602,,,,,,,,,
2256.232441527942,0.018723711478257857,0.06280585950446806,0.004517897774717671,0.11608519259760212,0.012923260661353284,0.0006294501582765823,0.08133673158135003,0.01607012334805808,0.000681650730074188,,,,,,,,,
2259.245213261525,0.018679819386421218,0.06265128999604971,0.004506870009514118,0.11571431658796538,0.012889894283552519,0.0006279916714368158,0.08094837905943987,0.016019613110732623,0.0006800833904682379,,,,,,,,,
2262.262007981989,0.018636030186349843,0.0624971008937452,0.004495869162052283,0.11534462547548456,0.012856614053914904,0.0006265365640288193,0.08056188077581007,0.015969261632865328,0.0006785196546924203,,,,,,,,,
2265.282831061277,0.01859234363684498,0.06234329126134887,0.0044848951666284645,0.11497611547457787,0.012823419750015698,0.0006250848282221741,0.08017722787716464,0.01591906841545695,0.000676959514460341,,,,,,,,,
2268.3076878784964,0.018548759497273415,0.062189860164959566,0.004473947957699379,0.11460878281175904,0.012790311150004556,0.0006236364562046102,0.07979441155247993,0.015869032961076855,0.0006754029615046617,,,,,,,,,
2271.336583819945,0.018505277527565877,0.06203680667297416,0.004463027469881673,0.11424262372559642,0.012757288032603805,0.0006221914401819548,0.07941342303280045,0.01581915477385769,0.0006738499875770508,,,,,,,,,
2274.3695242791055,0.018461897488216045,0.06188412985608262,0.004452133637951645,0.1138776344666767,0.012724350177107194,0.0006207497723780979,0.07903425359104045,0.015769433359490843,0.0006723005844481447,,,,,,,,,
2277.4065146566704,0.018418619140278866,0.06173182878726161,0.004441266396844743,0.11351381129756437,0.012691497363378207,0.0006193114450349443,0.07865689454178151,0.01571986822522122,0.0006707547439074998,,,,,,,,,
2280.447560360536,0.01837544224536957,0.061579902541769725,0.0044304256816552826,0.11315115049276557,0.012658729371848799,0.0006178764504123794,0.07828133724107601,0.015670458879842662,0.000669212457763553,,,,,,,,,
2283.4926668058274,0.018332366565662093,0.061428350197140894,0.0044196114276359695,0.11278964833868782,0.012626045983517723,0.0006164447807882181,0.07790757308624684,0.015621204833692772,0.0006676737178435733,,,,,,,,,
2286.5418394148924,0.018289391863887988,0.06127717083317978,0.004408823570197576,0.11242930113360408,0.01259344697994926,0.000615016428458173,0.07753559351569253,0.015572105598648368,0.0006661385159936269,,,,,,,,,
2289.595083617329,0.018246517903334907,0.061126363531955316,0.004398062044908512,0.11207010518761276,0.012560932143271588,0.0006135913857358034,0.077165390008689,0.015523160688120355,0.000664606844078521,,,,,,,,,
2292.652404849974,0.01820374444784551,0.06097592737779591,0.004387326787494478,0.11171205682260207,0.012528501256175488,0.0006121696449524834,0.0767969540851965,0.015474369617049186,0.0006630786939817766,,,,,,,,,
2295.713808556937,0.018161071261815948,0.060825861457283026,0.004376617733838041,0.11135515237221019,0.012496154101912708,0.000610751198457352,0.07643027730566332,0.01542573190189976,0.0006615540576055687,,,,,,,,,
2298.7793001895866,0.018118498110194753,0.06067616485924657,0.004365934819978285,0.11099938818178966,0.012463890464294698,0.0006093360386172773,0.07606535127083414,0.015377247060656888,0.0006600329268706992,,,,,,,,,
2301.848885206572,0.018076024758481465,0.060526836674758784,0.004355277982110433,0.11064476060836904,0.012431710127691077,0.000607924157816816,0.07570216762155701,0.015328914612820436,0.0006585152937165433,,,,,,,,,
2304.9225690738394,0.01803365097272526,0.060377875997128544,0.0043446471565854045,0.11029126602061491,0.01239961287702812,0.0006065155484581662,0.075340718038591,0.015280734079400398,0.0006570011501010096,,,,,,,,,
2308.0003572646233,0.017991376519523854,0.06022928192189659,0.00433404227990953,0.10993890079879656,0.01236759849778751,0.0006051102029611355,0.07498099424241751,0.015232704982912442,0.0006554904880005003,,,,,,,,,
2311.0822552594755,0.017949201166021982,0.0600810535468292,0.004323463288744086,0.10958766133474669,0.012335666776004678,0.0006037081137630905,0.07462298799304846,0.015184826847372894,0.0006539832994098633,,,,,,,,,
2314.1682685462583,0.017907124679910364,0.059933189971913534,0.004312910119904978,0.10923754403182666,0.012303817498267592,0.0006023092733189261,0.07426669108983978,0.01513709919829428,0.0006524795763423585,,,,,,,,,
2317.2584026201703,0.01786514682942418,0.05978569029935121,0.0043023827103623145,0.10888854530488754,0.012272050451715128,0.0006009136741010153,0.07391209537130128,0.015089521562680348,0.0006509793108296024,,,,,,,,,
2320.352662983738,0.017823267383342018,0.05963855363355401,0.004291880997240077,0.10854066158023558,0.012240365424035839,0.0005995213085991765,0.07355919271491192,0.015042093469021675,0.0006494824949215415,,,,,,,,,
2323.4510551468466,0.017781486110984394,0.059491779081137224,0.004281404917815701,0.10819388929559326,0.012208762203466346,0.0005981321693206264,0.07320797503693158,0.014994814447290719,0.0006479891206863941,,,,,,,,,
2326.5535846267276,0.017739802782212696,0.05934536575091531,0.00427095440951974,0.10784822490006526,0.012177240578790114,0.0005967462487899478,0.07285843429221808,0.01494768402893741,0.0006464991802106235,,,,,,,,,
2329.66025694799,0.017698217167427664,0.0591993127538956,0.004260529409935453,0.10750366485409978,0.012145800339335858,0.0005953635395490396,0.07251056247404071,0.014900701746884248,0.0006450126655988838,,,,,,,,,
2332.771077642613,0.01765672903756839,0.05905361920327358,0.004250129856798478,0.1071602056294541,0.012114441274976283,0.0005939840341570851,0.07216435161389868,0.014853867135521918,0.0006435295689739854,,,,,,,,,
2335.8860522499617,0.017615338164110907,0.05890828421442721,0.004239755687996419,0.10681784370915783,0.012083163176126625,0.0005926077251905091,0.0718197937813379,0.014807179730704566,0.0006420498824768513,,,,,,,,,
2339.005186316806,0.01757404431906685,0.05876330690491129,0.0042294068415684866,0.10647657558747603,0.012051965833743166,0.0005912346052429338,0.07147688108376836,0.014760639069745111,0.000640573598266472,,,,,,,,,
2342.1284853973125,0.017532847274982468,0.058618686394452786,0.004219083255705145,0.10613639776987506,0.012020849039322016,0.0005898646669251461,0.0711356056662853,0.014714244691410876,0.000639100708519873,,,,,,,,,
2345.2559550530746,0.017491746804937043,0.05847442180494462,0.004208784868747714,0.10579730677298485,0.011989812584897513,0.000588497902865051,0.07079595971148714,0.014667996135918739,0.0006376312054320594,,,,,,,,,
2348.3876008531015,0.01745074268254194,0.058330512260441225,0.004198511619188034,0.10545929912456527,0.011958856263041058,0.0005871343057076395,0.07045793543929854,0.014621892944930907,0.000636165081215991,,,,,,,,,
2351.523428373849,0.017409834681939115,0.05818695688715244,0.0041882634456680634,0.10512237136346841,0.011927979866859485,0.0005857738681149401,0.07012152510679007,0.014575934661550017,0.0006347023281025247,,,,,,,,,
2354.6634431992097,0.01736902257780008,0.05804375481343892,0.004178040286979548,0.10478652003960531,0.011897183189993915,0.0005844165827659886,0.06978672100800286,0.01453012083031494,0.0006332429383403878,,,,,,,,,
2357.8076509205416,0.01732830614532446,0.05790090516980604,0.0041678420820636134,0.10445174171390857,0.011866466026618162,0.0005830624423567792,0.06945351547377024,0.014484450997195988,0.0006317869041961259,,,,,,,,,
2360.956057136659,0.017287685160238958,0.05775840708889959,0.0041576687700104606,0.10411803295829906,0.011835828171437556,0.0005817114396002352,0.06912190087154384,0.014438924709590665,0.0006303342179540692,,,,,,,,,
2364.1086674538637,0.01724715939879592,0.057616259705499426,0.004147520290058919,0.10378539035564897,0.011805269419687379,0.00058036356722616,0.0687918696052169,0.01439354151631891,0.0006288848719162862,,,,,,,,,
2367.265487485932,0.0172067286377723,0.05747446215651526,0.004137396581596178,0.10345381049974871,0.011774789567131684,0.000579018817981206,0.06846341411495219,0.014348300967618922,0.000627438858402548,,,,,,,,,
2370.426522854147,0.01716639265446823,0.05733301358098053,0.004127297584157332,0.10312328999527004,0.011744388410061757,0.0005776771846288291,0.06813652687700694,0.014303202615142424,0.0006259961697502826,,,,,,,,,
2373.5917791872907,0.01712615122670597,0.05719191312004783,0.004117223237425101,0.10279382545773305,0.011714065745294891,0.0005763386599492559,0.06781120040356213,0.014258246011950436,0.0006245567983145382,,,,,,,,,
2376.761262121661,0.017086004132828604,0.05705115991698345,0.004107173481229421,0.10246541351347083,0.011683821370172981,0.0005750032367394413,0.06748742724255037,0.014213430712508766,0.0006231207364679437,,,,,,,,,
2379.9349773010886,0.017045951151698758,0.056910753117161886,0.004097148255547084,0.1021380507995941,0.011653655082561089,0.0005736709078130275,0.06716519997748428,0.014168756272683478,0.0006216879766006594,,,,,,,,,
2383.1129303769326,0.017005992062697543,0.05677069186806132,0.004087147500501424,0.10181173396395847,0.011623566680846261,0.0005723416660003123,0.06684451122728846,0.014124222249736739,0.00062025851112035,,,,,,,,,
2386.2951270081066,0.016966126645723143,0.0566309753192576,0.004077171156361886,0.10148645966512829,0.011593555963935987,0.000571015504148202,0.06652535364612838,0.014079828202322167,0.0006188323324521328,,,,,,,,,
2389.481572861071,0.016926354681189807,0.05649160262241995,0.00406721916354376,0.10116222457234425,0.011563622731257061,0.0005696924151201806,0.06620771992324416,0.014035573690480705,0.000617409433038545,,,,,,,,,
2392.6722736098636,0.016886675950026436,0.05635257293130505,0.004057291462607726,0.1008390253654874,0.011533766782754029,0.0005683723917962647,0.06589160278278103,0.013991458275635993,0.0006159898053394987,,,,,,,,,
2395.8672349360877,0.016847090233675584,0.05621388540175259,0.0040473879942596,0.1005168587350471,0.011503987918888051,0.0005670554270729728,0.06557699498362471,0.013947481520590338,0.0006145734418322455,,,,,,,,,
2399.0664625289437,0.016807597314092013,0.05607553919167933,0.004037508699349883,0.10019572138208512,0.011474285940635386,0.0005657415138632779,0.06526388931923356,0.013903642989520033,0.0006131603350113316,,,,,,,,,
2402.2699620852186,0.016768196973741788,0.055937533461075044,0.0040276535188734945,0.09987561001820386,0.011444660649486236,0.000564430645096579,0.0649522786174755,0.01385994224797137,0.0006117504773885637,,,,,,,,,
2405.4777393093173,0.016728888995600755,0.055799867371996235,0.004017822393969352,0.09955652136551077,0.011415111847443246,0.0005631228137186534,0.0646421557404617,0.013816378862856048,0.0006103438614929633,,,,,,,,,
2408.6897999132507,0.016689673163153645,0.05566254008856212,0.004008015265920063,0.09923845215658657,0.011385639337020349,0.0005618180126916286,0.06433351358438501,0.013772952402447138,0.0006089404798707331,,,,,,,,,
2411.906149616668,0.016650549260392628,0.05552555077694871,0.003998232076151546,0.09892139913445012,0.011356242921241292,0.000560516234993935,0.06402634507935541,0.013729662436374544,0.0006075403250852109,,,,,,,,,
2415.126794146847,0.016611517071816326,0.05538889860538435,0.0039884727662327,0.09860535905252647,0.011326922403638445,0.0005592174736202744,0.06372064318923965,0.013686508535620975,0.0006061433897168381,,,,,,,,,
2418.351739238715,0.016572576382428525,0.0552525827441445,0.003978737277875067,0.09829032867461304,0.011297677588251438,0.0005579217215815823,0.06341640091149936,0.013643490272517586,0.0006047496663631138,,,,,,,,,
2421.580990634863,0.016533726977736942,0.05511660236554621,0.003969025552932421,0.09797630477484584,0.011268508279625783,0.0005566289719049843,0.06311361127703,0.01360060722073966,0.000603359147638557,,,,,,,,,
2424.814554085542,0.016494968643752196,0.05498095664394409,0.003959337533400515,0.09766328413766796,0.011239414282811716,0.0005553392176337672,0.06281226735000289,0.013557858955302584,0.0006019718261746706,,,,,,,,,
2428.05243534869,0.01645630116698645,0.05484564475572416,0.003949673161416648,0.09735126355779469,0.011210395403362734,0.0005540524518273327,0.06251236222770434,0.013515245052557382,0.0006005876946198977,,,,,,,,,
2431.2946401899235,0.016417724334452415,0.054710665879299875,0.0039400323792593795,0.09704023984018295,0.011181451447334444,0.0005527686675611688,0.062213889040379486,0.013472765090186817,0.0005992067456395876,,,,,,,,,
2434.5411743825684,0.016379237933661996,0.0545760191951063,0.0039304151293481455,0.0967302097999962,0.01115258222128313,0.0005514878579268043,0.061916840951073054,0.013430418647200883,0.0005978289719159519,,,,,,,,,
2437.7920437076505,0.0163408417526253,0.054441703885595875,0.003920821354242945,0.09642117026257406,0.011123787532264597,0.0005502100160317782,0.061621211155474594,0.01338820530393293,0.0005964543661480305,,,,,,,,,
2441.0472539539237,0.016302535579849294,0.05430771913523263,0.003911250996643969,0.09611311806339781,0.01109506718783272,0.0005489351349995973,0.061326992881760765,0.013346124642035252,0.0005950829210516476,,,,,,,,,
2444.3068109178625,0.016264319204336818,0.05417406413048819,0.0039017039993912857,0.09580605004805981,0.011066420996038348,0.0005476632079697055,0.061034179390442145,0.013304176244475175,0.0005937146293593812,,,,,,,,,
2447.570720403691,0.01622619241558523,0.05404073805983585,0.0038921803054644704,0.09549996307222947,0.011037848765427821,0.0005463942280974387,0.06074276397420688,0.01326235969553068,0.0005923494838205126,,,,,,,,,
2450.8389882233746,0.016188155003585464,0.053907740113746536,0.0038826798579822963,0.09519485400162275,0.011009350305041882,0.0005451281885539969,0.060452739957768925,0.013220674580786532,0.0005909874772010022,,,,,,,,,
2454.111620196649,0.016150206758820614,0.05377506948468312,0.0038732026002023575,0.09489071971196827,0.01098092542441423,0.0005438650825263987,0.060164100697713364,0.013179120487129941,0.0005896286022834367,,,,,,,,,
2457.3886221510124,0.01611234747226506,0.053642725367096154,0.0038637484755207753,0.09458755708897698,0.010952573933570383,0.0005426049032174527,0.05987683958234576,0.013137697002746657,0.0005882728518670038,,,,,,,,,
2460.6699999217462,0.016074576935383136,0.0535107069574187,0.0038543174274718243,0.09428536302830963,0.01092429564302635,0.0005413476438457153,0.05959095003154005,0.013096403717116815,0.0005869202187674463,,,,,,,,,
2463.955759351931,0.01603689494012796,0.0533790134540611,0.0038449093997275983,0.0939841344355441,0.010896090363787301,0.0005400932976454548,0.05930642549658714,0.013055240221010761,0.0005855706958170242,,,,,,,,,
2467.2459062924395,0.015999301278940465,0.053247644057407006,0.0038355243360976977,0.09368386822614544,0.010867957907346465,0.0005388418578666198,0.05902325946004652,0.013014206106485227,0.0005842242758644814,,,,,,,,,
2470.5404466019663,0.015961795744748007,0.05311659796980744,0.003826162180528863,0.09338456132543255,0.010839898085683674,0.0005375933177747949,0.058741445435595084,0.012973300966879037,0.0005828809517750013,,,,,,,,,
2473.8393861470204,0.015924378130963524,0.05298587439557693,0.003816822877104671,0.09308621066854827,0.010811910711264298,0.0005363476706511734,0.058460976967880364,0.012932524396809319,0.0005815407164301781,,,,,,,,,
2477.1427308019533,0.01588704823148407,0.052855472540987894,0.0038075063700451664,0.09278881320042649,0.010783995597037825,0.0005351049097925124,0.05818184763237098,0.012891875992167224,0.0005802035627279664,,,,,,,,,
2480.450486448952,0.015849805840689984,0.05272539161426653,0.003798212603706578,0.09249236587576239,0.010756152556436756,0.0005338650285111048,0.057904051035211075,0.012851355350114226,0.0005788694835826583,,,,,,,,,
2483.762658978066,0.01581265075344351,0.052595630825587186,0.003788941522580913,0.09219686565897958,0.010728381403375207,0.0005326280201347362,0.05762758081307229,0.012810962069077805,0.0005775384719248309,,,,,,,,,
2487.079254287202,0.015775582765087868,0.052466189387068554,0.003779693071295715,0.09190230952420084,0.010700681952247836,0.0005313938780066546,0.057352430633009543,0.012770695748747765,0.0005762105207013226,,,,,,,,,
2490.4002782821512,0.01573860167144595,0.05233706651276785,0.0037704671946136407,0.09160869445521537,0.010673054017928424,0.0005301625954855297,0.05707859419231448,0.012730555990072024,0.0005748856228751853,,,,,,,,,
2493.7257368765804,0.015701707268819358,0.05220826141867696,0.003761263837432218,0.09131601744544951,0.010645497415768805,0.0005289341659454235,0.05680606521837255,0.012690542395252868,0.0005735637714256532,,,,,,,,,
2497.0556359920643,0.01566489935398712,0.05207977332271694,0.0037520829447834445,0.09102427549793443,0.01061801196159749,0.0005277085827757466,0.05653483746851782,0.01265065456774279,0.0005722449593481019,,,,,,,,,
2500.389981558076,0.015628177724204727,0.051951601444733826,0.0037429244618334997,0.09073346562527676,0.01059059747171854,0.0005264858393812303,0.056264904729891346,0.012610892112240773,0.0005709291796540139,,,,,,,,,
2503.7287795120073,0.015591542177202936,0.051823745006493685,0.0037337883338824243,0.09044358484962743,0.01056325376291031,0.0005252659291818863,0.05599626081929829,0.01257125463468827,0.0005696164253709426,,,,,,,,,
2507.0720357991845,0.015554992511186595,0.05169620323167754,0.003724674506363737,0.09015463020265065,0.010535980652424143,0.000524048845612971,0.0557288995830656,0.012531741742265226,0.0005683066895424681,,,,,,,,,
2510.419756372864,0.015518528524833696,0.05156897534587748,0.0037155829248441945,0.0898665987254948,0.010508777957983308,0.0005228345821249557,0.055462814896902635,0.012492353043386376,0.0005669999652281717,,,,,,,,,
2513.771947194261,0.015482150017294073,0.051442060576590974,0.003706513535023375,0.08957948746876047,0.010481645497781604,0.000521623132183483,0.055198000665759035,0.012453088147697126,0.0005656962455035882,,,,,,,,,
2517.128614232541,0.015445856788188488,0.051315458153217086,0.0036974662827334425,0.08929329349247225,0.010454583090482313,0.0005204144892693407,0.05493445082368688,0.012413946666069941,0.0005643955234601774,,,,,,,,,
2520.48976346485,0.015409648637607338,0.05118916730705104,0.003688441113938736,0.08900801386604645,0.010427590555216837,0.0005192086468784176,0.05467215933370008,0.012374928210600242,0.0005630977922052812,,,,,,,,,
2523.855400876306,0.015373525366109747,0.05106318727128023,0.0036794379747355317,0.08872364566826313,0.010400667711583631,0.0005180055985216774,0.0544111201876377,0.01233603239460279,0.0005618030448620929,,,,,,,,,
2527.2255324600274,0.015337486774722249,0.05093751728097886,0.0036704568113516485,0.08844018598723444,0.010373814379646847,0.0005168053377251157,0.054151327406024734,0.012297258832607617,0.0005605112745696151,,,,,,,,,
2530.600164217127,0.015301532664937952,0.05081215657310403,0.003661497570146179,0.0881576319203764,0.010347030379935293,0.0005156078580297316,0.05389277503793673,0.01225860714035647,0.0005592224744826284,,,,,,,,,
2533.9793021567402,0.01526566283871515,0.05068710438649042,0.003652560197609131,0.08787598057437747,0.010320315533441067,0.0005144131529914876,0.053635457160861856,0.012220076934798728,0.0005579366377716509,,,,,,,,,
2537.3629522960196,0.015229877098476516,0.050562359961846215,0.003643644640361134,0.08759522906517066,0.010293669661618507,0.0005132212161812798,0.05337936788056674,0.012181667834087835,0.0005566537576229048,,,,,,,,,
2540.7511206601507,0.015194175247107852,0.05043792254174828,0.0036347508451531263,0.08731537451790299,0.010267092586382946,0.0005120320411849018,0.05312450133096068,0.01214337945757742,0.0005553738272382811,,,,,,,,,
2544.1438132823746,0.015158557087956947,0.05031379137063731,0.0036258787588659843,0.08703641406690563,0.010240584130109434,0.0005108456216030056,0.052870851673960835,0.012105211425817448,0.0005540968398352984,,,,,,,,,
2547.541036203977,0.015123022424832726,0.050189965694813814,0.003617028328510285,0.08675834485566614,0.010214144115631717,0.0005096619510510756,0.052618413099359766,0.012067163360550652,0.0005528227886470738,,,,,,,,,
2550.9427954743205,0.01508757106200388,0.0500664447624328,0.0036081995012259174,0.08648116403679723,0.010187772366240884,0.0005084810231593857,0.05236717982469088,0.012029234884708546,0.0005515516669222808,,,,,,,,,
2554.3490971508363,0.015052202804198056,0.04994322782350011,0.0035993922242818156,0.08620486877200952,0.010161468705684346,0.0005073028315729718,0.05211714609509743,0.011991425622407934,0.000550283467925119,,,,,,,,,
2557.759947299054,0.015016917456600557,0.04982031412986687,0.0035906064450756106,0.08592945623208077,0.010135232958164493,0.0005061273699515921,0.051868306183199195,0.01195373519894696,0.0005490181849352737,,,,,,,,,
2561.175351992592,0.014981714824853465,0.04969770293522589,0.0035818421111333456,0.08565492359682852,0.010109064948337687,0.0005049546319696993,0.051620654388962885,0.0119161632408016,0.0005477558112478842,,,,,,,,,
2564.5953173131893,0.014946594715054377,0.04957539349510633,0.0035730991701091335,0.0853812680550795,0.010082964501312935,0.0005037846113163986,0.051374185039569906,0.01187870937562174,0.0005464963401735048,,,,,,,,,
2568.019849350696,0.014911556933755538,0.0494533850668699,0.003564377569784872,0.08510848680464272,0.010056931442650865,0.0005026173016954225,0.051128892489288036,0.011841373232227743,0.0005452397650380727,,,,,,,,,
2571.448954203104,0.01487660128796257,0.04933167690970559,0.0035556772580699054,0.08483657705227884,0.010030965598362406,0.000501452696825088,0.050884771119340574,0.011804154440606495,0.0005439860791828688,,,,,,,,,
2574.8826379765374,0.01484172758513361,0.04921026828462596,0.0035469981830007396,0.08456553601367338,0.010005066794907789,0.0005002907904382715,0.0506418153377791,0.011767052631907996,0.0005427352759644886,,,,,,,,,
2578.3209067852845,0.014806935633178064,0.04908915845446197,0.003538340292740701,0.08429536091340661,0.009979234859195225,0.0004991315762823673,0.05040001957935393,0.011730067438441467,0.000541487348754797,,,,,,,,,
2581.7637667517906,0.014772225240455693,0.04896834668385899,0.0035297035355796665,0.08402604898492644,0.009953469618579886,0.0004979750481192591,0.05015937830538797,0.011693198493671923,0.0005402422909409046,,,,,,,,,
2585.2112240066754,0.01473759621577551,0.04884783223927217,0.0035210878599337206,0.08375759747051946,0.009927770900862706,0.0004968211997252863,0.04991988600364917,0.011656445432216427,0.0005390000959251252,,,,,,,,,
2588.663284688754,0.014703048368394648,0.04872761438896174,0.0035124932143448537,0.08349000362128232,0.009902138534289132,0.0004956700248912051,0.049681537188223816,0.011619807889840397,0.0005377607571249418,,,,,,,,,
2592.119954945027,0.014668581508017467,0.0486076924029891,0.003503919547480673,0.08322326469709473,0.00987657234754816,0.0004945215174221638,0.0494443263993921,0.011583285503454197,0.0005365242679729747,,,,,,,,,
2595.581240930715,0.01463419544479433,0.04848806555321169,0.0034953668081340703,0.08295737796658985,0.00985107216977102,0.0004933756711376599,0.04920824820350162,0.011546877911109319,0.0005352906219169426,,,,,,,,,
2599.0471488092453,0.014599889989320741,0.04836873311327944,0.003486834945222943,0.08269234070712815,0.009825637830530157,0.000492232479871516,0.04897329719284436,0.011510584751995004,0.0005340598124196326,,,,,,,,,
2602.517684752288,0.014565664952636087,0.048249694358629386,0.003478323907789857,0.0824281502047676,0.00980026915983799,0.0004910919374718389,0.04873946798553134,0.011474405666434448,0.0005328318329588598,,,,,,,,,
2605.9928549397423,0.014531520146222856,0.04813094856648218,0.0034698336450017893,0.08216480375423767,0.00977496598814588,0.0004899540378009918,0.04850675522537088,0.011438340295881469,0.0005316066770274405,,,,,,,,,
2609.472665559771,0.014497455382005314,0.048012495015836945,0.0034613641061497563,0.08190229865891005,0.00974972814634289,0.0004888187747355575,0.04827515358174434,0.011402388282916731,0.0005303843381331474,,,,,,,,,
2612.957122808788,0.014463470472348756,0.047894332987467564,0.003452915240648593,0.0816406322307725,0.009724555465754757,0.00048768614216631006,0.048044657749485506,0.01136654927124441,0.0005291648097986872,,,,,,,,,
2616.4462328914933,0.014429565230058197,0.047776461763917616,0.0034444869980365662,0.0813798017903999,0.009699447778142663,0.0004865561339981756,0.04781526244875767,0.011330822905688445,0.0005279480855616537,,,,,,,,,
2619.9400020208614,0.014395739468377583,0.04765888062949676,0.0034360793279751556,0.08111980466692825,0.00967440491570224,0.0004854287441502067,0.04758696242493405,0.011295208832189268,0.0005267341589745057,,,,,,,,,
2623.438436418173,0.014361993000988567,0.047541588870275694,0.0034276921802486723,0.08086063819802579,0.00964942671106227,0.0004843039665555423,0.047359752448476074,0.011259706697800024,0.0005255230236045228,,,,,,,,,
2626.9415423130085,0.014328325642009627,0.047424585774082366,0.003419325504764033,0.08060229972986713,0.009624512997283763,0.00048318179516138195,0.04713362731481475,0.011224316150683306,0.0005243146730337776,,,,,,,,,
2630.4493259432666,0.014294737205994992,0.047307870630497434,0.003410979251550413,0.08034478661710556,0.0095996636078587,0.00048206222392894863,0.04690858184423101,0.011189036840107565,0.0005231091008590998,,,,,,,,,
2633.961793555184,0.014261227507933539,0.047191442730849714,0.0034026533707589525,0.0800880962228452,0.00957487837670896,0.00048094524683345633,0.046684610881736456,0.011153868416443571,0.00052190630069204,,,,,,,,,
2637.478951403327,0.01422779636324794,0.04707530136821244,0.0033943478126624944,0.07983222591861548,0.009550157138185245,0.0004798308578640821,0.04646170929695652,0.011118810531161122,0.0005207062661588418,,,,,,,,,
2641.000805750624,0.014194443587793466,0.04695944583739827,0.0033860625276552233,0.07957717308434274,0.009525499727065902,0.00047871905102392695,0.04623987198401158,0.011083862836825371,0.0005195089909003987,,,,,,,,,
2644.5273628683562,0.014161168997857142,0.046843875434955745,0.003377797466252449,0.07932293510832474,0.009500905978555936,0.0004776098203299909,0.046019093861401385,0.01104902498709361,0.0005183144685722322,,,,,,,,,
2648.05862903619,0.014127972410156574,0.04672858945916432,0.0033695525790902263,0.0790695093872026,0.00947637572828573,0.0004765031598131331,0.045799369871887236,0.01101429663671163,0.0005171226928444454,,,,,,,,,
2651.5946105421654,0.014094853641839097,0.04661358721003074,0.003361327816925142,0.07881689332593551,0.009451908812310165,0.0004753990635180478,0.04558069498237753,0.010979677441510486,0.0005159336574017019,,,,,,,,,
2655.13531368273,0.014061812510480604,0.04649886798928418,0.0033531231306339524,0.07856508433777265,0.009427505067107293,0.00047429752550322464,0.045363064183811204,0.0109451670584029,0.0005147473559431817,,,,,,,,,
2658.680744762729,0.014028848834084718,0.04638443110037263,0.0033449384712133374,0.07831407984422843,0.009403164329577475,0.00047319853984092265,0.04514647249104418,0.01091076514538005,0.0005135637821825556,,,,,,,,,
2662.2309100954362,0.013995962431081605,0.04627027584845797,0.0033367737897795754,0.07806387727505425,0.009378886437042067,0.0004721021006171335,0.04493091494273393,0.010876471361508001,0.0005123829298479463,,,,,,,,,
2665.7858160025457,0.013963153120327162,0.046156401540412485,0.003328629037568279,0.07781447406821385,0.009354671227242541,0.0004710082019315555,0.044716386601227155,0.010842285366924501,0.0005112047926819,,,,,,,,,
2669.3454688142037,0.013930420721101813,0.04604280748481399,0.003320504165934076,0.07756586766985571,0.00933051853833923,0.0004699168378975545,0.04450288255244536,0.010808206822835419,0.0005100293644413483,,,,,,,,,
2672.9098748690008,0.013897765053109723,0.04592949299194216,0.003312399126350341,0.07731805553428794,0.009306428208910348,0.0004688280026421392,0.044290397905773396,0.010774235391511589,0.0005088566388975793,,,,,,,,,
2676.4790405139906,0.013865185936477694,0.04581645737377409,0.0033043138704089096,0.07707103512395179,0.009282400077950914,0.0004677416903059263,0.04407892779394704,0.010740370736285348,0.0005076866098362046,,,,,,,,,
2680.0529721047124,0.013832683191754097,0.04570369994397997,0.0032962483498197447,0.07682480390939518,0.009258433984871556,0.00046665789504310695,0.04386846737294089,0.010706612521547143,0.0005065192710571197,,,,,,,,,
2683.631676005179,0.013800256639908106,0.045591220017919376,0.0032882025164107168,0.07657935936924797,0.009234529769497622,0.00046557661102141976,0.04365901182185861,0.010672960412742386,0.0005053546163744818,,,,,,,,,
2687.2151585879137,0.01376790610232844,0.04547901691263648,0.003280176322127254,0.07633469899019463,0.009210687272067941,0.0004644978324221149,0.043450556342821245,0.010639414076367938,0.0005041926396166675,,,,,,,,,
2690.803426233937,0.01373563140082266,0.04536708994685661,0.0032721697190320966,0.07609082026695023,0.009186906333233876,0.0004634215534399282,0.0432430961608585,0.010605973179968989,0.0005030333346262462,,,,,,,,,
2694.3964853328016,0.013703432357615909,0.04525543844098147,0.0032641826593049835,0.075847720702233,0.009163186794058168,0.0004623477682830432,0.043036626523798194,0.010572637392135573,0.0005018766952599433,,,,,,,,,
2697.9943422825813,0.013671308795350185,0.04514406171708555,0.00325621509524239,0.07560539780674039,0.009139528496013955,0.0004612764711730672,0.0428311427021586,0.010539406382499486,0.0005007227153886121,,,,,,,,,
2701.5970034899037,0.013639260537083153,0.0450329590989115,0.00324826697925722,0.07536384909912217,0.009115931280983638,0.00046020765634499264,0.042626639989038845,0.010506279821730814,0.0004995713888971961,,,,,,,,,
2705.2044753699415,0.013607287406287354,0.0449221299118666,0.0032403382638785446,0.07512307210595635,0.009092394991257894,0.00045914131804717387,0.04242311370001246,0.01047325738153486,0.000498422709684702,,,,,,,,,
2708.816764346443,0.013575389226849059,0.04481157348301797,0.0032324289017512907,0.07488306436172239,0.009068919469534541,0.00045807745054128894,0.042220559173018674,0.010440338734648684,0.0004972766716641622,,,,,,,,,
2712.433876851727,0.013543565823067446,0.04470128914108915,0.003224538845635995,0.07464382340877745,0.00904550455891759,0.00045701604810231345,0.04201897176825678,0.01040752355483807,0.0004961332687626061,,,,,,,,,
2716.0558193267016,0.013511817019653575,0.04459127621645578,0.003216668048408491,0.0744053467973304,0.009022150102916113,0.00045595710501848967,0.041818346868079406,0.010374811516894176,0.0004949924949210287,,,,,,,,,
2719.682598220883,0.013480142641729347,0.04448153404114117,0.003208816463059631,0.07416763208541625,0.008998855945443201,0.0004549006155912914,0.041618679876886264,0.010342202296630253,0.0004938543440943534,,,,,,,,,
2723.3142199923886,0.013448542514826705,0.04437206194881291,0.0032009840426950264,0.07393067683887268,0.008975621930814985,0.0004538465741353998,0.04141996622101991,0.010309695570878614,0.0004927188102514059,,,,,,,,,
2726.9506911079716,0.013417016464886489,0.04426285927477819,0.0031931707405347385,0.07369447863131325,0.008952447903749515,0.00045279497497866596,0.0412222013486599,0.010277291017487228,0.000491585887374877,,,,,,,,,
2730.592018043008,0.013385564318257655,0.04415392535598036,0.003185376509913029,0.07345903504410427,0.008929333709365795,0.00045174581246208744,0.04102538072971952,0.010244988315316719,0.000490455569461296,,,,,,,,,
2734.2382072815312,0.01335418590169615,0.04404525953099426,0.0031776013042780524,0.0732243436663386,0.008906279193182674,0.00045069908093977077,0.040829499855741004,0.010212787144236988,0.0004893278505209939,,,,,,,,,
2737.889265316224,0.013322881042364116,0.043936861140022855,0.0031698450771916044,0.07299040209481228,0.008883284201117924,0.0004496547747789069,0.04063455423979334,0.010180687185124241,0.0004882027245780757,,,,,,,,,
2741.545198648447,0.013291649567828785,0.043828729524892654,0.003162107782328817,0.07275720793399845,0.008860348579487037,0.0004486128883597362,0.04044053941636839,0.010148688119857639,0.00048708018567038513,,,,,,,,,
2745.2060137882327,0.013260491306061693,0.043720864029050226,0.003154389373477922,0.07252475879602452,0.008837472175002414,0.00044757341607552353,0.04024745094127968,0.010116789631316318,0.000485960227849477,,,,,,,,,
2748.871717254318,0.013229406085437531,0.0436132639975577,0.0031466898045399137,0.07229305230064594,0.008814654834772116,0.00044653635233252154,0.04005528439155952,0.010084991403376065,0.0004848428451805808,,,,,,,,,
2752.542315574132,0.013198393734733452,0.04350592877708935,0.00313900902952835,0.07206208607522349,0.00879189640629906,0.00044550169154994757,0.03986403536535884,0.010053293120906382,0.00048372803174257623,,,,,,,,,
2756.2178152838324,0.013167454083127852,0.043398857715926976,0.0031313470025689976,0.07183185775469753,0.00876919673747979,0.0004444694281599464,0.03967369948184514,0.01002169446976717,0.00048261578162795196,,,,,,,,,
2759.8982229282956,0.013136586960199653,0.043292050163956576,0.00312370367789963,0.07160236498156491,0.008746555676603643,0.00044343955660756734,0.039484272381103205,0.00999019513680577,0.00048150608894278503,,,,,,,,,
2763.5835450611366,0.013105792195927295,0.04318550547266412,0.0031160790098697095,0.07137360540585441,0.008723973072351648,0.0004424120713507294,0.039295749724034774,0.009958794809853814,0.0004803989478067025,,,,,,,,,
2767.273788244732,0.013075069620687675,0.04307922299513139,0.003108472952940118,0.07114557668510216,0.008701448773795455,0.00044138696686019184,0.03910812719225876,0.00992749317772403,0.00047929435235285155,,,,,,,,,
2770.968959050208,0.013044419065255457,0.042973202086032544,0.0031008854616829187,0.07091827648432875,0.00867898263039649,0.0004403642376195287,0.038921400488013264,0.009896289930207323,0.00047819229672787085,,,,,,,,,
2774.669064057478,0.013013840360801873,0.04286744210162969,0.003093316490781026,0.070691702476014,0.00865657449200475,0.00043934387812509247,0.03873556533405605,0.009865184758069573,0.00047709277509185564,,,,,,,,,
2778.374109855229,0.01298333333889403,0.04276194239976948,0.0030857659950280065,0.07046585234007467,0.008634224208858007,0.0004383258828859915,0.03855061747356771,0.009834177353048666,0.0004759957816183328,,,,,,,,,
2782.0841030409583,0.012952897831493792,0.04265670233987864,0.0030782339293277334,0.07024072376383902,0.008611931631580598,0.00043731024642405363,0.03836655267005295,0.009803267407851311,0.0004749013104942211,,,,,,,,,
2785.799050220962,0.01292253367095701,0.04255172128296069,0.0030707202486941905,0.0700163144420247,0.008589696611182626,0.0004362969632738034,0.03818336670724474,0.009772454616150186,0.000473809355919811,,,,,,,,,
2789.5189580103665,0.012892240690032456,0.042446998591591525,0.003063224908251143,0.0697926220767138,0.008567518999058799,0.00043528602798242633,0.03800105538900658,0.009741738672580671,0.0004727199121087227,,,,,,,,,
2793.2438330331233,0.012862018721861044,0.042342533629916024,0.0030557478632319106,0.0695696443773305,0.00854539864698755,0.00043427743510974473,0.03781961453923753,0.009711119272738062,0.00047163297328788663,,,,,,,,,
2796.9736819220384,0.012831867599974763,0.04223832576364362,0.003048289068979071,0.0693473790606165,0.00852333540712997,0.00043327117922818404,0.03763904000177541,0.009680596113174322,0.0004705485336975034,,,,,,,,,
2800.708511318763,0.012801787158295913,0.04213437436004519,0.00304084848094422,0.0691258238506088,0.008501329132028885,0.00043226725492274883,0.037459327640302686,0.009650168891395269,0.0004694665875910198,,,,,,,,,
2804.4483278738307,0.012771777231136037,0.04203067878794839,0.003033426054687679,0.06890497647861503,0.008479379674607799,0.0004312656567909873,0.03728047333825072,0.009619837305857443,0.00046838712923509383,,,,,,,,,
2808.193138246644,0.012741837653195141,0.04192723841773452,0.003026021745878248,0.06868483468319167,0.00845748688817,0.0004302663794429684,0.037102472998706296,0.009589601055965189,0.00046731015290956736,,,,,,,,,
2811.9429491055002,0.01271196825956073,0.04182405262133437,0.003018635510292949,0.06846539621012006,0.008435650626397501,0.00042926941750124904,0.03692532254431744,0.009559459842067698,0.00046623565290743673,,,,,,,,,
2815.6977671276077,0.012682168885706831,0.04172112077222429,0.0030112673038167163,0.06824665881238297,0.008413870743350083,0.00042827476560084436,0.036749017917199624,0.009529413365455902,0.0004651636235348157,,,,,,,,,
2819.4575989990803,0.012652439367493242,0.041618442245422785,0.0030039170824421994,0.06802862025014274,0.008392147093464355,0.00042728241838920394,0.036573555078843724,0.009499461328359726,0.00046409405911091583,,,,,,,,,
2823.2224514149725,0.012622779541164449,0.04151601641748622,0.00299658480226944,0.06781127829071709,0.00837047953155272,0.00042629237052617603,0.03639893001002246,0.00946960343394491,0.00046302695396800513,,,,,,,,,
2826.9923310792647,0.012593189243348905,0.04141384266650559,0.002989270419505653,0.06759463070855741,0.008348867912802477,0.0004253046166839861,0.036225138710699406,0.00943983938631026,0.0004619623024513888,,,,,,,,,
2830.767244704903,0.012563668311057931,0.041311920372102136,0.002981973890464932,0.06737867528522483,0.008327312092774767,0.00042431915154720083,0.036052177199936274,0.009410168890484584,0.00046090009891937007,,,,,,,,,
2834.5471990137853,0.012534216581685048,0.041210248915424186,0.002974695171568019,0.06716340980936869,0.00830581192740373,0.0004233359698127067,0.0358800415158028,0.009380591652423864,0.0004598403377432269,,,,,,,,,
2838.3322007367956,0.012504833893004842,0.041108827679142854,0.002967434219342015,0.0669488320767026,0.008284367272995368,0.000422355066189675,0.035708727715284924,0.009351107379008223,0.0004587830133071774,,,,,,,,,
2842.122256613796,0.012475520083172282,0.0410076560474488,0.002960190990420147,0.06673493988998333,0.008262977986226789,0.00042137643539953836,0.03553823187419554,0.009321715778039197,0.00045772812000835435,,,,,,,,,
2845.917373393658,0.01244627499072166,0.040906733406047904,0.0029529654415414806,0.06652173105898677,0.008241643924145043,0.0004204000721759582,0.03536855008708355,0.009292416558236618,0.00045667565225677125,,,,,,,,,
2849.717557834256,0.012417098454565841,0.04080605914215827,0.002945757529550702,0.06630920340048695,0.00822036494416637,0.0004194259712648014,0.03519967846714543,0.009263209429235964,0.0004556256044752969,,,,,,,,,
2853.5228167024975,0.012387990313995245,0.0407056326445057,0.002938567211397803,0.0660973547382324,0.00819914090407504,0.00041845412742410573,0.03503161314613518,0.009234094101585252,0.00045457797109962173,,,,,,,,,
2857.3331567743176,0.012358950408677077,0.04060545330332063,0.002931394444137884,0.0658861829029249,0.008177971662022587,0.00041748453542405755,0.03486435027427665,0.009205070286742343,0.0004535327465782314,,,,,,,,,
2861.1485848347006,0.012329978578654397,0.04050552051033421,0.002924239184930861,0.06567568573219683,0.008156857076526781,0.00041651719004696106,0.034697886020174894,0.009176137697072042,0.00045248992537237767,,,,,,,,,
2864.969107677699,0.012301074664345178,0.040405833658774336,0.00291710139104121,0.06546586107058863,0.008135797006470609,0.00041555208608720824,0.03453221657072807,0.00914729604584313,0.0004514495019560449,,,,,,,,,
2868.7947321064244,0.012272238506541558,0.04030639214336251,0.002909981019837734,0.06525670676952772,0.0081147913111015,0.0004145892183512549,0.034367338131040995,0.009118545047225736,0.00045041147081592597,,,,,,,,,
2872.625464933087,0.012243469946408821,0.040207195360309596,0.0029028780287932827,0.06504822068730519,0.0080938398500302,0.0004136285816575889,0.03420324692433717,0.009089884416288265,0.0004493758264513888,,,,,,,,,
2876.4613129789795,0.01221476882548466,0.04010824270731268,0.002895792375484522,0.06484040068905542,0.008072942483230013,0.00041267017083670656,0.034039939191873286,0.009061313868994812,0.0004483425633744508,,,,,,,,,
2880.302283074516,0.012186134985678164,0.040009533583550874,0.0028887240175916543,0.06463324464673256,0.008052099071035683,0.0004117139807310793,0.03387741119285219,0.009032833122202122,0.0004473116761097464,,,,,,,,,
2884.148382059219,0.012157568269269088,0.03991106738968224,0.002881672912898204,0.06442675043909031,0.008031309474142644,0.00041076000619513233,0.03371565920433808,0.009004441893656973,0.0004462831591945014,,,,,,,,,
2887.999616781756,0.012129068518906846,0.039812843527839606,0.0028746390192907114,0.06422091595165882,0.008010573553605932,0.0004098082420952101,0.033554679521170305,0.008976139901993243,0.0004452570071785006,,,,,,,,,
2891.8559940999276,0.01210063557760979,0.03971486140162745,0.0028676222947585446,0.0640157390767243,0.00798989117083936,0.0004088586833095555,0.033394468455879456,0.008947926866729228,0.0004442332146240624,,,,,,,,,
2895.717520880704,0.012072269288764172,0.0396171204161177,0.002860622697393582,0.0638112177133061,0.007969262187614531,0.00040791132472827607,0.033235022338601934,0.008919802508264735,0.0004432117761060059,,,,,,,,,
2899.584204000212,0.012043969496123491,0.03951961997784682,0.0028536401853900277,0.06360734976713668,0.007948686466059961,0.0004069661612533215,0.03307633751699686,0.008891766547878486,0.0004421926862116282,,,,,,,,,
2903.456050343774,0.012015736043807398,0.03942235949481146,0.0028466747170441064,0.06340413315063867,0.007928163868660099,0.0004060231877984519,0.032918410356161394,0.008863818707725147,0.000441175939540667,,,,,,,,,
2907.333066805895,0.011987568776301057,0.03932533837646547,0.0028397262507538464,0.06320156578290469,0.00790769425825449,0.0004050823992892148,0.032761237238548443,0.008835958710832773,0.00044016153070528137,,,,,,,,,
2911.215260290289,0.011959467538454172,0.039228556033716076,0.0028327947450188344,0.06299964558967563,0.007887277498036789,0.00040414379066291544,0.03260481456388327,0.00880818628109995,0.0004391494543300172,,,,,,,,,
2915.1026377098947,0.011931432175480072,0.039132011878920105,0.0028258801584399268,0.06279837050331884,0.007866913451553851,0.00040320735686858757,0.03244913874908079,0.008780501143293025,0.0004381397050517792,,,,,,,,,
2918.995205986872,0.011903462532955059,0.03903570532588087,0.0028189824497190656,0.06259773846280804,0.007846601982704874,0.00040227309286697147,0.03229420622816427,0.008752903023043535,0.00043713227751980565,,,,,,,,,
2922.892972052635,0.011875558456817313,0.03893963578984409,0.0028121015776589636,0.06239774741370114,0.007826342955740414,0.000401340993630481,0.032140013452182724,0.008725391646845285,0.000436127166395636,,,,,,,,,
2926.7959428478416,0.011847719793366268,0.0388438026874949,0.0028052375011629266,0.062198395308120234,0.007806136235261552,0.00040041105414318135,0.03198655688913054,0.008697966742051842,0.00043512436635308643,,,,,,,,,
2930.7041253224297,0.011819946389261581,0.038748205436953675,0.0027983901792345387,0.06199968010472948,0.007785981686218915,0.00039948326940075817,0.03183383302386563,0.00867062803687363,0.0004341238720782176,,,,,,,,,
2934.617526435606,0.011792238091522442,0.03865284345777316,0.0027915595709774844,0.061801599768715514,0.007765879173911874,0.0003985576344104951,0.03168183835802992,0.008643375260375445,0.0004331256782693121,,,,,,,,,
2938.5361531558806,0.011764594747526586,0.038557716170934356,0.002784745635595249,0.061604152271765224,0.007745828563987494,0.0003976341441912413,0.031530569409968186,0.008616208142473563,0.0004321297796368381,,,,,,,,,
2942.4600124610583,0.011737016205009597,0.038462822998843516,0.002777948332390913,0.0614073355920463,0.007725829722439819,0.00039671279377339073,0.03138002271464925,0.008589126413933236,0.00043113617090343153,,,,,,,,,
2946.389111338272,0.011709502312063925,0.038368163365328084,0.002771167620766883,0.06121114771418536,0.007705882515608787,0.0003957935781988491,0.031230194823585748,0.00856212980636591,0.0004301448468038573,,,,,,,,,
2950.3234567839763,0.011682052917138178,0.0382737366956338,0.002764403460224665,0.06101558662924823,0.007685986810179509,0.0003948764925210134,0.031081082304755862,0.008535218052226621,0.0004291558020849914,,,,,,,,,
2954.263055803969,0.011654667869036224,0.03817954241642087,0.002757655810364631,0.06082065033471902,0.007666142473181269,0.0003939615318047409,0.030932681742524424,0.008508390884811366,0.0004281690315057865,,,,,,,,,
2958.2079154134103,0.011627347016916317,0.038085579955760264,0.0027509246308857357,0.06062633683447921,0.007646349371986643,0.00039304869112632296,0.030784989737564276,0.008481648038254337,0.0004271845298372454,,,,,,,,,
2962.1580426368164,0.011600090210290383,0.03799184874313086,0.002744209881585335,0.060432644138788134,0.007626607374310696,0.0003921379655734622,0.030638002906779278,0.008454989247525474,0.0004262022918623959,,,,,,,,,
2966.113444508096,0.011572897299023052,0.03789834820941533,0.002737511522358895,0.06023957026426146,0.007606916348209955,0.0003912293502452404,0.030491717883225827,0.008428414248427645,0.00042522231237625903,,,,,,,,,
2970.074128070538,0.01154576813333097,0.03780507778689727,0.002730829513199786,0.06004711323385218,0.007587276162081699,0.00039032284025209834,0.030346131316036667,0.008401922777594188,0.0004242445861858274,,,,,,,,,
2974.040100376847,0.011518702563781834,0.03771203690925712,0.0027241638141990198,0.05985527107682898,0.007567686684662903,0.0003894184307158029,0.030201239870343243,0.008375514572486187,0.00042326910811002916,,,,,,,,,
2978.0113684891353,0.011491700441293719,0.03761922501156947,0.0027175143855450333,0.05966404182875739,0.007548147785029536,0.0003885161167694277,0.030057040227200193,0.008349189371389962,0.00042229587297971076,,,,,,,,,
2981.9879394789564,0.011464761617134084,0.03752664153029884,0.0027108811875234287,0.05947342353147848,0.007528659332595506,0.0003876158935573205,0.02991352908350843,0.00832294691341436,0.0004213248756375989,,,,,,,,,
2985.9698204272936,0.011437885942919154,0.03743428590329698,0.002704264180516759,0.059283414233089866,0.0075092211971119665,0.00038671775623508184,0.029770703151940404,0.00829678693848833,0.00042035611093828345,,,,,,,,,
2989.9570184245986,0.01141107327061288,0.03734215756979884,0.0026976633250042677,0.05909401198792475,0.007489833248666295,0.0003858216999695354,0.02962855916086386,0.008270709187358154,0.0004193895737481817,,,,,,,,,
2993.949540570779,0.011384323452526357,0.03725025597041974,0.0026910785815616764,0.05890521485653297,0.007470495357681326,0.0003849277199387064,0.029487093854267798,0.008244713401585082,0.00041842525894551704,,,,,,,,,
2997.9473939752343,0.01135763634131678,0.037158580547151356,0.0026845099108609234,0.05871702090566002,0.00745120739491442,0.0003840358113317897,0.02934630399168704,0.00821879932354257,0.0004174631614202876,,,,,,,,,
3001.950585756849,0.011331011789986812,0.037067130743358954,0.00267795727366996,0.05852942820822844,0.00743196923145664,0.0003831459693491297,0.029206186348128726,0.008192966696413876,0.0004165032760742421,,,,,,,,,
3005.959123044013,0.011304449651883732,0.036975906003777655,0.002671420630852491,0.058342434843317414,0.007412780738731909,0.0003822581892021919,0.029066737713998137,0.008167215264189485,0.0004155455978208535,,,,,,,,,
3009.973012974644,0.011277949780698506,0.03688490577450891,0.002664899943367744,0.058156038896142764,0.00739364178849604,0.00038137246611353524,0.028927954895024848,0.00814154477166447,0.00041459012158528606,,,,,,,,,
3013.9922626961798,0.011251512030465175,0.03679412950301765,0.0026583951722702515,0.05797023845803838,0.007374552252836043,0.0003804887953167904,0.028789834712190335,0.008115954964436142,0.0004136368423043778,,,,,,,,,
3018.0168793656126,0.011225136255559879,0.03670357663812838,0.0026519062787095983,0.05778503162643553,0.007355512004169126,0.0003796071720566302,0.028652374001654244,0.008090445588901323,0.00041268575492660374,,,,,,,,,
3022.0468701494806,0.011198822310700194,0.03661324663002233,0.00264543322393021,0.05760041650484444,0.007336520915241935,0.0003787275915887485,0.028515569614682802,0.008065016392254046,0.00041173685441205847,,,,,,,,,
3026.0822422239034,0.011172570050944202,0.036523138930233574,0.0026389759692710965,0.05741639120283385,0.007317578859129644,0.0003778500491798292,0.028379418417575863,0.008039667122482845,0.00041079013573242163,,,,,,,,,
3030.123002774571,0.011146379331689825,0.03643325299164635,0.0026325344761656587,0.05723295383601268,0.007298685709235158,0.00037697454010752666,0.02824391729159592,0.008014397528368425,0.00040984559387093685,,,,,,,,,
3034.1691589967804,0.01112025000867389,0.036343588268491024,0.0026261087061414047,0.05705010252600963,0.0072798413392882065,0.00037610105966043414,0.028109063132895892,0.00798920735948106,0.0004089032238223812,,,,,,,,,
3038.2207180954238,0.011094181937971476,0.036254144216341454,0.002619698620819782,0.0568678354004552,0.007261045623344593,0.0003752296031380648,0.027974852852448787,0.00796409636617819,0.000407963020593042,,,,,,,,,
3042.2776872850277,0.011068174975994985,0.036164920292111116,0.002613304181915885,0.0566861505929612,0.007242298435785213,0.00037436016585082056,0.027841283375976165,0.007939064299601853,0.00040702497920068714,,,,,,,,,
3046.340073789739,0.01104222897949348,0.036075915954050304,0.0026069253512382875,0.05650504624310283,0.007223599651315384,0.00037349274311997133,0.027708351643878547,0.00791411091167636,0.000406089094674542,,,,,,,,,
3050.407884843364,0.011016343805551767,0.035987130661742285,0.0026005620906887628,0.05632452049639865,0.007204949144963834,0.0003726273302776261,0.027576054611164472,0.007889235955105652,0.00040515536205525983,,,,,,,,,
3054.481127689359,0.010990519311589725,0.035898563876100624,0.00259421436226209,0.056144571504292314,0.007186346792082024,0.0003717639226667117,0.027444389247381483,0.007864439183371041,0.00040422377639489764,,,,,,,,,
3058.5598095808514,0.010964755355361467,0.035810215059365554,0.0025878821280458154,0.05596519742413342,0.007167792468343214,0.0003709025156409458,0.027313352536546393,0.00783972035072864,0.0004032943327568909,,,,,,,,,
3062.6439377806646,0.01093905179495451,0.03572208367510056,0.0025815653502200145,0.05578639641915818,0.00714928604974164,0.0003700431045648095,0.02718294147707591,0.007815079212206923,0.00040236702621602316,,,,,,,,,
3066.7335195613073,0.010913408488789115,0.03563416918818962,0.002575263991057099,0.05560816665847153,0.007130827412591765,0.00036918568481352794,0.02705315308171861,0.00779051552360442,0.00040144185185840483,,,,,,,,,
3070.828562205011,0.010887825295617342,0.03554647106483342,0.0025689780129215427,0.05543050631702727,0.007112416433527313,0.0003683302517730395,0.02692398437748565,0.007766029041487123,0.0004005188047814434,,,,,,,,,
3074.9290730037205,0.010862302074522472,0.035458988772546614,0.002562707378269714,0.05525341357561064,0.007094052989500613,0.0003674768008399755,0.0267954324055835,0.007741619523186256,0.0003995978800938206,,,,,,,,,
3079.0350592591276,0.010836838684918013,0.03537172178015404,0.0025564520496495907,0.05507688662081835,0.007075736957781605,0.000366625327421632,0.026667494221345376,0.007717286726795689,0.0003986790729154632,,,,,,,,,
3083.146528282664,0.010811434986547143,0.03528466955778814,0.0025502119897005964,0.054900923645041254,0.007057468215957185,0.0003657758269359492,0.026540166894164566,0.007693030411169721,0.00039776237837752063,,,,,,,,,
3087.2634873955353,0.010786090839481725,0.035197831576885046,0.002543987161153328,0.05472552284644478,0.007039246641930224,0.00036492829481148126,0.026413447507426524,0.007668850335920514,0.0003968477916223353,,,,,,,,,
3091.385943928711,0.010760806104121733,0.035111207310182024,0.0025377775268293655,0.054550682428951454,0.007021072113918911,0.0003640827264873779,0.026287333158442835,0.0076447462614158595,0.00039593530780342233,,,,,,,,,
3095.513905222964,0.01073558064119432,0.03502479623171372,0.0025315830496410283,0.05437640060222145,0.007002944510455804,0.00036323911741335357,0.02616182095838394,0.007620717948776702,0.00039502492208543584,,,,,,,,,
3099.6473786288534,0.010710414311753182,0.03493859781680947,0.0025254036925911735,0.05420267558163548,0.006984863710387112,0.00036239746304966917,0.026036908032213788,0.00759676515987485,0.000394116629644153,,,,,,,,,
3103.7863715067692,0.01068530697717767,0.03485261154208957,0.002519239418772955,0.05402950558827522,0.006966829592871822,0.00036155775886710184,0.025912591518623122,0.007572887657330509,0.00039321042566643874,,,,,,,,,
3107.93089122692,0.010660258499172143,0.0347668368854626,0.0025130901913696167,0.053856888848906145,0.006948842037380929,0.00036072000034692456,0.02578886856996468,0.0075490852045100735,0.0003923063053502287,,,,,,,,,
3112.0809451693535,0.010635268739765147,0.034681273326122086,0.0025069559736542774,0.05368482359595907,0.006930900923696655,0.0003598841829808815,0.02566573635218763,0.007525357565523669,0.0003914042639044986,,,,,,,,,
3116.236540723985,0.01061033756130861,0.034595920344543035,0.0025008367289896874,0.05351330806751144,0.006913006131911533,0.0003590503022711604,0.02554319204477242,0.007501704505222834,0.0003905042965492396,,,,,,,,,
3120.397685290582,0.010585464826477207,0.03451077742247933,0.0024947324208280377,0.05334234050727037,0.006895157542427765,0.00035821835373037354,0.02542123284066678,0.007478125789198246,0.00038960639851543514,,,,,,,,,
3124.5643862788074,0.010560650398267458,0.03442584404296005,0.0024886430127107188,0.05317191916455358,0.006877355035956283,0.00035738833288152816,0.025299855946220695,0.007454621183777297,0.0003887105650450322,,,,,,,,,
3128.7366511082055,0.010535894139997117,0.0343411196902868,0.0024825684682681236,0.05300204229427245,0.0068595984935160455,0.0003565602352580078,0.025179058581123175,0.007431190456021921,0.0003878167913909213,,,,,,,,,
3132.9144872082393,0.01051119591530428,0.034256603850030105,0.0024765087512194093,0.052832708156913176,0.006841887796433178,0.000355734056403543,0.025058837978337793,0.007407833373726111,0.00038692507281690386,,,,,,,,,
3137.0979020182817,0.010486555588146765,0.034172296009026826,0.0024704638253723018,0.05266391501852002,0.006824222826340236,0.0003549097918721916,0.02493919138404005,0.0073845497054138036,0.00038603540459767596,,,,,,,,,
3141.286902987651,0.010461973022801243,0.03408819565537645,0.0024644336546228583,0.05249566115067641,0.006806603465175353,0.00035408743722831144,0.024820116057553573,0.007361339220336398,0.0003851477820187941,,,,,,,,,
3145.4814975756003,0.010437448083862612,0.03400430227843855,0.0024584182029552737,0.05232794483048834,0.006789029595181538,0.00035326698804654034,0.024701609271288057,0.007338201688470657,0.00038426220037665913,,,,,,,,,
3149.6816932513552,0.010412980636243097,0.03392061536882921,0.0024524174344416395,0.05216076434056577,0.0067715010989057595,0.0003524484399117674,0.024583668310676054,0.007315136880516245,0.00038337865497848386,,,,,,,,,
3153.887497494103,0.010388570545171704,0.03383713441841836,0.002446431313241766,0.051994117969005896,0.00675401785919832,0.00035163178841911454,0.02446629047411155,0.0072921445678936075,0.0003824971411422734,,,,,,,,,
3158.098917793031,0.010364217676193265,0.0337538589203262,0.0024404598036029167,0.05182800400937479,0.006736579759211907,0.00035081702917390755,0.0243494730728873,0.007269224522741601,0.00038161765419679667,,,,,,,,,
3162.3159616473167,0.010339921895167865,0.033670788368920616,0.0024345028698596507,0.05166242076069066,0.006719186682400961,0.0003500041577916573,0.02423321343113391,0.0072463765179152945,0.00038074018948156403,,,,,,,,,
3166.538636566152,0.010315683068270057,0.0335879222598139,0.0024285604764335725,0.0514973665274061,0.006701838512520803,0.00034919316989803295,0.024117508885758265,0.007223600326983726,0.00037986474234680354,,,,,,,,,
3170.7669500687643,0.01029150106198802,0.03350526008985946,0.0024226325878331243,0.05133283961939045,0.006684535133626864,0.00034838406112883813,0.024002356786382264,0.0072008957242275665,0.00037899130815343063,,,,,,,,,
3175.0009096844096,0.010267375743123017,0.03342280135714923,0.0024167191686533915,0.051168838351913194,0.006667276430073987,0.0003475768271299913,0.02388775449528271,0.007178262484637007,0.00037811988227303214,,,,,,,,,
3179.240522952411,0.010243306978788459,0.033340545561010154,0.0024108201835758656,0.051005361045625836,0.00665006228651552,0.0003467714635574967,0.023773699387330205,0.007155700383909436,0.0003772504600878326,,,,,,,,,
3183.4857974221454,0.010219294636409349,0.033258492202001604,0.002404935597368268,0.05084240602654563,0.006632892587902705,0.0003459679660774269,0.023660188849929736,0.007133209198447283,0.0003763830369906786,,,,,,,,,
3187.7367406530834,0.010195338583721406,0.03317664078191182,0.0023990653748842917,0.05067997162603755,0.006615767219483748,0.0003451663303658941,0.02354722028296008,0.0071107887053557155,0.00037551760838500683,,,,,,,,,
3191.9933602147776,0.010171438688770467,0.03309499080375551,0.002393209481063447,0.050518056180798035,0.006598686066803208,0.00034436655210903083,0.023434791098714967,0.007088438682440564,0.0003746541696848251,,,,,,,,,
3196.2556636868994,0.010147594819911631,0.03301354177177017,0.0023873678809307962,0.05035665803283712,0.006581649015701077,0.0003435686270029637,0.023322898721843132,0.007066158908205953,0.0003737927163146843,,,,,,,,,
3200.5236586592314,0.01012380684580866,0.03293229319141367,0.002381540539596799,0.05019577552946233,0.0065646559523121675,0.0003427725507537941,0.023211540589289977,0.007043949161852281,0.0003729332437096573,,,,,,,,,
3204.797352731701,0.010100074635433135,0.03285124456936076,0.002375727422257049,0.05003540702326083,0.006547706763065225,0.00034197831907756986,0.023100714150238205,0.007021809223273858,0.0003720757473153119,,,,,,,,,
3209.076753514376,0.010076398058063839,0.03277039541350046,0.00236992849419212,0.04987555087208345,0.006530801334682245,0.0003411859277002672,0.022990416866049957,0.006999738873056886,0.0003712202225876885,,,,,,,,,
3213.3618686274854,0.01005277698328599,0.03268974523293291,0.00236414372076732,0.04971620543902742,0.0065139395541777174,0.0003403953723577658,0.022880646210208445,0.006977737892477183,0.0003703666649932773,,,,,,,,,
3217.6527057014428,0.010029211280990479,0.032609293537966176,0.0023583730674324914,0.049557369092419264,0.006497121308857785,0.00033960664879582354,0.02277139966825979,0.006955806063498004,0.0003695150700089887,,,,,,,,,
3221.949272376839,0.01000570082137326,0.03252903984011382,0.002352616499721831,0.04939904020579897,0.006480346486319628,0.00033881975277005774,0.022662674737756017,0.006933943168767995,0.00036866543312213723,,,,,,,,,
3226.251576304479,0.00998224547493452,0.03244898365209128,0.002346873983253633,0.04924121715790242,0.006463614974450565,0.00033803468004591847,0.02255446892819709,0.006912148991618876,0.00036781774983041075,,,,,,,,,
3230.559625145372,0.009958845112478059,0.032369124487813476,0.0023411454837301477,0.04908389833264559,0.006446926661427442,0.00033725142639867,0.022446779760974495,0.006890423316063467,0.00036697201564185117,,,,,,,,,
3234.87342657077,0.009935499605110492,0.03228946186239144,0.002335430966937311,0.04892708211910723,0.006430281435715773,0.000336469987613363,0.022339604769313837,0.006868765926793375,0.0003661282260748273,,,,,,,,,
3239.192988262155,0.009912208824240655,0.03220999529212973,0.0023297303987445984,0.04877076691151318,0.006413679186069069,0.00033569035948481716,0.02223294149821895,0.00684717660917703,0.0003652863766580144,,,,,,,,,
3243.5183179112787,0.00988897264157876,0.032130724294523086,0.0023240437451047783,0.04861495110921901,0.006397119801528045,0.0003349125378175931,0.02212678750441507,0.006825655149257396,0.00036444646293036715,,,,,,,,,
3247.849423220152,0.009865790929135799,0.032051648388253966,0.002318370972053734,0.04845963311669469,0.006380603171419924,0.0003341365184259756,0.02202114035629345,0.006804201333749993,0.00036360848044109914,,,,,,,,,
3252.1863119010827,0.009842663559222753,0.03197276709318917,0.002312712045710245,0.04830481134350713,0.006364129185357646,0.00033336229713394546,0.021915997633855055,0.0067828149500406545,0.0003627724247496564,,,,,,,,,
3256.5289916766637,0.009819590404449996,0.03189407993037733,0.002307066932275799,0.04815048420430493,0.0063476977332391875,0.0003325898697751614,0.02181135692865576,0.006761495786183562,0.0003619382914256966,,,,,,,,,
3260.8774702798137,0.009796571337726462,0.03181558642204562,0.0023014355980343756,0.047996650118801255,0.00633130870524676,0.0003318192321929343,0.021707215843750544,0.006740243630898983,0.00036110607604906243,,,,,,,,,
3265.2317554537663,0.009773606232259039,0.0317372860915972,0.002295818009352255,0.04784330751175837,0.006314961991846153,0.00033105038024020797,0.02160357199363913,0.0067190582735713305,0.00036027577420976223,,,,,,,,,
3269.5918549520957,0.009750694961551875,0.03165917846360816,0.002290214132677824,0.04769045481297119,0.0062986574837859384,0.0003302833097795354,0.02150042300421115,0.00669793950424698,0.0003594473815079433,,,,,,,,,
3273.9577765387394,0.009727837399405588,0.03158126306382446,0.0022846239345413423,0.04753809045725092,0.006282395072096754,0.0003295180166830543,0.021397766512691457,0.006676887113632199,0.00035862089355386873,,,,,,,,,
3278.3295279879885,0.009705033419916685,0.03150353941915951,0.0022790473815547927,0.04738621288440977,0.006266174648090607,0.0003287544968324697,0.02129560016758659,0.006655900893091127,0.00035779630596789676,,,,,,,,,
3282.7071170845284,0.009682282897476762,0.03142600705769073,0.0022734844404116348,0.04723482053924401,0.006249996103360092,0.0003279927461190267,0.021193921628630284,0.006634980634643612,0.00035697361438045424,,,,,,,,,
3287.0905516234266,0.009659585706771948,0.03134866550865724,0.002267935077886639,0.04708391187151914,0.006233859329777752,0.00032723276044349225,0.021092728566730487,0.006614126130963285,0.0003561528144320166,,,,,,,,,
3291.479839410172,0.009636941722782025,0.03127151430245649,0.002262399260835666,0.0469334853359529,0.006217764219495233,0.00032647453571613014,0.02099201866391538,0.006593337175375344,0.0003553339017730818,,,,,,,,,
3295.874988260665,0.00961435082077995,0.031194552970641894,0.002256876956195487,0.04678353939220046,0.006201710664942707,0.00032571806785668247,0.020891789613280896,0.00657261356185467,0.0003545168720641503,,,,,,,,,
3300.276006001253,0.009591812876330994,0.031117781045919498,0.0022513681309835687,0.04663407250483776,0.006185698558828005,0.0003249633527943432,0.020792039118937265,0.006551955085023628,0.00035370172097569857,,,,,,,,,
3304.6829004687224,0.00956932776529217,0.031041198062145628,0.002245872752297895,0.04648508314334664,0.006169727794136048,0.0003242103864677413,0.02069276489595706,0.0065313615401501835,0.00035288844418816096,,,,,,,,,
3309.0956795103375,0.009546895363811463,0.030964803554323614,0.0022403907873167466,0.04633656978209822,0.006153798264127984,0.00032345916482491333,0.020593964670322207,0.0065108327231457284,0.00035207703739189997,,,,,,,,,
3313.5143509838276,0.009524515548327256,0.030888597058601364,0.00223492220329854,0.04618853090033837,0.006137909862340617,0.0003227096838232876,0.02049563617887252,0.006490368430563181,0.00035126749628719184,,,,,,,,,
3317.938922757428,0.009502188195567519,0.030812578112268164,0.0022294669675815846,0.046040964982171,0.006122062482585575,0.0003219619394296569,0.02039777716925326,0.006469968459594883,0.00035045981658419475,,,,,,,,,
3322.3694027098695,0.009479913182549224,0.030736746253752216,0.0022240250475839365,0.04589387051654346,0.006106256018948674,0.00032121592762016023,0.020300385399864077,0.0064496326080706375,0.0003496539940029344,,,,,,,,,
3326.8057987304046,0.00945769038657767,0.03066110102261769,0.002218596410803172,0.045747245997230734,0.006090490365789211,0.0003204716443802613,0.02020345863980739,0.006429360674455718,0.00034885002427327604,,,,,,,,,
3331.248118718831,0.009435519685245718,0.030585641959561715,0.002213181024816199,0.045601089922819624,0.0060747654177391724,0.0003197290857047234,0.020106994668837162,0.006409152457848786,0.0003480479031349027,,,,,,,,,
3335.696370585479,0.009413400956433223,0.030510368606412094,0.0022077788572790755,0.04545540079669416,0.006059081069702671,0.00031898824759759307,0.020010991277308435,0.006389007757980012,0.00034724762633729466,,,,,,,,,
3340.1505622512586,0.009391334078306269,0.030435280506123933,0.0022023898759267998,0.04531017712701947,0.0060434372168550856,0.00031824912607217304,0.01991544626612622,0.006368926375209001,0.00034644918963970376,,,,,,,,,
3344.610701647641,0.009369318929316604,0.030360377202777393,0.002197014048573134,0.04516541742672726,0.0060278337546425115,0.00031751171715100614,0.019820357446695663,0.006348908110522887,0.00034565258881113576,,,,,,,,,
3349.0767967167017,0.00934735538820085,0.030285658241574497,0.002191651343110393,0.04502112021349984,0.006012270578780941,0.0003167760168658491,0.019725722640871354,0.006328952765534273,0.0003448578196303206,,,,,,,,,
3353.548855411109,0.009325443333979935,0.030211123168836746,0.0021863017275092827,0.04487728400975571,0.0059967475852556445,0.00031604202125765497,0.019631539680907993,0.006309060142479384,0.0003440648778856989,,,,,,,,,
3358.026885694163,0.00930358264595834,0.030136771532001953,0.0021809651698186626,0.04473390734263359,0.005981264670320423,0.00031530972637654864,0.019537806409410163,0.006289230044215964,0.0003432737593753906,,,,,,,,,
3362.510895539785,0.009281773203723552,0.03006260287962194,0.0021756416381654106,0.044590988743978245,0.005965821730496964,0.0003145791282818094,0.019444520679283518,0.0062694622742214745,0.0003424844599071811,,,,,,,,,
3367.0008929325563,0.009260014887145255,0.02998861676135938,0.002170331100754176,0.04444852675032458,0.005950418662574097,0.00031385022304184493,0.019351680353684973,0.006249756636590992,0.00034169697529849225,,,,,,,,,
3371.4968858677075,0.009238307576374795,0.02991481272798544,0.0021650335258672428,0.04430651990288345,0.005935055363607159,0.0003131230067341754,0.01925928330597436,0.006230112936035423,0.00034091130137636484,,,,,,,,,
3375.9988823511576,0.009216651151844417,0.029841190331376687,0.002159748881864297,0.04416496674752596,0.0059197317309172435,0.0003123974754454069,0.01916732741966515,0.006210530977879419,0.0003401274339774331,,,,,,,,,
3380.506890399507,0.009195045494266713,0.029767749124512678,0.0021544771371822618,0.044023865834769235,0.005904447662090589,0.00031167362527121566,0.01907581058837645,0.006191010568059555,0.00033934536894790517,,,,,,,,,
3385.02091804006,0.009173490484633883,0.029694488661473152,0.002149218260335113,0.04388321571976129,0.005889203054977836,0.00031095145231632335,0.018984730715784548,0.006171551513122392,0.0003385651021435413,,,,,,,,,
3389.5409733108513,0.009151986004217074,0.029621408497435085,0.002143972219913657,0.04374301496226597,0.005873997807693348,0.00031023095269447663,0.018894085715574688,0.00615215362022247,0.00033778662942962726,,,,,,,,,
3394.0670642606333,0.009130531934565832,0.029548508188670438,0.002138738984585395,0.04360326212664887,0.005858831818614573,0.0003095121225284289,0.018803873511393777,0.006132816697120545,0.00033700994668096017,,,,,,,,,
3398.599198948921,0.00910912815750727,0.029475787292543007,0.002133518523094281,0.04346395578186178,0.0058437049863813055,0.00030879495794991496,0.018714092036802243,0.006113540552181529,0.0003362350497818181,,,,,,,,,
3403.1373854459775,0.009087774555145632,0.029403245367506138,0.002128310804260586,0.043325094501428955,0.0058286172098950895,0.0003080794550996354,0.018624739235227266,0.006094324994372716,0.00033546193462594636,,,,,,,,,
3407.6816318328556,0.009066471009861448,0.02933088197309966,0.002123115796980671,0.043186676863431625,0.005813568388318424,0.0003073656101272304,0.018535813059915127,0.00607516983326181,0.00033469059711652914,,,,,,,,,
3412.2319462013857,0.009045217404311025,0.029258696669947612,0.002117933470226828,0.043048701450494234,0.005798558421074236,0.0003066534191912643,0.018447311473884856,0.006056074879015093,0.0003339210331661722,,,,,,,,,
3416.788336654216,0.009024013621425698,0.02918668901975514,0.0021127637930470765,0.04291116684976917,0.005783587207845055,0.00030594287845920026,0.018359232449881042,0.006037039942395468,0.00033315323869687833,,,,,,,,,
3421.3508113048015,0.009002859544411298,0.02911485858530628,0.002107606734564996,0.042774071652923074,0.005768654648572492,0.00030523398410738317,0.018271573970327918,0.006018064834760699,0.0003323872096400282,,,,,,,,,
3425.919378277444,0.008981755056747384,0.0290432049304609,0.002102462263979523,0.042637414456121535,0.005753760643456427,0.0003045267323210161,0.018184334027282655,0.005999149368061401,0.0003316229419363564,,,,,,,,,
3430.4940457072853,0.008960700042186683,0.02897172762015237,0.002097330350564781,0.04250119386001563,0.0057389050929544634,0.000303821119294143,0.018097510622389765,0.005980293354839311,0.00033086043153593154,,,,,,,,,
3435.0748217403275,0.008939694384754464,0.02890042622038479,0.0020922109636699014,0.04236540846972707,0.005724087897781213,0.0003031171412296263,0.01801110176683517,0.0059614966082253435,0.00033009967439813563,,,,,,,,,
3439.661714533462,0.008918737968747804,0.02882930029823022,0.0020871040727188104,0.042230056894833695,0.005709308958907578,0.00030241479433912506,0.017925105481300448,0.005942758941937753,0.00032934066649163913,,,,,,,,,
3444.2547322544588,0.008897830678735055,0.028758349421826375,0.00208200964721009,0.042095137749356054,0.005694568177560214,0.0003017140748430786,0.01783951979591793,0.005924080170280329,0.0003285834037943837,,,,,,,,,
3448.8538830820075,0.008876972399555124,0.028687573160373594,0.002076927656716757,0.04196064965174219,0.005679865455220724,0.00030101497897068165,0.017754342750225083,0.005905460108140475,0.0003278278822935577,,,,,,,,,
3453.459175205705,0.008856163016316934,0.028616971084132664,0.0020718580708861084,0.041826591224854465,0.005665200693625149,0.0003003175029598677,0.017669572393120114,0.005886898570987495,0.00032707409798557745,,,,,,,,,
3458.0706168260976,0.00883540241439868,0.028546542764421794,0.0020668008594395197,0.04169296109595461,0.005650573794763164,0.0002996216430572858,0.017585206782816738,0.005868395374870618,0.00032632204687606367,,,,,,,,,
3462.6882161546687,0.008814690479447293,0.028476287773614394,0.002061755992172284,0.04155975789669047,0.005635984660877559,0.0002989273955182838,0.017501243986800242,0.005849950336417325,0.0003255717249798227,,,,,,,,,
3467.3119814138795,0.008794027097377727,0.028406205685136108,0.0020567234389534113,0.04142698026308111,0.005621433194463477,0.00029823475660688406,0.017417682081782692,0.005831563272831392,0.00032482312832082284,,,,,,,,,
3471.9419208371573,0.008773412154372447,0.028336296073462598,0.002051703169725467,0.04129462683550384,0.005606919298267834,0.0002975437225957676,0.017334519153659383,0.005813234001891192,0.00032407625293217593,,,,,,,,,
3476.578042668938,0.008752845536880629,0.028266558514116556,0.002046695154504374,0.0411626962586793,0.0055924428752886215,0.0002968542897662498,0.017251753297464503,0.005794962341947811,0.0003233310948561134,,,,,,,,,
3481.220355164652,0.008732327131617732,0.02819699258366556,0.0020416993633792604,0.04103118718165844,0.005578003828774302,0.0002961664544082647,0.017169382617327984,0.00577674811192331,0.00032258765014396947,,,,,,,,,
3485.8688665907666,0.008711856825564707,0.028127597859719095,0.0020367157665122405,0.04090009825780799,0.005563602062223114,0.0002954802128203409,0.017087405226431575,0.005758591131308849,0.00032184591485615396,,,,,,,,,
3490.5235852247783,0.00869143450596747,0.028058373920926305,0.002031744334138281,0.04076942814479722,0.005549237479382467,0.00029479556130958457,0.017005819246966092,0.005740491220162997,0.0003211058850621385,,,,,,,,,
3495.184519355235,0.00867106006033628,0.027989320346973313,0.002026785036564994,0.04063917550458394,0.0055349099842482985,0.00029411249619165934,0.016924622810088157,0.005722448199109898,0.00032036755684043103,,,,,,,,,
3499.8516772817643,0.008650733376445048,0.027920436718580525,0.0020218378441724636,0.04050933900340059,0.005520619481064385,0.00029343101379076375,0.01684381405587725,0.005704461889337449,0.00031963092627855543,,,,,,,,,
3504.5250673150617,0.008630454342330797,0.027851722617500418,0.0020169027274130817,0.04037991731174117,0.005506365874321762,0.0002927511104396159,0.016763391133293514,0.0056865321125956205,0.00031889598947303316,,,,,,,,,
3509.2046977769346,0.008610222846292979,0.027783177626514582,0.0020119796568113554,0.04025090910434684,0.005492149068758035,0.00029207278247942874,0.016683352200134886,0.005668658691194615,0.00031816274252935965,,,,,,,,,
3513.8905770002875,0.008590038776892956,0.027714801329431635,0.0020070686029637465,0.040122313060193246,0.00547796896935679,0.0002913960262598955,0.016603695422995363,0.005650841448003159,0.00031743118156198644,,,,,,,,,
3518.582713329167,0.008569902022953255,0.027646593311084273,0.0020021695365384775,0.03999412786247606,0.005463825481346911,0.0002907208381391652,0.01652441897722252,0.005633080206446684,0.00031670130269429754,,,,,,,,,
3523.281115118747,0.008549812473557078,0.02757855315732713,0.001997282428275384,0.039866352198598375,0.005449718510201994,0.00029004721448382695,0.016445521046876237,0.005615374790505672,0.0003159731020585933,,,,,,,,,
3527.9857907353726,0.008529770018047588,0.027510680455033895,0.0019924072489857,0.03973898476015649,0.005435647961639661,0.0002893751516688873,0.016366999824686566,0.00559772502471379,0.00031524657579606343,,,,,,,,,
3532.696748556546,0.008509774546027414,0.027442974792095187,0.001987543969551932,0.03961202424292723,0.005421613741621007,0.000288704646077754,0.016288853512012834,0.005580130734156283,0.00031452172005677436,,,,,,,,,
3537.413996970971,0.008489825947357914,0.027375435757415637,0.0019826925609276328,0.0394854693468538,0.005407615756349864,0.0002880356941022128,0.016211080318801984,0.005562591744468109,0.00031379853099964086,,,,,,,,,
3542.1375443785373,0.00846992411215868,0.027308062940911815,0.0019778529941372803,0.0393593187760334,0.005393653912272298,0.00028736829214241196,0.01613367846354802,0.005545107881832323,0.0003130770047924131,,,,,,,,,
3546.8673991903665,0.008450068930806841,0.027240855933509365,0.00197302524027606,0.03923357123870298,0.005379728116075857,0.00028670243660683874,0.016056646173250734,0.005527678972978277,0.00031235713761165035,,,,,,,,,
3551.603569828801,0.008430260293936554,0.027173814327140805,0.00196820927050972,0.0391082254472268,0.005365838274689061,0.0002860381239123042,0.015979981683375524,0.005510304845179946,0.00031163892564270456,,,,,,,,,
3556.3460647274283,0.008410498092438325,0.02710693771474294,0.0019634050560743952,0.03898328011808299,0.005351984295280728,0.0002853753504839211,0.015903683237812764,0.0054929853262542195,0.0003109223650796987,,,,,,,,,
3561.09489233111,0.008390782217458414,0.02704022569025426,0.0019586125682764127,0.038858733971849996,0.005338166085259309,0.00028471411275508466,0.015827749088837433,0.00547572024455913,0.00031020745212550555,,,,,,,,,
3565.850061095968,0.008371112560398308,0.02697367784861278,0.0019538317784921614,0.03873458573319424,0.005324383552272377,0.0002840544071674561,0.01575217749706946,0.0054585094289922595,0.0003094941829917311,,,,,,,,,
3570.6115794894317,0.008351489012914015,0.026907293785753194,0.0019490626581678736,0.03861083413085632,0.005310636604205888,0.00028339623017093943,0.01567696673143346,0.00544135270898893,0.0003087825538986888,,,,,,,,,
3575.3794559902217,0.008331911466915566,0.02684107309860483,0.0019443051788195027,0.03848747789763864,0.005296925149183687,0.00028273957822366676,0.01560211506911949,0.0054242499145206085,0.0003080725610753866,,,,,,,,,
3580.1536990883956,0.008312379814566333,0.026775015385088828,0.0019395593120325053,0.038364515770391815,0.005283249095566769,0.000282084447791975,0.015527620795543158,0.005407200876093153,0.0003073642007594994,,,,,,,,,
3584.9343172853323,0.008292893948282542,0.02670912024411605,0.0019348250294617167,0.03824194649000238,0.005269608351952792,0.00028143083535039025,0.01545348220430682,0.005390205424745191,0.00030665746919735626,,,,,,,,,
3589.721319093778,0.008273453760732533,0.02664338727558424,0.0019301023028311447,0.03811976880137918,0.005256002827175358,0.00028077873738160605,0.015379697597160001,0.00537326339204637,0.00030595236264391486,,,,,,,,,
3594.514713037832,0.008254059144836335,0.026577816080376085,0.0019253911039338256,0.03799798145344128,0.005242432430303478,0.0002801281503764678,0.015306265283960957,0.005356374610095792,0.00030524887736274543,,,,,,,,,
3599.3145076529886,0.008234709993764933,0.02651240626035627,0.001920691404631639,0.037876583199104454,0.0052288970706409164,0.0002794790708339495,0.015233183582637528,0.005339538911520228,0.0003045470096260083,,,,,,,,,
3604.120711486127,0.008215406200939782,0.026447157418369532,0.001916003176855154,0.037755572795269025,0.005215396657725625,0.00027883149526113977,0.015160450819149036,0.005322756129472586,0.0003038467557144364,,,,,,,,,
3608.9333330955537,0.008196147660032132,0.026382069158237858,0.0019113263926034472,0.037634949002806554,0.005201931101329097,0.0002781854201732182,0.015088065327447504,0.005306026097630133,0.0003031481119173134,,,,,,,,,
3613.7523810509906,0.008176934264962545,0.026317141084758383,0.001906661023943947,0.03751471058654767,0.0051885003114557965,0.00027754084209344093,0.015016025449439871,0.005289348650192942,0.0003024510745324558,,,,,,,,,
3618.5778639336036,0.008157765909900225,0.026252372803700855,0.001902007043012268,0.03739485631526919,0.005175104198342561,0.0002768977575531193,0.014944329534949868,0.005272723621882229,0.00030175563986619374,,,,,,,,,
3623.4097903360293,0.008138642489262441,0.02618776392180514,0.0018973644220120277,0.037275384961681306,0.005161742672457955,0.000276256163091601,0.014872975941680024,0.005256150847938646,0.00030106180423334727,,,,,,,,,
3628.248168862362,0.008119563897714026,0.0261233140467791,0.0018927331332147014,0.03715629530241552,0.005148415644501728,0.0002756160552562542,0.01480196303517444,0.005239630164120768,0.00030036956395721327,,,,,,,,,
3633.0930081282,0.008100530030166682,0.026059022787295872,0.00188811314895944,0.03703758611801149,0.005135123025404174,0.0002749774306024448,0.014731289188780923,0.005223161406703333,0.00029967891536954015,,,,,,,,,
3637.9443167606323,0.008081540781778498,0.02599488975299187,0.0018835044416529187,0.03691925619290527,0.005121864726325573,0.0002743402856935227,0.014660952783614152,0.005206744412475755,0.0002989898548105124,,,,,,,,,
3642.8021033982814,0.008062596047953298,0.025930914554464043,0.0018789069837691586,0.03680130431541609,0.00510864065865556,0.00027370461710079835,0.01459095220851816,0.005190379018740374,0.00029830237862872827,,,,,,,,,
3647.6663766912907,0.00804369572434015,0.02586709680326786,0.0018743207478493767,0.036683729277734646,0.005095450734012572,0.00027307042140352903,0.014521285860029876,0.005174065063310952,0.0002976164831811831,,,,,,,,,
3652.53714530137,0.00802483970683269,0.025803436111914574,0.001869745706501806,0.03656652987591014,0.00508229486424321,0.0002724376951888962,0.014451952142341937,0.0051578023845109955,0.00029693216483324755,,,,,,,,,
3657.4144179017785,0.008006027891568637,0.02573993209386932,0.0018651818324015486,0.03644970490983855,0.00506917296142172,0.0002718064350519905,0.014382949467266582,0.005141590821172203,0.0002962494199586506,,,,,,,,,
3662.298203177373,0.007987260174929147,0.025676584363548263,0.0018606290982903942,0.03633325318324961,0.005056084937849306,0.0002711766375957906,0.014314276254198845,0.005125430212632802,0.00029556824493945805,,,,,,,,,
3667.188509824592,0.00796853645353834,0.025613392536316743,0.0018560874769766827,0.03621717350369544,0.0050430307060536595,0.0002705482994311484,0.014245930930080765,0.005109320398736058,0.0002948886361660557,,,,,,,,,
3672.085346551502,0.007949856624262583,0.02555035622848653,0.001851556941335105,0.0361014646825374,0.005030010178788256,0.0002699214171767664,0.014177911929364939,0.005093261219828562,0.00029421059003712755,,,,,,,,,
3676.9887220777855,0.007931220584210079,0.025487475057313802,0.0018470374643065818,0.035986125534934695,0.005017023269031875,0.00026929598745918345,0.014110217693979016,0.005077252516758766,0.00029353410295964,,,,,,,,,
3681.8986451347682,0.007912628230730233,0.025424748640996687,0.0018425290188980748,0.03587115487983196,0.005004069889987979,0.0002686720069127551,0.014042846673289876,0.005061294130875335,0.00029285917134882025,,,,,,,,,
3686.815124465447,0.007894079461413007,0.02536217659867284,0.001838031578182429,0.035756551539946835,0.004991149955084081,0.000268049472179634,0.013975797324067929,0.005045385904025582,0.0002921857916281372,,,,,,,,,
3691.7381688244777,0.007875574174088526,0.025299758550417422,0.001833545115298224,0.035642314341758546,0.004978263377971273,0.0002674283799097545,0.013909068110452128,0.005029527678553938,0.00029151396022928495,,,,,,,,,
3696.6677869782225,0.007857112266826352,0.025237494117240408,0.001829069603449596,0.03552844211549527,0.004965410072523533,0.00026680872676081196,0.013842657503914394,0.0050137192973003205,0.0002908436735921607,,,,,,,,,
3701.6039877047324,0.007838693637935035,0.025175382921084687,0.0018246050159061026,0.03541493369512275,0.004952589952837266,0.00026619050939824805,0.013776563983225,0.004997960603598677,0.000290174928164849,,,,,,,,,
3706.5467797937968,0.00782031818596147,0.02511342458482342,0.0018201513260025272,0.035301787918331655,0.004939802933230608,0.0002655737244952288,0.013710786034417319,0.004982251441275315,0.0002895077204036001,,,,,,,,,
3711.496172046926,0.007801985809690434,0.025051618732258054,0.001815708507138763,0.03518900362652652,0.0049270489282429745,0.0002649583687326307,0.013645322150753552,0.004966591654647472,0.00028884204677281374,,,,,,,,,
3716.4521732773983,0.007783696408143915,0.02498996498811569,0.0018112765327796087,0.035076579664813,0.004914327852634385,0.0002643444387990191,0.013580170832689803,0.004950981088521658,0.0002881779037450176,,,,,,,,,
3721.4147923102455,0.007765449880580655,0.024928462978047235,0.0018068553764546543,0.03496451488198685,0.0049016396213849706,0.0002637319313906342,0.013515330587842158,0.004935419588192217,0.00028751528780085266,,,,,,,,,
3726.384037982299,0.007747246126495513,0.024867112328624666,0.001802445011758086,0.034852808130521426,0.004888984149694348,0.00026312084321136915,0.013450799930952061,0.004919906999439724,0.00028685419542904877,,,,,,,,,
3731.3599191421786,0.007729085045619,0.024805912667339145,0.0017980454123485519,0.034741458266556516,0.0048763613529810915,0.00026251117097275575,0.013386577383852665,0.004904443168529493,0.0002861946231264123,,,,,,,,,
3736.342444650319,0.007710966537916655,0.0247448636225986,0.0017936565519489965,0.03463046414988638,0.004863771146882176,0.00026190291139394583,0.013322661475434814,0.004889027942210065,0.00028553656739780335,,,,,,,,,
3741.3316233789988,0.007692890503588494,0.02468396482372535,0.0017892784043464975,0.034519824643947844,0.0048512134472523385,0.0002612960612016916,0.013259050741613211,0.004873661167711616,0.0002848800247561181,,,,,,,,,
3746.3274642123283,0.007674856843068538,0.02462321590095415,0.0017849109433921296,0.03440953861580922,0.004838688170163629,0.0002606906171303316,0.0131957437252932,0.004858342692744557,0.00028422499172227176,,,,,,,,,
3751.3299760462955,0.007656865457024156,0.02456261648542956,0.0017805541430007752,0.034299604936157996,0.004826195231904746,0.0002600865759217691,0.013132738976337037,0.004843072365497906,0.0002835714648251779,,,,,,,,,
3756.3391677887525,0.007638916246355612,0.024502166209204167,0.0017762079771510098,0.034190022479290094,0.004813734548980548,0.00025948393432545893,0.013070035051531015,0.004827850034637881,0.0002829194406017326,,,,,,,,,
3761.3550483594618,0.007621009112195439,0.024441864705235863,0.0017718724198849025,0.034080790123097476,0.004801306038111448,0.0002588826890983856,0.013007630514552053,0.004812675549306335,0.00028226891559679306,,,,,,,,,
3766.377626690081,0.007603143955908,0.02438171160738605,0.0017675474453079036,0.033971906749057444,0.004788909616232896,0.00025828283700504934,0.012945523935935163,0.0047975487591193095,0.00028161988636316357,,,,,,,,,
3771.4069117242093,0.007585320679088791,0.024321706550417068,0.001763233027588655,0.03386337124222053,0.004776545200494788,0.00025768437481744606,0.012883713893040329,0.004782469514165481,0.0002809723494615713,,,,,,,,,
3776.442912417373,0.007567539183564075,0.024261849169990284,0.0017589291409588596,0.03375518249119964,0.004764212708260948,0.00025708729931505297,0.012822198970020302,0.004767437665004768,0.00028032630146065506,,,,,,,,,
3781.4856377370725,0.007549799371390183,0.02420213910266353,0.0017546357597131113,0.03364733938815813,0.004751912057108529,0.0002564916072848075,0.012760977757787777,0.004752453062666737,0.0002796817389369398,,,,,,,,,
3786.535096662767,0.007532101144853114,0.02414257598588934,0.001750352858208755,0.03353984082879905,0.004739643164827537,0.0002558972955210939,0.012700048853983521,0.004737515558649245,0.0002790386584748255,,,,,,,,,
3791.591298185922,0.007514444406467847,0.024083159458012253,0.0017460804108657205,0.03343268571235319,0.004727405949420174,0.00025530436082572225,0.012639410862943842,0.004722625004916855,0.0002783970566665634,,,,,,,,,
3796.654251309997,0.007496829058977949,0.024023889158267038,0.0017418183921663795,0.03332587294156837,0.004715200329100404,0.00025471280000791477,0.01257906239566896,0.004707781253899452,0.0002777569301122415,,,,,,,,,
3801.723965050475,0.00747925500535498,0.023964764726776312,0.0017375667766553946,0.03321940142269805,0.004703026222293331,0.0002541226098842861,0.012519002069791054,0.004692984158490764,0.00027711827541976515,,,,,,,,,
3806.800448434887,0.007461722148797883,0.023905785804548274,0.001733325538939553,0.03311327006548974,0.0046908835476346675,0.00025353378727882656,0.012459228509542456,0.004678233572046842,0.0002764810892048382,,,,,,,,,
3811.8837105028056,0.007444230392732606,0.023846952033474773,0.001729094653687632,0.0330074777831745,0.00467877222397022,0.00025294632902288705,0.012399740345724455,0.004663529348384714,0.0002758453680909484,,,,,,,,,
3816.9737603058884,0.0074267796408114236,0.0237882630563288,0.001724874095630234,0.03290202349245517,0.004666692170355299,0.0002523602319551585,0.012340536215675567,0.004648871341780823,0.000275211108709344,,,,,,,,,
3822.0706069078637,0.00740936979691251,0.023729718516762734,0.0017206638395596476,0.03279690611349584,0.004654643306054246,0.0002517754929216591,0.012281614763240705,0.0046342594069696905,0.00027457830769902277,,,,,,,,,
3827.1742593845793,0.007392000765139326,0.02367131805930572,0.0017164638603296852,0.032692124569910275,0.004642625550539797,0.00025119210877571274,0.01222297463873972,0.004619693399142375,0.0002739469617067068,,,,,,,,,
3832.2847268239857,0.0073746724498201886,0.023613061329361935,0.0017122741328555449,0.032587677788751414,0.004630638823492661,0.00025061007637793665,0.012164614498936863,0.004605173173945123,0.0002733170673868317,,,,,,,,,
3837.402018326185,0.0073573847555076346,0.023554947973208087,0.0017080946321136477,0.0324835647004998,0.004618683044800861,0.00025002939259622037,0.012106533007009665,0.004590698587477878,0.0002726886214015236,,,,,,,,,
3842.526143003414,0.007340137586977985,0.023496977637991568,0.0017039253331415018,0.032379784239053244,0.0046067581345593175,0.00024945005430571213,0.012048728832518648,0.004576269496292901,0.0002720616204205845,,,,,,,,,
3847.657109980094,0.00732293084923075,0.023439149971727982,0.0016997662110375376,0.032276335341715354,0.004594864013069213,0.0002488720583887994,0.011991200651376517,0.004561885757393287,0.0002714360611214729,,,,,,,,,
3852.7949283928137,0.007305764447488187,0.023381464623299413,0.0016956172409609825,0.03217321694918514,0.004583000600837531,0.0002482954017350952,0.011933947145818186,0.004547547228231642,0.0002708119401892878,,,,,,,,,
3857.939607390379,0.007288638287194685,0.023323921242451844,0.0016914783981316777,0.03207042800554567,0.004571167818576477,0.0002477200812414175,0.011876967004370215,0.0045332537667085535,0.0002701892543167492,,,,,,,,,
3863.0911561337984,0.007271552274016306,0.023266519479793416,0.0016873496578299688,0.03196796745825375,0.004559365587202976,0.00024714609381177617,0.011820258921821094,0.004519005231171294,0.0002695680002041821,,,,,,,,,
3868.249583796315,0.007254506313840276,0.023209258986792127,0.001683230995396532,0.03186583425812886,0.004547593827838158,0.0002465734363573547,0.01176382159919121,0.004504801480412353,0.00026894817455949953,,,,,,,,,
3873.414899563432,0.007237500312774395,0.02315213941577364,0.001679122386232232,0.03176402735934231,0.004535852461806761,0.00024600210579649233,0.01170765374370297,0.004490642373668021,0.00026832977409818235,,,,,,,,,
3878.5871126329025,0.007220534177146601,0.023095160419919412,0.001675023805797984,0.031662545719406965,0.004524141410636705,0.0002454320990546701,0.011651754068751472,0.004476527770617077,0.000267712795543265,,,,,,,,,
3883.766232214778,0.007203607813504382,0.023038321653264263,0.0016709352296145922,0.03156138829916593,0.004512460596058478,0.00024486341306449163,0.011596121293874708,0.004462457531379291,0.0002670972356253157,,,,,,,,,
3888.9522675313906,0.007186721128614354,0.022981622770694675,0.0016668566332626261,0.03146055406278269,0.004500809940004676,0.0002442960447656697,0.011540754144724575,0.004448431516514147,0.00026648309108242115,,,,,,,,,
3894.145227817405,0.007169874029461612,0.022925063427946254,0.0016627879923822421,0.03136004197772967,0.004489189364609436,0.00024372999110500607,0.011485651353037325,0.0044344495870193516,0.0002658703586601673,,,,,,,,,
3899.3451223198,0.007153066423249377,0.022868643281602062,0.0016587292826730766,0.031259851014778434,0.004477598792207953,0.000243165249036379,0.011430811656604867,0.004420511604329567,0.00026525903511162406,,,,,,,,,
3904.551960297918,0.007136298217398343,0.022812361989090167,0.0016546804798940613,0.031159980147988486,0.004466038145335929,0.00024260181552072281,0.011376233799245518,0.00440661743031493,0.0002646491171973261,,,,,,,,,
3909.7657510234494,0.007119569319546268,0.022756219208681896,0.0016506415598633178,0.031060428354697363,0.0044545073467290855,0.00024203968752601563,0.011321916530775557,0.004392766927279775,0.0002640406016852577,,,,,,,,,
3914.9865037804825,0.007102879637547387,0.022700214599489406,0.0016466124984579732,0.030961194615509526,0.004443006319322608,0.00024147886202725925,0.011267858606980262,0.004378959957961203,0.0002634334853508333,,,,,,,,,
3920.2142278654846,0.0070862290794719935,0.022644347821463982,0.0016425932716140552,0.030862277914286647,0.004431534986250693,0.00024091933600646587,0.01121405878958573,0.0043651963855277755,0.00026282776497688385,,,,,,,,,
3925.4489325873546,0.007069617553605834,0.022588618535393647,0.0016385838553263155,0.030763677238136437,0.0044200932708459454,0.00024036110645263943,0.011160515846230193,0.004351476073578091,0.0002622234373536347,,,,,,,,,
3930.6906272674087,0.007053044968449671,0.022533026402901342,0.0016345842256481058,0.030665391577402903,0.004408681096638961,0.00023980417036176174,0.011107228550436079,0.004337798886139514,0.0002616204992786942,,,,,,,,,
3935.93932123941,0.0070365112327187805,0.022477571086442785,0.0016305943586912355,0.03056741992565581,0.0043972983873577535,0.0002392485247367752,0.01105419568158178,0.004324164687666769,0.000261018947557033,,,,,,,,,
3941.1950238495974,0.0070200162553423874,0.022422252249304303,0.0016266142306258066,0.030469761279680044,0.0043859450669272515,0.0002386941665875652,0.011001416024873579,0.004310573343040608,0.0002604187790009676,,,,,,,,,
3946.4577444566735,0.0070035599454632376,0.022367069555601055,0.0016226438176801074,0.030372414639465932,0.004374621059468821,0.00023814109293094737,0.01094888837131811,0.0042970247175664975,0.00025981999043014523,,,,,,,,,
3951.7274924318535,0.006987142212437031,0.022312022670274646,0.001618683096140431,0.03027537900819843,0.004363326289299714,0.00023758930079064794,0.01089661151769434,0.004283518676973231,0.00025922257867152447,,,,,,,,,
3957.004277158852,0.006970762965832004,0.0222571112590915,0.0016147320423509715,0.030178653392247446,0.004352060680932623,0.00023703878719729058,0.010844584266526314,0.004270055087411679,0.00025862654055936113,,,,,,,,,
3962.2881080339266,0.0069544221154283345,0.022202334988640406,0.0016107906327136512,0.030082236801157083,0.004340824159075092,0.00023648954918837812,0.010792805426055443,0.004256633815453362,0.0002580318729351886,,,,,,,,,
3967.578994465868,0.006938119571217727,0.022147693526330867,0.0016068588436880017,0.029986128247636173,0.004329616648629111,0.00023594158380827932,0.010741273810213479,0.004243254728089236,0.0002574385726478047,,,,,,,,,
3972.876945876047,0.00692185524340285,0.022093186540390778,0.001602936651791008,0.029890326747547446,0.004318438074690517,0.00023539488810820952,0.010689988238595053,0.004229917692728267,0.00025684663655325024,,,,,,,,,
3978.181971698397,0.006905629042396931,0.02203881369986469,0.0015990240335969812,0.029794831319898126,0.004307288362548584,0.00023484945914621855,0.010638947536430951,0.004216622577196219,0.00025625606151479793,,,,,,,,,
3983.4940813794656,0.006889440878823129,0.021984574674611495,0.0015951209657374063,0.02969964098682931,0.00429616743768545,0.00023430529398717106,0.010588150534560886,0.004203369249734251,0.00025566684440292984,,,,,,,,,
3988.813284378403,0.006873290663514181,0.021930469135302694,0.0015912274249008113,0.02960475477360639,0.0042850752257756605,0.00023376238970273426,0.010537596069406985,0.004190157578997679,0.0002550789820953264,,,,,,,,,
3994.139590166989,0.006857178307511853,0.02187649675342034,0.0015873433878326327,0.029510171708608927,0.0042740116526856775,0.0002332207433713599,0.01048728298294704,0.004176987434054663,0.00025449247147684627,,,,,,,,,
3999.4730082296646,0.006841103722066383,0.021822657201254807,0.001583468831335052,0.029415890823320457,0.004262976644473325,0.00023268035207826845,0.010437210122687841,0.0041638586843848555,0.0002539073094395103,,,,,,,,,
4004.8135480635183,0.0068250668186361305,0.021768950151903176,0.0015796037322668927,0.029321911152319077,0.004251970127387389,0.00023214121291543582,0.010387376341639052,0.004150771199878198,0.00025332349288248663,,,,,,,,,
4010.161219178337,0.006809067508886954,0.02171537527926691,0.0015757480675434507,0.029228231733266958,0.00424099202786702,0.00023160332298157414,0.010337780498286646,0.004137724850833535,0.000252741018712072,,,,,,,,,
4015.5160310965894,0.006793105704691847,0.02166193225805016,0.001571901814136378,0.029134851606901147,0.004230042272541344,0.00023106667938212,0.010288421456567038,0.004124719507957425,0.00025215988384167857,,,,,,,,,
4020.877993353476,0.006777181318130313,0.021608620763757483,0.0015680649490735297,0.02904176981702307,0.004219120788228885,0.0002305312792292152,0.010239298085840785,0.004111755042362765,0.00025158008519181286,,,,,,,,,
4026.2471154969144,0.006761294261488035,0.02155544047269225,0.0015642374494388399,0.02894898541048936,0.004208227501937136,0.00022999711964169416,0.010190409260866966,0.004098831325567596,0.00025100161969006515,,,,,,,,,
4031.6234070875867,0.006745444447256261,0.021502391061954257,0.0015604192923721733,0.028856497437201575,0.004197362340862031,0.00022946419774506606,0.010141753861777115,0.004085948229493758,0.0002504244842710871,,,,,,,,,
4037.006877698926,0.006729631788131411,0.021449472209438165,0.0015566104550691993,0.028764304950096922,0.004186525232387492,0.00022893251067150204,0.010093330774049879,0.004073105626465696,0.00024984867587658164,,,,,,,,,
4042.397536917164,0.006713856197014527,0.02139668359383121,0.0015528109147812435,0.02867240700513812,0.004175716104084913,0.00022840205555981649,0.010045138888485173,0.004060303389209108,0.00024927419145528144,,,,,,,,,
4047.7953943413186,0.0066981175870108765,0.021344024894611537,0.0015490206488151708,0.028580802661304198,0.004164934883712704,0.00022787282955545515,0.009997177101179077,0.004047541390849778,0.0002487010279629364,,,,,,,,,
4053.2004595832404,0.006682415871429378,0.021291495792045964,0.0015452396345332212,0.028489490980580342,0.0041541814992157745,0.00022734482981047618,0.00994944431349824,0.004034819504912221,0.00024812918236229517,,,,,,,,,
4058.6127422676022,0.006666750963782192,0.02123909596718831,0.0015414678493529065,0.028398471027948763,0.0041434558787250995,0.0002268180534835383,0.009901939432055007,0.0040221376053185195,0.00024755865162309055,,,,,,,,,
4064.03225203193,0.006651122777784242,0.021186825101877374,0.0015377052707468547,0.028307741871378973,0.004132757950557195,0.00022629249773988314,0.009854661368682233,0.0040094955663870216,0.00024698943272202393,,,,,,,,,
4069.4589985266307,0.006635531227352684,0.021134682878734806,0.001533951876242677,0.02821730258181793,0.004122087643213651,0.00022576815975131994,0.009807609040408257,0.003996893262831082,0.00024642152264274563,,,,,,,,,
4074.89299141498,0.006619976226606497,0.02108266898116352,0.0015302076434228443,0.028127152233181074,0.004111444885380671,0.0002252450366962128,0.009760781369432332,0.003984330569757892,0.0002458549183758447,,,,,,,,,
4080.3342403731754,0.006604457689865955,0.021030783093345468,0.0015264725499245404,0.02803728990234231,0.004100829605928571,0.00022472312575946184,0.009714177283099678,0.003971807362667145,0.00024528961691882683,,,,,,,,,
4085.7827550903166,0.006588975531652225,0.02097902490023998,0.001522746573439541,0.02794771466912503,0.004090241733911327,0.00022420242413249194,0.00966779571387719,0.003959323517449902,0.0002447256152761041,,,,,,,,,
4091.2385452684603,0.006573529666686809,0.020927394087581555,0.0015190296917140657,0.027858425616292246,0.004079681198566072,0.00022368292901323372,0.009621635599328675,0.003946878910387266,0.00024416291045897435,,,,,,,,,
4096.701620622599,0.006558120009891148,0.020875890341878298,0.0015153218825486668,0.02776942182953764,0.004069147929312673,0.0002231646376061123,0.009575695882090838,0.003934473418149246,0.00024360149948560893,,,,,,,,,
4102.171990880717,0.006542746476386097,0.020824513350409694,0.0015116231237980652,0.0276807023974757,0.00405864185575318,0.00022264754712202886,0.009529975509848748,0.003922106917793454,0.00024304137938103418,,,,,,,,,
4107.64966578377,0.006527408981491532,0.020773262801224976,0.0015079333933710561,0.02759226641163299,0.0040481629076714555,0.00022213165477834816,0.009484473435312012,0.00390977928676395,0.00024248254717711796,,,,,,,,,
4113.134655085738,0.006512107440725766,0.02072213838314099,0.0015042526692303382,0.02750411296643819,0.004037711015032598,0.00022161695779888147,0.009439188616190534,0.0038974904028899852,0.00024192499991255187,,,,,,,,,
4118.62696855361,0.006496841769805226,0.020671139785740558,0.0015005809293924177,0.027416241159213442,0.004027286107982577,0.0002211034534138743,0.009394120015170905,0.003885240144384826,0.0002413687346328375,,,,,,,,,
4124.126615967432,0.006481611884643863,0.0206202666993703,0.0014969181519274488,0.027328650090164573,0.004016888116847681,0.00022059113885998809,0.00934926659989235,0.0038730283898444962,0.00024081374839026877,,,,,,,,,
4129.633607120298,0.0064664177013527635,0.020569518815139038,0.0014932643149591187,0.0272413388623723,0.004006516972134105,0.0002200800113802885,0.009304627342923352,0.0038608550182466428,0.00024026003824391797,,,,,,,,,
4135.147951818378,0.006451259136239685,0.020518895824915822,0.0014896193966645191,0.027154306581782868,0.00399617260452748,0.00021957006822422926,0.009260201221737971,0.0038487199089492835,0.00023970760125962014,,,,,,,,,
4140.66965988095,0.006436136105808537,0.020468397421327875,0.0014859833752739935,0.027067552357198738,0.003985854944892362,0.0002190613066476362,0.009215987218692361,0.00383662294168962,0.00023915643450995555,,,,,,,,,
4146.198741140386,0.006421048526758992,0.020418023297759054,0.0014823562290710419,0.02698107530026985,0.003975563924271854,0.00021855372391269476,0.009171984321001683,0.0038245639965828735,0.00023860653507423678,,,,,,,,,
4151.735205442205,0.006405996315985964,0.020367773148347684,0.0014787379363921536,0.026894874525484034,0.003965299473887048,0.00021804731728793293,0.009128191520716629,0.0038125429541210447,0.00023805790003849104,,,,,,,,,
4157.279062645055,0.006390979390579228,0.02031764666798497,0.0014751284756267134,0.026808949150158513,0.003955061525136663,0.0002175420840482094,0.009084607814700595,0.003800559695171805,0.00023751052649544674,,,,,,,,,
4162.830322620765,0.006375997667822868,0.02026764355231286,0.001471527825216844,0.026723298294430247,0.003944850009596502,0.00021703802147469536,0.009041232204606458,0.003788614100977226,0.000236964411544516,,,,,,,,,
4168.38899525433,0.006361051065194907,0.020217763497722502,0.001467935963657295,0.02663792108124751,0.0039346648590190565,0.00021653512685486362,0.00899806369685397,0.0037767060531526957,0.00023641955229178143,,,,,,,,,
4173.955090443963,0.006346139500366782,0.020168006201352104,0.0014643528694953038,0.026552816636360405,0.003924506005333004,0.00021603339748247027,0.008955101302606705,0.003764835433685651,0.00023587594584997866,,,,,,,,,
4179.528618101072,0.006331262891202968,0.020118371361085366,0.001460778521330477,0.026467984088312368,0.0039143733806427956,0.00021553283065754383,0.008912344037749716,0.003753002124934503,0.00023533358933848313,,,,,,,,,
4185.109588150323,0.006316421155760439,0.020068858675549403,0.0014572128978146523,0.026383422568430747,0.003904266917228161,0.00021503342368636724,0.008869790922866693,0.0037412060096273813,0.00023479247988329247,,,,,,,,,
4190.698010529614,0.0063016142122882925,0.020019467844113143,0.0014536559776517817,0.026299131210818495,0.003894186547543693,0.0002145351738814662,0.0088274409832178,0.003729446970861045,0.00023425261461701465,,,,,,,,,
4196.293895190131,0.006286841979227231,0.019970198566885256,0.0014501077395977927,0.026215109152344665,0.0038841322042183594,0.00021403807856159234,0.00878529324871709,0.0037177248920996753,0.00023371399067884796,,,,,,,,,
4201.897252096333,0.006272104375209189,0.019921050544712555,0.0014465681624604711,0.0261313555326361,0.003874103820055096,0.00021354213505171108,0.008743346753910527,0.003706039657173744,0.00023317660521457106,,,,,,,,,
4207.50809122599,0.006257401319056824,0.01987202347917814,0.0014430372250993355,0.02604786949406846,0.0038641013280303216,0.00021304734068298612,0.008701600537953748,0.003694391150278875,0.0002326404553765245,,,,,,,,,
4213.126422570203,0.006242732729783071,0.019823117072599376,0.001439514906425497,0.025964650181757146,0.003854124661293495,0.0002125536927927637,0.008660053644589967,0.0036827792559746427,0.00023210553832359593,,,,,,,,,
4218.7522561334,0.0062280985265907645,0.019774331028026396,0.00143600118540155,0.02588169674354907,0.0038441737531666894,0.00021206118872456147,0.008618705122128286,0.003671203859183495,0.00023157185122120674,,,,,,,,,
4224.385601933383,0.006213498628872075,0.019725665049240032,0.001432496041041434,0.02579900833001342,0.003834248537144119,0.00021156982582805077,0.008577554023421655,0.003659664845189562,0.00023103939124129494,,,,,,,,,
4230.026470001317,0.006198932956208201,0.019677118840750255,0.001428999452410319,0.025716584094433434,0.003824348946891723,0.00021107960145904512,0.008536599405845434,0.0036481620996375594,0.00023050815556230214,,,,,,,,,
4235.674870381774,0.006184401428368811,0.019628692107794107,0.0014255113986244691,0.02563442319279722,0.0038144749162466888,0.0002105905129794837,0.00849584033127552,0.0036366955085316032,0.00022997814136915644,,,,,,,,,
4241.330813132727,0.006169903965311679,0.019580384556334214,0.0014220318588511296,0.025552524783789686,0.0038046263792170586,0.00021010255775741983,0.008455275866067148,0.0036252649582341526,0.00022944934585326064,,,,,,,,,
4246.994308325592,0.0061554404871821825,0.019532195893056714,0.001418560812308389,0.02547088802878333,0.0037948032699812164,0.0002096157331670035,0.00841490508103322,0.003613870335464799,0.0002289217662124728,,,,,,,,,
4252.665366045219,0.00614101091431294,0.019484125825369732,0.0014150982382650746,0.02538951209183021,0.0037850055228875364,0.00020913003658847078,0.008374727051423279,0.003602511527299231,0.0002283953996510969,,,,,,,,,
4258.343996389942,0.006126615167223279,0.019436174061401364,0.0014116441160406004,0.02530839613965289,0.003775233072453851,0.00020864546540812616,0.008334740856902088,0.003591188421168026,0.0002278702433798623,,,,,,,,,
4264.03020947156,0.006112253166618879,0.019388340309998153,0.0014081984250048768,0.02522753934163636,0.0037654858533671034,0.00020816201701833207,0.008294945581528797,0.003579900904855626,0.00022734629461591436,,,,,,,,,
4269.724015415392,0.006097924833391269,0.019340624280723036,0.0014047611445781537,0.02514694086981909,0.0037557638004828355,0.0002076796888174915,0.00825534031373571,0.0035686488664991374,0.00022682355058279533,,,,,,,,,
4275.425424360266,0.006083630088617464,0.019293025683853847,0.001401332254230928,0.025066599898884937,0.003746066848824797,0.00020719847821003615,0.008215924146307594,0.003557432194587288,0.00022630200851043213,,,,,,,,,
4281.134446458549,0.006069368853559465,0.01924554423038148,0.0013979117334838016,0.02498651560615453,0.003736394933584515,0.0002067183826064126,0.00817669617636086,0.0035462507779593067,0.0002257816656351219,,,,,,,,,
4286.851091876174,0.006055141049663839,0.019198179632007945,0.001394499561907362,0.02490668717157665,0.0037267479901208042,0.0002062393994230661,0.00813765550532274,0.00353510450580378,0.00022526251919951414,,,,,,,,,
4292.575370792635,0.006040946598561337,0.01915093160114494,0.0013910957191220687,0.024827113777720313,0.003717125953959424,0.00020576152608242987,0.008098801238910954,0.0035239932676576283,0.00022474456645260114,,,,,,,,,
4298.307293401034,0.006026785422066381,0.019103799850911797,0.0013877001847981184,0.024747794609765825,0.003707528760792551,0.0002052847600129079,0.008060132487112954,0.0035129169534049327,0.000224227804649698,,,,,,,,,
4304.046869908068,0.006012657442176706,0.01905678409513402,0.0013843129386553426,0.024668728855496976,0.0036979563464784393,0.00020480909864886446,0.008021648364165778,0.0035018754532759083,0.00022371223105243317,,,,,,,,,
4309.794110534081,0.00599856258107287,0.019009884048341252,0.001380933960463059,0.024589915705292266,0.0036884086470409206,0.00020433453943060714,0.007983347988535552,0.003490868657845772,0.00022319784292872976,,,,,,,,,
4315.549025513043,0.005984500761117904,0.01896309942576585,0.0013775632300399834,0.02451135435211702,0.003678885598669024,0.00020386107980437554,0.007945230482897511,0.0034798964580336927,0.00022268463755279394,,,,,,,,,
4321.3116250926105,0.0059704719048567665,0.018916429943340883,0.0013742007272540754,0.02443304399151472,0.003669387137716515,0.0002033887172223256,0.007907294974115665,0.0034689587451016655,0.00022217261220509844,,,,,,,,,
4327.081919534107,0.005956475935016054,0.018869875317698626,0.0013708464320224508,0.0243549838215992,0.003659913200701503,0.00020291744914251815,0.007869540593223045,0.003458055410653499,0.00022166176417237003,,,,,,,,,
4332.859919112573,0.005942512774503455,0.018823435266168646,0.001367500324311234,0.024277173043045948,0.003650463724305985,0.0002024472730289023,0.00783196647540156,0.003447186346633662,0.0002211520907475733,,,,,,,,,
4338.645634116758,0.005928582346407415,0.018777109506776257,0.001364162384135455,0.02419961085908441,0.0036410386453754446,0.00020197818635130462,0.00779457175996237,0.003436351445326289,0.0002206435892298976,,,,,,,,,
4344.439074849149,0.005914684573996662,0.018730897758240737,0.00136083259155893,0.02412229647548957,0.0036316379009184345,0.00020151018658541437,0.00775735559032613,0.0034255505993540645,0.00022013625692474323,,,,,,,,,
4350.240251626004,0.005900819380719777,0.018684799739973515,0.001357510926694125,0.024045229100573665,0.003622261428106123,0.00020104327121276867,0.0077203171140032365,0.003414783701677164,0.0002196300911437041,,,,,,,,,
4356.049174777338,0.005886986690204841,0.018638815172076696,0.001354197369702065,0.023968407945178516,0.003612909164271912,0.00020057743772074126,0.007683455482574534,0.00340405064559222,0.00021912508920455805,,,,,,,,,
4361.865854646979,0.005873186426258899,0.01859294377534112,0.0013508919007921842,0.02389183222266697,0.0036035810469109883,0.00020011268360252678,0.00764676985167163,0.003393351324731217,0.00021862124843124845,,,,,,,,,
4367.690301592547,0.005859418512867676,0.018547185271244885,0.0013475945002222396,0.02381550114891527,0.0035942770136799316,0.00019964900635712976,0.007610259380957782,0.003382685633060505,0.00021811856615387292,,,,,,,,,
4373.522525985514,0.00584568287419504,0.018501539381951444,0.0013443051482981614,0.023739413942304635,0.0035849970023962728,0.00019918640348934815,0.007573923234108436,0.0033720534648796693,0.00021761703970866718,,,,,,,,,
4379.36253821118,0.0058319794345826625,0.018456005830308143,0.0013410238253739658,0.02366356982371365,0.0035757409510381037,0.00019872487250976304,0.007537760578792296,0.0033614547148205632,0.00021711666643799274,,,,,,,,,
4385.210348668732,0.0058183081185495455,0.01841058433984428,0.0013377505118516123,0.023587968016509843,0.0035665087977436324,0.00019826441093472215,0.007501770586652019,0.0033508892778461885,0.00021661744369032095,,,,,,,,,
4391.065967771225,0.005804668850791674,0.018365274634769706,0.0013344851881809039,0.02351260774654225,0.0035573004808108154,0.0001978050162863296,0.0074659524332854575,0.003340357049249716,0.00021611936882022086,,,,,,,,,
4396.929405945635,0.00579106155618152,0.01832007643997289,0.0013312278348593587,0.023437488242132935,0.0035481159386968777,0.0001973466860924296,0.007430305298226581,0.0033298579246534054,0.00021562243918834328,,,,,,,,,
4402.800673632847,0.005777486159767697,0.01827498948101949,0.0013279784324321039,0.02336260873406961,0.003538955110017983,0.00019688941788659553,0.007394828364926888,0.0033193918000076045,0.00021512665216140867,,,,,,,,,
4408.679781287703,0.005763942586774492,0.01823001348415042,0.0013247369614917484,0.023287968455597306,0.0035298179335487385,0.00019643320920811473,0.007359520820736473,0.003308958571589675,0.00021463200511219113,,,,,,,,,
4414.566739378992,0.005750430762601515,0.018185148176280468,0.001321503402678276,0.02321356664241087,0.0035207043482218645,0.00019597805760197714,0.007324381856885627,0.003298558136003017,0.00021413849541950704,,,,,,,,,
4420.461558389483,0.005736950612823236,0.018140393284996472,0.0013182777366789304,0.023139402532647,0.0035116142931277353,0.0001955239606188612,0.007289410668466192,0.0032881903901760177,0.00021364612046819895,,,,,,,,,
4426.364248815957,0.005723502063188578,0.01809574853855561,0.0013150599442280876,0.0230654753668763,0.0035025477075139757,0.00019507091581511942,0.007254606454413079,0.003277855231361003,0.0002131548776491222,,,,,,,,,
4432.274821169191,0.005710085039620562,0.018051213665883963,0.0013118500061071558,0.022991784388095845,0.003493504530785096,0.00019461892075276803,0.0072199684174860945,0.0032675525571332744,0.0002126647643591322,,,,,,,,,
4438.193285974016,0.005696699468215821,0.018006788396574627,0.0013086479031444492,0.022918328841720993,0.003484484702502017,0.0001941679729994709,0.0071854957642514565,0.0032572822653900487,0.00021217577800106897,,,,,,,,,
4444.119653769302,0.005683345275244258,0.0179624724608863,0.001305453616215083,0.022845107975578163,0.0034754881623817483,0.00019371807012852875,0.0071511877050638465,0.0032470442543494796,0.00021168791598374524,,,,,,,,,
4450.053935108005,0.0056700223871485895,0.01791826558974142,0.0013022671262408496,0.0227721210398966,0.0034665148502969023,0.0001932692097188642,0.007117043454048098,0.003236838422549607,0.00021120117572193077,,,,,,,,,
4455.9961405571585,0.0056567307305440085,0.01787416751472477,0.0012990884141901146,0.02269936728730119,0.0034575647062753713,0.00019282138935501113,0.007083062229081401,0.003226664668847414,0.00021071555463634045,,,,,,,,,
4461.94628069792,0.005643470232217672,0.017830177968081565,0.001295917461077693,0.022626845972804385,0.003448637670499861,0.00019237460662709858,0.007049243251775195,0.0032165228924177468,0.00021023105015361885,,,,,,,,,
4467.904366125563,0.005630240819128428,0.01778629668271614,0.0012927542479647454,0.02255455635379896,0.003439733683307535,0.00019192885913084113,0.0070155857474575424,0.0032064129927523973,0.0002097476597063291,,,,,,,,,
4473.870407449523,0.005617042418406301,0.01774252339219004,0.0012895987559586545,0.022482497690049983,0.003430852685189587,0.00019148414446752265,0.006982088945155161,0.0031963348696590296,0.00020926538073293545,,,,,,,,,
4479.844415293386,0.005603874957352165,0.01769885783072066,0.0012864509662129286,0.02241066924368775,0.0034219946167908686,0.00019104046024398657,0.00694875207757599,0.0031862884232602504,0.00020878421067779452,,,,,,,,,
4485.826400294942,0.005590738363437288,0.017655299733179353,0.0012833108599270638,0.02233907027919967,0.0034131594189094655,0.0001905978040726202,0.006915574381091397,0.0031762735539925756,0.00020830414699113663,,,,,,,,,
4491.816373106172,0.005577632564302991,0.017611848835090108,0.0012801784183464596,0.022267700063423185,0.0034043470324963245,0.0001901561735713436,0.006882555095718855,0.0031662901626054677,0.00020782518712905693,,,,,,,,,
4497.814344393282,0.005564557487760205,0.017568504872627778,0.0012770536227622884,0.022196557865538126,0.0033955573986548587,0.00018971556636359697,0.006849693465104491,0.003156338150160357,0.0002073473285534991,,,,,,,,,
4503.820324836731,0.005551513061789066,0.017525267582616418,0.0012739364545113867,0.02212564295705899,0.0033867904586405255,0.00018927598007832577,0.006816988736505653,0.0031464174180296177,0.00020687056873224219,,,,,,,,,
4509.8343251312235,0.005538499214538582,0.017482136702527903,0.0012708268949761512,0.022054954611827906,0.0033780461538604712,0.000188837412349971,0.006784440160773847,0.0031365278678956604,0.00020639490513888842,,,,,,,,,
4515.856355985765,0.00552551587432615,0.017439111970480092,0.0012677249255844158,0.021984492106006785,0.003369324425873109,0.00018839986081845326,0.006752046992337392,0.0031266694017498833,0.00020592033525284806,,,,,,,,,
4521.886428123638,0.005512562969637236,0.017396193125235465,0.001264630527809358,0.021914254718070295,0.003360625216387754,0.00018796332312916319,0.006719808489184538,0.003116841921891762,0.00020544685655932875,,,,,,,,,
4527.924552282467,0.005499640429124924,0.01735337990619932,0.001261543683169363,0.02184424172879805,0.0033519484672642082,0.00018752779693294593,0.006687723912846254,0.0031070453309278425,0.0002049744665493181,,,,,,,,,
4533.970739214193,0.005486748181609585,0.0173106720534184,0.0012584643732279435,0.02177445242126773,0.0033432941205123992,0.00018709327988609072,0.006655792528379531,0.0030972795317708024,0.0002045031627195753,,,,,,,,,
4540.0249996851335,0.005473886156078411,0.01726806930757909,0.0012553925795935983,0.021704886080847224,0.0033346621182919604,0.00018665976965031648,0.006624013604350336,0.0030875444276384527,0.0002040329425726128,,,,,,,,,
4546.0873444759645,0.005461054281685092,0.017225571410006097,0.0012523282839197324,0.02163554199518779,0.0033260524029118895,0.00018622726389276137,0.006592386412817051,0.0030778399220528353,0.00020356380361668793,,,,,,,,,
4552.157784381775,0.005448252487749366,0.017183178102660616,0.0012492714679045232,0.02156641945421637,0.0033174649168300993,0.00018579576028596748,0.006560910229313618,0.003068165918839197,0.0002030957433657856,,,,,,,,,
4558.236330212051,0.005435480703756703,0.017140889128139027,0.001246222113290827,0.02149751775012864,0.0033088996026531094,0.00018536525650787137,0.006529584332833135,0.0030585223221251084,0.00020262875933960804,,,,,,,,,
4564.322992790732,0.005422738859357816,0.017098704229671045,0.0012431802018660592,0.021428836177381456,0.0033003564031355826,0.00018493575024178862,0.006498408005811132,0.0030489090363394434,0.0002021628490635596,,,,,,,,,
4570.417782956195,0.0054100268843683755,0.017056623151118444,0.0012401457154620928,0.021360374032685918,0.0032918352611800168,0.0001845072391764034,0.006467380534109327,0.003039325966211495,0.00020169801006873498,,,,,,,,,
4576.52071156129,0.005397344708768582,0.017014645636973358,0.001237118635955153,0.021292130615000033,0.003283336119836315,0.00018407972100575586,0.0064365012069991625,0.0030297730167699968,0.00020123423989190653,,,,,,,,,
4582.631789473374,0.005384692262702724,0.01697277143235663,0.0012340989452656905,0.021224105225521372,0.0032748589223014083,0.00018365319342922797,0.006405769317145485,0.0030202500933421664,0.00020077153607550826,,,,,,,,,
4588.751027574295,0.005372069476478909,0.016931000283016525,0.0012310866253583013,0.021156297167680343,0.0032664036119189155,0.00018322765415153397,0.006375184160590501,0.0030107571015528245,0.00020030989616762754,,,,,,,,,
4594.878436760453,0.005359476280568564,0.01688933193532692,0.0012280816582415897,0.02108870574713253,0.0032579701321786966,0.00018280310088270488,0.006344745036737447,0.0030012939473233868,0.00019984931772198687,,,,,,,,,
4601.014027942777,0.005346912605606155,0.01684776613628599,0.0012250840259680886,0.021021330271752073,0.003249558426716556,0.0001823795313380793,0.006314451248334753,0.0029918605368710045,0.00019938979829793588,,,,,,,,,
4607.157812046784,0.005334378382388694,0.01680630263351443,0.001222093710634129,0.020954170051624185,0.0032411684393137833,0.00018195694323828827,0.006284302101459868,0.0029824567767075664,0.00019893133546043442,,,,,,,,,
4613.309800012563,0.005321873541875481,0.016764941175254226,0.00121911069437975,0.020887224399038416,0.0032328001138968547,0.00018153533430924525,0.006254296905503542,0.0029730825736388297,0.00019847392678004234,,,,,,,,,
4619.470002794828,0.005309398015187613,0.016723681510366795,0.001216134959388579,0.02082049262848129,0.0032244533945369963,0.00018111470228213196,0.006224434973153849,0.0029637378347634556,0.00019801756983290472,,,,,,,,,
4625.638431362906,0.005296951733607684,0.016682523388331746,0.0012131664878877377,0.02075397405662964,0.0032161282254498515,0.00018069504489338852,0.006194715620380611,0.0029544224674721204,0.00019756226220074072,,,,,,,,,
4631.815096700785,0.005284534628579347,0.016641466559245147,0.0012102052621477239,0.0206876680023432,0.003207824550995079,0.00018027635988469837,0.006165138166419547,0.0029451363794465585,0.00019710800147082906,,,,,,,,,
4638.000009807106,0.005272146631707001,0.016600510773818185,0.0012072512644823168,0.020621573786658097,0.0031995423156760093,0.0001798586450029792,0.006135701933756852,0.0029358794786587036,0.000196654785235997,,,,,,,,,
4644.193181695212,0.005259787674755342,0.016559655783375447,0.0012043044772484597,0.02055569073277941,0.003191281464139244,0.00017944189800036772,0.006106406248113514,0.0029266516733697082,0.0001962026110946058,,,,,,,,,
4650.39462339314,0.005247457689649039,0.016518901339853637,0.0012013648828461687,0.020490018166074656,0.003183041941174309,0.00017902611663421044,0.0060772504384300225,0.0029174528721291008,0.00019575147665053935,,,,,,,,,
4656.604345943652,0.005235156608472357,0.01647824719579995,0.0011984324637184154,0.020424555414066695,0.003174823691713285,0.00017861129866704974,0.006048233836850923,0.0029082829837738374,0.0001953013795131915,,,,,,,,,
4662.822360404271,0.00522288436346874,0.016437693104370477,0.0011955072023510248,0.02035930180642673,0.0031666266608304143,0.00017819744186661177,0.006019355778709456,0.0028991419174274028,0.0001948523172974518,,,,,,,,,
4669.048677847265,0.005210640887040491,0.016397238819328936,0.0011925890812725765,0.02029425667496774,0.003158450793741766,0.00017778454400579641,0.005990615602512474,0.0028900295824989333,0.00019440428762369487,,,,,,,,,
4675.2833093597055,0.005198426111748352,0.016356884095044946,0.001189678083054292,0.02022941935363731,0.0031502960358048434,0.00017737260286266237,0.005962012649925137,0.002880945888682278,0.00019395728811776616,,,,,,,,,
4681.526266043451,0.005186239970311187,0.016316628686492737,0.001186774190309939,0.02016478917851113,0.0031421623325182425,0.00017696161622041828,0.005933546265755997,0.0028718907459551624,0.00019351131641097077,,,,,,,,,
4687.777559015202,0.005174082395605551,0.016276472349249442,0.0011838773856957196,0.020100365487785838,0.0031340496295212622,0.0001765515818674078,0.005905215797941803,0.002862864064578225,0.0001930663701400595,,,,,,,,,
4694.037199406487,0.00516195332066537,0.016236414839493885,0.001180987651910174,0.020036147621772683,0.0031259578725935694,0.00017614249759710055,0.0058770205975327595,0.0028538657550942013,0.00019262244694721786,,,,,,,,,
4700.305198363714,0.0051498526786815275,0.0161964559140048,0.0011781049716940682,0.019972134922890284,0.003117887007654803,0.00017573436120807767,0.005848960018677476,0.002844895728326971,0.00019217954448005182,,,,,,,,,
4706.581567048158,0.005137780403001565,0.016156595330159635,0.0011752293278303064,0.019908326735658344,0.0031098369807642592,0.0001753271705040221,0.005821033418608335,0.0028359538953807244,0.0001917376603915772,,,,,,,,,
4712.866316636016,0.005125736427129209,0.016116832845932835,0.0011723607031438046,0.01984472240669057,0.0031018077381204665,0.00017492092329370482,0.005793240157626621,0.00282704016763905,0.00019129679234020528,,,,,,,,,
4719.159458318395,0.005113720684724116,0.01607716821989457,0.001169499080501413,0.019781321284688257,0.0030937992260608943,0.00017451561739097507,0.005765579599088003,0.002818154456764072,0.00019085693798973262,,,,,,,,,
4725.461003301346,0.005101733109601458,0.01603760121120918,0.0011666444428117984,0.019718122720433523,0.0030858113910615507,0.00017411125061474747,0.005738051109387892,0.0028092966746955834,0.00019041809500932685,,,,,,,,,
4731.7709628058965,0.005089773635731508,0.015998131579633645,0.0011637967730253429,0.019655126066782512,0.0030778441797366294,0.00017370782078898942,0.005710654057946856,0.00280046673365013,0.0001899802610735146,,,,,,,,,
4738.08934806804,0.0050778421972393845,0.015958759085516305,0.0011609560541340498,0.01959233067865908,0.0030698975388381736,0.0001733053257427117,0.005683387817196324,0.002791664546120207,0.0001895434338621703,,,,,,,,,
4744.41617033879,0.005065938728404589,0.015919483489795185,0.001158122269171432,0.01952973591304781,0.00306197141525569,0.00017290376330995427,0.005656251762564054,0.002782890024873323,0.00018910761106050235,,,,,,,,,
4750.751440884169,0.005054063163660708,0.015880304553996763,0.0011552954012124252,0.019467341128987865,0.003054065756015837,0.00017250313132977666,0.005629245272459987,0.002774143082951193,0.00018867279035904232,,,,,,,,,
4757.095170985258,0.005042215437595007,0.01584122204023433,0.0011524754333732644,0.019405145687565944,0.0030461805082820075,0.0001721034276462446,0.00560236772826184,0.0027654236336688356,0.00018823896945363116,,,,,,,,,
4763.447371938184,0.005030395484948124,0.01580223571120672,0.0011496623488114104,0.0193431489519102,0.003038315619354052,0.00017170465010842045,0.005575618514301099,0.0027567315906137455,0.0001878061460454093,,,,,,,,,
4769.808055054178,0.005018603240613644,0.015763345330196667,0.0011468561307254213,0.01928135028718333,0.0030304710366678483,0.0001713067965703492,0.005548997017848756,0.0027480668676449988,0.0001873743178408009,,,,,,,,,
4776.177231659555,0.005006838639637801,0.015724550661069626,0.0011440567623548796,0.019219749060576406,0.003022646707795023,0.00017090986489104947,0.005522502629101447,0.0027394293788924537,0.00018694348255150615,,,,,,,,,
4782.554913095773,0.004995101617219063,0.01568585146827205,0.001141264226980265,0.019158344641302054,0.0030148425804425423,0.00017051385293449938,0.005496134741167294,0.0027308190387558343,0.00018651363789448443,,,,,,,,,
4788.941110719416,0.004983392108707849,0.015647247516830224,0.0011384785079228802,0.01909713640058839,0.003007058602452402,0.00017011875856962774,0.005469892750052198,0.002722235761903949,0.00018608478159194678,,,,,,,,,
4795.335835902251,0.0049717100496060864,0.015608738572348626,0.0011356995885447299,0.019036123711672154,0.0029992947218012525,0.00016972457967030002,0.005443776054645817,0.0027136794632737827,0.00018565691137133997,,,,,,,,,
4801.739100031216,0.004960055375566919,0.015570324401008659,0.0011329274522484344,0.01897530594979265,0.002991550886600067,0.00016933131411530866,0.005417784056707941,0.0027051500580696983,0.00018523002496533702,,,,,,,,,
4808.150914508455,0.004948428022394346,0.015532004769567186,0.0011301620824771305,0.01891468249218523,0.0029838270450938047,0.0001689389597883616,0.005391916160854746,0.0026966474617625903,0.00018480412011182422,,,,,,,,,
4814.571290751348,0.004936827926042824,0.01549377944535499,0.0011274034627143583,0.018854252718074723,0.0029761231456610178,0.00016854751457806916,0.005366171774545075,0.0026881715900890103,0.00018437919455388838,,,,,,,,,
4821.000240192507,0.004925255022616971,0.015455648196275618,0.0011246515764839857,0.01879401600866944,0.0029684391368135733,0.00016815697637793538,0.005340550308067019,0.002679722359050392,0.0001839552460398073,,,,,,,,,
4827.437774279824,0.004913709248371162,0.015417610790803676,0.0011219064073500844,0.018733971747154486,0.0029607749671962513,0.0001677673430863438,0.005315051174524244,0.0026712996849121533,0.0001835322723230342,,,,,,,,,
4833.883904476463,0.004902190539709246,0.015379666997983692,0.001119167938916857,0.018674119318685754,0.0029531305855864396,0.0001673786126065489,0.005289673789822696,0.002662903484202933,0.00018311027116218992,,,,,,,,,
4840.338642260911,0.004890698833184098,0.015341816587428494,0.0011164361548285171,0.018614458110383304,0.0029455059408937637,0.0001669907828466624,0.005264417572657081,0.002654533673713699,0.00018268924032104693,,,,,,,,,
4846.801999126965,0.0048792340654973815,0.015304059329318003,0.0011137110387692078,0.018554987511325467,0.002937900982159773,0.00016660385171964387,0.005239281944497702,0.0026461901704969777,0.00018226917756852142,,,,,,,,,
4853.273986583786,0.004867796173499104,0.015266394994397628,0.0011109925744628923,0.01849570691254217,0.002930315658557572,0.00016621781714328787,0.0052142663295770405,0.002637872891865994,0.00018185008067865823,,,,,,,,,
4859.754616155888,0.004856385094187332,0.015228823353977124,0.0011082807456732672,0.01843661570700911,0.0029227499193915066,0.0001658326770402148,0.005189370154876738,0.0026295817553938813,0.00018143194743062117,,,,,,,,,
4866.24389938319,0.004845000764707798,0.015191344179928935,0.0011055755362036556,0.01837771328964117,0.002915203714096799,0.00016544842933785718,0.005164592850114303,0.0026213166789128277,0.0001810147756086799,,,,,,,,,
4872.741847821004,0.004833643122353613,0.015153957244687056,0.0011028769298969197,0.018318999057286553,0.002907676992239247,0.00016506507196845118,0.0051399338477302004,0.002613077580513315,0.00018059856300219938,,,,,,,,,
4879.248473040088,0.004822312104564848,0.015116662321245441,0.0011001849106353555,0.0182604724087203,0.002900169703514831,0.0001646826028690228,0.005115392582874713,0.002604864378543242,0.00018018330740562693,,,,,,,,,
4885.763786626639,0.004811007648928243,0.01507945918315679,0.0010974994623406025,0.01820213274463839,0.0028926817977494414,0.00016430101998137926,0.00509096849339513,0.0025966769916071783,0.00017976900661848143,,,,,,,,,
4892.287800182322,0.004799729693176862,0.015042347604531114,0.00109482056897355,0.01814397946765149,0.002885213224898498,0.00016392032125209628,0.005066661019822796,0.002588515338565518,0.00017935565844534222,,,,,,,,,
4898.820525324311,0.004788478175189707,0.015005327360034255,0.0010921482145342298,0.01808601198227875,0.0028777639350466267,0.0001635405046325071,0.005042469605360263,0.002580379338533673,0.00017894326069583467,,,,,,,,,
4905.3619736852725,0.004777253032991426,0.014968398224886761,0.0010894823830617348,0.01802822969494193,0.00287033387840734,0.000163161568078693,0.005018393695868658,0.0025722689108813126,0.00017853181118462273,,,,,,,,,
4911.912156913426,0.004766054204751925,0.014931559974862235,0.0010868230586341115,0.017970632013959036,0.002862923005322678,0.0001627835095514698,0.004994432739854835,0.002564183975231504,0.00017812130773139353,,,,,,,,,
4918.471086672524,0.004754881628786088,0.014894812386286238,0.001084170225368275,0.017913218349538573,0.002855531266262917,0.0001624063270163797,0.004970586188458902,0.0025561244514599813,0.00017771174816084848,,,,,,,,,
4925.038774641915,0.0047437352435533665,0.014858155236034707,0.0010815238674199055,0.01785598811377321,0.002848158611826179,0.00016203001844367754,0.004946853495441493,0.0025480902596942863,0.00017730313030268996,,,,,,,,,
4931.615232516521,0.004732614987657499,0.014821588301532806,0.0010788839689833622,0.017798940720634027,0.0028408049927381735,0.00016165458180832253,0.004923234117171394,0.0025400813203130404,0.00017689545199161126,,,,,,,,,
4938.2004720069035,0.004721520799846125,0.014785111360753346,0.001076250514291578,0.01774207558596425,0.002833470359851794,0.00016128001508996498,0.004899727512612966,0.0025320975539450956,0.00017648871106728376,,,,,,,,,
4944.79450483924,0.004710452619010506,0.014748724192215706,0.0010736234876159818,0.017685392127473554,0.002826154664146858,0.00016090631627293728,0.004876333143313884,0.002524138881468797,0.00017608290537434685,,,,,,,,,
4951.397342755385,0.004699410384185119,0.014712426574984205,0.0010710028732663812,0.01762888976473177,0.002818857856729726,0.00016053348334624148,0.004853050473392654,0.0025162052240111647,0.00017567803276239509,,,,,,,,,
4958.008997512851,0.0046883940345473826,0.014676218288667015,0.001068388655590896,0.01757256791916333,0.0028115798888330083,0.00016016151430354043,0.004829878969526496,0.0025082965029471407,0.00017527409108596822,,,,,,,,,
4964.629480884875,0.004677403509417271,0.014640099113414613,0.0010657808189758371,0.01751642601404093,0.0028043207118152178,0.0001597904071431445,0.004806818100938972,0.0025004126398987707,0.00017487107820453825,,,,,,,,,
4971.258804660396,0.004666438748257032,0.014604068829918606,0.0010631793478456388,0.01746046347447997,0.002797080277160458,0.0001594201598680031,0.004783867339387947,0.002492553556734475,0.00017446899198249996,,,,,,,,,
4977.8969806440955,0.004655499690670812,0.01456812721941034,0.0010605842266627483,0.017404679727432523,0.002789858536478108,0.00015905077048569303,0.004761026159153462,0.002484719175568248,0.00017406783028915817,,,,,,,,,
4984.5440206564335,0.004644586276404324,0.014532274063659475,0.0010579954399275373,0.01734907420168135,0.002782655441502456,0.00015868223700840685,0.004738294037025613,0.0024769094187588694,0.00017366759099871643,,,,,,,,,
4991.199936533634,0.004633698445344566,0.014496509144972884,0.0010554129721782144,0.01729364632783433,0.002775470944092439,0.0001583145574529438,0.004715670452292689,0.0024691242089091773,0.00017326827199026695,,,,,,,,,
4997.864740127748,0.004622836137519402,0.014460832246193062,0.001052836807990724,0.01723839553831831,0.0027683049962312655,0.0001579477298406976,0.004693154886729137,0.002461363468865254,0.00017286987114777783,,,,,,,,,
5004.5384433066265,0.0046119992930973314,0.014425243150697063,0.0010502669319786676,0.017183321267373625,0.0027611575500261316,0.00015758175219764768,0.004670746824583783,0.002453627121715715,0.00017247238636008345,,,,,,,,,
5011.221057953995,0.004601187852387076,0.014389741642394963,0.0010477033287931915,0.017128422951047946,0.0027540285577078772,0.00015721662255434616,0.004648445752567913,0.0024459150907908847,0.0001720758155208716,,,,,,,,,
5017.912595969424,0.004590401755837309,0.014354327505728749,0.0010451459831229202,0.017073700027190893,0.002746917971630687,0.00015685233894590975,0.0046262511598436475,0.0024382272996621005,0.00017168015652867404,,,,,,,,,
5024.613069268394,0.004579640944036278,0.014319000525670804,0.001042594879693839,0.01701915193544788,0.00273982574427175,0.00015648889941200674,0.004604162538012096,0.002430563672140894,0.0001712854072868535,,,,,,,,,
5031.322489782275,0.004568905357711539,0.014283760487722811,0.0010400500032692272,0.016964778117254747,0.0027327518282309663,0.00015612630199684894,0.004582179381101842,0.002422924132278295,0.000170891565703595,,,,,,,,,
5038.040869458391,0.004558194937729559,0.014248607177914263,0.0010375113386495468,0.016910578015831734,0.0027256961762306027,0.00015576454474917873,0.004560301185557238,0.0024153086043640225,0.00017049862969189142,,,,,,,,,
5044.7682202600045,0.004547509625095442,0.014213540382801305,0.0010349788706723645,0.016856551076178002,0.002718658741115008,0.00015540362572226017,0.004538527450226972,0.002407717012925777,0.00017010659716953612,,,,,,,,,
5051.504554166351,0.004536849360952602,0.014178559889465389,0.0010324525842122605,0.01680269674506587,0.0027116394758502737,0.00015504354297386864,0.004516857676352544,0.0024001492827284837,0.00016971546605910943,,,,,,,,,
5058.24988317268,0.004526214086582393,0.014143665485511901,0.0010299324641807241,0.016749014471035037,0.0027046383335239225,0.00015468429456627858,0.0044952913675567925,0.0023926053387735165,0.000169325234287968,,,,,,,,,
5065.004219290235,0.0045156037434038445,0.01410885695906905,0.0010274184955260876,0.01669550370438719,0.00269765526734461,0.00015432587856625566,0.004473828029832627,0.0023850851062980068,0.00016893589978823483,,,,,,,,,
5071.767574546318,0.004505018272973287,0.01407413409878635,0.0010249106632334098,0.016642163897180054,0.002690690230641791,0.00015396829304504368,0.004452467171531598,0.0023775885107740462,0.000168547460496787,,,,,,,,,
5078.539960984276,0.004494457616984084,0.014039496693833602,0.0010224089523244114,0.01658899450322214,0.002683743176865429,0.0001536115360783568,0.004431208303352763,0.0023701154779080047,0.00016815991435524609,,,,,,,,,
5085.321390663553,0.004483921717266253,0.014004944533899345,0.001019913347857365,0.016535994978066786,0.0026768140595856606,0.00015325560574636687,0.004410050938331336,0.0023626659336397383,0.0001677732593099657,,,,,,,,,
5092.111875659677,0.0044734105157861965,0.013970477409189814,0.0010174238349270203,0.016483164779006916,0.0026699028324925216,0.0001529005001336948,0.004388994591827677,0.0023552398041419035,0.00016738749331202276,,,,,,,,,
5098.911428064322,0.004462923954646332,0.013936095110427475,0.0010149403986645044,0.01643050336506919,0.0026630094493955837,0.0001525462173293989,0.004368038781516054,0.002347837015819191,0.00016700261431720352,,,,,,,,,
5105.720059985287,0.004452461976084842,0.013901797428849928,0.0010124630242372425,0.016378010197008745,0.0026561338642237106,0.00015219275542696637,0.004347183027373718,0.002340457495307623,0.0001666186202859966,,,,,,,,,
5112.537783546559,0.00444202452247526,0.01386758415620845,0.0010099916968488612,0.01632568473730336,0.0026492760310246836,0.00015184011252430068,0.004326426851669789,0.002333101169473793,0.0001662355091835781,,,,,,,,,
5119.364610888293,0.0044316115363262605,0.013833455084766931,0.0010075264017391065,0.01627352645014832,0.0026424359039649565,0.00015148828672371383,0.004305769778954443,0.002325767965414188,0.00016585327897980466,,,,,,,,,
5126.200554166879,0.00442122296028125,0.013799410007300431,0.0010050671241837498,0.016221534801450537,0.0026356134373292997,0.0001511372761319139,0.004285211336047879,0.002318457810454411,0.00016547192764919955,,,,,,,,,
5133.045625554919,0.004410858737118107,0.013765448717094063,0.0010026138494945043,0.0161697092588234,0.0026288085855205217,0.0001507870788599963,0.004264751052029611,0.0023111706321485115,0.00016509145317094402,,,,,,,,,
5139.8998372412725,0.00440051880974886,0.013731571007941677,0.0010001665630189394,0.016118049291581223,0.0026220213030591698,0.00015043769302343365,0.0042443884582276095,0.002303906358278239,0.00016471185352886575,,,,,,,,,
5146.76320143109,0.00439020312121934,0.013697776674144554,0.0009977252501403835,0.01606655437073364,0.002615251544583186,0.0001500891167420641,0.004224123088207539,0.0022966649168523184,0.00016433312671142766,,,,,,,,,
5153.635730345799,0.004379911614708907,0.0136640655105103,0.0009952898962778478,0.0160152239689805,0.0026084992648476653,0.00014974134814008355,0.004203954477762178,0.002289446236105777,0.00016395527071171918,,,,,,,,,
5160.5174362231655,0.004369644233530104,0.013630437312351402,0.0009928604868859308,0.01596405756070616,0.002601764418724487,0.00014939438534603298,0.004183882164900659,0.0022822502444991804,0.00016357828352744243,,,,,,,,,
5167.408331317278,0.004359400921128386,0.01359689187548423,0.0009904370074547383,0.015913054621974378,0.002595046961202075,0.00014904822649279098,0.004163905689838002,0.002275076870717978,0.00016320216316090554,,,,,,,,,
5174.308427898609,0.004349181621081755,0.013563428996227533,0.0009880194435097898,0.015862214630522693,0.002588346847385048,0.00014870286971756136,0.004144024594984473,0.0022679260436717424,0.00016282690761900787,,,,,,,,,
5181.217738253992,0.004338986277100499,0.013530048471401445,0.0009856077806119396,0.015811537065757327,0.002581664032493951,0.00014835831316186487,0.004124238424935224,0.002260797692493517,0.00016245251491323355,,,,,,,,,
5188.136274686692,0.004328814833026839,0.013496750098326044,0.0009832020043572815,0.015761021408747574,0.002574998471864936,0.00014801455497152777,0.0041045467264597246,0.002253691746539065,0.0001620789830596375,,,,,,,,,
5195.064049516378,0.004318667232834668,0.013463533674820314,0.0009808021003770762,0.015710667142220795,0.0025683501209494797,0.00014767159329667371,0.004084949048491521,0.0022466081353862103,0.00016170631007883735,,,,,,,,,
5202.001075079195,0.004308543420629191,0.013430398999200711,0.0009784080543376458,0.015660473750556833,0.00256171893531407,0.0001473294262917114,0.004065444942117768,0.0022395467888341094,0.00016133449399600118,,,,,,,,,
5208.947363727735,0.004298443340646657,0.013397345870280155,0.0009760198519403115,0.015610440719782986,0.002555104870639926,0.0001469880521153271,0.004046033960569068,0.002232507636902581,0.00016096353284083861,,,,,,,,,
5215.90292783111,0.004288366937254018,0.013364374087366612,0.0009736374789212848,0.0155605675375685,0.0025485078827226803,0.0001466474689304724,0.004026715659209125,0.0022254906098313795,0.00016059342464758893,,,,,,,,,
5222.867779774928,0.004278314154948668,0.013331483450262024,0.000971260921051603,0.015510853693219537,0.002541927927472112,0.00014630767490435656,0.004007489595524661,0.0022184956380795462,0.00016022416745501165,,,,,,,,,
5229.8419319613395,0.004268284938358092,0.013298673759261036,0.0009688901641370314,0.01546129867767386,0.002535364960911828,0.00014596866820843496,0.003988355329115235,0.0022115226523246874,0.00015985575930637657,,,,,,,,,
5236.82539680907,0.004258279232239572,0.013265944815149719,0.0009665251940179803,0.01541190198349552,0.0025288189391789715,0.0001456304470183996,0.003969312421683106,0.0022045715834622926,0.00015948819824945093,,,,,,,,,
5243.818186753407,0.004248296981479918,0.01323329641920451,0.0009641659965694256,0.015362663104869884,0.0025222898185239457,0.0001452930095141705,0.003950360437023297,0.002197642362605067,0.0001591214823364926,,,,,,,,,
5250.8203142462635,0.004238338131095103,0.013200728373190822,0.0009618125577008169,0.015313581537598181,0.0025157775553101,0.00014495635387988374,0.0039314989410134905,0.002190734921082218,0.0001587556096242367,,,,,,,,,
5257.831791756161,0.00422840262623002,0.013168240479362034,0.0009594648633560046,0.015264656779092632,0.0025092821060134574,0.00014462047830388416,0.003912727501604206,0.0021838491904388182,0.0001583905781738873,,,,,,,,,
5264.852631768286,0.004218490412158129,0.013135832540458104,0.0009571228995131386,0.015215888328371025,0.0025028034272224046,0.00014428538097871314,0.003894045688808774,0.002176985102435074,0.00015802638605110585,,,,,,,,,
5271.882846784482,0.004208601434281214,0.013103504359704544,0.0009547866521846063,0.015167275686051841,0.00249634147563743,0.00014395106010110125,0.0038754530746936008,0.0021701425890457053,0.00015766303132600198,,,,,,,,,
5278.922449323305,0.004198735638129001,0.01307125574081106,0.0009524561074169261,0.015118818354348886,0.0024898962080707903,0.00014361751387195637,0.0038569492333682793,0.0021633215824592164,0.00015730051207312232,,,,,,,,,
5285.971451920003,0.004188892969358955,0.01303908648797053,0.0009501312512906859,0.015070515837066463,0.0024834675814462775,0.00014328474049635573,0.0038385337409759055,0.002156522015077276,0.0001569388263714412,,,,,,,,,
5293.029867126588,0.004179073373755892,0.013006996405857625,0.000947812069920442,0.015022367639593989,0.0024770555527988706,0.00014295273818353484,0.0038202061756832865,0.0021497438195139996,0.0001565779723043494,,,,,,,,,
5300.097707511809,0.004169276797231743,0.012974985299627826,0.0009454985494546486,0.014974373268901275,0.002470660079274508,0.00014262150514687957,0.0038019661176713856,0.0021429869285953212,0.00015621794795964573,,,,,,,,,
5307.1749856612205,0.00415950318582521,0.01294305297491605,0.0009431906760755663,0.014926532233533117,0.002464281118129752,0.00014229103960391432,0.0037838131491255847,0.0021362512753582996,0.0001558587514295241,,,,,,,,,
5314.261714177166,0.00414975248570152,0.012911199237835626,0.0009408884359991856,0.014878844043604558,0.0024579186267315316,0.00014196133977629458,0.0037657468542262105,0.00212953679305047,0.00015550038081056677,,,,,,,,,
5321.3579056788185,0.004140024643152081,0.012879423894977043,0.0009385918154751463,0.014831308210795773,0.0024515725625568583,0.00014163240388979632,0.003747766819138985,0.002122843415129187,0.0001551428342037318,,,,,,,,,
5328.463572802216,0.0041303196045941945,0.012847726753406733,0.0009363008007866416,0.014783924248346922,0.002445242883192509,0.00014130423017430589,0.0037298726320054844,0.002116171075260937,0.00015478610971434356,,,,,,,,,
5335.5787282002475,0.004120637316570801,0.012816107620666031,0.000934015378250358,0.014736691671053436,0.0024389295463347963,0.00014097681686381174,0.0037120638829338157,0.002109519707320717,0.00015443020545208346,,,,,,,,,
5342.703384542721,0.004110977725750125,0.012784566304769826,0.0009317355342163702,0.014689609995260788,0.002432632509789226,0.00014065016219639374,0.00369434016398911,0.0021028892453913532,0.0001540751195309788,,,,,,,,,
5349.837554516342,0.00410134077892543,0.0127531026142056,0.0009294612550680814,0.014642678738859783,0.0024263517314702734,0.00014032426441421518,0.0036767010691842843,0.002096279623762866,0.00015372085006939398,,,,,,,,,
5356.981250824773,0.00409172642301469,0.01272171635793207,0.0009271925272221241,0.01459589742128135,0.002420087169401053,0.00013999912176351125,0.0036591461944706434,0.002089690776931793,0.0001533673951900191,,,,,,,,,
5364.134486188625,0.004082134605060337,0.0126904073453782,0.0009249293371282913,0.01454926556349194,0.002413838781713072,0.00013967473249458192,0.0036416751377287295,0.002083122639600581,0.00015301475301986205,,,,,,,,,
5371.297273345511,0.0040725652722289245,0.012659175386441882,0.0009226716712694469,0.014502782687988276,0.0024076065266459266,0.00013935109486178028,0.0036242874987589963,0.0020765751466768887,0.00015266292169023566,,,,,,,,,
5378.469625050034,0.004063018371810872,0.012628020291488948,0.000920419516161453,0.01445644831879279,0.0024013903625470442,0.00013902820712350525,0.003606982879272759,0.0020700482332729917,0.00015231189933675136,,,,,,,,,
5385.65155407385,0.004053493851220144,0.012596941871351833,0.000918172858353081,0.014410261981448465,0.0023951902478713837,0.00013870606754219023,0.0035897608828829586,0.002063541834705092,0.00015196168409930551,,,,,,,,,
5392.843073205647,0.0040439916579940085,0.01256593993732863,0.0009159316844259392,0.014364223203014238,0.0023890061411811787,0.00013838467438429545,0.0035726211150951827,0.0020570558864927233,0.0001516122741220732,,,,,,,,,
5400.04419525121,0.004034511739792671,0.012535014301181747,0.0009136959809943849,0.01431833151205988,0.0023828380011456387,0.00013806402592029716,0.003555563183298536,0.002050590324358067,0.00015126366755349545,,,,,,,,,
5407.2549330334095,0.0040250540443990705,0.012504164775136922,0.0009114657347054534,0.014272586438661444,0.0023766857865406984,0.00013774412042467972,0.0035385866967567363,0.002044145084225349,0.00015091586254627122,,,,,,,,,
5414.475299392239,0.0040156185197185515,0.012473391171882018,0.0009092409322387707,0.014226987514396307,0.0023705494562487215,0.0001374249561759257,0.0035216912665991112,0.0020377201022201996,0.00015056885725734704,,,,,,,,,
5421.705307184851,0.004006205113778543,0.012442693304565825,0.0009070215603064753,0.014181534272338276,0.0023644289692582275,0.00013710653145650571,0.003504876505811668,0.002031315314668992,0.0001502226498479066,,,,,,,,,
5428.944969285547,0.003996813774728352,0.012412070986797072,0.000904807605653143,0.014136226247053093,0.0023583242846636327,0.00013678884455287115,0.0034881420292283143,0.002024930658098258,0.0001498772384833628,,,,,,,,,
5436.19429858584,0.003987444450838802,0.012381524032643115,0.0009025990550557016,0.014091062974593333,0.0023522353616649574,0.00013647189375544283,0.003471487453521926,0.002018566069234011,0.00014953262133334533,,,,,,,,,
5443.453307994437,0.003978097090501999,0.012351052256628995,0.0009003958953233588,0.014046043992493958,0.0023461621595675724,0.0001361556773586035,0.0034549123971956788,0.002012221485001159,0.0001491887965716942,,,,,,,,,
5450.722010437301,0.003968771642231009,0.01232065547373614,0.0008981981132975162,0.014001168839767323,0.0023401046377819054,0.00013584019366068734,0.0034384164805742012,0.002005896842522851,0.0001488457623764466,,,,,,,,,
5458.000418857637,0.003959468054659623,0.012290333499401394,0.0008960056958516978,0.013956437056898691,0.0023340627558232,0.00013552544096397226,0.003421999325794974,0.0019995920791198757,0.00014850351692983067,,,,,,,,,
5465.288546215952,0.003950186276542013,0.012260086149515754,0.0008938186298914636,0.013911848185841276,0.002328036473311202,0.00013521141757466895,0.0034056605567995874,0.001993307132310014,0.00014816205841825295,,,,,,,,,
5472.5864054900385,0.003940926256752505,0.012229913240423397,0.0008916369023543433,0.013867401770011842,0.002322025749969942,0.0001348981218029138,0.0033893997993252193,0.0019870419398074564,0.00014782138503229085,,,,,,,,,
5479.894009675042,0.003931687944285251,0.012199814588920397,0.0008894605002097406,0.013823097354285717,0.00231603054562741,0.00013458555196275767,0.00337321668089596,0.001980796439522142,0.0001474814949666816,,,,,,,,,
5487.211371783443,0.003922471288253997,0.012169790012253783,0.0008872894104588751,0.01377893448499239,0.00231005082021534,0.00013427370637215878,0.0033571108308143765,0.0019745705695591864,0.00014714238642031367,,,,,,,,,
5494.538504845094,0.003913276237891764,0.012139839328120345,0.0008851236201346912,0.013734912709910788,0.0023040865337689074,0.00013396258335297248,0.0033410818801529675,0.0019683642682182386,0.00014680405759621743,,,,,,,,,
5501.87542190727,0.0039041027425505657,0.012109962354665474,0.0008829631163017832,0.013691031578264495,0.0022981376464264658,0.00013365218123094206,0.0033251294617456933,0.0019621774739928756,0.00014646650670155354,,,,,,,,,
5509.22213603464,0.0038949507517011778,0.012080158910482197,0.0008808078860563229,0.0136472906407174,0.0022922041184293045,0.00013334249833569112,0.003309253210179644,0.001956010125570006,0.0001461297319476069,,,,,,,,,
5516.578660309344,0.003885820214932795,0.012050428814609916,0.0008786579165259746,0.013603689449368843,0.0022862859101213415,0.00013303353300071262,0.0032934527617865667,0.0019498621618292363,0.00014579373154977336,,,,,,,,,
5523.9450078309665,0.003876711081952806,0.012020771886533476,0.0008765131948698302,0.013560227557749252,0.0022803829819489085,0.000132725283563362,0.0032777277546346428,0.0019437335218423037,0.00014545850372755387,,,,,,,,,
5531.321191716607,0.0038676233025864756,0.011991187946181885,0.0008743737082783151,0.013516904520815358,0.002274495294460433,0.0001324177483648461,0.0032620778285200923,0.0019376241448724261,0.00014512404670454206,,,,,,,,,
5538.70722510086,0.0038585568267767195,0.01196167681392741,0.0008722394439731323,0.013473719894945852,0.0022686228083062276,0.00013211092575021643,0.0032465026249590173,0.0019315339703737475,0.00014479035870841697,,,,,,,,,
5546.103121135878,0.0038495116045837545,0.011932238310584322,0.0008701103892071645,0.01343067323793661,0.002262765484238183,0.0001318048140683582,0.0032310017871791034,0.0019254629379906907,0.00014445743797093208,,,,,,,,,
5553.5088929913545,0.0038404875861849075,0.01190287225740794,0.0008679865312644195,0.013387764108996416,0.0022569232831095346,0.000131499411671983,0.00321557496011154,0.0019194109875574068,0.0001441252827279073,,,,,,,,,
5560.924553854592,0.003831484721874267,0.011873578476093428,0.0008658678574599355,0.013344992068742205,0.0022510961658745816,0.00013119471691761873,0.003200221790382789,0.0019133780590971337,0.00014379389121921838,,,,,,,,,
5568.350116930479,0.0038225029620624746,0.011844356788774836,0.0008637543551397188,0.013302356679194785,0.0022452840935884445,0.00013089072816560227,0.003184941926306577,0.0019073640928216403,0.00014346326168878873,,,,,,,,,
5575.785595441558,0.003813542257276378,0.011815207018023872,0.0008616460116806589,0.013259857503774144,0.002239487027406785,0.00013058744378006856,0.0031697350178757737,0.0019013690291305992,0.000143133392384579,,,,,,,,,
5583.231002628013,0.0038046025581588345,0.011786128986848977,0.0008595428144904592,0.013217494107295157,0.002233704928585561,0.00013028486212894393,0.0031546007167544167,0.0018953928086110296,0.00014280428155857868,,,,,,,,,
5590.686351747706,0.003795683815468404,0.011757122518694174,0.0008574447510075627,0.013175266055963062,0.0022279377584807705,0.0001299829815839363,0.003139538676269732,0.0018894353720366923,0.00014247592746679692,,,,,,,,,
5598.151656076221,0.0037867859800790426,0.011728187437437948,0.000855351808701066,0.013133172917368924,0.002222185478548172,0.0001296818005205257,0.003124548551404138,0.0018834966603674876,0.00014214832836925194,,,,,,,,,
5605.626928906843,0.003777909002979912,0.011699323567392304,0.0008532639750706623,0.013091214260485411,0.002216448050343052,0.0001293813173179571,0.003109629998787428,0.0018775766147489006,0.0001418214825299636,,,,,,,,,
5613.112183550636,0.0037690528352750325,0.011670530733301555,0.0008511812376465465,0.01304938965566213,0.0022107254355199476,0.00012908153035923019,0.003094782676688815,0.0018716751765113938,0.00014149538821694264,,,,,,,,,
5620.6074333364095,0.003760217428183066,0.011641808760341408,0.0008491035839893611,0.013007698674621511,0.0022050175958324095,0.00012878243803109233,0.0030800062450091993,0.001865792287169844,0.00014117004370218294,,,,,,,,,
5628.112691610799,0.0037514027330370083,0.011613157474117734,0.0008470310016901047,0.012966140890454125,0.002199324493132726,0.00012848403872402778,0.0030653003652732747,0.0018599278884229382,0.0001408454472616509,,,,,,,,,
5635.627971738234,0.0037426087012839672,0.011584576700665688,0.0008449634783700693,0.012924715877614582,0.0021936460893716885,0.00012818633083225132,0.00305066470062188,0.0018540819221526323,0.0001405215971752778,,,,,,,,,
5643.153287101019,0.003733835284484841,0.011556066266448494,0.0008429010016807589,0.012883423211916947,0.002187982346598315,0.00012788931275369735,0.003036098915804184,0.0018482543304235307,0.00014019849172694913,,,,,,,,,
5650.688651099298,0.0037250824343140992,0.011527625998356529,0.0008408435593038224,0.012842262470530608,0.0021823332269596276,0.00012759298289001346,0.0030216026771700912,0.0018424450554823584,0.00013987612920449708,,,,,,,,,
5658.234077151137,0.0037163501025594754,0.011499255723706116,0.0008387911389509733,0.012801233231975703,0.0021766986927003545,0.00012729733964654988,0.0030071756526625234,0.0018366540397573427,0.0001395545078996898,,,,,,,,,
5665.789578692494,0.0037076382411217494,0.011470955270238678,0.0008367437283639229,0.0127603350761191,0.0021710787061627315,0.0001270023814323523,0.0029928175118098953,0.0018308812258576884,0.00013923362610822446,,,,,,,,,
5673.355169177291,0.0036989468020144282,0.011442724466119462,0.0008347013153142998,0.012719567584169773,0.0021654732297861955,0.00012670810666015232,0.002978527925718451,0.001825126556572965,0.0001389134821297154,,,,,,,,,
5680.930862077397,0.0036902757373635216,0.011414563139936688,0.0008326638876035858,0.012678930338674777,0.002159882226107182,0.0001264145137463598,0.0029643065670648203,0.001819389974872573,0.00013859407426768813,,,,,,,,,
5688.516670882674,0.0036816249994072745,0.011386471120700433,0.0008306314330630357,0.012638422923514893,0.0021543056577588457,0.00012612160111105412,0.0029501531100884697,0.0018136714239051718,0.0001382754008295683,,,,,,,,,
5696.112609101009,0.003672994540495874,0.01135844823784153,0.0008286039395536053,0.012598044923900223,0.0021487434874708096,0.00012582936717797449,0.002936067230584224,0.0018079708469980918,0.0001379574601266731,,,,,,,,,
5703.718690258307,0.003664384313091226,0.011330494321210671,0.0008265813949658843,0.012557795926366199,0.0021431956780689444,0.0001255378103745136,0.002922048605894911,0.0018022881876568152,0.0001376402504742032,,,,,,,,,
5711.334927898558,0.003655794269766656,0.011302609201077224,0.0008245637872200164,0.012517675518769103,0.0021376621924750743,0.00012524692913170707,0.002908096914903883,0.0017966233895643723,0.00013732377019123242,,,,,,,,,
5718.96133558381,0.0036472243632066975,0.011274792708128353,0.0008225511042656353,0.012477683290282066,0.002132142993706782,0.00012495672188422656,0.00289421183802774,0.001790976396580819,0.00013700801760070034,,,,,,,,,
5726.597926894247,0.0036386745462067597,0.011247044673467826,0.0008205433340817843,0.01243781883139063,0.002126638044877108,0.00012466718707037014,0.002880393057208938,0.001785347152742656,0.00013669299102940188,,,,,,,,,
5734.244715428165,0.0036301447716729496,0.01121936492861516,0.0008185404646768527,0.01239808173388882,0.0021211473091943553,0.00012437832313205526,0.002866640255908581,0.001779735602262293,0.00013637868880798029,,,,,,,,,
5741.9017148020375,0.003621634992621742,0.011191753305504442,0.0008165424840884957,0.01235847159087468,0.002115670749961801,0.00012409012851480867,0.0028529531190990822,0.0017741416895274717,0.00013606510927091574,,,,,,,,,
5749.568938650497,0.0036131451621797686,0.011164209636483452,0.0008145493803835743,0.012318987996746376,0.00211020833057748,0.00012380260166775986,0.002839331333257041,0.00176856535910075,0.00013575225075651963,,,,,,,,,
5757.246400626411,0.003604675233583523,0.011136733754312487,0.0008125611416580677,0.012279630547197806,0.0021047600145339203,0.00012351574104363093,0.0028257745863559686,0.0017630065557189096,0.00013544011160692245,,,,,,,,,
5764.934114400848,0.0035962251601791484,0.011109325492163534,0.0008105777560370222,0.012240398839214675,0.002099325765417917,0.00012322954509873002,0.0028122825678592264,0.0017574652242924528,0.00013512869016806824,,,,,,,,,
5772.632093663158,0.0035877948954221276,0.011081984683619055,0.0008085992116744593,0.012201292471070142,0.002093905546910271,0.00012294401229294134,0.002798854968712832,0.0017519413099050135,0.00013481798478970312,,,,,,,,,
5780.340352120955,0.0035793843928770635,0.011054711162671142,0.0008066254967533241,0.012162311042320935,0.00208849932278556,0.00012265914108971804,0.0027854914813384545,0.0017464347578128507,0.00013450799382536824,,,,,,,,,
5788.058903500152,0.003570993606217424,0.011027504763720448,0.0008046565994854023,0.012123454153803127,0.0020831070569118973,0.0001223749299560739,0.0027721917996263324,0.001740945513444285,0.00013419871563239054,,,,,,,,,
5795.7877615450125,0.003562622489225255,0.011000365321575117,0.0008026925081112516,0.01208472140762797,0.0020777287132506725,0.00012209137736257392,0.0027589556189282346,0.0017354735223991508,0.00013389014857187337,,,,,,,,,
5803.526940018127,0.0035542709957909627,0.010973292671449916,0.0008007332109001393,0.012046112407178055,0.002072364255856333,0.00012180848178332795,0.0027457826360505473,0.001730018730448288,0.00013358229100868965,,,,,,,,,
5811.2764527004865,0.003545939079913026,0.010946286648965086,0.000798778696149958,0.012007626757102971,0.002067013648876124,0.00012152624169598049,0.0027326725492472564,0.001724581083532964,0.00013327514131147042,,,,,,,,,
5819.036313391463,0.003537626695697786,0.010919347090145496,0.0007968289521871732,0.011969264063315522,0.00206167685654987,0.00012124465558170416,0.0027196250582131147,0.00171916052776438,0.00013296869785259943,,,,,,,,,
5826.806535908876,0.0035293337973591426,0.010892473831419483,0.000794883967366735,0.011931023932987455,0.002056353843209712,0.00012096372192519019,0.002706639864076676,0.0017137570094230962,0.00013266295900820122,,,,,,,,,
5834.5871340889735,0.0035210603392183443,0.01086566670961803,0.0007929437300720278,0.011892905974545653,0.002051044573279892,0.00012068343921464173,0.0026937166693935376,0.0017083704749585335,0.00013235792315813568,,,,,,,,,
5842.378121786503,0.003512806275703703,0.010838925561973618,0.0007910082287147813,0.011854909797667918,0.0020457490112764935,0.00012040380594176395,0.0026808551781394413,0.0017030008709884201,0.00013205358868598676,,,,,,,,,
5850.179512874686,0.0035045715613503878,0.010812250226119376,0.0007890774517350196,0.011817035013279182,0.002040467121807232,0.0001201248206017578,0.0026680550957035704,0.0016976481442982786,0.0001317499539790559,,,,,,,,,
5857.991321245298,0.0034963561508001063,0.01078564054008795,0.0007871513876009776,0.011779281233547302,0.0020351988695711787,0.00011984648169331003,0.002655316128881729,0.0016923122418408773,0.000131447017428352,,,,,,,,,
5865.813560808643,0.003488159998800928,0.010759096342310674,0.0007852300248090405,0.011741648071879291,0.002029944219358569,0.00011956878771858687,0.0026426379858696942,0.0016869931107357323,0.0001311447774285839,,,,,,,,,
5873.6462454936,0.003479983060207002,0.0107326174716165,0.0007833133518836757,0.01170413514291729,0.002024703136050538,0.00011929173718322483,0.002630020376256492,0.0016816906982685684,0.00013084323237815202,,,,,,,,,
5881.489389247665,0.0034718252899782758,0.010706203767230972,0.0007814013573773538,0.011666742062534494,0.002019475584618888,0.0001190153285963226,0.0026174630110177267,0.001676404951890784,0.00013054238067913813,,,,,,,,,
5889.343006036935,0.0034636866431803186,0.010679855068775395,0.0007794940298704965,0.011629468447831455,0.00201426153012587,0.00011873956047043421,0.002604965602509028,0.0016711358192189575,0.00013024222073729948,,,,,,,,,
5897.20710984618,0.003455567074984003,0.010653571216265704,0.000777591357971391,0.011592313917131928,0.002009060937723929,0.00011846443132155933,0.0025925278644593755,0.0016658832480343055,0.00012994275096205808,,,,,,,,,
5905.0817146788195,0.003447466540665322,0.010627352050111637,0.0007756933303161387,0.011555278089979167,0.002003873772655499,0.00011818993966913711,0.0025801495119646303,0.0016606471862821836,0.00012964396976649378,,,,,,,,,
5912.966834556998,0.003439384995605072,0.010601197411115605,0.0007737999355685732,0.011518360587131841,0.0019987000002527314,0.0001179160840360363,0.0025678302614809243,0.0016554275820715467,0.00012934587556733478,,,,,,,,,
5920.862483521556,0.003431322395288684,0.010575107140471923,0.0007719111624202024,0.011481561030560338,0.001993539585937311,0.00011764286294854926,0.002555569830818239,0.0016502243836744677,0.00012904846678495028,,,,,,,,,
5928.76867563211,0.003423278695305911,0.01054908107976563,0.000770026999590134,0.01144487904344269,0.0019883924952201755,0.00011737027493638221,0.002543367939133874,0.001645037539525587,0.000128751741843341,,,,,,,,,
5936.685424967027,0.0034152538513506324,0.010523119070971726,0.0007681474358250146,0.011408314250160931,0.001983258693701333,0.00011709831853264877,0.0025312243069260877,0.00163986699822164,0.000128455699170132,,,,,,,,,
5944.612745623493,0.0034072478192205694,0.01049722095645405,0.000766272459898956,0.011371866276297044,0.0019781381470695843,0.00011682699227386084,0.002519138656027613,0.0016347127085209103,0.00012816033719656314,,,,,,,,,
5952.550651717498,0.003399260554817089,0.010471386578964459,0.0007644020606134743,0.011335534748629318,0.0019730308211023404,0.00011655629469992217,0.0025071107095993687,0.0016295746193427541,0.000127865654357482,,,,,,,,,
5960.499157383905,0.0033912920141449085,0.01044561578164173,0.0007625362267974172,0.011299319295128342,0.0019679366816653552,0.00011628622435411872,0.0024951401921240388,0.0016244526797670707,0.00012757164909133425,,,,,,,,,
5968.4582767764305,0.0033833421533118898,0.010419908408010764,0.0007606749473069015,0.011263219544953355,0.0019628556947125187,0.0001160167797831125,0.002483226829399822,0.001619346839033811,0.0001272783198401568,,,,,,,,,
5976.4280240676935,0.0033754109285287965,0.01039426430198154,0.0007588182110252475,0.01122723512844838,0.0019577878262856323,0.00011574795953693304,0.0024713703485341365,0.0016142570465424767,0.0001269856650495686,,,,,,,,,
5984.408413449255,0.0033674982961090223,0.010368683307848129,0.0007569660068629057,0.011191365677138375,0.0019527330425141538,0.00011547976216896893,0.0024595704779373276,0.0016091832518515966,0.00012669368316876222,,,,,,,,,
5992.399459131601,0.003359604212468389,0.010343165270287882,0.0007551183237573992,0.011155610823725614,0.0019476913096150123,0.00011521218623596128,0.0024478269473165197,0.0016041254046782621,0.00012640237265049668,,,,,,,,,
6000.401175344219,0.0033517286341248707,0.010317710034360342,0.00075327515067325,0.011119970202085726,0.0019426625938923456,0.00011494523029799479,0.002436139487669347,0.001599083454897592,0.00012611173195108802,,,,,,,,,
6008.4135763355725,0.0033438715176983946,0.010292317445506441,0.0007514364766019201,0.01108444344726419,0.0019376468617373,0.00011467889291849135,0.0024245078312778636,0.0015940573525422663,0.0001258217595304023,,,,,,,,,
6016.436676373173,0.003336032819910558,0.010266987349547405,0.0007496022905617393,0.01104903019547233,0.001932644079627788,0.00011441317266420058,0.002412931711702342,0.0015890470478020094,0.00012553245385184627,,,,,,,,,
6024.470489743563,0.0033282124975844265,0.010241719592684008,0.0007477725815978455,0.011013730084083836,0.0019276542141282802,0.000114148068105194,0.0024014108637752446,0.0015840524910231137,0.00012524381338236041,,,,,,,,,
6032.5150307523845,0.003320410507644264,0.010216514021495428,0.0007459473387821126,0.010978542751630847,0.0019226772318895662,0.00011388357781485549,0.0023899450235950704,0.0015790736327079258,0.00012495583659240947,,,,,,,,,
6040.570313724356,0.0033126268071153415,0.010191370482938514,0.0007441265512130951,0.010943467837800432,0.0019177130996485472,0.00011361970036987537,0.0023785339285203834,0.001574110423514387,0.00012466852195597622,,,,,,,,,
6048.636353003352,0.003304861353123632,0.01016628882434669,0.0007423102080159488,0.010908504983430701,0.001912761784227996,0.00011335643435024115,0.0023671773171637296,0.0015691628142555066,0.00012438186795055077,,,,,,,,,
6056.713162952373,0.0032971141028956515,0.010141268893429176,0.0007404982983423827,0.010873653830507363,0.0019078232525363609,0.00011309377833923114,0.002355874929385719,0.001564230755898914,0.00012409587305712557,,,,,,,,,
6064.800757953624,0.003289385013758159,0.010116310538269902,0.0007386908113705767,0.010838914022159807,0.0019028974715675077,0.00011283173092340578,0.002344626506288992,0.0015593141995663348,0.00012381053576018423,,,,,,,,,
6072.899152408497,0.0032816740431379572,0.010091413607326754,0.0007368877363051331,0.010804285202657655,0.0018979844084005392,0.00011257029069260111,0.0023334317902123573,0.001554413096533135,0.00012352585454769626,,,,,,,,,
6081.008360737614,0.0032739811485616604,0.010066577949430559,0.0007350890623770016,0.010769767017407053,0.0018930840301995485,0.00011230945623992062,0.0023222905247248537,0.0015495273982278315,0.00012324182791110735,,,,,,,,,
6089.12839738087,0.0032663062876554273,0.010041803413784123,0.0007332947788434173,0.01073535911294693,0.0018881963042134038,0.00011204922616172707,0.00231120245461986,0.0015446570562315917,0.00012295845434533162,,,,,,,,,
6097.259276797421,0.003258649418144767,0.010017089849961454,0.0007315048749878396,0.010701061136945578,0.0018833211977755402,0.0001117895990576364,0.002300167325909307,0.001539802022277788,0.00012267573234874435,,,,,,,,,
6105.401013465749,0.0032510104978542708,0.009992437107906696,0.0007297193401198825,0.010666872738196855,0.0018784586783037243,0.0001115305735305086,0.002289184885817786,0.0015349622482514807,0.00012239366042317293,,,,,,,,,
6113.553621883651,0.003243389484707422,0.009967845037933359,0.0007279381635752606,0.010632793566616758,0.0018736087132998629,0.0001112721481864415,0.0022782548827768334,0.0015301376861889806,0.0001221122370738905,,,,,,,,,
6121.717116568304,0.003235786336726315,0.009943313490723282,0.0007261613347157102,0.010598823273239648,0.0018687712703497465,0.00011101432163476214,0.002267377066419097,0.001525328288277336,0.00012183146080960584,,,,,,,,,
6129.891512056246,0.0032282010120314665,0.009918842317325831,0.000724388842928944,0.010564961510214911,0.0018639463171228794,0.00011075709248802066,0.002256551187572665,0.0015205340068538899,0.00012155133014245804,,,,,,,,,
6138.07682290345,0.00322063346884155,0.009894431369156905,0.0007226206776285689,0.010531207930803137,0.001859133821372216,0.00011050045936198115,0.0022457769982552984,0.0015157547944057857,0.00012127184358800582,,,,,,,,,
6146.273063685302,0.0032130836654732054,0.009870080497998151,0.000720856828254041,0.01049756218937281,0.0018543337509339922,0.00011024442087561596,0.0022350542516688153,0.001510990603569514,0.00012099299966522255,,,,,,,,,
6154.480248996676,0.0032055515603407643,0.009845789555995885,0.0007190972842705872,0.010464023941396568,0.001849546073727464,0.0001099889756510965,0.002224382702193366,0.0015062413871304214,0.00012071479689648589,,,,,,,,,
6162.698393451908,0.00319803711195606,0.009821558395660413,0.0007173420351691529,0.010430592843447852,0.001844770757754737,0.00010973412231378761,0.0022137621053818814,0.0015015070980222724,0.00012043723380757172,,,,,,,,,
6170.927511684875,0.003190540278928164,0.009797386869864942,0.0007155910704663319,0.010397268553197215,0.0018400077711005166,0.00010947985949223853,0.0022031922179544003,0.0014967876893267477,0.00012016030892764512,,,,,,,,,
6179.167618348974,0.0031830610199631987,0.009773274831844795,0.0007138443797043086,0.010364050729408972,0.001835257081931916,0.00010922618581817655,0.002192672797792554,0.0014920831142730135,0.00011988402078925337,,,,,,,,,
6187.4187281171735,0.0031755992938640757,0.009749222135196526,0.0007121019524507968,0.01033093903193764,0.001830518658498244,0.00010897309992649968,0.0021822036039340054,0.001487393326237237,0.00011960836792831838,,,,,,,,,
6195.680855682049,0.0031681550595302715,0.009725228633876938,0.0007103637782989673,0.010297933121724376,0.0018257924691307678,0.00010872060045526827,0.0021717843965668943,0.0014827182787421202,0.00011933334888412727,,,,,,,,,
6203.95401575577,0.003160728275957637,0.009701294182202306,0.000708629846867401,0.010265032660793693,0.0018210784822425398,0.00010846868604569923,0.0021614149370244033,0.0014780579254564654,0.00011905896219932724,,,,,,,,,
6212.238223070181,0.0031533189022381093,0.009677418634847399,0.000706900147800013,0.010232237312249776,0.0018163766663281517,0.000108217355342157,0.0021510949877792305,0.0014734122201946814,0.00011878520641991498,,,,,,,,,
6220.53349237677,0.003145926897559556,0.009653601846844688,0.0007051746707660003,0.01019954674027325,0.001811686989963548,0.00010796660699214802,0.0021408243124382102,0.001468781116916361,0.00011851208009523175,,,,,,,,,
6228.8398384467455,0.003138552221205493,0.009629843673583363,0.0007034534054597737,0.010166960610117539,0.0018070094218057987,0.00010771643964631183,0.0021306026757368325,0.00146416456972579,0.0001182395817779534,,,,,,,,,
6237.15727607102,0.0031311948325548973,0.009606143970808584,0.0007017363416009014,0.01013447858810563,0.001802343930592905,0.00010746685195841505,0.002120429843533921,0.001459562532871527,0.00011796771002408422,,,,,,,,,
6245.4858200602785,0.003123854691081956,0.009582502594620462,0.0007000234689340429,0.010102100341626473,0.0017976904851435761,0.0001072178425853431,0.0021103055828062046,0.0014549749607459164,0.00011769646339294829,,,,,,,,,
6253.825485244958,0.003116531756355878,0.009558919401473303,0.0006983147772288924,0.01006982553913175,0.0017930490543570346,0.00010696941018709429,0.002100229661643039,0.0014504018078846646,0.00011742584044718271,,,,,,,,,
6262.1762864753255,0.0031092259880406274,0.009535394248174655,0.0006966102562801127,0.0100376538501323,0.0017884196072127931,0.0001067215534267709,0.0020902018492410376,0.0014458430289663704,0.0001171558397527291,,,,,,,,,
6270.538238621451,0.0031019373458947403,0.009511926991884504,0.0006949098959072795,0.010005584945194924,0.0017838021127704695,0.00010647427097057387,0.0020802219158988482,0.0014412985788120898,0.00011688645987882693,,,,,,,,,
6278.911356573286,0.003094665789771071,0.00948851749011433,0.0006932136859548148,0.009973618495938823,0.0017791965401695467,0.00010622756148779369,0.002070289633011821,0.00143676841238487,0.00011661769939800498,,,,,,,,,
6287.295655240645,0.003087411279616605,0.009465165600726345,0.0006915216162919335,0.009941754175032413,0.0017746028586292039,0.00010598142365080502,0.0020604047730668354,0.0014322524847893258,0.00011634955688607448,,,,,,,,,
6295.691149553255,0.003080173775472211,0.009441871181932546,0.0006898336768125763,0.009909991656189861,0.0017700210374480853,0.00010573585613505841,0.002050567109637056,0.001427750751271184,0.00011608203092212172,,,,,,,,,
6304.097854460794,0.003072953237472421,0.009418634092293845,0.000688149857435351,0.009878330614167714,0.0017654510460040995,0.00010549085761907318,0.002040776417376731,0.0014232631672168269,0.00011581512008849941,,,,,,,,,
6312.51578493288,0.00306574962584524,0.009395454190719325,0.0006864701481034756,0.009846770724761734,0.0017608928537542249,0.00010524642678443136,0.002031032472016082,0.0014187896881528745,0.00011554882297082049,,,,,,,,,
6320.944955959142,0.0030585629009118862,0.009372331336465199,0.0006847945387847131,0.009815311664803353,0.0017563464302342887,0.00010500256231576902,0.002021335050356102,0.0014143302697457243,0.00011528313815794959,,,,,,,,,
6329.385382549204,0.0030513930230866076,0.009349265389134165,0.0006831230194713169,0.009783953112156601,0.0017518117450587886,0.00010475926290077087,0.0020116839302635092,0.0014098848678011269,0.00011501806424199645,,,,,,,,,
6337.837079732754,0.003044239952876433,0.00932625620867437,0.0006814555801799651,0.009752694745714564,0.0017472887679206536,0.00010451652723016153,0.002002078890665594,0.0014054534382637286,0.00011475359981830755,,,,,,,,,
6346.300062559527,0.0030371036508809956,0.009303303655378686,0.0006797922109517097,0.009721536245396345,0.0017427774685910842,0.00010427435399770017,0.0019925197115452124,0.0014010359372166627,0.00011448974348545962,,,,,,,,,
6354.774346099376,0.003029984077792258,0.00928040758988377,0.0006781329018519036,0.009690477292143536,0.0017382778169193062,0.00010403274190017184,0.0019830061739356955,0.0013966323208810811,0.00011422649384525122,,,,,,,,,
6363.259945442255,0.003022881194394361,0.009257567873169333,0.0006764776429701579,0.0096595175679172,0.001733789782832413,0.00010379168963738184,0.001973538059915887,0.0013922425456157547,0.00011396384950269633,,,,,,,,,
6371.756875698291,0.003015794961563348,0.009234784366557123,0.0006748264244202655,0.00962865675569438,0.0017293133363351211,0.00010355119591214753,0.0019641151526050937,0.0013878665679166078,0.00011370180906601589,,,,,,,,,
6380.26515199777,0.003008725340266999,0.009212056931710278,0.0006731792363401579,0.009597894539465019,0.0017248484475096081,0.00010331125943029254,0.0019547372361581644,0.0013835043444163123,0.00011344037114663167,,,,,,,,,
6388.784789491179,0.0030016722915645827,0.009189385430632354,0.0006715360688918357,0.009567230604228703,0.001720395086515295,0.00010307187890063915,0.0019454040957605336,0.001379155831883852,0.00011317953435915788,,,,,,,,,
6397.315803349258,0.0029946357766066447,0.0091667697256665,0.0006698969122613122,0.009536664635991296,0.0017159532235886327,0.00010283305303500081,0.0019361155176232695,0.0013748209872240771,0.00011291929732139401,,,,,,,,,
6405.858208762978,0.0029876157566348246,0.009144209679494713,0.000668261756658558,0.009506196321761954,0.0017115228290429387,0.00010259478054817663,0.0019268712889782347,0.0013704997674773075,0.00011265965865431809,,,,,,,,,
6414.4120209436205,0.0029806121929815865,0.009121705155136871,0.0006666305923174375,0.009475825349549672,0.0017071038732681574,0.00010235706015794291,0.00191767119807315,0.0013661921298188733,0.00011240061698207854,,,,,,,,,
6422.977255122751,0.002973625047070073,0.009099256015950017,0.000665003409495658,0.009445551408360333,0.0017026963267307038,0.00010211989058504747,0.0019085150341668,0.0013618980315587249,0.00011214217093198779,,,,,,,,,
6431.553926552302,0.0029666542804138323,0.009076862125627447,0.0006633801984747001,0.009415374188193286,0.0016983001599732246,0.00010188327055320176,0.0018994025875241549,0.0013576174301409762,0.00011188431913451404,,,,,,,,,
6440.142050504546,0.0029596998546166497,0.009054523348197951,0.0006617609495597739,0.009385293380038403,0.0016939153436144406,0.0001016471987890752,0.0018903336494116199,0.0013533502831435107,0.00011162706022327497,,,,,,,,,
6448.741642272174,0.002952761731372302,0.00903223954802491,0.0006601456530797457,0.009355308675872694,0.0016895418483489182,0.00010141167402228683,0.0018813080120921944,0.0013490965482775424,0.00011137039283502947,,,,,,,,,
6457.352717168272,0.0029458398724643863,0.009010010589805585,0.0006585342993870956,0.009325419768657342,0.0016851796449468958,0.00010117669498540003,0.0018723254688207758,0.0013448561833872112,0.00011111431560967184,,,,,,,,,
6465.975290526398,0.0029389342397660636,0.008987836338570133,0.0006569268788578472,0.009295626352334423,0.0016808287042540725,0.00010094226041391417,0.0018633858138393624,0.0013406291464491459,0.00011085882719022249,,,,,,,,,
6474.609377700562,0.002932044795239888,0.008965716659680972,0.0006553233818915183,0.009265928121823863,0.0016764889971914274,0.00010070836904625934,0.0018544888423723959,0.001336415395572075,0.00011060392622282333,,,,,,,,,
6483.2549940653,0.002925171500937565,0.008943651418831808,0.0006537237989110579,0.009236324773020242,0.00167216049475501,0.00010047501962378813,0.0018456343506220193,0.0013322148889963795,0.00011034961135672788,,,,,,,,,
6491.91215501566,0.002918314318999778,0.008921640482046907,0.0006521281203627934,0.00920681600278973,0.0016678431680157647,0.00010024221089076977,0.001836822135763456,0.00132802758509371,0.00011009588124429659,,,,,,,,,
6500.5808759672445,0.002911473211655949,0.008899683715680288,0.0006505363367163742,0.009177401508967007,0.0016635369881193222,0.00010000994159438343,0.001828051995940341,0.001323853442366555,0.00010984273454098814,,,,,,,,,
6509.261172356264,0.0029046481412240348,0.008877780986414823,0.0006489484384647058,0.009148080990352038,0.0016592419262858088,9.977821048471052e-05,0.0018193237302600782,0.001319692419447826,0.0001095901699053524,,,,,,,,,
6517.9530596395125,0.002897839070110346,0.008855932161261536,0.0006473644161239077,0.009118854146707184,0.0016549579538096635,9.954701631472933e-05,0.001810637138789282,0.0013155444751004716,0.00010933818599902459,,,,,,,,,
6526.65655329445,0.0028910459608093,0.008834137107558697,0.0006457842602332404,0.009089720678753929,0.0016506850420594335,9.931635784030686e-05,0.0018019920225491514,0.001311409568217037,0.00010908678148671603,,,,,,,,,
6535.371668819177,0.0028842687759032485,0.008812395692971145,0.0006442079613550648,0.009060680288169979,0.0016464231624775956,9.908623382019364e-05,0.0017933881835109611,0.0013072876578192883,0.00010883595503620963,,,,,,,,,
6544.098421732517,0.0028775074780622444,0.008790707785489297,0.0006426355100747729,0.009031732677586099,0.00164217228658035,9.885664301601549e-05,0.001784825424591472,0.001303178703057775,0.00010858570531835022,,,,,,,,,
6552.836827573989,0.0028707620300438717,0.00876907325342856,0.0006410668970007398,0.009002877550583134,0.001637932385957453,9.862758419226844e-05,0.001776303549648468,0.001299082663211458,0.00010833603100704,,,,,,,,,
6561.586901903886,0.002864032394692987,0.00874749196542835,0.0006395021127642624,0.00897411461168892,0.0016337034322719943,9.839905611631066e-05,0.0017678223634762147,0.0012949994976872731,0.00010808693077922936,,,,,,,,,
6570.348660303256,0.0028573185349415765,0.008725963790451416,0.0006379411480195083,0.008945443566375324,0.001629485397260246,9.817105755835669e-05,0.0017593816718010397,0.0012909291660197564,0.00010783840331491145,,,,,,,,,
6579.122118373977,0.0028506204138084986,0.008704488597782957,0.0006363839934434546,0.00891686412105512,0.0016252782527314338,9.794358729147033e-05,0.0017509812812768256,0.0012868716278706244,0.00010759044729711407,,,,,,,,,
6587.907291738734,0.0028439379943993185,0.008683066257029935,0.0006348306397358379,0.008888375983079152,0.0016210819705675893,9.771664409155896e-05,0.0017426209994806396,0.0012828268430283881,0.00010734306141189362,,,,,,,,,
6596.704196041101,0.0028372712399060726,0.008661696638120128,0.0006332810776190924,0.008859978860733126,0.0016168965227233213,9.749022673736542e-05,0.0017343006349082694,0.001278794771407938,0.00010709624434832724,,,,,,,,,
6605.512846945518,0.0028306201136071014,0.008640379611301515,0.0006317352978383021,0.00883167246323482,0.001612721881225663,9.726433401046292e-05,0.0017260199969698804,0.001274775373050167,0.00010684999479850656,,,,,,,,,
6614.333260137344,0.002823984578866819,0.008619115047141367,0.0006301932911611392,0.008803456500731019,0.0016085580181738714,9.703896469524787e-05,0.0017177788959856382,0.0012707686081215603,0.00010660431145753092,,,,,,,,,
6623.165451322905,0.0028173645991355118,0.008597902816525475,0.0006286550483778098,0.008775330684294471,0.0016044049057392245,9.681411757893274e-05,0.0017095771431813356,0.0012667744369138012,0.000106359193023499,,,,,,,,,
6632.009436229469,0.0028107601379491667,0.008576742790657456,0.0006271205603010031,0.00874729472592109,0.0016002625161648711,9.658979145154091e-05,0.0017014145506841203,0.0012627928198433872,0.00010611463819750418,,,,,,,,,
6640.865230605334,0.002804171158929229,0.008555634841057808,0.0006255898177658308,0.008719348338526866,0.0015961308217656049,9.636598510589858e-05,0.0016932909315181364,0.0012588237174512209,0.00010587064568362555,,,,,,,,,
6649.732850219799,0.002797597625782437,0.008534578839563324,0.0006240628116297782,0.008691491235945035,0.0015920097949277197,9.614269733762986e-05,0.0016852060996002903,0.0012548670904022439,0.00010562721418892251,,,,,,,,,
6658.612310863248,0.0027910395023005925,0.008513574658326145,0.0006225395327726438,0.00866372313292302,0.0015878994081087849,9.591992694514872e-05,0.0016771598697359433,0.0012509228994850164,0.00010538434242342694,,,,,,,,,
6667.503628347122,0.0027844967523603984,0.008492622169813096,0.0006210199720964901,0.00863604374511969,0.001583799633837499,9.569767272965406e-05,0.001669152057614718,0.0012469911056113606,0.00010514202910013718,,,,,,,,,
6676.406818504002,0.0027779693399232154,0.008471721246804826,0.0006195041205255838,0.008608452789102229,0.0015797104447134757,9.547593349512177e-05,0.0016611824798062227,0.0012430716698159418,0.00010490027293501041,,,,,,,,,
6685.321897187585,0.002771457229034902,0.008450871762395153,0.0006179919690063496,0.008580949982343463,0.0015756318134070811,9.525470804829973e-05,0.0016532509537559043,0.001239164553255913,0.00010465907264695668,,,,,,,,,
6694.248880272763,0.002764960383825585,0.008430073589990119,0.0006164835085073043,0.008553535043218742,0.0015715637126592372,9.503399519870015e-05,0.0016453572977808142,0.0012352697172105004,0.00010441842695783121,,,,,,,,,
6703.187783655599,0.0027584787685095012,0.008409326603307423,0.0006149787300190171,0.00852620769100328,0.001567506115281252,9.481379375859388e-05,0.0016375013310654944,0.0012313871230806449,0.00010417833459242858,,,,,,,,,
6712.1386232534105,0.0027520123473847437,0.008388630676375481,0.0006134776245540412,0.008498967645869054,0.0015634589941546232,9.459410254300364e-05,0.001629682873657791,0.001227516732388602,0.00010393879427847495,,,,,,,,,
6721.101415004749,0.0027455610848331246,0.00836798568353276,0.0006119801831468729,0.008471814628882147,0.0015594223222308756,9.437492036969823e-05,0.0016219017464647744,0.0012236585067775694,0.00010369980474662245,,,,,,,,,
6730.076174869447,0.002739124945319951,0.008347391499427013,0.0006104863968538906,0.008444748361999764,0.0015553960725313652,9.415624605918575e-05,0.0016141577712486122,0.0012198124080113103,0.00010346136473044157,,,,,,,,,
6739.062918828671,0.0027327038933938064,0.008326847999014446,0.0006089962567533012,0.008417768568067372,0.0015513802181471,9.393807843470674e-05,0.001606450770622476,0.0012159783979737565,0.00010322347296641454,,,,,,,,,
6748.061662884898,0.002726297893686409,0.008306355057559046,0.0006075097539450936,0.008390874970815998,0.001547374732238571,9.372041632222911e-05,0.0015987805680465175,0.0012121564386686542,0.00010298612819392923,,,,,,,,,
6757.072423062004,0.0027199069109123636,0.008285912550631741,0.0006060268795509743,0.008364067294859213,0.001543379588035559,9.350325855044036e-05,0.0015911469878237753,0.0012083464922191688,0.00010274932915527167,,,,,,,,,
6766.095215405231,0.002713530909869014,0.008265520354109756,0.0006045476247143281,0.008337345265690506,0.0015393947588369689,9.32866039507428e-05,0.0015835498550962005,0.0012045485208675238,0.0001025130745956202,,,,,,,,,
6775.130055981275,0.0027071698554361964,0.008245178344175699,0.0006030719806001505,0.008310708609680275,0.0015354202180106367,9.307045135724565e-05,0.0015759889958406016,0.0012007624869746097,0.00010227736326303799,,,,,,,,,
6784.176960878259,0.0027008237125761077,0.008224886397316993,0.0006015999383950101,0.008284157054073232,0.0015314559389931724,9.28547996067604e-05,0.0015684642368647044,0.0011969883530196345,0.00010204219390846723,,,,,,,,,
6793.235946205815,0.0026944924463330553,0.008204644390324964,0.0006001314893069805,0.0082576903269854,0.0015275018952897524,9.263964753879299e-05,0.0015609754058031422,0.0011932260815997236,0.00010180756528572163,,,,,,,,,
6802.307028095061,0.002688176021833306,0.008184452200294208,0.0005986666245656027,0.008231308157401532,0.001523558060473978,9.242499399553904e-05,0.0015535223311135523,0.001189475635429579,0.00010157347615148106,,,,,,,,,
6811.39022269868,0.002681874404284862,0.008164309704621758,0.0005972053354218204,0.00820501027517215,0.0015196244081876625,9.221083782187618e-05,0.0015461048420725972,0.0011857369773410791,0.0001013399252652831,,,,,,,,,
6820.485546190905,0.0026755875589773025,0.00814421678100643,0.0005957476131479349,0.00817879641101091,0.0015157009121406879,9.199717786535928e-05,0.0015387227687721006,0.001182010070282939,0.0001011069113895186,,,,,,,,,
6829.593014767566,0.002669315451281566,0.008124173307448008,0.0005942934490375534,0.008152666296491832,0.0015117875461108082,9.178401297621295e-05,0.0015313759421151294,0.0011782948773203263,0.00010087443328942362,,,,,,,,,
6838.712644646141,0.0026630580466497607,0.008104179162246506,0.0005928428344055284,0.00812661966404643,0.0015078842839434759,9.157134200732592e-05,0.0015240641938121108,0.0011745913616344917,0.00010064248973307319,,,,,,,,,
6847.844452065733,0.002656815310615,0.008084234224001488,0.0005913957605879195,0.008100656246961166,0.0015039910995516836,9.135916381424547e-05,0.0015167873563770155,0.0011708994865224245,0.00010041107949137531,,,,,,,,,
6856.98845328716,0.0026505872087911764,0.00806433837161125,0.0005899522189419267,0.008074775779374516,0.0015001079669157609,9.114747725516987e-05,0.0015095452631234726,0.001167219215396462,0.00010018020133806373,,,,,,,,,
6866.144664592925,0.002644373706872804,0.008044491484272191,0.0005885122008458532,0.00804897799627444,0.0014962348600832353,9.093628119094385e-05,0.0015023377481610013,0.0011635505117839546,9.9949854049692e-05,,,,,,,,,
6875.3131022873,0.002638174770634801,0.00802469344147793,0.0005870756976990417,0.00802326263349548,0.001492371753168622,9.072557448505082e-05,0.0014951646463911624,0.0011598933393268758,9.972003640562675e-05,,,,,,,,,
6884.493782696301,0.002631990365932336,0.008004944123018746,0.0005856427009218318,0.007997629427716249,0.001488518620353289,9.05153560036084e-05,0.0014880257935038204,0.0011562476617814916,9.949074718804142e-05,,,,,,,,,
6893.686722167772,0.0026258204587006,0.007985243408980703,0.0005842132019555024,0.007972078116456543,0.0014846754358852454,9.030562461536076e-05,0.0014809210259733392,0.0011526134430179724,9.926198518190903e-05,,,,,,,,,
6902.8919370713575,0.002619665014954654,0.007965591179745013,0.0005827871922622262,0.00794660843807481,0.0014808421740790069,9.009637919167399e-05,0.0014738501810548797,0.00114899064702006,9.903374917499695e-05,,,,,,,,,
6912.109443798591,0.002613524000789211,0.007945987315987248,0.0005813646633250133,0.007921220131765369,0.001477018809315393,8.98876186065286e-05,0.0014668130967806256,0.0011453792378846885,9.88060379578597e-05,,,,,,,,,
6921.339258762863,0.002607397382378487,0.007926431698676701,0.0005799456066476655,0.007895912937555805,0.001473205316041377,8.967934173651492e-05,0.001459809611956116,0.0011417791798216525,9.857885032383286e-05,,,,,,,,,
6930.581398399512,0.002601285125975963,0.007906924209075525,0.0005785300137547199,0.007870686596304253,0.0014694016687699018,8.947154746082556e-05,0.0014528395661565145,0.001138190437153225,9.835218506902579e-05,,,,,,,,,
6939.835879165799,0.0025951871979142515,0.007887464728738166,0.000577117876191405,0.007845540849696778,0.0014656078420797168,8.92642346612507e-05,0.001445902799722969,0.0011346129743138303,9.812604099231713e-05,,,,,,,,,
6949.102717540963,0.0025891035646048903,0.007868053139510568,0.000575709185523585,0.00782047544024476,0.0014618238106152129,8.905740222217146e-05,0.0014389991537589394,0.0011310467558496744,9.790041689534673e-05,,,,,,,,,
6958.381930026266,0.0025830341925381288,0.007848689323529397,0.0005743039333377098,0.007795490111282137,0.001458049549086231,8.885104903055363e-05,0.0014321284701265403,0.0011274917464183963,9.767531158250947e-05,,,,,,,,,
6967.673533144978,0.0025769790482828006,0.007829373163221468,0.0005729021112407681,0.0077705846069629535,0.0014542850322679251,8.864517397594215e-05,0.0014252905914429557,0.0011239479107887263,9.74507238609499e-05,,,,,,,,,
6976.977543442462,0.0025709380984860874,0.007810104541302893,0.0005715037108602333,0.007745758672258555,0.0014505302350005644,8.843977595045477e-05,0.0014184853610767938,0.0011204152138401206,9.722665254055515e-05,,,,,,,,,
6986.293977486143,0.0025649113098733683,0.007790883340778466,0.0005701087238440171,0.00772101205295516,0.0014467851321893857,8.823485384877686e-05,0.001411712623144542,0.0011168936205624368,9.700309643394901e-05,,,,,,,,,
6995.622851865601,0.0025588986492480134,0.007771709444940875,0.0005687171418604158,0.007696344495651077,0.0014430496988044109,8.803040656815418e-05,0.001404972222506949,0.0011133830960555588,9.678005435648484e-05,,,,,,,,,
7004.9641831925355,0.00255290008349123,0.007752582737370094,0.0005673289565980653,0.0076717557477542645,0.0014393239098802928,8.782643300838835e-05,0.0013982640047655198,0.00110988360552908,9.655752512624048e-05,,,,,,,,,
7014.317988100859,0.002546915579561843,0.007733503101932529,0.0005659441597658851,0.007647245557479634,0.001435607740516135,8.762293207182954e-05,0.0013915878162589319,0.0011063951143019302,9.633550756401121e-05,,,,,,,,,
7023.684283246666,0.0025409451044961467,0.007714470422780488,0.0005645627430930377,0.007622813673846555,0.001431901165875343,8.741990266337198e-05,0.0013849435040595576,0.001102917587802059,9.611400049330389e-05,,,,,,,,,
7033.063085308321,0.002534988625407696,0.007695484584351321,0.0005631846983288674,0.007598459846676186,0.0014282041611854324,8.721734369044663e-05,0.0013783309159699226,0.0010994509915660676,9.589300274032973e-05,,,,,,,,,
7042.454410986432,0.0025290461094871547,0.007676545471366826,0.0005618100172428644,0.007574183826589053,0.0014245167017378955,8.701525406301674e-05,0.0013717499005192599,0.001095995291238889,9.567251313400024e-05,,,,,,,,,
7051.858277003932,0.0025231175240020822,0.007657652968832478,0.000560438691624602,0.007549985365002325,0.0014208387628880017,8.681363269357055e-05,0.001365200306959997,0.0010925504525734321,9.545253050591831e-05,,,,,,,,,
7061.274700106067,0.0025172028362967754,0.007638806962036777,0.0005590707132837002,0.007525864214127427,0.001417170320054665,8.661247849711665e-05,0.001358681985264342,0.0010891164414302509,9.523305369037409e-05,,,,,,,,,
7070.703697060441,0.002511302013792091,0.007620007336550561,0.0005577060740497683,0.007501820126967434,0.0014135113487202592,8.64117903911777e-05,0.001352194786120826,0.0010856932237772075,9.501408152433791e-05,,,,,,,,,
7080.145284657071,0.0025054150239852426,0.007601253978226234,0.0005563447657723576,0.00747785285731448,0.0014098618244304552,8.621156729578399e-05,0.0013457385609308744,0.0010822807656891216,9.479561284745428e-05,,,,,,,,,
7089.599479708363,0.0024995418344496484,0.007582546773197169,0.000554986780320918,0.00745396215974736,0.001406221722794074,8.601180813346889e-05,0.0013393131618054355,0.001078879033347452,9.457764650203599e-05,,,,,,,,,
7099.066299049204,0.002493682412834729,0.007563885607876932,0.0005536321095847392,0.007430147789628918,0.0014025910194828955,8.581251182926182e-05,0.0013329184415615523,0.0010754879930399476,9.436018133305687e-05,,,,,,,,,
7108.54575953693,0.0024878367268657622,0.007545270368958694,0.0005522807454729151,0.007406409503103616,0.0013989696902315298,8.561367731068316e-05,0.001326554253719029,0.0010721076111603245,9.414321618814799e-05,,,,,,,,,
7118.037878051417,0.0024820047443436547,0.007526700943414398,0.0005509326799142822,0.007382747057094943,0.001395357710837221,8.541530350773817e-05,0.0013202204524970407,0.001068737854207918,9.392674991758866e-05,,,,,,,,,
7127.542671495051,0.002476186433144823,0.007508177218494241,0.0005495879048573846,0.0073591602093030645,0.0013917550571597177,8.521738935291187e-05,0.0013139168928108316,0.0010653786887873725,9.37107813743028e-05,,,,,,,,,
7137.060156792818,0.0024703817612209676,0.007489699081725845,0.0005482464122704122,0.007335648718202168,0.0013881617051210795,8.50199337811621e-05,0.0013076434302683496,0.001062030081608284,9.349530941385084e-05,,,,,,,,,
7146.590350892273,0.0024645906965989287,0.007471266420913669,0.0005469081941411666,0.007312212343038177,0.0013845776307055485,8.48229357299152e-05,0.001301399921166983,0.0010586919994848977,9.328033289442599e-05,,,,,,,,,
7156.133270763633,0.0024588132073804854,0.007452879124138259,0.0005455732424770013,0.007288850843826098,0.0013810028099593605,8.462639413905887e-05,0.0012951862224902253,0.001055364409335752,9.306585067684555e-05,,,,,,,,,
7165.688933399745,0.002453049261742211,0.007434537079755659,0.0005442415493047823,0.0072655639813477444,0.0013774372189906052,8.443030795093789e-05,0.0012890021919044386,0.0010520472781833773,9.285186162454691e-05,,,,,,,,,
7175.257355816176,0.00244729882793526,0.007416240176396597,0.0005429131066708349,0.007242351517149113,0.0013738808339690519,8.423467611034698e-05,0.0012828476877555573,0.001048740573153944,9.26383646035806e-05,,,,,,,,,
7184.838555051192,0.002441561874285221,0.007397988302965955,0.0005415879066408997,0.007219213213538098,0.0013703336311260003,8.403949756452643e-05,0.0012767225690658757,0.0010454442614769555,9.24253584826045e-05,,,,,,,,,
7194.432548165811,0.002435838369191942,0.007379781348642025,0.0005402659413000863,0.007196148833581967,0.0013667955867541234,8.384477126315582e-05,0.001270626695530804,0.0010421583104849193,9.221284213287798e-05,,,,,,,,,
7204.0393522438535,0.0024301282811293313,0.007361619202875776,0.0005389472027528183,0.00717315814110491,0.0013632666772072902,8.365049615834789e-05,0.00126455992751564,0.00103888268761301,9.2000814428255e-05,,,,,,,,,
7213.658984391924,0.0024244315786452145,0.007343501755390324,0.0005376316831227978,0.007150240900685746,0.0013597468789004362,8.345667120464413e-05,0.0012585221260524022,0.0010356173603987705,9.178927424518025e-05,,,,,,,,,
7223.291461739499,0.0024187482303611343,0.007325428896180125,0.0005363193745529476,0.0071273968776553445,0.00135623616830938,8.326329535900772e-05,0.001252513152836612,0.0010323622964817647,9.157822046268048e-05,,,,,,,,,
7232.936801438899,0.002413078204972208,0.007307400515510406,0.0005350102692053718,0.0071046258380943975,0.0013527345219706837,8.307036758081938e-05,0.0012465328702241632,0.0010291174636032775,9.136765196236073e-05,,,,,,,,,
7242.595020665376,0.0024074214712469203,0.007289416503916427,0.0005337043592613037,0.007081927548830851,0.001349241916481484,8.287788683187047e-05,0.0012405811412281285,0.0010258828296059817,9.115756762839739e-05,,,,,,,,,
7252.266136617089,0.002401777998026982,0.007271476752202877,0.0005324016369210641,0.007059301777437686,0.0013457583284993463,8.268585207635815e-05,0.001234657829515658,0.0010226583624336292,9.094796634753266e-05,,,,,,,,,
7261.950166515189,0.0023961477542271317,0.0072535811514431465,0.0005311020944040093,0.0070367482922303725,0.0013422837347420971,8.249426228087943e-05,0.001228762799404829,0.0010194440301307202,9.073884700906796e-05,,,,,,,,,
7271.6471276037955,0.002390530708834996,0.007235729592978753,0.0005298057239484901,0.007014266862264667,0.0013388181119876853,8.230311641442636e-05,0.00122289591586156,0.001016239800842206,9.053020850485909e-05,,,,,,,,,
7281.357037150082,0.0023849268309108825,0.007217921968418579,0.0005285125178118001,0.006991857257334078,0.0013353614370740015,8.211241344837916e-05,0.0012170570444964928,0.00101304564281315,9.032204972930972e-05,,,,,,,,,
7291.079912444251,0.0023793360895876417,0.007200158169638301,0.000527222468270135,0.006969519247967653,0.0013319136868987548,8.19221523565022e-05,0.0012112460515619455,0.0010098615243884362,9.011436957936577e-05,,,,,,,,,
7300.815770799621,0.002373758454070468,0.007182438088779668,0.0005259355676185401,0.006947252605427528,0.0013284748384192854,8.173233211493702e-05,0.0012054628039488142,0.0010066874140124333,8.990716695450893e-05,,,,,,,,,
7310.564629552607,0.002368193893636762,0.007164761618249889,0.0005246518081708716,0.0069250571017066415,0.0013250448686524404,8.154295170219799e-05,0.0011997071691835514,0.0010035232802287025,8.970044075675168e-05,,,,,,,,,
7320.326506062775,0.0023626423776359354,0.00714712865072099,0.0005233711822597447,0.006902932509526411,0.0013216237546744016,8.135401009916638e-05,0.0011939790154251255,0.0010003690916796733,8.949418989063171e-05,,,,,,,,,
7330.101417712892,0.002357103875489244,0.007129539079129095,0.0005220936822364896,0.006880878602334304,0.001318211473620533,8.116550628908436e-05,0.0011882782114619808,0.0009972248171063293,8.928841326320445e-05,,,,,,,,,
7339.889381908907,0.002351578356689646,0.007111992796673851,0.0005208193004711076,0.00685889515430168,0.001314808002685244,8.097743925755063e-05,0.0011826046267090667,0.0009940904253479162,8.908310978403907e-05,,,,,,,,,
7349.690416080043,0.002346065790801587,0.007094489696817718,0.0005195480293522225,0.006836981940321302,0.0013114133191218097,8.078980799251369e-05,0.00117695813120481,0.000990965885341609,8.887827836521182e-05,,,,,,,,,
7359.504537678764,0.002340566147460887,0.007077029673285407,0.0005182798612870385,0.006815138736005206,0.0013080274002422515,8.060261148426773e-05,0.0011713385956081703,0.0009878511661222293,8.867391792130067e-05,,,,,,,,,
7369.331764180869,0.0023350793963745247,0.0070596126200631005,0.0005170147887012908,0.006793365317682236,0.0013046502234171518,8.0415848725446e-05,0.0011657458911956476,0.0009847462368219148,8.847002736937873e-05,,,,,,,,,
7379.172113085465,0.0023296055073205053,0.007042238431397968,0.0005157528040392067,0.006771661462395895,0.0013012817660755364,8.022951871101603e-05,0.0011601798898583661,0.0009816510666698318,8.826660562900971e-05,,,,,,,,,
7389.025601915051,0.0023241444501476676,0.0070249070017973855,0.0005144938997634507,0.006750026947901961,0.0012979220057046902,8.004362043827399e-05,0.001154640464099103,0.0009785656249918582,8.806365162224137e-05,,,,,,,,,
7398.892248215499,0.002318696194775548,0.00700761822602839,0.0005132380683550914,0.006728461552666282,0.001294570919850038,7.985815290683984e-05,0.0011491274870294064,0.0009754898812102894,8.786116427360025e-05,,,,,,,,,
7408.772069556138,0.0023132607111941805,0.006990371999116968,0.0005119853023135443,0.006706965055862449,0.0012912284861149696,7.967311511865088e-05,0.0011436408323666509,0.0009724238048435217,8.765914251008504e-05,,,,,,,,,
7418.665083529735,0.002307837969463955,0.006973168216347499,0.0005107355941565383,0.0066855372373695755,0.0012878946821607035,7.948850607795746e-05,0.0011381803744311748,0.0009693673655057668,8.745758526116268e-05,,,,,,,,,
7428.571307752547,0.0023024279397154536,0.0069560067732620506,0.0005094889364200638,0.006664177877770057,0.0012845694857061404,7.93043247913172e-05,0.0011327459881433932,0.0009663205329067421,8.725649145876106e-05,,,,,,,,,
7438.49075986438,0.0022970305921492635,0.006938887565659748,0.0005082453216583288,0.006642886758347231,0.0012812528745276947,7.912057026758907e-05,0.0011273375490209153,0.0009632832768513632,8.705586003726363e-05,,,,,,,,,
7448.4234575285645,0.0022916458970358403,0.006921810489596218,0.0005070047424437183,0.006621663661083287,0.0012779448264591752,7.893724151792928e-05,0.0011219549331757213,0.0009602555672394602,8.685568993350447e-05,,,,,,,,,
7458.369418432043,0.0022862738247153187,0.006904775441382827,0.0005057671913667445,0.006600508368656867,0.0012746453193916056,7.87543375557846e-05,0.0011165980173113003,0.0009572373740654662,8.665598008676217e-05,,,,,,,,,
7468.32866028535,0.002280914345597379,0.006887782317586201,0.0005045326610360096,0.0065794206644410064,0.0012713543312731074,7.857185739688842e-05,0.001111266678719846,0.0009542286674181305,8.645672943875437e-05,,,,,,,,,
7478.301200822697,0.0022755674301610514,0.0068708310150274645,0.0005033011440781521,0.006558400332500759,0.001268071840108726,7.838980005925403e-05,0.001105960795279423,0.0009512294174802091,8.625793693363152e-05,,,,,,,,,
7488.2870578019465,0.0022702330489545786,0.006853921430781712,0.0005020726331378143,0.006537447157591117,0.0012647978239603028,7.820816456317077e-05,0.0011006802454511988,0.0009482395945281874,8.605960151797238e-05,,,,,,,,,
7498.286249004703,0.002264911172595235,0.006837053462177313,0.0005008471208775857,0.006516560925154715,0.0012615322609463152,7.802694993119738e-05,0.0010954249082766273,0.0009452591689319638,8.586172214077767e-05,,,,,,,,,
7508.298792236285,0.0022596017717691906,0.0068202270067953446,0.0004996245999779719,0.006495741421319701,0.0012582751292417418,7.784615518815806e-05,0.0010901946633747083,0.0009422881111545791,8.56642977534649e-05,,,,,,,,,
7518.324705325818,0.0022543048172313086,0.006803441962468913,0.0004984050631373402,0.00647498843289746,0.001255026407077905,7.766577936113609e-05,0.0010849893909392015,0.0009393263917519014,8.54673273098619e-05,,,,,,,,,
7528.364006126204,0.0022490202798050333,0.00678669822728261,0.0004971885030718833,0.006454301747380562,0.0012517860727423375,7.748582147946921e-05,0.0010798089717359138,0.000936373981372353,8.527080976620323e-05,,,,,,,,,
7538.416712514212,0.0022437481303821862,0.0067699956995718015,0.0004959749125155707,0.006433681152940424,0.001248554104578624,7.730628057474415e-05,0.0010746532870999324,0.0009334308507566063,8.507474408112216e-05,,,,,,,,,
7548.482842390464,0.002238488339922832,0.006753334277922076,0.000494764284220109,0.006413126438425291,0.0012453304809862716,7.712715568079183e-05,0.0010695222189329402,0.0009304969707373017,8.487912921564715e-05,,,,,,,,,
7558.5624136794795,0.002233240879455116,0.006736713861168638,0.0004935566109548989,0.006392637393358002,0.0012421151804205537,7.694844583368186e-05,0.0010644156497004917,0.0009275723122387594,8.468396413319539e-05,,,,,,,,,
7568.655444329741,0.0022280057200750867,0.006720134348395597,0.0004923518855069854,0.006372213807933793,0.0012389081813923666,7.677015007171685e-05,0.0010593334624293147,0.000924656846276678,8.448924779956751e-05,,,,,,,,,
7578.761952313664,0.0022227828329465602,0.006703595638935499,0.0004911501006810257,0.006351855473018248,0.0012357094624680944,7.659226743542843e-05,0.0010542755407046574,0.0009217505439578691,8.429497918294232e-05,,,,,,,,,
7588.881955627693,0.0022175721893009396,0.006687097632368584,0.0004899512492992339,0.006331562180145074,0.0012325190022694544,7.641479696757072e-05,0.001049241768667587,0.000918853376479948,8.410115725387037e-05,,,,,,,,,
7599.015472292276,0.002212373760437082,0.006670640228522267,0.0004887553242013503,0.0063113337215140305,0.0012293367794733697,7.62377377131165e-05,0.0010442320310123717,0.0009159653151310669,8.390778098527052e-05,,,,,,,,,
7609.162520351951,0.002207187517721111,0.0066542233274704595,0.0004875623182445886,0.00629116988998872,0.0012261627728118035,7.606108871925082e-05,0.001039246212983805,0.000913086331289618,8.371484935242202e-05,,,,,,,,,
7619.323117875321,0.002202013432586284,0.0066378468295330536,0.0004863722243035996,0.006271070479094584,0.001222996961071646,7.588484903536706e-05,0.0010342842003746079,0.000910216396423959,8.352236133296109e-05,,,,,,,,,
7629.49728295515,0.002196851476532814,0.006621510635275184,0.0004851850352704248,0.00625103528301665,0.0012198393230945413,7.570901771306065e-05,0.0010293458795227843,0.0009073554820921184,8.33303159068739e-05,,,,,,,,,
7639.685033708326,0.002191701621127739,0.006605214645506778,0.0004840007440544572,0.006231064096597567,0.0012166898377767778,7.553359380612513e-05,0.001024431137309048,0.0009045035599415315,8.313871205649317e-05,,,,,,,,,
7649.886388275963,0.0021865638380047328,0.006588958761281823,0.0004828193435823956,0.006211156715335359,0.0012135484840691162,7.53585763705459e-05,0.001019539861154199,0.0009016606017087376,8.294754876649033e-05,,,,,,,,,
7660.1013648233675,0.0021814380988639773,0.00657274288389785,0.00048164082679820594,0.006191312935381482,0.0012104152409766775,7.518396446449632e-05,0.0010146719390165735,0.0008988265792191223,8.275682502387211e-05,,,,,,,,,
7670.329981540132,0.0021763243754719837,0.006556566914895273,0.0004804651866630747,0.006171532553538584,0.001207290087558779,7.500975714833155e-05,0.0010098272593894557,0.0008960014643866176,8.256653981797425e-05,,,,,,,,,
7680.572256640116,0.0021712226396614614,0.006540430756056859,0.00047929241615537267,0.006151815367258561,0.001204173002928808,7.483595348458404e-05,0.0010050057112985377,0.0008931852292134382,8.237669214045636e-05,,,,,,,,,
7690.8282083614995,0.0021661328633311426,0.006524334309407078,0.00047812250827060804,0.006132161174640404,0.0012010639662540842,7.466255253795883e-05,0.001000207184299377,0.0008903778457898019,8.218728098529671e-05,,,,,,,,,
7701.097854966838,0.0021610550184456285,0.006508277477211507,0.0004769554560213854,0.0061125697744281145,0.001197962956755702,7.448955337532752e-05,0.000995431568474849,0.0008875792862936413,8.199830534878606e-05,,,,,,,,,
7711.381214743045,0.002155989077035255,0.0064922601619762845,0.000475791252437367,0.0060930409660087444,0.0011948699537084194,7.431695506572446e-05,0.0009906787544326561,0.0008847895229903476,8.180976422952424e-05,,,,,,,,,
7721.678306001483,0.0021509350111959106,0.006476282266447452,0.0004746298905652269,0.006073574549410202,0.0011917849364404902,7.414475668034054e-05,0.0009859486333027951,0.0008820085282324742,8.162165662841243e-05,,,,,,,,,
7731.989147077932,0.002145892793088906,0.006460343693610447,0.00047347136346861365,0.0060541703252993545,0.0011887078843335534,7.397295729251935e-05,0.0009812410967350912,0.0008792362744594845,8.143398154864975e-05,,,,,,,,,
7742.313756332691,0.002140862394940802,0.006444444346689422,0.0004723156642281043,0.0060348280949798355,0.0011856387768224728,7.380155597775099e-05,0.000976556036896685,0.0008764727341974579,8.124673799572711e-05,,,,,,,,,
7752.652152150541,0.0021358437890432822,0.00642858412914673,0.0004711627859411694,0.006015547660390159,0.0011825775933952147,7.363055181366839e-05,0.0009718933464695951,0.0008737178800588345,8.10599249774223e-05,,,,,,,,,
7763.004352940848,0.0021308369477529595,0.006412762944682288,0.0004700127217221228,0.005996328824101545,0.0011795243135927006,7.345994388004102e-05,0.0009672529186482285,0.0008709716847421326,8.087354150379406e-05,,,,,,,,,
7773.370377137523,0.0021258418434912736,0.006396980697233039,0.0004688654647020911,0.005977171389316045,0.0011764789170086796,7.328973125877124e-05,0.0009626346471369614,0.000868234121031686,8.068758658717783e-05,,,,,,,,,
7783.750243199129,0.0021208584487442963,0.006381237290972308,0.00046772100802896187,0.005958075159864384,0.0011734413832895827,7.31199130338881e-05,0.0009580384261476797,0.000865505161797364,8.050205924217984e-05,,,,,,,,,
7794.143969608843,0.002115886736062607,0.006365532630309313,0.0004665793448673533,0.005939039940204069,0.0011704116921343966,7.29504882915436e-05,0.0009534641503973824,0.0008627847799943182,8.031695848567223e-05,,,,,,,,,
7804.551574874553,0.0021109266780611233,0.006349866619888453,0.00046544046839856285,0.005920065535417311,0.0011673898232945161,7.278145612000667e-05,0.0009489117151057399,0.000860072948662695,8.013228333678704e-05,,,,,,,,,
7814.97307752884,0.0021059782474189695,0.006334239164588862,0.0004643043718205362,0.005901151751209062,0.0011643757565736235,7.261281560965932e-05,0.0009443810159927223,0.0008573696409273874,7.994803281691261e-05,,,,,,,,,
7825.40849612903,0.002101041416879311,0.006318650169523774,0.0004631710483478204,0.005882298393905051,0.0011613694718275419,7.24445658529908e-05,0.0009398719492761951,0.0008546748299977564,7.976420594968694e-05,,,,,,,,,
7835.857849257252,0.0020961161592492005,0.006303099540039887,0.00046204049121152386,0.005863505270449704,0.0011583709489641017,7.227670594459316e-05,0.0009353844116695357,0.0008519884891673676,7.958080176099269e-05,,,,,,,,,
7846.321155520419,0.002091202447399453,0.00628758718171692,0.00046091269365928085,0.005844772188404306,0.0011553801679430142,7.210923498115676e-05,0.0009309183003792913,0.0008493105918137316,7.939781927895282e-05,,,,,,,,,
7856.798433550317,0.0020863002542644634,0.0062721130003669115,0.0004597876489552024,0.005826098955944887,0.001152397108775726,7.194215206146444e-05,0.000926473513102795,0.0008466411113980304,7.92152575339248e-05,,,,,,,,,
7867.289702003584,0.0020814095528420844,0.006256676902033738,0.0004586653503798469,0.005807485381860395,0.0011494217515253015,7.177545628638778e-05,0.0009220499480258483,0.0008439800214648696,7.90331155584958e-05,,,,,,,,,
7877.7949795618015,0.0020765303161934577,0.006241278792992475,0.00045754579123016863,0.005788931275550604,0.0011464540763062674,7.160914675888117e-05,0.0009176475038203692,0.000841327295641997,7.885139238747685e-05,,,,,,,,,
7888.314284931462,0.002071662517442889,0.006225918579748915,0.0004564289648194884,0.005770436447024298,0.001143494063284506,7.14432225839781e-05,0.0009132660796420874,0.0008386829076400615,7.867008705789883e-05,,,,,,,,,
7898.8476368440715,0.0020668061297776713,0.006210596169038873,0.000455314864477445,0.005752000706897192,0.001140541692677095,7.127768286878517e-05,0.0009089055751282158,0.0008360468312523331,7.848919860900659e-05,,,,,,,,,
7909.395054056115,0.002061961126447962,0.006195311467827765,0.0004542034835499612,0.005733623866390104,0.0011375969447522038,7.11125267224785e-05,0.0009045658903951754,0.0008334190403544596,7.830872608225425e-05,,,,,,,,,
7919.956555349157,0.0020571274807666155,0.00618006438330992,0.0004530948153991999,0.0057153057373269455,0.0011346597998289326,7.09477532562977e-05,0.0009002469260362808,0.000830799508904196,7.812866852129931e-05,,,,,,,,,
7930.532159529807,0.002052305166109063,0.006164854822908101,0.0004519888534035282,0.005697046132132856,0.0011317302382772084,7.078336158354234e-05,0.0008959485831194876,0.0008281882109411557,7.79490249719993e-05,,,,,,,,,
7941.121885429822,0.0020474941559131253,0.006149682694272876,0.00045088559095747414,0.0056788448638322,0.0011288082405176317,7.06193508195659e-05,0.0008916707631851039,0.0008255851205865415,7.776979448240457e-05,,,,,,,,,
7951.725751906078,0.00204269442367891,0.006134547905282133,0.00044978502147169,0.005660701746046754,0.0011258937870213582,7.045572008177214e-05,0.0008874133682435553,0.0008229902120429031,7.759097610275492e-05,,,,,,,,,
7962.343777840633,0.0020379059429686446,0.006119450364040456,0.0004486871383729139,0.005642616592993742,0.0011229868583099694,7.029246848960986e-05,0.0008831763007731317,0.0008204034595938744,7.741256888547381e-05,,,,,,,,,
7972.9759821407815,0.002033128687406514,0.006104389978878579,0.0004475919351039241,0.005624589219483891,0.001120087434955326,7.012959516456788e-05,0.0008789594637177424,0.0008178248376039122,7.72345718851635e-05,,,,,,,,,
7983.6223837390335,0.002028362630678556,0.006089366658352865,0.0004464994051235094,0.005606619440919649,0.0011171954975794643,6.996709923017071e-05,0.000874762760484715,0.0008152543205180555,7.705698415860018e-05,,,,,,,,,
7994.283001593211,0.002023607746532476,0.006074380311244696,0.00044540954190642145,0.005588707073293162,0.001114311026854438,6.980497981197366e-05,0.0008705860949425596,0.0008126918828616612,7.687980476472819e-05,,,,,,,,,
8004.95785468642,0.0020188640087775325,0.00605943084655999,0.0004443223389433418,0.005570851933184505,0.0011114340035022164,6.964323603755855e-05,0.0008664293714187915,0.0008101374992401601,7.670303276465677e-05,,,,,,,,,
8015.646962027147,0.002014131391284368,0.006044518173528568,0.00044323778974083867,0.005553053837759723,0.0011085644082945328,6.948186703652813e-05,0.0008622924946977122,0.0008075911443387944,7.652666722165288e-05,,,,,,,,,
8026.350342649226,0.002009409867984892,0.00602964220160367,0.0004421558878213321,0.00553531260476902,0.001105702222052772,6.932087194050247e-05,0.000858175370018257,0.0008050527929223824,7.635070720113813e-05,,,,,,,,,
8037.068015611942,0.0020046994128721097,0.006014802840461356,0.00044107662672305127,0.005517628052544817,0.001102847425647831,6.916024988311325e-05,0.0008540779030717961,0.0008025224198350499,7.617515177068225e-05,,,,,,,,,
8047.799999999997,0.0020000000000000005,0.006000000000000003,0.00044,0.005499999999999998,0.0010999999999999996,6.900000000000005e-05,0.0008500000000000003,0.0008000000000000004,7.6e-05,,,,,,,,,
